instance,class,machines,jobs,algorithm,solver,farkas,replication,iterations,lb,ub,gap,obj,redcost,basis,cols,rmptime,cgtime,time,lpiters,lpiters_per_second,lpiters_per_column,has_integer,timeout,params,last
a05100.json.gz,a,5,100,Dantzig,highs,DantzigFarkas,1,59,1697.7272727272727,inf,,2990.962387497194,,105,290,0.109221,0.021869,0.138738,3602,32979.00586883475,12.420689655172414,0,0,"{timeout:600,max_col_multiplier:1,age_limit:34,random_seed:0,replication:1,num_threads:128,set_partition:true}",-1
a05100.json.gz,a,5,100,Dantzig,highs,DantzigFarkas,1,59,1697.7272727272727,inf,nan,2990.962387497194,0,105,290,0.109221,0.021869,0.138746,3602,32979.00586883475,0.21052016364699006,0,0,"{timeout:600,max_col_multiplier:1,age_limit:34,random_seed:0,replication:1,num_threads:128,set_partition:true}",1
a05100.json.gz,a,5,100,Dantzig,highs,DantzigFarkas,2,73,1697.7272727272727,inf,,3025.4607882302234,,105,360,0.136718,0.022595,0.166647,4268,31217.542679091268,11.855555555555556,0,0,"{timeout:600,max_col_multiplier:1,age_limit:34,random_seed:1,replication:2,num_threads:128,set_partition:true}",-1
a05100.json.gz,a,5,100,Dantzig,highs,DantzigFarkas,2,73,1697.7272727272727,inf,nan,3025.4607882302234,0,105,360,0.136718,0.022595,0.166655,4268,31217.542679091268,0.1624048706240487,0,0,"{timeout:600,max_col_multiplier:1,age_limit:34,random_seed:1,replication:2,num_threads:128,set_partition:true}",1
a05100.json.gz,a,5,100,Dantzig,highs,DantzigFarkas,3,73,1697.7272727272727,inf,,2967.738333739253,,105,360,0.143821,0.020271,0.173623,4112,28591.095876123793,11.422222222222222,0,0,"{timeout:600,max_col_multiplier:1,age_limit:34,random_seed:2,replication:3,num_threads:128,set_partition:true}",-1
a05100.json.gz,a,5,100,Dantzig,highs,DantzigFarkas,3,73,1697.7272727272727,inf,nan,2967.738333739253,0,105,360,0.143821,0.020271,0.173632,4112,28591.095876123793,0.15646879756468798,0,0,"{timeout:600,max_col_multiplier:1,age_limit:34,random_seed:2,replication:3,num_threads:128,set_partition:true}",1
a05100.json.gz,a,5,100,Dantzig,highs,DantzigFarkas,4,66,1697.7272727272727,inf,,3045.1722147992255,,105,325,0.113933,0.017954,0.137981,3772,33107.1770250937,11.606153846153846,0,0,"{timeout:600,max_col_multiplier:1,age_limit:34,random_seed:3,replication:4,num_threads:128,set_partition:true}",-1
a05100.json.gz,a,5,100,Dantzig,highs,DantzigFarkas,4,66,1697.7272727272727,inf,nan,3045.1722147992255,0,105,325,0.113933,0.017954,0.137992,3772,33107.1770250937,0.17585081585081586,0,0,"{timeout:600,max_col_multiplier:1,age_limit:34,random_seed:3,replication:4,num_threads:128,set_partition:true}",1
a05100.json.gz,a,5,100,Dantzig,highs,DantzigFarkas,5,56,1697.7272727272727,inf,,2978.66204391828,,105,275,0.084914,0.016437,0.106641,3483,41017.971123725176,12.665454545454546,0,0,"{timeout:600,max_col_multiplier:1,age_limit:34,random_seed:4,replication:5,num_threads:128,set_partition:true}",-1
a05100.json.gz,a,5,100,Dantzig,highs,DantzigFarkas,5,56,1697.7272727272727,inf,nan,2978.66204391828,0,105,275,0.084914,0.016437,0.106648,3483,41017.971123725176,0.22616883116883119,0,0,"{timeout:600,max_col_multiplier:1,age_limit:34,random_seed:4,replication:5,num_threads:128,set_partition:true}",1
a05100.json.gz,a,5,100,LagrangeTemplate,highs,LTFarkas,1,2,1697.7272727272727,1698,,1698,,5,5,0.001085,0.000983,0.005719,139,128110.59907834101,27.8,1,0,"{timeout:600,max_col_multiplier:1,age_limit:2,random_seed:0,replication:1,num_threads:128,set_partition:true}",-1
a05100.json.gz,a,5,100,LagrangeTemplate,highs,LTFarkas,1,2,1697.7272727272727,1698,0,1698,0,5,5,0.001085,0.000983,0.005726,139,128110.59907834101,13.9,1,0,"{timeout:600,max_col_multiplier:1,age_limit:2,random_seed:0,replication:1,num_threads:128,set_partition:true}",2
a05100.json.gz,a,5,100,LagrangeTemplate,highs,LTFarkas,1,2,1697.7272727272727,1698,0,1698,0,5,5,0.001085,0.000983,0.005726,139,128110.59907834101,13.9,1,0,"{timeout:600,max_col_multiplier:1,age_limit:2,random_seed:0,replication:1,num_threads:128,set_partition:true}",1
a05100.json.gz,a,5,100,LagrangeTemplate,highs,LTFarkas,2,2,1697.7272727272727,1698,,1698,,5,5,0.000404,0.000574,0.002395,137,339108.9108910891,27.4,1,0,"{timeout:600,max_col_multiplier:1,age_limit:2,random_seed:1,replication:2,num_threads:128,set_partition:true}",-1
a05100.json.gz,a,5,100,LagrangeTemplate,highs,LTFarkas,2,2,1697.7272727272727,1698,0,1698,0,5,5,0.000404,0.000574,0.002402,137,339108.9108910891,13.7,1,0,"{timeout:600,max_col_multiplier:1,age_limit:2,random_seed:1,replication:2,num_threads:128,set_partition:true}",2
a05100.json.gz,a,5,100,LagrangeTemplate,highs,LTFarkas,2,2,1697.7272727272727,1698,0,1698,0,5,5,0.000404,0.000574,0.002402,137,339108.9108910891,13.7,1,0,"{timeout:600,max_col_multiplier:1,age_limit:2,random_seed:1,replication:2,num_threads:128,set_partition:true}",1
a05100.json.gz,a,5,100,LagrangeTemplate,highs,LTFarkas,3,2,1697.7272727272727,1698,,1698,,5,5,0.000402,0.000498,0.00232,138,343283.58208955225,27.6,1,0,"{timeout:600,max_col_multiplier:1,age_limit:2,random_seed:2,replication:3,num_threads:128,set_partition:true}",-1
a05100.json.gz,a,5,100,LagrangeTemplate,highs,LTFarkas,3,2,1697.7272727272727,1698,0,1698,0,5,5,0.000402,0.000498,0.002328,138,343283.58208955225,13.8,1,0,"{timeout:600,max_col_multiplier:1,age_limit:2,random_seed:2,replication:3,num_threads:128,set_partition:true}",2
a05100.json.gz,a,5,100,LagrangeTemplate,highs,LTFarkas,3,2,1697.7272727272727,1698,0,1698,0,5,5,0.000402,0.000498,0.002328,138,343283.58208955225,13.8,1,0,"{timeout:600,max_col_multiplier:1,age_limit:2,random_seed:2,replication:3,num_threads:128,set_partition:true}",1
a05100.json.gz,a,5,100,LagrangeTemplate,highs,LTFarkas,4,2,1697.7272727272727,1698,,1698,,5,5,0.000413,0.000545,0.002393,130,314769.97578692494,26,1,0,"{timeout:600,max_col_multiplier:1,age_limit:2,random_seed:3,replication:4,num_threads:128,set_partition:true}",-1
a05100.json.gz,a,5,100,LagrangeTemplate,highs,LTFarkas,4,2,1697.7272727272727,1698,0,1698,0,5,5,0.000413,0.000545,0.002401,130,314769.97578692494,13,1,0,"{timeout:600,max_col_multiplier:1,age_limit:2,random_seed:3,replication:4,num_threads:128,set_partition:true}",2
a05100.json.gz,a,5,100,LagrangeTemplate,highs,LTFarkas,4,2,1697.7272727272727,1698,0,1698,0,5,5,0.000413,0.000545,0.002401,130,314769.97578692494,13,1,0,"{timeout:600,max_col_multiplier:1,age_limit:2,random_seed:3,replication:4,num_threads:128,set_partition:true}",1
a05100.json.gz,a,5,100,LagrangeTemplate,highs,LTFarkas,5,2,1697.7272727272727,1698,,1698,,5,5,0.000371,0.000951,0.00281,131,353099.730458221,26.2,1,0,"{timeout:600,max_col_multiplier:1,age_limit:2,random_seed:4,replication:5,num_threads:128,set_partition:true}",-1
a05100.json.gz,a,5,100,LagrangeTemplate,highs,LTFarkas,5,2,1697.7272727272727,1698,0,1698,0,5,5,0.000371,0.000951,0.002815,131,353099.730458221,13.1,1,0,"{timeout:600,max_col_multiplier:1,age_limit:2,random_seed:4,replication:5,num_threads:128,set_partition:true}",2
a05100.json.gz,a,5,100,LagrangeTemplate,highs,LTFarkas,5,2,1697.7272727272727,1698,0,1698,0,5,5,0.000371,0.000951,0.002815,131,353099.730458221,13.1,1,0,"{timeout:600,max_col_multiplier:1,age_limit:2,random_seed:4,replication:5,num_threads:128,set_partition:true}",1
a05100.json.gz,a,5,100,MipTemplate,highs,MTFarkas,1,2,1697.7272727272727,1698,,1698,,5,5,0.000697,0.002945,0.008787,139,199426.1119081779,27.8,1,0,"{timeout:600,max_col_multiplier:1,age_limit:2,random_seed:0,replication:1,num_threads:128,set_partition:true}",-1
a05100.json.gz,a,5,100,MipTemplate,highs,MTFarkas,1,2,1697.7272727272727,1698,0,1698,0,5,5,0.000697,0.002945,0.008793,139,199426.1119081779,13.9,1,0,"{timeout:600,max_col_multiplier:1,age_limit:2,random_seed:0,replication:1,num_threads:128,set_partition:true}",2
a05100.json.gz,a,5,100,MipTemplate,highs,MTFarkas,1,2,1697.7272727272727,1698,0,1698,0,5,5,0.000697,0.002945,0.008793,139,199426.1119081779,13.9,1,0,"{timeout:600,max_col_multiplier:1,age_limit:2,random_seed:0,replication:1,num_threads:128,set_partition:true}",1
a05100.json.gz,a,5,100,MipTemplate,highs,MTFarkas,2,2,1697.7272727272727,1698,,1698,,5,5,0.00064,0.001279,0.006305,137,214062.49999999997,27.4,1,0,"{timeout:600,max_col_multiplier:1,age_limit:2,random_seed:1,replication:2,num_threads:128,set_partition:true}",-1
a05100.json.gz,a,5,100,MipTemplate,highs,MTFarkas,2,2,1697.7272727272727,1698,0,1698,0,5,5,0.00064,0.001279,0.006319,137,214062.49999999997,13.7,1,0,"{timeout:600,max_col_multiplier:1,age_limit:2,random_seed:1,replication:2,num_threads:128,set_partition:true}",2
a05100.json.gz,a,5,100,MipTemplate,highs,MTFarkas,2,2,1697.7272727272727,1698,0,1698,0,5,5,0.00064,0.001279,0.00632,137,214062.49999999997,13.7,1,0,"{timeout:600,max_col_multiplier:1,age_limit:2,random_seed:1,replication:2,num_threads:128,set_partition:true}",1
a05100.json.gz,a,5,100,MipTemplate,highs,MTFarkas,3,2,1697.7272727272727,1698,,1698,,5,5,0.000684,0.001123,0.006288,138,201754.38596491228,27.6,1,0,"{timeout:600,max_col_multiplier:1,age_limit:2,random_seed:2,replication:3,num_threads:128,set_partition:true}",-1
a05100.json.gz,a,5,100,MipTemplate,highs,MTFarkas,3,2,1697.7272727272727,1698,0,1698,0,5,5,0.000684,0.001123,0.006294,138,201754.38596491228,13.8,1,0,"{timeout:600,max_col_multiplier:1,age_limit:2,random_seed:2,replication:3,num_threads:128,set_partition:true}",2
a05100.json.gz,a,5,100,MipTemplate,highs,MTFarkas,3,2,1697.7272727272727,1698,0,1698,0,5,5,0.000684,0.001123,0.006294,138,201754.38596491228,13.8,1,0,"{timeout:600,max_col_multiplier:1,age_limit:2,random_seed:2,replication:3,num_threads:128,set_partition:true}",1
a05100.json.gz,a,5,100,MipTemplate,highs,MTFarkas,4,2,1697.7272727272727,1698,,1698,,5,5,0.000384,0.001014,0.003993,130,338541.6666666667,26,1,0,"{timeout:600,max_col_multiplier:1,age_limit:2,random_seed:3,replication:4,num_threads:128,set_partition:true}",-1
a05100.json.gz,a,5,100,MipTemplate,highs,MTFarkas,4,2,1697.7272727272727,1698,0,1698,0,5,5,0.000384,0.001014,0.004002,130,338541.6666666667,13,1,0,"{timeout:600,max_col_multiplier:1,age_limit:2,random_seed:3,replication:4,num_threads:128,set_partition:true}",2
a05100.json.gz,a,5,100,MipTemplate,highs,MTFarkas,4,2,1697.7272727272727,1698,0,1698,0,5,5,0.000384,0.001014,0.004002,130,338541.6666666667,13,1,0,"{timeout:600,max_col_multiplier:1,age_limit:2,random_seed:3,replication:4,num_threads:128,set_partition:true}",1
a05100.json.gz,a,5,100,MipTemplate,highs,MTFarkas,5,2,1697.7272727272727,1698,,1698,,5,5,0.000658,0.001217,0.006008,131,199088.14589665656,26.2,1,0,"{timeout:600,max_col_multiplier:1,age_limit:2,random_seed:4,replication:5,num_threads:128,set_partition:true}",-1
a05100.json.gz,a,5,100,MipTemplate,highs,MTFarkas,5,2,1697.7272727272727,1698,0,1698,0,5,5,0.000658,0.001217,0.006022,131,199088.14589665656,13.1,1,0,"{timeout:600,max_col_multiplier:1,age_limit:2,random_seed:4,replication:5,num_threads:128,set_partition:true}",2
a05100.json.gz,a,5,100,MipTemplate,highs,MTFarkas,5,2,1697.7272727272727,1698,0,1698,0,5,5,0.000658,0.001217,0.006022,131,199088.14589665656,13.1,1,0,"{timeout:600,max_col_multiplier:1,age_limit:2,random_seed:4,replication:5,num_threads:128,set_partition:true}",1
a05200.json.gz,a,5,200,Dantzig,highs,DantzigFarkas,1,94,3234.7391304347825,inf,,5891.325574529176,,204,465,1.11232,0.030468,1.175577,14691,13207.530207134638,31.593548387096774,0,0,"{timeout:600,max_col_multiplier:1,age_limit:132,random_seed:0,replication:1,num_threads:128,set_partition:true}",-1
a05200.json.gz,a,5,200,Dantzig,highs,DantzigFarkas,1,94,3234.7391304347825,inf,nan,5891.325574529176,0,204,465,1.11232,0.030468,1.175589,14691,13207.530207134638,0.3361015785861359,0,0,"{timeout:600,max_col_multiplier:1,age_limit:132,random_seed:0,replication:1,num_threads:128,set_partition:true}",1
a05200.json.gz,a,5,200,Dantzig,highs,DantzigFarkas,2,152,3234.7391304347825,inf,,5913.022387179245,,205,755,3.497073,0.048872,3.622834,24393,6975.261883294973,32.30860927152318,0,0,"{timeout:600,max_col_multiplier:1,age_limit:132,random_seed:1,replication:2,num_threads:128,set_partition:true}",-1
a05200.json.gz,a,5,200,Dantzig,highs,DantzigFarkas,2,152,3234.7391304347825,inf,nan,5913.022387179245,0,205,755,3.497073,0.048872,3.622841,24393,6975.261883294973,0.21255663994423146,0,0,"{timeout:600,max_col_multiplier:1,age_limit:132,random_seed:1,replication:2,num_threads:128,set_partition:true}",1
a05200.json.gz,a,5,200,Dantzig,highs,DantzigFarkas,3,84,3234.7391304347825,inf,,5873.089810892909,,204,415,0.988784,0.027855,1.051299,13225,13375.01415880516,31.867469879518072,0,0,"{timeout:600,max_col_multiplier:1,age_limit:132,random_seed:2,replication:3,num_threads:128,set_partition:true}",-1
a05200.json.gz,a,5,200,Dantzig,highs,DantzigFarkas,3,84,3234.7391304347825,inf,nan,5873.089810892909,0,204,415,0.988784,0.027855,1.051306,13225,13375.01415880516,0.37937464142283417,0,0,"{timeout:600,max_col_multiplier:1,age_limit:132,random_seed:2,replication:3,num_threads:128,set_partition:true}",1
a05200.json.gz,a,5,200,Dantzig,highs,DantzigFarkas,4,111,3234.7391304347825,inf,,5813.412260341533,,205,550,1.574654,0.035551,1.654658,17567,11156.101594382004,31.94,0,0,"{timeout:600,max_col_multiplier:1,age_limit:132,random_seed:3,replication:4,num_threads:128,set_partition:true}",-1
a05200.json.gz,a,5,200,Dantzig,highs,DantzigFarkas,4,111,3234.7391304347825,inf,nan,5813.412260341533,0,205,550,1.574654,0.035551,1.654669,17567,11156.101594382004,0.28774774774774775,0,0,"{timeout:600,max_col_multiplier:1,age_limit:132,random_seed:3,replication:4,num_threads:128,set_partition:true}",1
a05200.json.gz,a,5,200,Dantzig,highs,DantzigFarkas,5,82,3234.7391304347825,inf,,5922.9271228074895,,205,405,1.012972,0.026845,1.072304,13641,13466.314962308928,33.681481481481484,0,0,"{timeout:600,max_col_multiplier:1,age_limit:132,random_seed:4,replication:5,num_threads:128,set_partition:true}",-1
a05200.json.gz,a,5,200,Dantzig,highs,DantzigFarkas,5,82,3234.7391304347825,inf,nan,5922.9271228074895,0,205,405,1.012972,0.026845,1.072315,13641,13466.314962308928,0.41074977416440833,0,0,"{timeout:600,max_col_multiplier:1,age_limit:132,random_seed:4,replication:5,num_threads:128,set_partition:true}",1
a05200.json.gz,a,5,200,LagrangeTemplate,highs,LTFarkas,1,2,3234.7391304347825,3235,,3235,,5,5,0.00138,0.000899,0.007958,287,207971.01449275363,57.4,1,0,"{timeout:600,max_col_multiplier:1,age_limit:4,random_seed:0,replication:1,num_threads:128,set_partition:true}",-1
a05200.json.gz,a,5,200,LagrangeTemplate,highs,LTFarkas,1,2,3234.7391304347825,3235,0,3235,0,5,5,0.00138,0.000899,0.007964,287,207971.01449275363,28.7,1,0,"{timeout:600,max_col_multiplier:1,age_limit:4,random_seed:0,replication:1,num_threads:128,set_partition:true}",2
a05200.json.gz,a,5,200,LagrangeTemplate,highs,LTFarkas,1,2,3234.7391304347825,3235,0,3235,0,5,5,0.00138,0.000899,0.007964,287,207971.01449275363,28.7,1,0,"{timeout:600,max_col_multiplier:1,age_limit:4,random_seed:0,replication:1,num_threads:128,set_partition:true}",1
a05200.json.gz,a,5,200,LagrangeTemplate,highs,LTFarkas,2,2,3234.7391304347825,3235,,3235,,5,5,0.000897,0.000543,0.003794,277,308807.1348940914,55.4,1,0,"{timeout:600,max_col_multiplier:1,age_limit:4,random_seed:1,replication:2,num_threads:128,set_partition:true}",-1
a05200.json.gz,a,5,200,LagrangeTemplate,highs,LTFarkas,2,2,3234.7391304347825,3235,0,3235,0,5,5,0.000897,0.000543,0.003799,277,308807.1348940914,27.7,1,0,"{timeout:600,max_col_multiplier:1,age_limit:4,random_seed:1,replication:2,num_threads:128,set_partition:true}",2
a05200.json.gz,a,5,200,LagrangeTemplate,highs,LTFarkas,2,2,3234.7391304347825,3235,0,3235,0,5,5,0.000897,0.000543,0.003799,277,308807.1348940914,27.7,1,0,"{timeout:600,max_col_multiplier:1,age_limit:4,random_seed:1,replication:2,num_threads:128,set_partition:true}",1
a05200.json.gz,a,5,200,LagrangeTemplate,highs,LTFarkas,3,2,3234.7391304347825,3235,,3235,,5,5,0.001027,0.000449,0.003935,280,272638.7536514119,56,1,0,"{timeout:600,max_col_multiplier:1,age_limit:4,random_seed:2,replication:3,num_threads:128,set_partition:true}",-1
a05200.json.gz,a,5,200,LagrangeTemplate,highs,LTFarkas,3,2,3234.7391304347825,3235,0,3235,0,5,5,0.001027,0.000449,0.00394,280,272638.7536514119,28,1,0,"{timeout:600,max_col_multiplier:1,age_limit:4,random_seed:2,replication:3,num_threads:128,set_partition:true}",2
a05200.json.gz,a,5,200,LagrangeTemplate,highs,LTFarkas,3,2,3234.7391304347825,3235,0,3235,0,5,5,0.001027,0.000449,0.00394,280,272638.7536514119,28,1,0,"{timeout:600,max_col_multiplier:1,age_limit:4,random_seed:2,replication:3,num_threads:128,set_partition:true}",1
a05200.json.gz,a,5,200,LagrangeTemplate,highs,LTFarkas,4,2,3234.7391304347825,3235,,3235,,5,5,0.000917,0.000465,0.003861,282,307524.53653217014,56.4,1,0,"{timeout:600,max_col_multiplier:1,age_limit:4,random_seed:3,replication:4,num_threads:128,set_partition:true}",-1
a05200.json.gz,a,5,200,LagrangeTemplate,highs,LTFarkas,4,2,3234.7391304347825,3235,0,3235,0,5,5,0.000917,0.000465,0.003866,282,307524.53653217014,28.2,1,0,"{timeout:600,max_col_multiplier:1,age_limit:4,random_seed:3,replication:4,num_threads:128,set_partition:true}",2
a05200.json.gz,a,5,200,LagrangeTemplate,highs,LTFarkas,4,2,3234.7391304347825,3235,0,3235,0,5,5,0.000917,0.000465,0.003866,282,307524.53653217014,28.2,1,0,"{timeout:600,max_col_multiplier:1,age_limit:4,random_seed:3,replication:4,num_threads:128,set_partition:true}",1
a05200.json.gz,a,5,200,LagrangeTemplate,highs,LTFarkas,5,2,3234.7391304347825,3235,,3235,,5,5,0.001518,0.000781,0.004685,281,185111.98945981555,56.2,1,0,"{timeout:600,max_col_multiplier:1,age_limit:4,random_seed:4,replication:5,num_threads:128,set_partition:true}",-1
a05200.json.gz,a,5,200,LagrangeTemplate,highs,LTFarkas,5,2,3234.7391304347825,3235,0,3235,0,5,5,0.001518,0.000781,0.004695,281,185111.98945981555,28.1,1,0,"{timeout:600,max_col_multiplier:1,age_limit:4,random_seed:4,replication:5,num_threads:128,set_partition:true}",2
a05200.json.gz,a,5,200,LagrangeTemplate,highs,LTFarkas,5,2,3234.7391304347825,3235,0,3235,0,5,5,0.001518,0.000781,0.004696,281,185111.98945981555,28.1,1,0,"{timeout:600,max_col_multiplier:1,age_limit:4,random_seed:4,replication:5,num_threads:128,set_partition:true}",1
a05200.json.gz,a,5,200,MipTemplate,highs,MTFarkas,1,2,3234.7391304347825,3235,,3235,,5,5,0.001329,0.001999,0.006755,287,215951.84349134687,57.4,1,0,"{timeout:600,max_col_multiplier:1,age_limit:4,random_seed:0,replication:1,num_threads:128,set_partition:true}",-1
a05200.json.gz,a,5,200,MipTemplate,highs,MTFarkas,1,2,3234.7391304347825,3235,0,3235,0,5,5,0.001329,0.001999,0.00676,287,215951.84349134687,28.7,1,0,"{timeout:600,max_col_multiplier:1,age_limit:4,random_seed:0,replication:1,num_threads:128,set_partition:true}",2
a05200.json.gz,a,5,200,MipTemplate,highs,MTFarkas,1,2,3234.7391304347825,3235,0,3235,0,5,5,0.001329,0.001999,0.00676,287,215951.84349134687,28.7,1,0,"{timeout:600,max_col_multiplier:1,age_limit:4,random_seed:0,replication:1,num_threads:128,set_partition:true}",1
a05200.json.gz,a,5,200,MipTemplate,highs,MTFarkas,2,2,3234.7391304347825,3235,,3235,,5,5,0.000905,0.001327,0.005129,277,306077.34806629835,55.4,1,0,"{timeout:600,max_col_multiplier:1,age_limit:4,random_seed:1,replication:2,num_threads:128,set_partition:true}",-1
a05200.json.gz,a,5,200,MipTemplate,highs,MTFarkas,2,2,3234.7391304347825,3235,0,3235,0,5,5,0.000905,0.001327,0.005136,277,306077.34806629835,27.7,1,0,"{timeout:600,max_col_multiplier:1,age_limit:4,random_seed:1,replication:2,num_threads:128,set_partition:true}",2
a05200.json.gz,a,5,200,MipTemplate,highs,MTFarkas,2,2,3234.7391304347825,3235,0,3235,0,5,5,0.000905,0.001327,0.005136,277,306077.34806629835,27.7,1,0,"{timeout:600,max_col_multiplier:1,age_limit:4,random_seed:1,replication:2,num_threads:128,set_partition:true}",1
a05200.json.gz,a,5,200,MipTemplate,highs,MTFarkas,3,2,3234.7391304347825,3235,,3235,,5,5,0.001041,0.001546,0.007524,280,268972.1421709894,56,1,0,"{timeout:600,max_col_multiplier:1,age_limit:4,random_seed:2,replication:3,num_threads:128,set_partition:true}",-1
a05200.json.gz,a,5,200,MipTemplate,highs,MTFarkas,3,2,3234.7391304347825,3235,0,3235,0,5,5,0.001041,0.001546,0.007531,280,268972.1421709894,28,1,0,"{timeout:600,max_col_multiplier:1,age_limit:4,random_seed:2,replication:3,num_threads:128,set_partition:true}",2
a05200.json.gz,a,5,200,MipTemplate,highs,MTFarkas,3,2,3234.7391304347825,3235,0,3235,0,5,5,0.001041,0.001546,0.007531,280,268972.1421709894,28,1,0,"{timeout:600,max_col_multiplier:1,age_limit:4,random_seed:2,replication:3,num_threads:128,set_partition:true}",1
a05200.json.gz,a,5,200,MipTemplate,highs,MTFarkas,4,2,3234.7391304347825,3235,,3235,,5,5,0.001061,0.001332,0.007374,282,265786.9934024505,56.4,1,0,"{timeout:600,max_col_multiplier:1,age_limit:4,random_seed:3,replication:4,num_threads:128,set_partition:true}",-1
a05200.json.gz,a,5,200,MipTemplate,highs,MTFarkas,4,2,3234.7391304347825,3235,0,3235,0,5,5,0.001061,0.001332,0.00738,282,265786.9934024505,28.2,1,0,"{timeout:600,max_col_multiplier:1,age_limit:4,random_seed:3,replication:4,num_threads:128,set_partition:true}",2
a05200.json.gz,a,5,200,MipTemplate,highs,MTFarkas,4,2,3234.7391304347825,3235,0,3235,0,5,5,0.001061,0.001332,0.00738,282,265786.9934024505,28.2,1,0,"{timeout:600,max_col_multiplier:1,age_limit:4,random_seed:3,replication:4,num_threads:128,set_partition:true}",1
a05200.json.gz,a,5,200,MipTemplate,highs,MTFarkas,5,2,3234.7391304347825,3235,,3235,,5,5,0.000921,0.001305,0.007623,281,305103.1487513572,56.2,1,0,"{timeout:600,max_col_multiplier:1,age_limit:4,random_seed:4,replication:5,num_threads:128,set_partition:true}",-1
a05200.json.gz,a,5,200,MipTemplate,highs,MTFarkas,5,2,3234.7391304347825,3235,0,3235,0,5,5,0.000921,0.001305,0.007629,281,305103.1487513572,28.1,1,0,"{timeout:600,max_col_multiplier:1,age_limit:4,random_seed:4,replication:5,num_threads:128,set_partition:true}",2
a05200.json.gz,a,5,200,MipTemplate,highs,MTFarkas,5,2,3234.7391304347825,3235,0,3235,0,5,5,0.000921,0.001305,0.007629,281,305103.1487513572,28.1,1,0,"{timeout:600,max_col_multiplier:1,age_limit:4,random_seed:4,replication:5,num_threads:128,set_partition:true}",1
a10100.json.gz,a,10,100,Dantzig,highs,DantzigFarkas,1,78,1358.556923076923,inf,,2827.8331995079093,,110,770,0.206835,0.027233,0.24467,6703,32407.474557014048,8.705194805194806,0,0,"{timeout:600,max_col_multiplier:1,age_limit:10,random_seed:0,replication:1,num_threads:128,set_partition:true}",-1
a10100.json.gz,a,10,100,Dantzig,highs,DantzigFarkas,1,78,1358.556923076923,inf,nan,2827.8331995079093,0,110,770,0.206835,0.027233,0.244678,6703,32407.474557014048,0.1116050616050616,0,0,"{timeout:600,max_col_multiplier:1,age_limit:10,random_seed:0,replication:1,num_threads:128,set_partition:true}",1
a10100.json.gz,a,10,100,Dantzig,highs,DantzigFarkas,2,84,1358.556923076923,inf,,2646.104850758735,,110,830,0.273924,0.034172,0.324587,7730,28219.506140389305,9.313253012048193,0,0,"{timeout:600,max_col_multiplier:1,age_limit:10,random_seed:1,replication:2,num_threads:128,set_partition:true}",-1
a10100.json.gz,a,10,100,Dantzig,highs,DantzigFarkas,2,84,1358.556923076923,inf,nan,2646.104850758735,0,110,830,0.273924,0.034172,0.324595,7730,28219.506140389305,0.1108720596672404,0,0,"{timeout:600,max_col_multiplier:1,age_limit:10,random_seed:1,replication:2,num_threads:128,set_partition:true}",1
a10100.json.gz,a,10,100,Dantzig,highs,DantzigFarkas,3,72,1358.556923076923,inf,,2730.1145805743013,,110,710,0.157021,0.021565,0.187678,5261,33505.07256991103,7.409859154929578,0,0,"{timeout:600,max_col_multiplier:1,age_limit:10,random_seed:2,replication:3,num_threads:128,set_partition:true}",-1
a10100.json.gz,a,10,100,Dantzig,highs,DantzigFarkas,3,72,1358.556923076923,inf,nan,2730.1145805743013,0,110,710,0.157021,0.021565,0.187686,5261,33505.07256991103,0.10291471048513302,0,0,"{timeout:600,max_col_multiplier:1,age_limit:10,random_seed:2,replication:3,num_threads:128,set_partition:true}",1
a10100.json.gz,a,10,100,Dantzig,highs,DantzigFarkas,4,81,1358.556923076923,inf,,2730.6650135243317,,110,800,0.148031,0.02589,0.184107,4767,32202.714296329825,5.95875,0,0,"{timeout:600,max_col_multiplier:1,age_limit:10,random_seed:3,replication:4,num_threads:128,set_partition:true}",-1
a10100.json.gz,a,10,100,Dantzig,highs,DantzigFarkas,4,81,1358.556923076923,inf,nan,2730.6650135243317,0,110,800,0.148031,0.02589,0.184117,4767,32202.714296329825,0.07356481481481482,0,0,"{timeout:600,max_col_multiplier:1,age_limit:10,random_seed:3,replication:4,num_threads:128,set_partition:true}",1
a10100.json.gz,a,10,100,Dantzig,highs,DantzigFarkas,5,71,1358.556923076923,inf,,2862.9208307747276,,110,700,0.162242,0.023406,0.193828,5578,34380.7398823979,7.968571428571429,0,0,"{timeout:600,max_col_multiplier:1,age_limit:10,random_seed:4,replication:5,num_threads:128,set_partition:true}",-1
a10100.json.gz,a,10,100,Dantzig,highs,DantzigFarkas,5,71,1358.556923076923,inf,nan,2862.9208307747276,0,110,700,0.162242,0.023406,0.193834,5578,34380.7398823979,0.11223340040241449,0,0,"{timeout:600,max_col_multiplier:1,age_limit:10,random_seed:4,replication:5,num_threads:128,set_partition:true}",1
a10100.json.gz,a,10,100,LagrangeTemplate,highs,LTFarkas,1,6,1358.556923076923,1371,,1371,,10,50,0.001807,0.002849,0.008573,181,100166.02102933038,3.62,1,0,"{timeout:600,max_col_multiplier:1,age_limit:2,random_seed:0,replication:1,num_threads:128,set_partition:true}",-1
a10100.json.gz,a,10,100,LagrangeTemplate,highs,LTFarkas,1,6,1358.556923076923,1371,0.87527352297593,1371,0,10,50,0.001807,0.002849,0.008585,181,100166.02102933038,0.6033333333333334,1,0,"{timeout:600,max_col_multiplier:1,age_limit:2,random_seed:0,replication:1,num_threads:128,set_partition:true}",1
a10100.json.gz,a,10,100,LagrangeTemplate,highs,LTFarkas,2,8,1358.556923076923,inf,,1427.857142857143,,20,70,0.002614,0.002736,0.012392,242,92578.42387146136,3.4571428571428573,0,0,"{timeout:600,max_col_multiplier:1,age_limit:2,random_seed:1,replication:2,num_threads:128,set_partition:true}",-1
a10100.json.gz,a,10,100,LagrangeTemplate,highs,LTFarkas,2,8,1358.556923076923,inf,nan,1427.857142857143,0,20,70,0.002614,0.002736,0.012399,242,92578.42387146136,0.43214285714285716,0,0,"{timeout:600,max_col_multiplier:1,age_limit:2,random_seed:1,replication:2,num_threads:128,set_partition:true}",1
a10100.json.gz,a,10,100,LagrangeTemplate,highs,LTFarkas,3,8,1358.556923076923,1447,,1447,,10,70,0.00297,0.003164,0.008471,242,81481.48148148149,3.4571428571428573,1,0,"{timeout:600,max_col_multiplier:1,age_limit:2,random_seed:2,replication:3,num_threads:128,set_partition:true}",-1
a10100.json.gz,a,10,100,LagrangeTemplate,highs,LTFarkas,3,8,1358.556923076923,1447,6.08154803040774,1447,0,10,70,0.00297,0.003164,0.008479,242,81481.48148148149,0.43214285714285716,1,0,"{timeout:600,max_col_multiplier:1,age_limit:2,random_seed:2,replication:3,num_threads:128,set_partition:true}",1
a10100.json.gz,a,10,100,LagrangeTemplate,highs,LTFarkas,4,11,1358.556923076923,inf,,1383,,13,100,0.003761,0.003501,0.009537,271,72055.30444030844,2.71,0,0,"{timeout:600,max_col_multiplier:1,age_limit:2,random_seed:3,replication:4,num_threads:128,set_partition:true}",-1
a10100.json.gz,a,10,100,LagrangeTemplate,highs,LTFarkas,4,11,1358.556923076923,inf,nan,1383,0,13,100,0.003761,0.003501,0.009545,271,72055.30444030844,0.24636363636363637,0,0,"{timeout:600,max_col_multiplier:1,age_limit:2,random_seed:3,replication:4,num_threads:128,set_partition:true}",1
a10100.json.gz,a,10,100,LagrangeTemplate,highs,LTFarkas,5,8,1358.556923076923,1402,,1402,,10,70,0.002446,0.003509,0.008423,226,92395.74816026166,3.2285714285714286,1,0,"{timeout:600,max_col_multiplier:1,age_limit:2,random_seed:4,replication:5,num_threads:128,set_partition:true}",-1
a10100.json.gz,a,10,100,LagrangeTemplate,highs,LTFarkas,5,8,1358.556923076923,1402,3.0670470756062764,1402,0,10,70,0.002446,0.003509,0.008431,226,92395.74816026166,0.4035714285714286,1,0,"{timeout:600,max_col_multiplier:1,age_limit:2,random_seed:4,replication:5,num_threads:128,set_partition:true}",1
a10100.json.gz,a,10,100,MipTemplate,highs,MTFarkas,1,6,1358.556923076923,1370,,1370,,10,50,0.00195,0.090251,0.098242,164,84102.56410256411,3.28,1,0,"{timeout:600,max_col_multiplier:1,age_limit:2,random_seed:0,replication:1,num_threads:128,set_partition:true}",-1
a10100.json.gz,a,10,100,MipTemplate,highs,MTFarkas,1,6,1358.556923076923,1370,0.8029197080291971,1370,0,10,50,0.00195,0.090251,0.098261,164,84102.56410256411,0.5466666666666666,1,0,"{timeout:600,max_col_multiplier:1,age_limit:2,random_seed:0,replication:1,num_threads:128,set_partition:true}",1
a10100.json.gz,a,10,100,MipTemplate,highs,MTFarkas,2,5,1358.556923076923,1361,,1361,,10,40,0.001211,0.047312,0.054512,159,131296.44921552436,3.975,1,0,"{timeout:600,max_col_multiplier:1,age_limit:2,random_seed:1,replication:2,num_threads:128,set_partition:true}",-1
a10100.json.gz,a,10,100,MipTemplate,highs,MTFarkas,2,5,1358.556923076923,1361,0.1469507714915503,1361,0,10,40,0.001211,0.047312,0.054528,159,131296.44921552436,0.795,1,0,"{timeout:600,max_col_multiplier:1,age_limit:2,random_seed:1,replication:2,num_threads:128,set_partition:true}",1
a10100.json.gz,a,10,100,MipTemplate,highs,MTFarkas,3,3,1358.556923076923,1368,,1368,,10,20,0.000594,0.017987,0.023332,158,265993.26599326596,7.9,1,0,"{timeout:600,max_col_multiplier:1,age_limit:2,random_seed:2,replication:3,num_threads:128,set_partition:true}",-1
a10100.json.gz,a,10,100,MipTemplate,highs,MTFarkas,3,3,1358.556923076923,1368,0.6578947368421052,1368,0,10,20,0.000594,0.017987,0.023342,158,265993.26599326596,2.6333333333333333,1,0,"{timeout:600,max_col_multiplier:1,age_limit:2,random_seed:2,replication:3,num_threads:128,set_partition:true}",1
a10100.json.gz,a,10,100,MipTemplate,highs,MTFarkas,4,4,1358.556923076923,1382,,1382,,10,30,0.001038,0.023857,0.028133,168,161849.71098265896,5.6,1,0,"{timeout:600,max_col_multiplier:1,age_limit:2,random_seed:3,replication:4,num_threads:128,set_partition:true}",-1
a10100.json.gz,a,10,100,MipTemplate,highs,MTFarkas,4,4,1358.556923076923,1382,1.6642547033285093,1382,0,10,30,0.001038,0.023857,0.028141,168,161849.71098265896,1.4,1,0,"{timeout:600,max_col_multiplier:1,age_limit:2,random_seed:3,replication:4,num_threads:128,set_partition:true}",1
a10100.json.gz,a,10,100,MipTemplate,highs,MTFarkas,5,6,1358.556923076923,1397,,1397,,10,50,0.001626,0.074863,0.080042,179,110086.1008610086,3.58,1,0,"{timeout:600,max_col_multiplier:1,age_limit:2,random_seed:4,replication:5,num_threads:128,set_partition:true}",-1
a10100.json.gz,a,10,100,MipTemplate,highs,MTFarkas,5,6,1358.556923076923,1397,2.720114531138153,1397,0,10,50,0.001626,0.074863,0.080049,179,110086.1008610086,0.5966666666666667,1,0,"{timeout:600,max_col_multiplier:1,age_limit:2,random_seed:4,replication:5,num_threads:128,set_partition:true}",1
a10200.json.gz,a,10,200,Dantzig,highs,DantzigFarkas,1,158,2623,inf,,5692.265711662974,,210,1570,1.685872,0.053409,1.784798,22693,13460.689779532491,14.454140127388534,0,0,"{timeout:600,max_col_multiplier:1,age_limit:34,random_seed:0,replication:1,num_threads:128,set_partition:true}",-1
a10200.json.gz,a,10,200,Dantzig,highs,DantzigFarkas,1,158,2623,inf,nan,5692.265711662974,0,210,1570,1.685872,0.053409,1.784805,22693,13460.689779532491,0.09148189954043376,0,0,"{timeout:600,max_col_multiplier:1,age_limit:34,random_seed:0,replication:1,num_threads:128,set_partition:true}",1
a10200.json.gz,a,10,200,Dantzig,highs,DantzigFarkas,2,180,2623,inf,,5693.063604664961,,210,1790,1.958878,0.061398,2.071219,22980,11731.20531242885,12.837988826815643,0,0,"{timeout:600,max_col_multiplier:1,age_limit:34,random_seed:1,replication:2,num_threads:128,set_partition:true}",-1
a10200.json.gz,a,10,200,Dantzig,highs,DantzigFarkas,2,180,2623,inf,nan,5693.063604664961,0,210,1790,1.958878,0.061398,2.07123,22980,11731.20531242885,0.0713221601489758,0,0,"{timeout:600,max_col_multiplier:1,age_limit:34,random_seed:1,replication:2,num_threads:128,set_partition:true}",1
a10200.json.gz,a,10,200,Dantzig,highs,DantzigFarkas,3,158,2623,inf,,5679.639439777144,,210,1570,1.563472,0.051311,1.669337,21862,13982.981466889078,13.92484076433121,0,0,"{timeout:600,max_col_multiplier:1,age_limit:34,random_seed:2,replication:3,num_threads:128,set_partition:true}",-1
a10200.json.gz,a,10,200,Dantzig,highs,DantzigFarkas,3,158,2623,inf,nan,5679.639439777144,0,210,1570,1.563472,0.051311,1.669347,21862,13982.981466889078,0.08813190357171652,0,0,"{timeout:600,max_col_multiplier:1,age_limit:34,random_seed:2,replication:3,num_threads:128,set_partition:true}",1
a10200.json.gz,a,10,200,Dantzig,highs,DantzigFarkas,4,173,2623,inf,,5792.892666087928,,210,1720,2.505493,0.056752,2.626666,27079,10807.852985420433,15.74360465116279,0,0,"{timeout:600,max_col_multiplier:1,age_limit:34,random_seed:3,replication:4,num_threads:128,set_partition:true}",-1
a10200.json.gz,a,10,200,Dantzig,highs,DantzigFarkas,4,173,2623,inf,nan,5792.892666087928,0,210,1720,2.505493,0.056752,2.626674,27079,10807.852985420433,0.09100349509342653,0,0,"{timeout:600,max_col_multiplier:1,age_limit:34,random_seed:3,replication:4,num_threads:128,set_partition:true}",1
a10200.json.gz,a,10,200,Dantzig,highs,DantzigFarkas,5,170,2623,inf,,5729.573667677978,,210,1690,2.018791,0.056983,2.127832,24214,11994.307484033761,14.327810650887574,0,0,"{timeout:600,max_col_multiplier:1,age_limit:34,random_seed:4,replication:5,num_threads:128,set_partition:true}",-1
a10200.json.gz,a,10,200,Dantzig,highs,DantzigFarkas,5,170,2623,inf,nan,5729.573667677978,0,210,1690,2.018791,0.056983,2.127839,24214,11994.307484033761,0.08428123912286808,0,0,"{timeout:600,max_col_multiplier:1,age_limit:34,random_seed:4,replication:5,num_threads:128,set_partition:true}",1
a10200.json.gz,a,10,200,LagrangeTemplate,highs,LTFarkas,1,2,2623,2623,,2623,,10,10,0.000984,0.000538,0.005952,286,290650.40650406503,28.6,1,0,"{timeout:600,max_col_multiplier:1,age_limit:2,random_seed:0,replication:1,num_threads:128,set_partition:true}",-1
a10200.json.gz,a,10,200,LagrangeTemplate,highs,LTFarkas,1,2,2623,2623,0,2623,0,10,10,0.000984,0.000538,0.005959,286,290650.40650406503,14.3,1,0,"{timeout:600,max_col_multiplier:1,age_limit:2,random_seed:0,replication:1,num_threads:128,set_partition:true}",2
a10200.json.gz,a,10,200,LagrangeTemplate,highs,LTFarkas,1,2,2623,2623,0,2623,0,10,10,0.000984,0.000538,0.005959,286,290650.40650406503,14.3,1,0,"{timeout:600,max_col_multiplier:1,age_limit:2,random_seed:0,replication:1,num_threads:128,set_partition:true}",1
a10200.json.gz,a,10,200,LagrangeTemplate,highs,LTFarkas,2,2,2623,2623,,2623,,10,10,0.000769,0.000473,0.005364,281,365409.62288686604,28.1,1,0,"{timeout:600,max_col_multiplier:1,age_limit:2,random_seed:1,replication:2,num_threads:128,set_partition:true}",-1
a10200.json.gz,a,10,200,LagrangeTemplate,highs,LTFarkas,2,2,2623,2623,0,2623,0,10,10,0.000769,0.000473,0.005373,281,365409.62288686604,14.05,1,0,"{timeout:600,max_col_multiplier:1,age_limit:2,random_seed:1,replication:2,num_threads:128,set_partition:true}",2
a10200.json.gz,a,10,200,LagrangeTemplate,highs,LTFarkas,2,2,2623,2623,0,2623,0,10,10,0.000769,0.000473,0.005373,281,365409.62288686604,14.05,1,0,"{timeout:600,max_col_multiplier:1,age_limit:2,random_seed:1,replication:2,num_threads:128,set_partition:true}",1
a10200.json.gz,a,10,200,LagrangeTemplate,highs,LTFarkas,3,2,2623,2623,,2623,,10,10,0.000757,0.000541,0.00529,279,368560.10568031704,27.9,1,0,"{timeout:600,max_col_multiplier:1,age_limit:2,random_seed:2,replication:3,num_threads:128,set_partition:true}",-1
a10200.json.gz,a,10,200,LagrangeTemplate,highs,LTFarkas,3,2,2623,2623,0,2623,0,10,10,0.000757,0.000541,0.005295,279,368560.10568031704,13.95,1,0,"{timeout:600,max_col_multiplier:1,age_limit:2,random_seed:2,replication:3,num_threads:128,set_partition:true}",2
a10200.json.gz,a,10,200,LagrangeTemplate,highs,LTFarkas,3,2,2623,2623,0,2623,0,10,10,0.000757,0.000541,0.005295,279,368560.10568031704,13.95,1,0,"{timeout:600,max_col_multiplier:1,age_limit:2,random_seed:2,replication:3,num_threads:128,set_partition:true}",1
a10200.json.gz,a,10,200,LagrangeTemplate,highs,LTFarkas,4,2,2623,2623,,2623,,10,10,0.000714,0.000484,0.005123,276,386554.6218487395,27.6,1,0,"{timeout:600,max_col_multiplier:1,age_limit:2,random_seed:3,replication:4,num_threads:128,set_partition:true}",-1
a10200.json.gz,a,10,200,LagrangeTemplate,highs,LTFarkas,4,2,2623,2623,0,2623,0,10,10,0.000714,0.000484,0.005129,276,386554.6218487395,13.8,1,0,"{timeout:600,max_col_multiplier:1,age_limit:2,random_seed:3,replication:4,num_threads:128,set_partition:true}",2
a10200.json.gz,a,10,200,LagrangeTemplate,highs,LTFarkas,4,2,2623,2623,0,2623,0,10,10,0.000714,0.000484,0.005129,276,386554.6218487395,13.8,1,0,"{timeout:600,max_col_multiplier:1,age_limit:2,random_seed:3,replication:4,num_threads:128,set_partition:true}",1
a10200.json.gz,a,10,200,LagrangeTemplate,highs,LTFarkas,5,2,2623,2623,,2623,,10,10,0.000675,0.000711,0.005461,274,405925.9259259259,27.4,1,0,"{timeout:600,max_col_multiplier:1,age_limit:2,random_seed:4,replication:5,num_threads:128,set_partition:true}",-1
a10200.json.gz,a,10,200,LagrangeTemplate,highs,LTFarkas,5,2,2623,2623,0,2623,0,10,10,0.000675,0.000711,0.005468,274,405925.9259259259,13.7,1,0,"{timeout:600,max_col_multiplier:1,age_limit:2,random_seed:4,replication:5,num_threads:128,set_partition:true}",2
a10200.json.gz,a,10,200,LagrangeTemplate,highs,LTFarkas,5,2,2623,2623,0,2623,0,10,10,0.000675,0.000711,0.005468,274,405925.9259259259,13.7,1,0,"{timeout:600,max_col_multiplier:1,age_limit:2,random_seed:4,replication:5,num_threads:128,set_partition:true}",1
a10200.json.gz,a,10,200,MipTemplate,highs,MTFarkas,1,10,2623,2644,,2644,,10,90,0.009033,0.163621,0.185345,379,41957.26779585963,4.211111111111111,1,0,"{timeout:600,max_col_multiplier:1,age_limit:2,random_seed:0,replication:1,num_threads:128,set_partition:true}",-1
a10200.json.gz,a,10,200,MipTemplate,highs,MTFarkas,1,10,2623,2644,0.794251134644478,2644,0,10,90,0.009033,0.163621,0.185362,379,41957.26779585963,0.4211111111111111,1,0,"{timeout:600,max_col_multiplier:1,age_limit:2,random_seed:0,replication:1,num_threads:128,set_partition:true}",1
a10200.json.gz,a,10,200,MipTemplate,highs,MTFarkas,2,5,2623,2653,,2653,,10,40,0.002363,0.063359,0.07133,321,135844.2657638595,8.025,1,0,"{timeout:600,max_col_multiplier:1,age_limit:2,random_seed:1,replication:2,num_threads:128,set_partition:true}",-1
a10200.json.gz,a,10,200,MipTemplate,highs,MTFarkas,2,5,2623,2653,1.1307953260459858,2653,0,10,40,0.002363,0.063359,0.071349,321,135844.2657638595,1.605,1,0,"{timeout:600,max_col_multiplier:1,age_limit:2,random_seed:1,replication:2,num_threads:128,set_partition:true}",1
a10200.json.gz,a,10,200,MipTemplate,highs,MTFarkas,3,8,2623,2653,,2653,,10,70,0.004337,0.117183,0.130938,337,77703.4816693567,4.814285714285714,1,0,"{timeout:600,max_col_multiplier:1,age_limit:2,random_seed:2,replication:3,num_threads:128,set_partition:true}",-1
a10200.json.gz,a,10,200,MipTemplate,highs,MTFarkas,3,8,2623,2653,1.1307953260459858,2653,0,10,70,0.004337,0.117183,0.130952,337,77703.4816693567,0.6017857142857143,1,0,"{timeout:600,max_col_multiplier:1,age_limit:2,random_seed:2,replication:3,num_threads:128,set_partition:true}",1
a10200.json.gz,a,10,200,MipTemplate,highs,MTFarkas,4,6,2623,2653,,2653,,10,50,0.002745,0.084686,0.092959,319,116211.29326047358,6.38,1,0,"{timeout:600,max_col_multiplier:1,age_limit:2,random_seed:3,replication:4,num_threads:128,set_partition:true}",-1
a10200.json.gz,a,10,200,MipTemplate,highs,MTFarkas,4,6,2623,2653,1.1307953260459858,2653,0,10,50,0.002745,0.084686,0.092974,319,116211.29326047358,1.0633333333333332,1,0,"{timeout:600,max_col_multiplier:1,age_limit:2,random_seed:3,replication:4,num_threads:128,set_partition:true}",1
a10200.json.gz,a,10,200,MipTemplate,highs,MTFarkas,5,11,2623,2627,,2627,,10,100,0.007812,0.221017,0.241134,347,44418.84280593958,3.47,1,0,"{timeout:600,max_col_multiplier:1,age_limit:2,random_seed:4,replication:5,num_threads:128,set_partition:true}",-1
a10200.json.gz,a,10,200,MipTemplate,highs,MTFarkas,5,11,2623,2627,0.15226494099733537,2627,0,10,100,0.007812,0.221017,0.241149,347,44418.84280593958,0.3154545454545455,1,0,"{timeout:600,max_col_multiplier:1,age_limit:2,random_seed:4,replication:5,num_threads:128,set_partition:true}",1
a20100.json.gz,a,20,100,Dantzig,highs,DantzigFarkas,1,65,1157.08,inf,,2646.2906396001054,,116,1280,0.185673,0.023394,0.222135,6441,34690.019550500074,5.03203125,0,0,"{timeout:600,max_col_multiplier:1,age_limit:4,random_seed:0,replication:1,num_threads:128,set_partition:true}",-1
a20100.json.gz,a,20,100,Dantzig,highs,DantzigFarkas,1,65,1157.08,inf,nan,2646.2906396001054,0,116,1280,0.185673,0.023394,0.222142,6441,34690.019550500074,0.07741586538461538,0,0,"{timeout:600,max_col_multiplier:1,age_limit:4,random_seed:0,replication:1,num_threads:128,set_partition:true}",1
a20100.json.gz,a,20,100,Dantzig,highs,DantzigFarkas,2,19,1157.08,inf,,2766.159794244172,,120,360,0.042174,0.00763,0.057702,2410,57144.21207378953,6.694444444444445,0,0,"{timeout:600,max_col_multiplier:1,age_limit:4,random_seed:1,replication:2,num_threads:128,set_partition:true}",-1
a20100.json.gz,a,20,100,Dantzig,highs,DantzigFarkas,2,19,1157.08,inf,nan,2766.159794244172,0,120,360,0.042174,0.00763,0.057708,2410,57144.21207378953,0.35233918128654973,0,0,"{timeout:600,max_col_multiplier:1,age_limit:4,random_seed:1,replication:2,num_threads:128,set_partition:true}",1
a20100.json.gz,a,20,100,Dantzig,highs,DantzigFarkas,3,68,1157.08,inf,,2642.9822088878977,,119,1340,0.228034,0.023217,0.264388,7370,32319.741792890534,5.5,0,0,"{timeout:600,max_col_multiplier:1,age_limit:4,random_seed:2,replication:3,num_threads:128,set_partition:true}",-1
a20100.json.gz,a,20,100,Dantzig,highs,DantzigFarkas,3,68,1157.08,inf,nan,2642.9822088878977,0,119,1340,0.228034,0.023217,0.264395,7370,32319.741792890534,0.08088235294117647,0,0,"{timeout:600,max_col_multiplier:1,age_limit:4,random_seed:2,replication:3,num_threads:128,set_partition:true}",1
a20100.json.gz,a,20,100,Dantzig,highs,DantzigFarkas,4,65,1157.08,inf,,2701.495285575751,,118,1280,0.197013,0.022804,0.231607,6815,34591.62593331405,5.32421875,0,0,"{timeout:600,max_col_multiplier:1,age_limit:4,random_seed:3,replication:4,num_threads:128,set_partition:true}",-1
a20100.json.gz,a,20,100,Dantzig,highs,DantzigFarkas,4,65,1157.08,inf,nan,2701.495285575751,0,118,1280,0.197013,0.022804,0.231615,6815,34591.62593331405,0.08191105769230769,0,0,"{timeout:600,max_col_multiplier:1,age_limit:4,random_seed:3,replication:4,num_threads:128,set_partition:true}",1
a20100.json.gz,a,20,100,Dantzig,highs,DantzigFarkas,5,63,1157.08,inf,,2781.0273940825064,,120,1240,0.199962,0.020092,0.233018,7027,35141.67691861454,5.666935483870968,0,0,"{timeout:600,max_col_multiplier:1,age_limit:4,random_seed:4,replication:5,num_threads:128,set_partition:true}",-1
a20100.json.gz,a,20,100,Dantzig,highs,DantzigFarkas,5,63,1157.08,inf,nan,2781.0273940825064,0,120,1240,0.199962,0.020092,0.233024,7027,35141.67691861454,0.08995135688684076,0,0,"{timeout:600,max_col_multiplier:1,age_limit:4,random_seed:4,replication:5,num_threads:128,set_partition:true}",1
a20100.json.gz,a,20,100,LagrangeTemplate,highs,LTFarkas,1,2,1157.08,1158,,1158,,20,20,0.000711,0.000625,0.004967,149,209563.99437412096,7.45,1,0,"{timeout:600,max_col_multiplier:1,age_limit:2,random_seed:0,replication:1,num_threads:128,set_partition:true}",-1
a20100.json.gz,a,20,100,LagrangeTemplate,highs,LTFarkas,1,2,1157.08,1158,0,1158,0,20,20,0.000711,0.000625,0.004982,149,209563.99437412096,3.725,1,0,"{timeout:600,max_col_multiplier:1,age_limit:2,random_seed:0,replication:1,num_threads:128,set_partition:true}",2
a20100.json.gz,a,20,100,LagrangeTemplate,highs,LTFarkas,1,2,1157.08,1158,0,1158,0,20,20,0.000711,0.000625,0.004983,149,209563.99437412096,3.725,1,0,"{timeout:600,max_col_multiplier:1,age_limit:2,random_seed:0,replication:1,num_threads:128,set_partition:true}",1
a20100.json.gz,a,20,100,LagrangeTemplate,highs,LTFarkas,2,2,1157.08,1158,,1158,,20,20,0.000413,0.000636,0.004356,156,377723.9709443099,7.8,1,0,"{timeout:600,max_col_multiplier:1,age_limit:2,random_seed:1,replication:2,num_threads:128,set_partition:true}",-1
a20100.json.gz,a,20,100,LagrangeTemplate,highs,LTFarkas,2,2,1157.08,1158,0,1158,0,20,20,0.000413,0.000636,0.004364,156,377723.9709443099,3.9,1,0,"{timeout:600,max_col_multiplier:1,age_limit:2,random_seed:1,replication:2,num_threads:128,set_partition:true}",2
a20100.json.gz,a,20,100,LagrangeTemplate,highs,LTFarkas,2,2,1157.08,1158,0,1158,0,20,20,0.000413,0.000636,0.004364,156,377723.9709443099,3.9,1,0,"{timeout:600,max_col_multiplier:1,age_limit:2,random_seed:1,replication:2,num_threads:128,set_partition:true}",1
a20100.json.gz,a,20,100,LagrangeTemplate,highs,LTFarkas,3,2,1157.08,1158,,1158,,20,20,0.000301,0.00074,0.004313,141,468438.5382059801,7.05,1,0,"{timeout:600,max_col_multiplier:1,age_limit:2,random_seed:2,replication:3,num_threads:128,set_partition:true}",-1
a20100.json.gz,a,20,100,LagrangeTemplate,highs,LTFarkas,3,2,1157.08,1158,0,1158,0,20,20,0.000301,0.00074,0.004318,141,468438.5382059801,3.525,1,0,"{timeout:600,max_col_multiplier:1,age_limit:2,random_seed:2,replication:3,num_threads:128,set_partition:true}",2
a20100.json.gz,a,20,100,LagrangeTemplate,highs,LTFarkas,3,2,1157.08,1158,0,1158,0,20,20,0.000301,0.00074,0.004318,141,468438.5382059801,3.525,1,0,"{timeout:600,max_col_multiplier:1,age_limit:2,random_seed:2,replication:3,num_threads:128,set_partition:true}",1
a20100.json.gz,a,20,100,LagrangeTemplate,highs,LTFarkas,4,2,1157.08,1158,,1158,,20,20,0.00048,0.000626,0.004435,150,312500,7.5,1,0,"{timeout:600,max_col_multiplier:1,age_limit:2,random_seed:3,replication:4,num_threads:128,set_partition:true}",-1
a20100.json.gz,a,20,100,LagrangeTemplate,highs,LTFarkas,4,2,1157.08,1158,0,1158,0,20,20,0.00048,0.000626,0.004442,150,312500,3.75,1,0,"{timeout:600,max_col_multiplier:1,age_limit:2,random_seed:3,replication:4,num_threads:128,set_partition:true}",2
a20100.json.gz,a,20,100,LagrangeTemplate,highs,LTFarkas,4,2,1157.08,1158,0,1158,0,20,20,0.00048,0.000626,0.004442,150,312500,3.75,1,0,"{timeout:600,max_col_multiplier:1,age_limit:2,random_seed:3,replication:4,num_threads:128,set_partition:true}",1
a20100.json.gz,a,20,100,LagrangeTemplate,highs,LTFarkas,5,2,1157.08,1158,,1158,,20,20,0.000358,0.000546,0.004242,147,410614.5251396648,7.35,1,0,"{timeout:600,max_col_multiplier:1,age_limit:2,random_seed:4,replication:5,num_threads:128,set_partition:true}",-1
a20100.json.gz,a,20,100,LagrangeTemplate,highs,LTFarkas,5,2,1157.08,1158,0,1158,0,20,20,0.000358,0.000546,0.004265,147,410614.5251396648,3.675,1,0,"{timeout:600,max_col_multiplier:1,age_limit:2,random_seed:4,replication:5,num_threads:128,set_partition:true}",2
a20100.json.gz,a,20,100,LagrangeTemplate,highs,LTFarkas,5,2,1157.08,1158,0,1158,0,20,20,0.000358,0.000546,0.004265,147,410614.5251396648,3.675,1,0,"{timeout:600,max_col_multiplier:1,age_limit:2,random_seed:4,replication:5,num_threads:128,set_partition:true}",1
a20100.json.gz,a,20,100,MipTemplate,highs,MTFarkas,1,2,1157.08,1158,,1158,,20,20,0.000941,0.003034,0.016056,149,158342.1891604676,7.45,1,0,"{timeout:600,max_col_multiplier:1,age_limit:2,random_seed:0,replication:1,num_threads:128,set_partition:true}",-1
a20100.json.gz,a,20,100,MipTemplate,highs,MTFarkas,1,2,1157.08,1158,0,1158,0,20,20,0.000941,0.003034,0.016065,149,158342.1891604676,3.725,1,0,"{timeout:600,max_col_multiplier:1,age_limit:2,random_seed:0,replication:1,num_threads:128,set_partition:true}",2
a20100.json.gz,a,20,100,MipTemplate,highs,MTFarkas,1,2,1157.08,1158,0,1158,0,20,20,0.000941,0.003034,0.016066,149,158342.1891604676,3.725,1,0,"{timeout:600,max_col_multiplier:1,age_limit:2,random_seed:0,replication:1,num_threads:128,set_partition:true}",1
a20100.json.gz,a,20,100,MipTemplate,highs,MTFarkas,2,2,1157.08,1158,,1158,,20,20,0.000632,0.002761,0.015113,156,246835.4430379747,7.8,1,0,"{timeout:600,max_col_multiplier:1,age_limit:2,random_seed:1,replication:2,num_threads:128,set_partition:true}",-1
a20100.json.gz,a,20,100,MipTemplate,highs,MTFarkas,2,2,1157.08,1158,0,1158,0,20,20,0.000632,0.002761,0.015124,156,246835.4430379747,3.9,1,0,"{timeout:600,max_col_multiplier:1,age_limit:2,random_seed:1,replication:2,num_threads:128,set_partition:true}",2
a20100.json.gz,a,20,100,MipTemplate,highs,MTFarkas,2,2,1157.08,1158,0,1158,0,20,20,0.000632,0.002761,0.015124,156,246835.4430379747,3.9,1,0,"{timeout:600,max_col_multiplier:1,age_limit:2,random_seed:1,replication:2,num_threads:128,set_partition:true}",1
a20100.json.gz,a,20,100,MipTemplate,highs,MTFarkas,3,2,1157.08,1158,,1158,,20,20,0.000526,0.00277,0.016,141,268060.83650190115,7.05,1,0,"{timeout:600,max_col_multiplier:1,age_limit:2,random_seed:2,replication:3,num_threads:128,set_partition:true}",-1
a20100.json.gz,a,20,100,MipTemplate,highs,MTFarkas,3,2,1157.08,1158,0,1158,0,20,20,0.000526,0.00277,0.016015,141,268060.83650190115,3.525,1,0,"{timeout:600,max_col_multiplier:1,age_limit:2,random_seed:2,replication:3,num_threads:128,set_partition:true}",2
a20100.json.gz,a,20,100,MipTemplate,highs,MTFarkas,3,2,1157.08,1158,0,1158,0,20,20,0.000526,0.00277,0.016016,141,268060.83650190115,3.525,1,0,"{timeout:600,max_col_multiplier:1,age_limit:2,random_seed:2,replication:3,num_threads:128,set_partition:true}",1
a20100.json.gz,a,20,100,MipTemplate,highs,MTFarkas,4,2,1157.08,1158,,1158,,20,20,0.000636,0.002658,0.015221,150,235849.0566037736,7.5,1,0,"{timeout:600,max_col_multiplier:1,age_limit:2,random_seed:3,replication:4,num_threads:128,set_partition:true}",-1
a20100.json.gz,a,20,100,MipTemplate,highs,MTFarkas,4,2,1157.08,1158,0,1158,0,20,20,0.000636,0.002658,0.015235,150,235849.0566037736,3.75,1,0,"{timeout:600,max_col_multiplier:1,age_limit:2,random_seed:3,replication:4,num_threads:128,set_partition:true}",2
a20100.json.gz,a,20,100,MipTemplate,highs,MTFarkas,4,2,1157.08,1158,0,1158,0,20,20,0.000636,0.002658,0.015235,150,235849.0566037736,3.75,1,0,"{timeout:600,max_col_multiplier:1,age_limit:2,random_seed:3,replication:4,num_threads:128,set_partition:true}",1
a20100.json.gz,a,20,100,MipTemplate,highs,MTFarkas,5,2,1157.08,1158,,1158,,20,20,0.000571,0.002707,0.016141,147,257443.0823117338,7.35,1,0,"{timeout:600,max_col_multiplier:1,age_limit:2,random_seed:4,replication:5,num_threads:128,set_partition:true}",-1
a20100.json.gz,a,20,100,MipTemplate,highs,MTFarkas,5,2,1157.08,1158,0,1158,0,20,20,0.000571,0.002707,0.016152,147,257443.0823117338,3.675,1,0,"{timeout:600,max_col_multiplier:1,age_limit:2,random_seed:4,replication:5,num_threads:128,set_partition:true}",2
a20100.json.gz,a,20,100,MipTemplate,highs,MTFarkas,5,2,1157.08,1158,0,1158,0,20,20,0.000571,0.002707,0.016153,147,257443.0823117338,3.675,1,0,"{timeout:600,max_col_multiplier:1,age_limit:2,random_seed:4,replication:5,num_threads:128,set_partition:true}",1
a20200.json.gz,a,20,200,Dantzig,highs,DantzigFarkas,1,170,2337.3273333333336,inf,,5463.429020224125,,220,3380,2.540483,0.05774,2.649982,33062,13014.060712077191,9.781656804733728,0,0,"{timeout:600,max_col_multiplier:1,age_limit:10,random_seed:0,replication:1,num_threads:128,set_partition:true}",-1
a20200.json.gz,a,20,200,Dantzig,highs,DantzigFarkas,1,170,2337.3273333333336,inf,nan,5463.429020224125,0,220,3380,2.540483,0.05774,2.64999,33062,13014.060712077191,0.057539157674904286,0,0,"{timeout:600,max_col_multiplier:1,age_limit:10,random_seed:0,replication:1,num_threads:128,set_partition:true}",1
a20200.json.gz,a,20,200,Dantzig,highs,DantzigFarkas,2,161,2337.3273333333336,inf,,5509.630775696983,,220,3200,2.9155,0.056437,3.033057,35846,12294.975132910306,11.201875,0,0,"{timeout:600,max_col_multiplier:1,age_limit:10,random_seed:1,replication:2,num_threads:128,set_partition:true}",-1
a20200.json.gz,a,20,200,Dantzig,highs,DantzigFarkas,2,161,2337.3273333333336,inf,nan,5509.630775696983,0,220,3200,2.9155,0.056437,3.033067,35846,12294.975132910306,0.06957686335403726,0,0,"{timeout:600,max_col_multiplier:1,age_limit:10,random_seed:1,replication:2,num_threads:128,set_partition:true}",1
a20200.json.gz,a,20,200,Dantzig,highs,DantzigFarkas,3,172,2337.3273333333336,inf,,5573.611681375914,,220,3420,3.052693,0.058364,3.18752,38503,12612.797945944776,11.258187134502924,0,0,"{timeout:600,max_col_multiplier:1,age_limit:10,random_seed:2,replication:3,num_threads:128,set_partition:true}",-1
a20200.json.gz,a,20,200,Dantzig,highs,DantzigFarkas,3,172,2337.3273333333336,inf,nan,5573.611681375914,0,220,3420,3.052693,0.058364,3.187527,38503,12612.797945944776,0.0654545763633891,0,0,"{timeout:600,max_col_multiplier:1,age_limit:10,random_seed:2,replication:3,num_threads:128,set_partition:true}",1
a20200.json.gz,a,20,200,Dantzig,highs,DantzigFarkas,4,173,2337.3273333333336,inf,,5587.599503253753,,220,3440,3.244624,0.05792,3.363934,37811,11653.430412892218,10.991569767441861,0,0,"{timeout:600,max_col_multiplier:1,age_limit:10,random_seed:3,replication:4,num_threads:128,set_partition:true}",-1
a20200.json.gz,a,20,200,Dantzig,highs,DantzigFarkas,4,173,2337.3273333333336,inf,nan,5587.599503253753,0,220,3440,3.244624,0.05792,3.363945,37811,11653.430412892218,0.06353508536093562,0,0,"{timeout:600,max_col_multiplier:1,age_limit:10,random_seed:3,replication:4,num_threads:128,set_partition:true}",1
a20200.json.gz,a,20,200,Dantzig,highs,DantzigFarkas,5,166,2337.3273333333336,inf,,5442.102975199714,,220,3300,2.634547,0.055958,2.753312,35528,13485.430322556402,10.766060606060606,0,0,"{timeout:600,max_col_multiplier:1,age_limit:10,random_seed:4,replication:5,num_threads:128,set_partition:true}",-1
a20200.json.gz,a,20,200,Dantzig,highs,DantzigFarkas,5,166,2337.3273333333336,inf,nan,5442.102975199714,0,220,3300,2.634547,0.055958,2.753324,35528,13485.430322556402,0.06485578678349763,0,0,"{timeout:600,max_col_multiplier:1,age_limit:10,random_seed:4,replication:5,num_threads:128,set_partition:true}",1
a20200.json.gz,a,20,200,LagrangeTemplate,highs,LTFarkas,1,3,2337.3273333333336,2340,,2340,,20,40,0.001716,0.001343,0.011432,315,183566.43356643355,7.875,1,0,"{timeout:600,max_col_multiplier:1,age_limit:2,random_seed:0,replication:1,num_threads:128,set_partition:true}",-1
a20200.json.gz,a,20,200,LagrangeTemplate,highs,LTFarkas,1,3,2337.3273333333336,2340,0.08547008547008547,2340,0,20,40,0.001716,0.001343,0.011448,315,183566.43356643355,2.625,1,0,"{timeout:600,max_col_multiplier:1,age_limit:2,random_seed:0,replication:1,num_threads:128,set_partition:true}",1
a20200.json.gz,a,20,200,LagrangeTemplate,highs,LTFarkas,2,5,2337.3273333333336,2340,,2340,,20,80,0.002131,0.001948,0.011299,368,172688.87846081652,4.6,1,0,"{timeout:600,max_col_multiplier:1,age_limit:2,random_seed:1,replication:2,num_threads:128,set_partition:true}",-1
a20200.json.gz,a,20,200,LagrangeTemplate,highs,LTFarkas,2,5,2337.3273333333336,2340,0.08547008547008547,2340,0,20,80,0.002131,0.001948,0.011306,368,172688.87846081652,0.9199999999999999,1,0,"{timeout:600,max_col_multiplier:1,age_limit:2,random_seed:1,replication:2,num_threads:128,set_partition:true}",1
a20200.json.gz,a,20,200,LagrangeTemplate,highs,LTFarkas,3,6,2337.3273333333336,2409,,2409,,20,100,0.003361,0.002124,0.012789,433,128830.70514727761,4.33,1,0,"{timeout:600,max_col_multiplier:1,age_limit:2,random_seed:2,replication:3,num_threads:128,set_partition:true}",-1
a20200.json.gz,a,20,200,LagrangeTemplate,highs,LTFarkas,3,6,2337.3273333333336,2409,2.9472810294728102,2409,0,20,100,0.003361,0.002124,0.012798,433,128830.70514727761,0.7216666666666667,1,0,"{timeout:600,max_col_multiplier:1,age_limit:2,random_seed:2,replication:3,num_threads:128,set_partition:true}",1
a20200.json.gz,a,20,200,LagrangeTemplate,highs,LTFarkas,4,5,2337.3273333333336,2340,,2340,,20,80,0.002266,0.001757,0.011552,391,172550.75022065314,4.8875,1,0,"{timeout:600,max_col_multiplier:1,age_limit:2,random_seed:3,replication:4,num_threads:128,set_partition:true}",-1
a20200.json.gz,a,20,200,LagrangeTemplate,highs,LTFarkas,4,5,2337.3273333333336,2340,0.08547008547008547,2340,0,20,80,0.002266,0.001757,0.011558,391,172550.75022065314,0.9775,1,0,"{timeout:600,max_col_multiplier:1,age_limit:2,random_seed:3,replication:4,num_threads:128,set_partition:true}",1
a20200.json.gz,a,20,200,LagrangeTemplate,highs,LTFarkas,5,3,2337.3273333333336,2340,,2340,,20,40,0.001206,0.001945,0.009985,341,282752.9021558872,8.525,1,0,"{timeout:600,max_col_multiplier:1,age_limit:2,random_seed:4,replication:5,num_threads:128,set_partition:true}",-1
a20200.json.gz,a,20,200,LagrangeTemplate,highs,LTFarkas,5,3,2337.3273333333336,2340,0.08547008547008547,2340,0,20,40,0.001206,0.001945,0.009993,341,282752.9021558872,2.841666666666667,1,0,"{timeout:600,max_col_multiplier:1,age_limit:2,random_seed:4,replication:5,num_threads:128,set_partition:true}",1
a20200.json.gz,a,20,200,MipTemplate,highs,MTFarkas,1,7,2337.3273333333336,2339,,2339,,20,120,0.004411,0.117226,0.141743,354,80253.91067785083,2.95,1,0,"{timeout:600,max_col_multiplier:1,age_limit:2,random_seed:0,replication:1,num_threads:128,set_partition:true}",-1
a20200.json.gz,a,20,200,MipTemplate,highs,MTFarkas,1,7,2337.3273333333336,2339,0.04275331338178709,2339,0,20,120,0.004411,0.117226,0.141759,354,80253.91067785083,0.42142857142857143,1,0,"{timeout:600,max_col_multiplier:1,age_limit:2,random_seed:0,replication:1,num_threads:128,set_partition:true}",1
a20200.json.gz,a,20,200,MipTemplate,highs,MTFarkas,2,6,2337.3273333333336,2339,,2339,,20,100,0.003195,0.097958,0.118291,345,107981.220657277,3.45,1,0,"{timeout:600,max_col_multiplier:1,age_limit:2,random_seed:1,replication:2,num_threads:128,set_partition:true}",-1
a20200.json.gz,a,20,200,MipTemplate,highs,MTFarkas,2,6,2337.3273333333336,2339,0.04275331338178709,2339,0,20,100,0.003195,0.097958,0.118305,345,107981.220657277,0.5750000000000001,1,0,"{timeout:600,max_col_multiplier:1,age_limit:2,random_seed:1,replication:2,num_threads:128,set_partition:true}",1
a20200.json.gz,a,20,200,MipTemplate,highs,MTFarkas,3,5,2337.3273333333336,2357,,2357,,20,80,0.002213,0.074932,0.093946,346,156348.8477180298,4.325,1,0,"{timeout:600,max_col_multiplier:1,age_limit:2,random_seed:2,replication:3,num_threads:128,set_partition:true}",-1
a20200.json.gz,a,20,200,MipTemplate,highs,MTFarkas,3,5,2337.3273333333336,2357,0.8061094611794655,2357,0,20,80,0.002213,0.074932,0.093954,346,156348.8477180298,0.865,1,0,"{timeout:600,max_col_multiplier:1,age_limit:2,random_seed:2,replication:3,num_threads:128,set_partition:true}",1
a20200.json.gz,a,20,200,MipTemplate,highs,MTFarkas,4,5,2337.3273333333336,2357,,2357,,20,80,0.002035,0.072794,0.091475,331,162653.56265356267,4.1375,1,0,"{timeout:600,max_col_multiplier:1,age_limit:2,random_seed:3,replication:4,num_threads:128,set_partition:true}",-1
a20200.json.gz,a,20,200,MipTemplate,highs,MTFarkas,4,5,2337.3273333333336,2357,0.8061094611794655,2357,0,20,80,0.002035,0.072794,0.091496,331,162653.56265356267,0.8275,1,0,"{timeout:600,max_col_multiplier:1,age_limit:2,random_seed:3,replication:4,num_threads:128,set_partition:true}",1
a20200.json.gz,a,20,200,MipTemplate,highs,MTFarkas,5,7,2337.3273333333336,2342,,2342,,20,120,0.004067,0.115215,0.136906,387,95156.13474305384,3.225,1,0,"{timeout:600,max_col_multiplier:1,age_limit:2,random_seed:4,replication:5,num_threads:128,set_partition:true}",-1
a20200.json.gz,a,20,200,MipTemplate,highs,MTFarkas,5,7,2337.3273333333336,2342,0.1707941929974381,2342,0,20,120,0.004067,0.115215,0.136922,387,95156.13474305384,0.46071428571428574,1,0,"{timeout:600,max_col_multiplier:1,age_limit:2,random_seed:4,replication:5,num_threads:128,set_partition:true}",1
b05100.json.gz,b,5,100,Dantzig,highs,DantzigFarkas,1,37,1831.3294504181601,inf,,2922.4390072879687,,105,180,0.070754,0.012626,0.087971,2267,32040.591344658962,12.594444444444445,0,0,"{timeout:600,max_col_multiplier:1,age_limit:34,random_seed:0,replication:1,num_threads:128,set_partition:true}",-1
b05100.json.gz,b,5,100,Dantzig,highs,DantzigFarkas,1,37,1831.3294504181601,inf,nan,2922.4390072879687,0,105,180,0.070754,0.012626,0.087977,2267,32040.591344658962,0.34039039039039043,0,0,"{timeout:600,max_col_multiplier:1,age_limit:34,random_seed:0,replication:1,num_threads:128,set_partition:true}",1
b05100.json.gz,b,5,100,Dantzig,highs,DantzigFarkas,2,35,1831.3294504181601,inf,,2975.074381575533,,105,170,0.064868,0.01275,0.082035,2106,32465.930813344025,12.388235294117647,0,0,"{timeout:600,max_col_multiplier:1,age_limit:34,random_seed:1,replication:2,num_threads:128,set_partition:true}",-1
b05100.json.gz,b,5,100,Dantzig,highs,DantzigFarkas,2,35,1831.3294504181601,inf,nan,2975.074381575533,0,105,170,0.064868,0.01275,0.082046,2106,32465.930813344025,0.35394957983193276,0,0,"{timeout:600,max_col_multiplier:1,age_limit:34,random_seed:1,replication:2,num_threads:128,set_partition:true}",1
b05100.json.gz,b,5,100,Dantzig,highs,DantzigFarkas,3,36,1831.3294504181601,inf,,2926.2317753013926,,105,175,0.073158,0.011909,0.089596,2499,34158.94365619618,14.28,0,0,"{timeout:600,max_col_multiplier:1,age_limit:34,random_seed:2,replication:3,num_threads:128,set_partition:true}",-1
b05100.json.gz,b,5,100,Dantzig,highs,DantzigFarkas,3,36,1831.3294504181601,inf,nan,2926.2317753013926,0,105,175,0.073158,0.011909,0.089603,2499,34158.94365619618,0.39666666666666667,0,0,"{timeout:600,max_col_multiplier:1,age_limit:34,random_seed:2,replication:3,num_threads:128,set_partition:true}",1
b05100.json.gz,b,5,100,Dantzig,highs,DantzigFarkas,4,37,1831.3294504181601,inf,,2942.980645106656,,105,180,0.074473,0.011864,0.093266,2460,33032.105595316425,13.666666666666666,0,0,"{timeout:600,max_col_multiplier:1,age_limit:34,random_seed:3,replication:4,num_threads:128,set_partition:true}",-1
b05100.json.gz,b,5,100,Dantzig,highs,DantzigFarkas,4,37,1831.3294504181601,inf,nan,2942.980645106656,0,105,180,0.074473,0.011864,0.093273,2460,33032.105595316425,0.36936936936936937,0,0,"{timeout:600,max_col_multiplier:1,age_limit:34,random_seed:3,replication:4,num_threads:128,set_partition:true}",1
b05100.json.gz,b,5,100,Dantzig,highs,DantzigFarkas,5,37,1831.3294504181601,inf,,2970.8311947026614,,105,180,0.075504,0.010988,0.092091,2421,32064.5263827082,13.45,0,0,"{timeout:600,max_col_multiplier:1,age_limit:34,random_seed:4,replication:5,num_threads:128,set_partition:true}",-1
b05100.json.gz,b,5,100,Dantzig,highs,DantzigFarkas,5,37,1831.3294504181601,inf,nan,2970.8311947026614,0,105,180,0.075504,0.010988,0.092108,2421,32064.5263827082,0.3635135135135135,0,0,"{timeout:600,max_col_multiplier:1,age_limit:34,random_seed:4,replication:5,num_threads:128,set_partition:true}",1
b05100.json.gz,b,5,100,LagrangeTemplate,highs,LTFarkas,1,20,1831.3294504181601,inf,,1939.142857142857,,12,95,0.008512,0.006616,0.017393,443,52044.172932330825,4.663157894736842,0,0,"{timeout:600,max_col_multiplier:1,age_limit:2,random_seed:0,replication:1,num_threads:128,set_partition:true}",-1
b05100.json.gz,b,5,100,LagrangeTemplate,highs,LTFarkas,1,20,1831.3294504181601,inf,nan,1939.142857142857,0,12,95,0.008512,0.006616,0.017399,443,52044.172932330825,0.2331578947368421,0,0,"{timeout:600,max_col_multiplier:1,age_limit:2,random_seed:0,replication:1,num_threads:128,set_partition:true}",1
b05100.json.gz,b,5,100,LagrangeTemplate,highs,LTFarkas,2,21,1831.3294504181601,inf,,1901,,8,100,0.007802,0.006329,0.016351,447,57293.00179441169,4.47,0,0,"{timeout:600,max_col_multiplier:1,age_limit:2,random_seed:1,replication:2,num_threads:128,set_partition:true}",-1
b05100.json.gz,b,5,100,LagrangeTemplate,highs,LTFarkas,2,21,1831.3294504181601,inf,nan,1901,0,8,100,0.007802,0.006329,0.016359,447,57293.00179441169,0.21285714285714286,0,0,"{timeout:600,max_col_multiplier:1,age_limit:2,random_seed:1,replication:2,num_threads:128,set_partition:true}",1
b05100.json.gz,b,5,100,LagrangeTemplate,highs,LTFarkas,3,23,1831.3294504181601,1934,,1934,,5,110,0.011222,0.008041,0.021845,625,55694.17216182499,5.681818181818182,1,0,"{timeout:600,max_col_multiplier:1,age_limit:2,random_seed:2,replication:3,num_threads:128,set_partition:true}",-1
b05100.json.gz,b,5,100,LagrangeTemplate,highs,LTFarkas,3,23,1831.3294504181601,1934,5.274043433298862,1934,0,5,110,0.011222,0.008041,0.021851,625,55694.17216182499,0.24703557312252963,1,0,"{timeout:600,max_col_multiplier:1,age_limit:2,random_seed:2,replication:3,num_threads:128,set_partition:true}",1
b05100.json.gz,b,5,100,LagrangeTemplate,highs,LTFarkas,4,17,1831.3294504181601,inf,,1884.5,,8,80,0.007664,0.005564,0.015484,467,60934.23799582464,5.8375,0,0,"{timeout:600,max_col_multiplier:1,age_limit:2,random_seed:3,replication:4,num_threads:128,set_partition:true}",-1
b05100.json.gz,b,5,100,LagrangeTemplate,highs,LTFarkas,4,17,1831.3294504181601,inf,nan,1884.5,0,8,80,0.007664,0.005564,0.015492,467,60934.23799582464,0.34338235294117647,0,0,"{timeout:600,max_col_multiplier:1,age_limit:2,random_seed:3,replication:4,num_threads:128,set_partition:true}",1
b05100.json.gz,b,5,100,LagrangeTemplate,highs,LTFarkas,5,23,1831.3294504181601,inf,,1934.25,,12,110,0.011826,0.007344,0.021679,632,53441.56942330459,5.745454545454545,0,0,"{timeout:600,max_col_multiplier:1,age_limit:2,random_seed:4,replication:5,num_threads:128,set_partition:true}",-1
b05100.json.gz,b,5,100,LagrangeTemplate,highs,LTFarkas,5,23,1831.3294504181601,inf,nan,1934.25,0,12,110,0.011826,0.007344,0.021689,632,53441.56942330459,0.24980237154150195,0,0,"{timeout:600,max_col_multiplier:1,age_limit:2,random_seed:4,replication:5,num_threads:128,set_partition:true}",1
b05100.json.gz,b,5,100,MipTemplate,highs,MTFarkas,1,18,1831.3294504181601,1916,,1916,,5,85,0.00858,0.34666,0.360999,269,31351.98135198135,3.164705882352941,1,0,"{timeout:600,max_col_multiplier:1,age_limit:2,random_seed:0,replication:1,num_threads:128,set_partition:true}",-1
b05100.json.gz,b,5,100,MipTemplate,highs,MTFarkas,1,18,1831.3294504181601,1916,4.3841336116910234,1916,0,5,85,0.00858,0.34666,0.361014,269,31351.98135198135,0.17581699346405227,1,0,"{timeout:600,max_col_multiplier:1,age_limit:2,random_seed:0,replication:1,num_threads:128,set_partition:true}",1
b05100.json.gz,b,5,100,MipTemplate,highs,MTFarkas,2,34,1831.3294504181601,inf,,1935.2500000000005,,13,165,0.02147,0.873542,0.90141,345,16068.933395435492,2.090909090909091,0,0,"{timeout:600,max_col_multiplier:1,age_limit:2,random_seed:1,replication:2,num_threads:128,set_partition:true}",-1
b05100.json.gz,b,5,100,MipTemplate,highs,MTFarkas,2,34,1831.3294504181601,inf,nan,1935.2500000000005,0,13,165,0.02147,0.873542,0.901423,345,16068.933395435492,0.06149732620320855,0,0,"{timeout:600,max_col_multiplier:1,age_limit:2,random_seed:1,replication:2,num_threads:128,set_partition:true}",1
b05100.json.gz,b,5,100,MipTemplate,highs,MTFarkas,3,20,1831.3294504181601,1943,,1943,,5,95,0.010475,0.394139,0.41047,280,26730.310262529834,2.9473684210526314,1,0,"{timeout:600,max_col_multiplier:1,age_limit:2,random_seed:2,replication:3,num_threads:128,set_partition:true}",-1
b05100.json.gz,b,5,100,MipTemplate,highs,MTFarkas,3,20,1831.3294504181601,1943,5.7128152341739575,1943,0,5,95,0.010475,0.394139,0.410484,280,26730.310262529834,0.14736842105263157,1,0,"{timeout:600,max_col_multiplier:1,age_limit:2,random_seed:2,replication:3,num_threads:128,set_partition:true}",1
b05100.json.gz,b,5,100,MipTemplate,highs,MTFarkas,4,28,1831.3294504181601,1943,,1943,,5,135,0.015934,0.557116,0.579107,338,21212.50156897201,2.5037037037037035,1,0,"{timeout:600,max_col_multiplier:1,age_limit:2,random_seed:3,replication:4,num_threads:128,set_partition:true}",-1
b05100.json.gz,b,5,100,MipTemplate,highs,MTFarkas,4,28,1831.3294504181601,1943,5.7128152341739575,1943,0,5,135,0.015934,0.557116,0.579119,338,21212.50156897201,0.08941798941798941,1,0,"{timeout:600,max_col_multiplier:1,age_limit:2,random_seed:3,replication:4,num_threads:128,set_partition:true}",1
b05100.json.gz,b,5,100,MipTemplate,highs,MTFarkas,5,17,1831.3294504181601,1937,,1937,,5,80,0.008601,0.3276,0.342204,249,28950.122078828044,3.1125,1,0,"{timeout:600,max_col_multiplier:1,age_limit:2,random_seed:4,replication:5,num_threads:128,set_partition:true}",-1
b05100.json.gz,b,5,100,MipTemplate,highs,MTFarkas,5,17,1831.3294504181601,1937,5.420753742901394,1937,0,5,80,0.008601,0.3276,0.342218,249,28950.122078828044,0.18308823529411763,1,0,"{timeout:600,max_col_multiplier:1,age_limit:2,random_seed:4,replication:5,num_threads:128,set_partition:true}",1
b05200.json.gz,b,5,200,Dantzig,highs,DantzigFarkas,1,54,3547.411575237463,inf,,6027.700486620852,,205,265,0.604403,0.019305,0.642604,8491,14048.57355109091,32.04150943396226,0,0,"{timeout:600,max_col_multiplier:1,age_limit:132,random_seed:0,replication:1,num_threads:128,set_partition:true}",-1
b05200.json.gz,b,5,200,Dantzig,highs,DantzigFarkas,1,54,3547.411575237463,inf,nan,6027.700486620852,0,205,265,0.604403,0.019305,0.642611,8491,14048.57355109091,0.593361285814116,0,0,"{timeout:600,max_col_multiplier:1,age_limit:132,random_seed:0,replication:1,num_threads:128,set_partition:true}",1
b05200.json.gz,b,5,200,Dantzig,highs,DantzigFarkas,2,56,3547.411575237463,inf,,6004.827355088601,,205,275,0.636539,0.019893,0.679466,8617,13537.269515300713,31.334545454545456,0,0,"{timeout:600,max_col_multiplier:1,age_limit:132,random_seed:1,replication:2,num_threads:128,set_partition:true}",-1
b05200.json.gz,b,5,200,Dantzig,highs,DantzigFarkas,2,56,3547.411575237463,inf,nan,6004.827355088601,0,205,275,0.636539,0.019893,0.679472,8617,13537.269515300713,0.5595454545454546,0,0,"{timeout:600,max_col_multiplier:1,age_limit:132,random_seed:1,replication:2,num_threads:128,set_partition:true}",1
b05200.json.gz,b,5,200,Dantzig,highs,DantzigFarkas,3,50,3547.411575237463,inf,,6071.026914783789,,205,245,0.563217,0.017371,0.600068,8625,15313.813325947194,35.204081632653065,0,0,"{timeout:600,max_col_multiplier:1,age_limit:132,random_seed:2,replication:3,num_threads:128,set_partition:true}",-1
b05200.json.gz,b,5,200,Dantzig,highs,DantzigFarkas,3,50,3547.411575237463,inf,nan,6071.026914783789,0,205,245,0.563217,0.017371,0.600074,8625,15313.813325947194,0.7040816326530613,0,0,"{timeout:600,max_col_multiplier:1,age_limit:132,random_seed:2,replication:3,num_threads:128,set_partition:true}",1
b05200.json.gz,b,5,200,Dantzig,highs,DantzigFarkas,4,50,3547.411575237463,inf,,6027.276362694697,,205,245,0.497646,0.01742,0.53399,7951,15977.220755316028,32.453061224489794,0,0,"{timeout:600,max_col_multiplier:1,age_limit:132,random_seed:3,replication:4,num_threads:128,set_partition:true}",-1
b05200.json.gz,b,5,200,Dantzig,highs,DantzigFarkas,4,50,3547.411575237463,inf,nan,6027.276362694697,0,205,245,0.497646,0.01742,0.534,7951,15977.220755316028,0.6490612244897959,0,0,"{timeout:600,max_col_multiplier:1,age_limit:132,random_seed:3,replication:4,num_threads:128,set_partition:true}",1
b05200.json.gz,b,5,200,Dantzig,highs,DantzigFarkas,5,51,3547.411575237463,inf,,6006.806615940851,,205,250,0.516163,0.017625,0.551478,8282,16045.319017442163,33.128,0,0,"{timeout:600,max_col_multiplier:1,age_limit:132,random_seed:4,replication:5,num_threads:128,set_partition:true}",-1
b05200.json.gz,b,5,200,Dantzig,highs,DantzigFarkas,5,51,3547.411575237463,inf,nan,6006.806615940851,0,205,250,0.516163,0.017625,0.551485,8282,16045.319017442163,0.6495686274509804,0,0,"{timeout:600,max_col_multiplier:1,age_limit:132,random_seed:4,replication:5,num_threads:128,set_partition:true}",1
b05200.json.gz,b,5,200,LagrangeTemplate,highs,LTFarkas,1,43,3547.411575237463,3687.999999999681,,3687.999999999681,,5,210,0.083206,0.022507,0.11289,2578,30983.342547412445,12.276190476190477,1,0,"{timeout:600,max_col_multiplier:1,age_limit:4,random_seed:0,replication:1,num_threads:128,set_partition:true}",-1
b05200.json.gz,b,5,200,LagrangeTemplate,highs,LTFarkas,1,43,3547.411575237463,3687.999999999681,3.796095444677151,3687.999999999681,0,5,210,0.083206,0.022507,0.112896,2578,30983.342547412445,0.2854928017718716,1,0,"{timeout:600,max_col_multiplier:1,age_limit:4,random_seed:0,replication:1,num_threads:128,set_partition:true}",1
b05200.json.gz,b,5,200,LagrangeTemplate,highs,LTFarkas,2,65,3547.411575237463,inf,,3985.8557085233433,,124,320,0.233418,0.034634,0.284757,5452,23357.238944725774,17.0375,0,0,"{timeout:600,max_col_multiplier:1,age_limit:4,random_seed:1,replication:2,num_threads:128,set_partition:true}",-1
b05200.json.gz,b,5,200,LagrangeTemplate,highs,LTFarkas,2,65,3547.411575237463,inf,nan,3985.8557085233433,0,124,320,0.233418,0.034634,0.284763,5452,23357.238944725774,0.26211538461538464,0,0,"{timeout:600,max_col_multiplier:1,age_limit:4,random_seed:1,replication:2,num_threads:128,set_partition:true}",1
b05200.json.gz,b,5,200,LagrangeTemplate,highs,LTFarkas,3,41,3547.411575237463,3606,,3606,,5,200,0.093693,0.01994,0.120485,2880,30738.689122986776,14.4,1,0,"{timeout:600,max_col_multiplier:1,age_limit:4,random_seed:2,replication:3,num_threads:128,set_partition:true}",-1
b05200.json.gz,b,5,200,LagrangeTemplate,highs,LTFarkas,3,41,3547.411575237463,3606,1.6084303937881308,3606,0,5,200,0.093693,0.01994,0.120492,2880,30738.689122986776,0.351219512195122,1,0,"{timeout:600,max_col_multiplier:1,age_limit:4,random_seed:2,replication:3,num_threads:128,set_partition:true}",1
b05200.json.gz,b,5,200,LagrangeTemplate,highs,LTFarkas,4,59,3547.411575237463,inf,,3873.669883634733,,108,290,0.177567,0.03953,0.228653,4470,25173.596445285442,15.413793103448276,0,0,"{timeout:600,max_col_multiplier:1,age_limit:4,random_seed:3,replication:4,num_threads:128,set_partition:true}",-1
b05200.json.gz,b,5,200,LagrangeTemplate,highs,LTFarkas,4,59,3547.411575237463,inf,nan,3873.669883634733,0,108,290,0.177567,0.03953,0.228663,4470,25173.596445285442,0.26125073056691994,0,0,"{timeout:600,max_col_multiplier:1,age_limit:4,random_seed:3,replication:4,num_threads:128,set_partition:true}",1
b05200.json.gz,b,5,200,LagrangeTemplate,highs,LTFarkas,5,47,3547.411575237463,3593,,3593,,5,230,0.141621,0.022834,0.174129,3859,27248.78372557742,16.778260869565216,1,0,"{timeout:600,max_col_multiplier:1,age_limit:4,random_seed:4,replication:5,num_threads:128,set_partition:true}",-1
b05200.json.gz,b,5,200,LagrangeTemplate,highs,LTFarkas,5,47,3547.411575237463,3593,1.2524352908433063,3593,0,5,230,0.141621,0.022834,0.174138,3859,27248.78372557742,0.3569842738205365,1,0,"{timeout:600,max_col_multiplier:1,age_limit:4,random_seed:4,replication:5,num_threads:128,set_partition:true}",1
b05200.json.gz,b,5,200,MipTemplate,highs,MTFarkas,1,43,3547.411575237463,3661,,3661,,5,210,0.046601,0.837244,0.894311,570,12231.497178172143,2.7142857142857144,1,0,"{timeout:600,max_col_multiplier:1,age_limit:4,random_seed:0,replication:1,num_threads:128,set_partition:true}",-1
b05200.json.gz,b,5,200,MipTemplate,highs,MTFarkas,1,43,3547.411575237463,3661,3.086588363835018,3661,0,5,210,0.046601,0.837244,0.894328,570,12231.497178172143,0.06312292358803986,1,0,"{timeout:600,max_col_multiplier:1,age_limit:4,random_seed:0,replication:1,num_threads:128,set_partition:true}",1
b05200.json.gz,b,5,200,MipTemplate,highs,MTFarkas,2,32,3547.411575237463,3619,,3619,,5,155,0.031624,0.734401,0.776119,529,16727.801669618013,3.412903225806452,1,0,"{timeout:600,max_col_multiplier:1,age_limit:4,random_seed:1,replication:2,num_threads:128,set_partition:true}",-1
b05200.json.gz,b,5,200,MipTemplate,highs,MTFarkas,2,32,3547.411575237463,3619,1.961867919314728,3619,0,5,155,0.031624,0.734401,0.776133,529,16727.801669618013,0.10665322580645162,1,0,"{timeout:600,max_col_multiplier:1,age_limit:4,random_seed:1,replication:2,num_threads:128,set_partition:true}",1
b05200.json.gz,b,5,200,MipTemplate,highs,MTFarkas,3,31,3547.411575237463,3651,,3651,,5,150,0.02803,0.660853,0.698811,491,17516.94612914734,3.2733333333333334,1,0,"{timeout:600,max_col_multiplier:1,age_limit:4,random_seed:2,replication:3,num_threads:128,set_partition:true}",-1
b05200.json.gz,b,5,200,MipTemplate,highs,MTFarkas,3,31,3547.411575237463,3651,2.821144891810463,3651,0,5,150,0.02803,0.660853,0.698825,491,17516.94612914734,0.10559139784946237,1,0,"{timeout:600,max_col_multiplier:1,age_limit:4,random_seed:2,replication:3,num_threads:128,set_partition:true}",1
b05200.json.gz,b,5,200,MipTemplate,highs,MTFarkas,4,25,3547.411575237463,3648,,3648,,5,120,0.021166,0.553105,0.584208,434,20504.58282150619,3.6166666666666667,1,0,"{timeout:600,max_col_multiplier:1,age_limit:4,random_seed:3,replication:4,num_threads:128,set_partition:true}",-1
b05200.json.gz,b,5,200,MipTemplate,highs,MTFarkas,4,25,3547.411575237463,3648,2.7412280701754383,3648,0,5,120,0.021166,0.553105,0.584223,434,20504.58282150619,0.14466666666666667,1,0,"{timeout:600,max_col_multiplier:1,age_limit:4,random_seed:3,replication:4,num_threads:128,set_partition:true}",1
b05200.json.gz,b,5,200,MipTemplate,highs,MTFarkas,5,34,3547.411575237463,3632,,3632,,5,165,0.031977,0.546264,0.588222,529,16543.14038214967,3.206060606060606,1,0,"{timeout:600,max_col_multiplier:1,age_limit:4,random_seed:4,replication:5,num_threads:128,set_partition:true}",-1
b05200.json.gz,b,5,200,MipTemplate,highs,MTFarkas,5,34,3547.411575237463,3632,2.3127753303964758,3632,0,5,165,0.031977,0.546264,0.588236,529,16543.14038214967,0.09429590017825312,1,0,"{timeout:600,max_col_multiplier:1,age_limit:4,random_seed:4,replication:5,num_threads:128,set_partition:true}",1
b10100.json.gz,b,10,100,Dantzig,highs,DantzigFarkas,1,24,1400.6719575609284,inf,,2977.399407498004,,110,230,0.039256,0.007328,0.051048,2076,52883.63562257999,9.02608695652174,0,0,"{timeout:600,max_col_multiplier:1,age_limit:10,random_seed:0,replication:1,num_threads:128,set_partition:true}",-1
b10100.json.gz,b,10,100,Dantzig,highs,DantzigFarkas,1,24,1400.6719575609284,inf,nan,2977.399407498004,0,110,230,0.039256,0.007328,0.051055,2076,52883.63562257999,0.3760869565217391,0,0,"{timeout:600,max_col_multiplier:1,age_limit:10,random_seed:0,replication:1,num_threads:128,set_partition:true}",1
b10100.json.gz,b,10,100,Dantzig,highs,DantzigFarkas,2,24,1400.6719575609284,inf,,2895.888405241351,,110,230,0.039339,0.010547,0.054381,1999,50814.713134548416,8.691304347826087,0,0,"{timeout:600,max_col_multiplier:1,age_limit:10,random_seed:1,replication:2,num_threads:128,set_partition:true}",-1
b10100.json.gz,b,10,100,Dantzig,highs,DantzigFarkas,2,24,1400.6719575609284,inf,nan,2895.888405241351,0,110,230,0.039339,0.010547,0.05439,1999,50814.713134548416,0.3621376811594203,0,0,"{timeout:600,max_col_multiplier:1,age_limit:10,random_seed:1,replication:2,num_threads:128,set_partition:true}",1
b10100.json.gz,b,10,100,Dantzig,highs,DantzigFarkas,3,26,1400.6719575609284,inf,,2871.5427416346993,,110,250,0.048485,0.008532,0.063415,2164,44632.360523873365,8.656,0,0,"{timeout:600,max_col_multiplier:1,age_limit:10,random_seed:2,replication:3,num_threads:128,set_partition:true}",-1
b10100.json.gz,b,10,100,Dantzig,highs,DantzigFarkas,3,26,1400.6719575609284,inf,nan,2871.5427416346993,0,110,250,0.048485,0.008532,0.063421,2164,44632.360523873365,0.33292307692307693,0,0,"{timeout:600,max_col_multiplier:1,age_limit:10,random_seed:2,replication:3,num_threads:128,set_partition:true}",1
b10100.json.gz,b,10,100,Dantzig,highs,DantzigFarkas,4,25,1400.6719575609284,inf,,3007.750703935536,,110,240,0.039228,0.01013,0.054006,1910,48689.71143061079,7.958333333333333,0,0,"{timeout:600,max_col_multiplier:1,age_limit:10,random_seed:3,replication:4,num_threads:128,set_partition:true}",-1
b10100.json.gz,b,10,100,Dantzig,highs,DantzigFarkas,4,25,1400.6719575609284,inf,nan,3007.750703935536,0,110,240,0.039228,0.01013,0.054017,1910,48689.71143061079,0.3183333333333333,0,0,"{timeout:600,max_col_multiplier:1,age_limit:10,random_seed:3,replication:4,num_threads:128,set_partition:true}",1
b10100.json.gz,b,10,100,Dantzig,highs,DantzigFarkas,5,23,1400.6719575609284,inf,,2959.964118656923,,110,220,0.038601,0.007605,0.050367,2028,52537.49902852257,9.218181818181819,0,0,"{timeout:600,max_col_multiplier:1,age_limit:10,random_seed:4,replication:5,num_threads:128,set_partition:true}",-1
b10100.json.gz,b,10,100,Dantzig,highs,DantzigFarkas,5,23,1400.6719575609284,inf,nan,2959.964118656923,0,110,220,0.038601,0.007605,0.050376,2028,52537.49902852257,0.4007905138339921,0,0,"{timeout:600,max_col_multiplier:1,age_limit:10,random_seed:4,replication:5,num_threads:128,set_partition:true}",1
b10100.json.gz,b,10,100,LagrangeTemplate,highs,LTFarkas,1,7,1400.6719575609284,1472,,1472,,10,60,0.002103,0.002478,0.007173,215,102234.90252020923,3.5833333333333335,1,0,"{timeout:600,max_col_multiplier:1,age_limit:2,random_seed:0,replication:1,num_threads:128,set_partition:true}",-1
b10100.json.gz,b,10,100,LagrangeTemplate,highs,LTFarkas,1,7,1400.6719575609284,1472,4.823369565217392,1472,0,10,60,0.002103,0.002478,0.007183,215,102234.90252020923,0.511904761904762,1,0,"{timeout:600,max_col_multiplier:1,age_limit:2,random_seed:0,replication:1,num_threads:128,set_partition:true}",1
b10100.json.gz,b,10,100,LagrangeTemplate,highs,LTFarkas,2,10,1400.6719575609284,1489,,1489,,10,90,0.002866,0.003343,0.008845,264,92114.44521981856,2.933333333333333,1,0,"{timeout:600,max_col_multiplier:1,age_limit:2,random_seed:1,replication:2,num_threads:128,set_partition:true}",-1
b10100.json.gz,b,10,100,LagrangeTemplate,highs,LTFarkas,2,10,1400.6719575609284,1489,5.910006715916722,1489,0,10,90,0.002866,0.003343,0.008851,264,92114.44521981856,0.29333333333333333,1,0,"{timeout:600,max_col_multiplier:1,age_limit:2,random_seed:1,replication:2,num_threads:128,set_partition:true}",1
b10100.json.gz,b,10,100,LagrangeTemplate,highs,LTFarkas,3,11,1400.6719575609284,1467,,1467,,10,100,0.003145,0.003519,0.009404,281,89348.17170111288,2.81,1,0,"{timeout:600,max_col_multiplier:1,age_limit:2,random_seed:2,replication:3,num_threads:128,set_partition:true}",-1
b10100.json.gz,b,10,100,LagrangeTemplate,highs,LTFarkas,3,11,1400.6719575609284,1467,4.4989775051124745,1467,0,10,100,0.003145,0.003519,0.009414,281,89348.17170111288,0.25545454545454543,1,0,"{timeout:600,max_col_multiplier:1,age_limit:2,random_seed:2,replication:3,num_threads:128,set_partition:true}",1
b10100.json.gz,b,10,100,LagrangeTemplate,highs,LTFarkas,4,9,1400.6719575609284,1486,,1486,,10,80,0.002653,0.002964,0.008386,253,95363.73916321146,3.1625,1,0,"{timeout:600,max_col_multiplier:1,age_limit:2,random_seed:3,replication:4,num_threads:128,set_partition:true}",-1
b10100.json.gz,b,10,100,LagrangeTemplate,highs,LTFarkas,4,9,1400.6719575609284,1486,5.720053835800807,1486,0,10,80,0.002653,0.002964,0.008393,253,95363.73916321146,0.3513888888888889,1,0,"{timeout:600,max_col_multiplier:1,age_limit:2,random_seed:3,replication:4,num_threads:128,set_partition:true}",1
b10100.json.gz,b,10,100,LagrangeTemplate,highs,LTFarkas,5,9,1400.6719575609284,1538,,1538,,10,80,0.002619,0.002897,0.008184,276,105383.73424971364,3.45,1,0,"{timeout:600,max_col_multiplier:1,age_limit:2,random_seed:4,replication:5,num_threads:128,set_partition:true}",-1
b10100.json.gz,b,10,100,LagrangeTemplate,highs,LTFarkas,5,9,1400.6719575609284,1538,8.907672301690507,1538,0,10,80,0.002619,0.002897,0.008193,276,105383.73424971364,0.38333333333333336,1,0,"{timeout:600,max_col_multiplier:1,age_limit:2,random_seed:4,replication:5,num_threads:128,set_partition:true}",1
b10100.json.gz,b,10,100,MipTemplate,highs,MTFarkas,1,8,1400.6719575609284,1466,,1466,,10,70,0.003102,0.141546,0.151204,211,68020.63185041909,3.0142857142857142,1,0,"{timeout:600,max_col_multiplier:1,age_limit:2,random_seed:0,replication:1,num_threads:128,set_partition:true}",-1
b10100.json.gz,b,10,100,MipTemplate,highs,MTFarkas,1,8,1400.6719575609284,1466,4.433833560709413,1466,0,10,70,0.003102,0.141546,0.15122,211,68020.63185041909,0.3767857142857143,1,0,"{timeout:600,max_col_multiplier:1,age_limit:2,random_seed:0,replication:1,num_threads:128,set_partition:true}",1
b10100.json.gz,b,10,100,MipTemplate,highs,MTFarkas,2,10,1400.6719575609284,1489,,1489,,10,90,0.00353,0.206208,0.217743,235,66572.23796033995,2.611111111111111,1,0,"{timeout:600,max_col_multiplier:1,age_limit:2,random_seed:1,replication:2,num_threads:128,set_partition:true}",-1
b10100.json.gz,b,10,100,MipTemplate,highs,MTFarkas,2,10,1400.6719575609284,1489,5.910006715916722,1489,0,10,90,0.00353,0.206208,0.21776,235,66572.23796033995,0.2611111111111111,1,0,"{timeout:600,max_col_multiplier:1,age_limit:2,random_seed:1,replication:2,num_threads:128,set_partition:true}",1
b10100.json.gz,b,10,100,MipTemplate,highs,MTFarkas,3,11,1400.6719575609284,1479,,1479,,10,100,0.005299,0.271705,0.285433,255,48122.28722400453,2.55,1,0,"{timeout:600,max_col_multiplier:1,age_limit:2,random_seed:2,replication:3,num_threads:128,set_partition:true}",-1
b10100.json.gz,b,10,100,MipTemplate,highs,MTFarkas,3,11,1400.6719575609284,1479,5.273833671399594,1479,0,10,100,0.005299,0.271705,0.285447,255,48122.28722400453,0.2318181818181818,1,0,"{timeout:600,max_col_multiplier:1,age_limit:2,random_seed:2,replication:3,num_threads:128,set_partition:true}",1
b10100.json.gz,b,10,100,MipTemplate,highs,MTFarkas,4,9,1400.6719575609284,1492,,1492,,10,80,0.003773,0.129805,0.141665,220,58309.03790087464,2.75,1,0,"{timeout:600,max_col_multiplier:1,age_limit:2,random_seed:3,replication:4,num_threads:128,set_partition:true}",-1
b10100.json.gz,b,10,100,MipTemplate,highs,MTFarkas,4,9,1400.6719575609284,1492,6.099195710455764,1492,0,10,80,0.003773,0.129805,0.141676,220,58309.03790087464,0.3055555555555556,1,0,"{timeout:600,max_col_multiplier:1,age_limit:2,random_seed:3,replication:4,num_threads:128,set_partition:true}",1
b10100.json.gz,b,10,100,MipTemplate,highs,MTFarkas,5,8,1400.6719575609284,1476,,1476,,10,70,0.003151,0.133094,0.144417,221,70136.46461440812,3.157142857142857,1,0,"{timeout:600,max_col_multiplier:1,age_limit:2,random_seed:4,replication:5,num_threads:128,set_partition:true}",-1
b10100.json.gz,b,10,100,MipTemplate,highs,MTFarkas,5,8,1400.6719575609284,1476,5.08130081300813,1476,0,10,70,0.003151,0.133094,0.144431,221,70136.46461440812,0.39464285714285713,1,0,"{timeout:600,max_col_multiplier:1,age_limit:2,random_seed:4,replication:5,num_threads:128,set_partition:true}",1
b10200.json.gz,b,10,200,Dantzig,highs,DantzigFarkas,1,36,2815.0506728107584,inf,,6026.27433922132,,210,350,0.305157,0.013081,0.338603,6468,21195.64683097553,18.48,0,0,"{timeout:600,max_col_multiplier:1,age_limit:34,random_seed:0,replication:1,num_threads:128,set_partition:true}",-1
b10200.json.gz,b,10,200,Dantzig,highs,DantzigFarkas,1,36,2815.0506728107584,inf,nan,6026.27433922132,0,210,350,0.305157,0.013081,0.338615,6468,21195.64683097553,0.5133333333333333,0,0,"{timeout:600,max_col_multiplier:1,age_limit:34,random_seed:0,replication:1,num_threads:128,set_partition:true}",1
b10200.json.gz,b,10,200,Dantzig,highs,DantzigFarkas,2,32,2815.0506728107584,inf,,6060.457056539468,,210,310,0.237785,0.013506,0.267448,6010,25274.933238009125,19.387096774193548,0,0,"{timeout:600,max_col_multiplier:1,age_limit:34,random_seed:1,replication:2,num_threads:128,set_partition:true}",-1
b10200.json.gz,b,10,200,Dantzig,highs,DantzigFarkas,2,32,2815.0506728107584,inf,nan,6060.457056539468,0,210,310,0.237785,0.013506,0.267454,6010,25274.933238009125,0.6058467741935484,0,0,"{timeout:600,max_col_multiplier:1,age_limit:34,random_seed:1,replication:2,num_threads:128,set_partition:true}",1
b10200.json.gz,b,10,200,Dantzig,highs,DantzigFarkas,3,35,2815.0506728107584,inf,,6012.205888706475,,210,340,0.261308,0.012205,0.298879,5935,22712.66092121175,17.455882352941178,0,0,"{timeout:600,max_col_multiplier:1,age_limit:34,random_seed:2,replication:3,num_threads:128,set_partition:true}",-1
b10200.json.gz,b,10,200,Dantzig,highs,DantzigFarkas,3,35,2815.0506728107584,inf,nan,6012.205888706475,0,210,340,0.261308,0.012205,0.298886,5935,22712.66092121175,0.49873949579831933,0,0,"{timeout:600,max_col_multiplier:1,age_limit:34,random_seed:2,replication:3,num_threads:128,set_partition:true}",1
b10200.json.gz,b,10,200,Dantzig,highs,DantzigFarkas,4,36,2815.0506728107584,inf,,6009.566418715228,,210,350,0.316333,0.015189,0.347627,6752,21344.59572665514,19.291428571428572,0,0,"{timeout:600,max_col_multiplier:1,age_limit:34,random_seed:3,replication:4,num_threads:128,set_partition:true}",-1
b10200.json.gz,b,10,200,Dantzig,highs,DantzigFarkas,4,36,2815.0506728107584,inf,nan,6009.566418715228,0,210,350,0.316333,0.015189,0.347633,6752,21344.59572665514,0.5358730158730158,0,0,"{timeout:600,max_col_multiplier:1,age_limit:34,random_seed:3,replication:4,num_threads:128,set_partition:true}",1
b10200.json.gz,b,10,200,Dantzig,highs,DantzigFarkas,5,37,2815.0506728107584,inf,,6053.92921129383,,210,360,0.362462,0.014238,0.407967,6780,18705.409118749,18.833333333333332,0,0,"{timeout:600,max_col_multiplier:1,age_limit:34,random_seed:4,replication:5,num_threads:128,set_partition:true}",-1
b10200.json.gz,b,10,200,Dantzig,highs,DantzigFarkas,5,37,2815.0506728107584,inf,nan,6053.92921129383,0,210,360,0.362462,0.014238,0.407975,6780,18705.409118749,0.509009009009009,0,0,"{timeout:600,max_col_multiplier:1,age_limit:34,random_seed:4,replication:5,num_threads:128,set_partition:true}",1
b10200.json.gz,b,10,200,LagrangeTemplate,highs,LTFarkas,1,22,2815.0506728107584,2902,,2902,,10,210,0.029052,0.011052,0.047596,1354,46606.085639542885,6.447619047619048,1,0,"{timeout:600,max_col_multiplier:1,age_limit:2,random_seed:0,replication:1,num_threads:128,set_partition:true}",-1
b10200.json.gz,b,10,200,LagrangeTemplate,highs,LTFarkas,1,22,2815.0506728107584,2902,2.963473466574776,2902,0,10,210,0.029052,0.011052,0.047603,1354,46606.085639542885,0.2930735930735931,1,0,"{timeout:600,max_col_multiplier:1,age_limit:2,random_seed:0,replication:1,num_threads:128,set_partition:true}",1
b10200.json.gz,b,10,200,LagrangeTemplate,highs,LTFarkas,2,20,2815.0506728107584,2913,,2913,,10,190,0.023399,0.009106,0.040564,1151,49190.13633061242,6.057894736842106,1,0,"{timeout:600,max_col_multiplier:1,age_limit:2,random_seed:1,replication:2,num_threads:128,set_partition:true}",-1
b10200.json.gz,b,10,200,LagrangeTemplate,highs,LTFarkas,2,20,2815.0506728107584,2913,3.3299004462753174,2913,0,10,190,0.023399,0.009106,0.040569,1151,49190.13633061242,0.30289473684210527,1,0,"{timeout:600,max_col_multiplier:1,age_limit:2,random_seed:1,replication:2,num_threads:128,set_partition:true}",1
b10200.json.gz,b,10,200,LagrangeTemplate,highs,LTFarkas,3,14,2815.0506728107584,2903,,2903,,10,130,0.007043,0.005701,0.018862,574,81499.36106772683,4.415384615384616,1,0,"{timeout:600,max_col_multiplier:1,age_limit:2,random_seed:2,replication:3,num_threads:128,set_partition:true}",-1
b10200.json.gz,b,10,200,LagrangeTemplate,highs,LTFarkas,3,14,2815.0506728107584,2903,2.9968997588701343,2903,0,10,130,0.007043,0.005701,0.018872,574,81499.36106772683,0.31538461538461543,1,0,"{timeout:600,max_col_multiplier:1,age_limit:2,random_seed:2,replication:3,num_threads:128,set_partition:true}",1
b10200.json.gz,b,10,200,LagrangeTemplate,highs,LTFarkas,4,13,2815.0506728107584,2947,,2947,,10,120,0.005931,0.005193,0.017123,523,88180.74523689091,4.358333333333333,1,0,"{timeout:600,max_col_multiplier:1,age_limit:2,random_seed:3,replication:4,num_threads:128,set_partition:true}",-1
b10200.json.gz,b,10,200,LagrangeTemplate,highs,LTFarkas,4,13,2815.0506728107584,2947,4.445198506956227,2947,0,10,120,0.005931,0.005193,0.01713,523,88180.74523689091,0.3352564102564103,1,0,"{timeout:600,max_col_multiplier:1,age_limit:2,random_seed:3,replication:4,num_threads:128,set_partition:true}",1
b10200.json.gz,b,10,200,LagrangeTemplate,highs,LTFarkas,5,21,2815.0506728107584,2980,,2980,,10,200,0.02395,0.008389,0.04035,1237,51649.26931106472,6.185,1,0,"{timeout:600,max_col_multiplier:1,age_limit:2,random_seed:4,replication:5,num_threads:128,set_partition:true}",-1
b10200.json.gz,b,10,200,LagrangeTemplate,highs,LTFarkas,5,21,2815.0506728107584,2980,5.503355704697987,2980,0,10,200,0.02395,0.008389,0.040356,1237,51649.26931106472,0.2945238095238095,1,0,"{timeout:600,max_col_multiplier:1,age_limit:2,random_seed:4,replication:5,num_threads:128,set_partition:true}",1
b10200.json.gz,b,10,200,MipTemplate,highs,MTFarkas,1,14,2815.0506728107584,2939,,2939,,10,130,0.011933,0.330712,0.358277,466,39051.37015000419,3.5846153846153848,1,0,"{timeout:600,max_col_multiplier:1,age_limit:2,random_seed:0,replication:1,num_threads:128,set_partition:true}",-1
b10200.json.gz,b,10,200,MipTemplate,highs,MTFarkas,1,14,2815.0506728107584,2939,4.185096971759101,2939,0,10,130,0.011933,0.330712,0.358291,466,39051.37015000419,0.2560439560439561,1,0,"{timeout:600,max_col_multiplier:1,age_limit:2,random_seed:0,replication:1,num_threads:128,set_partition:true}",1
b10200.json.gz,b,10,200,MipTemplate,highs,MTFarkas,2,14,2815.0506728107584,2923,,2923,,10,130,0.010762,0.324867,0.350821,456,42371.3064486155,3.5076923076923077,1,0,"{timeout:600,max_col_multiplier:1,age_limit:2,random_seed:1,replication:2,num_threads:128,set_partition:true}",-1
b10200.json.gz,b,10,200,MipTemplate,highs,MTFarkas,2,14,2815.0506728107584,2923,3.66062264796442,2923,0,10,130,0.010762,0.324867,0.350835,456,42371.3064486155,0.25054945054945055,1,0,"{timeout:600,max_col_multiplier:1,age_limit:2,random_seed:1,replication:2,num_threads:128,set_partition:true}",1
b10200.json.gz,b,10,200,MipTemplate,highs,MTFarkas,3,12,2815.0506728107584,2941,,2941,,10,110,0.008166,0.24924,0.272626,425,52045.06490325741,3.8636363636363638,1,0,"{timeout:600,max_col_multiplier:1,age_limit:2,random_seed:2,replication:3,num_threads:128,set_partition:true}",-1
b10200.json.gz,b,10,200,MipTemplate,highs,MTFarkas,3,12,2815.0506728107584,2941,4.250255015300918,2941,0,10,110,0.008166,0.24924,0.27264,425,52045.06490325741,0.32196969696969696,1,0,"{timeout:600,max_col_multiplier:1,age_limit:2,random_seed:2,replication:3,num_threads:128,set_partition:true}",1
b10200.json.gz,b,10,200,MipTemplate,highs,MTFarkas,4,14,2815.0506728107584,2909,,2909,,10,130,0.010826,0.331918,0.357751,447,41289.48826898208,3.4384615384615387,1,0,"{timeout:600,max_col_multiplier:1,age_limit:2,random_seed:3,replication:4,num_threads:128,set_partition:true}",-1
b10200.json.gz,b,10,200,MipTemplate,highs,MTFarkas,4,14,2815.0506728107584,2909,3.1969749054657957,2909,0,10,130,0.010826,0.331918,0.357764,447,41289.48826898208,0.24560439560439562,1,0,"{timeout:600,max_col_multiplier:1,age_limit:2,random_seed:3,replication:4,num_threads:128,set_partition:true}",1
b10200.json.gz,b,10,200,MipTemplate,highs,MTFarkas,5,11,2815.0506728107584,2923,,2923,,10,100,0.007813,0.202091,0.225026,428,54780.4940483809,4.28,1,0,"{timeout:600,max_col_multiplier:1,age_limit:2,random_seed:4,replication:5,num_threads:128,set_partition:true}",-1
b10200.json.gz,b,10,200,MipTemplate,highs,MTFarkas,5,11,2815.0506728107584,2923,3.66062264796442,2923,0,10,100,0.007813,0.202091,0.225039,428,54780.4940483809,0.3890909090909091,1,0,"{timeout:600,max_col_multiplier:1,age_limit:2,random_seed:4,replication:5,num_threads:128,set_partition:true}",1
b20100.json.gz,b,20,100,Dantzig,highs,DantzigFarkas,1,24,1155.1814331117193,inf,,2812.1290660405184,,116,460,0.058564,0.008184,0.073538,3084,52660.337408646956,6.7043478260869565,0,0,"{timeout:600,max_col_multiplier:1,age_limit:4,random_seed:0,replication:1,num_threads:128,set_partition:true}",-1
b20100.json.gz,b,20,100,Dantzig,highs,DantzigFarkas,1,24,1155.1814331117193,inf,nan,2812.1290660405184,0,116,460,0.058564,0.008184,0.073553,3084,52660.337408646956,0.2793478260869565,0,0,"{timeout:600,max_col_multiplier:1,age_limit:4,random_seed:0,replication:1,num_threads:128,set_partition:true}",1
b20100.json.gz,b,20,100,Dantzig,highs,DantzigFarkas,2,23,1155.1814331117193,inf,,2647.2701377667577,,110,440,0.053994,0.010107,0.074441,2808,52005.778419824426,6.381818181818182,0,0,"{timeout:600,max_col_multiplier:1,age_limit:4,random_seed:1,replication:2,num_threads:128,set_partition:true}",-1
b20100.json.gz,b,20,100,Dantzig,highs,DantzigFarkas,2,23,1155.1814331117193,inf,nan,2647.2701377667577,0,110,440,0.053994,0.010107,0.074447,2808,52005.778419824426,0.2774703557312253,0,0,"{timeout:600,max_col_multiplier:1,age_limit:4,random_seed:1,replication:2,num_threads:128,set_partition:true}",1
b20100.json.gz,b,20,100,Dantzig,highs,DantzigFarkas,3,24,1155.1814331117193,inf,,2794.735468452916,,106,460,0.054927,0.008924,0.070181,2919,53143.262876181114,6.345652173913043,0,0,"{timeout:600,max_col_multiplier:1,age_limit:4,random_seed:2,replication:3,num_threads:128,set_partition:true}",-1
b20100.json.gz,b,20,100,Dantzig,highs,DantzigFarkas,3,24,1155.1814331117193,inf,nan,2794.735468452916,0,106,460,0.054927,0.008924,0.070187,2919,53143.262876181114,0.2644021739130435,0,0,"{timeout:600,max_col_multiplier:1,age_limit:4,random_seed:2,replication:3,num_threads:128,set_partition:true}",1
b20100.json.gz,b,20,100,Dantzig,highs,DantzigFarkas,4,22,1155.1814331117193,inf,,2790.307879184019,,110,420,0.052423,0.008204,0.068504,2691,51332.43042176144,6.4071428571428575,0,0,"{timeout:600,max_col_multiplier:1,age_limit:4,random_seed:3,replication:4,num_threads:128,set_partition:true}",-1
b20100.json.gz,b,20,100,Dantzig,highs,DantzigFarkas,4,22,1155.1814331117193,inf,nan,2790.307879184019,0,110,420,0.052423,0.008204,0.06851,2691,51332.43042176144,0.29123376623376623,0,0,"{timeout:600,max_col_multiplier:1,age_limit:4,random_seed:3,replication:4,num_threads:128,set_partition:true}",1
b20100.json.gz,b,20,100,Dantzig,highs,DantzigFarkas,5,24,1155.1814331117193,inf,,2788.9134634268817,,114,460,0.059628,0.009019,0.077214,2975,49892.667874153085,6.467391304347826,0,0,"{timeout:600,max_col_multiplier:1,age_limit:4,random_seed:4,replication:5,num_threads:128,set_partition:true}",-1
b20100.json.gz,b,20,100,Dantzig,highs,DantzigFarkas,5,24,1155.1814331117193,inf,nan,2788.9134634268817,0,114,460,0.059628,0.009019,0.077222,2975,49892.667874153085,0.2694746376811594,0,0,"{timeout:600,max_col_multiplier:1,age_limit:4,random_seed:4,replication:5,num_threads:128,set_partition:true}",1
b20100.json.gz,b,20,100,LagrangeTemplate,highs,LTFarkas,1,6,1155.1814331117193,inf,,1264,,27,100,0.002068,0.002604,0.009025,246,118955.51257253386,2.46,0,0,"{timeout:600,max_col_multiplier:1,age_limit:2,random_seed:0,replication:1,num_threads:128,set_partition:true}",-1
b20100.json.gz,b,20,100,LagrangeTemplate,highs,LTFarkas,1,6,1155.1814331117193,inf,nan,1264,0,27,100,0.002068,0.002604,0.00903,246,118955.51257253386,0.41,0,0,"{timeout:600,max_col_multiplier:1,age_limit:2,random_seed:0,replication:1,num_threads:128,set_partition:true}",1
b20100.json.gz,b,20,100,LagrangeTemplate,highs,LTFarkas,2,5,1155.1814331117193,inf,,1243.5,,22,80,0.001201,0.001894,0.007486,231,192339.7169025812,2.8875,0,0,"{timeout:600,max_col_multiplier:1,age_limit:2,random_seed:1,replication:2,num_threads:128,set_partition:true}",-1
b20100.json.gz,b,20,100,LagrangeTemplate,highs,LTFarkas,2,5,1155.1814331117193,inf,nan,1243.5,0,22,80,0.001201,0.001894,0.007495,231,192339.7169025812,0.5775,0,0,"{timeout:600,max_col_multiplier:1,age_limit:2,random_seed:1,replication:2,num_threads:128,set_partition:true}",1
b20100.json.gz,b,20,100,LagrangeTemplate,highs,LTFarkas,3,5,1155.1814331117193,1300,,1300,,20,80,0.001194,0.001507,0.007056,236,197654.94137353436,2.95,1,0,"{timeout:600,max_col_multiplier:1,age_limit:2,random_seed:2,replication:3,num_threads:128,set_partition:true}",-1
b20100.json.gz,b,20,100,LagrangeTemplate,highs,LTFarkas,3,5,1155.1814331117193,1300,11.076923076923077,1300,0,20,80,0.001194,0.001507,0.007065,236,197654.94137353436,0.5900000000000001,1,0,"{timeout:600,max_col_multiplier:1,age_limit:2,random_seed:2,replication:3,num_threads:128,set_partition:true}",1
b20100.json.gz,b,20,100,LagrangeTemplate,highs,LTFarkas,4,5,1155.1814331117193,1276,,1276,,20,80,0.001518,0.001731,0.007691,239,157444.00527009222,2.9875,1,0,"{timeout:600,max_col_multiplier:1,age_limit:2,random_seed:3,replication:4,num_threads:128,set_partition:true}",-1
b20100.json.gz,b,20,100,LagrangeTemplate,highs,LTFarkas,4,5,1155.1814331117193,1276,9.404388714733543,1276,0,20,80,0.001518,0.001731,0.007699,239,157444.00527009222,0.5974999999999999,1,0,"{timeout:600,max_col_multiplier:1,age_limit:2,random_seed:3,replication:4,num_threads:128,set_partition:true}",1
b20100.json.gz,b,20,100,LagrangeTemplate,highs,LTFarkas,5,5,1155.1814331117193,inf,,1281.5,,25,80,0.001525,0.001675,0.007535,225,147540.98360655736,2.8125,0,0,"{timeout:600,max_col_multiplier:1,age_limit:2,random_seed:4,replication:5,num_threads:128,set_partition:true}",-1
b20100.json.gz,b,20,100,LagrangeTemplate,highs,LTFarkas,5,5,1155.1814331117193,inf,nan,1281.5,0,25,80,0.001525,0.001675,0.007545,225,147540.98360655736,0.5625,0,0,"{timeout:600,max_col_multiplier:1,age_limit:2,random_seed:4,replication:5,num_threads:128,set_partition:true}",1
b20100.json.gz,b,20,100,MipTemplate,highs,MTFarkas,1,5,1155.1814331117193,1249,,1249,,20,80,0.0021,0.103689,0.119236,236,112380.95238095238,2.95,1,0,"{timeout:600,max_col_multiplier:1,age_limit:2,random_seed:0,replication:1,num_threads:128,set_partition:true}",-1
b20100.json.gz,b,20,100,MipTemplate,highs,MTFarkas,1,5,1155.1814331117193,1249,7.44595676541233,1249,0,20,80,0.0021,0.103689,0.119251,236,112380.95238095238,0.5900000000000001,1,0,"{timeout:600,max_col_multiplier:1,age_limit:2,random_seed:0,replication:1,num_threads:128,set_partition:true}",1
b20100.json.gz,b,20,100,MipTemplate,highs,MTFarkas,2,5,1155.1814331117193,1244,,1244,,20,80,0.001991,0.083702,0.09917,239,120040.18081366147,2.9875,1,0,"{timeout:600,max_col_multiplier:1,age_limit:2,random_seed:1,replication:2,num_threads:128,set_partition:true}",-1
b20100.json.gz,b,20,100,MipTemplate,highs,MTFarkas,2,5,1155.1814331117193,1244,7.07395498392283,1244,0,20,80,0.001991,0.083702,0.099184,239,120040.18081366147,0.5974999999999999,1,0,"{timeout:600,max_col_multiplier:1,age_limit:2,random_seed:1,replication:2,num_threads:128,set_partition:true}",1
b20100.json.gz,b,20,100,MipTemplate,highs,MTFarkas,3,5,1155.1814331117193,1300,,1300,,20,80,0.001779,0.086313,0.102266,231,129848.22934232715,2.8875,1,0,"{timeout:600,max_col_multiplier:1,age_limit:2,random_seed:2,replication:3,num_threads:128,set_partition:true}",-1
b20100.json.gz,b,20,100,MipTemplate,highs,MTFarkas,3,5,1155.1814331117193,1300,11.076923076923077,1300,0,20,80,0.001779,0.086313,0.102288,231,129848.22934232715,0.5775,1,0,"{timeout:600,max_col_multiplier:1,age_limit:2,random_seed:2,replication:3,num_threads:128,set_partition:true}",1
b20100.json.gz,b,20,100,MipTemplate,highs,MTFarkas,4,6,1155.1814331117193,1238,,1238,,20,100,0.002562,0.120171,0.136958,239,93286.49492583919,2.39,1,0,"{timeout:600,max_col_multiplier:1,age_limit:2,random_seed:3,replication:4,num_threads:128,set_partition:true}",-1
b20100.json.gz,b,20,100,MipTemplate,highs,MTFarkas,4,6,1155.1814331117193,1238,6.623586429725363,1238,0,20,100,0.002562,0.120171,0.136974,239,93286.49492583919,0.3983333333333334,1,0,"{timeout:600,max_col_multiplier:1,age_limit:2,random_seed:3,replication:4,num_threads:128,set_partition:true}",1
b20100.json.gz,b,20,100,MipTemplate,highs,MTFarkas,5,5,1155.1814331117193,1252,,1252,,20,80,0.001985,0.094109,0.110602,232,116876.57430730479,2.9,1,0,"{timeout:600,max_col_multiplier:1,age_limit:2,random_seed:4,replication:5,num_threads:128,set_partition:true}",-1
b20100.json.gz,b,20,100,MipTemplate,highs,MTFarkas,5,5,1155.1814331117193,1252,7.667731629392971,1252,0,20,80,0.001985,0.094109,0.110612,232,116876.57430730479,0.58,1,0,"{timeout:600,max_col_multiplier:1,age_limit:2,random_seed:4,replication:5,num_threads:128,set_partition:true}",1
b20200.json.gz,b,20,200,Dantzig,highs,DantzigFarkas,1,40,2331.1379844826533,inf,,6086.441936301653,,220,780,0.420027,0.013959,0.460312,10283,24481.759505936523,13.183333333333334,0,0,"{timeout:600,max_col_multiplier:1,age_limit:10,random_seed:0,replication:1,num_threads:128,set_partition:true}",-1
b20200.json.gz,b,20,200,Dantzig,highs,DantzigFarkas,1,40,2331.1379844826533,inf,nan,6086.441936301653,0,220,780,0.420027,0.013959,0.460318,10283,24481.759505936523,0.32958333333333334,0,0,"{timeout:600,max_col_multiplier:1,age_limit:10,random_seed:0,replication:1,num_threads:128,set_partition:true}",1
b20200.json.gz,b,20,200,Dantzig,highs,DantzigFarkas,2,41,2331.1379844826533,inf,,5879.744627812099,,220,800,0.420798,0.015752,0.46592,10125,24061.426147462676,12.65625,0,0,"{timeout:600,max_col_multiplier:1,age_limit:10,random_seed:1,replication:2,num_threads:128,set_partition:true}",-1
b20200.json.gz,b,20,200,Dantzig,highs,DantzigFarkas,2,41,2331.1379844826533,inf,nan,5879.744627812099,0,220,800,0.420798,0.015752,0.465927,10125,24061.426147462676,0.3086890243902439,0,0,"{timeout:600,max_col_multiplier:1,age_limit:10,random_seed:1,replication:2,num_threads:128,set_partition:true}",1
b20200.json.gz,b,20,200,Dantzig,highs,DantzigFarkas,3,42,2331.1379844826533,inf,,5876.8958097956565,,220,820,0.464267,0.014203,0.517142,10487,22588.295097433158,12.789024390243902,0,0,"{timeout:600,max_col_multiplier:1,age_limit:10,random_seed:2,replication:3,num_threads:128,set_partition:true}",-1
b20200.json.gz,b,20,200,Dantzig,highs,DantzigFarkas,3,42,2331.1379844826533,inf,nan,5876.8958097956565,0,220,820,0.464267,0.014203,0.517147,10487,22588.295097433158,0.3045005807200929,0,0,"{timeout:600,max_col_multiplier:1,age_limit:10,random_seed:2,replication:3,num_threads:128,set_partition:true}",1
b20200.json.gz,b,20,200,Dantzig,highs,DantzigFarkas,4,35,2331.1379844826533,inf,,6030.280578680637,,217,680,0.344292,0.012607,0.377815,9145,26561.755718982724,13.448529411764707,0,0,"{timeout:600,max_col_multiplier:1,age_limit:10,random_seed:3,replication:4,num_threads:128,set_partition:true}",-1
b20200.json.gz,b,20,200,Dantzig,highs,DantzigFarkas,4,35,2331.1379844826533,inf,nan,6030.280578680637,0,217,680,0.344292,0.012607,0.377821,9145,26561.755718982724,0.3842436974789916,0,0,"{timeout:600,max_col_multiplier:1,age_limit:10,random_seed:3,replication:4,num_threads:128,set_partition:true}",1
b20200.json.gz,b,20,200,Dantzig,highs,DantzigFarkas,5,42,2331.1379844826533,inf,,5866.449162031611,,220,820,0.477732,0.015291,0.522931,10891,22797.300578567065,13.28170731707317,0,0,"{timeout:600,max_col_multiplier:1,age_limit:10,random_seed:4,replication:5,num_threads:128,set_partition:true}",-1
b20200.json.gz,b,20,200,Dantzig,highs,DantzigFarkas,5,42,2331.1379844826533,inf,nan,5866.449162031611,0,220,820,0.477732,0.015291,0.522939,10891,22797.300578567065,0.31623112659698027,0,0,"{timeout:600,max_col_multiplier:1,age_limit:10,random_seed:4,replication:5,num_threads:128,set_partition:true}",1
b20200.json.gz,b,20,200,LagrangeTemplate,highs,LTFarkas,1,8,2331.1379844826533,2491,,2491,,20,140,0.003321,0.002973,0.015247,447,134598.01264679313,3.192857142857143,1,0,"{timeout:600,max_col_multiplier:1,age_limit:2,random_seed:0,replication:1,num_threads:128,set_partition:true}",-1
b20200.json.gz,b,20,200,LagrangeTemplate,highs,LTFarkas,1,8,2331.1379844826533,2491,6.382978723404255,2491,0,20,140,0.003321,0.002973,0.015255,447,134598.01264679313,0.3991071428571429,1,0,"{timeout:600,max_col_multiplier:1,age_limit:2,random_seed:0,replication:1,num_threads:128,set_partition:true}",1
b20200.json.gz,b,20,200,LagrangeTemplate,highs,LTFarkas,2,8,2331.1379844826533,2467,,2467,,20,140,0.003697,0.002934,0.014731,480,129835.00135244793,3.4285714285714284,1,0,"{timeout:600,max_col_multiplier:1,age_limit:2,random_seed:1,replication:2,num_threads:128,set_partition:true}",-1
b20200.json.gz,b,20,200,LagrangeTemplate,highs,LTFarkas,2,8,2331.1379844826533,2467,5.472233481961897,2467,0,20,140,0.003697,0.002934,0.014777,480,129835.00135244793,0.42857142857142855,1,0,"{timeout:600,max_col_multiplier:1,age_limit:2,random_seed:1,replication:2,num_threads:128,set_partition:true}",1
b20200.json.gz,b,20,200,LagrangeTemplate,highs,LTFarkas,3,8,2331.1379844826533,inf,,2436,,23,140,0.003799,0.002957,0.015348,454,119505.13292971835,3.242857142857143,0,0,"{timeout:600,max_col_multiplier:1,age_limit:2,random_seed:2,replication:3,num_threads:128,set_partition:true}",-1
b20200.json.gz,b,20,200,LagrangeTemplate,highs,LTFarkas,3,8,2331.1379844826533,inf,nan,2436,0,23,140,0.003799,0.002957,0.015358,454,119505.13292971835,0.40535714285714286,0,0,"{timeout:600,max_col_multiplier:1,age_limit:2,random_seed:2,replication:3,num_threads:128,set_partition:true}",1
b20200.json.gz,b,20,200,LagrangeTemplate,highs,LTFarkas,4,8,2331.1379844826533,2449,,2449,,20,140,0.004294,0.002906,0.01569,492,114578.48160223568,3.5142857142857142,1,0,"{timeout:600,max_col_multiplier:1,age_limit:2,random_seed:3,replication:4,num_threads:128,set_partition:true}",-1
b20200.json.gz,b,20,200,LagrangeTemplate,highs,LTFarkas,4,8,2331.1379844826533,2449,4.777460187831768,2449,0,20,140,0.004294,0.002906,0.0157,492,114578.48160223568,0.4392857142857143,1,0,"{timeout:600,max_col_multiplier:1,age_limit:2,random_seed:3,replication:4,num_threads:128,set_partition:true}",1
b20200.json.gz,b,20,200,LagrangeTemplate,highs,LTFarkas,5,8,2331.1379844826533,2560,,2560,,20,140,0.003814,0.00307,0.015715,498,130571.57839538541,3.557142857142857,1,0,"{timeout:600,max_col_multiplier:1,age_limit:2,random_seed:4,replication:5,num_threads:128,set_partition:true}",-1
b20200.json.gz,b,20,200,LagrangeTemplate,highs,LTFarkas,5,8,2331.1379844826533,2560,8.90625,2560,0,20,140,0.003814,0.00307,0.015722,498,130571.57839538541,0.4446428571428571,1,0,"{timeout:600,max_col_multiplier:1,age_limit:2,random_seed:4,replication:5,num_threads:128,set_partition:true}",1
b20200.json.gz,b,20,200,MipTemplate,highs,MTFarkas,1,6,2331.1379844826533,2456,,2456,,20,100,0.004024,0.09549,0.121921,391,97166.99801192843,3.91,1,0,"{timeout:600,max_col_multiplier:1,age_limit:2,random_seed:0,replication:1,num_threads:128,set_partition:true}",-1
b20200.json.gz,b,20,200,MipTemplate,highs,MTFarkas,1,6,2331.1379844826533,2456,5.048859934853421,2456,0,20,100,0.004024,0.09549,0.121937,391,97166.99801192843,0.6516666666666667,1,0,"{timeout:600,max_col_multiplier:1,age_limit:2,random_seed:0,replication:1,num_threads:128,set_partition:true}",1
b20200.json.gz,b,20,200,MipTemplate,highs,MTFarkas,2,8,2331.1379844826533,2423,,2423,,20,140,0.005652,0.196765,0.225741,439,77671.62066525123,3.1357142857142857,1,0,"{timeout:600,max_col_multiplier:1,age_limit:2,random_seed:1,replication:2,num_threads:128,set_partition:true}",-1
b20200.json.gz,b,20,200,MipTemplate,highs,MTFarkas,2,8,2331.1379844826533,2423,3.7556747833264548,2423,0,20,140,0.005652,0.196765,0.22576,439,77671.62066525123,0.3919642857142857,1,0,"{timeout:600,max_col_multiplier:1,age_limit:2,random_seed:1,replication:2,num_threads:128,set_partition:true}",1
b20200.json.gz,b,20,200,MipTemplate,highs,MTFarkas,3,7,2331.1379844826533,2438,,2438,,20,120,0.004742,0.143939,0.171688,409,86250.52720371152,3.408333333333333,1,0,"{timeout:600,max_col_multiplier:1,age_limit:2,random_seed:2,replication:3,num_threads:128,set_partition:true}",-1
b20200.json.gz,b,20,200,MipTemplate,highs,MTFarkas,3,7,2331.1379844826533,2438,4.3478260869565215,2438,0,20,120,0.004742,0.143939,0.171703,409,86250.52720371152,0.4869047619047619,1,0,"{timeout:600,max_col_multiplier:1,age_limit:2,random_seed:2,replication:3,num_threads:128,set_partition:true}",1
b20200.json.gz,b,20,200,MipTemplate,highs,MTFarkas,4,7,2331.1379844826533,2437,,2437,,20,120,0.004684,0.139791,0.167504,416,88812.9803586678,3.466666666666667,1,0,"{timeout:600,max_col_multiplier:1,age_limit:2,random_seed:3,replication:4,num_threads:128,set_partition:true}",-1
b20200.json.gz,b,20,200,MipTemplate,highs,MTFarkas,4,7,2331.1379844826533,2437,4.308576118178087,2437,0,20,120,0.004684,0.139791,0.167518,416,88812.9803586678,0.49523809523809526,1,0,"{timeout:600,max_col_multiplier:1,age_limit:2,random_seed:3,replication:4,num_threads:128,set_partition:true}",1
b20200.json.gz,b,20,200,MipTemplate,highs,MTFarkas,5,7,2331.1379844826533,2443,,2443,,20,120,0.004894,0.131271,0.158239,419,85615.03882304863,3.4916666666666667,1,0,"{timeout:600,max_col_multiplier:1,age_limit:2,random_seed:4,replication:5,num_threads:128,set_partition:true}",-1
b20200.json.gz,b,20,200,MipTemplate,highs,MTFarkas,5,7,2331.1379844826533,2443,4.543593941874744,2443,0,20,120,0.004894,0.131271,0.158255,419,85615.03882304863,0.4988095238095238,1,0,"{timeout:600,max_col_multiplier:1,age_limit:2,random_seed:4,replication:5,num_threads:128,set_partition:true}",1
c05100.json.gz,c,5,100,Dantzig,highs,DantzigFarkas,1,31,1923.9750262881178,inf,,3113.4495820933435,,105,150,0.055821,0.009883,0.070767,2045,36634.95816986439,13.633333333333333,0,0,"{timeout:600,max_col_multiplier:1,age_limit:34,random_seed:0,replication:1,num_threads:128,set_partition:true}",-1
c05100.json.gz,c,5,100,Dantzig,highs,DantzigFarkas,1,31,1923.9750262881178,inf,nan,3113.4495820933435,0,105,150,0.055821,0.009883,0.070776,2045,36634.95816986439,0.4397849462365591,0,0,"{timeout:600,max_col_multiplier:1,age_limit:34,random_seed:0,replication:1,num_threads:128,set_partition:true}",1
c05100.json.gz,c,5,100,Dantzig,highs,DantzigFarkas,2,29,1923.9750262881178,inf,,3142.624971143404,,105,140,0.049841,0.010456,0.064181,1919,38502.43775205152,13.707142857142857,0,0,"{timeout:600,max_col_multiplier:1,age_limit:34,random_seed:1,replication:2,num_threads:128,set_partition:true}",-1
c05100.json.gz,c,5,100,Dantzig,highs,DantzigFarkas,2,29,1923.9750262881178,inf,nan,3142.624971143404,0,105,140,0.049841,0.010456,0.064188,1919,38502.43775205152,0.4726600985221675,0,0,"{timeout:600,max_col_multiplier:1,age_limit:34,random_seed:1,replication:2,num_threads:128,set_partition:true}",1
c05100.json.gz,c,5,100,Dantzig,highs,DantzigFarkas,3,26,1923.9750262881178,inf,,3163.644891493366,,105,125,0.041972,0.008833,0.054636,1742,41503.85971600114,13.936,0,0,"{timeout:600,max_col_multiplier:1,age_limit:34,random_seed:2,replication:3,num_threads:128,set_partition:true}",-1
c05100.json.gz,c,5,100,Dantzig,highs,DantzigFarkas,3,26,1923.9750262881178,inf,nan,3163.644891493366,0,105,125,0.041972,0.008833,0.054642,1742,41503.85971600114,0.536,0,0,"{timeout:600,max_col_multiplier:1,age_limit:34,random_seed:2,replication:3,num_threads:128,set_partition:true}",1
c05100.json.gz,c,5,100,Dantzig,highs,DantzigFarkas,4,30,1923.9750262881178,inf,,3142.691270584172,,105,145,0.052206,0.009107,0.065358,2022,38731.18032410068,13.944827586206896,0,0,"{timeout:600,max_col_multiplier:1,age_limit:34,random_seed:3,replication:4,num_threads:128,set_partition:true}",-1
c05100.json.gz,c,5,100,Dantzig,highs,DantzigFarkas,4,30,1923.9750262881178,inf,nan,3142.691270584172,0,105,145,0.052206,0.009107,0.065368,2022,38731.18032410068,0.46482758620689657,0,0,"{timeout:600,max_col_multiplier:1,age_limit:34,random_seed:3,replication:4,num_threads:128,set_partition:true}",1
c05100.json.gz,c,5,100,Dantzig,highs,DantzigFarkas,5,28,1923.9750262881178,inf,,3154.474692593171,,105,135,0.046334,0.009254,0.059431,1923,41502.999956835156,14.244444444444444,0,0,"{timeout:600,max_col_multiplier:1,age_limit:34,random_seed:4,replication:5,num_threads:128,set_partition:true}",-1
c05100.json.gz,c,5,100,Dantzig,highs,DantzigFarkas,5,28,1923.9750262881178,inf,nan,3154.474692593171,0,105,135,0.046334,0.009254,0.05944,1923,41502.999956835156,0.5087301587301587,0,0,"{timeout:600,max_col_multiplier:1,age_limit:34,random_seed:4,replication:5,num_threads:128,set_partition:true}",1
c05100.json.gz,c,5,100,LagrangeTemplate,highs,LTFarkas,1,13,1923.9750262881178,1987,,1987,,5,60,0.00383,0.004151,0.010121,280,73107.0496083551,4.666666666666667,1,0,"{timeout:600,max_col_multiplier:1,age_limit:2,random_seed:0,replication:1,num_threads:128,set_partition:true}",-1
c05100.json.gz,c,5,100,LagrangeTemplate,highs,LTFarkas,1,13,1923.9750262881178,1987,3.170608958228485,1987,0,5,60,0.00383,0.004151,0.010127,280,73107.0496083551,0.358974358974359,1,0,"{timeout:600,max_col_multiplier:1,age_limit:2,random_seed:0,replication:1,num_threads:128,set_partition:true}",1
c05100.json.gz,c,5,100,LagrangeTemplate,highs,LTFarkas,2,9,1923.9750262881178,2014,,2014,,5,40,0.002576,0.003304,0.007952,243,94332.29813664596,6.075,1,0,"{timeout:600,max_col_multiplier:1,age_limit:2,random_seed:1,replication:2,num_threads:128,set_partition:true}",-1
c05100.json.gz,c,5,100,LagrangeTemplate,highs,LTFarkas,2,9,1923.9750262881178,2014,4.468718967229394,2014,0,5,40,0.002576,0.003304,0.007959,243,94332.29813664596,0.675,1,0,"{timeout:600,max_col_multiplier:1,age_limit:2,random_seed:1,replication:2,num_threads:128,set_partition:true}",1
c05100.json.gz,c,5,100,LagrangeTemplate,highs,LTFarkas,3,24,1923.9750262881178,inf,,1995.5,,10,115,0.01527,0.007807,0.02579,833,54551.40798952193,7.243478260869566,0,0,"{timeout:600,max_col_multiplier:1,age_limit:2,random_seed:2,replication:3,num_threads:128,set_partition:true}",-1
c05100.json.gz,c,5,100,LagrangeTemplate,highs,LTFarkas,3,24,1923.9750262881178,inf,nan,1995.5,0,10,115,0.01527,0.007807,0.0258,833,54551.40798952193,0.30181159420289855,0,0,"{timeout:600,max_col_multiplier:1,age_limit:2,random_seed:2,replication:3,num_threads:128,set_partition:true}",1
c05100.json.gz,c,5,100,LagrangeTemplate,highs,LTFarkas,4,18,1923.9750262881178,1987,,1987,,5,85,0.007689,0.006363,0.01642,422,54883.59994797764,4.964705882352941,1,0,"{timeout:600,max_col_multiplier:1,age_limit:2,random_seed:3,replication:4,num_threads:128,set_partition:true}",-1
c05100.json.gz,c,5,100,LagrangeTemplate,highs,LTFarkas,4,18,1923.9750262881178,1987,3.170608958228485,1987,0,5,85,0.007689,0.006363,0.016429,422,54883.59994797764,0.2758169934640523,1,0,"{timeout:600,max_col_multiplier:1,age_limit:2,random_seed:3,replication:4,num_threads:128,set_partition:true}",1
c05100.json.gz,c,5,100,LagrangeTemplate,highs,LTFarkas,5,23,1923.9750262881178,inf,,2022.8000000000002,,16,110,0.011483,0.006682,0.020767,605,52686.58016197858,5.5,0,0,"{timeout:600,max_col_multiplier:1,age_limit:2,random_seed:4,replication:5,num_threads:128,set_partition:true}",-1
c05100.json.gz,c,5,100,LagrangeTemplate,highs,LTFarkas,5,23,1923.9750262881178,inf,nan,2022.8000000000002,0,16,110,0.011483,0.006682,0.020775,605,52686.58016197858,0.2391304347826087,0,0,"{timeout:600,max_col_multiplier:1,age_limit:2,random_seed:4,replication:5,num_threads:128,set_partition:true}",1
c05100.json.gz,c,5,100,MipTemplate,highs,MTFarkas,1,15,1923.9750262881178,2000,,2000,,5,70,0.007278,0.290094,0.302454,235,32289.090409453147,3.357142857142857,1,0,"{timeout:600,max_col_multiplier:1,age_limit:2,random_seed:0,replication:1,num_threads:128,set_partition:true}",-1
c05100.json.gz,c,5,100,MipTemplate,highs,MTFarkas,1,15,1923.9750262881178,2000,3.8,2000,0,5,70,0.007278,0.290094,0.302467,235,32289.090409453147,0.22380952380952382,1,0,"{timeout:600,max_col_multiplier:1,age_limit:2,random_seed:0,replication:1,num_threads:128,set_partition:true}",1
c05100.json.gz,c,5,100,MipTemplate,highs,MTFarkas,2,11,1923.9750262881178,1983,,1983,,5,50,0.004776,0.184523,0.194831,209,43760.4690117253,4.18,1,0,"{timeout:600,max_col_multiplier:1,age_limit:2,random_seed:1,replication:2,num_threads:128,set_partition:true}",-1
c05100.json.gz,c,5,100,MipTemplate,highs,MTFarkas,2,11,1923.9750262881178,1983,2.9752899646999493,1983,0,5,50,0.004776,0.184523,0.194845,209,43760.4690117253,0.37999999999999995,1,0,"{timeout:600,max_col_multiplier:1,age_limit:2,random_seed:1,replication:2,num_threads:128,set_partition:true}",1
c05100.json.gz,c,5,100,MipTemplate,highs,MTFarkas,3,13,1923.9750262881178,1983,,1983,,5,60,0.003688,0.172069,0.181313,249,67516.26898047722,4.15,1,0,"{timeout:600,max_col_multiplier:1,age_limit:2,random_seed:2,replication:3,num_threads:128,set_partition:true}",-1
c05100.json.gz,c,5,100,MipTemplate,highs,MTFarkas,3,13,1923.9750262881178,1983,2.9752899646999493,1983,0,5,60,0.003688,0.172069,0.181333,249,67516.26898047722,0.31923076923076926,1,0,"{timeout:600,max_col_multiplier:1,age_limit:2,random_seed:2,replication:3,num_threads:128,set_partition:true}",1
c05100.json.gz,c,5,100,MipTemplate,highs,MTFarkas,4,12,1923.9750262881178,1983,,1983,,5,55,0.004866,0.164144,0.174745,213,43773.1196054254,3.8727272727272726,1,0,"{timeout:600,max_col_multiplier:1,age_limit:2,random_seed:3,replication:4,num_threads:128,set_partition:true}",-1
c05100.json.gz,c,5,100,MipTemplate,highs,MTFarkas,4,12,1923.9750262881178,1983,2.9752899646999493,1983,0,5,55,0.004866,0.164144,0.174758,213,43773.1196054254,0.3227272727272727,1,0,"{timeout:600,max_col_multiplier:1,age_limit:2,random_seed:3,replication:4,num_threads:128,set_partition:true}",1
c05100.json.gz,c,5,100,MipTemplate,highs,MTFarkas,5,8,1923.9750262881178,1983,,1983,,5,35,0.003298,0.08334,0.091566,196,59429.95755003032,5.6,1,0,"{timeout:600,max_col_multiplier:1,age_limit:2,random_seed:4,replication:5,num_threads:128,set_partition:true}",-1
c05100.json.gz,c,5,100,MipTemplate,highs,MTFarkas,5,8,1923.9750262881178,1983,2.9752899646999493,1983,0,5,35,0.003298,0.08334,0.091582,196,59429.95755003032,0.7,1,0,"{timeout:600,max_col_multiplier:1,age_limit:2,random_seed:4,replication:5,num_threads:128,set_partition:true}",1
c05200.json.gz,c,5,200,Dantzig,highs,DantzigFarkas,1,57,3450.765286081075,inf,,5867.969334304888,,205,280,0.624971,0.020503,0.685171,8085,12936.600258251981,28.875,0,0,"{timeout:600,max_col_multiplier:1,age_limit:132,random_seed:0,replication:1,num_threads:128,set_partition:true}",-1
c05200.json.gz,c,5,200,Dantzig,highs,DantzigFarkas,1,57,3450.765286081075,inf,nan,5867.969334304888,0,205,280,0.624971,0.020503,0.685178,8085,12936.600258251981,0.506578947368421,0,0,"{timeout:600,max_col_multiplier:1,age_limit:132,random_seed:0,replication:1,num_threads:128,set_partition:true}",1
c05200.json.gz,c,5,200,Dantzig,highs,DantzigFarkas,2,53,3450.765286081075,inf,,5852.595858032207,,205,260,0.570403,0.018501,0.622874,8346,14631.760351891557,32.1,0,0,"{timeout:600,max_col_multiplier:1,age_limit:132,random_seed:1,replication:2,num_threads:128,set_partition:true}",-1
c05200.json.gz,c,5,200,Dantzig,highs,DantzigFarkas,2,53,3450.765286081075,inf,nan,5852.595858032207,0,205,260,0.570403,0.018501,0.622884,8346,14631.760351891557,0.6056603773584905,0,0,"{timeout:600,max_col_multiplier:1,age_limit:132,random_seed:1,replication:2,num_threads:128,set_partition:true}",1
c05200.json.gz,c,5,200,Dantzig,highs,DantzigFarkas,3,56,3450.765286081075,inf,,5863.345342506781,,205,275,0.627323,0.019294,0.667243,8573,13666.0061881997,31.174545454545456,0,0,"{timeout:600,max_col_multiplier:1,age_limit:132,random_seed:2,replication:3,num_threads:128,set_partition:true}",-1
c05200.json.gz,c,5,200,Dantzig,highs,DantzigFarkas,3,56,3450.765286081075,inf,nan,5863.345342506781,0,205,275,0.627323,0.019294,0.667249,8573,13666.0061881997,0.5566883116883117,0,0,"{timeout:600,max_col_multiplier:1,age_limit:132,random_seed:2,replication:3,num_threads:128,set_partition:true}",1
c05200.json.gz,c,5,200,Dantzig,highs,DantzigFarkas,4,52,3450.765286081075,inf,,5841.279929935786,,205,255,0.558895,0.016469,0.596182,8426,15076.177099455173,33.043137254901964,0,0,"{timeout:600,max_col_multiplier:1,age_limit:132,random_seed:3,replication:4,num_threads:128,set_partition:true}",-1
c05200.json.gz,c,5,200,Dantzig,highs,DantzigFarkas,4,52,3450.765286081075,inf,nan,5841.279929935786,0,205,255,0.558895,0.016469,0.596192,8426,15076.177099455173,0.6354449472096532,0,0,"{timeout:600,max_col_multiplier:1,age_limit:132,random_seed:3,replication:4,num_threads:128,set_partition:true}",1
c05200.json.gz,c,5,200,Dantzig,highs,DantzigFarkas,5,59,3450.765286081075,inf,,5867.698942932863,,205,290,0.701323,0.020417,0.757149,8705,12412.255123530813,30.017241379310345,0,0,"{timeout:600,max_col_multiplier:1,age_limit:132,random_seed:4,replication:5,num_threads:128,set_partition:true}",-1
c05200.json.gz,c,5,200,Dantzig,highs,DantzigFarkas,5,59,3450.765286081075,inf,nan,5867.698942932863,0,205,290,0.701323,0.020417,0.757157,8705,12412.255123530813,0.5087668030391584,0,0,"{timeout:600,max_col_multiplier:1,age_limit:132,random_seed:4,replication:5,num_threads:128,set_partition:true}",1
c05200.json.gz,c,5,200,LagrangeTemplate,highs,LTFarkas,1,52,3450.765286081075,3493,,3493,,5,255,0.218681,0.027735,0.257579,5422,24794.106483873773,21.262745098039215,1,0,"{timeout:600,max_col_multiplier:1,age_limit:4,random_seed:0,replication:1,num_threads:128,set_partition:true}",-1
c05200.json.gz,c,5,200,LagrangeTemplate,highs,LTFarkas,1,52,3450.765286081075,3493,1.2024048096192386,3493,0,5,255,0.218681,0.027735,0.257586,5422,24794.106483873773,0.40889894419306183,1,0,"{timeout:600,max_col_multiplier:1,age_limit:4,random_seed:0,replication:1,num_threads:128,set_partition:true}",1
c05200.json.gz,c,5,200,LagrangeTemplate,highs,LTFarkas,2,36,3450.765286081075,3530.999999999822,,3530.999999999822,,5,175,0.054687,0.016485,0.077779,1995,36480.33353447803,11.4,1,0,"{timeout:600,max_col_multiplier:1,age_limit:4,random_seed:1,replication:2,num_threads:128,set_partition:true}",-1
c05200.json.gz,c,5,200,LagrangeTemplate,highs,LTFarkas,2,36,3450.765286081075,3530.999999999822,2.265647125455288,3530.999999999822,0,5,175,0.054687,0.016485,0.077785,1995,36480.33353447803,0.31666666666666665,1,0,"{timeout:600,max_col_multiplier:1,age_limit:4,random_seed:1,replication:2,num_threads:128,set_partition:true}",1
c05200.json.gz,c,5,200,LagrangeTemplate,highs,LTFarkas,3,56,3450.765286081075,inf,,3560.2000000000003,,12,275,0.260065,0.029222,0.306079,5772,22194.45138715321,20.98909090909091,0,0,"{timeout:600,max_col_multiplier:1,age_limit:4,random_seed:2,replication:3,num_threads:128,set_partition:true}",-1
c05200.json.gz,c,5,200,LagrangeTemplate,highs,LTFarkas,3,56,3450.765286081075,inf,nan,3560.2000000000003,0,12,275,0.260065,0.029222,0.306086,5772,22194.45138715321,0.3748051948051948,0,0,"{timeout:600,max_col_multiplier:1,age_limit:4,random_seed:2,replication:3,num_threads:128,set_partition:true}",1
c05200.json.gz,c,5,200,LagrangeTemplate,highs,LTFarkas,4,38,3450.765286081075,3529,,3529,,5,185,0.05258,0.028099,0.086565,1933,36763.02776721187,10.448648648648648,1,0,"{timeout:600,max_col_multiplier:1,age_limit:4,random_seed:3,replication:4,num_threads:128,set_partition:true}",-1
c05200.json.gz,c,5,200,LagrangeTemplate,highs,LTFarkas,4,38,3450.765286081075,3529,2.2102578634173984,3529,0,5,185,0.05258,0.028099,0.086575,1933,36763.02776721187,0.27496443812233284,1,0,"{timeout:600,max_col_multiplier:1,age_limit:4,random_seed:3,replication:4,num_threads:128,set_partition:true}",1
c05200.json.gz,c,5,200,LagrangeTemplate,highs,LTFarkas,5,59,3450.765286081075,3578,,3578,,5,290,0.310365,0.032533,0.369167,6533,21049.409566155977,22.52758620689655,1,0,"{timeout:600,max_col_multiplier:1,age_limit:4,random_seed:4,replication:5,num_threads:128,set_partition:true}",-1
c05200.json.gz,c,5,200,LagrangeTemplate,highs,LTFarkas,5,59,3450.765286081075,3578,3.5494689770821686,3578,0,5,290,0.310365,0.032533,0.369173,6533,21049.409566155977,0.3818234950321449,1,0,"{timeout:600,max_col_multiplier:1,age_limit:4,random_seed:4,replication:5,num_threads:128,set_partition:true}",1
c05200.json.gz,c,5,200,MipTemplate,highs,MTFarkas,1,47,3450.765286081075,3578,,3578,,5,230,0.04985,0.80809,0.868118,589,11815.446339017051,2.5608695652173914,1,0,"{timeout:600,max_col_multiplier:1,age_limit:4,random_seed:0,replication:1,num_threads:128,set_partition:true}",-1
c05200.json.gz,c,5,200,MipTemplate,highs,MTFarkas,1,47,3450.765286081075,3578,3.5494689770821686,3578,0,5,230,0.04985,0.80809,0.868132,589,11815.446339017051,0.05448658649398705,1,0,"{timeout:600,max_col_multiplier:1,age_limit:4,random_seed:0,replication:1,num_threads:128,set_partition:true}",1
c05200.json.gz,c,5,200,MipTemplate,highs,MTFarkas,2,37,3450.765286081075,3563,,3563,,5,180,0.037694,0.902906,0.950097,519,13768.769565448083,2.8833333333333333,1,0,"{timeout:600,max_col_multiplier:1,age_limit:4,random_seed:1,replication:2,num_threads:128,set_partition:true}",-1
c05200.json.gz,c,5,200,MipTemplate,highs,MTFarkas,2,37,3450.765286081075,3563,3.143418467583497,3563,0,5,180,0.037694,0.902906,0.950111,519,13768.769565448083,0.07792792792792792,1,0,"{timeout:600,max_col_multiplier:1,age_limit:4,random_seed:1,replication:2,num_threads:128,set_partition:true}",1
c05200.json.gz,c,5,200,MipTemplate,highs,MTFarkas,3,43,3450.765286081075,3535,,3535,,5,210,0.042152,0.730742,0.782162,539,12787.05636743215,2.566666666666667,1,0,"{timeout:600,max_col_multiplier:1,age_limit:4,random_seed:2,replication:3,num_threads:128,set_partition:true}",-1
c05200.json.gz,c,5,200,MipTemplate,highs,MTFarkas,3,43,3450.765286081075,3535,2.376237623762376,3535,0,5,210,0.042152,0.730742,0.782176,539,12787.05636743215,0.05968992248062016,1,0,"{timeout:600,max_col_multiplier:1,age_limit:4,random_seed:2,replication:3,num_threads:128,set_partition:true}",1
c05200.json.gz,c,5,200,MipTemplate,highs,MTFarkas,4,30,3450.765286081075,3478,,3478,,5,145,0.028226,0.623252,0.660793,472,16722.171047969958,3.2551724137931033,1,0,"{timeout:600,max_col_multiplier:1,age_limit:4,random_seed:3,replication:4,num_threads:128,set_partition:true}",-1
c05200.json.gz,c,5,200,MipTemplate,highs,MTFarkas,4,30,3450.765286081075,3478,0.7763082231167338,3478,0,5,145,0.028226,0.623252,0.660807,472,16722.171047969958,0.10850574712643678,1,0,"{timeout:600,max_col_multiplier:1,age_limit:4,random_seed:3,replication:4,num_threads:128,set_partition:true}",1
c05200.json.gz,c,5,200,MipTemplate,highs,MTFarkas,5,44,3450.765286081075,3549,,3549,,5,215,0.044956,0.853157,0.908093,563,12523.3561704778,2.6186046511627907,1,0,"{timeout:600,max_col_multiplier:1,age_limit:4,random_seed:4,replication:5,num_threads:128,set_partition:true}",-1
c05200.json.gz,c,5,200,MipTemplate,highs,MTFarkas,5,44,3450.765286081075,3549,2.7613412228796843,3549,0,5,215,0.044956,0.853157,0.908107,563,12523.3561704778,0.059513742071881606,1,0,"{timeout:600,max_col_multiplier:1,age_limit:4,random_seed:4,replication:5,num_threads:128,set_partition:true}",1
c10100.json.gz,c,10,100,Dantzig,highs,DantzigFarkas,1,20,1387.0097106207752,inf,,2997.908865475267,,110,190,0.03547,0.007058,0.046695,1812,51085.424302227235,9.536842105263158,0,0,"{timeout:600,max_col_multiplier:1,age_limit:10,random_seed:0,replication:1,num_threads:128,set_partition:true}",-1
c10100.json.gz,c,10,100,Dantzig,highs,DantzigFarkas,1,20,1387.0097106207752,inf,nan,2997.908865475267,0,110,190,0.03547,0.007058,0.0467,1812,51085.424302227235,0.4768421052631579,0,0,"{timeout:600,max_col_multiplier:1,age_limit:10,random_seed:0,replication:1,num_threads:128,set_partition:true}",1
c10100.json.gz,c,10,100,Dantzig,highs,DantzigFarkas,2,21,1387.0097106207752,inf,,2939.765401336091,,110,200,0.037764,0.007795,0.050893,1825,48326.4484694418,9.125,0,0,"{timeout:600,max_col_multiplier:1,age_limit:10,random_seed:1,replication:2,num_threads:128,set_partition:true}",-1
c10100.json.gz,c,10,100,Dantzig,highs,DantzigFarkas,2,21,1387.0097106207752,inf,nan,2939.765401336091,0,110,200,0.037764,0.007795,0.050899,1825,48326.4484694418,0.43452380952380953,0,0,"{timeout:600,max_col_multiplier:1,age_limit:10,random_seed:1,replication:2,num_threads:128,set_partition:true}",1
c10100.json.gz,c,10,100,Dantzig,highs,DantzigFarkas,3,21,1387.0097106207752,inf,,2890.4048411887097,,110,200,0.036766,0.006544,0.047984,1899,51650.981885437635,9.495,0,0,"{timeout:600,max_col_multiplier:1,age_limit:10,random_seed:2,replication:3,num_threads:128,set_partition:true}",-1
c10100.json.gz,c,10,100,Dantzig,highs,DantzigFarkas,3,21,1387.0097106207752,inf,nan,2890.4048411887097,0,110,200,0.036766,0.006544,0.047989,1899,51650.981885437635,0.4521428571428571,0,0,"{timeout:600,max_col_multiplier:1,age_limit:10,random_seed:2,replication:3,num_threads:128,set_partition:true}",1
c10100.json.gz,c,10,100,Dantzig,highs,DantzigFarkas,4,22,1387.0097106207752,inf,,2919.0800838326572,,110,210,0.039769,0.007247,0.053143,1978,49737.23251779024,9.41904761904762,0,0,"{timeout:600,max_col_multiplier:1,age_limit:10,random_seed:3,replication:4,num_threads:128,set_partition:true}",-1
c10100.json.gz,c,10,100,Dantzig,highs,DantzigFarkas,4,22,1387.0097106207752,inf,nan,2919.0800838326572,0,110,210,0.039769,0.007247,0.053149,1978,49737.23251779024,0.42813852813852815,0,0,"{timeout:600,max_col_multiplier:1,age_limit:10,random_seed:3,replication:4,num_threads:128,set_partition:true}",1
c10100.json.gz,c,10,100,Dantzig,highs,DantzigFarkas,5,20,1387.0097106207752,inf,,2908.4625111314845,,110,190,0.031197,0.006197,0.04208,1656,53082.02711799212,8.715789473684211,0,0,"{timeout:600,max_col_multiplier:1,age_limit:10,random_seed:4,replication:5,num_threads:128,set_partition:true}",-1
c10100.json.gz,c,10,100,Dantzig,highs,DantzigFarkas,5,20,1387.0097106207752,inf,nan,2908.4625111314845,0,110,190,0.031197,0.006197,0.042086,1656,53082.02711799212,0.43578947368421056,0,0,"{timeout:600,max_col_multiplier:1,age_limit:10,random_seed:4,replication:5,num_threads:128,set_partition:true}",1
c10100.json.gz,c,10,100,LagrangeTemplate,highs,LTFarkas,1,9,1387.0097106207752,1502,,1502,,10,80,0.003152,0.003193,0.009223,254,80583.75634517767,3.175,1,0,"{timeout:600,max_col_multiplier:1,age_limit:2,random_seed:0,replication:1,num_threads:128,set_partition:true}",-1
c10100.json.gz,c,10,100,LagrangeTemplate,highs,LTFarkas,1,9,1387.0097106207752,1502,7.589880159786951,1502,0,10,80,0.003152,0.003193,0.009231,254,80583.75634517767,0.35277777777777775,1,0,"{timeout:600,max_col_multiplier:1,age_limit:2,random_seed:0,replication:1,num_threads:128,set_partition:true}",1
c10100.json.gz,c,10,100,LagrangeTemplate,highs,LTFarkas,2,10,1387.0097106207752,1443,,1443,,10,90,0.00271,0.003312,0.008848,291,107380.073800738,3.2333333333333334,1,0,"{timeout:600,max_col_multiplier:1,age_limit:2,random_seed:1,replication:2,num_threads:128,set_partition:true}",-1
c10100.json.gz,c,10,100,LagrangeTemplate,highs,LTFarkas,2,10,1387.0097106207752,1443,3.8115038115038113,1443,0,10,90,0.00271,0.003312,0.008857,291,107380.073800738,0.32333333333333336,1,0,"{timeout:600,max_col_multiplier:1,age_limit:2,random_seed:1,replication:2,num_threads:128,set_partition:true}",1
c10100.json.gz,c,10,100,LagrangeTemplate,highs,LTFarkas,3,9,1387.0097106207752,1456,,1456,,10,80,0.003299,0.003227,0.009476,255,77296.15034859048,3.1875,1,0,"{timeout:600,max_col_multiplier:1,age_limit:2,random_seed:2,replication:3,num_threads:128,set_partition:true}",-1
c10100.json.gz,c,10,100,LagrangeTemplate,highs,LTFarkas,3,9,1387.0097106207752,1456,4.670329670329671,1456,0,10,80,0.003299,0.003227,0.009483,255,77296.15034859048,0.3541666666666667,1,0,"{timeout:600,max_col_multiplier:1,age_limit:2,random_seed:2,replication:3,num_threads:128,set_partition:true}",1
c10100.json.gz,c,10,100,LagrangeTemplate,highs,LTFarkas,4,10,1387.0097106207752,inf,,1446.5,,12,90,0.003119,0.00318,0.009265,289,92657.90317409427,3.2111111111111112,0,0,"{timeout:600,max_col_multiplier:1,age_limit:2,random_seed:3,replication:4,num_threads:128,set_partition:true}",-1
c10100.json.gz,c,10,100,LagrangeTemplate,highs,LTFarkas,4,10,1387.0097106207752,inf,nan,1446.5,0,12,90,0.003119,0.00318,0.009271,289,92657.90317409427,0.3211111111111111,0,0,"{timeout:600,max_col_multiplier:1,age_limit:2,random_seed:3,replication:4,num_threads:128,set_partition:true}",1
c10100.json.gz,c,10,100,LagrangeTemplate,highs,LTFarkas,5,8,1387.0097106207752,1456,,1456,,10,70,0.002742,0.002821,0.008417,250,91174.32530999271,3.5714285714285716,1,0,"{timeout:600,max_col_multiplier:1,age_limit:2,random_seed:4,replication:5,num_threads:128,set_partition:true}",-1
c10100.json.gz,c,10,100,LagrangeTemplate,highs,LTFarkas,5,8,1387.0097106207752,1456,4.670329670329671,1456,0,10,70,0.002742,0.002821,0.008423,250,91174.32530999271,0.44642857142857145,1,0,"{timeout:600,max_col_multiplier:1,age_limit:2,random_seed:4,replication:5,num_threads:128,set_partition:true}",1
c10100.json.gz,c,10,100,MipTemplate,highs,MTFarkas,1,7,1387.0097106207752,1453,,1453,,10,60,0.002806,0.126922,0.136258,221,78759.80042765503,3.683333333333333,1,0,"{timeout:600,max_col_multiplier:1,age_limit:2,random_seed:0,replication:1,num_threads:128,set_partition:true}",-1
c10100.json.gz,c,10,100,MipTemplate,highs,MTFarkas,1,7,1387.0097106207752,1453,4.473503097040606,1453,0,10,60,0.002806,0.126922,0.136273,221,78759.80042765503,0.5261904761904762,1,0,"{timeout:600,max_col_multiplier:1,age_limit:2,random_seed:0,replication:1,num_threads:128,set_partition:true}",1
c10100.json.gz,c,10,100,MipTemplate,highs,MTFarkas,2,8,1387.0097106207752,1449,,1449,,10,70,0.003148,0.131154,0.142374,235,74650.57179161372,3.357142857142857,1,0,"{timeout:600,max_col_multiplier:1,age_limit:2,random_seed:1,replication:2,num_threads:128,set_partition:true}",-1
c10100.json.gz,c,10,100,MipTemplate,highs,MTFarkas,2,8,1387.0097106207752,1449,4.209799861973775,1449,0,10,70,0.003148,0.131154,0.142389,235,74650.57179161372,0.41964285714285715,1,0,"{timeout:600,max_col_multiplier:1,age_limit:2,random_seed:1,replication:2,num_threads:128,set_partition:true}",1
c10100.json.gz,c,10,100,MipTemplate,highs,MTFarkas,3,7,1387.0097106207752,1449,,1449,,10,60,0.002803,0.162394,0.173313,218,77773.81377095969,3.6333333333333333,1,0,"{timeout:600,max_col_multiplier:1,age_limit:2,random_seed:2,replication:3,num_threads:128,set_partition:true}",-1
c10100.json.gz,c,10,100,MipTemplate,highs,MTFarkas,3,7,1387.0097106207752,1449,4.209799861973775,1449,0,10,60,0.002803,0.162394,0.17332,218,77773.81377095969,0.5190476190476191,1,0,"{timeout:600,max_col_multiplier:1,age_limit:2,random_seed:2,replication:3,num_threads:128,set_partition:true}",1
c10100.json.gz,c,10,100,MipTemplate,highs,MTFarkas,4,7,1387.0097106207752,1449,,1449,,10,60,0.002909,0.132838,0.143912,229,78721.21003781368,3.816666666666667,1,0,"{timeout:600,max_col_multiplier:1,age_limit:2,random_seed:3,replication:4,num_threads:128,set_partition:true}",-1
c10100.json.gz,c,10,100,MipTemplate,highs,MTFarkas,4,7,1387.0097106207752,1449,4.209799861973775,1449,0,10,60,0.002909,0.132838,0.143925,229,78721.21003781368,0.5452380952380953,1,0,"{timeout:600,max_col_multiplier:1,age_limit:2,random_seed:3,replication:4,num_threads:128,set_partition:true}",1
c10100.json.gz,c,10,100,MipTemplate,highs,MTFarkas,5,8,1387.0097106207752,1483,,1483,,10,70,0.003556,0.169666,0.181563,217,61023.62204724409,3.1,1,0,"{timeout:600,max_col_multiplier:1,age_limit:2,random_seed:4,replication:5,num_threads:128,set_partition:true}",-1
c10100.json.gz,c,10,100,MipTemplate,highs,MTFarkas,5,8,1387.0097106207752,1483,6.4059339177343215,1483,0,10,70,0.003556,0.169666,0.181578,217,61023.62204724409,0.3875,1,0,"{timeout:600,max_col_multiplier:1,age_limit:2,random_seed:4,replication:5,num_threads:128,set_partition:true}",1
c10200.json.gz,c,10,200,Dantzig,highs,DantzigFarkas,1,33,2795.4079157533733,inf,,5991.9808148115835,,210,320,0.245185,0.011207,0.270385,5921,24149.11189509962,18.503125,0,0,"{timeout:600,max_col_multiplier:1,age_limit:34,random_seed:0,replication:1,num_threads:128,set_partition:true}",-1
c10200.json.gz,c,10,200,Dantzig,highs,DantzigFarkas,1,33,2795.4079157533733,inf,nan,5991.9808148115835,0,210,320,0.245185,0.011207,0.27039,5921,24149.11189509962,0.5607007575757575,0,0,"{timeout:600,max_col_multiplier:1,age_limit:34,random_seed:0,replication:1,num_threads:128,set_partition:true}",1
c10200.json.gz,c,10,200,Dantzig,highs,DantzigFarkas,2,34,2795.4079157533733,inf,,6048.792060667029,,210,330,0.265285,0.012839,0.297379,6082,22926.2868236048,18.43030303030303,0,0,"{timeout:600,max_col_multiplier:1,age_limit:34,random_seed:1,replication:2,num_threads:128,set_partition:true}",-1
c10200.json.gz,c,10,200,Dantzig,highs,DantzigFarkas,2,34,2795.4079157533733,inf,nan,6048.792060667029,0,210,330,0.265285,0.012839,0.297384,6082,22926.2868236048,0.5420677361853832,0,0,"{timeout:600,max_col_multiplier:1,age_limit:34,random_seed:1,replication:2,num_threads:128,set_partition:true}",1
c10200.json.gz,c,10,200,Dantzig,highs,DantzigFarkas,3,34,2795.4079157533733,inf,,5974.754152300872,,209,330,0.269852,0.01244,0.297552,6242,23131.19784177994,18.915151515151514,0,0,"{timeout:600,max_col_multiplier:1,age_limit:34,random_seed:2,replication:3,num_threads:128,set_partition:true}",-1
c10200.json.gz,c,10,200,Dantzig,highs,DantzigFarkas,3,34,2795.4079157533733,inf,nan,5974.754152300872,0,209,330,0.269852,0.01244,0.297558,6242,23131.19784177994,0.5563279857397504,0,0,"{timeout:600,max_col_multiplier:1,age_limit:34,random_seed:2,replication:3,num_threads:128,set_partition:true}",1
c10200.json.gz,c,10,200,Dantzig,highs,DantzigFarkas,4,36,2795.4079157533733,inf,,6043.837578540962,,210,350,0.314755,0.012859,0.353281,6598,20962.335784975614,18.85142857142857,0,0,"{timeout:600,max_col_multiplier:1,age_limit:34,random_seed:3,replication:4,num_threads:128,set_partition:true}",-1
c10200.json.gz,c,10,200,Dantzig,highs,DantzigFarkas,4,36,2795.4079157533733,inf,nan,6043.837578540962,0,210,350,0.314755,0.012859,0.353287,6598,20962.335784975614,0.5236507936507936,0,0,"{timeout:600,max_col_multiplier:1,age_limit:34,random_seed:3,replication:4,num_threads:128,set_partition:true}",1
c10200.json.gz,c,10,200,Dantzig,highs,DantzigFarkas,5,33,2795.4079157533733,inf,,5950.663363419596,,210,320,0.239866,0.012364,0.275812,6097,25418.35858354248,19.053125,0,0,"{timeout:600,max_col_multiplier:1,age_limit:34,random_seed:4,replication:5,num_threads:128,set_partition:true}",-1
c10200.json.gz,c,10,200,Dantzig,highs,DantzigFarkas,5,33,2795.4079157533733,inf,nan,5950.663363419596,0,210,320,0.239866,0.012364,0.275819,6097,25418.35858354248,0.5773674242424243,0,0,"{timeout:600,max_col_multiplier:1,age_limit:34,random_seed:4,replication:5,num_threads:128,set_partition:true}",1
c10200.json.gz,c,10,200,LagrangeTemplate,highs,LTFarkas,1,18,2795.4079157533733,2881,,2881,,10,170,0.016746,0.007011,0.030907,909,54281.61949122178,5.347058823529411,1,0,"{timeout:600,max_col_multiplier:1,age_limit:2,random_seed:0,replication:1,num_threads:128,set_partition:true}",-1
c10200.json.gz,c,10,200,LagrangeTemplate,highs,LTFarkas,1,18,2795.4079157533733,2881,2.950364456785838,2881,0,10,170,0.016746,0.007011,0.030914,909,54281.61949122178,0.29705882352941176,1,0,"{timeout:600,max_col_multiplier:1,age_limit:2,random_seed:0,replication:1,num_threads:128,set_partition:true}",1
c10200.json.gz,c,10,200,LagrangeTemplate,highs,LTFarkas,2,23,2795.4079157533733,2851,,2851,,10,220,0.031302,0.010347,0.049589,1486,47473.00491981342,6.754545454545455,1,0,"{timeout:600,max_col_multiplier:1,age_limit:2,random_seed:1,replication:2,num_threads:128,set_partition:true}",-1
c10200.json.gz,c,10,200,LagrangeTemplate,highs,LTFarkas,2,23,2795.4079157533733,2851,1.9291476674850931,2851,0,10,220,0.031302,0.010347,0.049594,1486,47473.00491981342,0.29367588932806327,1,0,"{timeout:600,max_col_multiplier:1,age_limit:2,random_seed:1,replication:2,num_threads:128,set_partition:true}",1
c10200.json.gz,c,10,200,LagrangeTemplate,highs,LTFarkas,3,11,2795.4079157533733,2881,,2881,,10,100,0.004553,0.004045,0.014827,473,103887.54667252362,4.73,1,0,"{timeout:600,max_col_multiplier:1,age_limit:2,random_seed:2,replication:3,num_threads:128,set_partition:true}",-1
c10200.json.gz,c,10,200,LagrangeTemplate,highs,LTFarkas,3,11,2795.4079157533733,2881,2.950364456785838,2881,0,10,100,0.004553,0.004045,0.014837,473,103887.54667252362,0.43000000000000005,1,0,"{timeout:600,max_col_multiplier:1,age_limit:2,random_seed:2,replication:3,num_threads:128,set_partition:true}",1
c10200.json.gz,c,10,200,LagrangeTemplate,highs,LTFarkas,4,19,2795.4079157533733,2860.9999999999995,,2860.9999999999995,,10,180,0.015076,0.008286,0.030391,920,61024.14433536747,5.111111111111111,1,0,"{timeout:600,max_col_multiplier:1,age_limit:2,random_seed:3,replication:4,num_threads:128,set_partition:true}",-1
c10200.json.gz,c,10,200,LagrangeTemplate,highs,LTFarkas,4,19,2795.4079157533733,2860.9999999999995,2.271932890597678,2860.9999999999995,0,10,180,0.015076,0.008286,0.030399,920,61024.14433536747,0.26900584795321636,1,0,"{timeout:600,max_col_multiplier:1,age_limit:2,random_seed:3,replication:4,num_threads:128,set_partition:true}",1
c10200.json.gz,c,10,200,LagrangeTemplate,highs,LTFarkas,5,20,2795.4079157533733,inf,,2902,,16,190,0.019192,0.007888,0.034147,1094,57002.917882451016,5.757894736842105,0,0,"{timeout:600,max_col_multiplier:1,age_limit:2,random_seed:4,replication:5,num_threads:128,set_partition:true}",-1
c10200.json.gz,c,10,200,LagrangeTemplate,highs,LTFarkas,5,20,2795.4079157533733,inf,nan,2902,0,16,190,0.019192,0.007888,0.034154,1094,57002.917882451016,0.28789473684210526,0,0,"{timeout:600,max_col_multiplier:1,age_limit:2,random_seed:4,replication:5,num_threads:128,set_partition:true}",1
c10200.json.gz,c,10,200,MipTemplate,highs,MTFarkas,1,13,2795.4079157533733,2890,,2890,,10,120,0.009243,0.311964,0.339152,433,46846.26203613546,3.6083333333333334,1,0,"{timeout:600,max_col_multiplier:1,age_limit:2,random_seed:0,replication:1,num_threads:128,set_partition:true}",-1
c10200.json.gz,c,10,200,MipTemplate,highs,MTFarkas,1,13,2795.4079157533733,2890,3.2525951557093427,2890,0,10,120,0.009243,0.311964,0.339172,433,46846.26203613546,0.2775641025641026,1,0,"{timeout:600,max_col_multiplier:1,age_limit:2,random_seed:0,replication:1,num_threads:128,set_partition:true}",1
c10200.json.gz,c,10,200,MipTemplate,highs,MTFarkas,2,16,2795.4079157533733,2886,,2886,,10,150,0.013131,0.375984,0.404972,496,37773.20843804737,3.3066666666666666,1,0,"{timeout:600,max_col_multiplier:1,age_limit:2,random_seed:1,replication:2,num_threads:128,set_partition:true}",-1
c10200.json.gz,c,10,200,MipTemplate,highs,MTFarkas,2,16,2795.4079157533733,2886,3.118503118503119,2886,0,10,150,0.013131,0.375984,0.404986,496,37773.20843804737,0.20666666666666667,1,0,"{timeout:600,max_col_multiplier:1,age_limit:2,random_seed:1,replication:2,num_threads:128,set_partition:true}",1
c10200.json.gz,c,10,200,MipTemplate,highs,MTFarkas,3,12,2795.4079157533733,2862,,2862,,10,110,0.008426,0.238413,0.262813,406,48184.19178732495,3.690909090909091,1,0,"{timeout:600,max_col_multiplier:1,age_limit:2,random_seed:2,replication:3,num_threads:128,set_partition:true}",-1
c10200.json.gz,c,10,200,MipTemplate,highs,MTFarkas,3,12,2795.4079157533733,2862,2.3060796645702304,2862,0,10,110,0.008426,0.238413,0.262827,406,48184.19178732495,0.30757575757575756,1,0,"{timeout:600,max_col_multiplier:1,age_limit:2,random_seed:2,replication:3,num_threads:128,set_partition:true}",1
c10200.json.gz,c,10,200,MipTemplate,highs,MTFarkas,4,13,2795.4079157533733,2881,,2881,,10,120,0.01033,0.276222,0.303531,451,43659.24491771539,3.7583333333333333,1,0,"{timeout:600,max_col_multiplier:1,age_limit:2,random_seed:3,replication:4,num_threads:128,set_partition:true}",-1
c10200.json.gz,c,10,200,MipTemplate,highs,MTFarkas,4,13,2795.4079157533733,2881,2.950364456785838,2881,0,10,120,0.01033,0.276222,0.303545,451,43659.24491771539,0.2891025641025641,1,0,"{timeout:600,max_col_multiplier:1,age_limit:2,random_seed:3,replication:4,num_threads:128,set_partition:true}",1
c10200.json.gz,c,10,200,MipTemplate,highs,MTFarkas,5,13,2795.4079157533733,2841,,2841,,10,120,0.010103,0.28542,0.310848,459,45432.049886172426,3.825,1,0,"{timeout:600,max_col_multiplier:1,age_limit:2,random_seed:4,replication:5,num_threads:128,set_partition:true}",-1
c10200.json.gz,c,10,200,MipTemplate,highs,MTFarkas,5,13,2795.4079157533733,2841,1.583949313621964,2841,0,10,120,0.010103,0.28542,0.310861,459,45432.049886172426,0.29423076923076924,1,0,"{timeout:600,max_col_multiplier:1,age_limit:2,random_seed:4,replication:5,num_threads:128,set_partition:true}",1
c10400.json.gz,c,10,400,Dantzig,highs,DantzigFarkas,1,58,5591.1038789055965,inf,,11969.698496311805,,410,570,4.128704,0.028046,4.336812,23256,5632.760304444203,40.8,0,0,"{timeout:600,max_col_multiplier:1,age_limit:132,random_seed:0,replication:1,num_threads:128,set_partition:true}",-1
c10400.json.gz,c,10,400,Dantzig,highs,DantzigFarkas,1,58,5591.1038789055965,inf,nan,11969.698496311805,0,410,570,4.128704,0.028046,4.33682,23256,5632.760304444203,0.7034482758620689,0,0,"{timeout:600,max_col_multiplier:1,age_limit:132,random_seed:0,replication:1,num_threads:128,set_partition:true}",1
c10400.json.gz,c,10,400,Dantzig,highs,DantzigFarkas,2,64,5591.1038789055965,inf,,11940.08213187691,,410,630,6.214229,0.028328,6.526957,26423,4252.015817247804,41.94126984126984,0,0,"{timeout:600,max_col_multiplier:1,age_limit:132,random_seed:1,replication:2,num_threads:128,set_partition:true}",-1
c10400.json.gz,c,10,400,Dantzig,highs,DantzigFarkas,2,64,5591.1038789055965,inf,nan,11940.08213187691,0,410,630,6.214229,0.028328,6.526963,26423,4252.015817247804,0.6553323412698413,0,0,"{timeout:600,max_col_multiplier:1,age_limit:132,random_seed:1,replication:2,num_threads:128,set_partition:true}",1
c10400.json.gz,c,10,400,Dantzig,highs,DantzigFarkas,3,67,5591.1038789055965,inf,,11875.741726297994,,410,660,6.643482,0.02926,7.042706,27276,4105.678317484717,41.32727272727273,0,0,"{timeout:600,max_col_multiplier:1,age_limit:132,random_seed:2,replication:3,num_threads:128,set_partition:true}",-1
c10400.json.gz,c,10,400,Dantzig,highs,DantzigFarkas,3,67,5591.1038789055965,inf,nan,11875.741726297994,0,410,660,6.643482,0.02926,7.042714,27276,4105.678317484717,0.6168249660786974,0,0,"{timeout:600,max_col_multiplier:1,age_limit:132,random_seed:2,replication:3,num_threads:128,set_partition:true}",1
c10400.json.gz,c,10,400,Dantzig,highs,DantzigFarkas,4,67,5591.1038789055965,inf,,11971.788571670926,,410,660,5.888527,0.029659,6.1815,26424,4487.370101215465,40.03636363636364,0,0,"{timeout:600,max_col_multiplier:1,age_limit:132,random_seed:3,replication:4,num_threads:128,set_partition:true}",-1
c10400.json.gz,c,10,400,Dantzig,highs,DantzigFarkas,4,67,5591.1038789055965,inf,nan,11971.788571670926,0,410,660,5.888527,0.029659,6.181512,26424,4487.370101215465,0.5975576662143827,0,0,"{timeout:600,max_col_multiplier:1,age_limit:132,random_seed:3,replication:4,num_threads:128,set_partition:true}",1
c10400.json.gz,c,10,400,Dantzig,highs,DantzigFarkas,5,62,5591.1038789055965,inf,,11866.463864282226,,410,610,4.917438,0.027037,5.181635,25365,5158.173829542945,41.58196721311475,0,0,"{timeout:600,max_col_multiplier:1,age_limit:132,random_seed:4,replication:5,num_threads:128,set_partition:true}",-1
c10400.json.gz,c,10,400,Dantzig,highs,DantzigFarkas,5,62,5591.1038789055965,inf,nan,11866.463864282226,0,410,610,4.917438,0.027037,5.181644,25365,5158.173829542945,0.6706768905341088,0,0,"{timeout:600,max_col_multiplier:1,age_limit:132,random_seed:4,replication:5,num_threads:128,set_partition:true}",1
c10400.json.gz,c,10,400,LagrangeTemplate,highs,LTFarkas,1,39,5591.1038789055965,5765,,5765,,10,380,0.277838,0.050403,0.353564,5800,20875.47419719405,15.263157894736842,1,0,"{timeout:600,max_col_multiplier:1,age_limit:4,random_seed:0,replication:1,num_threads:128,set_partition:true}",-1
c10400.json.gz,c,10,400,LagrangeTemplate,highs,LTFarkas,1,39,5591.1038789055965,5765,3.0008673026886385,5765,0,10,380,0.277838,0.050403,0.353573,5800,20875.47419719405,0.39136302294197034,1,0,"{timeout:600,max_col_multiplier:1,age_limit:4,random_seed:0,replication:1,num_threads:128,set_partition:true}",1
c10400.json.gz,c,10,400,LagrangeTemplate,highs,LTFarkas,2,44,5591.1038789055965,5727,,5727.000000002463,,10,430,0.468623,0.047711,0.554264,8124,17335.896872325942,18.893023255813954,1,0,"{timeout:600,max_col_multiplier:1,age_limit:4,random_seed:1,replication:2,num_threads:128,set_partition:true}",-1
c10400.json.gz,c,10,400,LagrangeTemplate,highs,LTFarkas,2,44,5591.1038789055965,5727,2.357255107386066,5727.000000002463,0,10,430,0.468623,0.047711,0.55427,8124,17335.896872325942,0.42938689217758985,1,0,"{timeout:600,max_col_multiplier:1,age_limit:4,random_seed:1,replication:2,num_threads:128,set_partition:true}",1
c10400.json.gz,c,10,400,LagrangeTemplate,highs,LTFarkas,3,45,5591.1038789055965,inf,,5770.666666666666,,16,440,0.461221,0.066457,0.565921,7698,16690.48026867814,17.495454545454546,0,0,"{timeout:600,max_col_multiplier:1,age_limit:4,random_seed:2,replication:3,num_threads:128,set_partition:true}",-1
c10400.json.gz,c,10,400,LagrangeTemplate,highs,LTFarkas,3,45,5591.1038789055965,inf,nan,5770.666666666666,0,16,440,0.461221,0.066457,0.565931,7698,16690.48026867814,0.3887878787878788,0,0,"{timeout:600,max_col_multiplier:1,age_limit:4,random_seed:2,replication:3,num_threads:128,set_partition:true}",1
c10400.json.gz,c,10,400,LagrangeTemplate,highs,LTFarkas,4,37,5591.1038789055965,5832,,5832,,10,360,0.193396,0.053408,0.269714,4518,23361.393203582287,12.55,1,0,"{timeout:600,max_col_multiplier:1,age_limit:4,random_seed:3,replication:4,num_threads:128,set_partition:true}",-1
c10400.json.gz,c,10,400,LagrangeTemplate,highs,LTFarkas,4,37,5591.1038789055965,5832,4.11522633744856,5832,0,10,360,0.193396,0.053408,0.26972,4518,23361.393203582287,0.3391891891891892,1,0,"{timeout:600,max_col_multiplier:1,age_limit:4,random_seed:3,replication:4,num_threads:128,set_partition:true}",1
c10400.json.gz,c,10,400,LagrangeTemplate,highs,LTFarkas,5,47,5591.1038789055965,5787,,5787,,10,460,0.602066,0.064087,0.704297,9633,15999.90698694163,20.941304347826087,1,0,"{timeout:600,max_col_multiplier:1,age_limit:4,random_seed:4,replication:5,num_threads:128,set_partition:true}",-1
c10400.json.gz,c,10,400,LagrangeTemplate,highs,LTFarkas,5,47,5591.1038789055965,5787,3.3696215655780195,5787,0,10,460,0.602066,0.064087,0.704308,9633,15999.90698694163,0.44555966697502314,1,0,"{timeout:600,max_col_multiplier:1,age_limit:4,random_seed:4,replication:5,num_threads:128,set_partition:true}",1
c10400.json.gz,c,10,400,MipTemplate,highs,MTFarkas,1,29,5591.1038789055965,5678,,5678,,10,280,0.052099,0.7675,0.851821,941,18061.767020480238,3.3607142857142858,1,0,"{timeout:600,max_col_multiplier:1,age_limit:4,random_seed:0,replication:1,num_threads:128,set_partition:true}",-1
c10400.json.gz,c,10,400,MipTemplate,highs,MTFarkas,1,29,5591.1038789055965,5678,1.5146178231771752,5678,0,10,280,0.052099,0.7675,0.851842,941,18061.767020480238,0.11588669950738917,1,0,"{timeout:600,max_col_multiplier:1,age_limit:4,random_seed:0,replication:1,num_threads:128,set_partition:true}",1
c10400.json.gz,c,10,400,MipTemplate,highs,MTFarkas,2,36,5591.1038789055965,5745,,5745,,10,350,0.066159,1.02112,1.117965,1045,15795.281065312354,2.9857142857142858,1,0,"{timeout:600,max_col_multiplier:1,age_limit:4,random_seed:1,replication:2,num_threads:128,set_partition:true}",-1
c10400.json.gz,c,10,400,MipTemplate,highs,MTFarkas,2,36,5591.1038789055965,5745,2.6631853785900783,5745,0,10,350,0.066159,1.02112,1.117979,1045,15795.281065312354,0.08293650793650793,1,0,"{timeout:600,max_col_multiplier:1,age_limit:4,random_seed:1,replication:2,num_threads:128,set_partition:true}",1
c10400.json.gz,c,10,400,MipTemplate,highs,MTFarkas,3,35,5591.1038789055965,5692,,5692,,10,340,0.063341,1.015868,1.10897,1023,16150.676497055621,3.0088235294117647,1,0,"{timeout:600,max_col_multiplier:1,age_limit:4,random_seed:2,replication:3,num_threads:128,set_partition:true}",-1
c10400.json.gz,c,10,400,MipTemplate,highs,MTFarkas,3,35,5591.1038789055965,5692,1.7568517217146873,5692,0,10,340,0.063341,1.015868,1.108985,1023,16150.676497055621,0.08596638655462185,1,0,"{timeout:600,max_col_multiplier:1,age_limit:4,random_seed:2,replication:3,num_threads:128,set_partition:true}",1
c10400.json.gz,c,10,400,MipTemplate,highs,MTFarkas,4,33,5591.1038789055965,inf,,5730,,13,320,0.060883,1.062388,1.153693,1016,16687.745347633987,3.175,0,0,"{timeout:600,max_col_multiplier:1,age_limit:4,random_seed:3,replication:4,num_threads:128,set_partition:true}",-1
c10400.json.gz,c,10,400,MipTemplate,highs,MTFarkas,4,33,5591.1038789055965,inf,nan,5730,0,13,320,0.060883,1.062388,1.153707,1016,16687.745347633987,0.09621212121212121,0,0,"{timeout:600,max_col_multiplier:1,age_limit:4,random_seed:3,replication:4,num_threads:128,set_partition:true}",1
c10400.json.gz,c,10,400,MipTemplate,highs,MTFarkas,5,35,5591.1038789055965,5718,,5718,,10,340,0.068517,1.031015,1.130223,1081,15777.1064115475,3.179411764705882,1,0,"{timeout:600,max_col_multiplier:1,age_limit:4,random_seed:4,replication:5,num_threads:128,set_partition:true}",-1
c10400.json.gz,c,10,400,MipTemplate,highs,MTFarkas,5,35,5591.1038789055965,5718,2.2035676810073452,5718,0,10,340,0.068517,1.031015,1.130237,1081,15777.1064115475,0.09084033613445378,1,0,"{timeout:600,max_col_multiplier:1,age_limit:4,random_seed:4,replication:5,num_threads:128,set_partition:true}",1
c15900.json.gz,c,15,900,Dantzig,highs,DantzigFarkas,1,103,11336.57437501809,inf,,26908.254155565588,,915,1530,195.76441,0.105637,198.378362,145869,745.1252247535699,95.33921568627451,0,0,"{timeout:600,max_col_multiplier:1,age_limit:296,random_seed:0,replication:1,num_threads:128,set_partition:true}",-1
c15900.json.gz,c,15,900,Dantzig,highs,DantzigFarkas,1,103,11336.57437501809,inf,nan,26908.254155565588,0,915,1530,195.76441,0.105637,198.378368,145869,745.1252247535699,0.9256234532648011,0,0,"{timeout:600,max_col_multiplier:1,age_limit:296,random_seed:0,replication:1,num_threads:128,set_partition:true}",1
c15900.json.gz,c,15,900,Dantzig,highs,DantzigFarkas,2,107,11336.57437501809,inf,,26950.759543439734,,915,1590,218.46404,0.100629,226.589916,146806,671.991600997583,92.3308176100629,0,0,"{timeout:600,max_col_multiplier:1,age_limit:296,random_seed:1,replication:2,num_threads:128,set_partition:true}",-1
c15900.json.gz,c,15,900,Dantzig,highs,DantzigFarkas,2,107,11336.57437501809,inf,nan,26950.759543439734,0,915,1590,218.46404,0.100629,226.589923,146806,671.991600997583,0.8629048374772234,0,0,"{timeout:600,max_col_multiplier:1,age_limit:296,random_seed:1,replication:2,num_threads:128,set_partition:true}",1
c15900.json.gz,c,15,900,Dantzig,highs,DantzigFarkas,3,114,11336.57437501809,inf,,26930.03745005093,,915,1695,266.299518,0.109187,276.849673,152405,572.3067061653488,89.91445427728614,0,0,"{timeout:600,max_col_multiplier:1,age_limit:296,random_seed:2,replication:3,num_threads:128,set_partition:true}",-1
c15900.json.gz,c,15,900,Dantzig,highs,DantzigFarkas,3,114,11336.57437501809,inf,nan,26930.03745005093,0,915,1695,266.299518,0.109187,276.84968,152405,572.3067061653488,0.7887232831340889,0,0,"{timeout:600,max_col_multiplier:1,age_limit:296,random_seed:2,replication:3,num_threads:128,set_partition:true}",1
c15900.json.gz,c,15,900,Dantzig,highs,DantzigFarkas,4,110,11336.57437501809,inf,,26971.764632108847,,915,1635,243.091225,0.105181,251.099818,152288,626.4644065206385,93.14250764525994,0,0,"{timeout:600,max_col_multiplier:1,age_limit:296,random_seed:3,replication:4,num_threads:128,set_partition:true}",-1
c15900.json.gz,c,15,900,Dantzig,highs,DantzigFarkas,4,110,11336.57437501809,inf,nan,26971.764632108847,0,915,1635,243.091225,0.105181,251.09983,152288,626.4644065206385,0.8467500695023631,0,0,"{timeout:600,max_col_multiplier:1,age_limit:296,random_seed:3,replication:4,num_threads:128,set_partition:true}",1
c15900.json.gz,c,15,900,Dantzig,highs,DantzigFarkas,5,105,11336.57437501809,inf,,27019.941426678753,,915,1560,195.719046,0.099854,202.809311,139648,713.5125725066124,89.51794871794871,0,0,"{timeout:600,max_col_multiplier:1,age_limit:296,random_seed:4,replication:5,num_threads:128,set_partition:true}",-1
c15900.json.gz,c,15,900,Dantzig,highs,DantzigFarkas,5,105,11336.57437501809,inf,nan,27019.941426678753,0,915,1560,195.719046,0.099854,202.809318,139648,713.5125725066124,0.8525518925518925,0,0,"{timeout:600,max_col_multiplier:1,age_limit:296,random_seed:4,replication:5,num_threads:128,set_partition:true}",1
c15900.json.gz,c,15,900,LagrangeTemplate,highs,LTFarkas,1,69,11336.57437501809,inf,,11478,,17,1020,9.685771,0.331931,10.550522,48915,5050.191667756753,47.955882352941174,0,0,"{timeout:600,max_col_multiplier:1,age_limit:6,random_seed:0,replication:1,num_threads:128,set_partition:true}",-1
c15900.json.gz,c,15,900,LagrangeTemplate,highs,LTFarkas,1,69,11336.57437501809,inf,nan,11478,0,17,1020,9.685771,0.331931,10.550529,48915,5050.191667756753,0.6950127877237852,0,0,"{timeout:600,max_col_multiplier:1,age_limit:6,random_seed:0,replication:1,num_threads:128,set_partition:true}",1
c15900.json.gz,c,15,900,LagrangeTemplate,highs,LTFarkas,2,68,11336.57437501809,inf,,11488.49999999995,,23,1005,9.52547,0.290121,10.278471,47201,4955.241053722283,46.96616915422886,0,0,"{timeout:600,max_col_multiplier:1,age_limit:6,random_seed:1,replication:2,num_threads:128,set_partition:true}",-1
c15900.json.gz,c,15,900,LagrangeTemplate,highs,LTFarkas,2,68,11336.57437501809,inf,nan,11488.49999999995,0,23,1005,9.52547,0.290121,10.278478,47201,4955.241053722283,0.6906789581504243,0,0,"{timeout:600,max_col_multiplier:1,age_limit:6,random_seed:1,replication:2,num_threads:128,set_partition:true}",1
c15900.json.gz,c,15,900,LagrangeTemplate,highs,LTFarkas,3,67,11336.57437501809,11560.999999999833,,11560.999999999833,,15,990,9.41283,0.212708,9.994181,46647,4955.682828649832,47.11818181818182,1,0,"{timeout:600,max_col_multiplier:1,age_limit:6,random_seed:2,replication:3,num_threads:128,set_partition:true}",-1
c15900.json.gz,c,15,900,LagrangeTemplate,highs,LTFarkas,3,67,11336.57437501809,11560.999999999833,1.937548654959224,11560.999999999833,0,15,990,9.41283,0.212708,9.994188,46647,4955.682828649832,0.7032564450474899,1,0,"{timeout:600,max_col_multiplier:1,age_limit:6,random_seed:2,replication:3,num_threads:128,set_partition:true}",1
c15900.json.gz,c,15,900,LagrangeTemplate,highs,LTFarkas,4,58,11336.57437501809,inf,,11460.999998788979,,17,855,4.724917,0.246167,5.187854,32836,6949.540065994811,38.4046783625731,0,0,"{timeout:600,max_col_multiplier:1,age_limit:6,random_seed:3,replication:4,num_threads:128,set_partition:true}",-1
c15900.json.gz,c,15,900,LagrangeTemplate,highs,LTFarkas,4,58,11336.57437501809,inf,nan,11460.999998788979,0,17,855,4.724917,0.246167,5.187861,32836,6949.540065994811,0.6621496269409155,0,0,"{timeout:600,max_col_multiplier:1,age_limit:6,random_seed:3,replication:4,num_threads:128,set_partition:true}",1
c15900.json.gz,c,15,900,LagrangeTemplate,highs,LTFarkas,5,70,11336.57437501809,11533,,11533,,15,1035,12.650338,0.179464,13.233842,56942,4501.22360366972,55.016425120772944,1,0,"{timeout:600,max_col_multiplier:1,age_limit:6,random_seed:4,replication:5,num_threads:128,set_partition:true}",-1
c15900.json.gz,c,15,900,LagrangeTemplate,highs,LTFarkas,5,70,11336.57437501809,11533,1.699471082979277,11533,0,15,1035,12.650338,0.179464,13.233849,56942,4501.22360366972,0.7859489302967564,1,0,"{timeout:600,max_col_multiplier:1,age_limit:6,random_seed:4,replication:5,num_threads:128,set_partition:true}",1
c15900.json.gz,c,15,900,MipTemplate,highs,MTFarkas,1,35,11336.57437501809,11556,,11556,,15,510,0.144816,1.519718,1.737741,1990,13741.575516517512,3.9019607843137254,1,0,"{timeout:600,max_col_multiplier:1,age_limit:6,random_seed:0,replication:1,num_threads:128,set_partition:true}",-1
c15900.json.gz,c,15,900,MipTemplate,highs,MTFarkas,1,35,11336.57437501809,11556,1.8951194184839044,11556,0,15,510,0.144816,1.519718,1.737762,1990,13741.575516517512,0.111484593837535,1,0,"{timeout:600,max_col_multiplier:1,age_limit:6,random_seed:0,replication:1,num_threads:128,set_partition:true}",1
c15900.json.gz,c,15,900,MipTemplate,highs,MTFarkas,2,40,11336.57437501809,11395,,11395,,15,585,0.154477,1.559868,1.783252,2087,13510.101827456514,3.5675213675213677,1,0,"{timeout:600,max_col_multiplier:1,age_limit:6,random_seed:1,replication:2,num_threads:128,set_partition:true}",-1
c15900.json.gz,c,15,900,MipTemplate,highs,MTFarkas,2,40,11336.57437501809,11395,0.5089951733216324,11395,0,15,585,0.154477,1.559868,1.783266,2087,13510.101827456514,0.0891880341880342,1,0,"{timeout:600,max_col_multiplier:1,age_limit:6,random_seed:1,replication:2,num_threads:128,set_partition:true}",1
c15900.json.gz,c,15,900,MipTemplate,highs,MTFarkas,3,39,11336.57437501809,11501,,11501,,15,570,0.155116,1.565255,1.788767,2098,13525.361664818587,3.680701754385965,1,0,"{timeout:600,max_col_multiplier:1,age_limit:6,random_seed:2,replication:3,num_threads:128,set_partition:true}",-1
c15900.json.gz,c,15,900,MipTemplate,highs,MTFarkas,3,39,11336.57437501809,11501,1.425962959742631,11501,0,15,570,0.155116,1.565255,1.788785,2098,13525.361664818587,0.09437696806117858,1,0,"{timeout:600,max_col_multiplier:1,age_limit:6,random_seed:2,replication:3,num_threads:128,set_partition:true}",1
c15900.json.gz,c,15,900,MipTemplate,highs,MTFarkas,4,27,11336.57437501809,11476,,11476,,15,390,0.089046,1.084812,1.241102,1872,21022.842126541338,4.8,1,0,"{timeout:600,max_col_multiplier:1,age_limit:6,random_seed:3,replication:4,num_threads:128,set_partition:true}",-1
c15900.json.gz,c,15,900,MipTemplate,highs,MTFarkas,4,27,11336.57437501809,11476,1.211223422795399,11476,0,15,390,0.089046,1.084812,1.241116,1872,21022.842126541338,0.17777777777777778,1,0,"{timeout:600,max_col_multiplier:1,age_limit:6,random_seed:3,replication:4,num_threads:128,set_partition:true}",1
c15900.json.gz,c,15,900,MipTemplate,highs,MTFarkas,5,45,11336.57437501809,11495,,11495,,15,660,0.190101,1.754006,2.013649,2285,12019.926249730406,3.462121212121212,1,0,"{timeout:600,max_col_multiplier:1,age_limit:6,random_seed:4,replication:5,num_threads:128,set_partition:true}",-1
c15900.json.gz,c,15,900,MipTemplate,highs,MTFarkas,5,45,11336.57437501809,11495,1.3745106568073076,11495,0,15,660,0.190101,1.754006,2.013665,2285,12019.926249730406,0.07693602693602693,1,0,"{timeout:600,max_col_multiplier:1,age_limit:6,random_seed:4,replication:5,num_threads:128,set_partition:true}",1
c20100.json.gz,c,20,100,Dantzig,highs,DantzigFarkas,1,19,1218.987259393067,inf,,2881.6349529238187,,117,360,0.04078,0.008197,0.057356,2171,53236.88082393331,6.030555555555556,0,0,"{timeout:600,max_col_multiplier:1,age_limit:4,random_seed:0,replication:1,num_threads:128,set_partition:true}",-1
c20100.json.gz,c,20,100,Dantzig,highs,DantzigFarkas,1,19,1218.987259393067,inf,nan,2881.6349529238187,0,117,360,0.04078,0.008197,0.057368,2171,53236.88082393331,0.31739766081871346,0,0,"{timeout:600,max_col_multiplier:1,age_limit:4,random_seed:0,replication:1,num_threads:128,set_partition:true}",1
c20100.json.gz,c,20,100,Dantzig,highs,DantzigFarkas,2,18,1218.987259393067,inf,,2754.443203354199,,120,340,0.038945,0.006287,0.054141,2172,55770.959044806776,6.3882352941176475,0,0,"{timeout:600,max_col_multiplier:1,age_limit:4,random_seed:1,replication:2,num_threads:128,set_partition:true}",-1
c20100.json.gz,c,20,100,Dantzig,highs,DantzigFarkas,2,18,1218.987259393067,inf,nan,2754.443203354199,0,120,340,0.038945,0.006287,0.054147,2172,55770.959044806776,0.35490196078431374,0,0,"{timeout:600,max_col_multiplier:1,age_limit:4,random_seed:1,replication:2,num_threads:128,set_partition:true}",1
c20100.json.gz,c,20,100,Dantzig,highs,DantzigFarkas,3,19,1218.987259393067,inf,,2851.3794813473055,,119,360,0.038484,0.006616,0.053806,2161,56153.20652738801,6.002777777777778,0,0,"{timeout:600,max_col_multiplier:1,age_limit:4,random_seed:2,replication:3,num_threads:128,set_partition:true}",-1
c20100.json.gz,c,20,100,Dantzig,highs,DantzigFarkas,3,19,1218.987259393067,inf,nan,2851.3794813473055,0,119,360,0.038484,0.006616,0.053816,2161,56153.20652738801,0.3159356725146199,0,0,"{timeout:600,max_col_multiplier:1,age_limit:4,random_seed:2,replication:3,num_threads:128,set_partition:true}",1
c20100.json.gz,c,20,100,Dantzig,highs,DantzigFarkas,4,17,1218.987259393067,inf,,2998.1458195544546,,112,320,0.03622,0.006129,0.048374,2127,58724.46162341248,6.646875,0,0,"{timeout:600,max_col_multiplier:1,age_limit:4,random_seed:3,replication:4,num_threads:128,set_partition:true}",-1
c20100.json.gz,c,20,100,Dantzig,highs,DantzigFarkas,4,17,1218.987259393067,inf,nan,2998.1458195544546,0,112,320,0.03622,0.006129,0.048379,2127,58724.46162341248,0.39099264705882353,0,0,"{timeout:600,max_col_multiplier:1,age_limit:4,random_seed:3,replication:4,num_threads:128,set_partition:true}",1
c20100.json.gz,c,20,100,Dantzig,highs,DantzigFarkas,5,19,1218.987259393067,inf,,2829.628199861577,,118,360,0.041424,0.006657,0.056636,2136,51564.31054461181,5.933333333333334,0,0,"{timeout:600,max_col_multiplier:1,age_limit:4,random_seed:4,replication:5,num_threads:128,set_partition:true}",-1
c20100.json.gz,c,20,100,Dantzig,highs,DantzigFarkas,5,19,1218.987259393067,inf,nan,2829.628199861577,0,118,360,0.041424,0.006657,0.056645,2136,51564.31054461181,0.312280701754386,0,0,"{timeout:600,max_col_multiplier:1,age_limit:4,random_seed:4,replication:5,num_threads:128,set_partition:true}",1
c20100.json.gz,c,20,100,LagrangeTemplate,highs,LTFarkas,1,6,1218.987259393067,1352,,1352,,20,100,0.002543,0.002266,0.00984,279,109712.93747542272,2.79,1,0,"{timeout:600,max_col_multiplier:1,age_limit:2,random_seed:0,replication:1,num_threads:128,set_partition:true}",-1
c20100.json.gz,c,20,100,LagrangeTemplate,highs,LTFarkas,1,6,1218.987259393067,1352,9.837278106508876,1352,0,20,100,0.002543,0.002266,0.00985,279,109712.93747542272,0.465,1,0,"{timeout:600,max_col_multiplier:1,age_limit:2,random_seed:0,replication:1,num_threads:128,set_partition:true}",1
c20100.json.gz,c,20,100,LagrangeTemplate,highs,LTFarkas,2,7,1218.987259393067,1434,,1434,,20,120,0.001939,0.002727,0.009568,272,140278.49406910778,2.2666666666666666,1,0,"{timeout:600,max_col_multiplier:1,age_limit:2,random_seed:1,replication:2,num_threads:128,set_partition:true}",-1
c20100.json.gz,c,20,100,LagrangeTemplate,highs,LTFarkas,2,7,1218.987259393067,1434,14.99302649930265,1434,0,20,120,0.001939,0.002727,0.009579,272,140278.49406910778,0.3238095238095238,1,0,"{timeout:600,max_col_multiplier:1,age_limit:2,random_seed:1,replication:2,num_threads:128,set_partition:true}",1
c20100.json.gz,c,20,100,LagrangeTemplate,highs,LTFarkas,3,6,1218.987259393067,1440,,1440,,20,100,0.002138,0.002349,0.009527,260,121608.98035547239,2.6,1,0,"{timeout:600,max_col_multiplier:1,age_limit:2,random_seed:2,replication:3,num_threads:128,set_partition:true}",-1
c20100.json.gz,c,20,100,LagrangeTemplate,highs,LTFarkas,3,6,1218.987259393067,1440,15.347222222222223,1440,0,20,100,0.002138,0.002349,0.009539,260,121608.98035547239,0.43333333333333335,1,0,"{timeout:600,max_col_multiplier:1,age_limit:2,random_seed:2,replication:3,num_threads:128,set_partition:true}",1
c20100.json.gz,c,20,100,LagrangeTemplate,highs,LTFarkas,4,5,1218.987259393067,1336,,1336,,20,80,0.001263,0.002242,0.008388,254,201108.47189231988,3.175,1,0,"{timeout:600,max_col_multiplier:1,age_limit:2,random_seed:3,replication:4,num_threads:128,set_partition:true}",-1
c20100.json.gz,c,20,100,LagrangeTemplate,highs,LTFarkas,4,5,1218.987259393067,1336,8.757485029940119,1336,0,20,80,0.001263,0.002242,0.008399,254,201108.47189231988,0.635,1,0,"{timeout:600,max_col_multiplier:1,age_limit:2,random_seed:3,replication:4,num_threads:128,set_partition:true}",1
c20100.json.gz,c,20,100,LagrangeTemplate,highs,LTFarkas,5,6,1218.987259393067,1379,,1379,,20,100,0.001889,0.00219,0.009012,272,143991.52991000528,2.72,1,0,"{timeout:600,max_col_multiplier:1,age_limit:2,random_seed:4,replication:5,num_threads:128,set_partition:true}",-1
c20100.json.gz,c,20,100,LagrangeTemplate,highs,LTFarkas,5,6,1218.987259393067,1379,11.602610587382161,1379,0,20,100,0.001889,0.00219,0.009021,272,143991.52991000528,0.45333333333333337,1,0,"{timeout:600,max_col_multiplier:1,age_limit:2,random_seed:4,replication:5,num_threads:128,set_partition:true}",1
c20100.json.gz,c,20,100,MipTemplate,highs,MTFarkas,1,7,1218.987259393067,1409,,1409,,20,120,0.002448,0.144524,0.162293,276,112745.09803921568,2.3,1,0,"{timeout:600,max_col_multiplier:1,age_limit:2,random_seed:0,replication:1,num_threads:128,set_partition:true}",-1
c20100.json.gz,c,20,100,MipTemplate,highs,MTFarkas,1,7,1218.987259393067,1409,13.484740951029098,1409,0,20,120,0.002448,0.144524,0.162312,276,112745.09803921568,0.32857142857142857,1,0,"{timeout:600,max_col_multiplier:1,age_limit:2,random_seed:0,replication:1,num_threads:128,set_partition:true}",1
c20100.json.gz,c,20,100,MipTemplate,highs,MTFarkas,2,6,1218.987259393067,1365,,1365,,20,100,0.002797,0.125554,0.143598,285,101894.887379335,2.85,1,0,"{timeout:600,max_col_multiplier:1,age_limit:2,random_seed:1,replication:2,num_threads:128,set_partition:true}",-1
c20100.json.gz,c,20,100,MipTemplate,highs,MTFarkas,2,6,1218.987259393067,1365,10.695970695970695,1365,0,20,100,0.002797,0.125554,0.143614,285,101894.887379335,0.47500000000000003,1,0,"{timeout:600,max_col_multiplier:1,age_limit:2,random_seed:1,replication:2,num_threads:128,set_partition:true}",1
c20100.json.gz,c,20,100,MipTemplate,highs,MTFarkas,3,7,1218.987259393067,1437,,1437,,20,120,0.003198,0.143167,0.162006,266,83176.98561601,2.216666666666667,1,0,"{timeout:600,max_col_multiplier:1,age_limit:2,random_seed:2,replication:3,num_threads:128,set_partition:true}",-1
c20100.json.gz,c,20,100,MipTemplate,highs,MTFarkas,3,7,1218.987259393067,1437,15.170494084899094,1437,0,20,120,0.003198,0.143167,0.162023,266,83176.98561601,0.3166666666666667,1,0,"{timeout:600,max_col_multiplier:1,age_limit:2,random_seed:2,replication:3,num_threads:128,set_partition:true}",1
c20100.json.gz,c,20,100,MipTemplate,highs,MTFarkas,4,5,1218.987259393067,1355,,1355,,20,80,0.001841,0.082078,0.098893,250,135795.76317218904,3.125,1,0,"{timeout:600,max_col_multiplier:1,age_limit:2,random_seed:3,replication:4,num_threads:128,set_partition:true}",-1
c20100.json.gz,c,20,100,MipTemplate,highs,MTFarkas,4,5,1218.987259393067,1355,10.03690036900369,1355,0,20,80,0.001841,0.082078,0.098906,250,135795.76317218904,0.625,1,0,"{timeout:600,max_col_multiplier:1,age_limit:2,random_seed:3,replication:4,num_threads:128,set_partition:true}",1
c20100.json.gz,c,20,100,MipTemplate,highs,MTFarkas,5,6,1218.987259393067,inf,,1357.5,,26,100,0.002296,0.126716,0.144241,259,112804.87804878049,2.59,0,0,"{timeout:600,max_col_multiplier:1,age_limit:2,random_seed:4,replication:5,num_threads:128,set_partition:true}",-1
c20100.json.gz,c,20,100,MipTemplate,highs,MTFarkas,5,6,1218.987259393067,inf,nan,1357.5,0,26,100,0.002296,0.126716,0.144255,259,112804.87804878049,0.43166666666666664,0,0,"{timeout:600,max_col_multiplier:1,age_limit:2,random_seed:4,replication:5,num_threads:128,set_partition:true}",1
c201600.json.gz,c,20,1600,Dantzig,highs,DantzigFarkas,1,107,18798.565029878286,inf,,,,,5340,600.305794,0.161871,600.573706,369398,,,0,1,"{timeout:600,max_col_multiplier:1,age_limit:525,random_seed:0,replication:1,num_threads:128,set_partition:true}",-4
c201600.json.gz,c,20,1600,Dantzig,highs,DantzigFarkas,1,107,18798.565029878286,inf,,,,,5340,600.305794,0.161871,600.573708,369398,,,0,1,"{timeout:600,max_col_multiplier:1,age_limit:525,random_seed:0,replication:1,num_threads:128,set_partition:true}",1
c201600.json.gz,c,20,1600,Dantzig,highs,DantzigFarkas,2,107,18798.565029878286,inf,,,,,5340,599.746844,0.163373,600.005093,368186,,,0,1,"{timeout:600,max_col_multiplier:1,age_limit:525,random_seed:1,replication:2,num_threads:128,set_partition:true}",-4
c201600.json.gz,c,20,1600,Dantzig,highs,DantzigFarkas,2,107,18798.565029878286,inf,,,,,5340,599.746844,0.163373,600.005095,368186,,,0,1,"{timeout:600,max_col_multiplier:1,age_limit:525,random_seed:1,replication:2,num_threads:128,set_partition:true}",1
c201600.json.gz,c,20,1600,Dantzig,highs,DantzigFarkas,3,104,18798.565029878286,inf,,,,,5280,600.533734,0.16185,600.789034,357761,,,0,1,"{timeout:600,max_col_multiplier:1,age_limit:525,random_seed:2,replication:3,num_threads:128,set_partition:true}",-4
c201600.json.gz,c,20,1600,Dantzig,highs,DantzigFarkas,3,104,18798.565029878286,inf,,,,,5280,600.533734,0.16185,600.789037,357761,,,0,1,"{timeout:600,max_col_multiplier:1,age_limit:525,random_seed:2,replication:3,num_threads:128,set_partition:true}",1
c201600.json.gz,c,20,1600,Dantzig,highs,DantzigFarkas,4,105,18798.565029878286,inf,,,,,5300,599.962493,0.157513,600.21341,363782,,,0,1,"{timeout:600,max_col_multiplier:1,age_limit:525,random_seed:3,replication:4,num_threads:128,set_partition:true}",-4
c201600.json.gz,c,20,1600,Dantzig,highs,DantzigFarkas,4,105,18798.565029878286,inf,,,,,5300,599.962493,0.157513,600.213412,363782,,,0,1,"{timeout:600,max_col_multiplier:1,age_limit:525,random_seed:3,replication:4,num_threads:128,set_partition:true}",1
c201600.json.gz,c,20,1600,Dantzig,highs,DantzigFarkas,5,105,18798.565029878286,inf,,,,,5300,599.813029,0.160075,600.0682,360392,,,0,1,"{timeout:600,max_col_multiplier:1,age_limit:525,random_seed:4,replication:5,num_threads:128,set_partition:true}",-4
c201600.json.gz,c,20,1600,Dantzig,highs,DantzigFarkas,5,105,18798.565029878286,inf,,,,,5300,599.813029,0.160075,600.068202,360392,,,0,1,"{timeout:600,max_col_multiplier:1,age_limit:525,random_seed:4,replication:5,num_threads:128,set_partition:true}",1
c201600.json.gz,c,20,1600,LagrangeTemplate,highs,LTFarkas,1,86,18798.565029878286,18968,,18968,,20,1700,104.578037,0.492291,108.951204,166522,1592.3228698584198,97.95411764705882,1,0,"{timeout:600,max_col_multiplier:1,age_limit:8,random_seed:0,replication:1,num_threads:128,set_partition:true}",-1
c201600.json.gz,c,20,1600,LagrangeTemplate,highs,LTFarkas,1,86,18798.565029878286,18968,0.8909742724588782,18968,0,20,1700,104.578037,0.492291,108.951211,166522,1592.3228698584198,1.139001367989056,1,0,"{timeout:600,max_col_multiplier:1,age_limit:8,random_seed:0,replication:1,num_threads:128,set_partition:true}",1
c201600.json.gz,c,20,1600,LagrangeTemplate,highs,LTFarkas,2,73,18798.565029878286,18972,,18972,,20,1440,39.597383,0.667722,42.009259,98905,2497.766077116763,68.68402777777777,1,0,"{timeout:600,max_col_multiplier:1,age_limit:8,random_seed:1,replication:2,num_threads:128,set_partition:true}",-1
c201600.json.gz,c,20,1600,LagrangeTemplate,highs,LTFarkas,2,73,18798.565029878286,18972,0.9118701243938435,18972,0,20,1440,39.597383,0.667722,42.009266,98905,2497.766077116763,0.9408770928462709,1,0,"{timeout:600,max_col_multiplier:1,age_limit:8,random_seed:1,replication:2,num_threads:128,set_partition:true}",1
c201600.json.gz,c,20,1600,LagrangeTemplate,highs,LTFarkas,3,81,18798.565029878286,18915,,18915,,20,1600,62.43425,0.608703,65.693823,132147,2116.578640730048,82.591875,1,0,"{timeout:600,max_col_multiplier:1,age_limit:8,random_seed:2,replication:3,num_threads:128,set_partition:true}",-1
c201600.json.gz,c,20,1600,LagrangeTemplate,highs,LTFarkas,3,81,18798.565029878286,18915,0.6132698916204071,18915,0,20,1600,62.43425,0.608703,65.69383,132147,2116.578640730048,1.0196527777777777,1,0,"{timeout:600,max_col_multiplier:1,age_limit:8,random_seed:2,replication:3,num_threads:128,set_partition:true}",1
c201600.json.gz,c,20,1600,LagrangeTemplate,highs,LTFarkas,4,90,18798.565029878286,inf,,18998,,23,1780,111.81412,0.613516,116.387387,162654,1454.6821099159927,91.37865168539327,0,0,"{timeout:600,max_col_multiplier:1,age_limit:8,random_seed:3,replication:4,num_threads:128,set_partition:true}",-1
c201600.json.gz,c,20,1600,LagrangeTemplate,highs,LTFarkas,4,90,18798.565029878286,inf,nan,18998,0,23,1780,111.81412,0.613516,116.387393,162654,1454.6821099159927,1.0153183520599252,0,0,"{timeout:600,max_col_multiplier:1,age_limit:8,random_seed:3,replication:4,num_threads:128,set_partition:true}",1
c201600.json.gz,c,20,1600,LagrangeTemplate,highs,LTFarkas,5,89,18798.565029878286,19026.999999999964,,19026.999999999964,,20,1760,97.453645,0.611107,102.581716,159167,1633.2585610317603,90.43579545454546,1,0,"{timeout:600,max_col_multiplier:1,age_limit:8,random_seed:4,replication:5,num_threads:128,set_partition:true}",-1
c201600.json.gz,c,20,1600,LagrangeTemplate,highs,LTFarkas,5,89,18798.565029878286,19026.999999999964,1.1982971566719087,19026.999999999964,0,20,1760,97.453645,0.611107,102.581723,159167,1633.2585610317603,1.01613253319714,1,0,"{timeout:600,max_col_multiplier:1,age_limit:8,random_seed:4,replication:5,num_threads:128,set_partition:true}",1
c201600.json.gz,c,20,1600,MipTemplate,highs,MTFarkas,1,57,18798.565029878286,19007,,19007,,20,1120,0.527435,3.222601,3.89412,3854,7307.061533648696,3.4410714285714286,1,0,"{timeout:600,max_col_multiplier:1,age_limit:8,random_seed:0,replication:1,num_threads:128,set_partition:true}",-1
c201600.json.gz,c,20,1600,MipTemplate,highs,MTFarkas,1,57,18798.565029878286,19007,1.094333666543905,19007,0,20,1120,0.527435,3.222601,3.894135,3854,7307.061533648696,0.060369674185463656,1,0,"{timeout:600,max_col_multiplier:1,age_limit:8,random_seed:0,replication:1,num_threads:128,set_partition:true}",1
c201600.json.gz,c,20,1600,MipTemplate,highs,MTFarkas,2,53,18798.565029878286,19062,,19062,,20,1040,0.449502,3.105673,3.683871,3733,8304.746141285244,3.589423076923077,1,0,"{timeout:600,max_col_multiplier:1,age_limit:8,random_seed:1,replication:2,num_threads:128,set_partition:true}",-1
c201600.json.gz,c,20,1600,MipTemplate,highs,MTFarkas,2,53,18798.565029878286,19062,1.3797083202182352,19062,0,20,1040,0.449502,3.105673,3.683885,3733,8304.746141285244,0.06772496371552975,1,0,"{timeout:600,max_col_multiplier:1,age_limit:8,random_seed:1,replication:2,num_threads:128,set_partition:true}",1
c201600.json.gz,c,20,1600,MipTemplate,highs,MTFarkas,3,60,18798.565029878286,19013,,19013,,20,1180,0.557059,3.412325,4.105392,3905,7010.029458280003,3.309322033898305,1,0,"{timeout:600,max_col_multiplier:1,age_limit:8,random_seed:2,replication:3,num_threads:128,set_partition:true}",-1
c201600.json.gz,c,20,1600,MipTemplate,highs,MTFarkas,3,60,18798.565029878286,19013,1.125545679272077,19013,0,20,1180,0.557059,3.412325,4.105407,3905,7010.029458280003,0.055155367231638414,1,0,"{timeout:600,max_col_multiplier:1,age_limit:8,random_seed:2,replication:3,num_threads:128,set_partition:true}",1
c201600.json.gz,c,20,1600,MipTemplate,highs,MTFarkas,4,60,18798.565029878286,18940,,18940,,20,1180,0.543883,3.224751,3.893451,3849,7076.889698703581,3.261864406779661,1,0,"{timeout:600,max_col_multiplier:1,age_limit:8,random_seed:3,replication:4,num_threads:128,set_partition:true}",-1
c201600.json.gz,c,20,1600,MipTemplate,highs,MTFarkas,4,60,18798.565029878286,18940,0.7444561774023232,18940,0,20,1180,0.543883,3.224751,3.893466,3849,7076.889698703581,0.05436440677966102,1,0,"{timeout:600,max_col_multiplier:1,age_limit:8,random_seed:3,replication:4,num_threads:128,set_partition:true}",1
c201600.json.gz,c,20,1600,MipTemplate,highs,MTFarkas,5,54,18798.565029878286,19006,,19006.000000000015,,20,1060,0.44623,2.849615,3.431069,3670,8224.458239024718,3.4622641509433962,1,0,"{timeout:600,max_col_multiplier:1,age_limit:8,random_seed:4,replication:5,num_threads:128,set_partition:true}",-1
c201600.json.gz,c,20,1600,MipTemplate,highs,MTFarkas,5,54,18798.565029878286,19006,1.0891297485004736,19006.000000000015,0,20,1060,0.44623,2.849615,3.431087,3670,8224.458239024718,0.06411600279524808,1,0,"{timeout:600,max_col_multiplier:1,age_limit:8,random_seed:4,replication:5,num_threads:128,set_partition:true}",1
c20200.json.gz,c,20,200,Dantzig,highs,DantzigFarkas,1,28,2376.905486372503,inf,,6047.382254879809,,218,540,0.278985,0.010206,0.301921,7250,25987.06023621342,13.425925925925926,0,0,"{timeout:600,max_col_multiplier:1,age_limit:10,random_seed:0,replication:1,num_threads:128,set_partition:true}",-1
c20200.json.gz,c,20,200,Dantzig,highs,DantzigFarkas,1,28,2376.905486372503,inf,nan,6047.382254879809,0,218,540,0.278985,0.010206,0.301928,7250,25987.06023621342,0.4794973544973545,0,0,"{timeout:600,max_col_multiplier:1,age_limit:10,random_seed:0,replication:1,num_threads:128,set_partition:true}",1
c20200.json.gz,c,20,200,Dantzig,highs,DantzigFarkas,2,32,2376.905486372503,inf,,5955.284198560853,,220,620,0.32974,0.010356,0.362954,8014,24303.997088615273,12.925806451612903,0,0,"{timeout:600,max_col_multiplier:1,age_limit:10,random_seed:1,replication:2,num_threads:128,set_partition:true}",-1
c20200.json.gz,c,20,200,Dantzig,highs,DantzigFarkas,2,32,2376.905486372503,inf,nan,5955.284198560853,0,220,620,0.32974,0.010356,0.36296,8014,24303.997088615273,0.4039314516129032,0,0,"{timeout:600,max_col_multiplier:1,age_limit:10,random_seed:1,replication:2,num_threads:128,set_partition:true}",1
c20200.json.gz,c,20,200,Dantzig,highs,DantzigFarkas,3,31,2376.905486372503,inf,,5755.132762435573,,220,600,0.332,0.012324,0.368784,8003,24105.421686746988,13.338333333333333,0,0,"{timeout:600,max_col_multiplier:1,age_limit:10,random_seed:2,replication:3,num_threads:128,set_partition:true}",-1
c20200.json.gz,c,20,200,Dantzig,highs,DantzigFarkas,3,31,2376.905486372503,inf,nan,5755.132762435573,0,220,600,0.332,0.012324,0.36879,8003,24105.421686746988,0.43026881720430105,0,0,"{timeout:600,max_col_multiplier:1,age_limit:10,random_seed:2,replication:3,num_threads:128,set_partition:true}",1
c20200.json.gz,c,20,200,Dantzig,highs,DantzigFarkas,4,31,2376.905486372503,inf,,5931.3431605223195,,219,600,0.310873,0.010454,0.335989,7903,25421.956876280667,13.171666666666667,0,0,"{timeout:600,max_col_multiplier:1,age_limit:10,random_seed:3,replication:4,num_threads:128,set_partition:true}",-1
c20200.json.gz,c,20,200,Dantzig,highs,DantzigFarkas,4,31,2376.905486372503,inf,nan,5931.3431605223195,0,219,600,0.310873,0.010454,0.335996,7903,25421.956876280667,0.4248924731182796,0,0,"{timeout:600,max_col_multiplier:1,age_limit:10,random_seed:3,replication:4,num_threads:128,set_partition:true}",1
c20200.json.gz,c,20,200,Dantzig,highs,DantzigFarkas,5,30,2376.905486372503,inf,,5946.806141754436,,219,580,0.283669,0.01136,0.324358,7573,26696.607665976895,13.056896551724138,0,0,"{timeout:600,max_col_multiplier:1,age_limit:10,random_seed:4,replication:5,num_threads:128,set_partition:true}",-1
c20200.json.gz,c,20,200,Dantzig,highs,DantzigFarkas,5,30,2376.905486372503,inf,nan,5946.806141754436,0,219,580,0.283669,0.01136,0.324367,7573,26696.607665976895,0.4352298850574713,0,0,"{timeout:600,max_col_multiplier:1,age_limit:10,random_seed:4,replication:5,num_threads:128,set_partition:true}",1
c20200.json.gz,c,20,200,LagrangeTemplate,highs,LTFarkas,1,9,2376.905486372503,2528,,2528,,20,160,0.004599,0.003594,0.017782,570,123939.98695368558,3.5625,1,0,"{timeout:600,max_col_multiplier:1,age_limit:2,random_seed:0,replication:1,num_threads:128,set_partition:true}",-1
c20200.json.gz,c,20,200,LagrangeTemplate,highs,LTFarkas,1,9,2376.905486372503,2528,5.973101265822785,2528,0,20,160,0.004599,0.003594,0.01779,570,123939.98695368558,0.3958333333333333,1,0,"{timeout:600,max_col_multiplier:1,age_limit:2,random_seed:0,replication:1,num_threads:128,set_partition:true}",1
c20200.json.gz,c,20,200,LagrangeTemplate,highs,LTFarkas,2,7,2376.905486372503,2486,,2486,,20,120,0.003432,0.003185,0.015634,499,145396.27039627038,4.158333333333333,1,0,"{timeout:600,max_col_multiplier:1,age_limit:2,random_seed:1,replication:2,num_threads:128,set_partition:true}",-1
c20200.json.gz,c,20,200,LagrangeTemplate,highs,LTFarkas,2,7,2376.905486372503,2486,4.3845534995977475,2486,0,20,120,0.003432,0.003185,0.015642,499,145396.27039627038,0.594047619047619,1,0,"{timeout:600,max_col_multiplier:1,age_limit:2,random_seed:1,replication:2,num_threads:128,set_partition:true}",1
c20200.json.gz,c,20,200,LagrangeTemplate,highs,LTFarkas,3,9,2376.905486372503,2510,,2510,,20,160,0.004402,0.003872,0.017747,547,124261.69922762382,3.41875,1,0,"{timeout:600,max_col_multiplier:1,age_limit:2,random_seed:2,replication:3,num_threads:128,set_partition:true}",-1
c20200.json.gz,c,20,200,LagrangeTemplate,highs,LTFarkas,3,9,2376.905486372503,2510,5.298804780876494,2510,0,20,160,0.004402,0.003872,0.017753,547,124261.69922762382,0.37986111111111115,1,0,"{timeout:600,max_col_multiplier:1,age_limit:2,random_seed:2,replication:3,num_threads:128,set_partition:true}",1
c20200.json.gz,c,20,200,LagrangeTemplate,highs,LTFarkas,4,10,2376.905486372503,2568,,2568,,20,180,0.005823,0.003862,0.019383,610,104756.99811093937,3.388888888888889,1,0,"{timeout:600,max_col_multiplier:1,age_limit:2,random_seed:3,replication:4,num_threads:128,set_partition:true}",-1
c20200.json.gz,c,20,200,LagrangeTemplate,highs,LTFarkas,4,10,2376.905486372503,2568,7.437694704049844,2568,0,20,180,0.005823,0.003862,0.01939,610,104756.99811093937,0.3388888888888889,1,0,"{timeout:600,max_col_multiplier:1,age_limit:2,random_seed:3,replication:4,num_threads:128,set_partition:true}",1
c20200.json.gz,c,20,200,LagrangeTemplate,highs,LTFarkas,5,10,2376.905486372503,inf,,2524.5,,22,180,0.007194,0.005183,0.021929,663,92160.13344453712,3.683333333333333,0,0,"{timeout:600,max_col_multiplier:1,age_limit:2,random_seed:4,replication:5,num_threads:128,set_partition:true}",-1
c20200.json.gz,c,20,200,LagrangeTemplate,highs,LTFarkas,5,10,2376.905486372503,inf,nan,2524.5,0,22,180,0.007194,0.005183,0.021939,663,92160.13344453712,0.3683333333333333,0,0,"{timeout:600,max_col_multiplier:1,age_limit:2,random_seed:4,replication:5,num_threads:128,set_partition:true}",1
c20200.json.gz,c,20,200,MipTemplate,highs,MTFarkas,1,8,2376.905486372503,2539,,2539,,20,140,0.004281,0.162847,0.186255,466,108853.07171221677,3.3285714285714287,1,0,"{timeout:600,max_col_multiplier:1,age_limit:2,random_seed:0,replication:1,num_threads:128,set_partition:true}",-1
c20200.json.gz,c,20,200,MipTemplate,highs,MTFarkas,1,8,2376.905486372503,2539,6.380464749901536,2539,0,20,140,0.004281,0.162847,0.186269,466,108853.07171221677,0.4160714285714286,1,0,"{timeout:600,max_col_multiplier:1,age_limit:2,random_seed:0,replication:1,num_threads:128,set_partition:true}",1
c20200.json.gz,c,20,200,MipTemplate,highs,MTFarkas,2,8,2376.905486372503,2492,,2492,,20,140,0.005218,0.194802,0.219199,472,90456.11345343043,3.3714285714285714,1,0,"{timeout:600,max_col_multiplier:1,age_limit:2,random_seed:1,replication:2,num_threads:128,set_partition:true}",-1
c20200.json.gz,c,20,200,MipTemplate,highs,MTFarkas,2,8,2376.905486372503,2492,4.614767255216693,2492,0,20,140,0.005218,0.194802,0.219215,472,90456.11345343043,0.42142857142857143,1,0,"{timeout:600,max_col_multiplier:1,age_limit:2,random_seed:1,replication:2,num_threads:128,set_partition:true}",1
c20200.json.gz,c,20,200,MipTemplate,highs,MTFarkas,3,8,2376.905486372503,2475,,2475,,20,140,0.005424,0.153117,0.177541,478,88126.84365781711,3.414285714285714,1,0,"{timeout:600,max_col_multiplier:1,age_limit:2,random_seed:2,replication:3,num_threads:128,set_partition:true}",-1
c20200.json.gz,c,20,200,MipTemplate,highs,MTFarkas,3,8,2376.905486372503,2475,3.9595959595959593,2475,0,20,140,0.005424,0.153117,0.177555,478,88126.84365781711,0.42678571428571427,1,0,"{timeout:600,max_col_multiplier:1,age_limit:2,random_seed:2,replication:3,num_threads:128,set_partition:true}",1
c20200.json.gz,c,20,200,MipTemplate,highs,MTFarkas,4,9,2376.905486372503,2520,,2520,,20,160,0.006409,0.267751,0.29346,494,77079.10750507099,3.0875,1,0,"{timeout:600,max_col_multiplier:1,age_limit:2,random_seed:3,replication:4,num_threads:128,set_partition:true}",-1
c20200.json.gz,c,20,200,MipTemplate,highs,MTFarkas,4,9,2376.905486372503,2520,5.674603174603175,2520,0,20,160,0.006409,0.267751,0.293475,494,77079.10750507099,0.34305555555555556,1,0,"{timeout:600,max_col_multiplier:1,age_limit:2,random_seed:3,replication:4,num_threads:128,set_partition:true}",1
c20200.json.gz,c,20,200,MipTemplate,highs,MTFarkas,5,9,2376.905486372503,2525,,2525,,20,160,0.006763,0.267446,0.296409,512,75706.04761200651,3.2,1,0,"{timeout:600,max_col_multiplier:1,age_limit:2,random_seed:4,replication:5,num_threads:128,set_partition:true}",-1
c20200.json.gz,c,20,200,MipTemplate,highs,MTFarkas,5,9,2376.905486372503,2525,5.861386138613861,2525,0,20,160,0.006763,0.267446,0.296425,512,75706.04761200651,0.35555555555555557,1,0,"{timeout:600,max_col_multiplier:1,age_limit:2,random_seed:4,replication:5,num_threads:128,set_partition:true}",1
c20400.json.gz,c,20,400,Dantzig,highs,DantzigFarkas,1,52,4774.150442476893,inf,,11979.206285247707,,420,1020,3.983138,0.019032,4.197405,28256,7093.904353803458,27.701960784313727,0,0,"{timeout:600,max_col_multiplier:1,age_limit:34,random_seed:0,replication:1,num_threads:128,set_partition:true}",-1
c20400.json.gz,c,20,400,Dantzig,highs,DantzigFarkas,1,52,4774.150442476893,inf,nan,11979.206285247707,0,420,1020,3.983138,0.019032,4.197413,28256,7093.904353803458,0.5327300150829563,0,0,"{timeout:600,max_col_multiplier:1,age_limit:34,random_seed:0,replication:1,num_threads:128,set_partition:true}",1
c20400.json.gz,c,20,400,Dantzig,highs,DantzigFarkas,2,50,4774.150442476893,inf,,12049.298799985718,,420,980,3.498249,0.017318,3.638687,27532,7870.2230744581075,28.09387755102041,0,0,"{timeout:600,max_col_multiplier:1,age_limit:34,random_seed:1,replication:2,num_threads:128,set_partition:true}",-1
c20400.json.gz,c,20,400,Dantzig,highs,DantzigFarkas,2,50,4774.150442476893,inf,nan,12049.298799985718,0,420,980,3.498249,0.017318,3.638698,27532,7870.2230744581075,0.5618775510204082,0,0,"{timeout:600,max_col_multiplier:1,age_limit:34,random_seed:1,replication:2,num_threads:128,set_partition:true}",1
c20400.json.gz,c,20,400,Dantzig,highs,DantzigFarkas,3,52,4774.150442476893,inf,,11883.06202007542,,420,1020,3.722548,0.019087,3.982285,28121,7554.2343577571055,27.569607843137256,0,0,"{timeout:600,max_col_multiplier:1,age_limit:34,random_seed:2,replication:3,num_threads:128,set_partition:true}",-1
c20400.json.gz,c,20,400,Dantzig,highs,DantzigFarkas,3,52,4774.150442476893,inf,nan,11883.06202007542,0,420,1020,3.722548,0.019087,3.982293,28121,7554.2343577571055,0.530184766214178,0,0,"{timeout:600,max_col_multiplier:1,age_limit:34,random_seed:2,replication:3,num_threads:128,set_partition:true}",1
c20400.json.gz,c,20,400,Dantzig,highs,DantzigFarkas,4,51,4774.150442476893,inf,,11919.062526000283,,420,1000,3.640319,0.01814,3.865608,28269,7765.528240794282,28.269,0,0,"{timeout:600,max_col_multiplier:1,age_limit:34,random_seed:3,replication:4,num_threads:128,set_partition:true}",-1
c20400.json.gz,c,20,400,Dantzig,highs,DantzigFarkas,4,51,4774.150442476893,inf,nan,11919.062526000283,0,420,1000,3.640319,0.01814,3.865615,28269,7765.528240794282,0.5542941176470588,0,0,"{timeout:600,max_col_multiplier:1,age_limit:34,random_seed:3,replication:4,num_threads:128,set_partition:true}",1
c20400.json.gz,c,20,400,Dantzig,highs,DantzigFarkas,5,52,4774.150442476893,inf,,11979.819021498068,,420,1020,3.693677,0.019516,3.890373,28686,7766.244855735897,28.123529411764707,0,0,"{timeout:600,max_col_multiplier:1,age_limit:34,random_seed:4,replication:5,num_threads:128,set_partition:true}",-1
c20400.json.gz,c,20,400,Dantzig,highs,DantzigFarkas,5,52,4774.150442476893,inf,nan,11979.819021498068,0,420,1020,3.693677,0.019516,3.890385,28686,7766.244855735897,0.5408371040723983,0,0,"{timeout:600,max_col_multiplier:1,age_limit:34,random_seed:4,replication:5,num_threads:128,set_partition:true}",1
c20400.json.gz,c,20,400,LagrangeTemplate,highs,LTFarkas,1,20,4774.150442476893,5059,,5059,,20,380,0.08643,0.017882,0.132756,3053,35323.38308457711,8.034210526315789,1,0,"{timeout:600,max_col_multiplier:1,age_limit:2,random_seed:0,replication:1,num_threads:128,set_partition:true}",-1
c20400.json.gz,c,20,400,LagrangeTemplate,highs,LTFarkas,1,20,4774.150442476893,5059,5.613757659616525,5059,0,20,380,0.08643,0.017882,0.132763,3053,35323.38308457711,0.40171052631578946,1,0,"{timeout:600,max_col_multiplier:1,age_limit:2,random_seed:0,replication:1,num_threads:128,set_partition:true}",1
c20400.json.gz,c,20,400,LagrangeTemplate,highs,LTFarkas,2,22,4774.150442476893,inf,,4990.999999999999,,25,420,0.117858,0.019564,0.166772,3552,30137.96263299903,8.457142857142857,0,0,"{timeout:600,max_col_multiplier:1,age_limit:2,random_seed:1,replication:2,num_threads:128,set_partition:true}",-1
c20400.json.gz,c,20,400,LagrangeTemplate,highs,LTFarkas,2,22,4774.150442476893,inf,nan,4990.999999999999,0,25,420,0.117858,0.019564,0.166779,3552,30137.96263299903,0.38441558441558443,0,0,"{timeout:600,max_col_multiplier:1,age_limit:2,random_seed:1,replication:2,num_threads:128,set_partition:true}",1
c20400.json.gz,c,20,400,LagrangeTemplate,highs,LTFarkas,3,25,4774.150442476893,4914,,4914,,20,480,0.157604,0.026393,0.21676,4147,26312.783939493922,8.639583333333333,1,0,"{timeout:600,max_col_multiplier:1,age_limit:2,random_seed:2,replication:3,num_threads:128,set_partition:true}",-1
c20400.json.gz,c,20,400,LagrangeTemplate,highs,LTFarkas,3,25,4774.150442476893,4914,2.8286528286528285,4914,0,20,480,0.157604,0.026393,0.216766,4147,26312.783939493922,0.3455833333333333,1,0,"{timeout:600,max_col_multiplier:1,age_limit:2,random_seed:2,replication:3,num_threads:128,set_partition:true}",1
c20400.json.gz,c,20,400,LagrangeTemplate,highs,LTFarkas,4,24,4774.150442476893,4967,,4967,,20,460,0.162653,0.022087,0.220286,4410,27112.933668607406,9.58695652173913,1,0,"{timeout:600,max_col_multiplier:1,age_limit:2,random_seed:3,replication:4,num_threads:128,set_partition:true}",-1
c20400.json.gz,c,20,400,LagrangeTemplate,highs,LTFarkas,4,24,4774.150442476893,4967,3.865512381719348,4967,0,20,460,0.162653,0.022087,0.220293,4410,27112.933668607406,0.39945652173913043,1,0,"{timeout:600,max_col_multiplier:1,age_limit:2,random_seed:3,replication:4,num_threads:128,set_partition:true}",1
c20400.json.gz,c,20,400,LagrangeTemplate,highs,LTFarkas,5,25,4774.150442476893,inf,,5131.333333333334,,42,480,0.178345,0.018934,0.235652,4952,27766.407805096864,10.316666666666666,0,0,"{timeout:600,max_col_multiplier:1,age_limit:2,random_seed:4,replication:5,num_threads:128,set_partition:true}",-1
c20400.json.gz,c,20,400,LagrangeTemplate,highs,LTFarkas,5,25,4774.150442476893,inf,nan,5131.333333333334,0,42,480,0.178345,0.018934,0.235659,4952,27766.407805096864,0.4126666666666667,0,0,"{timeout:600,max_col_multiplier:1,age_limit:2,random_seed:4,replication:5,num_threads:128,set_partition:true}",1
c20400.json.gz,c,20,400,MipTemplate,highs,MTFarkas,1,15,4774.150442476893,inf,,4960.5,,25,280,0.02017,0.463205,0.525156,966,47892.91026276648,3.45,0,0,"{timeout:600,max_col_multiplier:1,age_limit:2,random_seed:0,replication:1,num_threads:128,set_partition:true}",-1
c20400.json.gz,c,20,400,MipTemplate,highs,MTFarkas,1,15,4774.150442476893,inf,nan,4960.5,0,25,280,0.02017,0.463205,0.52517,966,47892.91026276648,0.23,0,0,"{timeout:600,max_col_multiplier:1,age_limit:2,random_seed:0,replication:1,num_threads:128,set_partition:true}",1
c20400.json.gz,c,20,400,MipTemplate,highs,MTFarkas,2,11,4774.150442476893,4939,,4939,,20,200,0.013154,0.300023,0.358681,868,65987.53230956363,4.34,1,0,"{timeout:600,max_col_multiplier:1,age_limit:2,random_seed:1,replication:2,num_threads:128,set_partition:true}",-1
c20400.json.gz,c,20,400,MipTemplate,highs,MTFarkas,2,11,4774.150442476893,4939,3.32051022474185,4939,0,20,200,0.013154,0.300023,0.358698,868,65987.53230956363,0.39454545454545453,1,0,"{timeout:600,max_col_multiplier:1,age_limit:2,random_seed:1,replication:2,num_threads:128,set_partition:true}",1
c20400.json.gz,c,20,400,MipTemplate,highs,MTFarkas,3,15,4774.150442476893,4894,,4894,,20,280,0.021265,0.494081,0.559336,957,45003.52692217258,3.4178571428571427,1,0,"{timeout:600,max_col_multiplier:1,age_limit:2,random_seed:2,replication:3,num_threads:128,set_partition:true}",-1
c20400.json.gz,c,20,400,MipTemplate,highs,MTFarkas,3,15,4774.150442476893,4894,2.4315488353085413,4894,0,20,280,0.021265,0.494081,0.55935,957,45003.52692217258,0.22785714285714284,1,0,"{timeout:600,max_col_multiplier:1,age_limit:2,random_seed:2,replication:3,num_threads:128,set_partition:true}",1
c20400.json.gz,c,20,400,MipTemplate,highs,MTFarkas,4,12,4774.150442476893,4926,,4926,,20,220,0.014998,0.396149,0.457645,882,58807.841045472735,4.009090909090909,1,0,"{timeout:600,max_col_multiplier:1,age_limit:2,random_seed:3,replication:4,num_threads:128,set_partition:true}",-1
c20400.json.gz,c,20,400,MipTemplate,highs,MTFarkas,4,12,4774.150442476893,4926,3.065367438083638,4926,0,20,220,0.014998,0.396149,0.457659,882,58807.841045472735,0.33409090909090905,1,0,"{timeout:600,max_col_multiplier:1,age_limit:2,random_seed:3,replication:4,num_threads:128,set_partition:true}",1
c20400.json.gz,c,20,400,MipTemplate,highs,MTFarkas,5,13,4774.150442476893,4965,,4965,,20,240,0.017472,0.377311,0.442677,917,52483.97435897435,3.8208333333333333,1,0,"{timeout:600,max_col_multiplier:1,age_limit:2,random_seed:4,replication:5,num_threads:128,set_partition:true}",-1
c20400.json.gz,c,20,400,MipTemplate,highs,MTFarkas,5,13,4774.150442476893,4965,3.826787512588117,4965,0,20,240,0.017472,0.377311,0.442691,917,52483.97435897435,0.2939102564102564,1,0,"{timeout:600,max_col_multiplier:1,age_limit:2,random_seed:4,replication:5,num_threads:128,set_partition:true}",1
c30900.json.gz,c,30,900,Dantzig,highs,DantzigFarkas,1,98,9974.681661473802,inf,,27014.45027300852,,930,2910,171.841627,0.069108,177.330352,175463,1021.0738984681518,60.29656357388316,0,0,"{timeout:600,max_col_multiplier:1,age_limit:75,random_seed:0,replication:1,num_threads:128,set_partition:true}",-1
c30900.json.gz,c,30,900,Dantzig,highs,DantzigFarkas,1,98,9974.681661473802,inf,nan,27014.45027300852,0,930,2910,171.841627,0.069108,177.330362,175463,1021.0738984681518,0.6152710568763587,0,0,"{timeout:600,max_col_multiplier:1,age_limit:75,random_seed:0,replication:1,num_threads:128,set_partition:true}",1
c30900.json.gz,c,30,900,Dantzig,highs,DantzigFarkas,2,103,9974.681661473802,inf,,27065.031211153022,,929,3060,191.35191,0.078507,197.711964,183204,957.4192387209514,59.870588235294115,0,0,"{timeout:600,max_col_multiplier:1,age_limit:75,random_seed:1,replication:2,num_threads:128,set_partition:true}",-1
c30900.json.gz,c,30,900,Dantzig,highs,DantzigFarkas,2,103,9974.681661473802,inf,nan,27065.031211153022,0,929,3060,191.35191,0.078507,197.711971,183204,957.4192387209514,0.5812678469446031,0,0,"{timeout:600,max_col_multiplier:1,age_limit:75,random_seed:1,replication:2,num_threads:128,set_partition:true}",1
c30900.json.gz,c,30,900,Dantzig,highs,DantzigFarkas,3,102,9974.681661473802,inf,,27076.224341171222,,930,3030,186.464522,0.072727,189.212456,183556,984.4017405091142,60.57953795379538,0,0,"{timeout:600,max_col_multiplier:1,age_limit:75,random_seed:2,replication:3,num_threads:128,set_partition:true}",-1
c30900.json.gz,c,30,900,Dantzig,highs,DantzigFarkas,3,102,9974.681661473802,inf,nan,27076.224341171222,0,930,3030,186.464522,0.072727,189.212466,183556,984.4017405091142,0.5939170387626999,0,0,"{timeout:600,max_col_multiplier:1,age_limit:75,random_seed:2,replication:3,num_threads:128,set_partition:true}",1
c30900.json.gz,c,30,900,Dantzig,highs,DantzigFarkas,4,99,9974.681661473802,inf,,27009.778168731227,,929,2940,164.460704,0.068447,172.026483,177612,1079.966190586172,60.412244897959184,0,0,"{timeout:600,max_col_multiplier:1,age_limit:75,random_seed:3,replication:4,num_threads:128,set_partition:true}",-1
c30900.json.gz,c,30,900,Dantzig,highs,DantzigFarkas,4,99,9974.681661473802,inf,nan,27009.778168731227,0,929,2940,164.460704,0.068447,172.026491,177612,1079.966190586172,0.6102246959389817,0,0,"{timeout:600,max_col_multiplier:1,age_limit:75,random_seed:3,replication:4,num_threads:128,set_partition:true}",1
c30900.json.gz,c,30,900,Dantzig,highs,DantzigFarkas,5,99,9974.681661473802,inf,,26987.94439180657,,930,2940,160.255702,0.062051,164.8462,174975,1091.8488254477209,59.515306122448976,0,0,"{timeout:600,max_col_multiplier:1,age_limit:75,random_seed:4,replication:5,num_threads:128,set_partition:true}",-1
c30900.json.gz,c,30,900,Dantzig,highs,DantzigFarkas,5,99,9974.681661473802,inf,nan,26987.94439180657,0,930,2940,160.255702,0.062051,164.846207,174975,1091.8488254477209,0.6011647083075654,0,0,"{timeout:600,max_col_multiplier:1,age_limit:75,random_seed:4,replication:5,num_threads:128,set_partition:true}",1
c30900.json.gz,c,30,900,LagrangeTemplate,highs,LTFarkas,1,54,9974.681661473802,inf,,11697.221595858582,,571,1590,9.215379,0.135982,10.042004,60347,6548.509833399147,37.95408805031447,0,0,"{timeout:600,max_col_multiplier:1,age_limit:3,random_seed:0,replication:1,num_threads:128,set_partition:true}",-1
c30900.json.gz,c,30,900,LagrangeTemplate,highs,LTFarkas,1,54,9974.681661473802,inf,nan,11697.221595858582,0,571,1590,9.215379,0.135982,10.042012,60347,6548.509833399147,0.7028534824132309,0,0,"{timeout:600,max_col_multiplier:1,age_limit:3,random_seed:0,replication:1,num_threads:128,set_partition:true}",1
c30900.json.gz,c,30,900,LagrangeTemplate,highs,LTFarkas,2,39,9974.681661473802,10285,,10285,,30,1140,2.702246,0.081413,3.057121,23578,8725.334407008097,20.682456140350876,1,0,"{timeout:600,max_col_multiplier:1,age_limit:3,random_seed:1,replication:2,num_threads:128,set_partition:true}",-1
c30900.json.gz,c,30,900,LagrangeTemplate,highs,LTFarkas,2,39,9974.681661473802,10285,3.0140982012639768,10285,0,30,1140,2.702246,0.081413,3.057129,23578,8725.334407008097,0.530319388214125,1,0,"{timeout:600,max_col_multiplier:1,age_limit:3,random_seed:1,replication:2,num_threads:128,set_partition:true}",1
c30900.json.gz,c,30,900,LagrangeTemplate,highs,LTFarkas,3,47,9974.681661473802,inf,,11030.14815600373,,594,1380,5.773802,0.120618,6.252662,43291,7497.83245078373,31.370289855072464,0,0,"{timeout:600,max_col_multiplier:1,age_limit:3,random_seed:2,replication:3,num_threads:128,set_partition:true}",-1
c30900.json.gz,c,30,900,LagrangeTemplate,highs,LTFarkas,3,47,9974.681661473802,inf,nan,11030.14815600373,0,594,1380,5.773802,0.120618,6.25267,43291,7497.83245078373,0.6674529756398396,0,0,"{timeout:600,max_col_multiplier:1,age_limit:3,random_seed:2,replication:3,num_threads:128,set_partition:true}",1
c30900.json.gz,c,30,900,LagrangeTemplate,highs,LTFarkas,4,35,9974.681661473802,inf,,10370,,38,1020,2.186272,0.0834,2.461052,20968,9590.755404634006,20.55686274509804,0,0,"{timeout:600,max_col_multiplier:1,age_limit:3,random_seed:3,replication:4,num_threads:128,set_partition:true}",-1
c30900.json.gz,c,30,900,LagrangeTemplate,highs,LTFarkas,4,35,9974.681661473802,inf,nan,10370,0,38,1020,2.186272,0.0834,2.461059,20968,9590.755404634006,0.5873389355742298,0,0,"{timeout:600,max_col_multiplier:1,age_limit:3,random_seed:3,replication:4,num_threads:128,set_partition:true}",1
c30900.json.gz,c,30,900,LagrangeTemplate,highs,LTFarkas,5,32,9974.681661473802,10255,,10255,,30,930,1.33132,0.082203,1.586405,15507,11647.83823573596,16.674193548387098,1,0,"{timeout:600,max_col_multiplier:1,age_limit:3,random_seed:4,replication:5,num_threads:128,set_partition:true}",-1
c30900.json.gz,c,30,900,LagrangeTemplate,highs,LTFarkas,5,32,9974.681661473802,10255,2.7303754266211606,10255,0,30,930,1.33132,0.082203,1.586412,15507,11647.83823573596,0.5210685483870968,1,0,"{timeout:600,max_col_multiplier:1,age_limit:3,random_seed:4,replication:5,num_threads:128,set_partition:true}",1
c30900.json.gz,c,30,900,MipTemplate,highs,MTFarkas,1,17,9974.681661473802,10257,,10257,,30,480,0.048967,0.647752,0.801136,1902,38842.48575571303,3.9625,1,0,"{timeout:600,max_col_multiplier:1,age_limit:3,random_seed:0,replication:1,num_threads:128,set_partition:true}",-1
c30900.json.gz,c,30,900,MipTemplate,highs,MTFarkas,1,17,9974.681661473802,10257,2.749341912840012,10257,0,30,480,0.048967,0.647752,0.80115,1902,38842.48575571303,0.23308823529411765,1,0,"{timeout:600,max_col_multiplier:1,age_limit:3,random_seed:0,replication:1,num_threads:128,set_partition:true}",1
c30900.json.gz,c,30,900,MipTemplate,highs,MTFarkas,2,18,9974.681661473802,10243,,10243,,30,510,0.050987,0.707518,0.855679,1978,38794.20244376018,3.8784313725490196,1,0,"{timeout:600,max_col_multiplier:1,age_limit:3,random_seed:1,replication:2,num_threads:128,set_partition:true}",-1
c30900.json.gz,c,30,900,MipTemplate,highs,MTFarkas,2,18,9974.681661473802,10243,2.6164209704188224,10243,0,30,510,0.050987,0.707518,0.855694,1978,38794.20244376018,0.21546840958605665,1,0,"{timeout:600,max_col_multiplier:1,age_limit:3,random_seed:1,replication:2,num_threads:128,set_partition:true}",1
c30900.json.gz,c,30,900,MipTemplate,highs,MTFarkas,3,20,9974.681661473802,10243,,10243,,30,570,0.06203,0.857942,1.01965,2061,33225.85845558601,3.6157894736842104,1,0,"{timeout:600,max_col_multiplier:1,age_limit:3,random_seed:2,replication:3,num_threads:128,set_partition:true}",-1
c30900.json.gz,c,30,900,MipTemplate,highs,MTFarkas,3,20,9974.681661473802,10243,2.6164209704188224,10243,0,30,570,0.06203,0.857942,1.019667,2061,33225.85845558601,0.18078947368421053,1,0,"{timeout:600,max_col_multiplier:1,age_limit:3,random_seed:2,replication:3,num_threads:128,set_partition:true}",1
c30900.json.gz,c,30,900,MipTemplate,highs,MTFarkas,4,21,9974.681661473802,10269,,10269,,30,600,0.065728,0.845482,1.013739,2088,31767.283349561832,3.48,1,0,"{timeout:600,max_col_multiplier:1,age_limit:3,random_seed:3,replication:4,num_threads:128,set_partition:true}",-1
c30900.json.gz,c,30,900,MipTemplate,highs,MTFarkas,4,21,9974.681661473802,10269,2.8629856850715747,10269,0,30,600,0.065728,0.845482,1.013756,2088,31767.283349561832,0.1657142857142857,1,0,"{timeout:600,max_col_multiplier:1,age_limit:3,random_seed:3,replication:4,num_threads:128,set_partition:true}",1
c30900.json.gz,c,30,900,MipTemplate,highs,MTFarkas,5,22,9974.681661473802,10363,,10363,,30,630,0.073154,0.889672,1.069013,2192,29964.18514366952,3.4793650793650794,1,0,"{timeout:600,max_col_multiplier:1,age_limit:3,random_seed:4,replication:5,num_threads:128,set_partition:true}",-1
c30900.json.gz,c,30,900,MipTemplate,highs,MTFarkas,5,22,9974.681661473802,10363,3.744089549358294,10363,0,30,630,0.073154,0.889672,1.069028,2192,29964.18514366952,0.15815295815295816,1,0,"{timeout:600,max_col_multiplier:1,age_limit:3,random_seed:4,replication:5,num_threads:128,set_partition:true}",1
c401600.json.gz,c,40,1600,Dantzig,highs,DantzigFarkas,1,108,17139.32464079583,inf,,,,,7520,599.81924,0.12206,600.139206,441260,,,0,1,"{timeout:600,max_col_multiplier:1,age_limit:132,random_seed:0,replication:1,num_threads:128,set_partition:true}",-4
c401600.json.gz,c,40,1600,Dantzig,highs,DantzigFarkas,1,108,17139.32464079583,inf,,,,,7520,599.81924,0.12206,600.139209,441260,,,0,1,"{timeout:600,max_col_multiplier:1,age_limit:132,random_seed:0,replication:1,num_threads:128,set_partition:true}",1
c401600.json.gz,c,40,1600,Dantzig,highs,DantzigFarkas,2,103,17139.32464079583,inf,,,,,7320,600.182041,0.115023,600.49034,415061,,,0,1,"{timeout:600,max_col_multiplier:1,age_limit:132,random_seed:1,replication:2,num_threads:128,set_partition:true}",-4
c401600.json.gz,c,40,1600,Dantzig,highs,DantzigFarkas,2,103,17139.32464079583,inf,,,,,7320,600.182041,0.115023,600.490342,415061,,,0,1,"{timeout:600,max_col_multiplier:1,age_limit:132,random_seed:1,replication:2,num_threads:128,set_partition:true}",1
c401600.json.gz,c,40,1600,Dantzig,highs,DantzigFarkas,3,103,17139.32464079583,inf,,,,,7320,599.694224,0.114979,600.003277,414763,,,0,1,"{timeout:600,max_col_multiplier:1,age_limit:132,random_seed:2,replication:3,num_threads:128,set_partition:true}",-4
c401600.json.gz,c,40,1600,Dantzig,highs,DantzigFarkas,3,103,17139.32464079583,inf,,,,,7320,599.694224,0.114979,600.003279,414763,,,0,1,"{timeout:600,max_col_multiplier:1,age_limit:132,random_seed:2,replication:3,num_threads:128,set_partition:true}",1
c401600.json.gz,c,40,1600,Dantzig,highs,DantzigFarkas,4,103,17139.32464079583,inf,,,,,7320,599.698216,0.111514,600.003783,415608,,,0,1,"{timeout:600,max_col_multiplier:1,age_limit:132,random_seed:3,replication:4,num_threads:128,set_partition:true}",-4
c401600.json.gz,c,40,1600,Dantzig,highs,DantzigFarkas,4,103,17139.32464079583,inf,,,,,7320,599.698216,0.111514,600.003785,415608,,,0,1,"{timeout:600,max_col_multiplier:1,age_limit:132,random_seed:3,replication:4,num_threads:128,set_partition:true}",1
c401600.json.gz,c,40,1600,Dantzig,highs,DantzigFarkas,5,104,17139.32464079583,inf,,,,,7360,599.6965,0.114119,600.004093,422228,,,0,1,"{timeout:600,max_col_multiplier:1,age_limit:132,random_seed:4,replication:5,num_threads:128,set_partition:true}",-4
c401600.json.gz,c,40,1600,Dantzig,highs,DantzigFarkas,5,104,17139.32464079583,inf,,,,,7360,599.6965,0.114119,600.004095,422228,,,0,1,"{timeout:600,max_col_multiplier:1,age_limit:132,random_seed:4,replication:5,num_threads:128,set_partition:true}",1
c401600.json.gz,c,40,1600,LagrangeTemplate,highs,LTFarkas,1,55,17139.32464079583,inf,,17574,,50,2160,25.964862,0.362447,27.838326,91215,3513.0169380449624,42.229166666666664,0,0,"{timeout:600,max_col_multiplier:1,age_limit:4,random_seed:0,replication:1,num_threads:128,set_partition:true}",-1
c401600.json.gz,c,40,1600,LagrangeTemplate,highs,LTFarkas,1,55,17139.32464079583,inf,nan,17574,0,50,2160,25.964862,0.362447,27.838334,91215,3513.0169380449624,0.7678030303030302,0,0,"{timeout:600,max_col_multiplier:1,age_limit:4,random_seed:0,replication:1,num_threads:128,set_partition:true}",1
c401600.json.gz,c,40,1600,LagrangeTemplate,highs,LTFarkas,2,51,17139.32464079583,17691,,17691,,40,2000,24.028595,0.32607,25.890047,84799,3529.086906662666,42.3995,1,0,"{timeout:600,max_col_multiplier:1,age_limit:4,random_seed:1,replication:2,num_threads:128,set_partition:true}",-1
c401600.json.gz,c,40,1600,LagrangeTemplate,highs,LTFarkas,2,51,17139.32464079583,17691,3.114578034028602,17691,0,40,2000,24.028595,0.32607,25.890054,84799,3529.086906662666,0.8313627450980393,1,0,"{timeout:600,max_col_multiplier:1,age_limit:4,random_seed:1,replication:2,num_threads:128,set_partition:true}",1
c401600.json.gz,c,40,1600,LagrangeTemplate,highs,LTFarkas,3,51,17139.32464079583,17701,,17701,,40,2000,21.862563,0.285535,23.484202,80140,3665.626944105318,40.07,1,0,"{timeout:600,max_col_multiplier:1,age_limit:4,random_seed:2,replication:3,num_threads:128,set_partition:true}",-1
c401600.json.gz,c,40,1600,LagrangeTemplate,highs,LTFarkas,3,51,17139.32464079583,17701,3.1693124682221345,17701,0,40,2000,21.862563,0.285535,23.484208,80140,3665.626944105318,0.7856862745098039,1,0,"{timeout:600,max_col_multiplier:1,age_limit:4,random_seed:2,replication:3,num_threads:128,set_partition:true}",1
c401600.json.gz,c,40,1600,LagrangeTemplate,highs,LTFarkas,4,45,17139.32464079583,inf,,17541.50000000019,,46,1760,13.221131,0.258106,14.312753,57757,4368.537003377396,32.816477272727276,0,0,"{timeout:600,max_col_multiplier:1,age_limit:4,random_seed:3,replication:4,num_threads:128,set_partition:true}",-1
c401600.json.gz,c,40,1600,LagrangeTemplate,highs,LTFarkas,4,45,17139.32464079583,inf,nan,17541.50000000019,0,46,1760,13.221131,0.258106,14.31276,57757,4368.537003377396,0.7292550505050506,0,0,"{timeout:600,max_col_multiplier:1,age_limit:4,random_seed:3,replication:4,num_threads:128,set_partition:true}",1
c401600.json.gz,c,40,1600,LagrangeTemplate,highs,LTFarkas,5,77,17139.32464079583,inf,,20535.41311897213,,1163,3040,104.812045,0.397931,107.051647,210641,2009.7022245868784,69.28980263157895,0,0,"{timeout:600,max_col_multiplier:1,age_limit:4,random_seed:4,replication:5,num_threads:128,set_partition:true}",-1
c401600.json.gz,c,40,1600,LagrangeTemplate,highs,LTFarkas,5,77,17139.32464079583,inf,nan,20535.41311897213,0,1163,3040,104.812045,0.397931,107.051654,210641,2009.7022245868784,0.8998675666438825,0,0,"{timeout:600,max_col_multiplier:1,age_limit:4,random_seed:4,replication:5,num_threads:128,set_partition:true}",1
c401600.json.gz,c,40,1600,MipTemplate,highs,MTFarkas,1,25,17139.32464079583,17404,,17404,,40,960,0.163983,1.38777,1.785454,3542,21599.799979266143,3.689583333333333,1,0,"{timeout:600,max_col_multiplier:1,age_limit:4,random_seed:0,replication:1,num_threads:128,set_partition:true}",-1
c401600.json.gz,c,40,1600,MipTemplate,highs,MTFarkas,1,25,17139.32464079583,17404,1.516892668352103,17404,0,40,960,0.163983,1.38777,1.785471,3542,21599.799979266143,0.14758333333333332,1,0,"{timeout:600,max_col_multiplier:1,age_limit:4,random_seed:0,replication:1,num_threads:128,set_partition:true}",1
c401600.json.gz,c,40,1600,MipTemplate,highs,MTFarkas,2,24,17139.32464079583,inf,,17500,,42,920,0.14871,1.232638,1.599882,3506,23576.08768744536,3.8108695652173914,0,0,"{timeout:600,max_col_multiplier:1,age_limit:4,random_seed:1,replication:2,num_threads:128,set_partition:true}",-1
c401600.json.gz,c,40,1600,MipTemplate,highs,MTFarkas,2,24,17139.32464079583,inf,nan,17500,0,42,920,0.14871,1.232638,1.599899,3506,23576.08768744536,0.15878623188405797,0,0,"{timeout:600,max_col_multiplier:1,age_limit:4,random_seed:1,replication:2,num_threads:128,set_partition:true}",1
c401600.json.gz,c,40,1600,MipTemplate,highs,MTFarkas,3,24,17139.32464079583,17439,,17439,,40,920,0.152272,1.381248,1.750115,3610,23707.5759167805,3.9239130434782608,1,0,"{timeout:600,max_col_multiplier:1,age_limit:4,random_seed:2,replication:3,num_threads:128,set_partition:true}",-1
c401600.json.gz,c,40,1600,MipTemplate,highs,MTFarkas,3,24,17139.32464079583,17439,1.714547852514479,17439,0,40,920,0.152272,1.381248,1.750129,3610,23707.5759167805,0.1634963768115942,1,0,"{timeout:600,max_col_multiplier:1,age_limit:4,random_seed:2,replication:3,num_threads:128,set_partition:true}",1
c401600.json.gz,c,40,1600,MipTemplate,highs,MTFarkas,4,26,17139.32464079583,17435,,17435,,40,1000,0.162878,1.455898,1.835985,3703,22734.807647441645,3.703,1,0,"{timeout:600,max_col_multiplier:1,age_limit:4,random_seed:3,replication:4,num_threads:128,set_partition:true}",-1
c401600.json.gz,c,40,1600,MipTemplate,highs,MTFarkas,4,26,17139.32464079583,17435,1.6919988528821337,17435,0,40,1000,0.162878,1.455898,1.836006,3703,22734.807647441645,0.14242307692307693,1,0,"{timeout:600,max_col_multiplier:1,age_limit:4,random_seed:3,replication:4,num_threads:128,set_partition:true}",1
c401600.json.gz,c,40,1600,MipTemplate,highs,MTFarkas,5,27,17139.32464079583,17427,,17427,,40,1040,0.18638,1.593263,2.000949,3755,20147.01148191866,3.610576923076923,1,0,"{timeout:600,max_col_multiplier:1,age_limit:4,random_seed:4,replication:5,num_threads:128,set_partition:true}",-1
c401600.json.gz,c,40,1600,MipTemplate,highs,MTFarkas,5,27,17139.32464079583,17427,1.6468697997360418,17427,0,40,1040,0.18638,1.593263,2.000967,3755,20147.01148191866,0.1337250712250712,1,0,"{timeout:600,max_col_multiplier:1,age_limit:4,random_seed:4,replication:5,num_threads:128,set_partition:true}",1
c40400.json.gz,c,40,400,Dantzig,highs,DantzigFarkas,1,51,4231.982216290857,inf,,11736.198886254457,,437,2000,4.159606,0.019303,4.424903,39813,9571.339208569272,19.9065,0,0,"{timeout:600,max_col_multiplier:1,age_limit:10,random_seed:0,replication:1,num_threads:128,set_partition:true}",-1
c40400.json.gz,c,40,400,Dantzig,highs,DantzigFarkas,1,51,4231.982216290857,inf,nan,11736.198886254457,0,437,2000,4.159606,0.019303,4.424915,39813,9571.339208569272,0.39032352941176474,0,0,"{timeout:600,max_col_multiplier:1,age_limit:10,random_seed:0,replication:1,num_threads:128,set_partition:true}",1
c40400.json.gz,c,40,400,Dantzig,highs,DantzigFarkas,2,51,4231.982216290857,inf,,11920.061613368363,,439,2000,4.123165,0.020461,4.221358,38769,9402.728243958221,19.3845,0,0,"{timeout:600,max_col_multiplier:1,age_limit:10,random_seed:1,replication:2,num_threads:128,set_partition:true}",-1
c40400.json.gz,c,40,400,Dantzig,highs,DantzigFarkas,2,51,4231.982216290857,inf,nan,11920.061613368363,0,439,2000,4.123165,0.020461,4.221365,38769,9402.728243958221,0.3800882352941176,0,0,"{timeout:600,max_col_multiplier:1,age_limit:10,random_seed:1,replication:2,num_threads:128,set_partition:true}",1
c40400.json.gz,c,40,400,Dantzig,highs,DantzigFarkas,3,48,4231.982216290857,inf,,11791.843147787453,,427,1880,3.796304,0.01878,3.952212,38637,10177.530566572119,20.551595744680853,0,0,"{timeout:600,max_col_multiplier:1,age_limit:10,random_seed:2,replication:3,num_threads:128,set_partition:true}",-1
c40400.json.gz,c,40,400,Dantzig,highs,DantzigFarkas,3,48,4231.982216290857,inf,nan,11791.843147787453,0,427,1880,3.796304,0.01878,3.952218,38637,10177.530566572119,0.4281582446808511,0,0,"{timeout:600,max_col_multiplier:1,age_limit:10,random_seed:2,replication:3,num_threads:128,set_partition:true}",1
c40400.json.gz,c,40,400,Dantzig,highs,DantzigFarkas,4,51,4231.982216290857,inf,,11773.993452892611,,435,2000,4.131007,0.019579,4.317973,39725,9616.299367200298,19.8625,0,0,"{timeout:600,max_col_multiplier:1,age_limit:10,random_seed:3,replication:4,num_threads:128,set_partition:true}",-1
c40400.json.gz,c,40,400,Dantzig,highs,DantzigFarkas,4,51,4231.982216290857,inf,nan,11773.993452892611,0,435,2000,4.131007,0.019579,4.317983,39725,9616.299367200298,0.3894607843137255,0,0,"{timeout:600,max_col_multiplier:1,age_limit:10,random_seed:3,replication:4,num_threads:128,set_partition:true}",1
c40400.json.gz,c,40,400,Dantzig,highs,DantzigFarkas,5,48,4231.982216290857,inf,,12041.106670950878,,431,1880,3.734426,0.01798,3.803956,38865,10407.221886308633,20.67287234042553,0,0,"{timeout:600,max_col_multiplier:1,age_limit:10,random_seed:4,replication:5,num_threads:128,set_partition:true}",-1
c40400.json.gz,c,40,400,Dantzig,highs,DantzigFarkas,5,48,4231.982216290857,inf,nan,12041.106670950878,0,431,1880,3.734426,0.01798,3.803968,38865,10407.221886308633,0.4306848404255319,0,0,"{timeout:600,max_col_multiplier:1,age_limit:10,random_seed:4,replication:5,num_threads:128,set_partition:true}",1
c40400.json.gz,c,40,400,LagrangeTemplate,highs,LTFarkas,1,9,4231.982216290857,4675,,4675,,40,320,0.009214,0.006519,0.054987,1122,121771.21771217712,3.50625,1,0,"{timeout:600,max_col_multiplier:1,age_limit:2,random_seed:0,replication:1,num_threads:128,set_partition:true}",-1
c40400.json.gz,c,40,400,LagrangeTemplate,highs,LTFarkas,1,9,4231.982216290857,4675,9.475935828877006,4675,0,40,320,0.009214,0.006519,0.054994,1122,121771.21771217712,0.38958333333333334,1,0,"{timeout:600,max_col_multiplier:1,age_limit:2,random_seed:0,replication:1,num_threads:128,set_partition:true}",1
c40400.json.gz,c,40,400,LagrangeTemplate,highs,LTFarkas,2,10,4231.982216290857,inf,,4600.5,,43,360,0.010214,0.006916,0.056798,1110,108674.36851380457,3.0833333333333335,0,0,"{timeout:600,max_col_multiplier:1,age_limit:2,random_seed:1,replication:2,num_threads:128,set_partition:true}",-1
c40400.json.gz,c,40,400,LagrangeTemplate,highs,LTFarkas,2,10,4231.982216290857,inf,nan,4600.5,0,43,360,0.010214,0.006916,0.056805,1110,108674.36851380457,0.30833333333333335,0,0,"{timeout:600,max_col_multiplier:1,age_limit:2,random_seed:1,replication:2,num_threads:128,set_partition:true}",1
c40400.json.gz,c,40,400,LagrangeTemplate,highs,LTFarkas,3,10,4231.982216290857,inf,,4786.333333333334,,54,360,0.013177,0.007085,0.060736,1255,95241.70903847614,3.486111111111111,0,0,"{timeout:600,max_col_multiplier:1,age_limit:2,random_seed:2,replication:3,num_threads:128,set_partition:true}",-1
c40400.json.gz,c,40,400,LagrangeTemplate,highs,LTFarkas,3,10,4231.982216290857,inf,nan,4786.333333333334,0,54,360,0.013177,0.007085,0.060743,1255,95241.70903847614,0.3486111111111111,0,0,"{timeout:600,max_col_multiplier:1,age_limit:2,random_seed:2,replication:3,num_threads:128,set_partition:true}",1
c40400.json.gz,c,40,400,LagrangeTemplate,highs,LTFarkas,4,9,4231.982216290857,4711,,4711,,40,320,0.013027,0.006489,0.058424,1251,96031.31956705304,3.909375,1,0,"{timeout:600,max_col_multiplier:1,age_limit:2,random_seed:3,replication:4,num_threads:128,set_partition:true}",-1
c40400.json.gz,c,40,400,LagrangeTemplate,highs,LTFarkas,4,9,4231.982216290857,4711,10.167692634260241,4711,0,40,320,0.013027,0.006489,0.058432,1251,96031.31956705304,0.43437499999999996,1,0,"{timeout:600,max_col_multiplier:1,age_limit:2,random_seed:3,replication:4,num_threads:128,set_partition:true}",1
c40400.json.gz,c,40,400,LagrangeTemplate,highs,LTFarkas,5,10,4231.982216290857,4799,,4799,,40,360,0.012731,0.007259,0.059168,1273,99992.14515748959,3.536111111111111,1,0,"{timeout:600,max_col_multiplier:1,age_limit:2,random_seed:4,replication:5,num_threads:128,set_partition:true}",-1
c40400.json.gz,c,40,400,LagrangeTemplate,highs,LTFarkas,5,10,4231.982216290857,4799,11.814961450302146,4799,0,40,360,0.012731,0.007259,0.059175,1273,99992.14515748959,0.3536111111111111,1,0,"{timeout:600,max_col_multiplier:1,age_limit:2,random_seed:4,replication:5,num_threads:128,set_partition:true}",1
c40400.json.gz,c,40,400,MipTemplate,highs,MTFarkas,1,7,4231.982216290857,4478,,4478,,40,240,0.006013,0.19953,0.260981,840,139697.32246798603,3.5,1,0,"{timeout:600,max_col_multiplier:1,age_limit:2,random_seed:0,replication:1,num_threads:128,set_partition:true}",-1
c40400.json.gz,c,40,400,MipTemplate,highs,MTFarkas,1,7,4231.982216290857,4478,5.493523894595802,4478,0,40,240,0.006013,0.19953,0.260996,840,139697.32246798603,0.5,1,0,"{timeout:600,max_col_multiplier:1,age_limit:2,random_seed:0,replication:1,num_threads:128,set_partition:true}",1
c40400.json.gz,c,40,400,MipTemplate,highs,MTFarkas,2,8,4231.982216290857,4433,,4433,,40,280,0.008845,0.259747,0.323279,874,98812.88863764839,3.1214285714285714,1,0,"{timeout:600,max_col_multiplier:1,age_limit:2,random_seed:1,replication:2,num_threads:128,set_partition:true}",-1
c40400.json.gz,c,40,400,MipTemplate,highs,MTFarkas,2,8,4231.982216290857,4433,4.534175501917438,4433,0,40,280,0.008845,0.259747,0.323295,874,98812.88863764839,0.39017857142857143,1,0,"{timeout:600,max_col_multiplier:1,age_limit:2,random_seed:1,replication:2,num_threads:128,set_partition:true}",1
c40400.json.gz,c,40,400,MipTemplate,highs,MTFarkas,3,8,4231.982216290857,4475,,4475,,40,280,0.007502,0.246497,0.308173,896,119434.81738203146,3.2,1,0,"{timeout:600,max_col_multiplier:1,age_limit:2,random_seed:2,replication:3,num_threads:128,set_partition:true}",-1
c40400.json.gz,c,40,400,MipTemplate,highs,MTFarkas,3,8,4231.982216290857,4475,5.430167597765363,4475,0,40,280,0.007502,0.246497,0.308183,896,119434.81738203146,0.4,1,0,"{timeout:600,max_col_multiplier:1,age_limit:2,random_seed:2,replication:3,num_threads:128,set_partition:true}",1
c40400.json.gz,c,40,400,MipTemplate,highs,MTFarkas,4,8,4231.982216290857,4520,,4520,,40,280,0.009171,0.252212,0.312426,892,97263.11198342602,3.1857142857142855,1,0,"{timeout:600,max_col_multiplier:1,age_limit:2,random_seed:3,replication:4,num_threads:128,set_partition:true}",-1
c40400.json.gz,c,40,400,MipTemplate,highs,MTFarkas,4,8,4231.982216290857,4520,6.371681415929204,4520,0,40,280,0.009171,0.252212,0.312444,892,97263.11198342602,0.3982142857142857,1,0,"{timeout:600,max_col_multiplier:1,age_limit:2,random_seed:3,replication:4,num_threads:128,set_partition:true}",1
c40400.json.gz,c,40,400,MipTemplate,highs,MTFarkas,5,7,4231.982216290857,4514,,4514,,40,240,0.007606,0.214352,0.275285,897,117933.21062319222,3.7375,1,0,"{timeout:600,max_col_multiplier:1,age_limit:2,random_seed:4,replication:5,num_threads:128,set_partition:true}",-1
c40400.json.gz,c,40,400,MipTemplate,highs,MTFarkas,5,7,4231.982216290857,4514,6.247230837394771,4514,0,40,240,0.007606,0.214352,0.275301,897,117933.21062319222,0.5339285714285714,1,0,"{timeout:600,max_col_multiplier:1,age_limit:2,random_seed:4,replication:5,num_threads:128,set_partition:true}",1
c60900.json.gz,c,60,900,Dantzig,highs,DantzigFarkas,1,111,9315.038004427197,inf,,26442.64775301191,,960,6600,144.831454,0.073303,149.416875,266958,1843.232202861127,40.448181818181816,0,0,"{timeout:600,max_col_multiplier:1,age_limit:20,random_seed:0,replication:1,num_threads:128,set_partition:true}",-1
c60900.json.gz,c,60,900,Dantzig,highs,DantzigFarkas,1,111,9315.038004427197,inf,nan,26442.64775301191,0,960,6600,144.831454,0.073303,149.416882,266958,1843.232202861127,0.36439803439803437,0,0,"{timeout:600,max_col_multiplier:1,age_limit:20,random_seed:0,replication:1,num_threads:128,set_partition:true}",1
c60900.json.gz,c,60,900,Dantzig,highs,DantzigFarkas,2,106,9315.038004427197,inf,,26586.25044207116,,960,6300,140.694796,0.067461,144.314076,264270,1878.3210716620963,41.94761904761905,0,0,"{timeout:600,max_col_multiplier:1,age_limit:20,random_seed:1,replication:2,num_threads:128,set_partition:true}",-1
c60900.json.gz,c,60,900,Dantzig,highs,DantzigFarkas,2,106,9315.038004427197,inf,nan,26586.25044207116,0,960,6300,140.694796,0.067461,144.314082,264270,1878.3210716620963,0.39573225516621746,0,0,"{timeout:600,max_col_multiplier:1,age_limit:20,random_seed:1,replication:2,num_threads:128,set_partition:true}",1
c60900.json.gz,c,60,900,Dantzig,highs,DantzigFarkas,3,109,9315.038004427197,inf,,26812.573730864755,,959,6480,140.46483,0.069106,143.90862,270170,1923.3996154055076,41.6929012345679,0,0,"{timeout:600,max_col_multiplier:1,age_limit:20,random_seed:2,replication:3,num_threads:128,set_partition:true}",-1
c60900.json.gz,c,60,900,Dantzig,highs,DantzigFarkas,3,109,9315.038004427197,inf,nan,26812.573730864755,0,959,6480,140.46483,0.069106,143.90863,270170,1923.3996154055076,0.3825036810510816,0,0,"{timeout:600,max_col_multiplier:1,age_limit:20,random_seed:2,replication:3,num_threads:128,set_partition:true}",1
c60900.json.gz,c,60,900,Dantzig,highs,DantzigFarkas,4,108,9315.038004427197,inf,,26746.33051213101,,958,6420,150.212564,0.066912,151.737393,266038,1771.076885419518,41.43894080996885,0,0,"{timeout:600,max_col_multiplier:1,age_limit:20,random_seed:3,replication:4,num_threads:128,set_partition:true}",-1
c60900.json.gz,c,60,900,Dantzig,highs,DantzigFarkas,4,108,9315.038004427197,inf,nan,26746.33051213101,0,958,6420,150.212564,0.066912,151.7374,266038,1771.076885419518,0.38369389638860046,0,0,"{timeout:600,max_col_multiplier:1,age_limit:20,random_seed:3,replication:4,num_threads:128,set_partition:true}",1
c60900.json.gz,c,60,900,Dantzig,highs,DantzigFarkas,5,104,9315.038004427197,inf,,26880.153647488176,,957,6180,136.794044,0.067798,137.571318,263576,1926.8090356331593,42.649838187702265,0,0,"{timeout:600,max_col_multiplier:1,age_limit:20,random_seed:4,replication:5,num_threads:128,set_partition:true}",-1
c60900.json.gz,c,60,900,Dantzig,highs,DantzigFarkas,5,104,9315.038004427197,inf,nan,26880.153647488176,0,957,6180,136.794044,0.067798,137.571327,263576,1926.8090356331593,0.41009459795867564,0,0,"{timeout:600,max_col_multiplier:1,age_limit:20,random_seed:4,replication:5,num_threads:128,set_partition:true}",1
c60900.json.gz,c,60,900,LagrangeTemplate,highs,LTFarkas,1,22,9315.038004427197,inf,,10649.82756313276,,447,1260,1.063867,0.042997,1.35979,14156,13306.174550014242,11.234920634920634,0,0,"{timeout:600,max_col_multiplier:1,age_limit:2,random_seed:0,replication:1,num_threads:128,set_partition:true}",-1
c60900.json.gz,c,60,900,LagrangeTemplate,highs,LTFarkas,1,22,9315.038004427197,inf,nan,10649.82756313276,0,447,1260,1.063867,0.042997,1.359796,14156,13306.174550014242,0.5106782106782106,0,0,"{timeout:600,max_col_multiplier:1,age_limit:2,random_seed:0,replication:1,num_threads:128,set_partition:true}",1
c60900.json.gz,c,60,900,LagrangeTemplate,highs,LTFarkas,2,21,9315.038004427197,10111,,10111,,60,1200,0.58603,0.04247,0.880415,9119,15560.636827466169,7.599166666666667,1,0,"{timeout:600,max_col_multiplier:1,age_limit:2,random_seed:1,replication:2,num_threads:128,set_partition:true}",-1
c60900.json.gz,c,60,900,LagrangeTemplate,highs,LTFarkas,2,21,9315.038004427197,10111,7.8627237661952325,10111,0,60,1200,0.58603,0.04247,0.880421,9119,15560.636827466169,0.3618650793650794,1,0,"{timeout:600,max_col_multiplier:1,age_limit:2,random_seed:1,replication:2,num_threads:128,set_partition:true}",1
c60900.json.gz,c,60,900,LagrangeTemplate,highs,LTFarkas,3,20,9315.038004427197,inf,,10138,,96,1140,0.515627,0.04011,0.818043,8984,17423.447569657914,7.8807017543859645,0,0,"{timeout:600,max_col_multiplier:1,age_limit:2,random_seed:2,replication:3,num_threads:128,set_partition:true}",-1
c60900.json.gz,c,60,900,LagrangeTemplate,highs,LTFarkas,3,20,9315.038004427197,inf,nan,10138,0,96,1140,0.515627,0.04011,0.818049,8984,17423.447569657914,0.39403508771929824,0,0,"{timeout:600,max_col_multiplier:1,age_limit:2,random_seed:2,replication:3,num_threads:128,set_partition:true}",1
c60900.json.gz,c,60,900,LagrangeTemplate,highs,LTFarkas,4,18,9315.038004427197,9912,,9912,,60,1020,0.602321,0.034881,0.84814,9730,16154.176925592832,9.53921568627451,1,0,"{timeout:600,max_col_multiplier:1,age_limit:2,random_seed:3,replication:4,num_threads:128,set_partition:true}",-1
c60900.json.gz,c,60,900,LagrangeTemplate,highs,LTFarkas,4,18,9315.038004427197,9912,6.012913640032284,9912,0,60,1020,0.602321,0.034881,0.848151,9730,16154.176925592832,0.5299564270152506,1,0,"{timeout:600,max_col_multiplier:1,age_limit:2,random_seed:3,replication:4,num_threads:128,set_partition:true}",1
c60900.json.gz,c,60,900,LagrangeTemplate,highs,LTFarkas,5,23,9315.038004427197,inf,,10545.404949002455,,477,1320,1.266246,0.048812,1.600599,16096,12711.590006997061,12.193939393939393,0,0,"{timeout:600,max_col_multiplier:1,age_limit:2,random_seed:4,replication:5,num_threads:128,set_partition:true}",-1
c60900.json.gz,c,60,900,LagrangeTemplate,highs,LTFarkas,5,23,9315.038004427197,inf,nan,10545.404949002455,0,477,1320,1.266246,0.048812,1.600609,16096,12711.590006997061,0.530171277997365,0,0,"{timeout:600,max_col_multiplier:1,age_limit:2,random_seed:4,replication:5,num_threads:128,set_partition:true}",1
c60900.json.gz,c,60,900,MipTemplate,highs,MTFarkas,1,10,9315.038004427197,9842,,9842,,60,540,0.025978,0.379607,0.597446,2095,80645.16129032258,3.8796296296296298,1,0,"{timeout:600,max_col_multiplier:1,age_limit:2,random_seed:0,replication:1,num_threads:128,set_partition:true}",-1
c60900.json.gz,c,60,900,MipTemplate,highs,MTFarkas,1,10,9315.038004427197,9842,5.344442186547449,9842,0,60,540,0.025978,0.379607,0.597464,2095,80645.16129032258,0.38796296296296295,1,0,"{timeout:600,max_col_multiplier:1,age_limit:2,random_seed:0,replication:1,num_threads:128,set_partition:true}",1
c60900.json.gz,c,60,900,MipTemplate,highs,MTFarkas,2,10,9315.038004427197,9862,,9862,,60,540,0.02525,0.411476,0.622541,2075,82178.21782178218,3.8425925925925926,1,0,"{timeout:600,max_col_multiplier:1,age_limit:2,random_seed:1,replication:2,num_threads:128,set_partition:true}",-1
c60900.json.gz,c,60,900,MipTemplate,highs,MTFarkas,2,10,9315.038004427197,9862,5.536402352464003,9862,0,60,540,0.02525,0.411476,0.622556,2075,82178.21782178218,0.38425925925925924,1,0,"{timeout:600,max_col_multiplier:1,age_limit:2,random_seed:1,replication:2,num_threads:128,set_partition:true}",1
c60900.json.gz,c,60,900,MipTemplate,highs,MTFarkas,3,11,9315.038004427197,9824,,9824,,60,600,0.029195,0.424804,0.644225,2147,73539.98972426786,3.578333333333333,1,0,"{timeout:600,max_col_multiplier:1,age_limit:2,random_seed:2,replication:3,num_threads:128,set_partition:true}",-1
c60900.json.gz,c,60,900,MipTemplate,highs,MTFarkas,3,11,9315.038004427197,9824,5.171009771986971,9824,0,60,600,0.029195,0.424804,0.644244,2147,73539.98972426786,0.32530303030303026,1,0,"{timeout:600,max_col_multiplier:1,age_limit:2,random_seed:2,replication:3,num_threads:128,set_partition:true}",1
c60900.json.gz,c,60,900,MipTemplate,highs,MTFarkas,4,11,9315.038004427197,9902,,9902,,60,600,0.031139,0.459182,0.681838,2137,68627.76582420758,3.5616666666666665,1,0,"{timeout:600,max_col_multiplier:1,age_limit:2,random_seed:3,replication:4,num_threads:128,set_partition:true}",-1
c60900.json.gz,c,60,900,MipTemplate,highs,MTFarkas,4,11,9315.038004427197,9902,5.9179963643708335,9902,0,60,600,0.031139,0.459182,0.681859,2137,68627.76582420758,0.3237878787878788,1,0,"{timeout:600,max_col_multiplier:1,age_limit:2,random_seed:3,replication:4,num_threads:128,set_partition:true}",1
c60900.json.gz,c,60,900,MipTemplate,highs,MTFarkas,5,12,9315.038004427197,9843,,9843,,60,660,0.033578,0.516548,0.73592,2234,66531.65763297398,3.3848484848484848,1,0,"{timeout:600,max_col_multiplier:1,age_limit:2,random_seed:4,replication:5,num_threads:128,set_partition:true}",-1
c60900.json.gz,c,60,900,MipTemplate,highs,MTFarkas,5,12,9315.038004427197,9843,5.354058721934369,9843,0,60,660,0.033578,0.516548,0.735937,2234,66531.65763297398,0.2820707070707071,1,0,"{timeout:600,max_col_multiplier:1,age_limit:2,random_seed:4,replication:5,num_threads:128,set_partition:true}",1
c801600.json.gz,c,80,1600,Dantzig,highs,DantzigFarkas,1,96,16283,inf,,,,,10880,599.535266,0.104707,600.183313,535919,,,0,1,"{timeout:600,max_col_multiplier:1,age_limit:34,random_seed:0,replication:1,num_threads:128,set_partition:true}",-4
c801600.json.gz,c,80,1600,Dantzig,highs,DantzigFarkas,1,96,16283,inf,,,,,10880,599.535266,0.104707,600.183315,535919,,,0,1,"{timeout:600,max_col_multiplier:1,age_limit:34,random_seed:0,replication:1,num_threads:128,set_partition:true}",1
c801600.json.gz,c,80,1600,Dantzig,highs,DantzigFarkas,2,97,16283,inf,,,,,10960,599.368371,0.102263,600.003815,531715,,,0,1,"{timeout:600,max_col_multiplier:1,age_limit:34,random_seed:1,replication:2,num_threads:128,set_partition:true}",-4
c801600.json.gz,c,80,1600,Dantzig,highs,DantzigFarkas,2,97,16283,inf,,,,,10960,599.368371,0.102263,600.003818,531715,,,0,1,"{timeout:600,max_col_multiplier:1,age_limit:34,random_seed:1,replication:2,num_threads:128,set_partition:true}",1
c801600.json.gz,c,80,1600,Dantzig,highs,DantzigFarkas,3,97,16283,inf,,,,,10960,599.368399,0.102696,600.004613,536139,,,0,1,"{timeout:600,max_col_multiplier:1,age_limit:34,random_seed:2,replication:3,num_threads:128,set_partition:true}",-4
c801600.json.gz,c,80,1600,Dantzig,highs,DantzigFarkas,3,97,16283,inf,,,,,10960,599.368399,0.102696,600.004615,536139,,,0,1,"{timeout:600,max_col_multiplier:1,age_limit:34,random_seed:2,replication:3,num_threads:128,set_partition:true}",1
c801600.json.gz,c,80,1600,Dantzig,highs,DantzigFarkas,4,96,16283,inf,,,,,10880,599.535279,0.097054,600.167197,529086,,,0,1,"{timeout:600,max_col_multiplier:1,age_limit:34,random_seed:3,replication:4,num_threads:128,set_partition:true}",-4
c801600.json.gz,c,80,1600,Dantzig,highs,DantzigFarkas,4,96,16283,inf,,,,,10880,599.535279,0.097054,600.167199,529086,,,0,1,"{timeout:600,max_col_multiplier:1,age_limit:34,random_seed:3,replication:4,num_threads:128,set_partition:true}",1
c801600.json.gz,c,80,1600,Dantzig,highs,DantzigFarkas,5,96,16283,inf,,,,,10880,599.485556,0.10413,600.121739,528827,,,0,1,"{timeout:600,max_col_multiplier:1,age_limit:34,random_seed:4,replication:5,num_threads:128,set_partition:true}",-4
c801600.json.gz,c,80,1600,Dantzig,highs,DantzigFarkas,5,96,16283,inf,,,,,10880,599.485556,0.10413,600.121741,528827,,,0,1,"{timeout:600,max_col_multiplier:1,age_limit:34,random_seed:4,replication:5,num_threads:128,set_partition:true}",1
c801600.json.gz,c,80,1600,LagrangeTemplate,highs,LTFarkas,1,33,16283,inf,,19757.787178083225,,950,2560,13.447668,0.128421,15.72757,70337,5230.423594633657,27.475390625,0,0,"{timeout:600,max_col_multiplier:1,age_limit:2,random_seed:0,replication:1,num_threads:128,set_partition:true}",-1
c801600.json.gz,c,80,1600,LagrangeTemplate,highs,LTFarkas,1,33,16283,inf,nan,19757.787178083225,0,950,2560,13.447668,0.128421,15.727576,70337,5230.423594633657,0.8325875946969696,0,0,"{timeout:600,max_col_multiplier:1,age_limit:2,random_seed:0,replication:1,num_threads:128,set_partition:true}",1
c801600.json.gz,c,80,1600,LagrangeTemplate,highs,LTFarkas,2,38,16283,inf,,20266.742618731285,,1047,2960,24.228763,0.145553,27.812173,98761,4076.188289100851,33.3652027027027,0,0,"{timeout:600,max_col_multiplier:1,age_limit:2,random_seed:1,replication:2,num_threads:128,set_partition:true}",-1
c801600.json.gz,c,80,1600,LagrangeTemplate,highs,LTFarkas,2,38,16283,inf,nan,20266.742618731285,0,1047,2960,24.228763,0.145553,27.812181,98761,4076.188289100851,0.8780316500711237,0,0,"{timeout:600,max_col_multiplier:1,age_limit:2,random_seed:1,replication:2,num_threads:128,set_partition:true}",1
c801600.json.gz,c,80,1600,LagrangeTemplate,highs,LTFarkas,3,30,16283,17562,,17562,,80,2320,10.351693,0.135234,12.045576,53388,5157.417245662135,23.01206896551724,1,0,"{timeout:600,max_col_multiplier:1,age_limit:2,random_seed:2,replication:3,num_threads:128,set_partition:true}",-1
c801600.json.gz,c,80,1600,LagrangeTemplate,highs,LTFarkas,3,30,16283,17562,7.282769616216831,17562,0,80,2320,10.351693,0.135234,12.045584,53388,5157.417245662135,0.7670689655172414,1,0,"{timeout:600,max_col_multiplier:1,age_limit:2,random_seed:2,replication:3,num_threads:128,set_partition:true}",1
c801600.json.gz,c,80,1600,LagrangeTemplate,highs,LTFarkas,4,35,16283,inf,,21376.29690542995,,1041,2720,18.450282,0.131222,21.029926,83607,4531.475453871111,30.737867647058824,0,0,"{timeout:600,max_col_multiplier:1,age_limit:2,random_seed:3,replication:4,num_threads:128,set_partition:true}",-1
c801600.json.gz,c,80,1600,LagrangeTemplate,highs,LTFarkas,4,35,16283,inf,nan,21376.29690542995,0,1041,2720,18.450282,0.131222,21.029934,83607,4531.475453871111,0.8782247899159664,0,0,"{timeout:600,max_col_multiplier:1,age_limit:2,random_seed:3,replication:4,num_threads:128,set_partition:true}",1
c801600.json.gz,c,80,1600,LagrangeTemplate,highs,LTFarkas,5,29,16283,17650,,17650.000000000186,,80,2240,9.183377,0.12752,10.680959,49021,5338.014545193995,21.884375,1,0,"{timeout:600,max_col_multiplier:1,age_limit:2,random_seed:4,replication:5,num_threads:128,set_partition:true}",-1
c801600.json.gz,c,80,1600,LagrangeTemplate,highs,LTFarkas,5,29,16283,17650,7.745042492917848,17650.000000000186,0,80,2240,9.183377,0.12752,10.680966,49021,5338.014545193995,0.7546336206896551,1,0,"{timeout:600,max_col_multiplier:1,age_limit:2,random_seed:4,replication:5,num_threads:128,set_partition:true}",1
c801600.json.gz,c,80,1600,MipTemplate,highs,MTFarkas,1,14,16283,17041,,17041,,80,1040,0.085301,0.889299,1.584816,3837,44981.887668374344,3.689423076923077,1,0,"{timeout:600,max_col_multiplier:1,age_limit:2,random_seed:0,replication:1,num_threads:128,set_partition:true}",-1
c801600.json.gz,c,80,1600,MipTemplate,highs,MTFarkas,1,14,16283,17041,4.448095769027639,17041,0,80,1040,0.085301,0.889299,1.584834,3837,44981.887668374344,0.2635302197802198,1,0,"{timeout:600,max_col_multiplier:1,age_limit:2,random_seed:0,replication:1,num_threads:128,set_partition:true}",1
c801600.json.gz,c,80,1600,MipTemplate,highs,MTFarkas,2,13,16283,16965,,16965,,80,960,0.067315,0.698818,1.330932,3790,56302.458590210204,3.9479166666666665,1,0,"{timeout:600,max_col_multiplier:1,age_limit:2,random_seed:1,replication:2,num_threads:128,set_partition:true}",-1
c801600.json.gz,c,80,1600,MipTemplate,highs,MTFarkas,2,13,16283,16965,4.020041261420572,16965,0,80,960,0.067315,0.698818,1.330944,3790,56302.458590210204,0.3036858974358974,1,0,"{timeout:600,max_col_multiplier:1,age_limit:2,random_seed:1,replication:2,num_threads:128,set_partition:true}",1
c801600.json.gz,c,80,1600,MipTemplate,highs,MTFarkas,3,14,16283,16945,,16945,,80,1040,0.078774,0.825031,1.473847,3795,48175.79404372001,3.6490384615384617,1,0,"{timeout:600,max_col_multiplier:1,age_limit:2,random_seed:2,replication:3,num_threads:128,set_partition:true}",-1
c801600.json.gz,c,80,1600,MipTemplate,highs,MTFarkas,3,14,16283,16945,3.906757155503098,16945,0,80,1040,0.078774,0.825031,1.473866,3795,48175.79404372001,0.2606456043956044,1,0,"{timeout:600,max_col_multiplier:1,age_limit:2,random_seed:2,replication:3,num_threads:128,set_partition:true}",1
c801600.json.gz,c,80,1600,MipTemplate,highs,MTFarkas,4,15,16283,16955,,16955,,80,1120,0.083542,0.873213,1.519691,4030,48239.20902061238,3.5982142857142856,1,0,"{timeout:600,max_col_multiplier:1,age_limit:2,random_seed:3,replication:4,num_threads:128,set_partition:true}",-1
c801600.json.gz,c,80,1600,MipTemplate,highs,MTFarkas,4,15,16283,16955,3.963432615747567,16955,0,80,1120,0.083542,0.873213,1.519703,4030,48239.20902061238,0.23988095238095236,1,0,"{timeout:600,max_col_multiplier:1,age_limit:2,random_seed:3,replication:4,num_threads:128,set_partition:true}",1
c801600.json.gz,c,80,1600,MipTemplate,highs,MTFarkas,5,13,16283,16936,,16936,,80,960,0.06959,0.771118,1.408095,3774,54231.92987498204,3.93125,1,0,"{timeout:600,max_col_multiplier:1,age_limit:2,random_seed:4,replication:5,num_threads:128,set_partition:true}",-1
c801600.json.gz,c,80,1600,MipTemplate,highs,MTFarkas,5,13,16283,16936,3.855692017005196,16936,0,80,960,0.06959,0.771118,1.408114,3774,54231.92987498204,0.30240384615384613,1,0,"{timeout:600,max_col_multiplier:1,age_limit:2,random_seed:4,replication:5,num_threads:128,set_partition:true}",1
d05100.json.gz,d,5,100,Dantzig,highs,DantzigFarkas,1,34,6345.412611885934,inf,,7071.584299029601,,105,165,0.065844,0.010693,0.081112,2320,35234.79739991495,14.06060606060606,0,0,"{timeout:600,max_col_multiplier:1,age_limit:34,random_seed:0,replication:1,num_threads:128,set_partition:true}",-1
d05100.json.gz,d,5,100,Dantzig,highs,DantzigFarkas,1,34,6345.412611885934,inf,nan,7071.584299029601,0,105,165,0.065844,0.010693,0.081129,2320,35234.79739991495,0.41354723707664887,0,0,"{timeout:600,max_col_multiplier:1,age_limit:34,random_seed:0,replication:1,num_threads:128,set_partition:true}",1
d05100.json.gz,d,5,100,Dantzig,highs,DantzigFarkas,2,36,6345.412611885934,inf,,7106.852751855316,,105,175,0.076017,0.01117,0.091601,2458,32334.872462738596,14.045714285714286,0,0,"{timeout:600,max_col_multiplier:1,age_limit:34,random_seed:1,replication:2,num_threads:128,set_partition:true}",-1
d05100.json.gz,d,5,100,Dantzig,highs,DantzigFarkas,2,36,6345.412611885934,inf,nan,7106.852751855316,0,105,175,0.076017,0.01117,0.091608,2458,32334.872462738596,0.39015873015873015,0,0,"{timeout:600,max_col_multiplier:1,age_limit:34,random_seed:1,replication:2,num_threads:128,set_partition:true}",1
d05100.json.gz,d,5,100,Dantzig,highs,DantzigFarkas,3,31,6345.412611885934,inf,,7072.481835654205,,105,150,0.053961,0.009855,0.068854,2252,41733.844813847034,15.013333333333334,0,0,"{timeout:600,max_col_multiplier:1,age_limit:34,random_seed:2,replication:3,num_threads:128,set_partition:true}",-1
d05100.json.gz,d,5,100,Dantzig,highs,DantzigFarkas,3,31,6345.412611885934,inf,nan,7072.481835654205,0,105,150,0.053961,0.009855,0.06886,2252,41733.844813847034,0.4843010752688172,0,0,"{timeout:600,max_col_multiplier:1,age_limit:34,random_seed:2,replication:3,num_threads:128,set_partition:true}",1
d05100.json.gz,d,5,100,Dantzig,highs,DantzigFarkas,4,36,6345.412611885934,inf,,7088.786552389148,,105,175,0.072093,0.011622,0.09003,2463,34164.20456909825,14.074285714285715,0,0,"{timeout:600,max_col_multiplier:1,age_limit:34,random_seed:3,replication:4,num_threads:128,set_partition:true}",-1
d05100.json.gz,d,5,100,Dantzig,highs,DantzigFarkas,4,36,6345.412611885934,inf,nan,7088.786552389148,0,105,175,0.072093,0.011622,0.090042,2463,34164.20456909825,0.39095238095238094,0,0,"{timeout:600,max_col_multiplier:1,age_limit:34,random_seed:3,replication:4,num_threads:128,set_partition:true}",1
d05100.json.gz,d,5,100,Dantzig,highs,DantzigFarkas,5,35,6345.412611885934,inf,,7096.996295762972,,105,170,0.062273,0.011366,0.078833,2159,34669.921153629984,12.7,0,0,"{timeout:600,max_col_multiplier:1,age_limit:34,random_seed:4,replication:5,num_threads:128,set_partition:true}",-1
d05100.json.gz,d,5,100,Dantzig,highs,DantzigFarkas,5,35,6345.412611885934,inf,nan,7096.996295762972,0,105,170,0.062273,0.011366,0.078842,2159,34669.921153629984,0.3628571428571428,0,0,"{timeout:600,max_col_multiplier:1,age_limit:34,random_seed:4,replication:5,num_threads:128,set_partition:true}",1
d05100.json.gz,d,5,100,LagrangeTemplate,highs,LTFarkas,1,20,6345.412611885934,6501,,6501,,5,95,0.007993,0.006698,0.017732,540,67559.11422494682,5.684210526315789,1,0,"{timeout:600,max_col_multiplier:1,age_limit:2,random_seed:0,replication:1,num_threads:128,set_partition:true}",-1
d05100.json.gz,d,5,100,LagrangeTemplate,highs,LTFarkas,1,20,6345.412611885934,6501,2.384248577141978,6501,0,5,95,0.007993,0.006698,0.017738,540,67559.11422494682,0.28421052631578947,1,0,"{timeout:600,max_col_multiplier:1,age_limit:2,random_seed:0,replication:1,num_threads:128,set_partition:true}",1
d05100.json.gz,d,5,100,LagrangeTemplate,highs,LTFarkas,2,13,6345.412611885934,inf,,6506,,8,60,0.003764,0.007985,0.014578,361,95908.6078639745,6.016666666666667,0,0,"{timeout:600,max_col_multiplier:1,age_limit:2,random_seed:1,replication:2,num_threads:128,set_partition:true}",-1
d05100.json.gz,d,5,100,LagrangeTemplate,highs,LTFarkas,2,13,6345.412611885934,inf,nan,6506,0,8,60,0.003764,0.007985,0.014587,361,95908.6078639745,0.46282051282051284,0,0,"{timeout:600,max_col_multiplier:1,age_limit:2,random_seed:1,replication:2,num_threads:128,set_partition:true}",1
d05100.json.gz,d,5,100,LagrangeTemplate,highs,LTFarkas,3,25,6345.412611885934,6511,,6511,,5,120,0.014687,0.008729,0.026752,899,61210.59440321373,7.491666666666666,1,0,"{timeout:600,max_col_multiplier:1,age_limit:2,random_seed:2,replication:3,num_threads:128,set_partition:true}",-1
d05100.json.gz,d,5,100,LagrangeTemplate,highs,LTFarkas,3,25,6345.412611885934,6511,2.5341729381047458,6511,0,5,120,0.014687,0.008729,0.026759,899,61210.59440321373,0.29966666666666664,1,0,"{timeout:600,max_col_multiplier:1,age_limit:2,random_seed:2,replication:3,num_threads:128,set_partition:true}",1
d05100.json.gz,d,5,100,LagrangeTemplate,highs,LTFarkas,4,21,6345.412611885934,inf,,6491.499999999997,,9,100,0.010128,0.009123,0.022333,624,61611.37440758294,6.24,0,0,"{timeout:600,max_col_multiplier:1,age_limit:2,random_seed:3,replication:4,num_threads:128,set_partition:true}",-1
d05100.json.gz,d,5,100,LagrangeTemplate,highs,LTFarkas,4,21,6345.412611885934,inf,nan,6491.499999999997,0,9,100,0.010128,0.009123,0.022339,624,61611.37440758294,0.29714285714285715,0,0,"{timeout:600,max_col_multiplier:1,age_limit:2,random_seed:3,replication:4,num_threads:128,set_partition:true}",1
d05100.json.gz,d,5,100,LagrangeTemplate,highs,LTFarkas,5,18,6345.412611885934,inf,,6502.000000000001,,9,85,0.006056,0.008449,0.017378,458,75627.47688243065,5.3882352941176475,0,0,"{timeout:600,max_col_multiplier:1,age_limit:2,random_seed:4,replication:5,num_threads:128,set_partition:true}",-1
d05100.json.gz,d,5,100,LagrangeTemplate,highs,LTFarkas,5,18,6345.412611885934,inf,nan,6502.000000000001,0,9,85,0.006056,0.008449,0.017384,458,75627.47688243065,0.2993464052287582,0,0,"{timeout:600,max_col_multiplier:1,age_limit:2,random_seed:4,replication:5,num_threads:128,set_partition:true}",1
d05100.json.gz,d,5,100,MipTemplate,highs,MTFarkas,1,16,6345.412611885934,6503,,6503,,5,75,0.007128,0.220315,0.232831,293,41105.499438832776,3.9066666666666667,1,0,"{timeout:600,max_col_multiplier:1,age_limit:2,random_seed:0,replication:1,num_threads:128,set_partition:true}",-1
d05100.json.gz,d,5,100,MipTemplate,highs,MTFarkas,1,16,6345.412611885934,6503,2.4142703367676455,6503,0,5,75,0.007128,0.220315,0.232846,293,41105.499438832776,0.24416666666666667,1,0,"{timeout:600,max_col_multiplier:1,age_limit:2,random_seed:0,replication:1,num_threads:128,set_partition:true}",1
d05100.json.gz,d,5,100,MipTemplate,highs,MTFarkas,2,11,6345.412611885934,6500,,6500,,5,50,0.004256,0.141824,0.153084,253,59445.48872180451,5.06,1,0,"{timeout:600,max_col_multiplier:1,age_limit:2,random_seed:1,replication:2,num_threads:128,set_partition:true}",-1
d05100.json.gz,d,5,100,MipTemplate,highs,MTFarkas,2,11,6345.412611885934,6500,2.3692307692307693,6500,0,5,50,0.004256,0.141824,0.153095,253,59445.48872180451,0.45999999999999996,1,0,"{timeout:600,max_col_multiplier:1,age_limit:2,random_seed:1,replication:2,num_threads:128,set_partition:true}",1
d05100.json.gz,d,5,100,MipTemplate,highs,MTFarkas,3,13,6345.412611885934,6500,,6500,,5,60,0.005126,0.157624,0.169595,285,55598.907530238,4.75,1,0,"{timeout:600,max_col_multiplier:1,age_limit:2,random_seed:2,replication:3,num_threads:128,set_partition:true}",-1
d05100.json.gz,d,5,100,MipTemplate,highs,MTFarkas,3,13,6345.412611885934,6500,2.3692307692307693,6500,0,5,60,0.005126,0.157624,0.169624,285,55598.907530238,0.36538461538461536,1,0,"{timeout:600,max_col_multiplier:1,age_limit:2,random_seed:2,replication:3,num_threads:128,set_partition:true}",1
d05100.json.gz,d,5,100,MipTemplate,highs,MTFarkas,4,14,6345.412611885934,6514,,6514,,5,65,0.006532,0.176855,0.191083,290,44396.81567666871,4.461538461538462,1,0,"{timeout:600,max_col_multiplier:1,age_limit:2,random_seed:3,replication:4,num_threads:128,set_partition:true}",-1
d05100.json.gz,d,5,100,MipTemplate,highs,MTFarkas,4,14,6345.412611885934,6514,2.579060485108996,6514,0,5,65,0.006532,0.176855,0.191099,290,44396.81567666871,0.3186813186813187,1,0,"{timeout:600,max_col_multiplier:1,age_limit:2,random_seed:3,replication:4,num_threads:128,set_partition:true}",1
d05100.json.gz,d,5,100,MipTemplate,highs,MTFarkas,5,10,6345.412611885934,6540,,6540,,5,45,0.004098,0.161657,0.172453,255,62225.47584187408,5.666666666666667,1,0,"{timeout:600,max_col_multiplier:1,age_limit:2,random_seed:4,replication:5,num_threads:128,set_partition:true}",-1
d05100.json.gz,d,5,100,MipTemplate,highs,MTFarkas,5,10,6345.412611885934,6540,2.9663608562691133,6540,0,5,45,0.004098,0.161657,0.172469,255,62225.47584187408,0.5666666666666667,1,0,"{timeout:600,max_col_multiplier:1,age_limit:2,random_seed:4,replication:5,num_threads:128,set_partition:true}",1
d05200.json.gz,d,5,200,Dantzig,highs,DantzigFarkas,1,52,12736.196081965434,inf,,14135.46740026849,,205,255,0.512116,0.027221,0.559909,8386,16375.196244600833,32.88627450980392,0,0,"{timeout:600,max_col_multiplier:1,age_limit:132,random_seed:0,replication:1,num_threads:128,set_partition:true}",-1
d05200.json.gz,d,5,200,Dantzig,highs,DantzigFarkas,1,52,12736.196081965434,inf,nan,14135.46740026849,0,205,255,0.512116,0.027221,0.559915,8386,16375.196244600833,0.6324283559577677,0,0,"{timeout:600,max_col_multiplier:1,age_limit:132,random_seed:0,replication:1,num_threads:128,set_partition:true}",1
d05200.json.gz,d,5,200,Dantzig,highs,DantzigFarkas,2,52,12736.196081965434,inf,,14118.844256039723,,205,255,0.532797,0.026607,0.580133,8852,16614.207662580684,34.713725490196076,0,0,"{timeout:600,max_col_multiplier:1,age_limit:132,random_seed:1,replication:2,num_threads:128,set_partition:true}",-1
d05200.json.gz,d,5,200,Dantzig,highs,DantzigFarkas,2,52,12736.196081965434,inf,nan,14118.844256039723,0,205,255,0.532797,0.026607,0.58014,8852,16614.207662580684,0.6675716440422322,0,0,"{timeout:600,max_col_multiplier:1,age_limit:132,random_seed:1,replication:2,num_threads:128,set_partition:true}",1
d05200.json.gz,d,5,200,Dantzig,highs,DantzigFarkas,3,50,12736.196081965434,inf,,14155.46814803659,,204,245,0.482944,0.024912,0.527405,8624,17857.14285714286,35.2,0,0,"{timeout:600,max_col_multiplier:1,age_limit:132,random_seed:2,replication:3,num_threads:128,set_partition:true}",-1
d05200.json.gz,d,5,200,Dantzig,highs,DantzigFarkas,3,50,12736.196081965434,inf,nan,14155.46814803659,0,204,245,0.482944,0.024912,0.527413,8624,17857.14285714286,0.7040000000000001,0,0,"{timeout:600,max_col_multiplier:1,age_limit:132,random_seed:2,replication:3,num_threads:128,set_partition:true}",1
d05200.json.gz,d,5,200,Dantzig,highs,DantzigFarkas,4,49,12736.196081965434,inf,,14124.669578814981,,205,240,0.494387,0.024315,0.535879,8978,18159.862617746825,37.40833333333333,0,0,"{timeout:600,max_col_multiplier:1,age_limit:132,random_seed:3,replication:4,num_threads:128,set_partition:true}",-1
d05200.json.gz,d,5,200,Dantzig,highs,DantzigFarkas,4,49,12736.196081965434,inf,nan,14124.669578814981,0,205,240,0.494387,0.024315,0.535886,8978,18159.862617746825,0.7634353741496598,0,0,"{timeout:600,max_col_multiplier:1,age_limit:132,random_seed:3,replication:4,num_threads:128,set_partition:true}",1
d05200.json.gz,d,5,200,Dantzig,highs,DantzigFarkas,5,53,12736.196081965434,inf,,14161.269844871797,,205,260,0.563529,0.02536,0.610781,8942,15867.861281318266,34.39230769230769,0,0,"{timeout:600,max_col_multiplier:1,age_limit:132,random_seed:4,replication:5,num_threads:128,set_partition:true}",-1
d05200.json.gz,d,5,200,Dantzig,highs,DantzigFarkas,5,53,12736.196081965434,inf,nan,14161.269844871797,0,205,260,0.563529,0.02536,0.610787,8942,15867.861281318266,0.648911465892598,0,0,"{timeout:600,max_col_multiplier:1,age_limit:132,random_seed:4,replication:5,num_threads:128,set_partition:true}",1
d05200.json.gz,d,5,200,LagrangeTemplate,highs,LTFarkas,1,41,12736.196081965434,inf,,12993,,8,200,0.085961,0.050285,0.145094,3077,35795.30252091065,15.385,0,0,"{timeout:600,max_col_multiplier:1,age_limit:4,random_seed:0,replication:1,num_threads:128,set_partition:true}",-1
d05200.json.gz,d,5,200,LagrangeTemplate,highs,LTFarkas,1,41,12736.196081965434,inf,nan,12993,0,8,200,0.085961,0.050285,0.145102,3077,35795.30252091065,0.3752439024390244,0,0,"{timeout:600,max_col_multiplier:1,age_limit:4,random_seed:0,replication:1,num_threads:128,set_partition:true}",1
d05200.json.gz,d,5,200,LagrangeTemplate,highs,LTFarkas,2,36,12736.196081965434,12940,,12940,,5,175,0.062259,0.029352,0.10015,2439,39175.05902761046,13.937142857142858,1,0,"{timeout:600,max_col_multiplier:1,age_limit:4,random_seed:1,replication:2,num_threads:128,set_partition:true}",-1
d05200.json.gz,d,5,200,LagrangeTemplate,highs,LTFarkas,2,36,12736.196081965434,12940,1.5687789799072642,12940,0,5,175,0.062259,0.029352,0.100159,2439,39175.05902761046,0.3871428571428572,1,0,"{timeout:600,max_col_multiplier:1,age_limit:4,random_seed:1,replication:2,num_threads:128,set_partition:true}",1
d05200.json.gz,d,5,200,LagrangeTemplate,highs,LTFarkas,3,45,12736.196081965434,inf,,12919.333333333334,,9,220,0.127106,0.038527,0.178202,3721,29274.778531304582,16.913636363636364,0,0,"{timeout:600,max_col_multiplier:1,age_limit:4,random_seed:2,replication:3,num_threads:128,set_partition:true}",-1
d05200.json.gz,d,5,200,LagrangeTemplate,highs,LTFarkas,3,45,12736.196081965434,inf,nan,12919.333333333334,0,9,220,0.127106,0.038527,0.178212,3721,29274.778531304582,0.3758585858585859,0,0,"{timeout:600,max_col_multiplier:1,age_limit:4,random_seed:2,replication:3,num_threads:128,set_partition:true}",1
d05200.json.gz,d,5,200,LagrangeTemplate,highs,LTFarkas,4,42,12736.196081965434,12971.99999999284,,12971.99999999284,,5,205,0.085534,0.035737,0.129931,2815,32910.889237028554,13.731707317073171,1,0,"{timeout:600,max_col_multiplier:1,age_limit:4,random_seed:3,replication:4,num_threads:128,set_partition:true}",-1
d05200.json.gz,d,5,200,LagrangeTemplate,highs,LTFarkas,4,42,12736.196081965434,12971.99999999284,1.8115942028443583,12971.99999999284,0,5,205,0.085534,0.035737,0.129941,2815,32910.889237028554,0.326945412311266,1,0,"{timeout:600,max_col_multiplier:1,age_limit:4,random_seed:3,replication:4,num_threads:128,set_partition:true}",1
d05200.json.gz,d,5,200,LagrangeTemplate,highs,LTFarkas,5,41,12736.196081965434,12962,,12962,,5,200,0.095762,0.028934,0.133987,3295,34408.220379691316,16.475,1,0,"{timeout:600,max_col_multiplier:1,age_limit:4,random_seed:4,replication:5,num_threads:128,set_partition:true}",-1
d05200.json.gz,d,5,200,LagrangeTemplate,highs,LTFarkas,5,41,12736.196081965434,12962,1.7358432340688166,12962,0,5,200,0.095762,0.028934,0.133997,3295,34408.220379691316,0.40182926829268295,1,0,"{timeout:600,max_col_multiplier:1,age_limit:4,random_seed:4,replication:5,num_threads:128,set_partition:true}",1
d05200.json.gz,d,5,200,MipTemplate,highs,MTFarkas,1,38,12736.196081965434,12912,,12912,,5,185,0.036757,0.787595,0.839414,695,18907.963109067663,3.7567567567567566,1,0,"{timeout:600,max_col_multiplier:1,age_limit:4,random_seed:0,replication:1,num_threads:128,set_partition:true}",-1
d05200.json.gz,d,5,200,MipTemplate,highs,MTFarkas,1,38,12736.196081965434,12912,1.3553283767038415,12912,0,5,185,0.036757,0.787595,0.83943,695,18907.963109067663,0.09886201991465149,1,0,"{timeout:600,max_col_multiplier:1,age_limit:4,random_seed:0,replication:1,num_threads:128,set_partition:true}",1
d05200.json.gz,d,5,200,MipTemplate,highs,MTFarkas,2,36,12736.196081965434,inf,,12978.5,,8,175,0.037465,0.765465,0.816497,691,18443.88095555852,3.9485714285714284,0,0,"{timeout:600,max_col_multiplier:1,age_limit:4,random_seed:1,replication:2,num_threads:128,set_partition:true}",-1
d05200.json.gz,d,5,200,MipTemplate,highs,MTFarkas,2,36,12736.196081965434,inf,nan,12978.5,0,8,175,0.037465,0.765465,0.816504,691,18443.88095555852,0.10968253968253967,0,0,"{timeout:600,max_col_multiplier:1,age_limit:4,random_seed:1,replication:2,num_threads:128,set_partition:true}",1
d05200.json.gz,d,5,200,MipTemplate,highs,MTFarkas,3,32,12736.196081965434,12840,,12840,,5,155,0.029207,0.469579,0.51308,652,22323.41561954326,4.2064516129032254,1,0,"{timeout:600,max_col_multiplier:1,age_limit:4,random_seed:2,replication:3,num_threads:128,set_partition:true}",-1
d05200.json.gz,d,5,200,MipTemplate,highs,MTFarkas,3,32,12736.196081965434,12840,0.8021806853582555,12840,0,5,155,0.029207,0.469579,0.513093,652,22323.41561954326,0.1314516129032258,1,0,"{timeout:600,max_col_multiplier:1,age_limit:4,random_seed:2,replication:3,num_threads:128,set_partition:true}",1
d05200.json.gz,d,5,200,MipTemplate,highs,MTFarkas,4,28,12736.196081965434,12970,,12970,,5,135,0.024587,0.640549,0.679239,607,24687.84316915443,4.496296296296296,1,0,"{timeout:600,max_col_multiplier:1,age_limit:4,random_seed:3,replication:4,num_threads:128,set_partition:true}",-1
d05200.json.gz,d,5,200,MipTemplate,highs,MTFarkas,4,28,12736.196081965434,12970,1.7964533538936005,12970,0,5,135,0.024587,0.640549,0.679253,607,24687.84316915443,0.16058201058201058,1,0,"{timeout:600,max_col_multiplier:1,age_limit:4,random_seed:3,replication:4,num_threads:128,set_partition:true}",1
d05200.json.gz,d,5,200,MipTemplate,highs,MTFarkas,5,32,12736.196081965434,12840,,12840,,5,155,0.028958,0.477344,0.520748,643,22204.572138959873,4.148387096774194,1,0,"{timeout:600,max_col_multiplier:1,age_limit:4,random_seed:4,replication:5,num_threads:128,set_partition:true}",-1
d05200.json.gz,d,5,200,MipTemplate,highs,MTFarkas,5,32,12736.196081965434,12840,0.8021806853582555,12840,0,5,155,0.028958,0.477344,0.520761,643,22204.572138959873,0.12963709677419355,1,0,"{timeout:600,max_col_multiplier:1,age_limit:4,random_seed:4,replication:5,num_threads:128,set_partition:true}",1
d10100.json.gz,d,10,100,Dantzig,highs,DantzigFarkas,1,25,6323.456043445309,inf,,7299.78052126604,,109,240,0.054689,0.008669,0.070262,2707,49498.07091005504,11.279166666666667,0,0,"{timeout:600,max_col_multiplier:1,age_limit:10,random_seed:0,replication:1,num_threads:128,set_partition:true}",-1
d10100.json.gz,d,10,100,Dantzig,highs,DantzigFarkas,1,25,6323.456043445309,inf,nan,7299.78052126604,0,109,240,0.054689,0.008669,0.070269,2707,49498.07091005504,0.45116666666666666,0,0,"{timeout:600,max_col_multiplier:1,age_limit:10,random_seed:0,replication:1,num_threads:128,set_partition:true}",1
d10100.json.gz,d,10,100,Dantzig,highs,DantzigFarkas,2,27,6323.456043445309,inf,,7247.227562654603,,110,260,0.050739,0.00924,0.068622,2557,50395.15954196969,9.834615384615384,0,0,"{timeout:600,max_col_multiplier:1,age_limit:10,random_seed:1,replication:2,num_threads:128,set_partition:true}",-1
d10100.json.gz,d,10,100,Dantzig,highs,DantzigFarkas,2,27,6323.456043445309,inf,nan,7247.227562654603,0,110,260,0.050739,0.00924,0.068629,2557,50395.15954196969,0.3642450142450142,0,0,"{timeout:600,max_col_multiplier:1,age_limit:10,random_seed:1,replication:2,num_threads:128,set_partition:true}",1
d10100.json.gz,d,10,100,Dantzig,highs,DantzigFarkas,3,25,6323.456043445309,inf,,7278.222926300476,,110,240,0.048548,0.009222,0.065011,2555,52628.32660459751,10.645833333333334,0,0,"{timeout:600,max_col_multiplier:1,age_limit:10,random_seed:2,replication:3,num_threads:128,set_partition:true}",-1
d10100.json.gz,d,10,100,Dantzig,highs,DantzigFarkas,3,25,6323.456043445309,inf,nan,7278.222926300476,0,110,240,0.048548,0.009222,0.065021,2555,52628.32660459751,0.42583333333333334,0,0,"{timeout:600,max_col_multiplier:1,age_limit:10,random_seed:2,replication:3,num_threads:128,set_partition:true}",1
d10100.json.gz,d,10,100,Dantzig,highs,DantzigFarkas,4,24,6323.456043445309,inf,,7289.794180128402,,110,230,0.05017,0.008864,0.06706,2635,52521.427147697825,11.456521739130435,0,0,"{timeout:600,max_col_multiplier:1,age_limit:10,random_seed:3,replication:4,num_threads:128,set_partition:true}",-1
d10100.json.gz,d,10,100,Dantzig,highs,DantzigFarkas,4,24,6323.456043445309,inf,nan,7289.794180128402,0,110,230,0.05017,0.008864,0.067065,2635,52521.427147697825,0.4773550724637681,0,0,"{timeout:600,max_col_multiplier:1,age_limit:10,random_seed:3,replication:4,num_threads:128,set_partition:true}",1
d10100.json.gz,d,10,100,Dantzig,highs,DantzigFarkas,5,25,6323.456043445309,inf,,7293.809568225964,,110,240,0.051162,0.00824,0.066017,2566,50154.41147726829,10.691666666666666,0,0,"{timeout:600,max_col_multiplier:1,age_limit:10,random_seed:4,replication:5,num_threads:128,set_partition:true}",-1
d10100.json.gz,d,10,100,Dantzig,highs,DantzigFarkas,5,25,6323.456043445309,inf,nan,7293.809568225964,0,110,240,0.051162,0.00824,0.066023,2566,50154.41147726829,0.42766666666666664,0,0,"{timeout:600,max_col_multiplier:1,age_limit:10,random_seed:4,replication:5,num_threads:128,set_partition:true}",1
d10100.json.gz,d,10,100,LagrangeTemplate,highs,LTFarkas,1,7,6323.456043445309,6597,,6597,,10,60,0.002084,0.002573,0.009287,365,175143.9539347409,6.083333333333333,1,0,"{timeout:600,max_col_multiplier:1,age_limit:2,random_seed:0,replication:1,num_threads:128,set_partition:true}",-1
d10100.json.gz,d,10,100,LagrangeTemplate,highs,LTFarkas,1,7,6323.456043445309,6597,4.138244656662119,6597,0,10,60,0.002084,0.002573,0.009296,365,175143.9539347409,0.869047619047619,1,0,"{timeout:600,max_col_multiplier:1,age_limit:2,random_seed:0,replication:1,num_threads:128,set_partition:true}",1
d10100.json.gz,d,10,100,LagrangeTemplate,highs,LTFarkas,2,8,6323.456043445309,6676,,6676,,10,70,0.002331,0.003282,0.010278,371,159159.15915915914,5.3,1,0,"{timeout:600,max_col_multiplier:1,age_limit:2,random_seed:1,replication:2,num_threads:128,set_partition:true}",-1
d10100.json.gz,d,10,100,LagrangeTemplate,highs,LTFarkas,2,8,6323.456043445309,6676,5.272618334331936,6676,0,10,70,0.002331,0.003282,0.010285,371,159159.15915915914,0.6625,1,0,"{timeout:600,max_col_multiplier:1,age_limit:2,random_seed:1,replication:2,num_threads:128,set_partition:true}",1
d10100.json.gz,d,10,100,LagrangeTemplate,highs,LTFarkas,3,8,6323.456043445309,6557,,6557,,10,70,0.002498,0.003322,0.010743,357,142914.33146517214,5.1,1,0,"{timeout:600,max_col_multiplier:1,age_limit:2,random_seed:2,replication:3,num_threads:128,set_partition:true}",-1
d10100.json.gz,d,10,100,LagrangeTemplate,highs,LTFarkas,3,8,6323.456043445309,6557,3.5534543236236082,6557,0,10,70,0.002498,0.003322,0.010752,357,142914.33146517214,0.6375,1,0,"{timeout:600,max_col_multiplier:1,age_limit:2,random_seed:2,replication:3,num_threads:128,set_partition:true}",1
d10100.json.gz,d,10,100,LagrangeTemplate,highs,LTFarkas,4,10,6323.456043445309,inf,,6671.749999999999,,17,90,0.004054,0.00399,0.012922,450,111001.48001973359,5,0,0,"{timeout:600,max_col_multiplier:1,age_limit:2,random_seed:3,replication:4,num_threads:128,set_partition:true}",-1
d10100.json.gz,d,10,100,LagrangeTemplate,highs,LTFarkas,4,10,6323.456043445309,inf,nan,6671.749999999999,0,17,90,0.004054,0.00399,0.012929,450,111001.48001973359,0.5,0,0,"{timeout:600,max_col_multiplier:1,age_limit:2,random_seed:3,replication:4,num_threads:128,set_partition:true}",1
d10100.json.gz,d,10,100,LagrangeTemplate,highs,LTFarkas,5,8,6323.456043445309,6589,,6589,,10,70,0.002352,0.002933,0.010032,365,155187.07482993198,5.214285714285714,1,0,"{timeout:600,max_col_multiplier:1,age_limit:2,random_seed:4,replication:5,num_threads:128,set_partition:true}",-1
d10100.json.gz,d,10,100,LagrangeTemplate,highs,LTFarkas,5,8,6323.456043445309,6589,4.021854606161785,6589,0,10,70,0.002352,0.002933,0.01004,365,155187.07482993198,0.6517857142857143,1,0,"{timeout:600,max_col_multiplier:1,age_limit:2,random_seed:4,replication:5,num_threads:128,set_partition:true}",1
d10100.json.gz,d,10,100,MipTemplate,highs,MTFarkas,1,6,6323.456043445309,6596,,6596,,10,50,0.002299,0.084033,0.107825,331,143975.6415832971,6.62,1,0,"{timeout:600,max_col_multiplier:1,age_limit:2,random_seed:0,replication:1,num_threads:128,set_partition:true}",-1
d10100.json.gz,d,10,100,MipTemplate,highs,MTFarkas,1,6,6323.456043445309,6596,4.123711340206185,6596,0,10,50,0.002299,0.084033,0.107839,331,143975.6415832971,1.1033333333333333,1,0,"{timeout:600,max_col_multiplier:1,age_limit:2,random_seed:0,replication:1,num_threads:128,set_partition:true}",1
d10100.json.gz,d,10,100,MipTemplate,highs,MTFarkas,2,6,6323.456043445309,6614,,6614,,10,50,0.002596,0.075461,0.09045,322,124036.97996918338,6.44,1,0,"{timeout:600,max_col_multiplier:1,age_limit:2,random_seed:1,replication:2,num_threads:128,set_partition:true}",-1
d10100.json.gz,d,10,100,MipTemplate,highs,MTFarkas,2,6,6323.456043445309,6614,4.384638645297853,6614,0,10,50,0.002596,0.075461,0.090465,322,124036.97996918338,1.0733333333333335,1,0,"{timeout:600,max_col_multiplier:1,age_limit:2,random_seed:1,replication:2,num_threads:128,set_partition:true}",1
d10100.json.gz,d,10,100,MipTemplate,highs,MTFarkas,3,9,6323.456043445309,6536,,6536,,10,80,0.004349,0.134262,0.150766,349,80248.33295010348,4.3625,1,0,"{timeout:600,max_col_multiplier:1,age_limit:2,random_seed:2,replication:3,num_threads:128,set_partition:true}",-1
d10100.json.gz,d,10,100,MipTemplate,highs,MTFarkas,3,9,6323.456043445309,6536,3.243574051407589,6536,0,10,80,0.004349,0.134262,0.15078,349,80248.33295010348,0.4847222222222222,1,0,"{timeout:600,max_col_multiplier:1,age_limit:2,random_seed:2,replication:3,num_threads:128,set_partition:true}",1
d10100.json.gz,d,10,100,MipTemplate,highs,MTFarkas,4,8,6323.456043445309,6664,,6664,,10,70,0.003258,0.113471,0.128876,356,109269.4904849601,5.085714285714285,1,0,"{timeout:600,max_col_multiplier:1,age_limit:2,random_seed:3,replication:4,num_threads:128,set_partition:true}",-1
d10100.json.gz,d,10,100,MipTemplate,highs,MTFarkas,4,8,6323.456043445309,6664,5.1020408163265305,6664,0,10,70,0.003258,0.113471,0.128894,356,109269.4904849601,0.6357142857142857,1,0,"{timeout:600,max_col_multiplier:1,age_limit:2,random_seed:3,replication:4,num_threads:128,set_partition:true}",1
d10100.json.gz,d,10,100,MipTemplate,highs,MTFarkas,5,7,6323.456043445309,6639,,6639,,10,60,0.002632,0.092133,0.107239,329,125000.00000000001,5.483333333333333,1,0,"{timeout:600,max_col_multiplier:1,age_limit:2,random_seed:4,replication:5,num_threads:128,set_partition:true}",-1
d10100.json.gz,d,10,100,MipTemplate,highs,MTFarkas,5,7,6323.456043445309,6639,4.744690465431541,6639,0,10,60,0.002632,0.092133,0.107255,329,125000.00000000001,0.7833333333333333,1,0,"{timeout:600,max_col_multiplier:1,age_limit:2,random_seed:4,replication:5,num_threads:128,set_partition:true}",1
d10200.json.gz,d,10,200,Dantzig,highs,DantzigFarkas,1,47,12418.362103134963,inf,,14167.434410837513,,210,460,0.527651,0.017294,0.569529,10290,19501.526577226236,22.369565217391305,0,0,"{timeout:600,max_col_multiplier:1,age_limit:34,random_seed:0,replication:1,num_threads:128,set_partition:true}",-1
d10200.json.gz,d,10,200,Dantzig,highs,DantzigFarkas,1,47,12418.362103134963,inf,nan,14167.434410837513,0,210,460,0.527651,0.017294,0.569537,10290,19501.526577226236,0.4759481961147086,0,0,"{timeout:600,max_col_multiplier:1,age_limit:34,random_seed:0,replication:1,num_threads:128,set_partition:true}",1
d10200.json.gz,d,10,200,Dantzig,highs,DantzigFarkas,2,47,12418.362103134963,inf,,14197.051766171724,,210,460,0.513868,0.015982,0.565053,10023,19505.00906847673,21.78913043478261,0,0,"{timeout:600,max_col_multiplier:1,age_limit:34,random_seed:1,replication:2,num_threads:128,set_partition:true}",-1
d10200.json.gz,d,10,200,Dantzig,highs,DantzigFarkas,2,47,12418.362103134963,inf,nan,14197.051766171724,0,210,460,0.513868,0.015982,0.565064,10023,19505.00906847673,0.4635985198889917,0,0,"{timeout:600,max_col_multiplier:1,age_limit:34,random_seed:1,replication:2,num_threads:128,set_partition:true}",1
d10200.json.gz,d,10,200,Dantzig,highs,DantzigFarkas,3,47,12418.362103134963,inf,,14192.353187433144,,210,460,0.529135,0.017262,0.579506,10578,19991.117578689747,22.995652173913044,0,0,"{timeout:600,max_col_multiplier:1,age_limit:34,random_seed:2,replication:3,num_threads:128,set_partition:true}",-1
d10200.json.gz,d,10,200,Dantzig,highs,DantzigFarkas,3,47,12418.362103134963,inf,nan,14192.353187433144,0,210,460,0.529135,0.017262,0.579511,10578,19991.117578689747,0.48926919518963924,0,0,"{timeout:600,max_col_multiplier:1,age_limit:34,random_seed:2,replication:3,num_threads:128,set_partition:true}",1
d10200.json.gz,d,10,200,Dantzig,highs,DantzigFarkas,4,49,12418.362103134963,inf,,14171.201245594819,,210,480,0.549189,0.01845,0.588847,10738,19552.46736551533,22.370833333333334,0,0,"{timeout:600,max_col_multiplier:1,age_limit:34,random_seed:3,replication:4,num_threads:128,set_partition:true}",-1
d10200.json.gz,d,10,200,Dantzig,highs,DantzigFarkas,4,49,12418.362103134963,inf,nan,14171.201245594819,0,210,480,0.549189,0.01845,0.588854,10738,19552.46736551533,0.45654761904761904,0,0,"{timeout:600,max_col_multiplier:1,age_limit:34,random_seed:3,replication:4,num_threads:128,set_partition:true}",1
d10200.json.gz,d,10,200,Dantzig,highs,DantzigFarkas,5,52,12418.362103134963,inf,,14223.164073853874,,210,510,0.626683,0.017829,0.686777,11221,17905.38438093901,22.001960784313727,0,0,"{timeout:600,max_col_multiplier:1,age_limit:34,random_seed:4,replication:5,num_threads:128,set_partition:true}",-1
d10200.json.gz,d,10,200,Dantzig,highs,DantzigFarkas,5,52,12418.362103134963,inf,nan,14223.164073853874,0,210,510,0.626683,0.017829,0.686784,11221,17905.38438093901,0.4231146304675717,0,0,"{timeout:600,max_col_multiplier:1,age_limit:34,random_seed:4,replication:5,num_threads:128,set_partition:true}",1
d10200.json.gz,d,10,200,LagrangeTemplate,highs,LTFarkas,1,21,12418.362103134963,12690.999999999332,,12690.999999999332,,10,200,0.023672,0.01949,0.054416,1430,60408.921933085505,7.15,1,0,"{timeout:600,max_col_multiplier:1,age_limit:2,random_seed:0,replication:1,num_threads:128,set_partition:true}",-1
d10200.json.gz,d,10,200,LagrangeTemplate,highs,LTFarkas,1,21,12418.362103134963,12690.999999999332,2.143251122837812,12690.999999999332,0,10,200,0.023672,0.01949,0.054423,1430,60408.921933085505,0.3404761904761905,1,0,"{timeout:600,max_col_multiplier:1,age_limit:2,random_seed:0,replication:1,num_threads:128,set_partition:true}",1
d10200.json.gz,d,10,200,LagrangeTemplate,highs,LTFarkas,2,22,12418.362103134963,inf,,12729,,15,210,0.036441,0.016267,0.064279,1863,51123.734255371695,8.871428571428572,0,0,"{timeout:600,max_col_multiplier:1,age_limit:2,random_seed:1,replication:2,num_threads:128,set_partition:true}",-1
d10200.json.gz,d,10,200,LagrangeTemplate,highs,LTFarkas,2,22,12418.362103134963,inf,nan,12729,0,15,210,0.036441,0.016267,0.064288,1863,51123.734255371695,0.40324675324675324,0,0,"{timeout:600,max_col_multiplier:1,age_limit:2,random_seed:1,replication:2,num_threads:128,set_partition:true}",1
d10200.json.gz,d,10,200,LagrangeTemplate,highs,LTFarkas,3,21,12418.362103134963,inf,,12744.5,,15,200,0.028728,0.018695,0.06001,1583,55103.03536619326,7.915,0,0,"{timeout:600,max_col_multiplier:1,age_limit:2,random_seed:2,replication:3,num_threads:128,set_partition:true}",-1
d10200.json.gz,d,10,200,LagrangeTemplate,highs,LTFarkas,3,21,12418.362103134963,inf,nan,12744.5,0,15,200,0.028728,0.018695,0.060018,1583,55103.03536619326,0.3769047619047619,0,0,"{timeout:600,max_col_multiplier:1,age_limit:2,random_seed:2,replication:3,num_threads:128,set_partition:true}",1
d10200.json.gz,d,10,200,LagrangeTemplate,highs,LTFarkas,4,26,12418.362103134963,inf,,12840.5,,15,250,0.040915,0.016932,0.070832,1960,47904.19161676647,7.84,0,0,"{timeout:600,max_col_multiplier:1,age_limit:2,random_seed:3,replication:4,num_threads:128,set_partition:true}",-1
d10200.json.gz,d,10,200,LagrangeTemplate,highs,LTFarkas,4,26,12418.362103134963,inf,nan,12840.5,0,15,250,0.040915,0.016932,0.070843,1960,47904.19161676647,0.30153846153846153,0,0,"{timeout:600,max_col_multiplier:1,age_limit:2,random_seed:3,replication:4,num_threads:128,set_partition:true}",1
d10200.json.gz,d,10,200,LagrangeTemplate,highs,LTFarkas,5,19,12418.362103134963,inf,,12805.500000000035,,15,180,0.018859,0.014064,0.043667,1230,65220.84946179543,6.833333333333333,0,0,"{timeout:600,max_col_multiplier:1,age_limit:2,random_seed:4,replication:5,num_threads:128,set_partition:true}",-1
d10200.json.gz,d,10,200,LagrangeTemplate,highs,LTFarkas,5,19,12418.362103134963,inf,nan,12805.500000000035,0,15,180,0.018859,0.014064,0.043675,1230,65220.84946179543,0.35964912280701755,0,0,"{timeout:600,max_col_multiplier:1,age_limit:2,random_seed:4,replication:5,num_threads:128,set_partition:true}",1
d10200.json.gz,d,10,200,MipTemplate,highs,MTFarkas,1,14,12418.362103134963,12727,,12727,,10,130,0.01035,0.242627,0.276603,666,64347.82608695652,5.123076923076923,1,0,"{timeout:600,max_col_multiplier:1,age_limit:2,random_seed:0,replication:1,num_threads:128,set_partition:true}",-1
d10200.json.gz,d,10,200,MipTemplate,highs,MTFarkas,1,14,12418.362103134963,12727,2.4200518582541055,12727,0,10,130,0.01035,0.242627,0.276616,666,64347.82608695652,0.3659340659340659,1,0,"{timeout:600,max_col_multiplier:1,age_limit:2,random_seed:0,replication:1,num_threads:128,set_partition:true}",1
d10200.json.gz,d,10,200,MipTemplate,highs,MTFarkas,2,13,12418.362103134963,12688,,12688,,10,120,0.009404,0.258062,0.291845,658,69970.2254359847,5.483333333333333,1,0,"{timeout:600,max_col_multiplier:1,age_limit:2,random_seed:1,replication:2,num_threads:128,set_partition:true}",-1
d10200.json.gz,d,10,200,MipTemplate,highs,MTFarkas,2,13,12418.362103134963,12688,2.120113493064313,12688,0,10,120,0.009404,0.258062,0.291863,658,69970.2254359847,0.4217948717948718,1,0,"{timeout:600,max_col_multiplier:1,age_limit:2,random_seed:1,replication:2,num_threads:128,set_partition:true}",1
d10200.json.gz,d,10,200,MipTemplate,highs,MTFarkas,3,13,12418.362103134963,12701,,12701,,10,120,0.009783,0.241729,0.275744,659,67361.74997444547,5.491666666666666,1,0,"{timeout:600,max_col_multiplier:1,age_limit:2,random_seed:2,replication:3,num_threads:128,set_partition:true}",-1
d10200.json.gz,d,10,200,MipTemplate,highs,MTFarkas,3,13,12418.362103134963,12701,2.220297614361074,12701,0,10,120,0.009783,0.241729,0.275758,659,67361.74997444547,0.4224358974358974,1,0,"{timeout:600,max_col_multiplier:1,age_limit:2,random_seed:2,replication:3,num_threads:128,set_partition:true}",1
d10200.json.gz,d,10,200,MipTemplate,highs,MTFarkas,4,16,12418.362103134963,12742,,12742,,10,150,0.012978,0.295066,0.331647,684,52704.57697642164,4.56,1,0,"{timeout:600,max_col_multiplier:1,age_limit:2,random_seed:3,replication:4,num_threads:128,set_partition:true}",-1
d10200.json.gz,d,10,200,MipTemplate,highs,MTFarkas,4,16,12418.362103134963,12742,2.5349238738031703,12742,0,10,150,0.012978,0.295066,0.331661,684,52704.57697642164,0.285,1,0,"{timeout:600,max_col_multiplier:1,age_limit:2,random_seed:3,replication:4,num_threads:128,set_partition:true}",1
d10200.json.gz,d,10,200,MipTemplate,highs,MTFarkas,5,11,12418.362103134963,12737,,12737,,10,100,0.008441,0.213346,0.245636,647,76649.68605615447,6.47,1,0,"{timeout:600,max_col_multiplier:1,age_limit:2,random_seed:4,replication:5,num_threads:128,set_partition:true}",-1
d10200.json.gz,d,10,200,MipTemplate,highs,MTFarkas,5,11,12418.362103134963,12737,2.4966632645049858,12737,0,10,100,0.008441,0.213346,0.245662,647,76649.68605615447,0.5881818181818181,1,0,"{timeout:600,max_col_multiplier:1,age_limit:2,random_seed:4,replication:5,num_threads:128,set_partition:true}",1
d10400.json.gz,d,10,400,Dantzig,highs,DantzigFarkas,1,90,24955.994815905156,inf,,28337.20132999581,,410,890,9.974849,0.072786,10.476167,44864,4497.712195944018,50.40898876404494,0,0,"{timeout:600,max_col_multiplier:1,age_limit:132,random_seed:0,replication:1,num_threads:128,set_partition:true}",-1
d10400.json.gz,d,10,400,Dantzig,highs,DantzigFarkas,1,90,24955.994815905156,inf,nan,28337.20132999581,0,410,890,9.974849,0.072786,10.476177,44864,4497.712195944018,0.5600998751560549,0,0,"{timeout:600,max_col_multiplier:1,age_limit:132,random_seed:0,replication:1,num_threads:128,set_partition:true}",1
d10400.json.gz,d,10,400,Dantzig,highs,DantzigFarkas,2,94,24955.994815905156,inf,,28369.653483125345,,410,930,10.922105,0.072652,11.111007,50717,4643.518808874296,54.534408602150535,0,0,"{timeout:600,max_col_multiplier:1,age_limit:132,random_seed:1,replication:2,num_threads:128,set_partition:true}",-1
d10400.json.gz,d,10,400,Dantzig,highs,DantzigFarkas,2,94,24955.994815905156,inf,nan,28369.653483125345,0,410,930,10.922105,0.072652,11.111019,50717,4643.518808874296,0.5801532830016014,0,0,"{timeout:600,max_col_multiplier:1,age_limit:132,random_seed:1,replication:2,num_threads:128,set_partition:true}",1
d10400.json.gz,d,10,400,Dantzig,highs,DantzigFarkas,3,84,24955.994815905156,inf,,28376.431282603564,,410,830,7.657644,0.064022,8.014468,44155,5766.133813481013,53.19879518072289,0,0,"{timeout:600,max_col_multiplier:1,age_limit:132,random_seed:2,replication:3,num_threads:128,set_partition:true}",-1
d10400.json.gz,d,10,400,Dantzig,highs,DantzigFarkas,3,84,24955.994815905156,inf,nan,28376.431282603564,0,410,830,7.657644,0.064022,8.014479,44155,5766.133813481013,0.633318990246701,0,0,"{timeout:600,max_col_multiplier:1,age_limit:132,random_seed:2,replication:3,num_threads:128,set_partition:true}",1
d10400.json.gz,d,10,400,Dantzig,highs,DantzigFarkas,4,95,24955.994815905156,inf,,28322.40930700197,,410,940,10.785257,0.073792,11.28184,50185,4653.1111868729695,53.388297872340424,0,0,"{timeout:600,max_col_multiplier:1,age_limit:132,random_seed:3,replication:4,num_threads:128,set_partition:true}",-1
d10400.json.gz,d,10,400,Dantzig,highs,DantzigFarkas,4,95,24955.994815905156,inf,nan,28322.40930700197,0,410,940,10.785257,0.073792,11.281849,50185,4653.1111868729695,0.5619820828667413,0,0,"{timeout:600,max_col_multiplier:1,age_limit:132,random_seed:3,replication:4,num_threads:128,set_partition:true}",1
d10400.json.gz,d,10,400,Dantzig,highs,DantzigFarkas,5,92,24955.994815905156,inf,,28309.796543243672,,410,910,10.558007,0.073361,10.922072,47097,4460.785070515676,51.754945054945054,0,0,"{timeout:600,max_col_multiplier:1,age_limit:132,random_seed:4,replication:5,num_threads:128,set_partition:true}",-1
d10400.json.gz,d,10,400,Dantzig,highs,DantzigFarkas,5,92,24955.994815905156,inf,nan,28309.796543243672,0,410,910,10.558007,0.073361,10.922078,47097,4460.785070515676,0.5625537505972289,0,0,"{timeout:600,max_col_multiplier:1,age_limit:132,random_seed:4,replication:5,num_threads:128,set_partition:true}",1
d10400.json.gz,d,10,400,LagrangeTemplate,highs,LTFarkas,1,35,24955.994815905156,inf,,25227.5,,12,340,0.243856,0.067435,0.340978,5904,24211.009776261402,17.36470588235294,0,0,"{timeout:600,max_col_multiplier:1,age_limit:4,random_seed:0,replication:1,num_threads:128,set_partition:true}",-1
d10400.json.gz,d,10,400,LagrangeTemplate,highs,LTFarkas,1,35,24955.994815905156,inf,nan,25227.5,0,12,340,0.243856,0.067435,0.340986,5904,24211.009776261402,0.49613445378151255,0,0,"{timeout:600,max_col_multiplier:1,age_limit:4,random_seed:0,replication:1,num_threads:128,set_partition:true}",1
d10400.json.gz,d,10,400,LagrangeTemplate,highs,LTFarkas,2,48,24955.994815905156,25246.999999999938,,25246.999999999938,,10,470,0.719859,0.091016,0.858978,10806,15011.273040970524,22.99148936170213,1,0,"{timeout:600,max_col_multiplier:1,age_limit:4,random_seed:1,replication:2,num_threads:128,set_partition:true}",-1
d10400.json.gz,d,10,400,LagrangeTemplate,highs,LTFarkas,2,48,24955.994815905156,25246.999999999938,1.1526121915472685,25246.999999999938,0,10,470,0.719859,0.091016,0.858986,10806,15011.273040970524,0.4789893617021277,1,0,"{timeout:600,max_col_multiplier:1,age_limit:4,random_seed:1,replication:2,num_threads:128,set_partition:true}",1
d10400.json.gz,d,10,400,LagrangeTemplate,highs,LTFarkas,3,40,24955.994815905156,25266,,25266,,10,390,0.432305,0.073326,0.544437,8021,18554.030140757106,20.566666666666666,1,0,"{timeout:600,max_col_multiplier:1,age_limit:4,random_seed:2,replication:3,num_threads:128,set_partition:true}",-1
d10400.json.gz,d,10,400,LagrangeTemplate,highs,LTFarkas,3,40,24955.994815905156,25266,1.2269453019868597,25266,0,10,390,0.432305,0.073326,0.544447,8021,18554.030140757106,0.5141666666666667,1,0,"{timeout:600,max_col_multiplier:1,age_limit:4,random_seed:2,replication:3,num_threads:128,set_partition:true}",1
d10400.json.gz,d,10,400,LagrangeTemplate,highs,LTFarkas,4,35,24955.994815905156,25232,,25232,,10,340,0.259745,0.074446,0.364017,5944,22883.982367321794,17.48235294117647,1,0,"{timeout:600,max_col_multiplier:1,age_limit:4,random_seed:3,replication:4,num_threads:128,set_partition:true}",-1
d10400.json.gz,d,10,400,LagrangeTemplate,highs,LTFarkas,4,35,24955.994815905156,25232,1.093849080532657,25232,0,10,340,0.259745,0.074446,0.364024,5944,22883.982367321794,0.49949579831932767,1,0,"{timeout:600,max_col_multiplier:1,age_limit:4,random_seed:3,replication:4,num_threads:128,set_partition:true}",1
d10400.json.gz,d,10,400,LagrangeTemplate,highs,LTFarkas,5,41,24955.994815905156,25247,,25247,,10,400,0.476624,0.075183,0.597245,8586,18014.199872436133,21.465,1,0,"{timeout:600,max_col_multiplier:1,age_limit:4,random_seed:4,replication:5,num_threads:128,set_partition:true}",-1
d10400.json.gz,d,10,400,LagrangeTemplate,highs,LTFarkas,5,41,24955.994815905156,25247,1.1526121915475105,25247,0,10,400,0.476624,0.075183,0.597251,8586,18014.199872436133,0.5235365853658537,1,0,"{timeout:600,max_col_multiplier:1,age_limit:4,random_seed:4,replication:5,num_threads:128,set_partition:true}",1
d10400.json.gz,d,10,400,MipTemplate,highs,MTFarkas,1,20,24955.994815905156,25247,,25247,,10,190,0.0266,0.443762,0.515251,1150,43233.082706766916,6.052631578947368,1,0,"{timeout:600,max_col_multiplier:1,age_limit:4,random_seed:0,replication:1,num_threads:128,set_partition:true}",-1
d10400.json.gz,d,10,400,MipTemplate,highs,MTFarkas,1,20,24955.994815905156,25247,1.1526121915475105,25247,0,10,190,0.0266,0.443762,0.515265,1150,43233.082706766916,0.3026315789473684,1,0,"{timeout:600,max_col_multiplier:1,age_limit:4,random_seed:0,replication:1,num_threads:128,set_partition:true}",1
d10400.json.gz,d,10,400,MipTemplate,highs,MTFarkas,2,19,24955.994815905156,25252,,25252,,10,180,0.026596,0.512458,0.58559,1159,43577.98165137615,6.438888888888889,1,0,"{timeout:600,max_col_multiplier:1,age_limit:4,random_seed:1,replication:2,num_threads:128,set_partition:true}",-1
d10400.json.gz,d,10,400,MipTemplate,highs,MTFarkas,2,19,24955.994815905156,25252,1.1721843814351338,25252,0,10,180,0.026596,0.512458,0.585609,1159,43577.98165137615,0.3388888888888889,1,0,"{timeout:600,max_col_multiplier:1,age_limit:4,random_seed:1,replication:2,num_threads:128,set_partition:true}",1
d10400.json.gz,d,10,400,MipTemplate,highs,MTFarkas,3,14,24955.994815905156,25247,,25247,,10,130,0.018911,0.349727,0.413695,1140,60282.37533710538,8.76923076923077,1,0,"{timeout:600,max_col_multiplier:1,age_limit:4,random_seed:2,replication:3,num_threads:128,set_partition:true}",-1
d10400.json.gz,d,10,400,MipTemplate,highs,MTFarkas,3,14,24955.994815905156,25247,1.1526121915475105,25247,0,10,130,0.018911,0.349727,0.413709,1140,60282.37533710538,0.6263736263736265,1,0,"{timeout:600,max_col_multiplier:1,age_limit:4,random_seed:2,replication:3,num_threads:128,set_partition:true}",1
d10400.json.gz,d,10,400,MipTemplate,highs,MTFarkas,4,17,24955.994815905156,25262,,25262,,10,160,0.022885,0.40466,0.472646,1156,50513.4367489622,7.225,1,0,"{timeout:600,max_col_multiplier:1,age_limit:4,random_seed:3,replication:4,num_threads:128,set_partition:true}",-1
d10400.json.gz,d,10,400,MipTemplate,highs,MTFarkas,4,17,24955.994815905156,25262,1.2113055181695829,25262,0,10,160,0.022885,0.40466,0.472666,1156,50513.4367489622,0.425,1,0,"{timeout:600,max_col_multiplier:1,age_limit:4,random_seed:3,replication:4,num_threads:128,set_partition:true}",1
d10400.json.gz,d,10,400,MipTemplate,highs,MTFarkas,5,23,24955.994815905156,25247,,25247,,10,220,0.034961,0.552793,0.633992,1228,35124.85340808329,5.581818181818182,1,0,"{timeout:600,max_col_multiplier:1,age_limit:4,random_seed:4,replication:5,num_threads:128,set_partition:true}",-1
d10400.json.gz,d,10,400,MipTemplate,highs,MTFarkas,5,23,24955.994815905156,25247,1.1526121915475105,25247,0,10,220,0.034961,0.552793,0.634008,1228,35124.85340808329,0.24268774703557314,1,0,"{timeout:600,max_col_multiplier:1,age_limit:4,random_seed:4,replication:5,num_threads:128,set_partition:true}",1
d15900.json.gz,d,15,900,Dantzig,highs,DantzigFarkas,1,214,55400.4671364315,inf,,,,,5010,599.869184,0.418851,600.378283,413391,,,0,1,"{timeout:600,max_col_multiplier:1,age_limit:296,random_seed:0,replication:1,num_threads:128,set_partition:true}",-4
d15900.json.gz,d,15,900,Dantzig,highs,DantzigFarkas,1,214,55400.4671364315,inf,,,,,5010,599.869184,0.418851,600.378285,413391,,,0,1,"{timeout:600,max_col_multiplier:1,age_limit:296,random_seed:0,replication:1,num_threads:128,set_partition:true}",1
d15900.json.gz,d,15,900,Dantzig,highs,DantzigFarkas,2,211,55400.4671364315,inf,,,,,4965,600.165906,0.399458,600.653469,387522,,,0,1,"{timeout:600,max_col_multiplier:1,age_limit:296,random_seed:1,replication:2,num_threads:128,set_partition:true}",-4
d15900.json.gz,d,15,900,Dantzig,highs,DantzigFarkas,2,211,55400.4671364315,inf,,,,,4965,600.165906,0.399458,600.653471,387522,,,0,1,"{timeout:600,max_col_multiplier:1,age_limit:296,random_seed:1,replication:2,num_threads:128,set_partition:true}",1
d15900.json.gz,d,15,900,Dantzig,highs,DantzigFarkas,3,212,55400.4671364315,inf,,,,,4980,599.603351,0.402212,600.094691,388234,,,0,1,"{timeout:600,max_col_multiplier:1,age_limit:296,random_seed:2,replication:3,num_threads:128,set_partition:true}",-4
d15900.json.gz,d,15,900,Dantzig,highs,DantzigFarkas,3,212,55400.4671364315,inf,,,,,4980,599.603351,0.402212,600.094694,388234,,,0,1,"{timeout:600,max_col_multiplier:1,age_limit:296,random_seed:2,replication:3,num_threads:128,set_partition:true}",1
d15900.json.gz,d,15,900,Dantzig,highs,DantzigFarkas,4,206,55400.4671364315,inf,,,,,4890,599.654571,0.375059,600.120256,364295,,,0,1,"{timeout:600,max_col_multiplier:1,age_limit:296,random_seed:3,replication:4,num_threads:128,set_partition:true}",-4
d15900.json.gz,d,15,900,Dantzig,highs,DantzigFarkas,4,206,55400.4671364315,inf,,,,,4890,599.654571,0.375059,600.120258,364295,,,0,1,"{timeout:600,max_col_multiplier:1,age_limit:296,random_seed:3,replication:4,num_threads:128,set_partition:true}",1
d15900.json.gz,d,15,900,Dantzig,highs,DantzigFarkas,5,207,55400.4671364315,inf,,,,,4905,599.71242,0.378191,600.17872,373446,,,0,1,"{timeout:600,max_col_multiplier:1,age_limit:296,random_seed:4,replication:5,num_threads:128,set_partition:true}",-4
d15900.json.gz,d,15,900,Dantzig,highs,DantzigFarkas,5,207,55400.4671364315,inf,,,,,4905,599.71242,0.378191,600.178723,373446,,,0,1,"{timeout:600,max_col_multiplier:1,age_limit:296,random_seed:4,replication:5,num_threads:128,set_partition:true}",1
d15900.json.gz,d,15,900,LagrangeTemplate,highs,LTFarkas,1,63,55400.4671364315,inf,,56088,,23,930,6.491625,0.337472,7.156466,37554,5784.992201490382,40.380645161290325,0,0,"{timeout:600,max_col_multiplier:1,age_limit:6,random_seed:0,replication:1,num_threads:128,set_partition:true}",-1
d15900.json.gz,d,15,900,LagrangeTemplate,highs,LTFarkas,1,63,55400.4671364315,inf,nan,56088,0,23,930,6.491625,0.337472,7.156473,37554,5784.992201490382,0.640962621607783,0,0,"{timeout:600,max_col_multiplier:1,age_limit:6,random_seed:0,replication:1,num_threads:128,set_partition:true}",1
d15900.json.gz,d,15,900,LagrangeTemplate,highs,LTFarkas,2,96,55400.4671364315,inf,,57764.83579951409,,450,1425,21.094639,0.481588,22.450037,93967,4454.544114265241,65.94175438596491,0,0,"{timeout:600,max_col_multiplier:1,age_limit:6,random_seed:1,replication:2,num_threads:128,set_partition:true}",-1
d15900.json.gz,d,15,900,LagrangeTemplate,highs,LTFarkas,2,96,55400.4671364315,inf,nan,57764.83579951409,0,450,1425,21.094639,0.481588,22.450044,93967,4454.544114265241,0.6868932748538011,0,0,"{timeout:600,max_col_multiplier:1,age_limit:6,random_seed:1,replication:2,num_threads:128,set_partition:true}",1
d15900.json.gz,d,15,900,LagrangeTemplate,highs,LTFarkas,3,93,55400.4671364315,inf,,56867.311866681244,,778,1380,37.395844,0.574744,39.155856,97230,2600.021542500819,70.45652173913044,0,0,"{timeout:600,max_col_multiplier:1,age_limit:6,random_seed:2,replication:3,num_threads:128,set_partition:true}",-1
d15900.json.gz,d,15,900,LagrangeTemplate,highs,LTFarkas,3,93,55400.4671364315,inf,nan,56867.311866681244,0,778,1380,37.395844,0.574744,39.155863,97230,2600.021542500819,0.7575970079476391,0,0,"{timeout:600,max_col_multiplier:1,age_limit:6,random_seed:2,replication:3,num_threads:128,set_partition:true}",1
d15900.json.gz,d,15,900,LagrangeTemplate,highs,LTFarkas,4,64,55400.4671364315,56099.999999940504,,56099.999999940504,,15,945,10.881348,0.359414,11.647331,50021,4596.9488339128575,52.93227513227513,1,0,"{timeout:600,max_col_multiplier:1,age_limit:6,random_seed:3,replication:4,num_threads:128,set_partition:true}",-1
d15900.json.gz,d,15,900,LagrangeTemplate,highs,LTFarkas,4,64,55400.4671364315,56099.999999940504,1.245989304708103,56099.999999940504,0,15,945,10.881348,0.359414,11.647338,50021,4596.9488339128575,0.8270667989417989,1,0,"{timeout:600,max_col_multiplier:1,age_limit:6,random_seed:3,replication:4,num_threads:128,set_partition:true}",1
d15900.json.gz,d,15,900,LagrangeTemplate,highs,LTFarkas,5,161,55400.4671364315,inf,,59155.34078726442,,548,2400,105.989823,0.882479,110.169481,203796,1922.7883794088418,84.915,0,0,"{timeout:600,max_col_multiplier:1,age_limit:6,random_seed:4,replication:5,num_threads:128,set_partition:true}",-1
d15900.json.gz,d,15,900,LagrangeTemplate,highs,LTFarkas,5,161,55400.4671364315,inf,nan,59155.34078726442,0,548,2400,105.989823,0.882479,110.169489,203796,1922.7883794088418,0.5274223602484472,0,0,"{timeout:600,max_col_multiplier:1,age_limit:6,random_seed:4,replication:5,num_threads:128,set_partition:true}",1
d15900.json.gz,d,15,900,MipTemplate,highs,MTFarkas,1,42,55400.4671364315,55946,,55946,,15,615,0.168277,1.756683,2.040583,3008,17875.288958086963,4.891056910569105,1,0,"{timeout:600,max_col_multiplier:1,age_limit:6,random_seed:0,replication:1,num_threads:128,set_partition:true}",-1
d15900.json.gz,d,15,900,MipTemplate,highs,MTFarkas,1,42,55400.4671364315,55946,0.9741536481607265,55946,0,15,615,0.168277,1.756683,2.040597,3008,17875.288958086963,0.11645373596593107,1,0,"{timeout:600,max_col_multiplier:1,age_limit:6,random_seed:0,replication:1,num_threads:128,set_partition:true}",1
d15900.json.gz,d,15,900,MipTemplate,highs,MTFarkas,2,37,55400.4671364315,55930,,55930,,15,540,0.135284,1.554462,1.805205,2884,21318.11596345466,5.340740740740741,1,0,"{timeout:600,max_col_multiplier:1,age_limit:6,random_seed:1,replication:2,num_threads:128,set_partition:true}",-1
d15900.json.gz,d,15,900,MipTemplate,highs,MTFarkas,2,37,55400.4671364315,55930,0.9458251385660646,55930,0,15,540,0.135284,1.554462,1.80522,2884,21318.11596345466,0.14434434434434434,1,0,"{timeout:600,max_col_multiplier:1,age_limit:6,random_seed:1,replication:2,num_threads:128,set_partition:true}",1
d15900.json.gz,d,15,900,MipTemplate,highs,MTFarkas,3,44,55400.4671364315,55882,,55882,,15,645,0.183657,1.889472,2.189595,3040,16552.595327158782,4.713178294573644,1,0,"{timeout:600,max_col_multiplier:1,age_limit:6,random_seed:2,replication:3,num_threads:128,set_partition:true}",-1
d15900.json.gz,d,15,900,MipTemplate,highs,MTFarkas,3,44,55400.4671364315,55882,0.8607422783722846,55882,0,15,645,0.183657,1.889472,2.189609,3040,16552.595327158782,0.10711768851303737,1,0,"{timeout:600,max_col_multiplier:1,age_limit:6,random_seed:2,replication:3,num_threads:128,set_partition:true}",1
d15900.json.gz,d,15,900,MipTemplate,highs,MTFarkas,4,30,55400.4671364315,55953,,55953,,15,435,0.100727,1.281954,1.496527,2756,27361.084912684782,6.335632183908046,1,0,"{timeout:600,max_col_multiplier:1,age_limit:6,random_seed:3,replication:4,num_threads:128,set_partition:true}",-1
d15900.json.gz,d,15,900,MipTemplate,highs,MTFarkas,4,30,55400.4671364315,55953,0.986542276553536,55953,0,15,435,0.100727,1.281954,1.496547,2756,27361.084912684782,0.21118773946360153,1,0,"{timeout:600,max_col_multiplier:1,age_limit:6,random_seed:3,replication:4,num_threads:128,set_partition:true}",1
d15900.json.gz,d,15,900,MipTemplate,highs,MTFarkas,5,40,55400.4671364315,55873,,55873,,15,585,0.160657,1.739378,2.015942,3031,18866.280336368785,5.181196581196581,1,0,"{timeout:600,max_col_multiplier:1,age_limit:6,random_seed:4,replication:5,num_threads:128,set_partition:true}",-1
d15900.json.gz,d,15,900,MipTemplate,highs,MTFarkas,5,40,55400.4671364315,55873,0.8447729672650475,55873,0,15,585,0.160657,1.739378,2.015959,3031,18866.280336368785,0.12952991452991452,1,0,"{timeout:600,max_col_multiplier:1,age_limit:6,random_seed:4,replication:5,num_threads:128,set_partition:true}",1
d20100.json.gz,d,20,100,Dantzig,highs,DantzigFarkas,1,31,6142.53021650464,inf,,7166.394536475619,,118,600,0.116652,0.009652,0.141326,4276,36656.036758906834,7.126666666666667,0,0,"{timeout:600,max_col_multiplier:1,age_limit:4,random_seed:0,replication:1,num_threads:128,set_partition:true}",-1
d20100.json.gz,d,20,100,Dantzig,highs,DantzigFarkas,1,31,6142.53021650464,inf,nan,7166.394536475619,0,118,600,0.116652,0.009652,0.141333,4276,36656.036758906834,0.22989247311827957,0,0,"{timeout:600,max_col_multiplier:1,age_limit:4,random_seed:0,replication:1,num_threads:128,set_partition:true}",1
d20100.json.gz,d,20,100,Dantzig,highs,DantzigFarkas,2,30,6142.53021650464,inf,,7262.870041189111,,120,580,0.112836,0.01062,0.133564,4152,36796.766989258744,7.158620689655172,0,0,"{timeout:600,max_col_multiplier:1,age_limit:4,random_seed:1,replication:2,num_threads:128,set_partition:true}",-1
d20100.json.gz,d,20,100,Dantzig,highs,DantzigFarkas,2,30,6142.53021650464,inf,nan,7262.870041189111,0,120,580,0.112836,0.01062,0.133572,4152,36796.766989258744,0.2386206896551724,0,0,"{timeout:600,max_col_multiplier:1,age_limit:4,random_seed:1,replication:2,num_threads:128,set_partition:true}",1
d20100.json.gz,d,20,100,Dantzig,highs,DantzigFarkas,3,30,6142.53021650464,inf,,7137.579360722631,,113,580,0.123252,0.009723,0.150803,4384,35569.40252490832,7.558620689655172,0,0,"{timeout:600,max_col_multiplier:1,age_limit:4,random_seed:2,replication:3,num_threads:128,set_partition:true}",-1
d20100.json.gz,d,20,100,Dantzig,highs,DantzigFarkas,3,30,6142.53021650464,inf,nan,7137.579360722631,0,113,580,0.123252,0.009723,0.150809,4384,35569.40252490832,0.2519540229885057,0,0,"{timeout:600,max_col_multiplier:1,age_limit:4,random_seed:2,replication:3,num_threads:128,set_partition:true}",1
d20100.json.gz,d,20,100,Dantzig,highs,DantzigFarkas,4,31,6142.53021650464,inf,,7233.4242770584815,,119,600,0.113096,0.011029,0.139215,4284,37879.32376034519,7.14,0,0,"{timeout:600,max_col_multiplier:1,age_limit:4,random_seed:3,replication:4,num_threads:128,set_partition:true}",-1
d20100.json.gz,d,20,100,Dantzig,highs,DantzigFarkas,4,31,6142.53021650464,inf,nan,7233.4242770584815,0,119,600,0.113096,0.011029,0.139223,4284,37879.32376034519,0.23032258064516128,0,0,"{timeout:600,max_col_multiplier:1,age_limit:4,random_seed:3,replication:4,num_threads:128,set_partition:true}",1
d20100.json.gz,d,20,100,Dantzig,highs,DantzigFarkas,5,31,6142.53021650464,inf,,7235.808844337358,,118,600,0.127378,0.011731,0.150819,4425,34739.12292546594,7.375,0,0,"{timeout:600,max_col_multiplier:1,age_limit:4,random_seed:4,replication:5,num_threads:128,set_partition:true}",-1
d20100.json.gz,d,20,100,Dantzig,highs,DantzigFarkas,5,31,6142.53021650464,inf,nan,7235.808844337358,0,118,600,0.127378,0.011731,0.150827,4425,34739.12292546594,0.23790322580645162,0,0,"{timeout:600,max_col_multiplier:1,age_limit:4,random_seed:4,replication:5,num_threads:128,set_partition:true}",1
d20100.json.gz,d,20,100,LagrangeTemplate,highs,LTFarkas,1,7,6142.53021650464,6936,,6936,,20,120,0.002295,0.002877,0.014485,482,210021.78649237473,4.016666666666667,1,0,"{timeout:600,max_col_multiplier:1,age_limit:2,random_seed:0,replication:1,num_threads:128,set_partition:true}",-1
d20100.json.gz,d,20,100,LagrangeTemplate,highs,LTFarkas,1,7,6142.53021650464,6936,11.433102652825836,6936,0,20,120,0.002295,0.002877,0.014492,482,210021.78649237473,0.5738095238095238,1,0,"{timeout:600,max_col_multiplier:1,age_limit:2,random_seed:0,replication:1,num_threads:128,set_partition:true}",1
d20100.json.gz,d,20,100,LagrangeTemplate,highs,LTFarkas,2,5,6142.53021650464,6932,,6932,,20,80,0.001794,0.001802,0.012794,513,285953.1772575251,6.4125,1,0,"{timeout:600,max_col_multiplier:1,age_limit:2,random_seed:1,replication:2,num_threads:128,set_partition:true}",-1
d20100.json.gz,d,20,100,LagrangeTemplate,highs,LTFarkas,2,5,6142.53021650464,6932,11.38199653779573,6932,0,20,80,0.001794,0.001802,0.012804,513,285953.1772575251,1.2825,1,0,"{timeout:600,max_col_multiplier:1,age_limit:2,random_seed:1,replication:2,num_threads:128,set_partition:true}",1
d20100.json.gz,d,20,100,LagrangeTemplate,highs,LTFarkas,3,5,6142.53021650464,7034,,7034,,20,80,0.001669,0.001885,0.012529,467,279808.2684242061,5.8375,1,0,"{timeout:600,max_col_multiplier:1,age_limit:2,random_seed:2,replication:3,num_threads:128,set_partition:true}",-1
d20100.json.gz,d,20,100,LagrangeTemplate,highs,LTFarkas,3,5,6142.53021650464,7034,12.667045777651406,7034,0,20,80,0.001669,0.001885,0.012538,467,279808.2684242061,1.1675,1,0,"{timeout:600,max_col_multiplier:1,age_limit:2,random_seed:2,replication:3,num_threads:128,set_partition:true}",1
d20100.json.gz,d,20,100,LagrangeTemplate,highs,LTFarkas,4,5,6142.53021650464,inf,,6909.5,,27,80,0.001256,0.002025,0.012265,461,367038.2165605096,5.7625,0,0,"{timeout:600,max_col_multiplier:1,age_limit:2,random_seed:3,replication:4,num_threads:128,set_partition:true}",-1
d20100.json.gz,d,20,100,LagrangeTemplate,highs,LTFarkas,4,5,6142.53021650464,inf,nan,6909.5,0,27,80,0.001256,0.002025,0.012278,461,367038.2165605096,1.1525,0,0,"{timeout:600,max_col_multiplier:1,age_limit:2,random_seed:3,replication:4,num_threads:128,set_partition:true}",1
d20100.json.gz,d,20,100,LagrangeTemplate,highs,LTFarkas,5,5,6142.53021650464,6959,,6959,,20,80,0.001648,0.002098,0.012851,464,281553.3980582524,5.8,1,0,"{timeout:600,max_col_multiplier:1,age_limit:2,random_seed:4,replication:5,num_threads:128,set_partition:true}",-1
d20100.json.gz,d,20,100,LagrangeTemplate,highs,LTFarkas,5,5,6142.53021650464,6959,11.725822675671791,6959,0,20,80,0.001648,0.002098,0.012857,464,281553.3980582524,1.16,1,0,"{timeout:600,max_col_multiplier:1,age_limit:2,random_seed:4,replication:5,num_threads:128,set_partition:true}",1
d20100.json.gz,d,20,100,MipTemplate,highs,MTFarkas,1,6,6142.53021650464,6792,,6792,,20,100,0.00206,0.093689,0.117756,447,216990.2912621359,4.47,1,0,"{timeout:600,max_col_multiplier:1,age_limit:2,random_seed:0,replication:1,num_threads:128,set_partition:true}",-1
d20100.json.gz,d,20,100,MipTemplate,highs,MTFarkas,1,6,6142.53021650464,6792,9.555359246171967,6792,0,20,100,0.00206,0.093689,0.117772,447,216990.2912621359,0.745,1,0,"{timeout:600,max_col_multiplier:1,age_limit:2,random_seed:0,replication:1,num_threads:128,set_partition:true}",1
d20100.json.gz,d,20,100,MipTemplate,highs,MTFarkas,2,6,6142.53021650464,6834,,6834,,20,100,0.002169,0.102731,0.128678,457,210696.173351775,4.57,1,0,"{timeout:600,max_col_multiplier:1,age_limit:2,random_seed:1,replication:2,num_threads:128,set_partition:true}",-1
d20100.json.gz,d,20,100,MipTemplate,highs,MTFarkas,2,6,6142.53021650464,6834,10.111208662569506,6834,0,20,100,0.002169,0.102731,0.128692,457,210696.173351775,0.7616666666666667,1,0,"{timeout:600,max_col_multiplier:1,age_limit:2,random_seed:1,replication:2,num_threads:128,set_partition:true}",1
d20100.json.gz,d,20,100,MipTemplate,highs,MTFarkas,3,5,6142.53021650464,6819,,6819,,20,80,0.001952,0.067475,0.092613,442,226434.42622950822,5.525,1,0,"{timeout:600,max_col_multiplier:1,age_limit:2,random_seed:2,replication:3,num_threads:128,set_partition:true}",-1
d20100.json.gz,d,20,100,MipTemplate,highs,MTFarkas,3,5,6142.53021650464,6819,9.913477049420736,6819,0,20,80,0.001952,0.067475,0.092626,442,226434.42622950822,1.105,1,0,"{timeout:600,max_col_multiplier:1,age_limit:2,random_seed:2,replication:3,num_threads:128,set_partition:true}",1
d20100.json.gz,d,20,100,MipTemplate,highs,MTFarkas,4,6,6142.53021650464,6892,,6892,,20,100,0.002336,0.088251,0.1148,448,191780.8219178082,4.48,1,0,"{timeout:600,max_col_multiplier:1,age_limit:2,random_seed:3,replication:4,num_threads:128,set_partition:true}",-1
d20100.json.gz,d,20,100,MipTemplate,highs,MTFarkas,4,6,6142.53021650464,6892,10.867672663958212,6892,0,20,100,0.002336,0.088251,0.114814,448,191780.8219178082,0.7466666666666667,1,0,"{timeout:600,max_col_multiplier:1,age_limit:2,random_seed:3,replication:4,num_threads:128,set_partition:true}",1
d20100.json.gz,d,20,100,MipTemplate,highs,MTFarkas,5,6,6142.53021650464,6859,,6859,,20,100,0.002128,0.110221,0.135454,456,214285.71428571426,4.56,1,0,"{timeout:600,max_col_multiplier:1,age_limit:2,random_seed:4,replication:5,num_threads:128,set_partition:true}",-1
d20100.json.gz,d,20,100,MipTemplate,highs,MTFarkas,5,6,6142.53021650464,6859,10.438839480973904,6859,0,20,100,0.002128,0.110221,0.135471,456,214285.71428571426,0.7599999999999999,1,0,"{timeout:600,max_col_multiplier:1,age_limit:2,random_seed:4,replication:5,num_threads:128,set_partition:true}",1
d201600.json.gz,d,20,1600,Dantzig,highs,DantzigFarkas,1,71,97821.35000920162,inf,,,,,4620,599.648866,0.496139,600.399949,411461,,,0,1,"{timeout:600,max_col_multiplier:1,age_limit:525,random_seed:0,replication:1,num_threads:128,set_partition:true}",-4
d201600.json.gz,d,20,1600,Dantzig,highs,DantzigFarkas,1,71,97821.35000920162,inf,,,,,4620,599.648866,0.496139,600.399951,411461,,,0,1,"{timeout:600,max_col_multiplier:1,age_limit:525,random_seed:0,replication:1,num_threads:128,set_partition:true}",1
d201600.json.gz,d,20,1600,Dantzig,highs,DantzigFarkas,2,73,97821.35000920162,inf,,,,,4660,599.262256,0.487273,600.004075,422062,,,0,1,"{timeout:600,max_col_multiplier:1,age_limit:525,random_seed:1,replication:2,num_threads:128,set_partition:true}",-4
d201600.json.gz,d,20,1600,Dantzig,highs,DantzigFarkas,2,73,97821.35000920162,inf,,,,,4660,599.262256,0.487273,600.004077,422062,,,0,1,"{timeout:600,max_col_multiplier:1,age_limit:525,random_seed:1,replication:2,num_threads:128,set_partition:true}",1
d201600.json.gz,d,20,1600,Dantzig,highs,DantzigFarkas,3,72,97821.35000920162,inf,,,,,4640,599.258217,0.491208,600.004452,419557,,,0,1,"{timeout:600,max_col_multiplier:1,age_limit:525,random_seed:2,replication:3,num_threads:128,set_partition:true}",-4
d201600.json.gz,d,20,1600,Dantzig,highs,DantzigFarkas,3,72,97821.35000920162,inf,,,,,4640,599.258217,0.491208,600.004454,419557,,,0,1,"{timeout:600,max_col_multiplier:1,age_limit:525,random_seed:2,replication:3,num_threads:128,set_partition:true}",1
d201600.json.gz,d,20,1600,Dantzig,highs,DantzigFarkas,4,74,97821.35000920162,inf,,,,,4680,599.26692,0.481276,600.00421,425992,,,0,1,"{timeout:600,max_col_multiplier:1,age_limit:525,random_seed:3,replication:4,num_threads:128,set_partition:true}",-4
d201600.json.gz,d,20,1600,Dantzig,highs,DantzigFarkas,4,74,97821.35000920162,inf,,,,,4680,599.26692,0.481276,600.004212,425992,,,0,1,"{timeout:600,max_col_multiplier:1,age_limit:525,random_seed:3,replication:4,num_threads:128,set_partition:true}",1
d201600.json.gz,d,20,1600,Dantzig,highs,DantzigFarkas,5,70,97821.35000920162,inf,,,,,4600,599.34311,0.479337,600.078406,406544,,,0,1,"{timeout:600,max_col_multiplier:1,age_limit:525,random_seed:4,replication:5,num_threads:128,set_partition:true}",-4
d201600.json.gz,d,20,1600,Dantzig,highs,DantzigFarkas,5,70,97821.35000920162,inf,,,,,4600,599.34311,0.479337,600.078409,406544,,,0,1,"{timeout:600,max_col_multiplier:1,age_limit:525,random_seed:4,replication:5,num_threads:128,set_partition:true}",1
d201600.json.gz,d,20,1600,LagrangeTemplate,highs,LTFarkas,1,125,97821.35000920162,inf,,102168.5409716365,,1266,2480,430.288174,2.063171,437.236618,288425,670.306593180969,116.30040322580645,0,0,"{timeout:600,max_col_multiplier:1,age_limit:8,random_seed:0,replication:1,num_threads:128,set_partition:true}",-1
d201600.json.gz,d,20,1600,LagrangeTemplate,highs,LTFarkas,1,125,97821.35000920162,inf,nan,102168.5409716365,0,1266,2480,430.288174,2.063171,437.236625,288425,670.306593180969,0.9304032258064516,0,0,"{timeout:600,max_col_multiplier:1,age_limit:8,random_seed:0,replication:1,num_threads:128,set_partition:true}",1
d201600.json.gz,d,20,1600,LagrangeTemplate,highs,LTFarkas,2,151,97821.35000920162,inf,,,,,6220,598.091684,2.058704,600.40815,292949,,,0,1,"{timeout:600,max_col_multiplier:1,age_limit:8,random_seed:1,replication:2,num_threads:128,set_partition:true}",-4
d201600.json.gz,d,20,1600,LagrangeTemplate,highs,LTFarkas,2,151,97821.35000920162,inf,,,,,6220,598.091684,2.058704,600.408152,292949,,,0,1,"{timeout:600,max_col_multiplier:1,age_limit:8,random_seed:1,replication:2,num_threads:128,set_partition:true}",1
d201600.json.gz,d,20,1600,LagrangeTemplate,highs,LTFarkas,3,160,97821.35000920162,inf,,,,,6400,597.136249,2.877657,600.270976,354078,,,0,1,"{timeout:600,max_col_multiplier:1,age_limit:8,random_seed:2,replication:3,num_threads:128,set_partition:true}",-4
d201600.json.gz,d,20,1600,LagrangeTemplate,highs,LTFarkas,3,160,97821.35000920162,inf,,,,,6400,597.136249,2.877657,600.270978,354078,,,0,1,"{timeout:600,max_col_multiplier:1,age_limit:8,random_seed:2,replication:3,num_threads:128,set_partition:true}",1
d201600.json.gz,d,20,1600,LagrangeTemplate,highs,LTFarkas,4,173,97821.35000920162,inf,,,,,6660,597.563442,2.183354,600.005408,367364,,,0,1,"{timeout:600,max_col_multiplier:1,age_limit:8,random_seed:3,replication:4,num_threads:128,set_partition:true}",-4
d201600.json.gz,d,20,1600,LagrangeTemplate,highs,LTFarkas,4,173,97821.35000920162,inf,,,,,6660,597.563442,2.183354,600.00541,367364,,,0,1,"{timeout:600,max_col_multiplier:1,age_limit:8,random_seed:3,replication:4,num_threads:128,set_partition:true}",1
d201600.json.gz,d,20,1600,LagrangeTemplate,highs,LTFarkas,5,185,97821.35000920162,inf,,,,,6900,597.463247,2.283524,600.005105,366279,,,0,1,"{timeout:600,max_col_multiplier:1,age_limit:8,random_seed:4,replication:5,num_threads:128,set_partition:true}",-4
d201600.json.gz,d,20,1600,LagrangeTemplate,highs,LTFarkas,5,185,97821.35000920162,inf,,,,,6900,597.463247,2.283524,600.005108,366279,,,0,1,"{timeout:600,max_col_multiplier:1,age_limit:8,random_seed:4,replication:5,num_threads:128,set_partition:true}",1
d201600.json.gz,d,20,1600,MipTemplate,highs,MTFarkas,1,52,97821.35000920162,98496,,98496,,20,1020,0.417417,3.097597,3.800575,5768,13818.315976589358,5.654901960784314,1,0,"{timeout:600,max_col_multiplier:1,age_limit:8,random_seed:0,replication:1,num_threads:128,set_partition:true}",-1
d201600.json.gz,d,20,1600,MipTemplate,highs,MTFarkas,1,52,97821.35000920162,98496,0.6842917478882391,98496,0,20,1020,0.417417,3.097597,3.800589,5768,13818.315976589358,0.10874811463046757,1,0,"{timeout:600,max_col_multiplier:1,age_limit:8,random_seed:0,replication:1,num_threads:128,set_partition:true}",1
d201600.json.gz,d,20,1600,MipTemplate,highs,MTFarkas,2,56,97821.35000920162,98556,,98556,,20,1100,0.478008,3.58271,4.349486,5827,12190.172549413399,5.297272727272727,1,0,"{timeout:600,max_col_multiplier:1,age_limit:8,random_seed:1,replication:2,num_threads:128,set_partition:true}",-1
d201600.json.gz,d,20,1600,MipTemplate,highs,MTFarkas,2,56,97821.35000920162,98556,0.7447542513900727,98556,0,20,1100,0.478008,3.58271,4.349502,5827,12190.172549413399,0.09459415584415584,1,0,"{timeout:600,max_col_multiplier:1,age_limit:8,random_seed:1,replication:2,num_threads:128,set_partition:true}",1
d201600.json.gz,d,20,1600,MipTemplate,highs,MTFarkas,3,52,97821.35000920162,98412,,98412,,20,1020,0.405621,3.324402,4.01565,5734,14136.348956291711,5.62156862745098,1,0,"{timeout:600,max_col_multiplier:1,age_limit:8,random_seed:2,replication:3,num_threads:128,set_partition:true}",-1
d201600.json.gz,d,20,1600,MipTemplate,highs,MTFarkas,3,52,97821.35000920162,98412,0.5995203836930456,98412,0,20,1020,0.405621,3.324402,4.015665,5734,14136.348956291711,0.10810708898944192,1,0,"{timeout:600,max_col_multiplier:1,age_limit:8,random_seed:2,replication:3,num_threads:128,set_partition:true}",1
d201600.json.gz,d,20,1600,MipTemplate,highs,MTFarkas,4,60,97821.35000920162,98431,,98431,,20,1180,0.539936,3.581856,4.412968,5934,10990.19143009542,5.0288135593220336,1,0,"{timeout:600,max_col_multiplier:1,age_limit:8,random_seed:3,replication:4,num_threads:128,set_partition:true}",-1
d201600.json.gz,d,20,1600,MipTemplate,highs,MTFarkas,4,60,97821.35000920162,98431,0.6187075210045616,98431,0,20,1180,0.539936,3.581856,4.412981,5934,10990.19143009542,0.0838135593220339,1,0,"{timeout:600,max_col_multiplier:1,age_limit:8,random_seed:3,replication:4,num_threads:128,set_partition:true}",1
d201600.json.gz,d,20,1600,MipTemplate,highs,MTFarkas,5,52,97821.35000920162,98513,,98513,,20,1020,0.414453,3.33228,4.031739,5731,13827.864679469083,5.618627450980392,1,0,"{timeout:600,max_col_multiplier:1,age_limit:8,random_seed:4,replication:5,num_threads:128,set_partition:true}",-1
d201600.json.gz,d,20,1600,MipTemplate,highs,MTFarkas,5,52,97821.35000920162,98513,0.7014302680864454,98513,0,20,1020,0.414453,3.33228,4.031755,5731,13827.864679469083,0.10805052790346907,1,0,"{timeout:600,max_col_multiplier:1,age_limit:8,random_seed:4,replication:5,num_threads:128,set_partition:true}",1
d20200.json.gz,d,20,200,Dantzig,highs,DantzigFarkas,1,54,12217.693424301255,inf,,14227.803209650254,,219,1060,1.036093,0.018208,1.079737,17852,17230.113512976153,16.841509433962266,0,0,"{timeout:600,max_col_multiplier:1,age_limit:10,random_seed:0,replication:1,num_threads:128,set_partition:true}",-1
d20200.json.gz,d,20,200,Dantzig,highs,DantzigFarkas,1,54,12217.693424301255,inf,nan,14227.803209650254,0,219,1060,1.036093,0.018208,1.079745,17852,17230.113512976153,0.31187980433263457,0,0,"{timeout:600,max_col_multiplier:1,age_limit:10,random_seed:0,replication:1,num_threads:128,set_partition:true}",1
d20200.json.gz,d,20,200,Dantzig,highs,DantzigFarkas,2,60,12217.693424301255,inf,,14111.645458070676,,219,1180,1.225566,0.020006,1.30359,18874,15400.23140328632,15.994915254237288,0,0,"{timeout:600,max_col_multiplier:1,age_limit:10,random_seed:1,replication:2,num_threads:128,set_partition:true}",-1
d20200.json.gz,d,20,200,Dantzig,highs,DantzigFarkas,2,60,12217.693424301255,inf,nan,14111.645458070676,0,219,1180,1.225566,0.020006,1.303597,18874,15400.23140328632,0.26658192090395477,0,0,"{timeout:600,max_col_multiplier:1,age_limit:10,random_seed:1,replication:2,num_threads:128,set_partition:true}",1
d20200.json.gz,d,20,200,Dantzig,highs,DantzigFarkas,3,56,12217.693424301255,inf,,14192.308950645289,,220,1100,1.137472,0.020075,1.199757,17684,15546.75631575986,16.076363636363638,0,0,"{timeout:600,max_col_multiplier:1,age_limit:10,random_seed:2,replication:3,num_threads:128,set_partition:true}",-1
d20200.json.gz,d,20,200,Dantzig,highs,DantzigFarkas,3,56,12217.693424301255,inf,nan,14192.308950645289,0,220,1100,1.137472,0.020075,1.199767,17684,15546.75631575986,0.2870779220779221,0,0,"{timeout:600,max_col_multiplier:1,age_limit:10,random_seed:2,replication:3,num_threads:128,set_partition:true}",1
d20200.json.gz,d,20,200,Dantzig,highs,DantzigFarkas,4,59,12217.693424301255,inf,,14230.873282795787,,220,1160,1.209337,0.020076,1.283218,18906,15633.359435790022,16.298275862068966,0,0,"{timeout:600,max_col_multiplier:1,age_limit:10,random_seed:3,replication:4,num_threads:128,set_partition:true}",-1
d20200.json.gz,d,20,200,Dantzig,highs,DantzigFarkas,4,59,12217.693424301255,inf,nan,14230.873282795787,0,220,1160,1.209337,0.020076,1.283229,18906,15633.359435790022,0.27624196376388077,0,0,"{timeout:600,max_col_multiplier:1,age_limit:10,random_seed:3,replication:4,num_threads:128,set_partition:true}",1
d20200.json.gz,d,20,200,Dantzig,highs,DantzigFarkas,5,56,12217.693424301255,inf,,14225.539560659241,,219,1100,1.148336,0.019885,1.195735,17799,15499.818868345154,16.18090909090909,0,0,"{timeout:600,max_col_multiplier:1,age_limit:10,random_seed:4,replication:5,num_threads:128,set_partition:true}",-1
d20200.json.gz,d,20,200,Dantzig,highs,DantzigFarkas,5,56,12217.693424301255,inf,nan,14225.539560659241,0,219,1100,1.148336,0.019885,1.195742,17799,15499.818868345154,0.2889448051948052,0,0,"{timeout:600,max_col_multiplier:1,age_limit:10,random_seed:4,replication:5,num_threads:128,set_partition:true}",1
d20200.json.gz,d,20,200,LagrangeTemplate,highs,LTFarkas,1,11,12217.693424301255,13091,,13091,,20,200,0.008216,0.006471,0.034497,1052,128042.84323271667,5.26,1,0,"{timeout:600,max_col_multiplier:1,age_limit:2,random_seed:0,replication:1,num_threads:128,set_partition:true}",-1
d20200.json.gz,d,20,200,LagrangeTemplate,highs,LTFarkas,1,11,12217.693424301255,13091,6.668703689557712,13091,0,20,200,0.008216,0.006471,0.034505,1052,128042.84323271667,0.47818181818181815,1,0,"{timeout:600,max_col_multiplier:1,age_limit:2,random_seed:0,replication:1,num_threads:128,set_partition:true}",1
d20200.json.gz,d,20,200,LagrangeTemplate,highs,LTFarkas,2,11,12217.693424301255,inf,,13205,,41,200,0.006383,0.006012,0.03214,945,148049.506501645,4.725,0,0,"{timeout:600,max_col_multiplier:1,age_limit:2,random_seed:1,replication:2,num_threads:128,set_partition:true}",-1
d20200.json.gz,d,20,200,LagrangeTemplate,highs,LTFarkas,2,11,12217.693424301255,inf,nan,13205,0,41,200,0.006383,0.006012,0.032146,945,148049.506501645,0.4295454545454545,0,0,"{timeout:600,max_col_multiplier:1,age_limit:2,random_seed:1,replication:2,num_threads:128,set_partition:true}",1
d20200.json.gz,d,20,200,LagrangeTemplate,highs,LTFarkas,3,12,12217.693424301255,13219,,13219,,20,220,0.009205,0.007207,0.036204,1069,116132.53666485606,4.859090909090909,1,0,"{timeout:600,max_col_multiplier:1,age_limit:2,random_seed:2,replication:3,num_threads:128,set_partition:true}",-1
d20200.json.gz,d,20,200,LagrangeTemplate,highs,LTFarkas,3,12,12217.693424301255,13219,7.572433618276723,13219,0,20,220,0.009205,0.007207,0.036212,1069,116132.53666485606,0.40492424242424246,1,0,"{timeout:600,max_col_multiplier:1,age_limit:2,random_seed:2,replication:3,num_threads:128,set_partition:true}",1
d20200.json.gz,d,20,200,LagrangeTemplate,highs,LTFarkas,4,9,12217.693424301255,13094,,13094,,20,160,0.008241,0.00562,0.033183,1045,126804.99939327751,6.53125,1,0,"{timeout:600,max_col_multiplier:1,age_limit:2,random_seed:3,replication:4,num_threads:128,set_partition:true}",-1
d20200.json.gz,d,20,200,LagrangeTemplate,highs,LTFarkas,4,9,12217.693424301255,13094,6.690087062776845,13094,0,20,160,0.008241,0.00562,0.03319,1045,126804.99939327751,0.7256944444444444,1,0,"{timeout:600,max_col_multiplier:1,age_limit:2,random_seed:3,replication:4,num_threads:128,set_partition:true}",1
d20200.json.gz,d,20,200,LagrangeTemplate,highs,LTFarkas,5,13,12217.693424301255,inf,,13348,,25,240,0.015851,0.007745,0.04401,1313,82833.8906062709,5.470833333333333,0,0,"{timeout:600,max_col_multiplier:1,age_limit:2,random_seed:4,replication:5,num_threads:128,set_partition:true}",-1
d20200.json.gz,d,20,200,LagrangeTemplate,highs,LTFarkas,5,13,12217.693424301255,inf,nan,13348,0,25,240,0.015851,0.007745,0.044017,1313,82833.8906062709,0.42083333333333334,0,0,"{timeout:600,max_col_multiplier:1,age_limit:2,random_seed:4,replication:5,num_threads:128,set_partition:true}",1
d20200.json.gz,d,20,200,MipTemplate,highs,MTFarkas,1,7,12217.693424301255,12902,,12902,,20,120,0.00391,0.135918,0.176207,740,189258.31202046035,6.166666666666667,1,0,"{timeout:600,max_col_multiplier:1,age_limit:2,random_seed:0,replication:1,num_threads:128,set_partition:true}",-1
d20200.json.gz,d,20,200,MipTemplate,highs,MTFarkas,1,7,12217.693424301255,12902,5.301503642846071,12902,0,20,120,0.00391,0.135918,0.176222,740,189258.31202046035,0.880952380952381,1,0,"{timeout:600,max_col_multiplier:1,age_limit:2,random_seed:0,replication:1,num_threads:128,set_partition:true}",1
d20200.json.gz,d,20,200,MipTemplate,highs,MTFarkas,2,8,12217.693424301255,12972,,12972,,20,140,0.005217,0.181889,0.217172,769,147402.72187080697,5.492857142857143,1,0,"{timeout:600,max_col_multiplier:1,age_limit:2,random_seed:1,replication:2,num_threads:128,set_partition:true}",-1
d20200.json.gz,d,20,200,MipTemplate,highs,MTFarkas,2,8,12217.693424301255,12972,5.812519272278754,12972,0,20,140,0.005217,0.181889,0.217188,769,147402.72187080697,0.6866071428571429,1,0,"{timeout:600,max_col_multiplier:1,age_limit:2,random_seed:1,replication:2,num_threads:128,set_partition:true}",1
d20200.json.gz,d,20,200,MipTemplate,highs,MTFarkas,3,7,12217.693424301255,12954,,12954,,20,120,0.003964,0.16668,0.204884,739,186427.85065590314,6.158333333333333,1,0,"{timeout:600,max_col_multiplier:1,age_limit:2,random_seed:2,replication:3,num_threads:128,set_partition:true}",-1
d20200.json.gz,d,20,200,MipTemplate,highs,MTFarkas,3,7,12217.693424301255,12954,5.681642735834491,12954,0,20,120,0.003964,0.16668,0.204898,739,186427.85065590314,0.8797619047619047,1,0,"{timeout:600,max_col_multiplier:1,age_limit:2,random_seed:2,replication:3,num_threads:128,set_partition:true}",1
d20200.json.gz,d,20,200,MipTemplate,highs,MTFarkas,4,7,12217.693424301255,12994,,12994,,20,120,0.003439,0.113272,0.144655,762,221576.03954637976,6.35,1,0,"{timeout:600,max_col_multiplier:1,age_limit:2,random_seed:3,replication:4,num_threads:128,set_partition:true}",-1
d20200.json.gz,d,20,200,MipTemplate,highs,MTFarkas,4,7,12217.693424301255,12994,5.9719870709558265,12994,0,20,120,0.003439,0.113272,0.14467,762,221576.03954637976,0.9071428571428571,1,0,"{timeout:600,max_col_multiplier:1,age_limit:2,random_seed:3,replication:4,num_threads:128,set_partition:true}",1
d20200.json.gz,d,20,200,MipTemplate,highs,MTFarkas,5,7,12217.693424301255,12955,,12955,,20,120,0.00373,0.14336,0.183469,758,203217.15817694372,6.316666666666666,1,0,"{timeout:600,max_col_multiplier:1,age_limit:2,random_seed:4,replication:5,num_threads:128,set_partition:true}",-1
d20200.json.gz,d,20,200,MipTemplate,highs,MTFarkas,5,7,12217.693424301255,12955,5.6889231956773445,12955,0,20,120,0.00373,0.14336,0.183483,758,203217.15817694372,0.9023809523809524,1,0,"{timeout:600,max_col_multiplier:1,age_limit:2,random_seed:4,replication:5,num_threads:128,set_partition:true}",1
d20400.json.gz,d,20,400,Dantzig,highs,DantzigFarkas,1,121,24552.43633499413,inf,,28378.756781696167,,420,2400,19.754115,0.075708,20.130413,95221,4820.312122309706,39.67541666666666,0,0,"{timeout:600,max_col_multiplier:1,age_limit:34,random_seed:0,replication:1,num_threads:128,set_partition:true}",-1
d20400.json.gz,d,20,400,Dantzig,highs,DantzigFarkas,1,121,24552.43633499413,inf,nan,28378.756781696167,0,420,2400,19.754115,0.075708,20.130421,95221,4820.312122309706,0.3278960055096418,0,0,"{timeout:600,max_col_multiplier:1,age_limit:34,random_seed:0,replication:1,num_threads:128,set_partition:true}",1
d20400.json.gz,d,20,400,Dantzig,highs,DantzigFarkas,2,119,24552.43633499413,inf,,28333.241806857503,,419,2360,20.007975,0.074182,20.328325,96911,4843.618607080427,41.063983050847455,0,0,"{timeout:600,max_col_multiplier:1,age_limit:34,random_seed:1,replication:2,num_threads:128,set_partition:true}",-1
d20400.json.gz,d,20,400,Dantzig,highs,DantzigFarkas,2,119,24552.43633499413,inf,nan,28333.241806857503,0,419,2360,20.007975,0.074182,20.328331,96911,4843.618607080427,0.3450754878222475,0,0,"{timeout:600,max_col_multiplier:1,age_limit:34,random_seed:1,replication:2,num_threads:128,set_partition:true}",1
d20400.json.gz,d,20,400,Dantzig,highs,DantzigFarkas,3,123,24552.43633499413,inf,,28329.021949377944,,420,2440,19.739371,0.074751,20.204301,96214,4874.218129848211,39.43196721311475,0,0,"{timeout:600,max_col_multiplier:1,age_limit:34,random_seed:2,replication:3,num_threads:128,set_partition:true}",-1
d20400.json.gz,d,20,400,Dantzig,highs,DantzigFarkas,3,123,24552.43633499413,inf,nan,28329.021949377944,0,420,2440,19.739371,0.074751,20.204314,96214,4874.218129848211,0.3205850992936159,0,0,"{timeout:600,max_col_multiplier:1,age_limit:34,random_seed:2,replication:3,num_threads:128,set_partition:true}",1
d20400.json.gz,d,20,400,Dantzig,highs,DantzigFarkas,4,117,24552.43633499413,inf,,28331.8655473547,,420,2320,17.004101,0.069695,17.499004,90656,5331.419755740101,39.07586206896552,0,0,"{timeout:600,max_col_multiplier:1,age_limit:34,random_seed:3,replication:4,num_threads:128,set_partition:true}",-1
d20400.json.gz,d,20,400,Dantzig,highs,DantzigFarkas,4,117,24552.43633499413,inf,nan,28331.8655473547,0,420,2320,17.004101,0.069695,17.499014,90656,5331.419755740101,0.3339817270851754,0,0,"{timeout:600,max_col_multiplier:1,age_limit:34,random_seed:3,replication:4,num_threads:128,set_partition:true}",1
d20400.json.gz,d,20,400,Dantzig,highs,DantzigFarkas,5,121,24552.43633499413,inf,,28415.807539958,,420,2400,18.999082,0.074792,19.291453,92788,4883.814912741574,38.66166666666667,0,0,"{timeout:600,max_col_multiplier:1,age_limit:34,random_seed:4,replication:5,num_threads:128,set_partition:true}",-1
d20400.json.gz,d,20,400,Dantzig,highs,DantzigFarkas,5,121,24552.43633499413,inf,nan,28415.807539958,0,420,2400,18.999082,0.074792,19.291459,92788,4883.814912741574,0.3195179063360882,0,0,"{timeout:600,max_col_multiplier:1,age_limit:34,random_seed:4,replication:5,num_threads:128,set_partition:true}",1
d20400.json.gz,d,20,400,LagrangeTemplate,highs,LTFarkas,1,30,24552.43633499413,inf,,25351,,28,580,0.337545,0.039443,0.444258,7555,22382.200891732955,13.025862068965518,0,0,"{timeout:600,max_col_multiplier:1,age_limit:2,random_seed:0,replication:1,num_threads:128,set_partition:true}",-1
d20400.json.gz,d,20,400,LagrangeTemplate,highs,LTFarkas,1,30,24552.43633499413,inf,nan,25351,0,28,580,0.337545,0.039443,0.444266,7555,22382.200891732955,0.4341954022988506,0,0,"{timeout:600,max_col_multiplier:1,age_limit:2,random_seed:0,replication:1,num_threads:128,set_partition:true}",1
d20400.json.gz,d,20,400,LagrangeTemplate,highs,LTFarkas,2,26,24552.43633499413,inf,,26094.3872903303,,149,500,0.161748,0.026842,0.244842,5780,35734.5995004575,11.56,0,0,"{timeout:600,max_col_multiplier:1,age_limit:2,random_seed:1,replication:2,num_threads:128,set_partition:true}",-1
d20400.json.gz,d,20,400,LagrangeTemplate,highs,LTFarkas,2,26,24552.43633499413,inf,nan,26094.3872903303,0,149,500,0.161748,0.026842,0.244849,5780,35734.5995004575,0.44461538461538463,0,0,"{timeout:600,max_col_multiplier:1,age_limit:2,random_seed:1,replication:2,num_threads:128,set_partition:true}",1
d20400.json.gz,d,20,400,LagrangeTemplate,highs,LTFarkas,3,27,24552.43633499413,inf,,26116.176918829966,,164,520,0.217109,0.035886,0.320457,6484,29865.182926548416,12.46923076923077,0,0,"{timeout:600,max_col_multiplier:1,age_limit:2,random_seed:2,replication:3,num_threads:128,set_partition:true}",-1
d20400.json.gz,d,20,400,LagrangeTemplate,highs,LTFarkas,3,27,24552.43633499413,inf,nan,26116.176918829966,0,164,520,0.217109,0.035886,0.320464,6484,29865.182926548416,0.4618233618233618,0,0,"{timeout:600,max_col_multiplier:1,age_limit:2,random_seed:2,replication:3,num_threads:128,set_partition:true}",1
d20400.json.gz,d,20,400,LagrangeTemplate,highs,LTFarkas,4,26,24552.43633499413,inf,,25786.986373246593,,203,500,0.235311,0.038906,0.348599,6661,28307.218957039833,13.322,0,0,"{timeout:600,max_col_multiplier:1,age_limit:2,random_seed:3,replication:4,num_threads:128,set_partition:true}",-1
d20400.json.gz,d,20,400,LagrangeTemplate,highs,LTFarkas,4,26,24552.43633499413,inf,nan,25786.986373246593,0,203,500,0.235311,0.038906,0.348609,6661,28307.218957039833,0.5123846153846153,0,0,"{timeout:600,max_col_multiplier:1,age_limit:2,random_seed:3,replication:4,num_threads:128,set_partition:true}",1
d20400.json.gz,d,20,400,LagrangeTemplate,highs,LTFarkas,5,25,24552.43633499413,inf,,26262.10312928328,,171,480,0.205011,0.028743,0.303076,6372,31081.259054392205,13.275,0,0,"{timeout:600,max_col_multiplier:1,age_limit:2,random_seed:4,replication:5,num_threads:128,set_partition:true}",-1
d20400.json.gz,d,20,400,LagrangeTemplate,highs,LTFarkas,5,25,24552.43633499413,inf,nan,26262.10312928328,0,171,480,0.205011,0.028743,0.303082,6372,31081.259054392205,0.531,0,0,"{timeout:600,max_col_multiplier:1,age_limit:2,random_seed:4,replication:5,num_threads:128,set_partition:true}",1
d20400.json.gz,d,20,400,MipTemplate,highs,MTFarkas,1,13,24552.43633499413,25315,,25315,,20,240,0.015237,0.303247,0.390657,1488,97657.01909824768,6.2,1,0,"{timeout:600,max_col_multiplier:1,age_limit:2,random_seed:0,replication:1,num_threads:128,set_partition:true}",-1
d20400.json.gz,d,20,400,MipTemplate,highs,MTFarkas,1,13,24552.43633499413,25315,3.010073079202054,25315,0,20,240,0.015237,0.303247,0.390671,1488,97657.01909824768,0.47692307692307695,1,0,"{timeout:600,max_col_multiplier:1,age_limit:2,random_seed:0,replication:1,num_threads:128,set_partition:true}",1
d20400.json.gz,d,20,400,MipTemplate,highs,MTFarkas,2,12,24552.43633499413,25369,,25369,,20,220,0.014544,0.318657,0.404146,1438,98872.38723872388,6.536363636363636,1,0,"{timeout:600,max_col_multiplier:1,age_limit:2,random_seed:1,replication:2,num_threads:128,set_partition:true}",-1
d20400.json.gz,d,20,400,MipTemplate,highs,MTFarkas,2,12,24552.43633499413,25369,3.216524104221688,25369,0,20,220,0.014544,0.318657,0.40416,1438,98872.38723872388,0.5446969696969697,1,0,"{timeout:600,max_col_multiplier:1,age_limit:2,random_seed:1,replication:2,num_threads:128,set_partition:true}",1
d20400.json.gz,d,20,400,MipTemplate,highs,MTFarkas,3,12,24552.43633499413,25313,,25313,,20,220,0.015224,0.352908,0.44238,1449,95178.66526537047,6.586363636363636,1,0,"{timeout:600,max_col_multiplier:1,age_limit:2,random_seed:2,replication:3,num_threads:128,set_partition:true}",-1
d20400.json.gz,d,20,400,MipTemplate,highs,MTFarkas,3,12,24552.43633499413,25313,3.0024098289416505,25313,0,20,220,0.015224,0.352908,0.442394,1449,95178.66526537047,0.5488636363636363,1,0,"{timeout:600,max_col_multiplier:1,age_limit:2,random_seed:2,replication:3,num_threads:128,set_partition:true}",1
d20400.json.gz,d,20,400,MipTemplate,highs,MTFarkas,4,12,24552.43633499413,25303,,25303,,20,220,0.013977,0.349748,0.435051,1446,103455.67718394505,6.572727272727272,1,0,"{timeout:600,max_col_multiplier:1,age_limit:2,random_seed:3,replication:4,num_threads:128,set_partition:true}",-1
d20400.json.gz,d,20,400,MipTemplate,highs,MTFarkas,4,12,24552.43633499413,25303,2.9640754060783308,25303,0,20,220,0.013977,0.349748,0.435069,1446,103455.67718394505,0.5477272727272727,1,0,"{timeout:600,max_col_multiplier:1,age_limit:2,random_seed:3,replication:4,num_threads:128,set_partition:true}",1
d20400.json.gz,d,20,400,MipTemplate,highs,MTFarkas,5,14,24552.43633499413,25345,,25345,,20,260,0.018288,0.389615,0.482175,1472,80489.9387576553,5.661538461538462,1,0,"{timeout:600,max_col_multiplier:1,age_limit:2,random_seed:4,replication:5,num_threads:128,set_partition:true}",-1
d20400.json.gz,d,20,400,MipTemplate,highs,MTFarkas,5,14,24552.43633499413,25345,3.1248767015190375,25345,0,20,260,0.018288,0.389615,0.482189,1472,80489.9387576553,0.4043956043956044,1,0,"{timeout:600,max_col_multiplier:1,age_limit:2,random_seed:4,replication:5,num_threads:128,set_partition:true}",1
d30900.json.gz,d,30,900,Dantzig,highs,DantzigFarkas,1,85,54828.753542621154,inf,,,,,4350,599.849769,0.201319,600.265969,244530,,,0,1,"{timeout:600,max_col_multiplier:1,age_limit:75,random_seed:0,replication:1,num_threads:128,set_partition:true}",-4
d30900.json.gz,d,30,900,Dantzig,highs,DantzigFarkas,1,85,54828.753542621154,inf,,,,,4350,599.849769,0.201319,600.265971,244530,,,0,1,"{timeout:600,max_col_multiplier:1,age_limit:75,random_seed:0,replication:1,num_threads:128,set_partition:true}",1
d30900.json.gz,d,30,900,Dantzig,highs,DantzigFarkas,2,96,54828.753542621154,inf,,,,,4680,599.813033,0.207032,600.22126,290705,,,0,1,"{timeout:600,max_col_multiplier:1,age_limit:75,random_seed:1,replication:2,num_threads:128,set_partition:true}",-4
d30900.json.gz,d,30,900,Dantzig,highs,DantzigFarkas,2,96,54828.753542621154,inf,,,,,4680,599.813033,0.207032,600.221262,290705,,,0,1,"{timeout:600,max_col_multiplier:1,age_limit:75,random_seed:1,replication:2,num_threads:128,set_partition:true}",1
d30900.json.gz,d,30,900,Dantzig,highs,DantzigFarkas,3,93,54828.753542621154,inf,,,,,4590,599.873901,0.202713,600.279262,279852,,,0,1,"{timeout:600,max_col_multiplier:1,age_limit:75,random_seed:2,replication:3,num_threads:128,set_partition:true}",-4
d30900.json.gz,d,30,900,Dantzig,highs,DantzigFarkas,3,93,54828.753542621154,inf,,,,,4590,599.873901,0.202713,600.279264,279852,,,0,1,"{timeout:600,max_col_multiplier:1,age_limit:75,random_seed:2,replication:3,num_threads:128,set_partition:true}",1
d30900.json.gz,d,30,900,Dantzig,highs,DantzigFarkas,4,94,54828.753542621154,inf,,,,,4620,599.855334,0.206202,600.263361,282470,,,0,1,"{timeout:600,max_col_multiplier:1,age_limit:75,random_seed:3,replication:4,num_threads:128,set_partition:true}",-4
d30900.json.gz,d,30,900,Dantzig,highs,DantzigFarkas,4,94,54828.753542621154,inf,,,,,4620,599.855334,0.206202,600.263364,282470,,,0,1,"{timeout:600,max_col_multiplier:1,age_limit:75,random_seed:3,replication:4,num_threads:128,set_partition:true}",1
d30900.json.gz,d,30,900,Dantzig,highs,DantzigFarkas,5,88,54828.753542621154,inf,,,,,4440,599.601876,0.200164,600.00326,252850,,,0,1,"{timeout:600,max_col_multiplier:1,age_limit:75,random_seed:4,replication:5,num_threads:128,set_partition:true}",-4
d30900.json.gz,d,30,900,Dantzig,highs,DantzigFarkas,5,88,54828.753542621154,inf,,,,,4440,599.601876,0.200164,600.003262,252850,,,0,1,"{timeout:600,max_col_multiplier:1,age_limit:75,random_seed:4,replication:5,num_threads:128,set_partition:true}",1
d30900.json.gz,d,30,900,LagrangeTemplate,highs,LTFarkas,1,45,54828.753542621154,inf,,60688.85202988306,,470,1320,4.970027,0.167269,5.51248,39482,7944.02122966334,29.91060606060606,0,0,"{timeout:600,max_col_multiplier:1,age_limit:3,random_seed:0,replication:1,num_threads:128,set_partition:true}",-1
d30900.json.gz,d,30,900,LagrangeTemplate,highs,LTFarkas,1,45,54828.753542621154,inf,nan,60688.85202988306,0,470,1320,4.970027,0.167269,5.512493,39482,7944.02122966334,0.6646801346801346,0,0,"{timeout:600,max_col_multiplier:1,age_limit:3,random_seed:0,replication:1,num_threads:128,set_partition:true}",1
d30900.json.gz,d,30,900,LagrangeTemplate,highs,LTFarkas,2,65,54828.753542621154,inf,,60392.96471839513,,642,1920,17.434132,0.280921,18.636504,74649,4281.773248017165,38.8796875,0,0,"{timeout:600,max_col_multiplier:1,age_limit:3,random_seed:1,replication:2,num_threads:128,set_partition:true}",-1
d30900.json.gz,d,30,900,LagrangeTemplate,highs,LTFarkas,2,65,54828.753542621154,inf,nan,60392.96471839513,0,642,1920,17.434132,0.280921,18.636511,74649,4281.773248017165,0.5981490384615386,0,0,"{timeout:600,max_col_multiplier:1,age_limit:3,random_seed:1,replication:2,num_threads:128,set_partition:true}",1
d30900.json.gz,d,30,900,LagrangeTemplate,highs,LTFarkas,3,59,54828.753542621154,inf,,60212.8185948052,,645,1740,13.357027,0.252648,14.770145,60119,4500.9267406586805,34.551149425287356,0,0,"{timeout:600,max_col_multiplier:1,age_limit:3,random_seed:2,replication:3,num_threads:128,set_partition:true}",-1
d30900.json.gz,d,30,900,LagrangeTemplate,highs,LTFarkas,3,59,54828.753542621154,inf,nan,60212.8185948052,0,645,1740,13.357027,0.252648,14.770152,60119,4500.9267406586805,0.5856127021235145,0,0,"{timeout:600,max_col_multiplier:1,age_limit:3,random_seed:2,replication:3,num_threads:128,set_partition:true}",1
d30900.json.gz,d,30,900,LagrangeTemplate,highs,LTFarkas,4,44,54828.753542621154,inf,,58366.71954390403,,608,1290,5.159776,0.176547,5.880455,38157,7395.088468956792,29.57906976744186,0,0,"{timeout:600,max_col_multiplier:1,age_limit:3,random_seed:3,replication:4,num_threads:128,set_partition:true}",-1
d30900.json.gz,d,30,900,LagrangeTemplate,highs,LTFarkas,4,44,54828.753542621154,inf,nan,58366.71954390403,0,608,1290,5.159776,0.176547,5.880463,38157,7395.088468956792,0.6722515856236787,0,0,"{timeout:600,max_col_multiplier:1,age_limit:3,random_seed:3,replication:4,num_threads:128,set_partition:true}",1
d30900.json.gz,d,30,900,LagrangeTemplate,highs,LTFarkas,5,59,54828.753542621154,inf,,61361.05388054823,,556,1740,12.137117,0.234819,13.31439,70636,5819.833490935285,40.59540229885057,0,0,"{timeout:600,max_col_multiplier:1,age_limit:3,random_seed:4,replication:5,num_threads:128,set_partition:true}",-1
d30900.json.gz,d,30,900,LagrangeTemplate,highs,LTFarkas,5,59,54828.753542621154,inf,nan,61361.05388054823,0,556,1740,12.137117,0.234819,13.3144,70636,5819.833490935285,0.6880576660822131,0,0,"{timeout:600,max_col_multiplier:1,age_limit:3,random_seed:4,replication:5,num_threads:128,set_partition:true}",1
d30900.json.gz,d,30,900,MipTemplate,highs,MTFarkas,1,15,54828.753542621154,55974,,55974,,30,420,0.040533,0.581633,0.846869,3249,80156.90918510844,7.735714285714286,1,0,"{timeout:600,max_col_multiplier:1,age_limit:3,random_seed:0,replication:1,num_threads:128,set_partition:true}",-1
d30900.json.gz,d,30,900,MipTemplate,highs,MTFarkas,1,15,54828.753542621154,55974,2.04559259656269,55974,0,30,420,0.040533,0.581633,0.846889,3249,80156.90918510844,0.5157142857142857,1,0,"{timeout:600,max_col_multiplier:1,age_limit:3,random_seed:0,replication:1,num_threads:128,set_partition:true}",1
d30900.json.gz,d,30,900,MipTemplate,highs,MTFarkas,2,19,54828.753542621154,55863,,55863,,30,540,0.057243,0.762088,1.042087,3384,59116.3985116084,6.266666666666667,1,0,"{timeout:600,max_col_multiplier:1,age_limit:3,random_seed:1,replication:2,num_threads:128,set_partition:true}",-1
d30900.json.gz,d,30,900,MipTemplate,highs,MTFarkas,2,19,54828.753542621154,55863,1.8509568050409035,55863,0,30,540,0.057243,0.762088,1.042103,3384,59116.3985116084,0.32982456140350874,1,0,"{timeout:600,max_col_multiplier:1,age_limit:3,random_seed:1,replication:2,num_threads:128,set_partition:true}",1
d30900.json.gz,d,30,900,MipTemplate,highs,MTFarkas,3,21,54828.753542621154,55880,,55880,,30,600,0.065078,0.903366,1.193535,3497,53735.51737914503,5.828333333333333,1,0,"{timeout:600,max_col_multiplier:1,age_limit:3,random_seed:2,replication:3,num_threads:128,set_partition:true}",-1
d30900.json.gz,d,30,900,MipTemplate,highs,MTFarkas,3,21,54828.753542621154,55880,1.8808160343593414,55880,0,30,600,0.065078,0.903366,1.193554,3497,53735.51737914503,0.27753968253968253,1,0,"{timeout:600,max_col_multiplier:1,age_limit:3,random_seed:2,replication:3,num_threads:128,set_partition:true}",1
d30900.json.gz,d,30,900,MipTemplate,highs,MTFarkas,4,19,54828.753542621154,55915,,55915,,30,540,0.055907,0.769342,1.047386,3398,60779.50882715939,6.292592592592593,1,0,"{timeout:600,max_col_multiplier:1,age_limit:3,random_seed:3,replication:4,num_threads:128,set_partition:true}",-1
d30900.json.gz,d,30,900,MipTemplate,highs,MTFarkas,4,19,54828.753542621154,55915,1.9422337476526872,55915,0,30,540,0.055907,0.769342,1.047402,3398,60779.50882715939,0.33118908382066276,1,0,"{timeout:600,max_col_multiplier:1,age_limit:3,random_seed:3,replication:4,num_threads:128,set_partition:true}",1
d30900.json.gz,d,30,900,MipTemplate,highs,MTFarkas,5,22,54828.753542621154,55815,,55815,,30,630,0.071428,0.952203,1.247052,3564,49896.39917119336,5.6571428571428575,1,0,"{timeout:600,max_col_multiplier:1,age_limit:3,random_seed:4,replication:5,num_threads:128,set_partition:true}",-1
d30900.json.gz,d,30,900,MipTemplate,highs,MTFarkas,5,22,54828.753542621154,55815,1.7665502105168862,55815,0,30,630,0.071428,0.952203,1.247069,3564,49896.39917119336,0.2571428571428572,1,0,"{timeout:600,max_col_multiplier:1,age_limit:3,random_seed:4,replication:5,num_threads:128,set_partition:true}",1
d401600.json.gz,d,40,1600,Dantzig,highs,DantzigFarkas,1,36,97104.99999999997,inf,,,,,4640,600.627589,0.287058,601.466385,204686,,,0,1,"{timeout:600,max_col_multiplier:1,age_limit:132,random_seed:0,replication:1,num_threads:128,set_partition:true}",-4
d401600.json.gz,d,40,1600,Dantzig,highs,DantzigFarkas,1,36,97104.99999999997,inf,,,,,4640,600.627589,0.287058,601.466388,204686,,,0,1,"{timeout:600,max_col_multiplier:1,age_limit:132,random_seed:0,replication:1,num_threads:128,set_partition:true}",1
d401600.json.gz,d,40,1600,Dantzig,highs,DantzigFarkas,2,36,97104.99999999997,inf,,,,,4640,600.571634,0.271232,601.397285,204857,,,0,1,"{timeout:600,max_col_multiplier:1,age_limit:132,random_seed:1,replication:2,num_threads:128,set_partition:true}",-4
d401600.json.gz,d,40,1600,Dantzig,highs,DantzigFarkas,2,36,97104.99999999997,inf,,,,,4640,600.571634,0.271232,601.397287,204857,,,0,1,"{timeout:600,max_col_multiplier:1,age_limit:132,random_seed:1,replication:2,num_threads:128,set_partition:true}",1
d401600.json.gz,d,40,1600,Dantzig,highs,DantzigFarkas,3,36,97104.99999999997,inf,,,,,4640,600.552332,0.27147,601.385204,208609,,,0,1,"{timeout:600,max_col_multiplier:1,age_limit:132,random_seed:2,replication:3,num_threads:128,set_partition:true}",-4
d401600.json.gz,d,40,1600,Dantzig,highs,DantzigFarkas,3,36,97104.99999999997,inf,,,,,4640,600.552332,0.27147,601.385206,208609,,,0,1,"{timeout:600,max_col_multiplier:1,age_limit:132,random_seed:2,replication:3,num_threads:128,set_partition:true}",1
d401600.json.gz,d,40,1600,Dantzig,highs,DantzigFarkas,4,36,97104.99999999997,inf,,,,,4640,599.23901,0.27548,600.07076,207713,,,0,1,"{timeout:600,max_col_multiplier:1,age_limit:132,random_seed:3,replication:4,num_threads:128,set_partition:true}",-4
d401600.json.gz,d,40,1600,Dantzig,highs,DantzigFarkas,4,36,97104.99999999997,inf,,,,,4640,599.23901,0.27548,600.070762,207713,,,0,1,"{timeout:600,max_col_multiplier:1,age_limit:132,random_seed:3,replication:4,num_threads:128,set_partition:true}",1
d401600.json.gz,d,40,1600,Dantzig,highs,DantzigFarkas,5,36,97104.99999999997,inf,,,,,4640,600.417794,0.275858,601.245784,208545,,,0,1,"{timeout:600,max_col_multiplier:1,age_limit:132,random_seed:4,replication:5,num_threads:128,set_partition:true}",-4
d401600.json.gz,d,40,1600,Dantzig,highs,DantzigFarkas,5,36,97104.99999999997,inf,,,,,4640,600.417794,0.275858,601.245786,208545,,,0,1,"{timeout:600,max_col_multiplier:1,age_limit:132,random_seed:4,replication:5,num_threads:128,set_partition:true}",1
d401600.json.gz,d,40,1600,LagrangeTemplate,highs,LTFarkas,1,102,97104.99999999997,inf,,108721.08969158767,,1125,4040,331.406043,1.025922,352.912409,338636,1021.8160083459915,83.82079207920792,0,0,"{timeout:600,max_col_multiplier:1,age_limit:4,random_seed:0,replication:1,num_threads:128,set_partition:true}",-1
d401600.json.gz,d,40,1600,LagrangeTemplate,highs,LTFarkas,1,102,97104.99999999997,inf,nan,108721.08969158767,0,1125,4040,331.406043,1.025922,352.912416,338636,1021.8160083459915,0.8217724713647835,0,0,"{timeout:600,max_col_multiplier:1,age_limit:4,random_seed:0,replication:1,num_threads:128,set_partition:true}",1
d401600.json.gz,d,40,1600,LagrangeTemplate,highs,LTFarkas,2,86,97104.99999999997,inf,,109641.39787447183,,1016,3400,173.452388,0.789365,182.091921,213261,1229.5074311689498,62.72382352941177,0,0,"{timeout:600,max_col_multiplier:1,age_limit:4,random_seed:1,replication:2,num_threads:128,set_partition:true}",-1
d401600.json.gz,d,40,1600,LagrangeTemplate,highs,LTFarkas,2,86,97104.99999999997,inf,nan,109641.39787447183,0,1016,3400,173.452388,0.789365,182.091927,213261,1229.5074311689498,0.7293467852257183,0,0,"{timeout:600,max_col_multiplier:1,age_limit:4,random_seed:1,replication:2,num_threads:128,set_partition:true}",1
d401600.json.gz,d,40,1600,LagrangeTemplate,highs,LTFarkas,3,89,97104.99999999997,inf,,108890.65495516596,,991,3520,184.196718,0.854226,193.052523,251633,1366.1101171194591,71.48664772727273,0,0,"{timeout:600,max_col_multiplier:1,age_limit:4,random_seed:2,replication:3,num_threads:128,set_partition:true}",-1
d401600.json.gz,d,40,1600,LagrangeTemplate,highs,LTFarkas,3,89,97104.99999999997,inf,nan,108890.65495516596,0,991,3520,184.196718,0.854226,193.05253,251633,1366.1101171194591,0.8032207609805924,0,0,"{timeout:600,max_col_multiplier:1,age_limit:4,random_seed:2,replication:3,num_threads:128,set_partition:true}",1
d401600.json.gz,d,40,1600,LagrangeTemplate,highs,LTFarkas,4,65,97104.99999999997,inf,,104918.11589387625,,1179,2560,84.329624,0.657423,88.054937,148077,1755.9309881424351,57.842578125,0,0,"{timeout:600,max_col_multiplier:1,age_limit:4,random_seed:3,replication:4,num_threads:128,set_partition:true}",-1
d401600.json.gz,d,40,1600,LagrangeTemplate,highs,LTFarkas,4,65,97104.99999999997,inf,nan,104918.11589387625,0,1179,2560,84.329624,0.657423,88.054944,148077,1755.9309881424351,0.8898858173076923,0,0,"{timeout:600,max_col_multiplier:1,age_limit:4,random_seed:3,replication:4,num_threads:128,set_partition:true}",1
d401600.json.gz,d,40,1600,LagrangeTemplate,highs,LTFarkas,5,90,97104.99999999997,inf,,106574.90295454182,,1049,3560,196.914912,0.852176,208.378249,273610,1389.4833927051702,76.8567415730337,0,0,"{timeout:600,max_col_multiplier:1,age_limit:4,random_seed:4,replication:5,num_threads:128,set_partition:true}",-1
d401600.json.gz,d,40,1600,LagrangeTemplate,highs,LTFarkas,5,90,97104.99999999997,inf,nan,106574.90295454182,0,1049,3560,196.914912,0.852176,208.378257,273610,1389.4833927051702,0.85396379525593,0,0,"{timeout:600,max_col_multiplier:1,age_limit:4,random_seed:4,replication:5,num_threads:128,set_partition:true}",1
d401600.json.gz,d,40,1600,MipTemplate,highs,MTFarkas,1,25,97104.99999999997,98567,,98567,,40,960,0.157765,1.538937,2.273027,6014,38119.9885906253,6.264583333333333,1,0,"{timeout:600,max_col_multiplier:1,age_limit:4,random_seed:0,replication:1,num_threads:128,set_partition:true}",-1
d401600.json.gz,d,40,1600,MipTemplate,highs,MTFarkas,1,25,97104.99999999997,98567,1.4832550447918673,98567,0,40,960,0.157765,1.538937,2.273046,6014,38119.9885906253,0.2505833333333333,1,0,"{timeout:600,max_col_multiplier:1,age_limit:4,random_seed:0,replication:1,num_threads:128,set_partition:true}",1
d401600.json.gz,d,40,1600,MipTemplate,highs,MTFarkas,2,23,97104.99999999997,98580,,98580,,40,880,0.124783,1.400478,2.095628,5871,47049.678241427115,6.671590909090909,1,0,"{timeout:600,max_col_multiplier:1,age_limit:4,random_seed:1,replication:2,num_threads:128,set_partition:true}",-1
d401600.json.gz,d,40,1600,MipTemplate,highs,MTFarkas,2,23,97104.99999999997,98580,1.4962467031852302,98580,0,40,880,0.124783,1.400478,2.095639,5871,47049.678241427115,0.2900691699604743,1,0,"{timeout:600,max_col_multiplier:1,age_limit:4,random_seed:1,replication:2,num_threads:128,set_partition:true}",1
d401600.json.gz,d,40,1600,MipTemplate,highs,MTFarkas,3,26,97104.99999999997,98584,,98584,,40,1000,0.162262,1.497742,2.232564,6112,37667.47605724076,6.112,1,0,"{timeout:600,max_col_multiplier:1,age_limit:4,random_seed:2,replication:3,num_threads:128,set_partition:true}",-1
d401600.json.gz,d,40,1600,MipTemplate,highs,MTFarkas,3,26,97104.99999999997,98584,1.5002434472125294,98584,0,40,1000,0.162262,1.497742,2.232578,6112,37667.47605724076,0.23507692307692307,1,0,"{timeout:600,max_col_multiplier:1,age_limit:4,random_seed:2,replication:3,num_threads:128,set_partition:true}",1
d401600.json.gz,d,40,1600,MipTemplate,highs,MTFarkas,4,26,97104.99999999997,98491,,98491,,40,1000,0.163621,1.514909,2.254017,6041,36920.68866465796,6.041,1,0,"{timeout:600,max_col_multiplier:1,age_limit:4,random_seed:3,replication:4,num_threads:128,set_partition:true}",-1
d401600.json.gz,d,40,1600,MipTemplate,highs,MTFarkas,4,26,97104.99999999997,98491,1.4072351788488289,98491,0,40,1000,0.163621,1.514909,2.254046,6041,36920.68866465796,0.23234615384615387,1,0,"{timeout:600,max_col_multiplier:1,age_limit:4,random_seed:3,replication:4,num_threads:128,set_partition:true}",1
d401600.json.gz,d,40,1600,MipTemplate,highs,MTFarkas,5,28,97104.99999999997,98533,,98533,,40,1080,0.18461,1.543028,2.298942,6119,33145.55007854396,5.66574074074074,1,0,"{timeout:600,max_col_multiplier:1,age_limit:4,random_seed:4,replication:5,num_threads:128,set_partition:true}",-1
d401600.json.gz,d,40,1600,MipTemplate,highs,MTFarkas,5,28,97104.99999999997,98533,1.4492606537911157,98533,0,40,1080,0.18461,1.543028,2.298959,6119,33145.55007854396,0.20234788359788358,1,0,"{timeout:600,max_col_multiplier:1,age_limit:4,random_seed:4,replication:5,num_threads:128,set_partition:true}",1
d40400.json.gz,d,40,400,Dantzig,highs,DantzigFarkas,1,123,24347.6082883455,inf,,28461.49974999678,,437,4880,29.282341,0.067971,29.743799,115263,3936.2631560092823,23.619467213114753,0,0,"{timeout:600,max_col_multiplier:1,age_limit:10,random_seed:0,replication:1,num_threads:128,set_partition:true}",-1
d40400.json.gz,d,40,400,Dantzig,highs,DantzigFarkas,1,123,24347.6082883455,inf,nan,28461.49974999678,0,437,4880,29.282341,0.067971,29.743809,115263,3936.2631560092823,0.1920281887245102,0,0,"{timeout:600,max_col_multiplier:1,age_limit:10,random_seed:0,replication:1,num_threads:128,set_partition:true}",1
d40400.json.gz,d,40,400,Dantzig,highs,DantzigFarkas,2,122,24347.6082883455,inf,,28503.65167872697,,438,4840,32.252336,0.06785,32.526305,117523,3643.860091250445,24.281611570247932,0,0,"{timeout:600,max_col_multiplier:1,age_limit:10,random_seed:1,replication:2,num_threads:128,set_partition:true}",-1
d40400.json.gz,d,40,400,Dantzig,highs,DantzigFarkas,2,122,24347.6082883455,inf,nan,28503.65167872697,0,438,4840,32.252336,0.06785,32.526312,117523,3643.860091250445,0.19902960303481912,0,0,"{timeout:600,max_col_multiplier:1,age_limit:10,random_seed:1,replication:2,num_threads:128,set_partition:true}",1
d40400.json.gz,d,40,400,Dantzig,highs,DantzigFarkas,3,125,24347.6082883455,inf,,28529.715991930945,,438,4960,31.900813,0.069101,32.192378,118713,3721.315817248921,23.93407258064516,0,0,"{timeout:600,max_col_multiplier:1,age_limit:10,random_seed:2,replication:3,num_threads:128,set_partition:true}",-1
d40400.json.gz,d,40,400,Dantzig,highs,DantzigFarkas,3,125,24347.6082883455,inf,nan,28529.715991930945,0,438,4960,31.900813,0.069101,32.192388,118713,3721.315817248921,0.1914725806451613,0,0,"{timeout:600,max_col_multiplier:1,age_limit:10,random_seed:2,replication:3,num_threads:128,set_partition:true}",1
d40400.json.gz,d,40,400,Dantzig,highs,DantzigFarkas,4,124,24347.6082883455,inf,,28444.662409840985,,439,4920,30.924396,0.070214,31.587244,116799,3776.9209785051257,23.739634146341462,0,0,"{timeout:600,max_col_multiplier:1,age_limit:10,random_seed:3,replication:4,num_threads:128,set_partition:true}",-1
d40400.json.gz,d,40,400,Dantzig,highs,DantzigFarkas,4,124,24347.6082883455,inf,nan,28444.662409840985,0,439,4920,30.924396,0.070214,31.587255,116799,3776.9209785051257,0.19144866247049566,0,0,"{timeout:600,max_col_multiplier:1,age_limit:10,random_seed:3,replication:4,num_threads:128,set_partition:true}",1
d40400.json.gz,d,40,400,Dantzig,highs,DantzigFarkas,5,122,24347.6082883455,inf,,28497.80870301732,,438,4840,30.257536,0.067862,30.68428,119136,3937.3992647649825,24.61487603305785,0,0,"{timeout:600,max_col_multiplier:1,age_limit:10,random_seed:4,replication:5,num_threads:128,set_partition:true}",-1
d40400.json.gz,d,40,400,Dantzig,highs,DantzigFarkas,5,122,24347.6082883455,inf,nan,28497.80870301732,0,438,4840,30.257536,0.067862,30.684286,119136,3937.3992647649825,0.2017612789594906,0,0,"{timeout:600,max_col_multiplier:1,age_limit:10,random_seed:4,replication:5,num_threads:128,set_partition:true}",1
d40400.json.gz,d,40,400,LagrangeTemplate,highs,LTFarkas,1,11,24347.6082883455,inf,,26086.666666666664,,61,400,0.032335,0.013169,0.14884,2661,82294.72707592392,6.6525,0,0,"{timeout:600,max_col_multiplier:1,age_limit:2,random_seed:0,replication:1,num_threads:128,set_partition:true}",-1
d40400.json.gz,d,40,400,LagrangeTemplate,highs,LTFarkas,1,11,24347.6082883455,inf,nan,26086.666666666664,0,61,400,0.032335,0.013169,0.148847,2661,82294.72707592392,0.6047727272727272,0,0,"{timeout:600,max_col_multiplier:1,age_limit:2,random_seed:0,replication:1,num_threads:128,set_partition:true}",1
d40400.json.gz,d,40,400,LagrangeTemplate,highs,LTFarkas,2,13,24347.6082883455,inf,,25884.04166666666,,104,480,0.046681,0.012672,0.164286,3112,66665.23853387887,6.483333333333333,0,0,"{timeout:600,max_col_multiplier:1,age_limit:2,random_seed:1,replication:2,num_threads:128,set_partition:true}",-1
d40400.json.gz,d,40,400,LagrangeTemplate,highs,LTFarkas,2,13,24347.6082883455,inf,nan,25884.04166666666,0,104,480,0.046681,0.012672,0.164293,3112,66665.23853387887,0.4987179487179487,0,0,"{timeout:600,max_col_multiplier:1,age_limit:2,random_seed:1,replication:2,num_threads:128,set_partition:true}",1
d40400.json.gz,d,40,400,LagrangeTemplate,highs,LTFarkas,3,14,24347.6082883455,inf,,26120.666666666675,,54,520,0.070808,0.013994,0.197616,3642,51434.86611682296,7.003846153846154,0,0,"{timeout:600,max_col_multiplier:1,age_limit:2,random_seed:2,replication:3,num_threads:128,set_partition:true}",-1
d40400.json.gz,d,40,400,LagrangeTemplate,highs,LTFarkas,3,14,24347.6082883455,inf,nan,26120.666666666675,0,54,520,0.070808,0.013994,0.197622,3642,51434.86611682296,0.5002747252747253,0,0,"{timeout:600,max_col_multiplier:1,age_limit:2,random_seed:2,replication:3,num_threads:128,set_partition:true}",1
d40400.json.gz,d,40,400,LagrangeTemplate,highs,LTFarkas,4,11,24347.6082883455,inf,,25821,,55,400,0.036305,0.012435,0.155002,2799,77096.8186200248,6.9975,0,0,"{timeout:600,max_col_multiplier:1,age_limit:2,random_seed:3,replication:4,num_threads:128,set_partition:true}",-1
d40400.json.gz,d,40,400,LagrangeTemplate,highs,LTFarkas,4,11,24347.6082883455,inf,nan,25821,0,55,400,0.036305,0.012435,0.155014,2799,77096.8186200248,0.6361363636363636,0,0,"{timeout:600,max_col_multiplier:1,age_limit:2,random_seed:3,replication:4,num_threads:128,set_partition:true}",1
d40400.json.gz,d,40,400,LagrangeTemplate,highs,LTFarkas,5,13,24347.6082883455,inf,,25944,,53,480,0.051018,0.016057,0.176606,3219,63095.37810184641,6.70625,0,0,"{timeout:600,max_col_multiplier:1,age_limit:2,random_seed:4,replication:5,num_threads:128,set_partition:true}",-1
d40400.json.gz,d,40,400,LagrangeTemplate,highs,LTFarkas,5,13,24347.6082883455,inf,nan,25944,0,53,480,0.051018,0.016057,0.176613,3219,63095.37810184641,0.5158653846153846,0,0,"{timeout:600,max_col_multiplier:1,age_limit:2,random_seed:4,replication:5,num_threads:128,set_partition:true}",1
d40400.json.gz,d,40,400,MipTemplate,highs,MTFarkas,1,6,24347.6082883455,25650,,25650,,40,200,0.005247,0.147408,0.269309,1707,325328.7592910234,8.535,1,0,"{timeout:600,max_col_multiplier:1,age_limit:2,random_seed:0,replication:1,num_threads:128,set_partition:true}",-1
d40400.json.gz,d,40,400,MipTemplate,highs,MTFarkas,1,6,24347.6082883455,25650,5.076023391812866,25650,0,40,200,0.005247,0.147408,0.269325,1707,325328.7592910234,1.4225,1,0,"{timeout:600,max_col_multiplier:1,age_limit:2,random_seed:0,replication:1,num_threads:128,set_partition:true}",1
d40400.json.gz,d,40,400,MipTemplate,highs,MTFarkas,2,6,24347.6082883455,25683,,25683,,40,200,0.005662,0.153198,0.271363,1710,302013.42281879194,8.55,1,0,"{timeout:600,max_col_multiplier:1,age_limit:2,random_seed:1,replication:2,num_threads:128,set_partition:true}",-1
d40400.json.gz,d,40,400,MipTemplate,highs,MTFarkas,2,6,24347.6082883455,25683,5.1979908889148465,25683,0,40,200,0.005662,0.153198,0.271382,1710,302013.42281879194,1.425,1,0,"{timeout:600,max_col_multiplier:1,age_limit:2,random_seed:1,replication:2,num_threads:128,set_partition:true}",1
d40400.json.gz,d,40,400,MipTemplate,highs,MTFarkas,3,7,24347.6082883455,25645,,25645,,40,240,0.006202,0.231703,0.350425,1760,283779.42599161563,7.333333333333333,1,0,"{timeout:600,max_col_multiplier:1,age_limit:2,random_seed:2,replication:3,num_threads:128,set_partition:true}",-1
d40400.json.gz,d,40,400,MipTemplate,highs,MTFarkas,3,7,24347.6082883455,25645,5.0575160850068235,25645,0,40,240,0.006202,0.231703,0.350441,1760,283779.42599161563,1.0476190476190477,1,0,"{timeout:600,max_col_multiplier:1,age_limit:2,random_seed:2,replication:3,num_threads:128,set_partition:true}",1
d40400.json.gz,d,40,400,MipTemplate,highs,MTFarkas,4,6,24347.6082883455,25643,,25643,,40,200,0.006224,0.151323,0.274997,1697,272654.2416452442,8.485,1,0,"{timeout:600,max_col_multiplier:1,age_limit:2,random_seed:3,replication:4,num_threads:128,set_partition:true}",-1
d40400.json.gz,d,40,400,MipTemplate,highs,MTFarkas,4,6,24347.6082883455,25643,5.050111141442109,25643,0,40,200,0.006224,0.151323,0.275015,1697,272654.2416452442,1.4141666666666666,1,0,"{timeout:600,max_col_multiplier:1,age_limit:2,random_seed:3,replication:4,num_threads:128,set_partition:true}",1
d40400.json.gz,d,40,400,MipTemplate,highs,MTFarkas,5,8,24347.6082883455,25630,,25630,,40,280,0.007784,0.20426,0.325168,1780,228674.20349434737,6.357142857142857,1,0,"{timeout:600,max_col_multiplier:1,age_limit:2,random_seed:4,replication:5,num_threads:128,set_partition:true}",-1
d40400.json.gz,d,40,400,MipTemplate,highs,MTFarkas,5,8,24347.6082883455,25630,5.001950838860711,25630,0,40,280,0.007784,0.20426,0.325182,1780,228674.20349434737,0.7946428571428571,1,0,"{timeout:600,max_col_multiplier:1,age_limit:2,random_seed:4,replication:5,num_threads:128,set_partition:true}",1
d60900.json.gz,d,60,900,Dantzig,highs,DantzigFarkas,1,51,54550.99999999998,inf,,,,,4860,599.703031,0.125639,600.273395,121517,,,0,1,"{timeout:600,max_col_multiplier:1,age_limit:20,random_seed:0,replication:1,num_threads:128,set_partition:true}",-4
d60900.json.gz,d,60,900,Dantzig,highs,DantzigFarkas,1,51,54550.99999999998,inf,,,,,4860,599.703031,0.125639,600.273397,121517,,,0,1,"{timeout:600,max_col_multiplier:1,age_limit:20,random_seed:0,replication:1,num_threads:128,set_partition:true}",1
d60900.json.gz,d,60,900,Dantzig,highs,DantzigFarkas,2,53,54550.99999999998,inf,,,,,4980,599.494491,0.129188,600.065761,125879,,,0,1,"{timeout:600,max_col_multiplier:1,age_limit:20,random_seed:1,replication:2,num_threads:128,set_partition:true}",-4
d60900.json.gz,d,60,900,Dantzig,highs,DantzigFarkas,2,53,54550.99999999998,inf,,,,,4980,599.494491,0.129188,600.065763,125879,,,0,1,"{timeout:600,max_col_multiplier:1,age_limit:20,random_seed:1,replication:2,num_threads:128,set_partition:true}",1
d60900.json.gz,d,60,900,Dantzig,highs,DantzigFarkas,3,51,54550.99999999998,inf,,,,,4860,599.607615,0.123071,600.1685,123989,,,0,1,"{timeout:600,max_col_multiplier:1,age_limit:20,random_seed:2,replication:3,num_threads:128,set_partition:true}",-4
d60900.json.gz,d,60,900,Dantzig,highs,DantzigFarkas,3,51,54550.99999999998,inf,,,,,4860,599.607615,0.123071,600.168503,123989,,,0,1,"{timeout:600,max_col_multiplier:1,age_limit:20,random_seed:2,replication:3,num_threads:128,set_partition:true}",1
d60900.json.gz,d,60,900,Dantzig,highs,DantzigFarkas,4,51,54550.99999999998,inf,,,,,4860,599.655382,0.124664,600.217626,121751,,,0,1,"{timeout:600,max_col_multiplier:1,age_limit:20,random_seed:3,replication:4,num_threads:128,set_partition:true}",-4
d60900.json.gz,d,60,900,Dantzig,highs,DantzigFarkas,4,51,54550.99999999998,inf,,,,,4860,599.655382,0.124664,600.217628,121751,,,0,1,"{timeout:600,max_col_multiplier:1,age_limit:20,random_seed:3,replication:4,num_threads:128,set_partition:true}",1
d60900.json.gz,d,60,900,Dantzig,highs,DantzigFarkas,5,52,54550.99999999998,inf,,,,,4920,599.46407,0.124875,600.026408,123931,,,0,1,"{timeout:600,max_col_multiplier:1,age_limit:20,random_seed:4,replication:5,num_threads:128,set_partition:true}",-4
d60900.json.gz,d,60,900,Dantzig,highs,DantzigFarkas,5,52,54550.99999999998,inf,,,,,4920,599.46407,0.124875,600.02641,123931,,,0,1,"{timeout:600,max_col_multiplier:1,age_limit:20,random_seed:4,replication:5,num_threads:128,set_partition:true}",1
d60900.json.gz,d,60,900,LagrangeTemplate,highs,LTFarkas,1,20,54550.99999999998,inf,,58788.8409714443,,394,1140,1.120792,0.055095,1.787002,19065,17010.292721575457,16.723684210526315,0,0,"{timeout:600,max_col_multiplier:1,age_limit:2,random_seed:0,replication:1,num_threads:128,set_partition:true}",-1
d60900.json.gz,d,60,900,LagrangeTemplate,highs,LTFarkas,1,20,54550.99999999998,inf,nan,58788.8409714443,0,394,1140,1.120792,0.055095,1.787009,19065,17010.292721575457,0.8361842105263158,0,0,"{timeout:600,max_col_multiplier:1,age_limit:2,random_seed:0,replication:1,num_threads:128,set_partition:true}",1
d60900.json.gz,d,60,900,LagrangeTemplate,highs,LTFarkas,2,21,54550.99999999998,inf,,59719.631553585794,,536,1200,1.520658,0.063185,2.172323,21255,13977.50184459622,17.7125,0,0,"{timeout:600,max_col_multiplier:1,age_limit:2,random_seed:1,replication:2,num_threads:128,set_partition:true}",-1
d60900.json.gz,d,60,900,LagrangeTemplate,highs,LTFarkas,2,21,54550.99999999998,inf,nan,59719.631553585794,0,536,1200,1.520658,0.063185,2.172329,21255,13977.50184459622,0.8434523809523808,0,0,"{timeout:600,max_col_multiplier:1,age_limit:2,random_seed:1,replication:2,num_threads:128,set_partition:true}",1
d60900.json.gz,d,60,900,LagrangeTemplate,highs,LTFarkas,3,24,54550.99999999998,inf,,60003.74583111307,,505,1380,1.505219,0.068967,2.235941,20879,13871.071252754582,15.129710144927536,0,0,"{timeout:600,max_col_multiplier:1,age_limit:2,random_seed:2,replication:3,num_threads:128,set_partition:true}",-1
d60900.json.gz,d,60,900,LagrangeTemplate,highs,LTFarkas,3,24,54550.99999999998,inf,nan,60003.74583111307,0,505,1380,1.505219,0.068967,2.235948,20879,13871.071252754582,0.6304045893719806,0,0,"{timeout:600,max_col_multiplier:1,age_limit:2,random_seed:2,replication:3,num_threads:128,set_partition:true}",1
d60900.json.gz,d,60,900,LagrangeTemplate,highs,LTFarkas,4,24,54550.99999999998,inf,,59915.81109970905,,507,1380,1.742015,0.065934,2.476996,23817,13672.098116261914,17.258695652173913,0,0,"{timeout:600,max_col_multiplier:1,age_limit:2,random_seed:3,replication:4,num_threads:128,set_partition:true}",-1
d60900.json.gz,d,60,900,LagrangeTemplate,highs,LTFarkas,4,24,54550.99999999998,inf,nan,59915.81109970905,0,507,1380,1.742015,0.065934,2.477002,23817,13672.098116261914,0.7191123188405797,0,0,"{timeout:600,max_col_multiplier:1,age_limit:2,random_seed:3,replication:4,num_threads:128,set_partition:true}",1
d60900.json.gz,d,60,900,LagrangeTemplate,highs,LTFarkas,5,22,54550.99999999998,inf,,60333.55152607711,,494,1260,1.504099,0.067741,2.162523,20648,13727.819777820476,16.387301587301586,0,0,"{timeout:600,max_col_multiplier:1,age_limit:2,random_seed:4,replication:5,num_threads:128,set_partition:true}",-1
d60900.json.gz,d,60,900,LagrangeTemplate,highs,LTFarkas,5,22,54550.99999999998,inf,nan,60333.55152607711,0,494,1260,1.504099,0.067741,2.16253,20648,13727.819777820476,0.7448773448773448,0,0,"{timeout:600,max_col_multiplier:1,age_limit:2,random_seed:4,replication:5,num_threads:128,set_partition:true}",1
d60900.json.gz,d,60,900,MipTemplate,highs,MTFarkas,1,10,54550.99999999998,56807,,56807,,60,540,0.02325,0.374144,0.851574,3612,155354.83870967742,6.688888888888889,1,0,"{timeout:600,max_col_multiplier:1,age_limit:2,random_seed:0,replication:1,num_threads:128,set_partition:true}",-1
d60900.json.gz,d,60,900,MipTemplate,highs,MTFarkas,1,10,54550.99999999998,56807,3.9713415600190114,56807,0,60,540,0.02325,0.374144,0.851592,3612,155354.83870967742,0.6688888888888889,1,0,"{timeout:600,max_col_multiplier:1,age_limit:2,random_seed:0,replication:1,num_threads:128,set_partition:true}",1
d60900.json.gz,d,60,900,MipTemplate,highs,MTFarkas,2,9,54550.99999999998,56679,,56679,,60,480,0.019617,0.337485,0.812714,3589,182953.5606871591,7.477083333333334,1,0,"{timeout:600,max_col_multiplier:1,age_limit:2,random_seed:1,replication:2,num_threads:128,set_partition:true}",-1
d60900.json.gz,d,60,900,MipTemplate,highs,MTFarkas,2,9,54550.99999999998,56679,3.754476966777819,56679,0,60,480,0.019617,0.337485,0.812726,3589,182953.5606871591,0.830787037037037,1,0,"{timeout:600,max_col_multiplier:1,age_limit:2,random_seed:1,replication:2,num_threads:128,set_partition:true}",1
d60900.json.gz,d,60,900,MipTemplate,highs,MTFarkas,3,10,54550.99999999998,56768,,56768,,60,540,0.026323,0.431192,0.912026,3671,139459.78801808305,6.798148148148148,1,0,"{timeout:600,max_col_multiplier:1,age_limit:2,random_seed:2,replication:3,num_threads:128,set_partition:true}",-1
d60900.json.gz,d,60,900,MipTemplate,highs,MTFarkas,3,10,54550.99999999998,56768,3.9053692220969562,56768,0,60,540,0.026323,0.431192,0.912045,3671,139459.78801808305,0.6798148148148149,1,0,"{timeout:600,max_col_multiplier:1,age_limit:2,random_seed:2,replication:3,num_threads:128,set_partition:true}",1
d60900.json.gz,d,60,900,MipTemplate,highs,MTFarkas,4,9,54550.99999999998,56640,,56640,,60,480,0.020499,0.342216,0.816236,3550,173179.17947216937,7.395833333333333,1,0,"{timeout:600,max_col_multiplier:1,age_limit:2,random_seed:3,replication:4,num_threads:128,set_partition:true}",-1
d60900.json.gz,d,60,900,MipTemplate,highs,MTFarkas,4,9,54550.99999999998,56640,3.6882062146892656,56640,0,60,480,0.020499,0.342216,0.816255,3550,173179.17947216937,0.8217592592592592,1,0,"{timeout:600,max_col_multiplier:1,age_limit:2,random_seed:3,replication:4,num_threads:128,set_partition:true}",1
d60900.json.gz,d,60,900,MipTemplate,highs,MTFarkas,5,10,54550.99999999998,56645,,56645,,60,540,0.025182,0.40373,0.888301,3685,146334.68350409024,6.824074074074074,1,0,"{timeout:600,max_col_multiplier:1,age_limit:2,random_seed:4,replication:5,num_threads:128,set_partition:true}",-1
d60900.json.gz,d,60,900,MipTemplate,highs,MTFarkas,5,10,54550.99999999998,56645,3.696707564657075,56645,0,60,540,0.025182,0.40373,0.888324,3685,146334.68350409024,0.6824074074074075,1,0,"{timeout:600,max_col_multiplier:1,age_limit:2,random_seed:4,replication:5,num_threads:128,set_partition:true}",1
d801600.json.gz,d,80,1600,Dantzig,highs,DantzigFarkas,1,22,97034.00000000004,inf,,,,,4960,599.185049,0.158305,600.558325,134798,,,0,1,"{timeout:600,max_col_multiplier:1,age_limit:34,random_seed:0,replication:1,num_threads:128,set_partition:true}",-4
d801600.json.gz,d,80,1600,Dantzig,highs,DantzigFarkas,1,22,97034.00000000004,inf,,,,,4960,599.185049,0.158305,600.558328,134798,,,0,1,"{timeout:600,max_col_multiplier:1,age_limit:34,random_seed:0,replication:1,num_threads:128,set_partition:true}",1
d801600.json.gz,d,80,1600,Dantzig,highs,DantzigFarkas,2,23,97034.00000000004,inf,,,,,5040,601.644256,0.172807,603.028227,139430,,,0,1,"{timeout:600,max_col_multiplier:1,age_limit:34,random_seed:1,replication:2,num_threads:128,set_partition:true}",-4
d801600.json.gz,d,80,1600,Dantzig,highs,DantzigFarkas,2,23,97034.00000000004,inf,,,,,5040,601.644256,0.172807,603.028229,139430,,,0,1,"{timeout:600,max_col_multiplier:1,age_limit:34,random_seed:1,replication:2,num_threads:128,set_partition:true}",1
d801600.json.gz,d,80,1600,Dantzig,highs,DantzigFarkas,3,23,97034.00000000004,inf,,,,,5040,598.641649,0.159001,600.007808,139244,,,0,1,"{timeout:600,max_col_multiplier:1,age_limit:34,random_seed:2,replication:3,num_threads:128,set_partition:true}",-4
d801600.json.gz,d,80,1600,Dantzig,highs,DantzigFarkas,3,23,97034.00000000004,inf,,,,,5040,598.641649,0.159001,600.007811,139244,,,0,1,"{timeout:600,max_col_multiplier:1,age_limit:34,random_seed:2,replication:3,num_threads:128,set_partition:true}",1
d801600.json.gz,d,80,1600,Dantzig,highs,DantzigFarkas,4,23,97034.00000000004,inf,,,,,5040,599.884484,0.159508,601.249399,139246,,,0,1,"{timeout:600,max_col_multiplier:1,age_limit:34,random_seed:3,replication:4,num_threads:128,set_partition:true}",-4
d801600.json.gz,d,80,1600,Dantzig,highs,DantzigFarkas,4,23,97034.00000000004,inf,,,,,5040,599.884484,0.159508,601.249402,139246,,,0,1,"{timeout:600,max_col_multiplier:1,age_limit:34,random_seed:3,replication:4,num_threads:128,set_partition:true}",1
d801600.json.gz,d,80,1600,Dantzig,highs,DantzigFarkas,5,23,97034.00000000004,inf,,,,,5040,600.19278,0.157652,601.558341,141587,,,0,1,"{timeout:600,max_col_multiplier:1,age_limit:34,random_seed:4,replication:5,num_threads:128,set_partition:true}",-4
d801600.json.gz,d,80,1600,Dantzig,highs,DantzigFarkas,5,23,97034.00000000004,inf,,,,,5040,600.19278,0.157652,601.558343,141587,,,0,1,"{timeout:600,max_col_multiplier:1,age_limit:34,random_seed:4,replication:5,num_threads:128,set_partition:true}",1
d801600.json.gz,d,80,1600,LagrangeTemplate,highs,LTFarkas,1,37,97034.00000000004,inf,,107418.16586476337,,1028,2880,22.559635,0.295677,26.370181,98963,4386.728774645512,34.36215277777778,0,0,"{timeout:600,max_col_multiplier:1,age_limit:2,random_seed:0,replication:1,num_threads:128,set_partition:true}",-1
d801600.json.gz,d,80,1600,LagrangeTemplate,highs,LTFarkas,1,37,97034.00000000004,inf,nan,107418.16586476337,0,1028,2880,22.559635,0.295677,26.370188,98963,4386.728774645512,0.9287068318318319,0,0,"{timeout:600,max_col_multiplier:1,age_limit:2,random_seed:0,replication:1,num_threads:128,set_partition:true}",1
d801600.json.gz,d,80,1600,LagrangeTemplate,highs,LTFarkas,2,35,97034.00000000004,inf,,106796.25786346653,,1032,2720,19.158414,0.272345,22.855271,87090,4545.783382695457,32.018382352941174,0,0,"{timeout:600,max_col_multiplier:1,age_limit:2,random_seed:1,replication:2,num_threads:128,set_partition:true}",-1
d801600.json.gz,d,80,1600,LagrangeTemplate,highs,LTFarkas,2,35,97034.00000000004,inf,nan,106796.25786346653,0,1032,2720,19.158414,0.272345,22.855278,87090,4545.783382695457,0.9148109243697479,0,0,"{timeout:600,max_col_multiplier:1,age_limit:2,random_seed:1,replication:2,num_threads:128,set_partition:true}",1
d801600.json.gz,d,80,1600,LagrangeTemplate,highs,LTFarkas,3,31,97034.00000000004,inf,,104334.22766706496,,1050,2400,14.987388,0.239785,18.04775,67916,4531.543455070357,28.298333333333332,0,0,"{timeout:600,max_col_multiplier:1,age_limit:2,random_seed:2,replication:3,num_threads:128,set_partition:true}",-1
d801600.json.gz,d,80,1600,LagrangeTemplate,highs,LTFarkas,3,31,97034.00000000004,inf,nan,104334.22766706496,0,1050,2400,14.987388,0.239785,18.047757,67916,4531.543455070357,0.9128494623655914,0,0,"{timeout:600,max_col_multiplier:1,age_limit:2,random_seed:2,replication:3,num_threads:128,set_partition:true}",1
d801600.json.gz,d,80,1600,LagrangeTemplate,highs,LTFarkas,4,38,97034.00000000004,inf,,107534.36654914987,,970,2960,24.098106,0.305117,28.26674,110994,4605.922141765,37.497972972972974,0,0,"{timeout:600,max_col_multiplier:1,age_limit:2,random_seed:3,replication:4,num_threads:128,set_partition:true}",-1
d801600.json.gz,d,80,1600,LagrangeTemplate,highs,LTFarkas,4,38,97034.00000000004,inf,nan,107534.36654914987,0,970,2960,24.098106,0.305117,28.266747,110994,4605.922141765,0.9867887624466573,0,0,"{timeout:600,max_col_multiplier:1,age_limit:2,random_seed:3,replication:4,num_threads:128,set_partition:true}",1
d801600.json.gz,d,80,1600,LagrangeTemplate,highs,LTFarkas,5,34,97034.00000000004,inf,,107269.48356366728,,931,2640,18.621083,0.26747,20.429335,91847,4932.419881271138,34.7905303030303,0,0,"{timeout:600,max_col_multiplier:1,age_limit:2,random_seed:4,replication:5,num_threads:128,set_partition:true}",-1
d801600.json.gz,d,80,1600,LagrangeTemplate,highs,LTFarkas,5,34,97034.00000000004,inf,nan,107269.48356366728,0,931,2640,18.621083,0.26747,20.429342,91847,4932.419881271138,1.023250891265597,0,0,"{timeout:600,max_col_multiplier:1,age_limit:2,random_seed:4,replication:5,num_threads:128,set_partition:true}",1
d801600.json.gz,d,80,1600,MipTemplate,highs,MTFarkas,1,12,97034.00000000004,99693,,99693,,80,880,0.068883,0.719806,2.067782,5894,85565.37897594472,6.697727272727272,1,0,"{timeout:600,max_col_multiplier:1,age_limit:2,random_seed:0,replication:1,num_threads:128,set_partition:true}",-1
d801600.json.gz,d,80,1600,MipTemplate,highs,MTFarkas,1,12,97034.00000000004,99693,2.667188267982707,99693,0,80,880,0.068883,0.719806,2.0678,5894,85565.37897594472,0.5581439393939394,1,0,"{timeout:600,max_col_multiplier:1,age_limit:2,random_seed:0,replication:1,num_threads:128,set_partition:true}",1
d801600.json.gz,d,80,1600,MipTemplate,highs,MTFarkas,2,12,97034.00000000004,99674,,99674,,80,880,0.050424,0.676657,1.957333,5887,116749.96033634778,6.689772727272727,1,0,"{timeout:600,max_col_multiplier:1,age_limit:2,random_seed:1,replication:2,num_threads:128,set_partition:true}",-1
d801600.json.gz,d,80,1600,MipTemplate,highs,MTFarkas,2,12,97034.00000000004,99674,2.648634548628529,99674,0,80,880,0.050424,0.676657,1.957346,5887,116749.96033634778,0.5574810606060606,1,0,"{timeout:600,max_col_multiplier:1,age_limit:2,random_seed:1,replication:2,num_threads:128,set_partition:true}",1
d801600.json.gz,d,80,1600,MipTemplate,highs,MTFarkas,3,12,97034.00000000004,99684,,99684,,80,880,0.051081,0.68315,1.966696,5860,114719.75881443197,6.659090909090909,1,0,"{timeout:600,max_col_multiplier:1,age_limit:2,random_seed:2,replication:3,num_threads:128,set_partition:true}",-1
d801600.json.gz,d,80,1600,MipTemplate,highs,MTFarkas,3,12,97034.00000000004,99684,2.6584005457244895,99684,0,80,880,0.051081,0.68315,1.966717,5860,114719.75881443197,0.5549242424242424,1,0,"{timeout:600,max_col_multiplier:1,age_limit:2,random_seed:2,replication:3,num_threads:128,set_partition:true}",1
d801600.json.gz,d,80,1600,MipTemplate,highs,MTFarkas,4,13,97034.00000000004,99735,,99735,,80,960,0.060614,0.756237,2.064976,6045,99729.43544395684,6.296875,1,0,"{timeout:600,max_col_multiplier:1,age_limit:2,random_seed:3,replication:4,num_threads:128,set_partition:true}",-1
d801600.json.gz,d,80,1600,MipTemplate,highs,MTFarkas,4,13,97034.00000000004,99735,2.708176668170652,99735,0,80,960,0.060614,0.756237,2.06499,6045,99729.43544395684,0.484375,1,0,"{timeout:600,max_col_multiplier:1,age_limit:2,random_seed:3,replication:4,num_threads:128,set_partition:true}",1
d801600.json.gz,d,80,1600,MipTemplate,highs,MTFarkas,5,12,97034.00000000004,99637,,99637,,80,880,0.064077,0.702934,2.002638,5884,91827.0206158216,6.6863636363636365,1,0,"{timeout:600,max_col_multiplier:1,age_limit:2,random_seed:4,replication:5,num_threads:128,set_partition:true}",-1
d801600.json.gz,d,80,1600,MipTemplate,highs,MTFarkas,5,12,97034.00000000004,99637,2.612483314431386,99637,0,80,880,0.064077,0.702934,2.00266,5884,91827.0206158216,0.5571969696969697,1,0,"{timeout:600,max_col_multiplier:1,age_limit:2,random_seed:4,replication:5,num_threads:128,set_partition:true}",1
e05100.json.gz,e,5,100,Dantzig,highs,DantzigFarkas,1,38,12641.419125080414,inf,,28475.561311283414,,102,185,0.084156,0.011612,0.102675,3167,37632.492038594995,17.11891891891892,0,0,"{timeout:600,max_col_multiplier:1,age_limit:34,random_seed:0,replication:1,num_threads:128,set_partition:true}",-1
e05100.json.gz,e,5,100,Dantzig,highs,DantzigFarkas,1,38,12641.419125080414,inf,nan,28475.561311283414,0,102,185,0.084156,0.011612,0.102682,3167,37632.492038594995,0.45049786628733995,0,0,"{timeout:600,max_col_multiplier:1,age_limit:34,random_seed:0,replication:1,num_threads:128,set_partition:true}",1
e05100.json.gz,e,5,100,Dantzig,highs,DantzigFarkas,2,33,12641.419125080414,inf,,27805.88617097587,,105,160,0.053338,0.009938,0.067882,2549,47789.56841276388,15.93125,0,0,"{timeout:600,max_col_multiplier:1,age_limit:34,random_seed:1,replication:2,num_threads:128,set_partition:true}",-1
e05100.json.gz,e,5,100,Dantzig,highs,DantzigFarkas,2,33,12641.419125080414,inf,nan,27805.88617097587,0,105,160,0.053338,0.009938,0.06789,2549,47789.56841276388,0.48276515151515154,0,0,"{timeout:600,max_col_multiplier:1,age_limit:34,random_seed:1,replication:2,num_threads:128,set_partition:true}",1
e05100.json.gz,e,5,100,Dantzig,highs,DantzigFarkas,3,34,12641.419125080414,inf,,27377.32903157847,,105,165,0.06101,0.010055,0.0762,2752,45107.35944927061,16.67878787878788,0,0,"{timeout:600,max_col_multiplier:1,age_limit:34,random_seed:2,replication:3,num_threads:128,set_partition:true}",-1
e05100.json.gz,e,5,100,Dantzig,highs,DantzigFarkas,3,34,12641.419125080414,inf,nan,27377.32903157847,0,105,165,0.06101,0.010055,0.076211,2752,45107.35944927061,0.4905525846702318,0,0,"{timeout:600,max_col_multiplier:1,age_limit:34,random_seed:2,replication:3,num_threads:128,set_partition:true}",1
e05100.json.gz,e,5,100,Dantzig,highs,DantzigFarkas,4,35,12641.419125080414,inf,,28532.219549153382,,105,170,0.059846,0.010334,0.075674,2599,43428.13220599539,15.288235294117648,0,0,"{timeout:600,max_col_multiplier:1,age_limit:34,random_seed:3,replication:4,num_threads:128,set_partition:true}",-1
e05100.json.gz,e,5,100,Dantzig,highs,DantzigFarkas,4,35,12641.419125080414,inf,nan,28532.219549153382,0,105,170,0.059846,0.010334,0.075685,2599,43428.13220599539,0.43680672268907567,0,0,"{timeout:600,max_col_multiplier:1,age_limit:34,random_seed:3,replication:4,num_threads:128,set_partition:true}",1
e05100.json.gz,e,5,100,Dantzig,highs,DantzigFarkas,5,37,12641.419125080414,inf,,27789.494325240546,,105,180,0.06424,0.011785,0.081404,2678,41687.42216687422,14.877777777777778,0,0,"{timeout:600,max_col_multiplier:1,age_limit:34,random_seed:4,replication:5,num_threads:128,set_partition:true}",-1
e05100.json.gz,e,5,100,Dantzig,highs,DantzigFarkas,5,37,12641.419125080414,inf,nan,27789.494325240546,0,105,180,0.06424,0.011785,0.08141,2678,41687.42216687422,0.4021021021021021,0,0,"{timeout:600,max_col_multiplier:1,age_limit:34,random_seed:4,replication:5,num_threads:128,set_partition:true}",1
e05100.json.gz,e,5,100,LagrangeTemplate,highs,LTFarkas,1,19,12641.419125080414,inf,,14851.499999999975,,10,90,0.007291,0.006345,0.017085,533,73103.82663557811,5.9222222222222225,0,0,"{timeout:600,max_col_multiplier:1,age_limit:2,random_seed:0,replication:1,num_threads:128,set_partition:true}",-1
e05100.json.gz,e,5,100,LagrangeTemplate,highs,LTFarkas,1,19,12641.419125080414,inf,nan,14851.499999999975,0,10,90,0.007291,0.006345,0.017095,533,73103.82663557811,0.3116959064327485,0,0,"{timeout:600,max_col_multiplier:1,age_limit:2,random_seed:0,replication:1,num_threads:128,set_partition:true}",1
e05100.json.gz,e,5,100,LagrangeTemplate,highs,LTFarkas,2,11,12641.419125080414,14054,,14054,,5,50,0.004006,0.004068,0.011141,351,87618.57214178731,7.02,1,0,"{timeout:600,max_col_multiplier:1,age_limit:2,random_seed:1,replication:2,num_threads:128,set_partition:true}",-1
e05100.json.gz,e,5,100,LagrangeTemplate,highs,LTFarkas,2,11,12641.419125080414,14054,10.046961719083534,14054,0,5,50,0.004006,0.004068,0.01115,351,87618.57214178731,0.6381818181818182,1,0,"{timeout:600,max_col_multiplier:1,age_limit:2,random_seed:1,replication:2,num_threads:128,set_partition:true}",1
e05100.json.gz,e,5,100,LagrangeTemplate,highs,LTFarkas,3,19,12641.419125080414,13515,,13515,,5,90,0.009114,0.006367,0.01873,630,69124.42396313364,7,1,0,"{timeout:600,max_col_multiplier:1,age_limit:2,random_seed:2,replication:3,num_threads:128,set_partition:true}",-1
e05100.json.gz,e,5,100,LagrangeTemplate,highs,LTFarkas,3,19,12641.419125080414,13515,6.459489456159822,13515,0,5,90,0.009114,0.006367,0.018738,630,69124.42396313364,0.3684210526315789,1,0,"{timeout:600,max_col_multiplier:1,age_limit:2,random_seed:2,replication:3,num_threads:128,set_partition:true}",1
e05100.json.gz,e,5,100,LagrangeTemplate,highs,LTFarkas,4,21,12641.419125080414,14479,,14479,,5,100,0.009922,0.007469,0.020868,683,68836.92803870187,6.83,1,0,"{timeout:600,max_col_multiplier:1,age_limit:2,random_seed:3,replication:4,num_threads:128,set_partition:true}",-1
e05100.json.gz,e,5,100,LagrangeTemplate,highs,LTFarkas,4,21,12641.419125080414,14479,12.687340285931349,14479,0,5,100,0.009922,0.007469,0.020879,683,68836.92803870187,0.3252380952380952,1,0,"{timeout:600,max_col_multiplier:1,age_limit:2,random_seed:3,replication:4,num_threads:128,set_partition:true}",1
e05100.json.gz,e,5,100,LagrangeTemplate,highs,LTFarkas,5,20,12641.419125080414,inf,,16474.166666666668,,21,95,0.009561,0.00647,0.019362,647,67670.74573789352,6.810526315789474,0,0,"{timeout:600,max_col_multiplier:1,age_limit:2,random_seed:4,replication:5,num_threads:128,set_partition:true}",-1
e05100.json.gz,e,5,100,LagrangeTemplate,highs,LTFarkas,5,20,12641.419125080414,inf,nan,16474.166666666668,0,21,95,0.009561,0.00647,0.019371,647,67670.74573789352,0.3405263157894737,0,0,"{timeout:600,max_col_multiplier:1,age_limit:2,random_seed:4,replication:5,num_threads:128,set_partition:true}",1
e05100.json.gz,e,5,100,MipTemplate,highs,MTFarkas,1,13,12641.419125080414,13723,,13723.000000000004,,5,60,0.005187,0.200257,0.213232,309,59572.00694042799,5.15,1,0,"{timeout:600,max_col_multiplier:1,age_limit:2,random_seed:0,replication:1,num_threads:128,set_partition:true}",-1
e05100.json.gz,e,5,100,MipTemplate,highs,MTFarkas,1,13,12641.419125080414,13723,7.877286307658675,13723.000000000004,0,5,60,0.005187,0.200257,0.213248,309,59572.00694042799,0.3961538461538462,1,0,"{timeout:600,max_col_multiplier:1,age_limit:2,random_seed:0,replication:1,num_threads:128,set_partition:true}",1
e05100.json.gz,e,5,100,MipTemplate,highs,MTFarkas,2,8,12641.419125080414,14054,,14054,,5,35,0.002796,0.112003,0.120781,276,98712.44635193133,7.885714285714286,1,0,"{timeout:600,max_col_multiplier:1,age_limit:2,random_seed:1,replication:2,num_threads:128,set_partition:true}",-1
e05100.json.gz,e,5,100,MipTemplate,highs,MTFarkas,2,8,12641.419125080414,14054,10.046961719083534,14054,0,5,35,0.002796,0.112003,0.120797,276,98712.44635193133,0.9857142857142858,1,0,"{timeout:600,max_col_multiplier:1,age_limit:2,random_seed:1,replication:2,num_threads:128,set_partition:true}",1
e05100.json.gz,e,5,100,MipTemplate,highs,MTFarkas,3,14,12641.419125080414,13723,,13723,,5,65,0.006121,0.181108,0.191205,326,53259.27136088875,5.015384615384615,1,0,"{timeout:600,max_col_multiplier:1,age_limit:2,random_seed:2,replication:3,num_threads:128,set_partition:true}",-1
e05100.json.gz,e,5,100,MipTemplate,highs,MTFarkas,3,14,12641.419125080414,13723,7.877286307658675,13723,0,5,65,0.006121,0.181108,0.191219,326,53259.27136088875,0.35824175824175825,1,0,"{timeout:600,max_col_multiplier:1,age_limit:2,random_seed:2,replication:3,num_threads:128,set_partition:true}",1
e05100.json.gz,e,5,100,MipTemplate,highs,MTFarkas,4,10,12641.419125080414,14054,,14054,,5,45,0.003951,0.103833,0.115529,287,72639.83801569224,6.377777777777778,1,0,"{timeout:600,max_col_multiplier:1,age_limit:2,random_seed:3,replication:4,num_threads:128,set_partition:true}",-1
e05100.json.gz,e,5,100,MipTemplate,highs,MTFarkas,4,10,12641.419125080414,14054,10.046961719083534,14054,0,5,45,0.003951,0.103833,0.115537,287,72639.83801569224,0.6377777777777778,1,0,"{timeout:600,max_col_multiplier:1,age_limit:2,random_seed:3,replication:4,num_threads:128,set_partition:true}",1
e05100.json.gz,e,5,100,MipTemplate,highs,MTFarkas,5,14,12641.419125080414,14054,,14054,,5,65,0.006204,0.164242,0.178192,304,49000.6447453256,4.676923076923077,1,0,"{timeout:600,max_col_multiplier:1,age_limit:2,random_seed:4,replication:5,num_threads:128,set_partition:true}",-1
e05100.json.gz,e,5,100,MipTemplate,highs,MTFarkas,5,14,12641.419125080414,14054,10.046961719083534,14054,0,5,65,0.006204,0.164242,0.178206,304,49000.6447453256,0.3340659340659341,1,0,"{timeout:600,max_col_multiplier:1,age_limit:2,random_seed:4,replication:5,num_threads:128,set_partition:true}",1
e05200.json.gz,e,5,200,Dantzig,highs,DantzigFarkas,1,74,24922,inf,,56049.13543273251,,205,365,0.836073,0.024767,0.881019,11917,14253.540061693178,32.64931506849315,0,0,"{timeout:600,max_col_multiplier:1,age_limit:132,random_seed:0,replication:1,num_threads:128,set_partition:true}",-1
e05200.json.gz,e,5,200,Dantzig,highs,DantzigFarkas,1,74,24922,inf,nan,56049.13543273251,0,205,365,0.836073,0.024767,0.881026,11917,14253.540061693178,0.4412069603850426,0,0,"{timeout:600,max_col_multiplier:1,age_limit:132,random_seed:0,replication:1,num_threads:128,set_partition:true}",1
e05200.json.gz,e,5,200,Dantzig,highs,DantzigFarkas,2,79,24922,inf,,55827.0202845773,,205,390,1.06646,0.025363,1.130474,12630,11842.919565665848,32.38461538461539,0,0,"{timeout:600,max_col_multiplier:1,age_limit:132,random_seed:1,replication:2,num_threads:128,set_partition:true}",-1
e05200.json.gz,e,5,200,Dantzig,highs,DantzigFarkas,2,79,24922,inf,nan,55827.0202845773,0,205,390,1.06646,0.025363,1.130481,12630,11842.919565665848,0.4099318403115872,0,0,"{timeout:600,max_col_multiplier:1,age_limit:132,random_seed:1,replication:2,num_threads:128,set_partition:true}",1
e05200.json.gz,e,5,200,Dantzig,highs,DantzigFarkas,3,66,24922,inf,,56216.58750014547,,205,325,0.700074,0.022791,0.747348,11604,16575.390601564977,35.70461538461539,0,0,"{timeout:600,max_col_multiplier:1,age_limit:132,random_seed:2,replication:3,num_threads:128,set_partition:true}",-1
e05200.json.gz,e,5,200,Dantzig,highs,DantzigFarkas,3,66,24922,inf,nan,56216.58750014547,0,205,325,0.700074,0.022791,0.747354,11604,16575.390601564977,0.5409790209790211,0,0,"{timeout:600,max_col_multiplier:1,age_limit:132,random_seed:2,replication:3,num_threads:128,set_partition:true}",1
e05200.json.gz,e,5,200,Dantzig,highs,DantzigFarkas,4,71,24922,inf,,55520.71016434076,,205,350,0.814737,0.023081,0.877255,11526,14146.896483159595,32.93142857142857,0,0,"{timeout:600,max_col_multiplier:1,age_limit:132,random_seed:3,replication:4,num_threads:128,set_partition:true}",-1
e05200.json.gz,e,5,200,Dantzig,highs,DantzigFarkas,4,71,24922,inf,nan,55520.71016434076,0,205,350,0.814737,0.023081,0.877262,11526,14146.896483159595,0.4638229376257545,0,0,"{timeout:600,max_col_multiplier:1,age_limit:132,random_seed:3,replication:4,num_threads:128,set_partition:true}",1
e05200.json.gz,e,5,200,Dantzig,highs,DantzigFarkas,5,70,24922,inf,,57134.84356701883,,205,345,0.746053,0.023555,0.789633,11482,15390.327496840038,33.28115942028985,0,0,"{timeout:600,max_col_multiplier:1,age_limit:132,random_seed:4,replication:5,num_threads:128,set_partition:true}",-1
e05200.json.gz,e,5,200,Dantzig,highs,DantzigFarkas,5,70,24922,inf,nan,57134.84356701883,0,205,345,0.746053,0.023555,0.789644,11482,15390.327496840038,0.4754451345755693,0,0,"{timeout:600,max_col_multiplier:1,age_limit:132,random_seed:4,replication:5,num_threads:128,set_partition:true}",1
e05200.json.gz,e,5,200,LagrangeTemplate,highs,LTFarkas,1,45,24922,inf,,27345.623608110862,,109,220,0.102024,0.020405,0.132321,3371,33041.2451972085,15.322727272727272,0,0,"{timeout:600,max_col_multiplier:1,age_limit:4,random_seed:0,replication:1,num_threads:128,set_partition:true}",-1
e05200.json.gz,e,5,200,LagrangeTemplate,highs,LTFarkas,1,45,24922,inf,nan,27345.623608110862,0,109,220,0.102024,0.020405,0.132331,3371,33041.2451972085,0.3405050505050505,0,0,"{timeout:600,max_col_multiplier:1,age_limit:4,random_seed:0,replication:1,num_threads:128,set_partition:true}",1
e05200.json.gz,e,5,200,LagrangeTemplate,highs,LTFarkas,2,37,24922,25844.999999999985,,25844.999999999985,,5,180,0.057941,0.017064,0.083614,2291,39540.22194991457,12.727777777777778,1,0,"{timeout:600,max_col_multiplier:1,age_limit:4,random_seed:1,replication:2,num_threads:128,set_partition:true}",-1
e05200.json.gz,e,5,200,LagrangeTemplate,highs,LTFarkas,2,37,24922,25844.999999999985,3.571290384987371,25844.999999999985,0,5,180,0.057941,0.017064,0.083621,2291,39540.22194991457,0.343993993993994,1,0,"{timeout:600,max_col_multiplier:1,age_limit:4,random_seed:1,replication:2,num_threads:128,set_partition:true}",1
e05200.json.gz,e,5,200,LagrangeTemplate,highs,LTFarkas,3,42,24922,25242,,25242.00000000186,,5,205,0.101014,0.017593,0.129204,3425,33906.19122101887,16.70731707317073,1,0,"{timeout:600,max_col_multiplier:1,age_limit:4,random_seed:2,replication:3,num_threads:128,set_partition:true}",-1
e05200.json.gz,e,5,200,LagrangeTemplate,highs,LTFarkas,3,42,24922,25242,1.2677283891926154,25242.00000000186,0,5,205,0.101014,0.017593,0.12921,3425,33906.19122101887,0.3977932636469222,1,0,"{timeout:600,max_col_multiplier:1,age_limit:4,random_seed:2,replication:3,num_threads:128,set_partition:true}",1
e05200.json.gz,e,5,200,LagrangeTemplate,highs,LTFarkas,4,50,24922,inf,,28182.673697348033,,137,245,0.15947,0.027345,0.20588,4347,27259.045588511945,17.742857142857144,0,0,"{timeout:600,max_col_multiplier:1,age_limit:4,random_seed:3,replication:4,num_threads:128,set_partition:true}",-1
e05200.json.gz,e,5,200,LagrangeTemplate,highs,LTFarkas,4,50,24922,inf,nan,28182.673697348033,0,137,245,0.15947,0.027345,0.205889,4347,27259.045588511945,0.35485714285714287,0,0,"{timeout:600,max_col_multiplier:1,age_limit:4,random_seed:3,replication:4,num_threads:128,set_partition:true}",1
e05200.json.gz,e,5,200,LagrangeTemplate,highs,LTFarkas,5,57,24922,inf,,28001.719254471813,,156,280,0.244811,0.027843,0.287947,5629,22993.24785242493,20.103571428571428,0,0,"{timeout:600,max_col_multiplier:1,age_limit:4,random_seed:4,replication:5,num_threads:128,set_partition:true}",-1
e05200.json.gz,e,5,200,LagrangeTemplate,highs,LTFarkas,5,57,24922,inf,nan,28001.719254471813,0,156,280,0.244811,0.027843,0.287954,5629,22993.24785242493,0.3526942355889724,0,0,"{timeout:600,max_col_multiplier:1,age_limit:4,random_seed:4,replication:5,num_threads:128,set_partition:true}",1
e05200.json.gz,e,5,200,MipTemplate,highs,MTFarkas,1,14,24922,26326,,26326,,5,65,0.009956,0.271084,0.29533,572,57452.79228605866,8.8,1,0,"{timeout:600,max_col_multiplier:1,age_limit:4,random_seed:0,replication:1,num_threads:128,set_partition:true}",-1
e05200.json.gz,e,5,200,MipTemplate,highs,MTFarkas,1,14,24922,26326,5.333130745270835,26326,0,5,65,0.009956,0.271084,0.295344,572,57452.79228605866,0.6285714285714287,1,0,"{timeout:600,max_col_multiplier:1,age_limit:4,random_seed:0,replication:1,num_threads:128,set_partition:true}",1
e05200.json.gz,e,5,200,MipTemplate,highs,MTFarkas,2,30,24922,25935,,25935,,5,145,0.027319,0.641362,0.684101,657,24049.196529887624,4.531034482758621,1,0,"{timeout:600,max_col_multiplier:1,age_limit:4,random_seed:1,replication:2,num_threads:128,set_partition:true}",-1
e05200.json.gz,e,5,200,MipTemplate,highs,MTFarkas,2,30,24922,25935,3.905918642760748,25935,0,5,145,0.027319,0.641362,0.684115,657,24049.196529887624,0.1510344827586207,1,0,"{timeout:600,max_col_multiplier:1,age_limit:4,random_seed:1,replication:2,num_threads:128,set_partition:true}",1
e05200.json.gz,e,5,200,MipTemplate,highs,MTFarkas,3,26,24922,25242,,25242,,5,125,0.022096,0.428453,0.465668,650,29417.089065894277,5.2,1,0,"{timeout:600,max_col_multiplier:1,age_limit:4,random_seed:2,replication:3,num_threads:128,set_partition:true}",-1
e05200.json.gz,e,5,200,MipTemplate,highs,MTFarkas,3,26,24922,25242,1.2677283891926154,25242,0,5,125,0.022096,0.428453,0.465682,650,29417.089065894277,0.2,1,0,"{timeout:600,max_col_multiplier:1,age_limit:4,random_seed:2,replication:3,num_threads:128,set_partition:true}",1
e05200.json.gz,e,5,200,MipTemplate,highs,MTFarkas,4,17,24922,26254,,26254,,5,80,0.011578,0.284691,0.30363,577,49835.895664190706,7.2125,1,0,"{timeout:600,max_col_multiplier:1,age_limit:4,random_seed:3,replication:4,num_threads:128,set_partition:true}",-1
e05200.json.gz,e,5,200,MipTemplate,highs,MTFarkas,4,17,24922,26254,5.073512607602651,26254,0,5,80,0.011578,0.284691,0.303644,577,49835.895664190706,0.424264705882353,1,0,"{timeout:600,max_col_multiplier:1,age_limit:4,random_seed:3,replication:4,num_threads:128,set_partition:true}",1
e05200.json.gz,e,5,200,MipTemplate,highs,MTFarkas,5,25,24922,25242,,25242,,5,120,0.02106,0.514083,0.551514,648,30769.23076923077,5.4,1,0,"{timeout:600,max_col_multiplier:1,age_limit:4,random_seed:4,replication:5,num_threads:128,set_partition:true}",-1
e05200.json.gz,e,5,200,MipTemplate,highs,MTFarkas,5,25,24922,25242,1.2677283891926154,25242,0,5,120,0.02106,0.514083,0.551528,648,30769.23076923077,0.21600000000000003,1,0,"{timeout:600,max_col_multiplier:1,age_limit:4,random_seed:4,replication:5,num_threads:128,set_partition:true}",1
e10100.json.gz,e,10,100,Dantzig,highs,DantzigFarkas,1,49,11543.054254892704,inf,,28487.75489422079,,110,480,0.1657,0.01692,0.193248,5662,34170.187085093545,11.795833333333333,0,0,"{timeout:600,max_col_multiplier:1,age_limit:10,random_seed:0,replication:1,num_threads:128,set_partition:true}",-1
e10100.json.gz,e,10,100,Dantzig,highs,DantzigFarkas,1,49,11543.054254892704,inf,nan,28487.75489422079,0,110,480,0.1657,0.01692,0.193257,5662,34170.187085093545,0.24073129251700678,0,0,"{timeout:600,max_col_multiplier:1,age_limit:10,random_seed:0,replication:1,num_threads:128,set_partition:true}",1
e10100.json.gz,e,10,100,Dantzig,highs,DantzigFarkas,2,44,11543.054254892704,inf,,27046.90820948659,,110,430,0.117651,0.014994,0.142671,4810,40883.630398381654,11.186046511627907,0,0,"{timeout:600,max_col_multiplier:1,age_limit:10,random_seed:1,replication:2,num_threads:128,set_partition:true}",-1
e10100.json.gz,e,10,100,Dantzig,highs,DantzigFarkas,2,44,11543.054254892704,inf,nan,27046.90820948659,0,110,430,0.117651,0.014994,0.142676,4810,40883.630398381654,0.25422832980972515,0,0,"{timeout:600,max_col_multiplier:1,age_limit:10,random_seed:1,replication:2,num_threads:128,set_partition:true}",1
e10100.json.gz,e,10,100,Dantzig,highs,DantzigFarkas,3,44,11543.054254892704,inf,,29227.07361761861,,108,430,0.141158,0.016413,0.167592,5075,35952.62046784454,11.80232558139535,0,0,"{timeout:600,max_col_multiplier:1,age_limit:10,random_seed:2,replication:3,num_threads:128,set_partition:true}",-1
e10100.json.gz,e,10,100,Dantzig,highs,DantzigFarkas,3,44,11543.054254892704,inf,nan,29227.07361761861,0,108,430,0.141158,0.016413,0.167599,5075,35952.62046784454,0.26823467230443976,0,0,"{timeout:600,max_col_multiplier:1,age_limit:10,random_seed:2,replication:3,num_threads:128,set_partition:true}",1
e10100.json.gz,e,10,100,Dantzig,highs,DantzigFarkas,4,49,11543.054254892704,inf,,27767.226221676967,,109,480,0.165636,0.015512,0.191009,5653,34129.054070371174,11.777083333333334,0,0,"{timeout:600,max_col_multiplier:1,age_limit:10,random_seed:3,replication:4,num_threads:128,set_partition:true}",-1
e10100.json.gz,e,10,100,Dantzig,highs,DantzigFarkas,4,49,11543.054254892704,inf,nan,27767.226221676967,0,109,480,0.165636,0.015512,0.191019,5653,34129.054070371174,0.24034863945578233,0,0,"{timeout:600,max_col_multiplier:1,age_limit:10,random_seed:3,replication:4,num_threads:128,set_partition:true}",1
e10100.json.gz,e,10,100,Dantzig,highs,DantzigFarkas,5,44,11543.054254892704,inf,,27350.029441919134,,109,430,0.129236,0.015346,0.156971,4969,38449.03896747037,11.555813953488371,0,0,"{timeout:600,max_col_multiplier:1,age_limit:10,random_seed:4,replication:5,num_threads:128,set_partition:true}",-1
e10100.json.gz,e,10,100,Dantzig,highs,DantzigFarkas,5,44,11543.054254892704,inf,nan,27350.029441919134,0,109,430,0.129236,0.015346,0.156977,4969,38449.03896747037,0.2626321353065539,0,0,"{timeout:600,max_col_multiplier:1,age_limit:10,random_seed:4,replication:5,num_threads:128,set_partition:true}",1
e10100.json.gz,e,10,100,LagrangeTemplate,highs,LTFarkas,1,7,11543.054254892704,12356,,12356,,10,60,0.0023,0.002911,0.012834,517,224782.6086956522,8.616666666666667,1,0,"{timeout:600,max_col_multiplier:1,age_limit:2,random_seed:0,replication:1,num_threads:128,set_partition:true}",-1
e10100.json.gz,e,10,100,LagrangeTemplate,highs,LTFarkas,1,7,11543.054254892704,12356,6.5717060537390735,12356,0,10,60,0.0023,0.002911,0.012841,517,224782.6086956522,1.230952380952381,1,0,"{timeout:600,max_col_multiplier:1,age_limit:2,random_seed:0,replication:1,num_threads:128,set_partition:true}",1
e10100.json.gz,e,10,100,LagrangeTemplate,highs,LTFarkas,2,9,11543.054254892704,12309,,12309,,10,80,0.002148,0.002993,0.012157,518,241154.56238361265,6.475,1,0,"{timeout:600,max_col_multiplier:1,age_limit:2,random_seed:1,replication:2,num_threads:128,set_partition:true}",-1
e10100.json.gz,e,10,100,LagrangeTemplate,highs,LTFarkas,2,9,11543.054254892704,12309,6.214964660004874,12309,0,10,80,0.002148,0.002993,0.012166,518,241154.56238361265,0.7194444444444444,1,0,"{timeout:600,max_col_multiplier:1,age_limit:2,random_seed:1,replication:2,num_threads:128,set_partition:true}",1
e10100.json.gz,e,10,100,LagrangeTemplate,highs,LTFarkas,3,10,11543.054254892704,13010,,13010,,10,90,0.003417,0.003203,0.013892,585,171202.80948200176,6.5,1,0,"{timeout:600,max_col_multiplier:1,age_limit:2,random_seed:2,replication:3,num_threads:128,set_partition:true}",-1
e10100.json.gz,e,10,100,LagrangeTemplate,highs,LTFarkas,3,10,11543.054254892704,13010,11.26825518831668,13010,0,10,90,0.003417,0.003203,0.0139,585,171202.80948200176,0.65,1,0,"{timeout:600,max_col_multiplier:1,age_limit:2,random_seed:2,replication:3,num_threads:128,set_partition:true}",1
e10100.json.gz,e,10,100,LagrangeTemplate,highs,LTFarkas,4,7,11543.054254892704,13106,,13106,,10,60,0.002197,0.002364,0.011675,492,223941.73873463811,8.2,1,0,"{timeout:600,max_col_multiplier:1,age_limit:2,random_seed:3,replication:4,num_threads:128,set_partition:true}",-1
e10100.json.gz,e,10,100,LagrangeTemplate,highs,LTFarkas,4,7,11543.054254892704,13106,11.918205402105905,13106,0,10,60,0.002197,0.002364,0.011683,492,223941.73873463811,1.1714285714285713,1,0,"{timeout:600,max_col_multiplier:1,age_limit:2,random_seed:3,replication:4,num_threads:128,set_partition:true}",1
e10100.json.gz,e,10,100,LagrangeTemplate,highs,LTFarkas,5,8,11543.054254892704,12481,,12481,,10,70,0.00181,0.002776,0.011723,517,285635.3591160221,7.385714285714286,1,0,"{timeout:600,max_col_multiplier:1,age_limit:2,random_seed:4,replication:5,num_threads:128,set_partition:true}",-1
e10100.json.gz,e,10,100,LagrangeTemplate,highs,LTFarkas,5,8,11543.054254892704,12481,7.507411265122988,12481,0,10,70,0.00181,0.002776,0.011732,517,285635.3591160221,0.9232142857142858,1,0,"{timeout:600,max_col_multiplier:1,age_limit:2,random_seed:4,replication:5,num_threads:128,set_partition:true}",1
e10100.json.gz,e,10,100,MipTemplate,highs,MTFarkas,1,7,11543.054254892704,14683,,14683,,10,60,0.002915,0.158427,0.178714,489,167753.00171526585,8.15,1,0,"{timeout:600,max_col_multiplier:1,age_limit:2,random_seed:0,replication:1,num_threads:128,set_partition:true}",-1
e10100.json.gz,e,10,100,MipTemplate,highs,MTFarkas,1,7,11543.054254892704,14683,21.378464891370974,14683,0,10,60,0.002915,0.158427,0.178729,489,167753.00171526585,1.1642857142857144,1,0,"{timeout:600,max_col_multiplier:1,age_limit:2,random_seed:0,replication:1,num_threads:128,set_partition:true}",1
e10100.json.gz,e,10,100,MipTemplate,highs,MTFarkas,2,9,11543.054254892704,12177,,12177,,10,80,0.003738,0.223719,0.245094,499,133493.84697699305,6.2375,1,0,"{timeout:600,max_col_multiplier:1,age_limit:2,random_seed:1,replication:2,num_threads:128,set_partition:true}",-1
e10100.json.gz,e,10,100,MipTemplate,highs,MTFarkas,2,9,11543.054254892704,12177,5.198324710519833,12177,0,10,80,0.003738,0.223719,0.245108,499,133493.84697699305,0.6930555555555555,1,0,"{timeout:600,max_col_multiplier:1,age_limit:2,random_seed:1,replication:2,num_threads:128,set_partition:true}",1
e10100.json.gz,e,10,100,MipTemplate,highs,MTFarkas,3,9,11543.054254892704,13997,,13997,,10,80,0.004149,0.210258,0.232238,518,124849.36129187756,6.475,1,0,"{timeout:600,max_col_multiplier:1,age_limit:2,random_seed:2,replication:3,num_threads:128,set_partition:true}",-1
e10100.json.gz,e,10,100,MipTemplate,highs,MTFarkas,3,9,11543.054254892704,13997,17.52518396799314,13997,0,10,80,0.004149,0.210258,0.232257,518,124849.36129187756,0.7194444444444444,1,0,"{timeout:600,max_col_multiplier:1,age_limit:2,random_seed:2,replication:3,num_threads:128,set_partition:true}",1
e10100.json.gz,e,10,100,MipTemplate,highs,MTFarkas,4,8,11543.054254892704,12981,,12981,,10,70,0.003202,0.160797,0.181402,487,152092.44222361024,6.957142857142857,1,0,"{timeout:600,max_col_multiplier:1,age_limit:2,random_seed:3,replication:4,num_threads:128,set_partition:true}",-1
e10100.json.gz,e,10,100,MipTemplate,highs,MTFarkas,4,8,11543.054254892704,12981,11.07002542177028,12981,0,10,70,0.003202,0.160797,0.181412,487,152092.44222361024,0.8696428571428572,1,0,"{timeout:600,max_col_multiplier:1,age_limit:2,random_seed:3,replication:4,num_threads:128,set_partition:true}",1
e10100.json.gz,e,10,100,MipTemplate,highs,MTFarkas,5,7,11543.054254892704,12268,,12268,,10,60,0.00279,0.124002,0.144297,495,177419.35483870967,8.25,1,0,"{timeout:600,max_col_multiplier:1,age_limit:2,random_seed:4,replication:5,num_threads:128,set_partition:true}",-1
e10100.json.gz,e,10,100,MipTemplate,highs,MTFarkas,5,7,11543.054254892704,12268,5.9015324421258555,12268,0,10,60,0.00279,0.124002,0.14431,495,177419.35483870967,1.1785714285714286,1,0,"{timeout:600,max_col_multiplier:1,age_limit:2,random_seed:4,replication:5,num_threads:128,set_partition:true}",1
e10200.json.gz,e,10,200,Dantzig,highs,DantzigFarkas,1,109,23293.85614853896,inf,,55099.38344733928,,209,1080,2.580819,0.035166,2.686747,29263,11338.648700276928,27.09537037037037,0,0,"{timeout:600,max_col_multiplier:1,age_limit:34,random_seed:0,replication:1,num_threads:128,set_partition:true}",-1
e10200.json.gz,e,10,200,Dantzig,highs,DantzigFarkas,1,109,23293.85614853896,inf,nan,55099.38344733928,0,209,1080,2.580819,0.035166,2.686758,29263,11338.648700276928,0.24858137954468232,0,0,"{timeout:600,max_col_multiplier:1,age_limit:34,random_seed:0,replication:1,num_threads:128,set_partition:true}",1
e10200.json.gz,e,10,200,Dantzig,highs,DantzigFarkas,2,87,23293.85614853896,inf,,54218.86046030027,,209,860,1.426699,0.028878,1.488061,22254,15598.244619222416,25.876744186046512,0,0,"{timeout:600,max_col_multiplier:1,age_limit:34,random_seed:1,replication:2,num_threads:128,set_partition:true}",-1
e10200.json.gz,e,10,200,Dantzig,highs,DantzigFarkas,2,87,23293.85614853896,inf,nan,54218.86046030027,0,209,860,1.426699,0.028878,1.488071,22254,15598.244619222416,0.2974338412189254,0,0,"{timeout:600,max_col_multiplier:1,age_limit:34,random_seed:1,replication:2,num_threads:128,set_partition:true}",1
e10200.json.gz,e,10,200,Dantzig,highs,DantzigFarkas,3,102,23293.85614853896,inf,,56487.58260306651,,210,1010,2.051826,0.033181,2.135555,27076,13196.05073724575,26.80792079207921,0,0,"{timeout:600,max_col_multiplier:1,age_limit:34,random_seed:2,replication:3,num_threads:128,set_partition:true}",-1
e10200.json.gz,e,10,200,Dantzig,highs,DantzigFarkas,3,102,23293.85614853896,inf,nan,56487.58260306651,0,210,1010,2.051826,0.033181,2.135567,27076,13196.05073724575,0.26282275286352164,0,0,"{timeout:600,max_col_multiplier:1,age_limit:34,random_seed:2,replication:3,num_threads:128,set_partition:true}",1
e10200.json.gz,e,10,200,Dantzig,highs,DantzigFarkas,4,101,23293.85614853896,inf,,57162.69302884068,,206,1000,2.193844,0.033115,2.275843,27830,12685.496325171709,27.83,0,0,"{timeout:600,max_col_multiplier:1,age_limit:34,random_seed:3,replication:4,num_threads:128,set_partition:true}",-1
e10200.json.gz,e,10,200,Dantzig,highs,DantzigFarkas,4,101,23293.85614853896,inf,nan,57162.69302884068,0,206,1000,2.193844,0.033115,2.275853,27830,12685.496325171709,0.2755445544554455,0,0,"{timeout:600,max_col_multiplier:1,age_limit:34,random_seed:3,replication:4,num_threads:128,set_partition:true}",1
e10200.json.gz,e,10,200,Dantzig,highs,DantzigFarkas,5,97,23293.85614853896,inf,,55129.00278415301,,207,960,1.846676,0.031705,1.942917,25533,13826.464414981296,26.596875,0,0,"{timeout:600,max_col_multiplier:1,age_limit:34,random_seed:4,replication:5,num_threads:128,set_partition:true}",-1
e10200.json.gz,e,10,200,Dantzig,highs,DantzigFarkas,5,97,23293.85614853896,inf,nan,55129.00278415301,0,207,960,1.846676,0.031705,1.942924,25533,13826.464414981296,0.274194587628866,0,0,"{timeout:600,max_col_multiplier:1,age_limit:34,random_seed:4,replication:5,num_threads:128,set_partition:true}",1
e10200.json.gz,e,10,200,LagrangeTemplate,highs,LTFarkas,1,33,23293.85614853896,inf,,35073.81061339569,,105,320,0.070047,0.011783,0.10644,3119,44527.245991976815,9.746875,0,0,"{timeout:600,max_col_multiplier:1,age_limit:2,random_seed:0,replication:1,num_threads:128,set_partition:true}",-1
e10200.json.gz,e,10,200,LagrangeTemplate,highs,LTFarkas,1,33,23293.85614853896,inf,nan,35073.81061339569,0,105,320,0.070047,0.011783,0.106451,3119,44527.245991976815,0.2953598484848485,0,0,"{timeout:600,max_col_multiplier:1,age_limit:2,random_seed:0,replication:1,num_threads:128,set_partition:true}",1
e10200.json.gz,e,10,200,LagrangeTemplate,highs,LTFarkas,2,32,23293.85614853896,inf,,33114.69551200323,,107,310,0.087815,0.011808,0.120698,4024,45823.6064453681,12.980645161290322,0,0,"{timeout:600,max_col_multiplier:1,age_limit:2,random_seed:1,replication:2,num_threads:128,set_partition:true}",-1
e10200.json.gz,e,10,200,LagrangeTemplate,highs,LTFarkas,2,32,23293.85614853896,inf,nan,33114.69551200323,0,107,310,0.087815,0.011808,0.120708,4024,45823.6064453681,0.4056451612903226,0,0,"{timeout:600,max_col_multiplier:1,age_limit:2,random_seed:1,replication:2,num_threads:128,set_partition:true}",1
e10200.json.gz,e,10,200,LagrangeTemplate,highs,LTFarkas,3,27,23293.85614853896,inf,,32010.201774136134,,77,260,0.044918,0.010406,0.073069,2392,53252.59361503184,9.2,0,0,"{timeout:600,max_col_multiplier:1,age_limit:2,random_seed:2,replication:3,num_threads:128,set_partition:true}",-1
e10200.json.gz,e,10,200,LagrangeTemplate,highs,LTFarkas,3,27,23293.85614853896,inf,nan,32010.201774136134,0,77,260,0.044918,0.010406,0.073075,2392,53252.59361503184,0.34074074074074073,0,0,"{timeout:600,max_col_multiplier:1,age_limit:2,random_seed:2,replication:3,num_threads:128,set_partition:true}",1
e10200.json.gz,e,10,200,LagrangeTemplate,highs,LTFarkas,4,34,23293.85614853896,inf,,34067.683256522694,,89,330,0.091094,0.012945,0.126651,4093,44931.60910707621,12.403030303030302,0,0,"{timeout:600,max_col_multiplier:1,age_limit:2,random_seed:3,replication:4,num_threads:128,set_partition:true}",-1
e10200.json.gz,e,10,200,LagrangeTemplate,highs,LTFarkas,4,34,23293.85614853896,inf,nan,34067.683256522694,0,89,330,0.091094,0.012945,0.126658,4093,44931.60910707621,0.3647950089126559,0,0,"{timeout:600,max_col_multiplier:1,age_limit:2,random_seed:3,replication:4,num_threads:128,set_partition:true}",1
e10200.json.gz,e,10,200,LagrangeTemplate,highs,LTFarkas,5,26,23293.85614853896,inf,,32599.11279018326,,65,250,0.038154,0.01028,0.066982,2259,59207.42255071552,9.036,0,0,"{timeout:600,max_col_multiplier:1,age_limit:2,random_seed:4,replication:5,num_threads:128,set_partition:true}",-1
e10200.json.gz,e,10,200,LagrangeTemplate,highs,LTFarkas,5,26,23293.85614853896,inf,nan,32599.11279018326,0,65,250,0.038154,0.01028,0.066993,2259,59207.42255071552,0.3475384615384615,0,0,"{timeout:600,max_col_multiplier:1,age_limit:2,random_seed:4,replication:5,num_threads:128,set_partition:true}",1
e10200.json.gz,e,10,200,MipTemplate,highs,MTFarkas,1,12,23293.85614853896,27429,,27429,,10,110,0.008833,0.224813,0.26929,916,103702.02649156572,8.327272727272728,1,0,"{timeout:600,max_col_multiplier:1,age_limit:2,random_seed:0,replication:1,num_threads:128,set_partition:true}",-1
e10200.json.gz,e,10,200,MipTemplate,highs,MTFarkas,1,12,23293.85614853896,27429,15.075285282000802,27429,0,10,110,0.008833,0.224813,0.269303,916,103702.02649156572,0.693939393939394,1,0,"{timeout:600,max_col_multiplier:1,age_limit:2,random_seed:0,replication:1,num_threads:128,set_partition:true}",1
e10200.json.gz,e,10,200,MipTemplate,highs,MTFarkas,2,12,23293.85614853896,27283,,27283,,10,110,0.008988,0.228861,0.273986,930,103471.29506008011,8.454545454545455,1,0,"{timeout:600,max_col_multiplier:1,age_limit:2,random_seed:1,replication:2,num_threads:128,set_partition:true}",-1
e10200.json.gz,e,10,200,MipTemplate,highs,MTFarkas,2,12,23293.85614853896,27283,14.620826155481433,27283,0,10,110,0.008988,0.228861,0.274006,930,103471.29506008011,0.7045454545454546,1,0,"{timeout:600,max_col_multiplier:1,age_limit:2,random_seed:1,replication:2,num_threads:128,set_partition:true}",1
e10200.json.gz,e,10,200,MipTemplate,highs,MTFarkas,3,13,23293.85614853896,26602,,26602,,10,120,0.01014,0.255864,0.301891,942,92899.40828402367,7.85,1,0,"{timeout:600,max_col_multiplier:1,age_limit:2,random_seed:2,replication:3,num_threads:128,set_partition:true}",-1
e10200.json.gz,e,10,200,MipTemplate,highs,MTFarkas,3,13,23293.85614853896,26602,12.43515525148485,26602,0,10,120,0.01014,0.255864,0.301905,942,92899.40828402367,0.6038461538461538,1,0,"{timeout:600,max_col_multiplier:1,age_limit:2,random_seed:2,replication:3,num_threads:128,set_partition:true}",1
e10200.json.gz,e,10,200,MipTemplate,highs,MTFarkas,4,11,23293.85614853896,26763,,26763,,10,100,0.007416,0.182318,0.225331,920,124056.09492988134,9.2,1,0,"{timeout:600,max_col_multiplier:1,age_limit:2,random_seed:3,replication:4,num_threads:128,set_partition:true}",-1
e10200.json.gz,e,10,200,MipTemplate,highs,MTFarkas,4,11,23293.85614853896,26763,12.96192504577215,26763,0,10,100,0.007416,0.182318,0.225343,920,124056.09492988134,0.8363636363636363,1,0,"{timeout:600,max_col_multiplier:1,age_limit:2,random_seed:3,replication:4,num_threads:128,set_partition:true}",1
e10200.json.gz,e,10,200,MipTemplate,highs,MTFarkas,5,9,23293.85614853896,27418,,27418,,10,80,0.006179,0.156964,0.198847,890,144036.25182068296,11.125,1,0,"{timeout:600,max_col_multiplier:1,age_limit:2,random_seed:4,replication:5,num_threads:128,set_partition:true}",-1
e10200.json.gz,e,10,200,MipTemplate,highs,MTFarkas,5,9,23293.85614853896,27418,15.041213801152528,27418,0,10,80,0.006179,0.156964,0.198859,890,144036.25182068296,1.2361111111111112,1,0,"{timeout:600,max_col_multiplier:1,age_limit:2,random_seed:4,replication:5,num_threads:128,set_partition:true}",1
e10400.json.gz,e,10,400,Dantzig,highs,DantzigFarkas,1,225,45739.20722222222,inf,,109494.94680664124,,410,2240,46.705464,0.075959,47.561975,166137,3557.121282426399,74.16830357142857,0,0,"{timeout:600,max_col_multiplier:1,age_limit:132,random_seed:0,replication:1,num_threads:128,set_partition:true}",-1
e10400.json.gz,e,10,400,Dantzig,highs,DantzigFarkas,1,225,45739.20722222222,inf,nan,109494.94680664124,0,410,2240,46.705464,0.075959,47.561985,166137,3557.121282426399,0.3296369047619047,0,0,"{timeout:600,max_col_multiplier:1,age_limit:132,random_seed:0,replication:1,num_threads:128,set_partition:true}",1
e10400.json.gz,e,10,400,Dantzig,highs,DantzigFarkas,2,214,45739.20722222222,inf,,109158.86680076322,,410,2130,39.126991,0.07259,39.599104,154056,3937.333182610439,72.32676056338028,0,0,"{timeout:600,max_col_multiplier:1,age_limit:132,random_seed:1,replication:2,num_threads:128,set_partition:true}",-1
e10400.json.gz,e,10,400,Dantzig,highs,DantzigFarkas,2,214,45739.20722222222,inf,nan,109158.86680076322,0,410,2130,39.126991,0.07259,39.599112,154056,3937.333182610439,0.3379755166513097,0,0,"{timeout:600,max_col_multiplier:1,age_limit:132,random_seed:1,replication:2,num_threads:128,set_partition:true}",1
e10400.json.gz,e,10,400,Dantzig,highs,DantzigFarkas,3,182,45739.20722222222,inf,,110337.5232964014,,410,1810,27.322886,0.061673,27.667617,128938,4719.04761451627,71.2364640883978,0,0,"{timeout:600,max_col_multiplier:1,age_limit:132,random_seed:2,replication:3,num_threads:128,set_partition:true}",-1
e10400.json.gz,e,10,400,Dantzig,highs,DantzigFarkas,3,182,45739.20722222222,inf,nan,110337.5232964014,0,410,1810,27.322886,0.061673,27.667626,128938,4719.04761451627,0.39140914334284505,0,0,"{timeout:600,max_col_multiplier:1,age_limit:132,random_seed:2,replication:3,num_threads:128,set_partition:true}",1
e10400.json.gz,e,10,400,Dantzig,highs,DantzigFarkas,4,203,45739.20722222222,inf,,107505.7838768413,,410,2020,33.623718,0.068096,34.438055,141296,4202.271741631905,69.94851485148514,0,0,"{timeout:600,max_col_multiplier:1,age_limit:132,random_seed:3,replication:4,num_threads:128,set_partition:true}",-1
e10400.json.gz,e,10,400,Dantzig,highs,DantzigFarkas,4,203,45739.20722222222,inf,nan,107505.7838768413,0,410,2020,33.623718,0.068096,34.438061,141296,4202.271741631905,0.3445739647856411,0,0,"{timeout:600,max_col_multiplier:1,age_limit:132,random_seed:3,replication:4,num_threads:128,set_partition:true}",1
e10400.json.gz,e,10,400,Dantzig,highs,DantzigFarkas,5,214,45739.20722222222,inf,,108329.64558468577,,410,2130,39.003893,0.073013,39.952091,148260,3801.159027894985,69.6056338028169,0,0,"{timeout:600,max_col_multiplier:1,age_limit:132,random_seed:4,replication:5,num_threads:128,set_partition:true}",-1
e10400.json.gz,e,10,400,Dantzig,highs,DantzigFarkas,5,214,45739.20722222222,inf,nan,108329.64558468577,0,410,2130,39.003893,0.073013,39.952103,148260,3801.159027894985,0.32525997104120047,0,0,"{timeout:600,max_col_multiplier:1,age_limit:132,random_seed:4,replication:5,num_threads:128,set_partition:true}",1
e10400.json.gz,e,10,400,LagrangeTemplate,highs,LTFarkas,1,47,45739.20722222222,51851,,51851,,10,460,0.611499,0.032664,0.705102,10665,17440.748063365598,23.184782608695652,1,0,"{timeout:600,max_col_multiplier:1,age_limit:4,random_seed:0,replication:1,num_threads:128,set_partition:true}",-1
e10400.json.gz,e,10,400,LagrangeTemplate,highs,LTFarkas,1,47,45739.20722222222,51851,11.785693622109505,51851,0,10,460,0.611499,0.032664,0.70511,10665,17440.748063365598,0.4932932469935245,1,0,"{timeout:600,max_col_multiplier:1,age_limit:4,random_seed:0,replication:1,num_threads:128,set_partition:true}",1
e10400.json.gz,e,10,400,LagrangeTemplate,highs,LTFarkas,2,99,45739.20722222222,inf,,78220.81976348252,,345,980,6.031042,0.071947,6.229089,38139,6323.782855433605,38.91734693877551,0,0,"{timeout:600,max_col_multiplier:1,age_limit:4,random_seed:1,replication:2,num_threads:128,set_partition:true}",-1
e10400.json.gz,e,10,400,LagrangeTemplate,highs,LTFarkas,2,99,45739.20722222222,inf,nan,78220.81976348252,0,345,980,6.031042,0.071947,6.229099,38139,6323.782855433605,0.3931045145330859,0,0,"{timeout:600,max_col_multiplier:1,age_limit:4,random_seed:1,replication:2,num_threads:128,set_partition:true}",1
e10400.json.gz,e,10,400,LagrangeTemplate,highs,LTFarkas,3,70,45739.20722222222,inf,,62379.36381768653,,222,690,1.699261,0.0431,1.848159,22600,13299.89919147206,32.7536231884058,0,0,"{timeout:600,max_col_multiplier:1,age_limit:4,random_seed:2,replication:3,num_threads:128,set_partition:true}",-1
e10400.json.gz,e,10,400,LagrangeTemplate,highs,LTFarkas,3,70,45739.20722222222,inf,nan,62379.36381768653,0,222,690,1.699261,0.0431,1.848169,22600,13299.89919147206,0.46790890269151136,0,0,"{timeout:600,max_col_multiplier:1,age_limit:4,random_seed:2,replication:3,num_threads:128,set_partition:true}",1
e10400.json.gz,e,10,400,LagrangeTemplate,highs,LTFarkas,4,50,45739.20722222222,inf,,57010.47315540179,,291,490,0.771644,0.035965,0.864899,12497,16195.292129531235,25.50408163265306,0,0,"{timeout:600,max_col_multiplier:1,age_limit:4,random_seed:3,replication:4,num_threads:128,set_partition:true}",-1
e10400.json.gz,e,10,400,LagrangeTemplate,highs,LTFarkas,4,50,45739.20722222222,inf,nan,57010.47315540179,0,291,490,0.771644,0.035965,0.864906,12497,16195.292129531235,0.5100816326530613,0,0,"{timeout:600,max_col_multiplier:1,age_limit:4,random_seed:3,replication:4,num_threads:128,set_partition:true}",1
e10400.json.gz,e,10,400,LagrangeTemplate,highs,LTFarkas,5,43,45739.20722222222,46488,,46488.00000001404,,10,420,0.531064,0.029556,0.611562,9658,18186.131991624363,22.995238095238093,1,0,"{timeout:600,max_col_multiplier:1,age_limit:4,random_seed:4,replication:5,num_threads:128,set_partition:true}",-1
e10400.json.gz,e,10,400,LagrangeTemplate,highs,LTFarkas,5,43,45739.20722222222,46488,1.6090173808294614,46488.00000001404,0,10,420,0.531064,0.029556,0.61157,9658,18186.131991624363,0.5347729789590254,1,0,"{timeout:600,max_col_multiplier:1,age_limit:4,random_seed:4,replication:5,num_threads:128,set_partition:true}",1
e10400.json.gz,e,10,400,MipTemplate,highs,MTFarkas,1,25,45739.20722222222,47463,,47463,,10,240,0.035912,0.639705,0.736926,1771,49314.99220316329,7.379166666666666,1,0,"{timeout:600,max_col_multiplier:1,age_limit:4,random_seed:0,replication:1,num_threads:128,set_partition:true}",-1
e10400.json.gz,e,10,400,MipTemplate,highs,MTFarkas,1,25,45739.20722222222,47463,3.6301961527927014,47463,0,10,240,0.035912,0.639705,0.736943,1771,49314.99220316329,0.29516666666666663,1,0,"{timeout:600,max_col_multiplier:1,age_limit:4,random_seed:0,replication:1,num_threads:128,set_partition:true}",1
e10400.json.gz,e,10,400,MipTemplate,highs,MTFarkas,2,24,45739.20722222222,47463,,47463,,10,230,0.034852,0.623234,0.724449,1786,51245.26569493859,7.765217391304348,1,0,"{timeout:600,max_col_multiplier:1,age_limit:4,random_seed:1,replication:2,num_threads:128,set_partition:true}",-1
e10400.json.gz,e,10,400,MipTemplate,highs,MTFarkas,2,24,45739.20722222222,47463,3.6301961527927014,47463,0,10,230,0.034852,0.623234,0.724463,1786,51245.26569493859,0.32355072463768114,1,0,"{timeout:600,max_col_multiplier:1,age_limit:4,random_seed:1,replication:2,num_threads:128,set_partition:true}",1
e10400.json.gz,e,10,400,MipTemplate,highs,MTFarkas,3,20,45739.20722222222,47470,,47470,,10,190,0.02622,0.510404,0.598141,1708,65141.11365369947,8.989473684210527,1,0,"{timeout:600,max_col_multiplier:1,age_limit:4,random_seed:2,replication:3,num_threads:128,set_partition:true}",-1
e10400.json.gz,e,10,400,MipTemplate,highs,MTFarkas,3,20,45739.20722222222,47470,3.6444069938908785,47470,0,10,190,0.02622,0.510404,0.598151,1708,65141.11365369947,0.44947368421052636,1,0,"{timeout:600,max_col_multiplier:1,age_limit:4,random_seed:2,replication:3,num_threads:128,set_partition:true}",1
e10400.json.gz,e,10,400,MipTemplate,highs,MTFarkas,4,19,45739.20722222222,48886,,48886,,10,180,0.025172,0.486805,0.575238,1706,67773.71682822183,9.477777777777778,1,0,"{timeout:600,max_col_multiplier:1,age_limit:4,random_seed:3,replication:4,num_threads:128,set_partition:true}",-1
e10400.json.gz,e,10,400,MipTemplate,highs,MTFarkas,4,19,45739.20722222222,48886,6.435380272470646,48886,0,10,180,0.025172,0.486805,0.575253,1706,67773.71682822183,0.4988304093567251,1,0,"{timeout:600,max_col_multiplier:1,age_limit:4,random_seed:3,replication:4,num_threads:128,set_partition:true}",1
e10400.json.gz,e,10,400,MipTemplate,highs,MTFarkas,5,18,45739.20722222222,48316,,48316,,10,170,0.023922,0.438751,0.526233,1714,71649.52763146894,10.08235294117647,1,0,"{timeout:600,max_col_multiplier:1,age_limit:4,random_seed:4,replication:5,num_threads:128,set_partition:true}",-1
e10400.json.gz,e,10,400,MipTemplate,highs,MTFarkas,5,18,45739.20722222222,48316,5.3315671827138,48316,0,10,170,0.023922,0.438751,0.526247,1714,71649.52763146894,0.5601307189542484,1,0,"{timeout:600,max_col_multiplier:1,age_limit:4,random_seed:4,replication:5,num_threads:128,set_partition:true}",1
e15900.json.gz,e,15,900,Dantzig,highs,DantzigFarkas,1,115,102416.60969008038,inf,,,,,3525,599.775588,0.12772,600.07169,301634,,,0,1,"{timeout:600,max_col_multiplier:1,age_limit:296,random_seed:0,replication:1,num_threads:128,set_partition:true}",-4
e15900.json.gz,e,15,900,Dantzig,highs,DantzigFarkas,1,115,102416.60969008038,inf,,,,,3525,599.775588,0.12772,600.071693,301634,,,0,1,"{timeout:600,max_col_multiplier:1,age_limit:296,random_seed:0,replication:1,num_threads:128,set_partition:true}",1
e15900.json.gz,e,15,900,Dantzig,highs,DantzigFarkas,2,109,102416.60969008038,inf,,,,,3435,599.723237,0.127218,600.021149,277069,,,0,1,"{timeout:600,max_col_multiplier:1,age_limit:296,random_seed:1,replication:2,num_threads:128,set_partition:true}",-4
e15900.json.gz,e,15,900,Dantzig,highs,DantzigFarkas,2,109,102416.60969008038,inf,,,,,3435,599.723237,0.127218,600.021151,277069,,,0,1,"{timeout:600,max_col_multiplier:1,age_limit:296,random_seed:1,replication:2,num_threads:128,set_partition:true}",1
e15900.json.gz,e,15,900,Dantzig,highs,DantzigFarkas,3,107,102416.60969008038,inf,,,,,3405,600.036627,0.131208,600.335102,255309,,,0,1,"{timeout:600,max_col_multiplier:1,age_limit:296,random_seed:2,replication:3,num_threads:128,set_partition:true}",-4
e15900.json.gz,e,15,900,Dantzig,highs,DantzigFarkas,3,107,102416.60969008038,inf,,,,,3405,600.036627,0.131208,600.335104,255309,,,0,1,"{timeout:600,max_col_multiplier:1,age_limit:296,random_seed:2,replication:3,num_threads:128,set_partition:true}",1
e15900.json.gz,e,15,900,Dantzig,highs,DantzigFarkas,4,110,102416.60969008038,inf,,,,,3450,600.007683,0.126856,600.30101,277217,,,0,1,"{timeout:600,max_col_multiplier:1,age_limit:296,random_seed:3,replication:4,num_threads:128,set_partition:true}",-4
e15900.json.gz,e,15,900,Dantzig,highs,DantzigFarkas,4,110,102416.60969008038,inf,,,,,3450,600.007683,0.126856,600.301012,277217,,,0,1,"{timeout:600,max_col_multiplier:1,age_limit:296,random_seed:3,replication:4,num_threads:128,set_partition:true}",1
e15900.json.gz,e,15,900,Dantzig,highs,DantzigFarkas,5,119,102416.60969008038,inf,,,,,3585,599.702972,0.130838,600.003631,321596,,,0,1,"{timeout:600,max_col_multiplier:1,age_limit:296,random_seed:4,replication:5,num_threads:128,set_partition:true}",-4
e15900.json.gz,e,15,900,Dantzig,highs,DantzigFarkas,5,119,102416.60969008038,inf,,,,,3585,599.702972,0.130838,600.003634,321596,,,0,1,"{timeout:600,max_col_multiplier:1,age_limit:296,random_seed:4,replication:5,num_threads:128,set_partition:true}",1
e15900.json.gz,e,15,900,LagrangeTemplate,highs,LTFarkas,1,111,102416.60969008038,inf,,135672.2429819648,,588,1650,35.141262,0.183579,36.859202,92797,2640.684901982177,56.24060606060606,0,0,"{timeout:600,max_col_multiplier:1,age_limit:6,random_seed:0,replication:1,num_threads:128,set_partition:true}",-1
e15900.json.gz,e,15,900,LagrangeTemplate,highs,LTFarkas,1,111,102416.60969008038,inf,nan,135672.2429819648,0,588,1650,35.141262,0.183579,36.859209,92797,2640.684901982177,0.5066721266721267,0,0,"{timeout:600,max_col_multiplier:1,age_limit:6,random_seed:0,replication:1,num_threads:128,set_partition:true}",1
e15900.json.gz,e,15,900,LagrangeTemplate,highs,LTFarkas,2,220,102416.60969008038,inf,,187475.30149455165,,599,3285,225.626718,0.380031,231.187087,260058,1152.6028579647202,79.16529680365296,0,0,"{timeout:600,max_col_multiplier:1,age_limit:6,random_seed:1,replication:2,num_threads:128,set_partition:true}",-1
e15900.json.gz,e,15,900,LagrangeTemplate,highs,LTFarkas,2,220,102416.60969008038,inf,nan,187475.30149455165,0,599,3285,225.626718,0.380031,231.187094,260058,1152.6028579647202,0.3598422581984226,0,0,"{timeout:600,max_col_multiplier:1,age_limit:6,random_seed:1,replication:2,num_threads:128,set_partition:true}",1
e15900.json.gz,e,15,900,LagrangeTemplate,highs,LTFarkas,3,81,102416.60969008038,inf,,129513.64191695732,,626,1200,16.4334,0.16115,17.415806,63667,3874.2439178745726,53.05583333333333,0,0,"{timeout:600,max_col_multiplier:1,age_limit:6,random_seed:2,replication:3,num_threads:128,set_partition:true}",-1
e15900.json.gz,e,15,900,LagrangeTemplate,highs,LTFarkas,3,81,102416.60969008038,inf,nan,129513.64191695732,0,626,1200,16.4334,0.16115,17.415813,63667,3874.2439178745726,0.6550102880658436,0,0,"{timeout:600,max_col_multiplier:1,age_limit:6,random_seed:2,replication:3,num_threads:128,set_partition:true}",1
e15900.json.gz,e,15,900,LagrangeTemplate,highs,LTFarkas,4,70,102416.60969008038,inf,,122024.26844462976,,544,1035,8.18555,0.13247,8.734148,44380,5421.749302123865,42.8792270531401,0,0,"{timeout:600,max_col_multiplier:1,age_limit:6,random_seed:3,replication:4,num_threads:128,set_partition:true}",-1
e15900.json.gz,e,15,900,LagrangeTemplate,highs,LTFarkas,4,70,102416.60969008038,inf,nan,122024.26844462976,0,544,1035,8.18555,0.13247,8.734155,44380,5421.749302123865,0.61256038647343,0,0,"{timeout:600,max_col_multiplier:1,age_limit:6,random_seed:3,replication:4,num_threads:128,set_partition:true}",1
e15900.json.gz,e,15,900,LagrangeTemplate,highs,LTFarkas,5,59,102416.60969008038,106495,,106495.00000000295,,15,870,5.260406,0.112945,5.730932,35664,6779.704836470797,40.99310344827586,1,0,"{timeout:600,max_col_multiplier:1,age_limit:6,random_seed:4,replication:5,num_threads:128,set_partition:true}",-1
e15900.json.gz,e,15,900,LagrangeTemplate,highs,LTFarkas,5,59,102416.60969008038,106495,3.829287759988732,106495.00000000295,0,15,870,5.260406,0.112945,5.730938,35664,6779.704836470797,0.6947983635300994,1,0,"{timeout:600,max_col_multiplier:1,age_limit:6,random_seed:4,replication:5,num_threads:128,set_partition:true}",1
e15900.json.gz,e,15,900,MipTemplate,highs,MTFarkas,1,35,102416.60969008038,107163,,107163,,15,510,0.126937,1.389255,1.710782,4682,36884.43873732639,9.180392156862744,1,0,"{timeout:600,max_col_multiplier:1,age_limit:6,random_seed:0,replication:1,num_threads:128,set_partition:true}",-1
e15900.json.gz,e,15,900,MipTemplate,highs,MTFarkas,1,35,102416.60969008038,107163,4.4287673917303545,107163,0,15,510,0.126937,1.389255,1.7108,4682,36884.43873732639,0.262296918767507,1,0,"{timeout:600,max_col_multiplier:1,age_limit:6,random_seed:0,replication:1,num_threads:128,set_partition:true}",1
e15900.json.gz,e,15,900,MipTemplate,highs,MTFarkas,2,42,102416.60969008038,106736,,106736,,15,615,0.171988,1.905616,2.270573,4830,28083.354652650185,7.853658536585366,1,0,"{timeout:600,max_col_multiplier:1,age_limit:6,random_seed:1,replication:2,num_threads:128,set_partition:true}",-1
e15900.json.gz,e,15,900,MipTemplate,highs,MTFarkas,2,42,102416.60969008038,106736,4.046432318992655,106736,0,15,615,0.171988,1.905616,2.270598,4830,28083.354652650185,0.18699186991869918,1,0,"{timeout:600,max_col_multiplier:1,age_limit:6,random_seed:1,replication:2,num_threads:128,set_partition:true}",1
e15900.json.gz,e,15,900,MipTemplate,highs,MTFarkas,3,41,102416.60969008038,106489,,106489,,15,600,0.168336,1.820793,2.186474,4865,28900.532268795738,8.108333333333333,1,0,"{timeout:600,max_col_multiplier:1,age_limit:6,random_seed:2,replication:3,num_threads:128,set_partition:true}",-1
e15900.json.gz,e,15,900,MipTemplate,highs,MTFarkas,3,41,102416.60969008038,106489,3.8238691320230256,106489,0,15,600,0.168336,1.820793,2.18649,4865,28900.532268795738,0.1977642276422764,1,0,"{timeout:600,max_col_multiplier:1,age_limit:6,random_seed:2,replication:3,num_threads:128,set_partition:true}",1
e15900.json.gz,e,15,900,MipTemplate,highs,MTFarkas,4,36,102416.60969008038,107465,,107465,,15,525,0.138616,1.642412,1.975347,4720,34050.90321463612,8.99047619047619,1,0,"{timeout:600,max_col_multiplier:1,age_limit:6,random_seed:3,replication:4,num_threads:128,set_partition:true}",-1
e15900.json.gz,e,15,900,MipTemplate,highs,MTFarkas,4,36,102416.60969008038,107465,4.6973433210812825,107465,0,15,525,0.138616,1.642412,1.975361,4720,34050.90321463612,0.24973544973544973,1,0,"{timeout:600,max_col_multiplier:1,age_limit:6,random_seed:3,replication:4,num_threads:128,set_partition:true}",1
e15900.json.gz,e,15,900,MipTemplate,highs,MTFarkas,5,44,102416.60969008038,105153,,105153,,15,645,0.183084,1.666581,2.042147,4900,26763.67132026829,7.596899224806202,1,0,"{timeout:600,max_col_multiplier:1,age_limit:6,random_seed:4,replication:5,num_threads:128,set_partition:true}",-1
e15900.json.gz,e,15,900,MipTemplate,highs,MTFarkas,5,44,102416.60969008038,105153,2.601922912327751,105153,0,15,645,0.183084,1.666581,2.042161,4900,26763.67132026829,0.1726568005637773,1,0,"{timeout:600,max_col_multiplier:1,age_limit:6,random_seed:4,replication:5,num_threads:128,set_partition:true}",1
e20100.json.gz,e,20,100,Dantzig,highs,DantzigFarkas,1,65,8359.582040205076,inf,,23371.508744908246,,120,1280,0.332407,0.022927,0.373544,8689,26139.642065299468,6.78828125,0,0,"{timeout:600,max_col_multiplier:1,age_limit:4,random_seed:0,replication:1,num_threads:128,set_partition:true}",-1
e20100.json.gz,e,20,100,Dantzig,highs,DantzigFarkas,1,65,8359.582040205076,inf,nan,23371.508744908246,0,120,1280,0.332407,0.022927,0.37355,8689,26139.642065299468,0.10443509615384615,0,0,"{timeout:600,max_col_multiplier:1,age_limit:4,random_seed:0,replication:1,num_threads:128,set_partition:true}",1
e20100.json.gz,e,20,100,Dantzig,highs,DantzigFarkas,2,60,8359.582040205076,inf,,23975.916749092714,,120,1180,0.317257,0.01904,0.356479,8301,26164.90731488982,7.034745762711864,0,0,"{timeout:600,max_col_multiplier:1,age_limit:4,random_seed:1,replication:2,num_threads:128,set_partition:true}",-1
e20100.json.gz,e,20,100,Dantzig,highs,DantzigFarkas,2,60,8359.582040205076,inf,nan,23975.916749092714,0,120,1180,0.317257,0.01904,0.35649,8301,26164.90731488982,0.1172457627118644,0,0,"{timeout:600,max_col_multiplier:1,age_limit:4,random_seed:1,replication:2,num_threads:128,set_partition:true}",1
e20100.json.gz,e,20,100,Dantzig,highs,DantzigFarkas,3,62,8359.582040205076,inf,,25147.78833269659,,117,1220,0.330693,0.021093,0.368929,8868,26816.412805835018,7.268852459016394,0,0,"{timeout:600,max_col_multiplier:1,age_limit:4,random_seed:2,replication:3,num_threads:128,set_partition:true}",-1
e20100.json.gz,e,20,100,Dantzig,highs,DantzigFarkas,3,62,8359.582040205076,inf,nan,25147.78833269659,0,117,1220,0.330693,0.021093,0.368935,8868,26816.412805835018,0.117239555790587,0,0,"{timeout:600,max_col_multiplier:1,age_limit:4,random_seed:2,replication:3,num_threads:128,set_partition:true}",1
e20100.json.gz,e,20,100,Dantzig,highs,DantzigFarkas,4,61,8359.582040205076,inf,,23728.29282122073,,120,1200,0.315914,0.021204,0.356042,8573,27137.132257513123,7.144166666666667,0,0,"{timeout:600,max_col_multiplier:1,age_limit:4,random_seed:3,replication:4,num_threads:128,set_partition:true}",-1
e20100.json.gz,e,20,100,Dantzig,highs,DantzigFarkas,4,61,8359.582040205076,inf,nan,23728.29282122073,0,120,1200,0.315914,0.021204,0.356053,8573,27137.132257513123,0.11711748633879782,0,0,"{timeout:600,max_col_multiplier:1,age_limit:4,random_seed:3,replication:4,num_threads:128,set_partition:true}",1
e20100.json.gz,e,20,100,Dantzig,highs,DantzigFarkas,5,62,8359.582040205076,inf,,23202.612665363853,,119,1220,0.315623,0.022369,0.361816,8285,26249.671285045766,6.790983606557377,0,0,"{timeout:600,max_col_multiplier:1,age_limit:4,random_seed:4,replication:5,num_threads:128,set_partition:true}",-1
e20100.json.gz,e,20,100,Dantzig,highs,DantzigFarkas,5,62,8359.582040205076,inf,nan,23202.612665363853,0,119,1220,0.315623,0.022369,0.361822,8285,26249.671285045766,0.10953199365415126,0,0,"{timeout:600,max_col_multiplier:1,age_limit:4,random_seed:4,replication:5,num_threads:128,set_partition:true}",1
e20100.json.gz,e,20,100,LagrangeTemplate,highs,LTFarkas,1,4,8359.582040205076,13477,,13477,,20,60,0.001189,0.00186,0.016401,637,535744.322960471,10.616666666666667,1,0,"{timeout:600,max_col_multiplier:1,age_limit:2,random_seed:0,replication:1,num_threads:128,set_partition:true}",-1
e20100.json.gz,e,20,100,LagrangeTemplate,highs,LTFarkas,1,4,8359.582040205076,13477,37.968390591377904,13477,0,20,60,0.001189,0.00186,0.016408,637,535744.322960471,2.654166666666667,1,0,"{timeout:600,max_col_multiplier:1,age_limit:2,random_seed:0,replication:1,num_threads:128,set_partition:true}",1
e20100.json.gz,e,20,100,LagrangeTemplate,highs,LTFarkas,2,6,8359.582040205076,inf,,13492.75,,34,100,0.002319,0.002598,0.018385,676,291504.9590340664,6.76,0,0,"{timeout:600,max_col_multiplier:1,age_limit:2,random_seed:1,replication:2,num_threads:128,set_partition:true}",-1
e20100.json.gz,e,20,100,LagrangeTemplate,highs,LTFarkas,2,6,8359.582040205076,inf,nan,13492.75,0,34,100,0.002319,0.002598,0.018396,676,291504.9590340664,1.1266666666666667,0,0,"{timeout:600,max_col_multiplier:1,age_limit:2,random_seed:1,replication:2,num_threads:128,set_partition:true}",1
e20100.json.gz,e,20,100,LagrangeTemplate,highs,LTFarkas,3,7,8359.582040205076,16074,,16074,,20,120,0.003024,0.003055,0.019615,717,237103.1746031746,5.975,1,0,"{timeout:600,max_col_multiplier:1,age_limit:2,random_seed:2,replication:3,num_threads:128,set_partition:true}",-1
e20100.json.gz,e,20,100,LagrangeTemplate,highs,LTFarkas,3,7,8359.582040205076,16074,47.99054373522459,16074,0,20,120,0.003024,0.003055,0.019624,717,237103.1746031746,0.8535714285714285,1,0,"{timeout:600,max_col_multiplier:1,age_limit:2,random_seed:2,replication:3,num_threads:128,set_partition:true}",1
e20100.json.gz,e,20,100,LagrangeTemplate,highs,LTFarkas,4,6,8359.582040205076,15271,,15271,,20,100,0.002325,0.002316,0.018064,701,301505.376344086,7.01,1,0,"{timeout:600,max_col_multiplier:1,age_limit:2,random_seed:3,replication:4,num_threads:128,set_partition:true}",-1
e20100.json.gz,e,20,100,LagrangeTemplate,highs,LTFarkas,4,6,8359.582040205076,15271,45.255713443782334,15271,0,20,100,0.002325,0.002316,0.018074,701,301505.376344086,1.1683333333333332,1,0,"{timeout:600,max_col_multiplier:1,age_limit:2,random_seed:3,replication:4,num_threads:128,set_partition:true}",1
e20100.json.gz,e,20,100,LagrangeTemplate,highs,LTFarkas,5,6,8359.582040205076,inf,,15077,,33,100,0.002075,0.002476,0.01799,687,331084.3373493976,6.87,0,0,"{timeout:600,max_col_multiplier:1,age_limit:2,random_seed:4,replication:5,num_threads:128,set_partition:true}",-1
e20100.json.gz,e,20,100,LagrangeTemplate,highs,LTFarkas,5,6,8359.582040205076,inf,nan,15077,0,33,100,0.002075,0.002476,0.018,687,331084.3373493976,1.145,0,0,"{timeout:600,max_col_multiplier:1,age_limit:2,random_seed:4,replication:5,num_threads:128,set_partition:true}",1
e20100.json.gz,e,20,100,MipTemplate,highs,MTFarkas,1,5,8359.582040205076,10711,,10711,,20,80,0.001673,0.138268,0.169621,625,373580.39450089657,7.8125,1,0,"{timeout:600,max_col_multiplier:1,age_limit:2,random_seed:0,replication:1,num_threads:128,set_partition:true}",-1
e20100.json.gz,e,20,100,MipTemplate,highs,MTFarkas,1,5,8359.582040205076,10711,21.949397815330034,10711,0,20,80,0.001673,0.138268,0.169636,625,373580.39450089657,1.5625,1,0,"{timeout:600,max_col_multiplier:1,age_limit:2,random_seed:0,replication:1,num_threads:128,set_partition:true}",1
e20100.json.gz,e,20,100,MipTemplate,highs,MTFarkas,2,5,8359.582040205076,11955,,11955,,20,80,0.001851,0.116958,0.148814,632,341437.06104808213,7.9,1,0,"{timeout:600,max_col_multiplier:1,age_limit:2,random_seed:1,replication:2,num_threads:128,set_partition:true}",-1
e20100.json.gz,e,20,100,MipTemplate,highs,MTFarkas,2,5,8359.582040205076,11955,30.071099958176497,11955,0,20,80,0.001851,0.116958,0.148829,632,341437.06104808213,1.58,1,0,"{timeout:600,max_col_multiplier:1,age_limit:2,random_seed:1,replication:2,num_threads:128,set_partition:true}",1
e20100.json.gz,e,20,100,MipTemplate,highs,MTFarkas,3,5,8359.582040205076,12273,,12273,,20,80,0.001643,0.094167,0.126175,629,382836.2751065125,7.8625,1,0,"{timeout:600,max_col_multiplier:1,age_limit:2,random_seed:2,replication:3,num_threads:128,set_partition:true}",-1
e20100.json.gz,e,20,100,MipTemplate,highs,MTFarkas,3,5,8359.582040205076,12273,31.882995192699422,12273,0,20,80,0.001643,0.094167,0.126192,629,382836.2751065125,1.5725,1,0,"{timeout:600,max_col_multiplier:1,age_limit:2,random_seed:2,replication:3,num_threads:128,set_partition:true}",1
e20100.json.gz,e,20,100,MipTemplate,highs,MTFarkas,4,5,8359.582040205076,12618,,12618,,20,80,0.00172,0.125544,0.143597,642,373255.81395348837,8.025,1,0,"{timeout:600,max_col_multiplier:1,age_limit:2,random_seed:3,replication:4,num_threads:128,set_partition:true}",-1
e20100.json.gz,e,20,100,MipTemplate,highs,MTFarkas,4,5,8359.582040205076,12618,33.74544301791092,12618,0,20,80,0.00172,0.125544,0.143621,642,373255.81395348837,1.605,1,0,"{timeout:600,max_col_multiplier:1,age_limit:2,random_seed:3,replication:4,num_threads:128,set_partition:true}",1
e20100.json.gz,e,20,100,MipTemplate,highs,MTFarkas,5,5,8359.582040205076,12536,,12536,,20,80,0.00176,0.082725,0.114668,635,360795.45454545453,7.9375,1,0,"{timeout:600,max_col_multiplier:1,age_limit:2,random_seed:4,replication:5,num_threads:128,set_partition:true}",-1
e20100.json.gz,e,20,100,MipTemplate,highs,MTFarkas,5,5,8359.582040205076,12536,33.31206126356094,12536,0,20,80,0.00176,0.082725,0.114682,635,360795.45454545453,1.5875,1,0,"{timeout:600,max_col_multiplier:1,age_limit:2,random_seed:4,replication:5,num_threads:128,set_partition:true}",1
e201600.json.gz,e,20,1600,Dantzig,highs,DantzigFarkas,1,56,180640.29180045356,inf,,,,,4320,599.906519,0.156528,600.571389,311977,,,0,1,"{timeout:600,max_col_multiplier:1,age_limit:525,random_seed:0,replication:1,num_threads:128,set_partition:true}",-4
e201600.json.gz,e,20,1600,Dantzig,highs,DantzigFarkas,1,56,180640.29180045356,inf,,,,,4320,599.906519,0.156528,600.571391,311977,,,0,1,"{timeout:600,max_col_multiplier:1,age_limit:525,random_seed:0,replication:1,num_threads:128,set_partition:true}",1
e201600.json.gz,e,20,1600,Dantzig,highs,DantzigFarkas,2,56,180640.29180045356,inf,,,,,4320,600.224905,0.147665,600.882405,316698,,,0,1,"{timeout:600,max_col_multiplier:1,age_limit:525,random_seed:1,replication:2,num_threads:128,set_partition:true}",-4
e201600.json.gz,e,20,1600,Dantzig,highs,DantzigFarkas,2,56,180640.29180045356,inf,,,,,4320,600.224905,0.147665,600.882407,316698,,,0,1,"{timeout:600,max_col_multiplier:1,age_limit:525,random_seed:1,replication:2,num_threads:128,set_partition:true}",1
e201600.json.gz,e,20,1600,Dantzig,highs,DantzigFarkas,3,56,180640.29180045356,inf,,,,,4320,599.349598,0.148113,600.005954,310898,,,0,1,"{timeout:600,max_col_multiplier:1,age_limit:525,random_seed:2,replication:3,num_threads:128,set_partition:true}",-4
e201600.json.gz,e,20,1600,Dantzig,highs,DantzigFarkas,3,56,180640.29180045356,inf,,,,,4320,599.349598,0.148113,600.005956,310898,,,0,1,"{timeout:600,max_col_multiplier:1,age_limit:525,random_seed:2,replication:3,num_threads:128,set_partition:true}",1
e201600.json.gz,e,20,1600,Dantzig,highs,DantzigFarkas,4,56,180640.29180045356,inf,,,,,4320,599.911865,0.150541,600.570624,311923,,,0,1,"{timeout:600,max_col_multiplier:1,age_limit:525,random_seed:3,replication:4,num_threads:128,set_partition:true}",-4
e201600.json.gz,e,20,1600,Dantzig,highs,DantzigFarkas,4,56,180640.29180045356,inf,,,,,4320,599.911865,0.150541,600.570626,311923,,,0,1,"{timeout:600,max_col_multiplier:1,age_limit:525,random_seed:3,replication:4,num_threads:128,set_partition:true}",1
e201600.json.gz,e,20,1600,Dantzig,highs,DantzigFarkas,5,56,180640.29180045356,inf,,,,,4320,599.346465,0.146704,600.005684,312150,,,0,1,"{timeout:600,max_col_multiplier:1,age_limit:525,random_seed:4,replication:5,num_threads:128,set_partition:true}",-4
e201600.json.gz,e,20,1600,Dantzig,highs,DantzigFarkas,5,56,180640.29180045356,inf,,,,,4320,599.346465,0.146704,600.005686,312150,,,0,1,"{timeout:600,max_col_multiplier:1,age_limit:525,random_seed:4,replication:5,num_threads:128,set_partition:true}",1
e201600.json.gz,e,20,1600,LagrangeTemplate,highs,LTFarkas,1,79,180640.29180045356,184073,,184073.00000044232,,20,1560,49.79705,0.283691,52.073637,124962,2509.425759156416,80.10384615384615,1,0,"{timeout:600,max_col_multiplier:1,age_limit:8,random_seed:0,replication:1,num_threads:128,set_partition:true}",-1
e201600.json.gz,e,20,1600,LagrangeTemplate,highs,LTFarkas,1,79,180640.29180045356,184073,1.8644776800508494,184073.00000044232,0,20,1560,49.79705,0.283691,52.073644,124962,2509.425759156416,1.013972736124635,1,0,"{timeout:600,max_col_multiplier:1,age_limit:8,random_seed:0,replication:1,num_threads:128,set_partition:true}",1
e201600.json.gz,e,20,1600,LagrangeTemplate,highs,LTFarkas,2,153,180640.29180045356,inf,,,,,6260,598.981061,0.524329,600.018186,323420,,,0,1,"{timeout:600,max_col_multiplier:1,age_limit:8,random_seed:1,replication:2,num_threads:128,set_partition:true}",-4
e201600.json.gz,e,20,1600,LagrangeTemplate,highs,LTFarkas,2,153,180640.29180045356,inf,,,,,6260,598.981061,0.524329,600.018188,323420,,,0,1,"{timeout:600,max_col_multiplier:1,age_limit:8,random_seed:1,replication:2,num_threads:128,set_partition:true}",1
e201600.json.gz,e,20,1600,LagrangeTemplate,highs,LTFarkas,3,134,180640.29180045356,inf,,,,,5880,598.993485,0.500865,600.004957,319700,,,0,1,"{timeout:600,max_col_multiplier:1,age_limit:8,random_seed:2,replication:3,num_threads:128,set_partition:true}",-4
e201600.json.gz,e,20,1600,LagrangeTemplate,highs,LTFarkas,3,134,180640.29180045356,inf,,,,,5880,598.993485,0.500865,600.004959,319700,,,0,1,"{timeout:600,max_col_multiplier:1,age_limit:8,random_seed:2,replication:3,num_threads:128,set_partition:true}",1
e201600.json.gz,e,20,1600,LagrangeTemplate,highs,LTFarkas,4,156,180640.29180045356,inf,,,,,6320,599.1889,0.538288,600.239524,297620,,,0,1,"{timeout:600,max_col_multiplier:1,age_limit:8,random_seed:3,replication:4,num_threads:128,set_partition:true}",-4
e201600.json.gz,e,20,1600,LagrangeTemplate,highs,LTFarkas,4,156,180640.29180045356,inf,,,,,6320,599.1889,0.538288,600.239526,297620,,,0,1,"{timeout:600,max_col_multiplier:1,age_limit:8,random_seed:3,replication:4,num_threads:128,set_partition:true}",1
e201600.json.gz,e,20,1600,LagrangeTemplate,highs,LTFarkas,5,149,180640.29180045356,inf,,,,,6180,599.553477,0.546118,600.609556,335537,,,0,1,"{timeout:600,max_col_multiplier:1,age_limit:8,random_seed:4,replication:5,num_threads:128,set_partition:true}",-4
e201600.json.gz,e,20,1600,LagrangeTemplate,highs,LTFarkas,5,149,180640.29180045356,inf,,,,,6180,599.553477,0.546118,600.609559,335537,,,0,1,"{timeout:600,max_col_multiplier:1,age_limit:8,random_seed:4,replication:5,num_threads:128,set_partition:true}",1
e201600.json.gz,e,20,1600,MipTemplate,highs,MTFarkas,1,54,180640.29180045356,187735,,187735,,20,1060,0.474428,2.761751,3.779541,9317,19638.38559275591,8.789622641509434,1,0,"{timeout:600,max_col_multiplier:1,age_limit:8,random_seed:0,replication:1,num_threads:128,set_partition:true}",-1
e201600.json.gz,e,20,1600,MipTemplate,highs,MTFarkas,1,54,180640.29180045356,187735,3.7787306575758386,187735,0,20,1060,0.474428,2.761751,3.779555,9317,19638.38559275591,0.1627707896575821,1,0,"{timeout:600,max_col_multiplier:1,age_limit:8,random_seed:0,replication:1,num_threads:128,set_partition:true}",1
e201600.json.gz,e,20,1600,MipTemplate,highs,MTFarkas,2,41,180640.29180045356,184649,,184649,,20,800,0.312165,2.01354,2.861898,8937,28629.090384892603,11.17125,1,0,"{timeout:600,max_col_multiplier:1,age_limit:8,random_seed:1,replication:2,num_threads:128,set_partition:true}",-1
e201600.json.gz,e,20,1600,MipTemplate,highs,MTFarkas,2,41,180640.29180045356,184649,2.1706047690483024,184649,0,20,800,0.312165,2.01354,2.861915,8937,28629.090384892603,0.27246951219512194,1,0,"{timeout:600,max_col_multiplier:1,age_limit:8,random_seed:1,replication:2,num_threads:128,set_partition:true}",1
e201600.json.gz,e,20,1600,MipTemplate,highs,MTFarkas,3,53,180640.29180045356,185996,,185996,,20,1040,0.48507,2.919228,3.945365,9365,19306.491846537614,9.004807692307692,1,0,"{timeout:600,max_col_multiplier:1,age_limit:8,random_seed:2,replication:3,num_threads:128,set_partition:true}",-1
e201600.json.gz,e,20,1600,MipTemplate,highs,MTFarkas,3,53,180640.29180045356,185996,2.8790941740682596,185996,0,20,1040,0.48507,2.919228,3.94538,9365,19306.491846537614,0.1699020319303338,1,0,"{timeout:600,max_col_multiplier:1,age_limit:8,random_seed:2,replication:3,num_threads:128,set_partition:true}",1
e201600.json.gz,e,20,1600,MipTemplate,highs,MTFarkas,4,47,180640.29180045356,185824,,185824,,20,920,0.384495,2.442897,3.372608,9122,23724.625807877866,9.915217391304347,1,0,"{timeout:600,max_col_multiplier:1,age_limit:8,random_seed:3,replication:4,num_threads:128,set_partition:true}",-1
e201600.json.gz,e,20,1600,MipTemplate,highs,MTFarkas,4,47,180640.29180045356,185824,2.7891983812639918,185824,0,20,920,0.384495,2.442897,3.372625,9122,23724.625807877866,0.21096207215541166,1,0,"{timeout:600,max_col_multiplier:1,age_limit:8,random_seed:3,replication:4,num_threads:128,set_partition:true}",1
e201600.json.gz,e,20,1600,MipTemplate,highs,MTFarkas,5,45,180640.29180045356,185992,,185992,,20,880,0.355175,2.072994,2.964188,8968,25249.524882100373,10.190909090909091,1,0,"{timeout:600,max_col_multiplier:1,age_limit:8,random_seed:4,replication:5,num_threads:128,set_partition:true}",-1
e201600.json.gz,e,20,1600,MipTemplate,highs,MTFarkas,5,45,180640.29180045356,185992,2.877005462600542,185992,0,20,880,0.355175,2.072994,2.964202,8968,25249.524882100373,0.22646464646464648,1,0,"{timeout:600,max_col_multiplier:1,age_limit:8,random_seed:4,replication:5,num_threads:128,set_partition:true}",1
e20200.json.gz,e,20,200,Dantzig,highs,DantzigFarkas,1,115,22355.93384940954,inf,,52671.3993791089,,219,2280,3.944039,0.038225,4.078407,35117,8903.816620474594,15.40219298245614,0,0,"{timeout:600,max_col_multiplier:1,age_limit:10,random_seed:0,replication:1,num_threads:128,set_partition:true}",-1
e20200.json.gz,e,20,200,Dantzig,highs,DantzigFarkas,1,115,22355.93384940954,inf,nan,52671.3993791089,0,219,2280,3.944039,0.038225,4.078417,35117,8903.816620474594,0.13393211289092297,0,0,"{timeout:600,max_col_multiplier:1,age_limit:10,random_seed:0,replication:1,num_threads:128,set_partition:true}",1
e20200.json.gz,e,20,200,Dantzig,highs,DantzigFarkas,2,114,22355.93384940954,inf,,52344.155593371346,,219,2260,4.01254,0.037486,4.130286,33975,8467.20531134892,15.033185840707965,0,0,"{timeout:600,max_col_multiplier:1,age_limit:10,random_seed:1,replication:2,num_threads:128,set_partition:true}",-1
e20200.json.gz,e,20,200,Dantzig,highs,DantzigFarkas,2,114,22355.93384940954,inf,nan,52344.155593371346,0,219,2260,4.01254,0.037486,4.130297,33975,8467.20531134892,0.1318700512342804,0,0,"{timeout:600,max_col_multiplier:1,age_limit:10,random_seed:1,replication:2,num_threads:128,set_partition:true}",1
e20200.json.gz,e,20,200,Dantzig,highs,DantzigFarkas,3,110,22355.93384940954,inf,,57861.94192606432,,218,2180,3.767546,0.035193,3.875031,33334,8847.669013198512,15.290825688073394,0,0,"{timeout:600,max_col_multiplier:1,age_limit:10,random_seed:2,replication:3,num_threads:128,set_partition:true}",-1
e20200.json.gz,e,20,200,Dantzig,highs,DantzigFarkas,3,110,22355.93384940954,inf,nan,57861.94192606432,0,218,2180,3.767546,0.035193,3.875041,33334,8847.669013198512,0.13900750625521266,0,0,"{timeout:600,max_col_multiplier:1,age_limit:10,random_seed:2,replication:3,num_threads:128,set_partition:true}",1
e20200.json.gz,e,20,200,Dantzig,highs,DantzigFarkas,4,110,22355.93384940954,inf,,51946.09263563085,,219,2180,3.520179,0.035254,3.626452,35419,10061.704248562359,16.24724770642202,0,0,"{timeout:600,max_col_multiplier:1,age_limit:10,random_seed:3,replication:4,num_threads:128,set_partition:true}",-1
e20200.json.gz,e,20,200,Dantzig,highs,DantzigFarkas,4,110,22355.93384940954,inf,nan,51946.09263563085,0,219,2180,3.520179,0.035254,3.62646,35419,10061.704248562359,0.1477022518765638,0,0,"{timeout:600,max_col_multiplier:1,age_limit:10,random_seed:3,replication:4,num_threads:128,set_partition:true}",1
e20200.json.gz,e,20,200,Dantzig,highs,DantzigFarkas,5,114,22355.93384940954,inf,,54570.21276909677,,219,2260,4.066076,0.036679,4.181752,35065,8623.793554276901,15.515486725663717,0,0,"{timeout:600,max_col_multiplier:1,age_limit:10,random_seed:4,replication:5,num_threads:128,set_partition:true}",-1
e20200.json.gz,e,20,200,Dantzig,highs,DantzigFarkas,5,114,22355.93384940954,inf,nan,54570.21276909677,0,219,2260,4.066076,0.036679,4.181763,35065,8623.793554276901,0.13610076075143612,0,0,"{timeout:600,max_col_multiplier:1,age_limit:10,random_seed:4,replication:5,num_threads:128,set_partition:true}",1
e20200.json.gz,e,20,200,LagrangeTemplate,highs,LTFarkas,1,9,22355.93384940954,34119,,34119,,20,160,0.005017,0.003536,0.044936,1498,298584.81164042256,9.3625,1,0,"{timeout:600,max_col_multiplier:1,age_limit:2,random_seed:0,replication:1,num_threads:128,set_partition:true}",-1
e20200.json.gz,e,20,200,LagrangeTemplate,highs,LTFarkas,1,9,22355.93384940954,34119,34.47639145344236,34119,0,20,160,0.005017,0.003536,0.044946,1498,298584.81164042256,1.0402777777777779,1,0,"{timeout:600,max_col_multiplier:1,age_limit:2,random_seed:0,replication:1,num_threads:128,set_partition:true}",1
e20200.json.gz,e,20,200,LagrangeTemplate,highs,LTFarkas,2,10,22355.93384940954,31774,,31774.000000000204,,20,180,0.006566,0.004403,0.04773,1525,232257.08193725251,8.472222222222221,1,0,"{timeout:600,max_col_multiplier:1,age_limit:2,random_seed:1,replication:2,num_threads:128,set_partition:true}",-1
e20200.json.gz,e,20,200,LagrangeTemplate,highs,LTFarkas,2,10,22355.93384940954,31774,29.64058664316737,31774.000000000204,0,20,180,0.006566,0.004403,0.047738,1525,232257.08193725251,0.8472222222222221,1,0,"{timeout:600,max_col_multiplier:1,age_limit:2,random_seed:1,replication:2,num_threads:128,set_partition:true}",1
e20200.json.gz,e,20,200,LagrangeTemplate,highs,LTFarkas,3,11,22355.93384940954,30560,,30560,,20,200,0.007333,0.004285,0.048387,1617,220510.02318287196,8.085,1,0,"{timeout:600,max_col_multiplier:1,age_limit:2,random_seed:2,replication:3,num_threads:128,set_partition:true}",-1
e20200.json.gz,e,20,200,LagrangeTemplate,highs,LTFarkas,3,11,22355.93384940954,30560,26.845549738219894,30560,0,20,200,0.007333,0.004285,0.048396,1617,220510.02318287196,0.7350000000000001,1,0,"{timeout:600,max_col_multiplier:1,age_limit:2,random_seed:2,replication:3,num_threads:128,set_partition:true}",1
e20200.json.gz,e,20,200,LagrangeTemplate,highs,LTFarkas,4,13,22355.93384940954,inf,,32405.333333333332,,36,240,0.014759,0.004864,0.058864,1946,131851.75147367708,8.108333333333333,0,0,"{timeout:600,max_col_multiplier:1,age_limit:2,random_seed:3,replication:4,num_threads:128,set_partition:true}",-1
e20200.json.gz,e,20,200,LagrangeTemplate,highs,LTFarkas,4,13,22355.93384940954,inf,nan,32405.333333333332,0,36,240,0.014759,0.004864,0.058872,1946,131851.75147367708,0.6237179487179486,0,0,"{timeout:600,max_col_multiplier:1,age_limit:2,random_seed:3,replication:4,num_threads:128,set_partition:true}",1
e20200.json.gz,e,20,200,LagrangeTemplate,highs,LTFarkas,5,9,22355.93384940954,inf,,31003.181818181794,,37,160,0.006175,0.003541,0.046235,1570,254251.012145749,9.8125,0,0,"{timeout:600,max_col_multiplier:1,age_limit:2,random_seed:4,replication:5,num_threads:128,set_partition:true}",-1
e20200.json.gz,e,20,200,LagrangeTemplate,highs,LTFarkas,5,9,22355.93384940954,inf,nan,31003.181818181794,0,37,160,0.006175,0.003541,0.046243,1570,254251.012145749,1.0902777777777777,0,0,"{timeout:600,max_col_multiplier:1,age_limit:2,random_seed:4,replication:5,num_threads:128,set_partition:true}",1
e20200.json.gz,e,20,200,MipTemplate,highs,MTFarkas,1,7,22355.93384940954,29097,,29097,,20,120,0.003675,0.153477,0.20836,1377,374693.8775510204,11.475,1,0,"{timeout:600,max_col_multiplier:1,age_limit:2,random_seed:0,replication:1,num_threads:128,set_partition:true}",-1
e20200.json.gz,e,20,200,MipTemplate,highs,MTFarkas,1,7,22355.93384940954,29097,23.167336838849366,29097,0,20,120,0.003675,0.153477,0.208376,1377,374693.8775510204,1.6392857142857142,1,0,"{timeout:600,max_col_multiplier:1,age_limit:2,random_seed:0,replication:1,num_threads:128,set_partition:true}",1
e20200.json.gz,e,20,200,MipTemplate,highs,MTFarkas,2,7,22355.93384940954,29080,,29080,,20,120,0.003303,0.15797,0.211818,1364,412957.9170451105,11.366666666666667,1,0,"{timeout:600,max_col_multiplier:1,age_limit:2,random_seed:1,replication:2,num_threads:128,set_partition:true}",-1
e20200.json.gz,e,20,200,MipTemplate,highs,MTFarkas,2,7,22355.93384940954,29080,23.12242090784044,29080,0,20,120,0.003303,0.15797,0.211837,1364,412957.9170451105,1.6238095238095238,1,0,"{timeout:600,max_col_multiplier:1,age_limit:2,random_seed:1,replication:2,num_threads:128,set_partition:true}",1
e20200.json.gz,e,20,200,MipTemplate,highs,MTFarkas,3,7,22355.93384940954,27977,,27977,,20,120,0.003505,0.122537,0.178727,1372,391440.7988587732,11.433333333333334,1,0,"{timeout:600,max_col_multiplier:1,age_limit:2,random_seed:2,replication:3,num_threads:128,set_partition:true}",-1
e20200.json.gz,e,20,200,MipTemplate,highs,MTFarkas,3,7,22355.93384940954,27977,20.091503735211067,27977,0,20,120,0.003505,0.122537,0.178752,1372,391440.7988587732,1.6333333333333333,1,0,"{timeout:600,max_col_multiplier:1,age_limit:2,random_seed:2,replication:3,num_threads:128,set_partition:true}",1
e20200.json.gz,e,20,200,MipTemplate,highs,MTFarkas,4,7,22355.93384940954,28078,,28078,,20,120,0.003688,0.141255,0.198562,1386,375813.4490238612,11.55,1,0,"{timeout:600,max_col_multiplier:1,age_limit:2,random_seed:3,replication:4,num_threads:128,set_partition:true}",-1
e20200.json.gz,e,20,200,MipTemplate,highs,MTFarkas,4,7,22355.93384940954,28078,20.37894436925707,28078,0,20,120,0.003688,0.141255,0.198576,1386,375813.4490238612,1.6500000000000001,1,0,"{timeout:600,max_col_multiplier:1,age_limit:2,random_seed:3,replication:4,num_threads:128,set_partition:true}",1
e20200.json.gz,e,20,200,MipTemplate,highs,MTFarkas,5,7,22355.93384940954,28495,,28495,,20,120,0.003594,0.125409,0.17685,1353,376460.76794657763,11.275,1,0,"{timeout:600,max_col_multiplier:1,age_limit:2,random_seed:4,replication:5,num_threads:128,set_partition:true}",-1
e20200.json.gz,e,20,200,MipTemplate,highs,MTFarkas,5,7,22355.93384940954,28495,21.54413054921916,28495,0,20,120,0.003594,0.125409,0.176864,1353,376460.76794657763,1.6107142857142858,1,0,"{timeout:600,max_col_multiplier:1,age_limit:2,random_seed:4,replication:5,num_threads:128,set_partition:true}",1
e20400.json.gz,e,20,400,Dantzig,highs,DantzigFarkas,1,294,44861.76164021163,inf,,110995.59283716562,,420,5860,122.126676,0.117064,122.913235,247709,2028.2956034928848,42.271160409556316,0,0,"{timeout:600,max_col_multiplier:1,age_limit:34,random_seed:0,replication:1,num_threads:128,set_partition:true}",-1
e20400.json.gz,e,20,400,Dantzig,highs,DantzigFarkas,1,294,44861.76164021163,inf,nan,110995.59283716562,0,420,5860,122.126676,0.117064,122.913246,247709,2028.2956034928848,0.1437794571753616,0,0,"{timeout:600,max_col_multiplier:1,age_limit:34,random_seed:0,replication:1,num_threads:128,set_partition:true}",1
e20400.json.gz,e,20,400,Dantzig,highs,DantzigFarkas,2,303,44861.76164021163,inf,,110136.36756568967,,413,6040,140.215,0.120345,140.851596,247710,1766.6440823021787,41.01158940397351,0,0,"{timeout:600,max_col_multiplier:1,age_limit:34,random_seed:1,replication:2,num_threads:128,set_partition:true}",-1
e20400.json.gz,e,20,400,Dantzig,highs,DantzigFarkas,2,303,44861.76164021163,inf,nan,110136.36756568967,0,413,6040,140.215,0.120345,140.851605,247710,1766.6440823021787,0.1353517802111337,0,0,"{timeout:600,max_col_multiplier:1,age_limit:34,random_seed:1,replication:2,num_threads:128,set_partition:true}",1
e20400.json.gz,e,20,400,Dantzig,highs,DantzigFarkas,3,307,44861.76164021163,inf,,110461.11478623388,,418,6120,129.327904,0.126982,130.388832,248930,1924.7972966452778,40.67483660130719,0,0,"{timeout:600,max_col_multiplier:1,age_limit:34,random_seed:2,replication:3,num_threads:128,set_partition:true}",-1
e20400.json.gz,e,20,400,Dantzig,highs,DantzigFarkas,3,307,44861.76164021163,inf,nan,110461.11478623388,0,418,6120,129.327904,0.126982,130.388838,248930,1924.7972966452778,0.13249132443422537,0,0,"{timeout:600,max_col_multiplier:1,age_limit:34,random_seed:2,replication:3,num_threads:128,set_partition:true}",1
e20400.json.gz,e,20,400,Dantzig,highs,DantzigFarkas,4,296,44861.76164021163,inf,,111126.41056725221,,418,5900,120.769477,0.117043,121.561258,250214,2071.83144462901,42.40915254237288,0,0,"{timeout:600,max_col_multiplier:1,age_limit:34,random_seed:3,replication:4,num_threads:128,set_partition:true}",-1
e20400.json.gz,e,20,400,Dantzig,highs,DantzigFarkas,4,296,44861.76164021163,inf,nan,111126.41056725221,0,418,5900,120.769477,0.117043,121.561266,250214,2071.83144462901,0.14327416399450296,0,0,"{timeout:600,max_col_multiplier:1,age_limit:34,random_seed:3,replication:4,num_threads:128,set_partition:true}",1
e20400.json.gz,e,20,400,Dantzig,highs,DantzigFarkas,5,303,44861.76164021163,inf,,111205.74538935508,,418,6040,137.388846,0.119616,138.425043,245711,1788.4348486339277,40.68062913907285,0,0,"{timeout:600,max_col_multiplier:1,age_limit:34,random_seed:4,replication:5,num_threads:128,set_partition:true}",-1
e20400.json.gz,e,20,400,Dantzig,highs,DantzigFarkas,5,303,44861.76164021163,inf,nan,111205.74538935508,0,418,6040,137.388846,0.119616,138.425055,245711,1788.4348486339277,0.13425950210915133,0,0,"{timeout:600,max_col_multiplier:1,age_limit:34,random_seed:4,replication:5,num_threads:128,set_partition:true}",1
e20400.json.gz,e,20,400,LagrangeTemplate,highs,LTFarkas,1,29,44861.76164021163,inf,,83903.3155194196,,189,560,0.258592,0.016445,0.375008,8495,32850.97760178196,15.169642857142858,0,0,"{timeout:600,max_col_multiplier:1,age_limit:2,random_seed:0,replication:1,num_threads:128,set_partition:true}",-1
e20400.json.gz,e,20,400,LagrangeTemplate,highs,LTFarkas,1,29,44861.76164021163,inf,nan,83903.3155194196,0,189,560,0.258592,0.016445,0.375015,8495,32850.97760178196,0.5230911330049262,0,0,"{timeout:600,max_col_multiplier:1,age_limit:2,random_seed:0,replication:1,num_threads:128,set_partition:true}",1
e20400.json.gz,e,20,400,LagrangeTemplate,highs,LTFarkas,2,25,44861.76164021163,inf,,58405.687757100815,,71,480,0.180389,0.015038,0.287319,6646,36842.60126726131,13.845833333333333,0,0,"{timeout:600,max_col_multiplier:1,age_limit:2,random_seed:1,replication:2,num_threads:128,set_partition:true}",-1
e20400.json.gz,e,20,400,LagrangeTemplate,highs,LTFarkas,2,25,44861.76164021163,inf,nan,58405.687757100815,0,71,480,0.180389,0.015038,0.287328,6646,36842.60126726131,0.5538333333333333,0,0,"{timeout:600,max_col_multiplier:1,age_limit:2,random_seed:1,replication:2,num_threads:128,set_partition:true}",1
e20400.json.gz,e,20,400,LagrangeTemplate,highs,LTFarkas,3,19,44861.76164021163,inf,,50998.99999999999,,23,360,0.081926,0.011863,0.18151,4513,55086.297390327854,12.536111111111111,0,0,"{timeout:600,max_col_multiplier:1,age_limit:2,random_seed:2,replication:3,num_threads:128,set_partition:true}",-1
e20400.json.gz,e,20,400,LagrangeTemplate,highs,LTFarkas,3,19,44861.76164021163,inf,nan,50998.99999999999,0,23,360,0.081926,0.011863,0.181516,4513,55086.297390327854,0.6597953216374269,0,0,"{timeout:600,max_col_multiplier:1,age_limit:2,random_seed:2,replication:3,num_threads:128,set_partition:true}",1
e20400.json.gz,e,20,400,LagrangeTemplate,highs,LTFarkas,4,21,44861.76164021163,50724,,50724.00000000001,,20,400,0.08072,0.013716,0.180692,4357,53976.70961347869,10.8925,1,0,"{timeout:600,max_col_multiplier:1,age_limit:2,random_seed:3,replication:4,num_threads:128,set_partition:true}",-1
e20400.json.gz,e,20,400,LagrangeTemplate,highs,LTFarkas,4,21,44861.76164021163,50724,11.556659569434586,50724.00000000001,0,20,400,0.08072,0.013716,0.180698,4357,53976.70961347869,0.5186904761904761,1,0,"{timeout:600,max_col_multiplier:1,age_limit:2,random_seed:3,replication:4,num_threads:128,set_partition:true}",1
e20400.json.gz,e,20,400,LagrangeTemplate,highs,LTFarkas,5,24,44861.76164021163,52647,,52647,,20,460,0.16626,0.017478,0.282491,5999,36082.040178034404,13.041304347826086,1,0,"{timeout:600,max_col_multiplier:1,age_limit:2,random_seed:4,replication:5,num_threads:128,set_partition:true}",-1
e20400.json.gz,e,20,400,LagrangeTemplate,highs,LTFarkas,5,24,44861.76164021163,52647,14.78716735996353,52647,0,20,460,0.16626,0.017478,0.282499,5999,36082.040178034404,0.5433876811594203,1,0,"{timeout:600,max_col_multiplier:1,age_limit:2,random_seed:4,replication:5,num_threads:128,set_partition:true}",1
e20400.json.gz,e,20,400,MipTemplate,highs,MTFarkas,1,14,44861.76164021163,51048,,51048,,20,260,0.018277,0.434352,0.5627,2485,135963.23247797778,9.557692307692308,1,0,"{timeout:600,max_col_multiplier:1,age_limit:2,random_seed:0,replication:1,num_threads:128,set_partition:true}",-1
e20400.json.gz,e,20,400,MipTemplate,highs,MTFarkas,1,14,44861.76164021163,51048,12.118006582040433,51048,0,20,260,0.018277,0.434352,0.562714,2485,135963.23247797778,0.6826923076923077,1,0,"{timeout:600,max_col_multiplier:1,age_limit:2,random_seed:0,replication:1,num_threads:128,set_partition:true}",1
e20400.json.gz,e,20,400,MipTemplate,highs,MTFarkas,2,12,44861.76164021163,50918,,50918,,20,220,0.014138,0.350777,0.474643,2463,174211.3453105107,11.195454545454545,1,0,"{timeout:600,max_col_multiplier:1,age_limit:2,random_seed:1,replication:2,num_threads:128,set_partition:true}",-1
e20400.json.gz,e,20,400,MipTemplate,highs,MTFarkas,2,12,44861.76164021163,50918,11.893632899956794,50918,0,20,220,0.014138,0.350777,0.47466,2463,174211.3453105107,0.9329545454545455,1,0,"{timeout:600,max_col_multiplier:1,age_limit:2,random_seed:1,replication:2,num_threads:128,set_partition:true}",1
e20400.json.gz,e,20,400,MipTemplate,highs,MTFarkas,3,12,44861.76164021163,50587,,50587,,20,220,0.013503,0.343402,0.46532,2459,182107.67977486484,11.177272727272728,1,0,"{timeout:600,max_col_multiplier:1,age_limit:2,random_seed:2,replication:3,num_threads:128,set_partition:true}",-1
e20400.json.gz,e,20,400,MipTemplate,highs,MTFarkas,3,12,44861.76164021163,50587,11.317136813805918,50587,0,20,220,0.013503,0.343402,0.465334,2459,182107.67977486484,0.931439393939394,1,0,"{timeout:600,max_col_multiplier:1,age_limit:2,random_seed:2,replication:3,num_threads:128,set_partition:true}",1
e20400.json.gz,e,20,400,MipTemplate,highs,MTFarkas,4,12,44861.76164021163,51099,,51099,,20,220,0.014145,0.341869,0.46444,2430,171792.15270413575,11.045454545454545,1,0,"{timeout:600,max_col_multiplier:1,age_limit:2,random_seed:3,replication:4,num_threads:128,set_partition:true}",-1
e20400.json.gz,e,20,400,MipTemplate,highs,MTFarkas,4,12,44861.76164021163,51099,12.205718311512946,51099,0,20,220,0.014145,0.341869,0.464455,2430,171792.15270413575,0.9204545454545454,1,0,"{timeout:600,max_col_multiplier:1,age_limit:2,random_seed:3,replication:4,num_threads:128,set_partition:true}",1
e20400.json.gz,e,20,400,MipTemplate,highs,MTFarkas,5,13,44861.76164021163,49627,,49627,,20,240,0.0151,0.399875,0.523532,2468,163443.7086092715,10.283333333333333,1,0,"{timeout:600,max_col_multiplier:1,age_limit:2,random_seed:4,replication:5,num_threads:128,set_partition:true}",-1
e20400.json.gz,e,20,400,MipTemplate,highs,MTFarkas,5,13,44861.76164021163,49627,9.601628145968927,49627,0,20,240,0.0151,0.399875,0.523546,2468,163443.7086092715,0.791025641025641,1,0,"{timeout:600,max_col_multiplier:1,age_limit:2,random_seed:4,replication:5,num_threads:128,set_partition:true}",1
e30900.json.gz,e,30,900,Dantzig,highs,DantzigFarkas,1,69,100413.32272897898,inf,,,,,3870,600.369617,0.080766,600.871142,136002,,,0,1,"{timeout:600,max_col_multiplier:1,age_limit:75,random_seed:0,replication:1,num_threads:128,set_partition:true}",-4
e30900.json.gz,e,30,900,Dantzig,highs,DantzigFarkas,1,69,100413.32272897898,inf,,,,,3870,600.369617,0.080766,600.871144,136002,,,0,1,"{timeout:600,max_col_multiplier:1,age_limit:75,random_seed:0,replication:1,num_threads:128,set_partition:true}",1
e30900.json.gz,e,30,900,Dantzig,highs,DantzigFarkas,2,68,100413.32272897898,inf,,,,,3840,599.522232,0.080095,600.027169,131475,,,0,1,"{timeout:600,max_col_multiplier:1,age_limit:75,random_seed:1,replication:2,num_threads:128,set_partition:true}",-4
e30900.json.gz,e,30,900,Dantzig,highs,DantzigFarkas,2,68,100413.32272897898,inf,,,,,3840,599.522232,0.080095,600.027171,131475,,,0,1,"{timeout:600,max_col_multiplier:1,age_limit:75,random_seed:1,replication:2,num_threads:128,set_partition:true}",1
e30900.json.gz,e,30,900,Dantzig,highs,DantzigFarkas,3,68,100413.32272897898,inf,,,,,3840,599.615282,0.076018,600.114913,132868,,,0,1,"{timeout:600,max_col_multiplier:1,age_limit:75,random_seed:2,replication:3,num_threads:128,set_partition:true}",-4
e30900.json.gz,e,30,900,Dantzig,highs,DantzigFarkas,3,68,100413.32272897898,inf,,,,,3840,599.615282,0.076018,600.114915,132868,,,0,1,"{timeout:600,max_col_multiplier:1,age_limit:75,random_seed:2,replication:3,num_threads:128,set_partition:true}",1
e30900.json.gz,e,30,900,Dantzig,highs,DantzigFarkas,4,69,100413.32272897898,inf,,,,,3870,599.573112,0.083747,600.077851,134890,,,0,1,"{timeout:600,max_col_multiplier:1,age_limit:75,random_seed:3,replication:4,num_threads:128,set_partition:true}",-4
e30900.json.gz,e,30,900,Dantzig,highs,DantzigFarkas,4,69,100413.32272897898,inf,,,,,3870,599.573112,0.083747,600.077853,134890,,,0,1,"{timeout:600,max_col_multiplier:1,age_limit:75,random_seed:3,replication:4,num_threads:128,set_partition:true}",1
e30900.json.gz,e,30,900,Dantzig,highs,DantzigFarkas,5,69,100413.32272897898,inf,,,,,3870,599.628482,0.078855,600.128884,136942,,,0,1,"{timeout:600,max_col_multiplier:1,age_limit:75,random_seed:4,replication:5,num_threads:128,set_partition:true}",-4
e30900.json.gz,e,30,900,Dantzig,highs,DantzigFarkas,5,69,100413.32272897898,inf,,,,,3870,599.628482,0.078855,600.128886,136942,,,0,1,"{timeout:600,max_col_multiplier:1,age_limit:75,random_seed:4,replication:5,num_threads:128,set_partition:true}",1
e30900.json.gz,e,30,900,LagrangeTemplate,highs,LTFarkas,1,47,100413.32272897898,inf,,177889.8411544727,,623,1380,7.118873,0.071223,8.16974,44359,6231.182941457167,32.14420289855072,0,0,"{timeout:600,max_col_multiplier:1,age_limit:3,random_seed:0,replication:1,num_threads:128,set_partition:true}",-1
e30900.json.gz,e,30,900,LagrangeTemplate,highs,LTFarkas,1,47,100413.32272897898,inf,nan,177889.8411544727,0,623,1380,7.118873,0.071223,8.16975,44359,6231.182941457167,0.6839192106074622,0,0,"{timeout:600,max_col_multiplier:1,age_limit:3,random_seed:0,replication:1,num_threads:128,set_partition:true}",1
e30900.json.gz,e,30,900,LagrangeTemplate,highs,LTFarkas,2,57,100413.32272897898,inf,,159396.09695162467,,670,1680,11.385695,0.092851,12.447518,66815,5868.328635186521,39.770833333333336,0,0,"{timeout:600,max_col_multiplier:1,age_limit:3,random_seed:1,replication:2,num_threads:128,set_partition:true}",-1
e30900.json.gz,e,30,900,LagrangeTemplate,highs,LTFarkas,2,57,100413.32272897898,inf,nan,159396.09695162467,0,670,1680,11.385695,0.092851,12.447529,66815,5868.328635186521,0.697733918128655,0,0,"{timeout:600,max_col_multiplier:1,age_limit:3,random_seed:1,replication:2,num_threads:128,set_partition:true}",1
e30900.json.gz,e,30,900,LagrangeTemplate,highs,LTFarkas,3,56,100413.32272897898,inf,,208192.6383073174,,586,1650,10.958717,0.076852,11.927878,59359,5416.601231695279,35.975151515151516,0,0,"{timeout:600,max_col_multiplier:1,age_limit:3,random_seed:2,replication:3,num_threads:128,set_partition:true}",-1
e30900.json.gz,e,30,900,LagrangeTemplate,highs,LTFarkas,3,56,100413.32272897898,inf,nan,208192.6383073174,0,586,1650,10.958717,0.076852,11.927887,59359,5416.601231695279,0.6424134199134199,0,0,"{timeout:600,max_col_multiplier:1,age_limit:3,random_seed:2,replication:3,num_threads:128,set_partition:true}",1
e30900.json.gz,e,30,900,LagrangeTemplate,highs,LTFarkas,4,54,100413.32272897898,inf,,164629.1405433681,,643,1590,9.873973,0.081826,10.902864,59647,6040.830778046487,37.51383647798742,0,0,"{timeout:600,max_col_multiplier:1,age_limit:3,random_seed:3,replication:4,num_threads:128,set_partition:true}",-1
e30900.json.gz,e,30,900,LagrangeTemplate,highs,LTFarkas,4,54,100413.32272897898,inf,nan,164629.1405433681,0,643,1590,9.873973,0.081826,10.902871,59647,6040.830778046487,0.6947006755182855,0,0,"{timeout:600,max_col_multiplier:1,age_limit:3,random_seed:3,replication:4,num_threads:128,set_partition:true}",1
e30900.json.gz,e,30,900,LagrangeTemplate,highs,LTFarkas,5,54,100413.32272897898,inf,,186531.21661988896,,630,1590,10.092594,0.075647,11.156304,51872,5139.610292458015,32.623899371069186,0,0,"{timeout:600,max_col_multiplier:1,age_limit:3,random_seed:4,replication:5,num_threads:128,set_partition:true}",-1
e30900.json.gz,e,30,900,LagrangeTemplate,highs,LTFarkas,5,54,100413.32272897898,inf,nan,186531.21661988896,0,630,1590,10.092594,0.075647,11.156311,51872,5139.610292458015,0.6041462846494293,0,0,"{timeout:600,max_col_multiplier:1,age_limit:3,random_seed:4,replication:5,num_threads:128,set_partition:true}",1
e30900.json.gz,e,30,900,MipTemplate,highs,MTFarkas,1,18,100413.32272897898,112516,,112516,,30,510,0.051438,0.674668,1.167451,6256,121622.14705081847,12.266666666666667,1,0,"{timeout:600,max_col_multiplier:1,age_limit:3,random_seed:0,replication:1,num_threads:128,set_partition:true}",-1
e30900.json.gz,e,30,900,MipTemplate,highs,MTFarkas,1,18,100413.32272897898,112516,10.755803619040847,112516,0,30,510,0.051438,0.674668,1.167471,6256,121622.14705081847,0.6814814814814816,1,0,"{timeout:600,max_col_multiplier:1,age_limit:3,random_seed:0,replication:1,num_threads:128,set_partition:true}",1
e30900.json.gz,e,30,900,MipTemplate,highs,MTFarkas,2,19,100413.32272897898,111772,,111772,,30,540,0.059431,0.807337,1.318919,6365,107098.98874324848,11.787037037037036,1,0,"{timeout:600,max_col_multiplier:1,age_limit:3,random_seed:1,replication:2,num_threads:128,set_partition:true}",-1
e30900.json.gz,e,30,900,MipTemplate,highs,MTFarkas,2,19,100413.32272897898,111772,10.161757864223599,111772,0,30,540,0.059431,0.807337,1.318937,6365,107098.98874324848,0.6203703703703703,1,0,"{timeout:600,max_col_multiplier:1,age_limit:3,random_seed:1,replication:2,num_threads:128,set_partition:true}",1
e30900.json.gz,e,30,900,MipTemplate,highs,MTFarkas,3,19,100413.32272897898,108079,,108079,,30,540,0.05981,0.814777,1.319413,6342,106035.77996990469,11.744444444444444,1,0,"{timeout:600,max_col_multiplier:1,age_limit:3,random_seed:2,replication:3,num_threads:128,set_partition:true}",-1
e30900.json.gz,e,30,900,MipTemplate,highs,MTFarkas,3,19,100413.32272897898,108079,7.0920345302972825,108079,0,30,540,0.05981,0.814777,1.319429,6342,106035.77996990469,0.6181286549707602,1,0,"{timeout:600,max_col_multiplier:1,age_limit:3,random_seed:2,replication:3,num_threads:128,set_partition:true}",1
e30900.json.gz,e,30,900,MipTemplate,highs,MTFarkas,4,18,100413.32272897898,111804,,111804,,30,510,0.057722,0.688984,1.191971,6325,109576.93773604518,12.401960784313726,1,0,"{timeout:600,max_col_multiplier:1,age_limit:3,random_seed:3,replication:4,num_threads:128,set_partition:true}",-1
e30900.json.gz,e,30,900,MipTemplate,highs,MTFarkas,4,18,100413.32272897898,111804,10.187470931272584,111804,0,30,510,0.057722,0.688984,1.191985,6325,109576.93773604518,0.6889978213507626,1,0,"{timeout:600,max_col_multiplier:1,age_limit:3,random_seed:3,replication:4,num_threads:128,set_partition:true}",1
e30900.json.gz,e,30,900,MipTemplate,highs,MTFarkas,5,21,100413.32272897898,110071,,110071,,30,600,0.067935,0.826208,1.328377,6484,95444.17457864135,10.806666666666667,1,0,"{timeout:600,max_col_multiplier:1,age_limit:3,random_seed:4,replication:5,num_threads:128,set_partition:true}",-1
e30900.json.gz,e,30,900,MipTemplate,highs,MTFarkas,5,21,100413.32272897898,110071,8.773428060070318,110071,0,30,600,0.067935,0.826208,1.328386,6484,95444.17457864135,0.5146031746031746,1,0,"{timeout:600,max_col_multiplier:1,age_limit:3,random_seed:4,replication:5,num_threads:128,set_partition:true}",1
e401600.json.gz,e,40,1600,Dantzig,highs,DantzigFarkas,1,35,178282.61930675918,inf,,,,,4600,599.309485,0.079742,600.705787,209474,,,0,1,"{timeout:600,max_col_multiplier:1,age_limit:132,random_seed:0,replication:1,num_threads:128,set_partition:true}",-4
e401600.json.gz,e,40,1600,Dantzig,highs,DantzigFarkas,1,35,178282.61930675918,inf,,,,,4600,599.309485,0.079742,600.705789,209474,,,0,1,"{timeout:600,max_col_multiplier:1,age_limit:132,random_seed:0,replication:1,num_threads:128,set_partition:true}",1
e401600.json.gz,e,40,1600,Dantzig,highs,DantzigFarkas,2,35,178282.61930675918,inf,,,,,4600,598.60557,0.078584,600.008971,208919,,,0,1,"{timeout:600,max_col_multiplier:1,age_limit:132,random_seed:1,replication:2,num_threads:128,set_partition:true}",-4
e401600.json.gz,e,40,1600,Dantzig,highs,DantzigFarkas,2,35,178282.61930675918,inf,,,,,4600,598.60557,0.078584,600.008974,208919,,,0,1,"{timeout:600,max_col_multiplier:1,age_limit:132,random_seed:1,replication:2,num_threads:128,set_partition:true}",1
e401600.json.gz,e,40,1600,Dantzig,highs,DantzigFarkas,3,34,178282.61930675918,inf,,,,,4560,598.612906,0.075792,600.006749,202199,,,0,1,"{timeout:600,max_col_multiplier:1,age_limit:132,random_seed:2,replication:3,num_threads:128,set_partition:true}",-4
e401600.json.gz,e,40,1600,Dantzig,highs,DantzigFarkas,3,34,178282.61930675918,inf,,,,,4560,598.612906,0.075792,600.006751,202199,,,0,1,"{timeout:600,max_col_multiplier:1,age_limit:132,random_seed:2,replication:3,num_threads:128,set_partition:true}",1
e401600.json.gz,e,40,1600,Dantzig,highs,DantzigFarkas,4,35,178282.61930675918,inf,,,,,4600,599.658196,0.082257,601.076835,206102,,,0,1,"{timeout:600,max_col_multiplier:1,age_limit:132,random_seed:3,replication:4,num_threads:128,set_partition:true}",-4
e401600.json.gz,e,40,1600,Dantzig,highs,DantzigFarkas,4,35,178282.61930675918,inf,,,,,4600,599.658196,0.082257,601.076837,206102,,,0,1,"{timeout:600,max_col_multiplier:1,age_limit:132,random_seed:3,replication:4,num_threads:128,set_partition:true}",1
e401600.json.gz,e,40,1600,Dantzig,highs,DantzigFarkas,5,34,178282.61930675918,inf,,,,,4560,598.733706,0.077779,600.137491,203432,,,0,1,"{timeout:600,max_col_multiplier:1,age_limit:132,random_seed:4,replication:5,num_threads:128,set_partition:true}",-4
e401600.json.gz,e,40,1600,Dantzig,highs,DantzigFarkas,5,34,178282.61930675918,inf,,,,,4560,598.733706,0.077779,600.137493,203432,,,0,1,"{timeout:600,max_col_multiplier:1,age_limit:132,random_seed:4,replication:5,num_threads:128,set_partition:true}",1
e401600.json.gz,e,40,1600,LagrangeTemplate,highs,LTFarkas,1,100,178282.61930675918,inf,,338233.4694125187,,1179,3960,292.716003,0.277091,316.017439,284097,970.5550673292023,71.74166666666666,0,0,"{timeout:600,max_col_multiplier:1,age_limit:4,random_seed:0,replication:1,num_threads:128,set_partition:true}",-1
e401600.json.gz,e,40,1600,LagrangeTemplate,highs,LTFarkas,1,100,178282.61930675918,inf,nan,338233.4694125187,0,1179,3960,292.716003,0.277091,316.017445,284097,970.5550673292023,0.7174166666666666,0,0,"{timeout:600,max_col_multiplier:1,age_limit:4,random_seed:0,replication:1,num_threads:128,set_partition:true}",1
e401600.json.gz,e,40,1600,LagrangeTemplate,highs,LTFarkas,2,106,178282.61930675918,inf,,358895.82342334895,,1242,4200,478.702806,0.277006,501.471774,317060,662.3316095623638,75.49047619047619,0,0,"{timeout:600,max_col_multiplier:1,age_limit:4,random_seed:1,replication:2,num_threads:128,set_partition:true}",-1
e401600.json.gz,e,40,1600,LagrangeTemplate,highs,LTFarkas,2,106,178282.61930675918,inf,nan,358895.82342334895,0,1242,4200,478.702806,0.277006,501.471781,317060,662.3316095623638,0.7121743036837376,0,0,"{timeout:600,max_col_multiplier:1,age_limit:4,random_seed:1,replication:2,num_threads:128,set_partition:true}",1
e401600.json.gz,e,40,1600,LagrangeTemplate,highs,LTFarkas,3,110,178282.61930675918,inf,,346324.2331143325,,1244,4360,586.258346,0.287133,599.828535,365550,623.5305688935983,83.84174311926606,0,0,"{timeout:600,max_col_multiplier:1,age_limit:4,random_seed:2,replication:3,num_threads:128,set_partition:true}",-1
e401600.json.gz,e,40,1600,LagrangeTemplate,highs,LTFarkas,3,110,178282.61930675918,inf,nan,346324.2331143325,0,1244,4360,586.258346,0.287133,599.828543,365550,623.5305688935983,0.7621976647206005,0,0,"{timeout:600,max_col_multiplier:1,age_limit:4,random_seed:2,replication:3,num_threads:128,set_partition:true}",1
e401600.json.gz,e,40,1600,LagrangeTemplate,highs,LTFarkas,4,113,178282.61930675918,inf,,,,,7720,598.383051,0.296436,600.005043,344025,,,0,1,"{timeout:600,max_col_multiplier:1,age_limit:4,random_seed:3,replication:4,num_threads:128,set_partition:true}",-4
e401600.json.gz,e,40,1600,LagrangeTemplate,highs,LTFarkas,4,113,178282.61930675918,inf,,,,,7720,598.383051,0.296436,600.005045,344025,,,0,1,"{timeout:600,max_col_multiplier:1,age_limit:4,random_seed:3,replication:4,num_threads:128,set_partition:true}",1
e401600.json.gz,e,40,1600,LagrangeTemplate,highs,LTFarkas,5,82,178282.61930675918,inf,,342871.5436891637,,1138,3240,183.605148,0.213045,195.802682,189404,1031.5832756497655,58.45802469135803,0,0,"{timeout:600,max_col_multiplier:1,age_limit:4,random_seed:4,replication:5,num_threads:128,set_partition:true}",-1
e401600.json.gz,e,40,1600,LagrangeTemplate,highs,LTFarkas,5,82,178282.61930675918,inf,nan,342871.5436891637,0,1138,3240,183.605148,0.213045,195.802689,189404,1031.5832756497655,0.7129027401385125,0,0,"{timeout:600,max_col_multiplier:1,age_limit:4,random_seed:4,replication:5,num_threads:128,set_partition:true}",1
e401600.json.gz,e,40,1600,MipTemplate,highs,MTFarkas,1,26,178282.61930675918,190061,,190061,,40,1000,0.182011,1.360718,2.882863,11630,63897.23698018251,11.63,1,0,"{timeout:600,max_col_multiplier:1,age_limit:4,random_seed:0,replication:1,num_threads:128,set_partition:true}",-1
e401600.json.gz,e,40,1600,MipTemplate,highs,MTFarkas,1,26,178282.61930675918,190061,6.196957818805542,190061,0,40,1000,0.182011,1.360718,2.882883,11630,63897.23698018251,0.44730769230769235,1,0,"{timeout:600,max_col_multiplier:1,age_limit:4,random_seed:0,replication:1,num_threads:128,set_partition:true}",1
e401600.json.gz,e,40,1600,MipTemplate,highs,MTFarkas,2,23,178282.61930675918,192357,,192357,,40,880,0.141986,1.328043,2.815741,11338,79852.94324792585,12.88409090909091,1,0,"{timeout:600,max_col_multiplier:1,age_limit:4,random_seed:1,replication:2,num_threads:128,set_partition:true}",-1
e401600.json.gz,e,40,1600,MipTemplate,highs,MTFarkas,2,23,178282.61930675918,192357,7.316604022728572,192357,0,40,880,0.141986,1.328043,2.81576,11338,79852.94324792585,0.5601778656126483,1,0,"{timeout:600,max_col_multiplier:1,age_limit:4,random_seed:1,replication:2,num_threads:128,set_partition:true}",1
e401600.json.gz,e,40,1600,MipTemplate,highs,MTFarkas,3,24,178282.61930675918,192579,,192579,,40,920,0.149262,1.242263,2.729988,11387,76288.67360748214,12.377173913043478,1,0,"{timeout:600,max_col_multiplier:1,age_limit:4,random_seed:2,replication:3,num_threads:128,set_partition:true}",-1
e401600.json.gz,e,40,1600,MipTemplate,highs,MTFarkas,3,24,178282.61930675918,192579,7.42344700097103,192579,0,40,920,0.149262,1.242263,2.730005,11387,76288.67360748214,0.5157155797101449,1,0,"{timeout:600,max_col_multiplier:1,age_limit:4,random_seed:2,replication:3,num_threads:128,set_partition:true}",1
e401600.json.gz,e,40,1600,MipTemplate,highs,MTFarkas,4,26,178282.61930675918,inf,,191866.5,,42,1000,0.171223,1.388663,2.906019,11516,67257.31940218313,11.516,0,0,"{timeout:600,max_col_multiplier:1,age_limit:4,random_seed:3,replication:4,num_threads:128,set_partition:true}",-1
e401600.json.gz,e,40,1600,MipTemplate,highs,MTFarkas,4,26,178282.61930675918,inf,nan,191866.5,0,42,1000,0.171223,1.388663,2.906035,11516,67257.31940218313,0.4429230769230769,0,0,"{timeout:600,max_col_multiplier:1,age_limit:4,random_seed:3,replication:4,num_threads:128,set_partition:true}",1
e401600.json.gz,e,40,1600,MipTemplate,highs,MTFarkas,5,26,178282.61930675918,192044,,192044,,40,1000,0.173432,1.436983,2.951555,11508,66354.5366483694,11.508,1,0,"{timeout:600,max_col_multiplier:1,age_limit:4,random_seed:4,replication:5,num_threads:128,set_partition:true}",-1
e401600.json.gz,e,40,1600,MipTemplate,highs,MTFarkas,5,26,178282.61930675918,192044,7.165545395846785,192044,0,40,1000,0.173432,1.436983,2.95157,11508,66354.5366483694,0.4426153846153846,1,0,"{timeout:600,max_col_multiplier:1,age_limit:4,random_seed:4,replication:5,num_threads:128,set_partition:true}",1
e40400.json.gz,e,40,400,Dantzig,highs,DantzigFarkas,1,214,44523.42860497672,inf,,108819.21394231322,,440,8520,80.473165,0.093717,81.164306,190617,2368.7026600730815,22.37288732394366,0,0,"{timeout:600,max_col_multiplier:1,age_limit:10,random_seed:0,replication:1,num_threads:128,set_partition:true}",-1
e40400.json.gz,e,40,400,Dantzig,highs,DantzigFarkas,1,214,44523.42860497672,inf,nan,108819.21394231322,0,440,8520,80.473165,0.093717,81.164313,190617,2368.7026600730815,0.10454620244833487,0,0,"{timeout:600,max_col_multiplier:1,age_limit:10,random_seed:0,replication:1,num_threads:128,set_partition:true}",1
e40400.json.gz,e,40,400,Dantzig,highs,DantzigFarkas,2,220,44523.42860497672,inf,,110525.23769957054,,440,8760,84.17892,0.097605,84.619375,198181,2354.2829962655733,22.623401826484017,0,0,"{timeout:600,max_col_multiplier:1,age_limit:10,random_seed:1,replication:2,num_threads:128,set_partition:true}",-1
e40400.json.gz,e,40,400,Dantzig,highs,DantzigFarkas,2,220,44523.42860497672,inf,nan,110525.23769957054,0,440,8760,84.17892,0.097605,84.619381,198181,2354.2829962655733,0.10283364466583644,0,0,"{timeout:600,max_col_multiplier:1,age_limit:10,random_seed:1,replication:2,num_threads:128,set_partition:true}",1
e40400.json.gz,e,40,400,Dantzig,highs,DantzigFarkas,3,208,44523.42860497672,inf,,110693.83352217913,,440,8280,79.079857,0.090228,79.82645,189942,2401.9011567003718,22.939855072463768,0,0,"{timeout:600,max_col_multiplier:1,age_limit:10,random_seed:2,replication:3,num_threads:128,set_partition:true}",-1
e40400.json.gz,e,40,400,Dantzig,highs,DantzigFarkas,3,208,44523.42860497672,inf,nan,110693.83352217913,0,440,8280,79.079857,0.090228,79.826459,189942,2401.9011567003718,0.11028776477146042,0,0,"{timeout:600,max_col_multiplier:1,age_limit:10,random_seed:2,replication:3,num_threads:128,set_partition:true}",1
e40400.json.gz,e,40,400,Dantzig,highs,DantzigFarkas,4,19,44523.42860497672,inf,,276287.5894995273,,440,720,2.909643,0.010277,3.309047,15996,5497.581662080193,22.216666666666665,0,0,"{timeout:600,max_col_multiplier:1,age_limit:10,random_seed:3,replication:4,num_threads:128,set_partition:true}",-1
e40400.json.gz,e,40,400,Dantzig,highs,DantzigFarkas,4,19,44523.42860497672,inf,nan,276287.5894995273,0,440,720,2.909643,0.010277,3.309054,15996,5497.581662080193,1.169298245614035,0,0,"{timeout:600,max_col_multiplier:1,age_limit:10,random_seed:3,replication:4,num_threads:128,set_partition:true}",1
e40400.json.gz,e,40,400,Dantzig,highs,DantzigFarkas,5,214,44523.42860497672,inf,,112700.17706084353,,438,8520,81.070147,0.093033,81.644612,192457,2373.956470067829,22.588849765258217,0,0,"{timeout:600,max_col_multiplier:1,age_limit:10,random_seed:4,replication:5,num_threads:128,set_partition:true}",-1
e40400.json.gz,e,40,400,Dantzig,highs,DantzigFarkas,5,214,44523.42860497672,inf,nan,112700.17706084353,0,438,8520,81.070147,0.093033,81.644621,192457,2373.956470067829,0.10555537273485148,0,0,"{timeout:600,max_col_multiplier:1,age_limit:10,random_seed:4,replication:5,num_threads:128,set_partition:true}",1
e40400.json.gz,e,40,400,LagrangeTemplate,highs,LTFarkas,1,11,44523.42860497672,inf,,67178.25,,80,400,0.045081,0.008537,0.261512,4818,106874.29293937578,12.045,0,0,"{timeout:600,max_col_multiplier:1,age_limit:2,random_seed:0,replication:1,num_threads:128,set_partition:true}",-1
e40400.json.gz,e,40,400,LagrangeTemplate,highs,LTFarkas,1,11,44523.42860497672,inf,nan,67178.25,0,80,400,0.045081,0.008537,0.261518,4818,106874.29293937578,1.095,0,0,"{timeout:600,max_col_multiplier:1,age_limit:2,random_seed:0,replication:1,num_threads:128,set_partition:true}",1
e40400.json.gz,e,40,400,LagrangeTemplate,highs,LTFarkas,2,12,44523.42860497672,inf,,60900.5,,48,440,0.042345,0.009919,0.255992,4740,111937.65497697485,10.772727272727273,0,0,"{timeout:600,max_col_multiplier:1,age_limit:2,random_seed:1,replication:2,num_threads:128,set_partition:true}",-1
e40400.json.gz,e,40,400,LagrangeTemplate,highs,LTFarkas,2,12,44523.42860497672,inf,nan,60900.5,0,48,440,0.042345,0.009919,0.255998,4740,111937.65497697485,0.8977272727272728,0,0,"{timeout:600,max_col_multiplier:1,age_limit:2,random_seed:1,replication:2,num_threads:128,set_partition:true}",1
e40400.json.gz,e,40,400,LagrangeTemplate,highs,LTFarkas,3,14,44523.42860497672,inf,,62293.666666666664,,57,520,0.074492,0.011583,0.296996,5503,73873.7045588788,10.582692307692307,0,0,"{timeout:600,max_col_multiplier:1,age_limit:2,random_seed:2,replication:3,num_threads:128,set_partition:true}",-1
e40400.json.gz,e,40,400,LagrangeTemplate,highs,LTFarkas,3,14,44523.42860497672,inf,nan,62293.666666666664,0,57,520,0.074492,0.011583,0.297004,5503,73873.7045588788,0.7559065934065934,0,0,"{timeout:600,max_col_multiplier:1,age_limit:2,random_seed:2,replication:3,num_threads:128,set_partition:true}",1
e40400.json.gz,e,40,400,LagrangeTemplate,highs,LTFarkas,4,13,44523.42860497672,63832.999999999985,,63832.999999999985,,40,480,0.054987,0.009213,0.269551,4949,90003.09163984214,10.310416666666667,1,0,"{timeout:600,max_col_multiplier:1,age_limit:2,random_seed:3,replication:4,num_threads:128,set_partition:true}",-1
e40400.json.gz,e,40,400,LagrangeTemplate,highs,LTFarkas,4,13,44523.42860497672,63832.999999999985,30.24924412137921,63832.999999999985,0,40,480,0.054987,0.009213,0.269559,4949,90003.09163984214,0.7931089743589743,1,0,"{timeout:600,max_col_multiplier:1,age_limit:2,random_seed:3,replication:4,num_threads:128,set_partition:true}",1
e40400.json.gz,e,40,400,LagrangeTemplate,highs,LTFarkas,5,12,44523.42860497672,inf,,66942.5,,53,440,0.028951,0.009498,0.243761,4330,149563.05481675934,9.840909090909092,0,0,"{timeout:600,max_col_multiplier:1,age_limit:2,random_seed:4,replication:5,num_threads:128,set_partition:true}",-1
e40400.json.gz,e,40,400,LagrangeTemplate,highs,LTFarkas,5,12,44523.42860497672,inf,nan,66942.5,0,53,440,0.028951,0.009498,0.243767,4330,149563.05481675934,0.8200757575757577,0,0,"{timeout:600,max_col_multiplier:1,age_limit:2,random_seed:4,replication:5,num_threads:128,set_partition:true}",1
e40400.json.gz,e,40,400,MipTemplate,highs,MTFarkas,1,9,44523.42860497672,52562,,52562,,40,320,0.00942,0.270598,0.491293,3476,369002.1231422505,10.8625,1,0,"{timeout:600,max_col_multiplier:1,age_limit:2,random_seed:0,replication:1,num_threads:128,set_partition:true}",-1
e40400.json.gz,e,40,400,MipTemplate,highs,MTFarkas,1,9,44523.42860497672,52562,15.29241657471177,52562,0,40,320,0.00942,0.270598,0.491307,3476,369002.1231422505,1.2069444444444446,1,0,"{timeout:600,max_col_multiplier:1,age_limit:2,random_seed:0,replication:1,num_threads:128,set_partition:true}",1
e40400.json.gz,e,40,400,MipTemplate,highs,MTFarkas,2,8,44523.42860497672,55673,,55673,,40,280,0.007503,0.303369,0.521679,3450,459816.0735705718,12.321428571428571,1,0,"{timeout:600,max_col_multiplier:1,age_limit:2,random_seed:1,replication:2,num_threads:128,set_partition:true}",-1
e40400.json.gz,e,40,400,MipTemplate,highs,MTFarkas,2,8,44523.42860497672,55673,20.025865320712015,55673,0,40,280,0.007503,0.303369,0.521697,3450,459816.0735705718,1.5401785714285714,1,0,"{timeout:600,max_col_multiplier:1,age_limit:2,random_seed:1,replication:2,num_threads:128,set_partition:true}",1
e40400.json.gz,e,40,400,MipTemplate,highs,MTFarkas,3,8,44523.42860497672,55844,,55844,,40,280,0.008377,0.274656,0.493485,3501,417930.0465560463,12.503571428571428,1,0,"{timeout:600,max_col_multiplier:1,age_limit:2,random_seed:2,replication:3,num_threads:128,set_partition:true}",-1
e40400.json.gz,e,40,400,MipTemplate,highs,MTFarkas,3,8,44523.42860497672,55844,20.27075424396533,55844,0,40,280,0.008377,0.274656,0.4935,3501,417930.0465560463,1.5629464285714285,1,0,"{timeout:600,max_col_multiplier:1,age_limit:2,random_seed:2,replication:3,num_threads:128,set_partition:true}",1
e40400.json.gz,e,40,400,MipTemplate,highs,MTFarkas,4,8,44523.42860497672,53269,,53269,,40,280,0.008267,0.279242,0.497723,3452,417563.80791097134,12.32857142857143,1,0,"{timeout:600,max_col_multiplier:1,age_limit:2,random_seed:3,replication:4,num_threads:128,set_partition:true}",-1
e40400.json.gz,e,40,400,MipTemplate,highs,MTFarkas,4,8,44523.42860497672,53269,16.41667761737596,53269,0,40,280,0.008267,0.279242,0.497738,3452,417563.80791097134,1.5410714285714286,1,0,"{timeout:600,max_col_multiplier:1,age_limit:2,random_seed:3,replication:4,num_threads:128,set_partition:true}",1
e40400.json.gz,e,40,400,MipTemplate,highs,MTFarkas,5,8,44523.42860497672,53956,,53956,,40,280,0.00878,0.277322,0.496024,3467,394874.715261959,12.382142857142858,1,0,"{timeout:600,max_col_multiplier:1,age_limit:2,random_seed:4,replication:5,num_threads:128,set_partition:true}",-1
e40400.json.gz,e,40,400,MipTemplate,highs,MTFarkas,5,8,44523.42860497672,53956,17.480910371413742,53956,0,40,280,0.00878,0.277322,0.496041,3467,394874.715261959,1.5477678571428573,1,0,"{timeout:600,max_col_multiplier:1,age_limit:2,random_seed:4,replication:5,num_threads:128,set_partition:true}",1
e60900.json.gz,e,60,900,Dantzig,highs,DantzigFarkas,1,48,100103.25978504594,inf,,,,,4680,599.447401,0.052237,600.526505,123513,,,0,1,"{timeout:600,max_col_multiplier:1,age_limit:20,random_seed:0,replication:1,num_threads:128,set_partition:true}",-4
e60900.json.gz,e,60,900,Dantzig,highs,DantzigFarkas,1,48,100103.25978504594,inf,,,,,4680,599.447401,0.052237,600.526507,123513,,,0,1,"{timeout:600,max_col_multiplier:1,age_limit:20,random_seed:0,replication:1,num_threads:128,set_partition:true}",1
e60900.json.gz,e,60,900,Dantzig,highs,DantzigFarkas,2,48,100103.25978504594,inf,,,,,4680,599.314119,0.050786,600.387319,123637,,,0,1,"{timeout:600,max_col_multiplier:1,age_limit:20,random_seed:1,replication:2,num_threads:128,set_partition:true}",-4
e60900.json.gz,e,60,900,Dantzig,highs,DantzigFarkas,2,48,100103.25978504594,inf,,,,,4680,599.314119,0.050786,600.387321,123637,,,0,1,"{timeout:600,max_col_multiplier:1,age_limit:20,random_seed:1,replication:2,num_threads:128,set_partition:true}",1
e60900.json.gz,e,60,900,Dantzig,highs,DantzigFarkas,3,48,100103.25978504594,inf,,,,,4680,599.130608,0.05489,600.22508,123619,,,0,1,"{timeout:600,max_col_multiplier:1,age_limit:20,random_seed:2,replication:3,num_threads:128,set_partition:true}",-4
e60900.json.gz,e,60,900,Dantzig,highs,DantzigFarkas,3,48,100103.25978504594,inf,,,,,4680,599.130608,0.05489,600.225082,123619,,,0,1,"{timeout:600,max_col_multiplier:1,age_limit:20,random_seed:2,replication:3,num_threads:128,set_partition:true}",1
e60900.json.gz,e,60,900,Dantzig,highs,DantzigFarkas,4,48,100103.25978504594,inf,,,,,4680,599.166985,0.053147,600.254338,122984,,,0,1,"{timeout:600,max_col_multiplier:1,age_limit:20,random_seed:3,replication:4,num_threads:128,set_partition:true}",-4
e60900.json.gz,e,60,900,Dantzig,highs,DantzigFarkas,4,48,100103.25978504594,inf,,,,,4680,599.166985,0.053147,600.25434,122984,,,0,1,"{timeout:600,max_col_multiplier:1,age_limit:20,random_seed:3,replication:4,num_threads:128,set_partition:true}",1
e60900.json.gz,e,60,900,Dantzig,highs,DantzigFarkas,5,48,100103.25978504594,inf,,,,,4680,599.051816,0.053196,600.135396,122298,,,0,1,"{timeout:600,max_col_multiplier:1,age_limit:20,random_seed:4,replication:5,num_threads:128,set_partition:true}",-4
e60900.json.gz,e,60,900,Dantzig,highs,DantzigFarkas,5,48,100103.25978504594,inf,,,,,4680,599.051816,0.053196,600.135398,122298,,,0,1,"{timeout:600,max_col_multiplier:1,age_limit:20,random_seed:4,replication:5,num_threads:128,set_partition:true}",1
e60900.json.gz,e,60,900,LagrangeTemplate,highs,LTFarkas,1,20,100103.25978504594,inf,,169529.2031893774,,533,1140,1.194626,0.0299,2.402926,21852,18291.91730298855,19.16842105263158,0,0,"{timeout:600,max_col_multiplier:1,age_limit:2,random_seed:0,replication:1,num_threads:128,set_partition:true}",-1
e60900.json.gz,e,60,900,LagrangeTemplate,highs,LTFarkas,1,20,100103.25978504594,inf,nan,169529.2031893774,0,533,1140,1.194626,0.0299,2.402938,21852,18291.91730298855,0.958421052631579,0,0,"{timeout:600,max_col_multiplier:1,age_limit:2,random_seed:0,replication:1,num_threads:128,set_partition:true}",1
e60900.json.gz,e,60,900,LagrangeTemplate,highs,LTFarkas,2,20,100103.25978504594,inf,,133631,,66,1140,1.097971,0.031243,2.271332,21138,19251.87459413773,18.542105263157893,0,0,"{timeout:600,max_col_multiplier:1,age_limit:2,random_seed:1,replication:2,num_threads:128,set_partition:true}",-1
e60900.json.gz,e,60,900,LagrangeTemplate,highs,LTFarkas,2,20,100103.25978504594,inf,nan,133631,0,66,1140,1.097971,0.031243,2.27134,21138,19251.87459413773,0.9271052631578947,0,0,"{timeout:600,max_col_multiplier:1,age_limit:2,random_seed:1,replication:2,num_threads:128,set_partition:true}",1
e60900.json.gz,e,60,900,LagrangeTemplate,highs,LTFarkas,3,25,100103.25978504594,inf,,191390.6161531114,,524,1440,1.803254,0.03619,3.054624,27867,15453.729757427407,19.352083333333333,0,0,"{timeout:600,max_col_multiplier:1,age_limit:2,random_seed:2,replication:3,num_threads:128,set_partition:true}",-1
e60900.json.gz,e,60,900,LagrangeTemplate,highs,LTFarkas,3,25,100103.25978504594,inf,nan,191390.6161531114,0,524,1440,1.803254,0.03619,3.054632,27867,15453.729757427407,0.7740833333333333,0,0,"{timeout:600,max_col_multiplier:1,age_limit:2,random_seed:2,replication:3,num_threads:128,set_partition:true}",1
e60900.json.gz,e,60,900,LagrangeTemplate,highs,LTFarkas,4,20,100103.25978504594,inf,,188077.4936794902,,434,1140,1.534736,0.027897,2.745719,26854,17497.47187789952,23.556140350877193,0,0,"{timeout:600,max_col_multiplier:1,age_limit:2,random_seed:3,replication:4,num_threads:128,set_partition:true}",-1
e60900.json.gz,e,60,900,LagrangeTemplate,highs,LTFarkas,4,20,100103.25978504594,inf,nan,188077.4936794902,0,434,1140,1.534736,0.027897,2.745725,26854,17497.47187789952,1.1778070175438597,0,0,"{timeout:600,max_col_multiplier:1,age_limit:2,random_seed:3,replication:4,num_threads:128,set_partition:true}",1
e60900.json.gz,e,60,900,LagrangeTemplate,highs,LTFarkas,5,20,100103.25978504594,inf,,153499.78873830813,,239,1140,0.850248,0.029932,2.031251,20389,23980.062287709,17.885087719298244,0,0,"{timeout:600,max_col_multiplier:1,age_limit:2,random_seed:4,replication:5,num_threads:128,set_partition:true}",-1
e60900.json.gz,e,60,900,LagrangeTemplate,highs,LTFarkas,5,20,100103.25978504594,inf,nan,153499.78873830813,0,239,1140,0.850248,0.029932,2.031261,20389,23980.062287709,0.8942543859649122,0,0,"{timeout:600,max_col_multiplier:1,age_limit:2,random_seed:4,replication:5,num_threads:128,set_partition:true}",1
e60900.json.gz,e,60,900,MipTemplate,highs,MTFarkas,1,11,100103.25978504594,120631,,120631,,60,600,0.027303,0.435652,1.505461,8380,306925.9788301652,13.966666666666667,1,0,"{timeout:600,max_col_multiplier:1,age_limit:2,random_seed:0,replication:1,num_threads:128,set_partition:true}",-1
e60900.json.gz,e,60,900,MipTemplate,highs,MTFarkas,1,11,100103.25978504594,120631,17.016355663138,120631,0,60,600,0.027303,0.435652,1.505478,8380,306925.9788301652,1.2696969696969698,1,0,"{timeout:600,max_col_multiplier:1,age_limit:2,random_seed:0,replication:1,num_threads:128,set_partition:true}",1
e60900.json.gz,e,60,900,MipTemplate,highs,MTFarkas,2,11,100103.25978504594,120629,,120629,,60,600,0.027543,0.503731,1.577986,8401,305013.97814326687,14.001666666666667,1,0,"{timeout:600,max_col_multiplier:1,age_limit:2,random_seed:1,replication:2,num_threads:128,set_partition:true}",-1
e60900.json.gz,e,60,900,MipTemplate,highs,MTFarkas,2,11,100103.25978504594,120629,17.01497981414088,120629,0,60,600,0.027543,0.503731,1.578007,8401,305013.97814326687,1.272878787878788,1,0,"{timeout:600,max_col_multiplier:1,age_limit:2,random_seed:1,replication:2,num_threads:128,set_partition:true}",1
e60900.json.gz,e,60,900,MipTemplate,highs,MTFarkas,3,12,100103.25978504594,123476,,123476,,60,660,0.031723,0.551822,1.625554,8518,268511.8053147558,12.906060606060606,1,0,"{timeout:600,max_col_multiplier:1,age_limit:2,random_seed:2,replication:3,num_threads:128,set_partition:true}",-1
e60900.json.gz,e,60,900,MipTemplate,highs,MTFarkas,3,12,100103.25978504594,123476,18.928374744889695,123476,0,60,660,0.031723,0.551822,1.625572,8518,268511.8053147558,1.0755050505050505,1,0,"{timeout:600,max_col_multiplier:1,age_limit:2,random_seed:2,replication:3,num_threads:128,set_partition:true}",1
e60900.json.gz,e,60,900,MipTemplate,highs,MTFarkas,4,10,100103.25978504594,119732,,119732,,60,540,0.024479,0.41029,1.470818,8362,341598.92152457207,15.485185185185186,1,0,"{timeout:600,max_col_multiplier:1,age_limit:2,random_seed:3,replication:4,num_threads:128,set_partition:true}",-1
e60900.json.gz,e,60,900,MipTemplate,highs,MTFarkas,4,10,100103.25978504594,119732,16.393278321584873,119732,0,60,540,0.024479,0.41029,1.470835,8362,341598.92152457207,1.5485185185185186,1,0,"{timeout:600,max_col_multiplier:1,age_limit:2,random_seed:3,replication:4,num_threads:128,set_partition:true}",1
e60900.json.gz,e,60,900,MipTemplate,highs,MTFarkas,5,12,100103.25978504594,119290,,119290,,60,660,0.035833,0.540479,1.617918,8573,239248.73719755534,12.98939393939394,1,0,"{timeout:600,max_col_multiplier:1,age_limit:2,random_seed:4,replication:5,num_threads:128,set_partition:true}",-1
e60900.json.gz,e,60,900,MipTemplate,highs,MTFarkas,5,12,100103.25978504594,119290,16.08349400620337,119290,0,60,660,0.035833,0.540479,1.617933,8573,239248.73719755534,1.082449494949495,1,0,"{timeout:600,max_col_multiplier:1,age_limit:2,random_seed:4,replication:5,num_threads:128,set_partition:true}",1
e801600.json.gz,e,80,1600,Dantzig,highs,DantzigFarkas,1,22,176780.98924722534,inf,,,,,4960,596.39437,0.048514,600.006297,145595,,,0,1,"{timeout:600,max_col_multiplier:1,age_limit:34,random_seed:0,replication:1,num_threads:128,set_partition:true}",-4
e801600.json.gz,e,80,1600,Dantzig,highs,DantzigFarkas,1,22,176780.98924722534,inf,,,,,4960,596.39437,0.048514,600.006299,145595,,,0,1,"{timeout:600,max_col_multiplier:1,age_limit:34,random_seed:0,replication:1,num_threads:128,set_partition:true}",1
e801600.json.gz,e,80,1600,Dantzig,highs,DantzigFarkas,2,22,176780.98924722534,inf,,,,,4960,598.62697,0.045362,602.230034,146190,,,0,1,"{timeout:600,max_col_multiplier:1,age_limit:34,random_seed:1,replication:2,num_threads:128,set_partition:true}",-4
e801600.json.gz,e,80,1600,Dantzig,highs,DantzigFarkas,2,22,176780.98924722534,inf,,,,,4960,598.62697,0.045362,602.230037,146190,,,0,1,"{timeout:600,max_col_multiplier:1,age_limit:34,random_seed:1,replication:2,num_threads:128,set_partition:true}",1
e801600.json.gz,e,80,1600,Dantzig,highs,DantzigFarkas,3,23,176780.98924722534,inf,,,,,5040,598.381795,0.048829,602.018371,147216,,,0,1,"{timeout:600,max_col_multiplier:1,age_limit:34,random_seed:2,replication:3,num_threads:128,set_partition:true}",-4
e801600.json.gz,e,80,1600,Dantzig,highs,DantzigFarkas,3,23,176780.98924722534,inf,,,,,5040,598.381795,0.048829,602.018373,147216,,,0,1,"{timeout:600,max_col_multiplier:1,age_limit:34,random_seed:2,replication:3,num_threads:128,set_partition:true}",1
e801600.json.gz,e,80,1600,Dantzig,highs,DantzigFarkas,4,22,176780.98924722534,inf,,,,,4960,598.995917,0.046175,602.597866,143922,,,0,1,"{timeout:600,max_col_multiplier:1,age_limit:34,random_seed:3,replication:4,num_threads:128,set_partition:true}",-4
e801600.json.gz,e,80,1600,Dantzig,highs,DantzigFarkas,4,22,176780.98924722534,inf,,,,,4960,598.995917,0.046175,602.597868,143922,,,0,1,"{timeout:600,max_col_multiplier:1,age_limit:34,random_seed:3,replication:4,num_threads:128,set_partition:true}",1
e801600.json.gz,e,80,1600,Dantzig,highs,DantzigFarkas,5,22,176780.98924722534,inf,,,,,4960,597.664674,0.04375,601.288692,145289,,,0,1,"{timeout:600,max_col_multiplier:1,age_limit:34,random_seed:4,replication:5,num_threads:128,set_partition:true}",-4
e801600.json.gz,e,80,1600,Dantzig,highs,DantzigFarkas,5,22,176780.98924722534,inf,,,,,4960,597.664674,0.04375,601.288694,145289,,,0,1,"{timeout:600,max_col_multiplier:1,age_limit:34,random_seed:4,replication:5,num_threads:128,set_partition:true}",1
e801600.json.gz,e,80,1600,LagrangeTemplate,highs,LTFarkas,1,36,176780.98924722534,inf,,423368.41355690034,,1162,2800,27.573783,0.087589,33.846973,102493,3717.04528174462,36.604642857142856,0,0,"{timeout:600,max_col_multiplier:1,age_limit:2,random_seed:0,replication:1,num_threads:128,set_partition:true}",-1
e801600.json.gz,e,80,1600,LagrangeTemplate,highs,LTFarkas,1,36,176780.98924722534,inf,nan,423368.41355690034,0,1162,2800,27.573783,0.087589,33.846981,102493,3717.04528174462,1.0167956349206348,0,0,"{timeout:600,max_col_multiplier:1,age_limit:2,random_seed:0,replication:1,num_threads:128,set_partition:true}",1
e801600.json.gz,e,80,1600,LagrangeTemplate,highs,LTFarkas,2,34,176780.98924722534,inf,,385808.32192499045,,1102,2640,20.934872,0.081502,26.454873,91788,4384.45479867276,34.768181818181816,0,0,"{timeout:600,max_col_multiplier:1,age_limit:2,random_seed:1,replication:2,num_threads:128,set_partition:true}",-1
e801600.json.gz,e,80,1600,LagrangeTemplate,highs,LTFarkas,2,34,176780.98924722534,inf,nan,385808.32192499045,0,1102,2640,20.934872,0.081502,26.454879,91788,4384.45479867276,1.0225935828877004,0,0,"{timeout:600,max_col_multiplier:1,age_limit:2,random_seed:1,replication:2,num_threads:128,set_partition:true}",1
e801600.json.gz,e,80,1600,LagrangeTemplate,highs,LTFarkas,3,32,176780.98924722534,inf,,326256.02917635744,,1062,2480,16.793928,0.078963,22.126335,89180,5310.252610348216,35.95967741935484,0,0,"{timeout:600,max_col_multiplier:1,age_limit:2,random_seed:2,replication:3,num_threads:128,set_partition:true}",-1
e801600.json.gz,e,80,1600,LagrangeTemplate,highs,LTFarkas,3,32,176780.98924722534,inf,nan,326256.02917635744,0,1062,2480,16.793928,0.078963,22.126342,89180,5310.252610348216,1.1237399193548387,0,0,"{timeout:600,max_col_multiplier:1,age_limit:2,random_seed:2,replication:3,num_threads:128,set_partition:true}",1
e801600.json.gz,e,80,1600,LagrangeTemplate,highs,LTFarkas,4,39,176780.98924722534,inf,,465476.56785711704,,1021,3040,24.793175,0.096623,29.080752,103033,4155.700106985088,33.89243421052632,0,0,"{timeout:600,max_col_multiplier:1,age_limit:2,random_seed:3,replication:4,num_threads:128,set_partition:true}",-1
e801600.json.gz,e,80,1600,LagrangeTemplate,highs,LTFarkas,4,39,176780.98924722534,inf,nan,465476.56785711704,0,1021,3040,24.793175,0.096623,29.080759,103033,4155.700106985088,0.86903677462888,0,0,"{timeout:600,max_col_multiplier:1,age_limit:2,random_seed:3,replication:4,num_threads:128,set_partition:true}",1
e801600.json.gz,e,80,1600,LagrangeTemplate,highs,LTFarkas,5,41,176780.98924722534,inf,,392083.71083346434,,1029,3200,28.082588,0.094708,34.544292,113621,4045.9590120397734,35.5065625,0,0,"{timeout:600,max_col_multiplier:1,age_limit:2,random_seed:4,replication:5,num_threads:128,set_partition:true}",-1
e801600.json.gz,e,80,1600,LagrangeTemplate,highs,LTFarkas,5,41,176780.98924722534,inf,nan,392083.71083346434,0,1029,3200,28.082588,0.094708,34.544299,113621,4045.9590120397734,0.8660137195121952,0,0,"{timeout:600,max_col_multiplier:1,age_limit:2,random_seed:4,replication:5,num_threads:128,set_partition:true}",1
e801600.json.gz,e,80,1600,MipTemplate,highs,MTFarkas,1,15,176780.98924722534,197886,,197886,,80,1120,0.088147,0.877279,4.56637,16163,183364.15306249788,14.43125,1,0,"{timeout:600,max_col_multiplier:1,age_limit:2,random_seed:0,replication:1,num_threads:128,set_partition:true}",-1
e801600.json.gz,e,80,1600,MipTemplate,highs,MTFarkas,1,15,176780.98924722534,197886,10.66523149692247,197886,0,80,1120,0.088147,0.877279,4.566391,16163,183364.15306249788,0.9620833333333334,1,0,"{timeout:600,max_col_multiplier:1,age_limit:2,random_seed:0,replication:1,num_threads:128,set_partition:true}",1
e801600.json.gz,e,80,1600,MipTemplate,highs,MTFarkas,2,14,176780.98924722534,201704,,201704,,80,1040,0.079362,0.823759,4.496279,16050,202237.84682845694,15.432692307692308,1,0,"{timeout:600,max_col_multiplier:1,age_limit:2,random_seed:1,replication:2,num_threads:128,set_partition:true}",-1
e801600.json.gz,e,80,1600,MipTemplate,highs,MTFarkas,2,14,176780.98924722534,201704,12.356224963312577,201704,0,80,1040,0.079362,0.823759,4.496297,16050,202237.84682845694,1.102335164835165,1,0,"{timeout:600,max_col_multiplier:1,age_limit:2,random_seed:1,replication:2,num_threads:128,set_partition:true}",1
e801600.json.gz,e,80,1600,MipTemplate,highs,MTFarkas,3,15,176780.98924722534,201415,,201415,,80,1120,0.079001,0.876832,4.566972,16023,202820.2174656017,14.30625,1,0,"{timeout:600,max_col_multiplier:1,age_limit:2,random_seed:2,replication:3,num_threads:128,set_partition:true}",-1
e801600.json.gz,e,80,1600,MipTemplate,highs,MTFarkas,3,15,176780.98924722534,201415,12.230469428791302,201415,0,80,1120,0.079001,0.876832,4.566988,16023,202820.2174656017,0.95375,1,0,"{timeout:600,max_col_multiplier:1,age_limit:2,random_seed:2,replication:3,num_threads:128,set_partition:true}",1
e801600.json.gz,e,80,1600,MipTemplate,highs,MTFarkas,4,15,176780.98924722534,198428,,198428,,80,1120,0.087567,0.875255,4.585492,16139,184304.589628513,14.409821428571428,1,0,"{timeout:600,max_col_multiplier:1,age_limit:2,random_seed:3,replication:4,num_threads:128,set_partition:true}",-1
e801600.json.gz,e,80,1600,MipTemplate,highs,MTFarkas,4,15,176780.98924722534,198428,10.909246678896123,198428,0,80,1120,0.087567,0.875255,4.585511,16139,184304.589628513,0.9606547619047618,1,0,"{timeout:600,max_col_multiplier:1,age_limit:2,random_seed:3,replication:4,num_threads:128,set_partition:true}",1
e801600.json.gz,e,80,1600,MipTemplate,highs,MTFarkas,5,16,176780.98924722534,198732,,198732,,80,1200,0.088496,0.920837,4.590743,16098,181906.5268486711,13.415,1,0,"{timeout:600,max_col_multiplier:1,age_limit:2,random_seed:4,replication:5,num_threads:128,set_partition:true}",-1
e801600.json.gz,e,80,1600,MipTemplate,highs,MTFarkas,5,16,176780.98924722534,198732,11.04552865165147,198732,0,80,1200,0.088496,0.920837,4.59076,16098,181906.5268486711,0.8384375,1,0,"{timeout:600,max_col_multiplier:1,age_limit:2,random_seed:4,replication:5,num_threads:128,set_partition:true}",1
