instance,class,machines,jobs,algorithm,solver,farkas,replication,iterations,lb,ub,gap,obj,redcost,basis,cols,rmptime,cgtime,time,lpiters,lpiters_per_second,lpiters_per_column,has_integer,timeout,params,last
a05100.json.gz,a,5,100,Dantzig,highs,DantzigFarkas,1,7,1697.7272727272727,inf,,4304.333333333336,,12,30,0.002281,0.003933,0.009737,226,99079.35116177115,7.533333333333333,0,0,"{timeout:600,max_col_multiplier:1,age_limit:34,random_seed:0,replication:1,num_threads:128,set_partition:false}",-1
a05100.json.gz,a,5,100,Dantzig,highs,DantzigFarkas,1,7,1697.7272727272727,inf,nan,4304.333333333336,0,12,30,0.002281,0.003933,0.009744,226,99079.35116177115,1.0761904761904761,0,0,"{timeout:600,max_col_multiplier:1,age_limit:34,random_seed:0,replication:1,num_threads:128,set_partition:false}",1
a05100.json.gz,a,5,100,Dantzig,highs,DantzigFarkas,2,7,1697.7272727272727,inf,,4343.333333333335,,12,30,0.002159,0.002421,0.008149,226,104678.0917091246,7.533333333333333,0,0,"{timeout:600,max_col_multiplier:1,age_limit:34,random_seed:1,replication:2,num_threads:128,set_partition:false}",-1
a05100.json.gz,a,5,100,Dantzig,highs,DantzigFarkas,2,7,1697.7272727272727,inf,nan,4343.333333333335,0,12,30,0.002159,0.002421,0.008159,226,104678.0917091246,1.0761904761904761,0,0,"{timeout:600,max_col_multiplier:1,age_limit:34,random_seed:1,replication:2,num_threads:128,set_partition:false}",1
a05100.json.gz,a,5,100,Dantzig,highs,DantzigFarkas,3,7,1697.7272727272727,inf,,4306.666666666667,,11,30,0.002112,0.002187,0.005944,230,108901.51515151514,7.666666666666667,0,0,"{timeout:600,max_col_multiplier:1,age_limit:34,random_seed:2,replication:3,num_threads:128,set_partition:false}",-1
a05100.json.gz,a,5,100,Dantzig,highs,DantzigFarkas,3,7,1697.7272727272727,inf,nan,4306.666666666667,0,11,30,0.002112,0.002187,0.005952,230,108901.51515151514,1.0952380952380953,0,0,"{timeout:600,max_col_multiplier:1,age_limit:34,random_seed:2,replication:3,num_threads:128,set_partition:false}",1
a05100.json.gz,a,5,100,Dantzig,highs,DantzigFarkas,4,7,1697.7272727272727,inf,,4271.333333333334,,12,30,0.002334,0.003217,0.007153,231,98971.72236503856,7.7,0,0,"{timeout:600,max_col_multiplier:1,age_limit:34,random_seed:3,replication:4,num_threads:128,set_partition:false}",-1
a05100.json.gz,a,5,100,Dantzig,highs,DantzigFarkas,4,7,1697.7272727272727,inf,nan,4271.333333333334,0,12,30,0.002334,0.003217,0.00716,231,98971.72236503856,1.1,0,0,"{timeout:600,max_col_multiplier:1,age_limit:34,random_seed:3,replication:4,num_threads:128,set_partition:false}",1
a05100.json.gz,a,5,100,Dantzig,highs,DantzigFarkas,5,7,1697.7272727272727,inf,,4376.9999999999945,,12,30,0.00272,0.00233,0.00678,226,83088.23529411764,7.533333333333333,0,0,"{timeout:600,max_col_multiplier:1,age_limit:34,random_seed:4,replication:5,num_threads:128,set_partition:false}",-1
a05100.json.gz,a,5,100,Dantzig,highs,DantzigFarkas,5,7,1697.7272727272727,inf,nan,4376.9999999999945,0,12,30,0.00272,0.00233,0.006787,226,83088.23529411764,1.0761904761904761,0,0,"{timeout:600,max_col_multiplier:1,age_limit:34,random_seed:4,replication:5,num_threads:128,set_partition:false}",1
a05100.json.gz,a,5,100,LagrangeTemplate,highs,LTFarkas,1,2,1697.7272727272727,1698,,1698,,5,5,0.000888,0.001071,0.005427,108,121621.62162162163,21.6,1,0,"{timeout:600,max_col_multiplier:1,age_limit:2,random_seed:0,replication:1,num_threads:128,set_partition:false}",-1
a05100.json.gz,a,5,100,LagrangeTemplate,highs,LTFarkas,1,2,1697.7272727272727,1698,0,1698,0,5,5,0.000888,0.001071,0.005437,108,121621.62162162163,10.8,1,0,"{timeout:600,max_col_multiplier:1,age_limit:2,random_seed:0,replication:1,num_threads:128,set_partition:false}",2
a05100.json.gz,a,5,100,LagrangeTemplate,highs,LTFarkas,1,2,1697.7272727272727,1698,0,1698,0,5,5,0.000888,0.001071,0.005437,108,121621.62162162163,10.8,1,0,"{timeout:600,max_col_multiplier:1,age_limit:2,random_seed:0,replication:1,num_threads:128,set_partition:false}",1
a05100.json.gz,a,5,100,LagrangeTemplate,highs,LTFarkas,2,2,1697.7272727272727,1698,,1698,,5,5,0.000245,0.000585,0.002187,113,461224.4897959184,22.6,1,0,"{timeout:600,max_col_multiplier:1,age_limit:2,random_seed:1,replication:2,num_threads:128,set_partition:false}",-1
a05100.json.gz,a,5,100,LagrangeTemplate,highs,LTFarkas,2,2,1697.7272727272727,1698,0,1698,0,5,5,0.000245,0.000585,0.002194,113,461224.4897959184,11.3,1,0,"{timeout:600,max_col_multiplier:1,age_limit:2,random_seed:1,replication:2,num_threads:128,set_partition:false}",2
a05100.json.gz,a,5,100,LagrangeTemplate,highs,LTFarkas,2,2,1697.7272727272727,1698,0,1698,0,5,5,0.000245,0.000585,0.002194,113,461224.4897959184,11.3,1,0,"{timeout:600,max_col_multiplier:1,age_limit:2,random_seed:1,replication:2,num_threads:128,set_partition:false}",1
a05100.json.gz,a,5,100,LagrangeTemplate,highs,LTFarkas,3,2,1697.7272727272727,1698,,1698,,5,5,0.000237,0.000512,0.002096,113,476793.24894514773,22.6,1,0,"{timeout:600,max_col_multiplier:1,age_limit:2,random_seed:2,replication:3,num_threads:128,set_partition:false}",-1
a05100.json.gz,a,5,100,LagrangeTemplate,highs,LTFarkas,3,2,1697.7272727272727,1698,0,1698,0,5,5,0.000237,0.000512,0.002102,113,476793.24894514773,11.3,1,0,"{timeout:600,max_col_multiplier:1,age_limit:2,random_seed:2,replication:3,num_threads:128,set_partition:false}",2
a05100.json.gz,a,5,100,LagrangeTemplate,highs,LTFarkas,3,2,1697.7272727272727,1698,0,1698,0,5,5,0.000237,0.000512,0.002102,113,476793.24894514773,11.3,1,0,"{timeout:600,max_col_multiplier:1,age_limit:2,random_seed:2,replication:3,num_threads:128,set_partition:false}",1
a05100.json.gz,a,5,100,LagrangeTemplate,highs,LTFarkas,4,2,1697.7272727272727,1698,,1698,,5,5,0.000254,0.000534,0.002155,108,425196.8503937008,21.6,1,0,"{timeout:600,max_col_multiplier:1,age_limit:2,random_seed:3,replication:4,num_threads:128,set_partition:false}",-1
a05100.json.gz,a,5,100,LagrangeTemplate,highs,LTFarkas,4,2,1697.7272727272727,1698,0,1698,0,5,5,0.000254,0.000534,0.002161,108,425196.8503937008,10.8,1,0,"{timeout:600,max_col_multiplier:1,age_limit:2,random_seed:3,replication:4,num_threads:128,set_partition:false}",2
a05100.json.gz,a,5,100,LagrangeTemplate,highs,LTFarkas,4,2,1697.7272727272727,1698,0,1698,0,5,5,0.000254,0.000534,0.002161,108,425196.8503937008,10.8,1,0,"{timeout:600,max_col_multiplier:1,age_limit:2,random_seed:3,replication:4,num_threads:128,set_partition:false}",1
a05100.json.gz,a,5,100,LagrangeTemplate,highs,LTFarkas,5,2,1697.7272727272727,1698,,1698,,5,5,0.000557,0.000695,0.002707,107,192100.53859964095,21.4,1,0,"{timeout:600,max_col_multiplier:1,age_limit:2,random_seed:4,replication:5,num_threads:128,set_partition:false}",-1
a05100.json.gz,a,5,100,LagrangeTemplate,highs,LTFarkas,5,2,1697.7272727272727,1698,0,1698,0,5,5,0.000557,0.000695,0.002715,107,192100.53859964095,10.7,1,0,"{timeout:600,max_col_multiplier:1,age_limit:2,random_seed:4,replication:5,num_threads:128,set_partition:false}",2
a05100.json.gz,a,5,100,LagrangeTemplate,highs,LTFarkas,5,2,1697.7272727272727,1698,0,1698,0,5,5,0.000557,0.000695,0.002715,107,192100.53859964095,10.7,1,0,"{timeout:600,max_col_multiplier:1,age_limit:2,random_seed:4,replication:5,num_threads:128,set_partition:false}",1
a05100.json.gz,a,5,100,MipTemplate,highs,MTFarkas,1,2,1697.7272727272727,1698,,1698,,5,5,0.000498,0.003233,0.009156,108,216867.4698795181,21.6,1,0,"{timeout:600,max_col_multiplier:1,age_limit:2,random_seed:0,replication:1,num_threads:128,set_partition:false}",-1
a05100.json.gz,a,5,100,MipTemplate,highs,MTFarkas,1,2,1697.7272727272727,1698,0,1698,0,5,5,0.000498,0.003233,0.009161,108,216867.4698795181,10.8,1,0,"{timeout:600,max_col_multiplier:1,age_limit:2,random_seed:0,replication:1,num_threads:128,set_partition:false}",2
a05100.json.gz,a,5,100,MipTemplate,highs,MTFarkas,1,2,1697.7272727272727,1698,0,1698,0,5,5,0.000498,0.003233,0.009161,108,216867.4698795181,10.8,1,0,"{timeout:600,max_col_multiplier:1,age_limit:2,random_seed:0,replication:1,num_threads:128,set_partition:false}",1
a05100.json.gz,a,5,100,MipTemplate,highs,MTFarkas,2,2,1697.7272727272727,1698,,1698,,5,5,0.000562,0.001025,0.006007,113,201067.61565836298,22.6,1,0,"{timeout:600,max_col_multiplier:1,age_limit:2,random_seed:1,replication:2,num_threads:128,set_partition:false}",-1
a05100.json.gz,a,5,100,MipTemplate,highs,MTFarkas,2,2,1697.7272727272727,1698,0,1698,0,5,5,0.000562,0.001025,0.006024,113,201067.61565836298,11.3,1,0,"{timeout:600,max_col_multiplier:1,age_limit:2,random_seed:1,replication:2,num_threads:128,set_partition:false}",2
a05100.json.gz,a,5,100,MipTemplate,highs,MTFarkas,2,2,1697.7272727272727,1698,0,1698,0,5,5,0.000562,0.001025,0.006025,113,201067.61565836298,11.3,1,0,"{timeout:600,max_col_multiplier:1,age_limit:2,random_seed:1,replication:2,num_threads:128,set_partition:false}",1
a05100.json.gz,a,5,100,MipTemplate,highs,MTFarkas,3,2,1697.7272727272727,1698,,1698,,5,5,0.000376,0.001444,0.004815,113,300531.91489361704,22.6,1,0,"{timeout:600,max_col_multiplier:1,age_limit:2,random_seed:2,replication:3,num_threads:128,set_partition:false}",-1
a05100.json.gz,a,5,100,MipTemplate,highs,MTFarkas,3,2,1697.7272727272727,1698,0,1698,0,5,5,0.000376,0.001444,0.004826,113,300531.91489361704,11.3,1,0,"{timeout:600,max_col_multiplier:1,age_limit:2,random_seed:2,replication:3,num_threads:128,set_partition:false}",2
a05100.json.gz,a,5,100,MipTemplate,highs,MTFarkas,3,2,1697.7272727272727,1698,0,1698,0,5,5,0.000376,0.001444,0.004826,113,300531.91489361704,11.3,1,0,"{timeout:600,max_col_multiplier:1,age_limit:2,random_seed:2,replication:3,num_threads:128,set_partition:false}",1
a05100.json.gz,a,5,100,MipTemplate,highs,MTFarkas,4,2,1697.7272727272727,1698,,1698,,5,5,0.000381,0.000959,0.006107,108,283464.56692913384,21.6,1,0,"{timeout:600,max_col_multiplier:1,age_limit:2,random_seed:3,replication:4,num_threads:128,set_partition:false}",-1
a05100.json.gz,a,5,100,MipTemplate,highs,MTFarkas,4,2,1697.7272727272727,1698,0,1698,0,5,5,0.000381,0.000959,0.006119,108,283464.56692913384,10.8,1,0,"{timeout:600,max_col_multiplier:1,age_limit:2,random_seed:3,replication:4,num_threads:128,set_partition:false}",2
a05100.json.gz,a,5,100,MipTemplate,highs,MTFarkas,4,2,1697.7272727272727,1698,0,1698,0,5,5,0.000381,0.000959,0.006119,108,283464.56692913384,10.8,1,0,"{timeout:600,max_col_multiplier:1,age_limit:2,random_seed:3,replication:4,num_threads:128,set_partition:false}",1
a05100.json.gz,a,5,100,MipTemplate,highs,MTFarkas,5,2,1697.7272727272727,1698,,1698,,5,5,0.000468,0.001376,0.006198,107,228632.47863247863,21.4,1,0,"{timeout:600,max_col_multiplier:1,age_limit:2,random_seed:4,replication:5,num_threads:128,set_partition:false}",-1
a05100.json.gz,a,5,100,MipTemplate,highs,MTFarkas,5,2,1697.7272727272727,1698,0,1698,0,5,5,0.000468,0.001376,0.006211,107,228632.47863247863,10.7,1,0,"{timeout:600,max_col_multiplier:1,age_limit:2,random_seed:4,replication:5,num_threads:128,set_partition:false}",2
a05100.json.gz,a,5,100,MipTemplate,highs,MTFarkas,5,2,1697.7272727272727,1698,0,1698,0,5,5,0.000468,0.001376,0.006212,107,228632.47863247863,10.7,1,0,"{timeout:600,max_col_multiplier:1,age_limit:2,random_seed:4,replication:5,num_threads:128,set_partition:false}",1
a05200.json.gz,a,5,200,Dantzig,highs,DantzigFarkas,1,8,3234.7391304347825,inf,,7906,,10,35,0.00509,0.003191,0.01292,462,90766.20825147348,13.2,0,0,"{timeout:600,max_col_multiplier:1,age_limit:132,random_seed:0,replication:1,num_threads:128,set_partition:false}",-1
a05200.json.gz,a,5,200,Dantzig,highs,DantzigFarkas,1,8,3234.7391304347825,inf,nan,7906,0,10,35,0.00509,0.003191,0.012929,462,90766.20825147348,1.65,0,0,"{timeout:600,max_col_multiplier:1,age_limit:132,random_seed:0,replication:1,num_threads:128,set_partition:false}",1
a05200.json.gz,a,5,200,Dantzig,highs,DantzigFarkas,2,5,3234.7391304347825,inf,,8031.000000000012,,13,20,0.004698,0.002061,0.009494,402,85568.3269476373,20.1,0,0,"{timeout:600,max_col_multiplier:1,age_limit:132,random_seed:1,replication:2,num_threads:128,set_partition:false}",-1
a05200.json.gz,a,5,200,Dantzig,highs,DantzigFarkas,2,5,3234.7391304347825,inf,nan,8031.000000000012,0,13,20,0.004698,0.002061,0.009501,402,85568.3269476373,4.0200000000000005,0,0,"{timeout:600,max_col_multiplier:1,age_limit:132,random_seed:1,replication:2,num_threads:128,set_partition:false}",1
a05200.json.gz,a,5,200,Dantzig,highs,DantzigFarkas,3,6,3234.7391304347825,inf,,7621.5,,10,25,0.003944,0.002518,0.009272,423,107251.52129817446,16.92,0,0,"{timeout:600,max_col_multiplier:1,age_limit:132,random_seed:2,replication:3,num_threads:128,set_partition:false}",-1
a05200.json.gz,a,5,200,Dantzig,highs,DantzigFarkas,3,6,3234.7391304347825,inf,nan,7621.5,0,10,25,0.003944,0.002518,0.009279,423,107251.52129817446,2.8200000000000003,0,0,"{timeout:600,max_col_multiplier:1,age_limit:132,random_seed:2,replication:3,num_threads:128,set_partition:false}",1
a05200.json.gz,a,5,200,Dantzig,highs,DantzigFarkas,4,5,3234.7391304347825,inf,,8008.499999999995,,13,20,0.002994,0.001831,0.007446,407,135938.543754175,20.35,0,0,"{timeout:600,max_col_multiplier:1,age_limit:132,random_seed:3,replication:4,num_threads:128,set_partition:false}",-1
a05200.json.gz,a,5,200,Dantzig,highs,DantzigFarkas,4,5,3234.7391304347825,inf,nan,8008.499999999995,0,13,20,0.002994,0.001831,0.007457,407,135938.543754175,4.07,0,0,"{timeout:600,max_col_multiplier:1,age_limit:132,random_seed:3,replication:4,num_threads:128,set_partition:false}",1
a05200.json.gz,a,5,200,Dantzig,highs,DantzigFarkas,5,6,3234.7391304347825,inf,,8716.25,,12,25,0.00374,0.001948,0.008599,432,115508.02139037434,17.28,0,0,"{timeout:600,max_col_multiplier:1,age_limit:132,random_seed:4,replication:5,num_threads:128,set_partition:false}",-1
a05200.json.gz,a,5,200,Dantzig,highs,DantzigFarkas,5,6,3234.7391304347825,inf,nan,8716.25,0,12,25,0.00374,0.001948,0.008607,432,115508.02139037434,2.8800000000000003,0,0,"{timeout:600,max_col_multiplier:1,age_limit:132,random_seed:4,replication:5,num_threads:128,set_partition:false}",1
a05200.json.gz,a,5,200,LagrangeTemplate,highs,LTFarkas,1,2,3234.7391304347825,3235,,3235,,5,5,0.001214,0.000657,0.00483,216,177924.21746293246,43.2,1,0,"{timeout:600,max_col_multiplier:1,age_limit:4,random_seed:0,replication:1,num_threads:128,set_partition:false}",-1
a05200.json.gz,a,5,200,LagrangeTemplate,highs,LTFarkas,1,2,3234.7391304347825,3235,0,3235,0,5,5,0.001214,0.000657,0.004839,216,177924.21746293246,21.6,1,0,"{timeout:600,max_col_multiplier:1,age_limit:4,random_seed:0,replication:1,num_threads:128,set_partition:false}",2
a05200.json.gz,a,5,200,LagrangeTemplate,highs,LTFarkas,1,2,3234.7391304347825,3235,0,3235,0,5,5,0.001214,0.000657,0.00484,216,177924.21746293246,21.6,1,0,"{timeout:600,max_col_multiplier:1,age_limit:4,random_seed:0,replication:1,num_threads:128,set_partition:false}",1
a05200.json.gz,a,5,200,LagrangeTemplate,highs,LTFarkas,2,2,3234.7391304347825,3235,,3235,,5,5,0.000348,0.000673,0.003353,214,614942.5287356322,42.8,1,0,"{timeout:600,max_col_multiplier:1,age_limit:4,random_seed:1,replication:2,num_threads:128,set_partition:false}",-1
a05200.json.gz,a,5,200,LagrangeTemplate,highs,LTFarkas,2,2,3234.7391304347825,3235,0,3235,0,5,5,0.000348,0.000673,0.003359,214,614942.5287356322,21.4,1,0,"{timeout:600,max_col_multiplier:1,age_limit:4,random_seed:1,replication:2,num_threads:128,set_partition:false}",2
a05200.json.gz,a,5,200,LagrangeTemplate,highs,LTFarkas,2,2,3234.7391304347825,3235,0,3235,0,5,5,0.000348,0.000673,0.003359,214,614942.5287356322,21.4,1,0,"{timeout:600,max_col_multiplier:1,age_limit:4,random_seed:1,replication:2,num_threads:128,set_partition:false}",1
a05200.json.gz,a,5,200,LagrangeTemplate,highs,LTFarkas,3,2,3234.7391304347825,3235,,3235,,5,5,0.000447,0.000472,0.003505,219,489932.88590604026,43.8,1,0,"{timeout:600,max_col_multiplier:1,age_limit:4,random_seed:2,replication:3,num_threads:128,set_partition:false}",-1
a05200.json.gz,a,5,200,LagrangeTemplate,highs,LTFarkas,3,2,3234.7391304347825,3235,0,3235,0,5,5,0.000447,0.000472,0.003513,219,489932.88590604026,21.9,1,0,"{timeout:600,max_col_multiplier:1,age_limit:4,random_seed:2,replication:3,num_threads:128,set_partition:false}",2
a05200.json.gz,a,5,200,LagrangeTemplate,highs,LTFarkas,3,2,3234.7391304347825,3235,0,3235,0,5,5,0.000447,0.000472,0.003514,219,489932.88590604026,21.9,1,0,"{timeout:600,max_col_multiplier:1,age_limit:4,random_seed:2,replication:3,num_threads:128,set_partition:false}",1
a05200.json.gz,a,5,200,LagrangeTemplate,highs,LTFarkas,4,2,3234.7391304347825,3235,,3235,,5,5,0.000345,0.000791,0.003495,213,617391.3043478262,42.6,1,0,"{timeout:600,max_col_multiplier:1,age_limit:4,random_seed:3,replication:4,num_threads:128,set_partition:false}",-1
a05200.json.gz,a,5,200,LagrangeTemplate,highs,LTFarkas,4,2,3234.7391304347825,3235,0,3235,0,5,5,0.000345,0.000791,0.003501,213,617391.3043478262,21.3,1,0,"{timeout:600,max_col_multiplier:1,age_limit:4,random_seed:3,replication:4,num_threads:128,set_partition:false}",2
a05200.json.gz,a,5,200,LagrangeTemplate,highs,LTFarkas,4,2,3234.7391304347825,3235,0,3235,0,5,5,0.000345,0.000791,0.003501,213,617391.3043478262,21.3,1,0,"{timeout:600,max_col_multiplier:1,age_limit:4,random_seed:3,replication:4,num_threads:128,set_partition:false}",1
a05200.json.gz,a,5,200,LagrangeTemplate,highs,LTFarkas,5,2,3234.7391304347825,3235,,3235,,5,5,0.000444,0.000722,0.003657,215,484234.2342342342,43,1,0,"{timeout:600,max_col_multiplier:1,age_limit:4,random_seed:4,replication:5,num_threads:128,set_partition:false}",-1
a05200.json.gz,a,5,200,LagrangeTemplate,highs,LTFarkas,5,2,3234.7391304347825,3235,0,3235,0,5,5,0.000444,0.000722,0.003667,215,484234.2342342342,21.5,1,0,"{timeout:600,max_col_multiplier:1,age_limit:4,random_seed:4,replication:5,num_threads:128,set_partition:false}",2
a05200.json.gz,a,5,200,LagrangeTemplate,highs,LTFarkas,5,2,3234.7391304347825,3235,0,3235,0,5,5,0.000444,0.000722,0.003668,215,484234.2342342342,21.5,1,0,"{timeout:600,max_col_multiplier:1,age_limit:4,random_seed:4,replication:5,num_threads:128,set_partition:false}",1
a05200.json.gz,a,5,200,MipTemplate,highs,MTFarkas,1,2,3234.7391304347825,3235,,3235,,5,5,0.000734,0.00209,0.006285,216,294277.92915531335,43.2,1,0,"{timeout:600,max_col_multiplier:1,age_limit:4,random_seed:0,replication:1,num_threads:128,set_partition:false}",-1
a05200.json.gz,a,5,200,MipTemplate,highs,MTFarkas,1,2,3234.7391304347825,3235,0,3235,0,5,5,0.000734,0.00209,0.00629,216,294277.92915531335,21.6,1,0,"{timeout:600,max_col_multiplier:1,age_limit:4,random_seed:0,replication:1,num_threads:128,set_partition:false}",2
a05200.json.gz,a,5,200,MipTemplate,highs,MTFarkas,1,2,3234.7391304347825,3235,0,3235,0,5,5,0.000734,0.00209,0.00629,216,294277.92915531335,21.6,1,0,"{timeout:600,max_col_multiplier:1,age_limit:4,random_seed:0,replication:1,num_threads:128,set_partition:false}",1
a05200.json.gz,a,5,200,MipTemplate,highs,MTFarkas,2,2,3234.7391304347825,3235,,3235,,5,5,0.000722,0.001389,0.005227,214,296398.891966759,42.8,1,0,"{timeout:600,max_col_multiplier:1,age_limit:4,random_seed:1,replication:2,num_threads:128,set_partition:false}",-1
a05200.json.gz,a,5,200,MipTemplate,highs,MTFarkas,2,2,3234.7391304347825,3235,0,3235,0,5,5,0.000722,0.001389,0.00524,214,296398.891966759,21.4,1,0,"{timeout:600,max_col_multiplier:1,age_limit:4,random_seed:1,replication:2,num_threads:128,set_partition:false}",2
a05200.json.gz,a,5,200,MipTemplate,highs,MTFarkas,2,2,3234.7391304347825,3235,0,3235,0,5,5,0.000722,0.001389,0.00524,214,296398.891966759,21.4,1,0,"{timeout:600,max_col_multiplier:1,age_limit:4,random_seed:1,replication:2,num_threads:128,set_partition:false}",1
a05200.json.gz,a,5,200,MipTemplate,highs,MTFarkas,3,2,3234.7391304347825,3235,,3235,,5,5,0.000383,0.001483,0.004742,219,571801.5665796344,43.8,1,0,"{timeout:600,max_col_multiplier:1,age_limit:4,random_seed:2,replication:3,num_threads:128,set_partition:false}",-1
a05200.json.gz,a,5,200,MipTemplate,highs,MTFarkas,3,2,3234.7391304347825,3235,0,3235,0,5,5,0.000383,0.001483,0.004748,219,571801.5665796344,21.9,1,0,"{timeout:600,max_col_multiplier:1,age_limit:4,random_seed:2,replication:3,num_threads:128,set_partition:false}",2
a05200.json.gz,a,5,200,MipTemplate,highs,MTFarkas,3,2,3234.7391304347825,3235,0,3235,0,5,5,0.000383,0.001483,0.004748,219,571801.5665796344,21.9,1,0,"{timeout:600,max_col_multiplier:1,age_limit:4,random_seed:2,replication:3,num_threads:128,set_partition:false}",1
a05200.json.gz,a,5,200,MipTemplate,highs,MTFarkas,4,2,3234.7391304347825,3235,,3235,,5,5,0.00037,0.001403,0.008508,213,575675.6756756757,42.6,1,0,"{timeout:600,max_col_multiplier:1,age_limit:4,random_seed:3,replication:4,num_threads:128,set_partition:false}",-1
a05200.json.gz,a,5,200,MipTemplate,highs,MTFarkas,4,2,3234.7391304347825,3235,0,3235,0,5,5,0.00037,0.001403,0.008514,213,575675.6756756757,21.3,1,0,"{timeout:600,max_col_multiplier:1,age_limit:4,random_seed:3,replication:4,num_threads:128,set_partition:false}",2
a05200.json.gz,a,5,200,MipTemplate,highs,MTFarkas,4,2,3234.7391304347825,3235,0,3235,0,5,5,0.00037,0.001403,0.008514,213,575675.6756756757,21.3,1,0,"{timeout:600,max_col_multiplier:1,age_limit:4,random_seed:3,replication:4,num_threads:128,set_partition:false}",1
a05200.json.gz,a,5,200,MipTemplate,highs,MTFarkas,5,2,3234.7391304347825,3235,,3235,,5,5,0.000369,0.001435,0.008325,215,582655.8265582655,43,1,0,"{timeout:600,max_col_multiplier:1,age_limit:4,random_seed:4,replication:5,num_threads:128,set_partition:false}",-1
a05200.json.gz,a,5,200,MipTemplate,highs,MTFarkas,5,2,3234.7391304347825,3235,0,3235,0,5,5,0.000369,0.001435,0.008331,215,582655.8265582655,21.5,1,0,"{timeout:600,max_col_multiplier:1,age_limit:4,random_seed:4,replication:5,num_threads:128,set_partition:false}",2
a05200.json.gz,a,5,200,MipTemplate,highs,MTFarkas,5,2,3234.7391304347825,3235,0,3235,0,5,5,0.000369,0.001435,0.008331,215,582655.8265582655,21.5,1,0,"{timeout:600,max_col_multiplier:1,age_limit:4,random_seed:4,replication:5,num_threads:128,set_partition:false}",1
a10100.json.gz,a,10,100,Dantzig,highs,DantzigFarkas,1,4,1358.556923076923,inf,,6163,,15,30,0.0009,0.002101,0.006547,165,183333.33333333334,5.5,0,0,"{timeout:600,max_col_multiplier:1,age_limit:10,random_seed:0,replication:1,num_threads:128,set_partition:false}",-1
a10100.json.gz,a,10,100,Dantzig,highs,DantzigFarkas,1,4,1358.556923076923,inf,nan,6163,0,15,30,0.0009,0.002101,0.006557,165,183333.33333333334,1.375,0,0,"{timeout:600,max_col_multiplier:1,age_limit:10,random_seed:0,replication:1,num_threads:128,set_partition:false}",1
a10100.json.gz,a,10,100,Dantzig,highs,DantzigFarkas,2,4,1358.556923076923,inf,,6525.5,,14,30,0.001251,0.001254,0.004824,166,132693.84492406074,5.533333333333333,0,0,"{timeout:600,max_col_multiplier:1,age_limit:10,random_seed:1,replication:2,num_threads:128,set_partition:false}",-1
a10100.json.gz,a,10,100,Dantzig,highs,DantzigFarkas,2,4,1358.556923076923,inf,nan,6525.5,0,14,30,0.001251,0.001254,0.004868,166,132693.84492406074,1.3833333333333333,0,0,"{timeout:600,max_col_multiplier:1,age_limit:10,random_seed:1,replication:2,num_threads:128,set_partition:false}",1
a10100.json.gz,a,10,100,Dantzig,highs,DantzigFarkas,3,3,1358.556923076923,2350,,2349.999999999999,,10,30,0.001328,0.001377,0.005381,190,143072.2891566265,6.333333333333333,1,0,"{timeout:600,max_col_multiplier:1,age_limit:10,random_seed:2,replication:3,num_threads:128,set_partition:false}",-1
a10100.json.gz,a,10,100,Dantzig,highs,DantzigFarkas,3,3,1358.556923076923,2350,42.17021276595745,2349.999999999999,0,10,30,0.001328,0.001377,0.00539,190,143072.2891566265,2.111111111111111,1,0,"{timeout:600,max_col_multiplier:1,age_limit:10,random_seed:2,replication:3,num_threads:128,set_partition:false}",1
a10100.json.gz,a,10,100,Dantzig,highs,DantzigFarkas,4,3,1358.556923076923,2387,,2387,,10,29,0.000834,0.001243,0.004715,145,173860.91127098323,5,1,0,"{timeout:600,max_col_multiplier:1,age_limit:10,random_seed:3,replication:4,num_threads:128,set_partition:false}",-1
a10100.json.gz,a,10,100,Dantzig,highs,DantzigFarkas,4,3,1358.556923076923,2387,43.066610808546294,2387,0,10,29,0.000834,0.001243,0.004723,145,173860.91127098323,1.6666666666666667,1,0,"{timeout:600,max_col_multiplier:1,age_limit:10,random_seed:3,replication:4,num_threads:128,set_partition:false}",1
a10100.json.gz,a,10,100,Dantzig,highs,DantzigFarkas,5,4,1358.556923076923,inf,,6164,,15,30,0.001002,0.001359,0.004726,164,163672.65469061874,5.466666666666667,0,0,"{timeout:600,max_col_multiplier:1,age_limit:10,random_seed:4,replication:5,num_threads:128,set_partition:false}",-1
a10100.json.gz,a,10,100,Dantzig,highs,DantzigFarkas,5,4,1358.556923076923,inf,nan,6164,0,15,30,0.001002,0.001359,0.004733,164,163672.65469061874,1.3666666666666667,0,0,"{timeout:600,max_col_multiplier:1,age_limit:10,random_seed:4,replication:5,num_threads:128,set_partition:false}",1
a10100.json.gz,a,10,100,LagrangeTemplate,highs,LTFarkas,1,3,1358.556923076923,1370,,1370,,10,21,0.000507,0.001389,0.0057,126,248520.71005917163,6,1,0,"{timeout:600,max_col_multiplier:1,age_limit:2,random_seed:0,replication:1,num_threads:128,set_partition:false}",-1
a10100.json.gz,a,10,100,LagrangeTemplate,highs,LTFarkas,1,3,1358.556923076923,1370,0.8029197080291971,1370,0,10,21,0.000507,0.001389,0.005706,126,248520.71005917163,2,1,0,"{timeout:600,max_col_multiplier:1,age_limit:2,random_seed:0,replication:1,num_threads:128,set_partition:false}",1
a10100.json.gz,a,10,100,LagrangeTemplate,highs,LTFarkas,2,3,1358.556923076923,1361,,1361,,10,21,0.000442,0.00102,0.003832,127,287330.3167420814,6.0476190476190474,1,0,"{timeout:600,max_col_multiplier:1,age_limit:2,random_seed:1,replication:2,num_threads:128,set_partition:false}",-1
a10100.json.gz,a,10,100,LagrangeTemplate,highs,LTFarkas,2,3,1358.556923076923,1361,0.1469507714915503,1361,0,10,21,0.000442,0.00102,0.003838,127,287330.3167420814,2.015873015873016,1,0,"{timeout:600,max_col_multiplier:1,age_limit:2,random_seed:1,replication:2,num_threads:128,set_partition:false}",1
a10100.json.gz,a,10,100,LagrangeTemplate,highs,LTFarkas,3,3,1358.556923076923,1370,,1370,,10,21,0.000599,0.001193,0.004171,126,210350.58430717862,6,1,0,"{timeout:600,max_col_multiplier:1,age_limit:2,random_seed:2,replication:3,num_threads:128,set_partition:false}",-1
a10100.json.gz,a,10,100,LagrangeTemplate,highs,LTFarkas,3,3,1358.556923076923,1370,0.8029197080291971,1370,0,10,21,0.000599,0.001193,0.004181,126,210350.58430717862,2,1,0,"{timeout:600,max_col_multiplier:1,age_limit:2,random_seed:2,replication:3,num_threads:128,set_partition:false}",1
a10100.json.gz,a,10,100,LagrangeTemplate,highs,LTFarkas,4,3,1358.556923076923,1371,,1371,,10,20,0.000684,0.001056,0.004192,124,181286.54970760233,6.2,1,0,"{timeout:600,max_col_multiplier:1,age_limit:2,random_seed:3,replication:4,num_threads:128,set_partition:false}",-1
a10100.json.gz,a,10,100,LagrangeTemplate,highs,LTFarkas,4,3,1358.556923076923,1371,0.87527352297593,1371,0,10,20,0.000684,0.001056,0.004199,124,181286.54970760233,2.066666666666667,1,0,"{timeout:600,max_col_multiplier:1,age_limit:2,random_seed:3,replication:4,num_threads:128,set_partition:false}",1
a10100.json.gz,a,10,100,LagrangeTemplate,highs,LTFarkas,5,3,1358.556923076923,1382,,1382,,10,22,0.000561,0.001001,0.003902,131,233511.58645276295,5.954545454545454,1,0,"{timeout:600,max_col_multiplier:1,age_limit:2,random_seed:4,replication:5,num_threads:128,set_partition:false}",-1
a10100.json.gz,a,10,100,LagrangeTemplate,highs,LTFarkas,5,3,1358.556923076923,1382,1.6642547033285093,1382,0,10,22,0.000561,0.001001,0.003909,131,233511.58645276295,1.9848484848484846,1,0,"{timeout:600,max_col_multiplier:1,age_limit:2,random_seed:4,replication:5,num_threads:128,set_partition:false}",1
a10100.json.gz,a,10,100,MipTemplate,highs,MTFarkas,1,3,1358.556923076923,1361,,1361,,10,20,0.000796,0.020605,0.026826,127,159547.7386934673,6.35,1,0,"{timeout:600,max_col_multiplier:1,age_limit:2,random_seed:0,replication:1,num_threads:128,set_partition:false}",-1
a10100.json.gz,a,10,100,MipTemplate,highs,MTFarkas,1,3,1358.556923076923,1361,0.1469507714915503,1361,0,10,20,0.000796,0.020605,0.026832,127,159547.7386934673,2.1166666666666667,1,0,"{timeout:600,max_col_multiplier:1,age_limit:2,random_seed:0,replication:1,num_threads:128,set_partition:false}",1
a10100.json.gz,a,10,100,MipTemplate,highs,MTFarkas,2,3,1358.556923076923,1361,,1361,,10,20,0.000584,0.026039,0.039863,126,215753.42465753425,6.3,1,0,"{timeout:600,max_col_multiplier:1,age_limit:2,random_seed:1,replication:2,num_threads:128,set_partition:false}",-1
a10100.json.gz,a,10,100,MipTemplate,highs,MTFarkas,2,3,1358.556923076923,1361,0.1469507714915503,1361,0,10,20,0.000584,0.026039,0.039878,126,215753.42465753425,2.1,1,0,"{timeout:600,max_col_multiplier:1,age_limit:2,random_seed:1,replication:2,num_threads:128,set_partition:false}",1
a10100.json.gz,a,10,100,MipTemplate,highs,MTFarkas,3,3,1358.556923076923,1361,,1361,,10,20,0.000659,0.016581,0.022397,125,189681.33535660093,6.25,1,0,"{timeout:600,max_col_multiplier:1,age_limit:2,random_seed:2,replication:3,num_threads:128,set_partition:false}",-1
a10100.json.gz,a,10,100,MipTemplate,highs,MTFarkas,3,3,1358.556923076923,1361,0.1469507714915503,1361,0,10,20,0.000659,0.016581,0.022405,125,189681.33535660093,2.0833333333333335,1,0,"{timeout:600,max_col_multiplier:1,age_limit:2,random_seed:2,replication:3,num_threads:128,set_partition:false}",1
a10100.json.gz,a,10,100,MipTemplate,highs,MTFarkas,4,3,1358.556923076923,1371,,1371,,10,20,0.000421,0.009709,0.013208,123,292161.52019002376,6.15,1,0,"{timeout:600,max_col_multiplier:1,age_limit:2,random_seed:3,replication:4,num_threads:128,set_partition:false}",-1
a10100.json.gz,a,10,100,MipTemplate,highs,MTFarkas,4,3,1358.556923076923,1371,0.87527352297593,1371,0,10,20,0.000421,0.009709,0.013214,123,292161.52019002376,2.0500000000000003,1,0,"{timeout:600,max_col_multiplier:1,age_limit:2,random_seed:3,replication:4,num_threads:128,set_partition:false}",1
a10100.json.gz,a,10,100,MipTemplate,highs,MTFarkas,5,4,1358.556923076923,1361,,1361,,10,30,0.000724,0.046539,0.050342,131,180939.226519337,4.366666666666666,1,0,"{timeout:600,max_col_multiplier:1,age_limit:2,random_seed:4,replication:5,num_threads:128,set_partition:false}",-1
a10100.json.gz,a,10,100,MipTemplate,highs,MTFarkas,5,4,1358.556923076923,1361,0.1469507714915503,1361,0,10,30,0.000724,0.046539,0.050347,131,180939.226519337,1.0916666666666666,1,0,"{timeout:600,max_col_multiplier:1,age_limit:2,random_seed:4,replication:5,num_threads:128,set_partition:false}",1
a10200.json.gz,a,10,200,Dantzig,highs,DantzigFarkas,1,4,2623,inf,,13354.5,,13,30,0.001838,0.001579,0.007611,305,165941.24047878128,10.166666666666666,0,0,"{timeout:600,max_col_multiplier:1,age_limit:34,random_seed:0,replication:1,num_threads:128,set_partition:false}",-1
a10200.json.gz,a,10,200,Dantzig,highs,DantzigFarkas,1,4,2623,inf,nan,13354.5,0,13,30,0.001838,0.001579,0.007618,305,165941.24047878128,2.5416666666666665,0,0,"{timeout:600,max_col_multiplier:1,age_limit:34,random_seed:0,replication:1,num_threads:128,set_partition:false}",1
a10200.json.gz,a,10,200,Dantzig,highs,DantzigFarkas,2,4,2623,inf,,13428.5,,13,30,0.001968,0.001519,0.007813,318,161585.36585365853,10.6,0,0,"{timeout:600,max_col_multiplier:1,age_limit:34,random_seed:1,replication:2,num_threads:128,set_partition:false}",-1
a10200.json.gz,a,10,200,Dantzig,highs,DantzigFarkas,2,4,2623,inf,nan,13428.5,0,13,30,0.001968,0.001519,0.007819,318,161585.36585365853,2.65,0,0,"{timeout:600,max_col_multiplier:1,age_limit:34,random_seed:1,replication:2,num_threads:128,set_partition:false}",1
a10200.json.gz,a,10,200,Dantzig,highs,DantzigFarkas,3,4,2623,inf,,12793.5,,14,30,0.002131,0.001867,0.008131,293,137494.1342092914,9.766666666666667,0,0,"{timeout:600,max_col_multiplier:1,age_limit:34,random_seed:2,replication:3,num_threads:128,set_partition:false}",-1
a10200.json.gz,a,10,200,Dantzig,highs,DantzigFarkas,3,4,2623,inf,nan,12793.5,0,14,30,0.002131,0.001867,0.00814,293,137494.1342092914,2.441666666666667,0,0,"{timeout:600,max_col_multiplier:1,age_limit:34,random_seed:2,replication:3,num_threads:128,set_partition:false}",1
a10200.json.gz,a,10,200,Dantzig,highs,DantzigFarkas,4,5,2623,inf,,12061.999999999998,,15,40,0.002277,0.001535,0.007899,322,141414.14141414143,8.05,0,0,"{timeout:600,max_col_multiplier:1,age_limit:34,random_seed:3,replication:4,num_threads:128,set_partition:false}",-1
a10200.json.gz,a,10,200,Dantzig,highs,DantzigFarkas,4,5,2623,inf,nan,12061.999999999998,0,15,40,0.002277,0.001535,0.007907,322,141414.14141414143,1.61,0,0,"{timeout:600,max_col_multiplier:1,age_limit:34,random_seed:3,replication:4,num_threads:128,set_partition:false}",1
a10200.json.gz,a,10,200,Dantzig,highs,DantzigFarkas,5,5,2623,inf,,11587.500000000004,,16,40,0.002352,0.002144,0.008738,328,139455.78231292518,8.2,0,0,"{timeout:600,max_col_multiplier:1,age_limit:34,random_seed:4,replication:5,num_threads:128,set_partition:false}",-1
a10200.json.gz,a,10,200,Dantzig,highs,DantzigFarkas,5,5,2623,inf,nan,11587.500000000004,0,16,40,0.002352,0.002144,0.008744,328,139455.78231292518,1.64,0,0,"{timeout:600,max_col_multiplier:1,age_limit:34,random_seed:4,replication:5,num_threads:128,set_partition:false}",1
a10200.json.gz,a,10,200,LagrangeTemplate,highs,LTFarkas,1,2,2623,2623,,2623,,10,10,0.000509,0.000546,0.005164,220,432220.03929273086,22,1,0,"{timeout:600,max_col_multiplier:1,age_limit:2,random_seed:0,replication:1,num_threads:128,set_partition:false}",-1
a10200.json.gz,a,10,200,LagrangeTemplate,highs,LTFarkas,1,2,2623,2623,0,2623,0,10,10,0.000509,0.000546,0.00517,220,432220.03929273086,11,1,0,"{timeout:600,max_col_multiplier:1,age_limit:2,random_seed:0,replication:1,num_threads:128,set_partition:false}",2
a10200.json.gz,a,10,200,LagrangeTemplate,highs,LTFarkas,1,2,2623,2623,0,2623,0,10,10,0.000509,0.000546,0.00517,220,432220.03929273086,11,1,0,"{timeout:600,max_col_multiplier:1,age_limit:2,random_seed:0,replication:1,num_threads:128,set_partition:false}",1
a10200.json.gz,a,10,200,LagrangeTemplate,highs,LTFarkas,2,2,2623,2623,,2623,,10,10,0.000362,0.000476,0.004565,221,610497.2375690608,22.1,1,0,"{timeout:600,max_col_multiplier:1,age_limit:2,random_seed:1,replication:2,num_threads:128,set_partition:false}",-1
a10200.json.gz,a,10,200,LagrangeTemplate,highs,LTFarkas,2,2,2623,2623,0,2623,0,10,10,0.000362,0.000476,0.004571,221,610497.2375690608,11.05,1,0,"{timeout:600,max_col_multiplier:1,age_limit:2,random_seed:1,replication:2,num_threads:128,set_partition:false}",2
a10200.json.gz,a,10,200,LagrangeTemplate,highs,LTFarkas,2,2,2623,2623,0,2623,0,10,10,0.000362,0.000476,0.004571,221,610497.2375690608,11.05,1,0,"{timeout:600,max_col_multiplier:1,age_limit:2,random_seed:1,replication:2,num_threads:128,set_partition:false}",1
a10200.json.gz,a,10,200,LagrangeTemplate,highs,LTFarkas,3,2,2623,2623,,2623,,10,10,0.000451,0.000458,0.00488,217,481152.9933481153,21.7,1,0,"{timeout:600,max_col_multiplier:1,age_limit:2,random_seed:2,replication:3,num_threads:128,set_partition:false}",-1
a10200.json.gz,a,10,200,LagrangeTemplate,highs,LTFarkas,3,2,2623,2623,0,2623,0,10,10,0.000451,0.000458,0.004888,217,481152.9933481153,10.85,1,0,"{timeout:600,max_col_multiplier:1,age_limit:2,random_seed:2,replication:3,num_threads:128,set_partition:false}",2
a10200.json.gz,a,10,200,LagrangeTemplate,highs,LTFarkas,3,2,2623,2623,0,2623,0,10,10,0.000451,0.000458,0.004888,217,481152.9933481153,10.85,1,0,"{timeout:600,max_col_multiplier:1,age_limit:2,random_seed:2,replication:3,num_threads:128,set_partition:false}",1
a10200.json.gz,a,10,200,LagrangeTemplate,highs,LTFarkas,4,2,2623,2623,,2623,,10,10,0.000596,0.000703,0.005245,220,369127.5167785235,22,1,0,"{timeout:600,max_col_multiplier:1,age_limit:2,random_seed:3,replication:4,num_threads:128,set_partition:false}",-1
a10200.json.gz,a,10,200,LagrangeTemplate,highs,LTFarkas,4,2,2623,2623,0,2623,0,10,10,0.000596,0.000703,0.005251,220,369127.5167785235,11,1,0,"{timeout:600,max_col_multiplier:1,age_limit:2,random_seed:3,replication:4,num_threads:128,set_partition:false}",2
a10200.json.gz,a,10,200,LagrangeTemplate,highs,LTFarkas,4,2,2623,2623,0,2623,0,10,10,0.000596,0.000703,0.005251,220,369127.5167785235,11,1,0,"{timeout:600,max_col_multiplier:1,age_limit:2,random_seed:3,replication:4,num_threads:128,set_partition:false}",1
a10200.json.gz,a,10,200,LagrangeTemplate,highs,LTFarkas,5,2,2623,2623,,2623,,10,10,0.000415,0.000658,0.004972,223,537349.3975903614,22.3,1,0,"{timeout:600,max_col_multiplier:1,age_limit:2,random_seed:4,replication:5,num_threads:128,set_partition:false}",-1
a10200.json.gz,a,10,200,LagrangeTemplate,highs,LTFarkas,5,2,2623,2623,0,2623,0,10,10,0.000415,0.000658,0.004978,223,537349.3975903614,11.15,1,0,"{timeout:600,max_col_multiplier:1,age_limit:2,random_seed:4,replication:5,num_threads:128,set_partition:false}",2
a10200.json.gz,a,10,200,LagrangeTemplate,highs,LTFarkas,5,2,2623,2623,0,2623,0,10,10,0.000415,0.000658,0.004978,223,537349.3975903614,11.15,1,0,"{timeout:600,max_col_multiplier:1,age_limit:2,random_seed:4,replication:5,num_threads:128,set_partition:false}",1
a10200.json.gz,a,10,200,MipTemplate,highs,MTFarkas,1,3,2623,2623,,2623,,10,20,0.001192,0.016737,0.027375,226,189597.31543624162,11.3,1,0,"{timeout:600,max_col_multiplier:1,age_limit:2,random_seed:0,replication:1,num_threads:128,set_partition:false}",-1
a10200.json.gz,a,10,200,MipTemplate,highs,MTFarkas,1,3,2623,2623,0,2623,0,10,20,0.001192,0.016737,0.027382,226,189597.31543624162,3.766666666666667,1,0,"{timeout:600,max_col_multiplier:1,age_limit:2,random_seed:0,replication:1,num_threads:128,set_partition:false}",2
a10200.json.gz,a,10,200,MipTemplate,highs,MTFarkas,1,3,2623,2623,0,2623,0,10,20,0.001192,0.016737,0.027383,226,189597.31543624162,3.766666666666667,1,0,"{timeout:600,max_col_multiplier:1,age_limit:2,random_seed:0,replication:1,num_threads:128,set_partition:false}",1
a10200.json.gz,a,10,200,MipTemplate,highs,MTFarkas,2,3,2623,2623,,2623,,10,20,0.0009,0.019806,0.029262,230,255555.55555555556,11.5,1,0,"{timeout:600,max_col_multiplier:1,age_limit:2,random_seed:1,replication:2,num_threads:128,set_partition:false}",-1
a10200.json.gz,a,10,200,MipTemplate,highs,MTFarkas,2,3,2623,2623,0,2623,0,10,20,0.0009,0.019806,0.029271,230,255555.55555555556,3.8333333333333335,1,0,"{timeout:600,max_col_multiplier:1,age_limit:2,random_seed:1,replication:2,num_threads:128,set_partition:false}",2
a10200.json.gz,a,10,200,MipTemplate,highs,MTFarkas,2,3,2623,2623,0,2623,0,10,20,0.0009,0.019806,0.029272,230,255555.55555555556,3.8333333333333335,1,0,"{timeout:600,max_col_multiplier:1,age_limit:2,random_seed:1,replication:2,num_threads:128,set_partition:false}",1
a10200.json.gz,a,10,200,MipTemplate,highs,MTFarkas,3,3,2623,2623,,2623,,10,20,0.000661,0.021736,0.030699,222,335854.76550680783,11.1,1,0,"{timeout:600,max_col_multiplier:1,age_limit:2,random_seed:2,replication:3,num_threads:128,set_partition:false}",-1
a10200.json.gz,a,10,200,MipTemplate,highs,MTFarkas,3,3,2623,2623,0,2623,0,10,20,0.000661,0.021736,0.030704,222,335854.76550680783,3.6999999999999997,1,0,"{timeout:600,max_col_multiplier:1,age_limit:2,random_seed:2,replication:3,num_threads:128,set_partition:false}",2
a10200.json.gz,a,10,200,MipTemplate,highs,MTFarkas,3,3,2623,2623,0,2623,0,10,20,0.000661,0.021736,0.030704,222,335854.76550680783,3.6999999999999997,1,0,"{timeout:600,max_col_multiplier:1,age_limit:2,random_seed:2,replication:3,num_threads:128,set_partition:false}",1
a10200.json.gz,a,10,200,MipTemplate,highs,MTFarkas,4,3,2623,2623,,2623,,10,20,0.000808,0.025016,0.034504,227,280940.5940594059,11.35,1,0,"{timeout:600,max_col_multiplier:1,age_limit:2,random_seed:3,replication:4,num_threads:128,set_partition:false}",-1
a10200.json.gz,a,10,200,MipTemplate,highs,MTFarkas,4,3,2623,2623,0,2623,0,10,20,0.000808,0.025016,0.034515,227,280940.5940594059,3.783333333333333,1,0,"{timeout:600,max_col_multiplier:1,age_limit:2,random_seed:3,replication:4,num_threads:128,set_partition:false}",2
a10200.json.gz,a,10,200,MipTemplate,highs,MTFarkas,4,3,2623,2623,0,2623,0,10,20,0.000808,0.025016,0.034516,227,280940.5940594059,3.783333333333333,1,0,"{timeout:600,max_col_multiplier:1,age_limit:2,random_seed:3,replication:4,num_threads:128,set_partition:false}",1
a10200.json.gz,a,10,200,MipTemplate,highs,MTFarkas,5,4,2623,2623,,2623,,10,30,0.00165,0.061767,0.074487,238,144242.42424242425,7.933333333333334,1,0,"{timeout:600,max_col_multiplier:1,age_limit:2,random_seed:4,replication:5,num_threads:128,set_partition:false}",-1
a10200.json.gz,a,10,200,MipTemplate,highs,MTFarkas,5,4,2623,2623,0,2623,0,10,30,0.00165,0.061767,0.0745,238,144242.42424242425,1.9833333333333334,1,0,"{timeout:600,max_col_multiplier:1,age_limit:2,random_seed:4,replication:5,num_threads:128,set_partition:false}",2
a10200.json.gz,a,10,200,MipTemplate,highs,MTFarkas,5,4,2623,2623,0,2623,0,10,30,0.00165,0.061767,0.074501,238,144242.42424242425,1.9833333333333334,1,0,"{timeout:600,max_col_multiplier:1,age_limit:2,random_seed:4,replication:5,num_threads:128,set_partition:false}",1
a20100.json.gz,a,20,100,Dantzig,highs,DantzigFarkas,1,3,1157.08,inf,,7137.5,,27,40,0.001086,0.001338,0.005976,163,150092.08103130755,4.075,0,0,"{timeout:600,max_col_multiplier:1,age_limit:4,random_seed:0,replication:1,num_threads:128,set_partition:false}",-1
a20100.json.gz,a,20,100,Dantzig,highs,DantzigFarkas,1,3,1157.08,inf,nan,7137.5,0,27,40,0.001086,0.001338,0.005986,163,150092.08103130755,1.3583333333333334,0,0,"{timeout:600,max_col_multiplier:1,age_limit:4,random_seed:0,replication:1,num_threads:128,set_partition:false}",1
a20100.json.gz,a,20,100,Dantzig,highs,DantzigFarkas,2,3,1157.08,inf,,7037.333333333333,,26,40,0.000756,0.001084,0.00561,160,211640.21164021164,4,0,0,"{timeout:600,max_col_multiplier:1,age_limit:4,random_seed:1,replication:2,num_threads:128,set_partition:false}",-1
a20100.json.gz,a,20,100,Dantzig,highs,DantzigFarkas,2,3,1157.08,inf,nan,7037.333333333333,0,26,40,0.000756,0.001084,0.005616,160,211640.21164021164,1.3333333333333333,0,0,"{timeout:600,max_col_multiplier:1,age_limit:4,random_seed:1,replication:2,num_threads:128,set_partition:false}",1
a20100.json.gz,a,20,100,Dantzig,highs,DantzigFarkas,3,3,1157.08,inf,,7076.5,,31,40,0.000785,0.001151,0.005722,158,201273.88535031848,3.95,0,0,"{timeout:600,max_col_multiplier:1,age_limit:4,random_seed:2,replication:3,num_threads:128,set_partition:false}",-1
a20100.json.gz,a,20,100,Dantzig,highs,DantzigFarkas,3,3,1157.08,inf,nan,7076.5,0,31,40,0.000785,0.001151,0.005729,158,201273.88535031848,1.3166666666666667,0,0,"{timeout:600,max_col_multiplier:1,age_limit:4,random_seed:2,replication:3,num_threads:128,set_partition:false}",1
a20100.json.gz,a,20,100,Dantzig,highs,DantzigFarkas,4,3,1157.08,inf,,7213.999999999999,,28,40,0.001097,0.000947,0.006128,206,187784.86782133087,5.15,0,0,"{timeout:600,max_col_multiplier:1,age_limit:4,random_seed:3,replication:4,num_threads:128,set_partition:false}",-1
a20100.json.gz,a,20,100,Dantzig,highs,DantzigFarkas,4,3,1157.08,inf,nan,7213.999999999999,0,28,40,0.001097,0.000947,0.006138,206,187784.86782133087,1.7166666666666668,0,0,"{timeout:600,max_col_multiplier:1,age_limit:4,random_seed:3,replication:4,num_threads:128,set_partition:false}",1
a20100.json.gz,a,20,100,Dantzig,highs,DantzigFarkas,5,3,1157.08,inf,,7069.25,,29,40,0.000914,0.000932,0.005702,172,188183.80743982494,4.3,0,0,"{timeout:600,max_col_multiplier:1,age_limit:4,random_seed:4,replication:5,num_threads:128,set_partition:false}",-1
a20100.json.gz,a,20,100,Dantzig,highs,DantzigFarkas,5,3,1157.08,inf,nan,7069.25,0,29,40,0.000914,0.000932,0.00571,172,188183.80743982494,1.4333333333333333,0,0,"{timeout:600,max_col_multiplier:1,age_limit:4,random_seed:4,replication:5,num_threads:128,set_partition:false}",1
a20100.json.gz,a,20,100,LagrangeTemplate,highs,LTFarkas,1,2,1157.08,1158,,1158,,20,20,0.00025,0.000436,0.004146,128,512000,6.4,1,0,"{timeout:600,max_col_multiplier:1,age_limit:2,random_seed:0,replication:1,num_threads:128,set_partition:false}",-1
a20100.json.gz,a,20,100,LagrangeTemplate,highs,LTFarkas,1,2,1157.08,1158,0,1158,0,20,20,0.00025,0.000436,0.004151,128,512000,3.2,1,0,"{timeout:600,max_col_multiplier:1,age_limit:2,random_seed:0,replication:1,num_threads:128,set_partition:false}",2
a20100.json.gz,a,20,100,LagrangeTemplate,highs,LTFarkas,1,2,1157.08,1158,0,1158,0,20,20,0.00025,0.000436,0.004151,128,512000,3.2,1,0,"{timeout:600,max_col_multiplier:1,age_limit:2,random_seed:0,replication:1,num_threads:128,set_partition:false}",1
a20100.json.gz,a,20,100,LagrangeTemplate,highs,LTFarkas,2,2,1157.08,1158,,1158,,20,20,0.000245,0.000598,0.004084,124,506122.44897959183,6.2,1,0,"{timeout:600,max_col_multiplier:1,age_limit:2,random_seed:1,replication:2,num_threads:128,set_partition:false}",-1
a20100.json.gz,a,20,100,LagrangeTemplate,highs,LTFarkas,2,2,1157.08,1158,0,1158,0,20,20,0.000245,0.000598,0.00409,124,506122.44897959183,3.1,1,0,"{timeout:600,max_col_multiplier:1,age_limit:2,random_seed:1,replication:2,num_threads:128,set_partition:false}",2
a20100.json.gz,a,20,100,LagrangeTemplate,highs,LTFarkas,2,2,1157.08,1158,0,1158,0,20,20,0.000245,0.000598,0.00409,124,506122.44897959183,3.1,1,0,"{timeout:600,max_col_multiplier:1,age_limit:2,random_seed:1,replication:2,num_threads:128,set_partition:false}",1
a20100.json.gz,a,20,100,LagrangeTemplate,highs,LTFarkas,3,2,1157.08,1158,,1158,,20,20,0.000251,0.000634,0.004396,124,494023.9043824702,6.2,1,0,"{timeout:600,max_col_multiplier:1,age_limit:2,random_seed:2,replication:3,num_threads:128,set_partition:false}",-1
a20100.json.gz,a,20,100,LagrangeTemplate,highs,LTFarkas,3,2,1157.08,1158,0,1158,0,20,20,0.000251,0.000634,0.004402,124,494023.9043824702,3.1,1,0,"{timeout:600,max_col_multiplier:1,age_limit:2,random_seed:2,replication:3,num_threads:128,set_partition:false}",2
a20100.json.gz,a,20,100,LagrangeTemplate,highs,LTFarkas,3,2,1157.08,1158,0,1158,0,20,20,0.000251,0.000634,0.004402,124,494023.9043824702,3.1,1,0,"{timeout:600,max_col_multiplier:1,age_limit:2,random_seed:2,replication:3,num_threads:128,set_partition:false}",1
a20100.json.gz,a,20,100,LagrangeTemplate,highs,LTFarkas,4,2,1157.08,1158,,1158,,20,20,0.000288,0.000527,0.004084,125,434027.77777777775,6.25,1,0,"{timeout:600,max_col_multiplier:1,age_limit:2,random_seed:3,replication:4,num_threads:128,set_partition:false}",-1
a20100.json.gz,a,20,100,LagrangeTemplate,highs,LTFarkas,4,2,1157.08,1158,0,1158,0,20,20,0.000288,0.000527,0.004089,125,434027.77777777775,3.125,1,0,"{timeout:600,max_col_multiplier:1,age_limit:2,random_seed:3,replication:4,num_threads:128,set_partition:false}",2
a20100.json.gz,a,20,100,LagrangeTemplate,highs,LTFarkas,4,2,1157.08,1158,0,1158,0,20,20,0.000288,0.000527,0.004089,125,434027.77777777775,3.125,1,0,"{timeout:600,max_col_multiplier:1,age_limit:2,random_seed:3,replication:4,num_threads:128,set_partition:false}",1
a20100.json.gz,a,20,100,LagrangeTemplate,highs,LTFarkas,5,2,1157.08,1158,,1158,,20,20,0.000353,0.000787,0.004489,128,362606.23229461757,6.4,1,0,"{timeout:600,max_col_multiplier:1,age_limit:2,random_seed:4,replication:5,num_threads:128,set_partition:false}",-1
a20100.json.gz,a,20,100,LagrangeTemplate,highs,LTFarkas,5,2,1157.08,1158,0,1158,0,20,20,0.000353,0.000787,0.004497,128,362606.23229461757,3.2,1,0,"{timeout:600,max_col_multiplier:1,age_limit:2,random_seed:4,replication:5,num_threads:128,set_partition:false}",2
a20100.json.gz,a,20,100,LagrangeTemplate,highs,LTFarkas,5,2,1157.08,1158,0,1158,0,20,20,0.000353,0.000787,0.004497,128,362606.23229461757,3.2,1,0,"{timeout:600,max_col_multiplier:1,age_limit:2,random_seed:4,replication:5,num_threads:128,set_partition:false}",1
a20100.json.gz,a,20,100,MipTemplate,highs,MTFarkas,1,2,1157.08,1158,,1158,,20,20,0.000579,0.003368,0.014873,128,221070.81174438688,6.4,1,0,"{timeout:600,max_col_multiplier:1,age_limit:2,random_seed:0,replication:1,num_threads:128,set_partition:false}",-1
a20100.json.gz,a,20,100,MipTemplate,highs,MTFarkas,1,2,1157.08,1158,0,1158,0,20,20,0.000579,0.003368,0.01488,128,221070.81174438688,3.2,1,0,"{timeout:600,max_col_multiplier:1,age_limit:2,random_seed:0,replication:1,num_threads:128,set_partition:false}",2
a20100.json.gz,a,20,100,MipTemplate,highs,MTFarkas,1,2,1157.08,1158,0,1158,0,20,20,0.000579,0.003368,0.01488,128,221070.81174438688,3.2,1,0,"{timeout:600,max_col_multiplier:1,age_limit:2,random_seed:0,replication:1,num_threads:128,set_partition:false}",1
a20100.json.gz,a,20,100,MipTemplate,highs,MTFarkas,2,2,1157.08,1158,,1158,,20,20,0.000268,0.00201,0.008112,124,462686.5671641791,6.2,1,0,"{timeout:600,max_col_multiplier:1,age_limit:2,random_seed:1,replication:2,num_threads:128,set_partition:false}",-1
a20100.json.gz,a,20,100,MipTemplate,highs,MTFarkas,2,2,1157.08,1158,0,1158,0,20,20,0.000268,0.00201,0.008117,124,462686.5671641791,3.1,1,0,"{timeout:600,max_col_multiplier:1,age_limit:2,random_seed:1,replication:2,num_threads:128,set_partition:false}",2
a20100.json.gz,a,20,100,MipTemplate,highs,MTFarkas,2,2,1157.08,1158,0,1158,0,20,20,0.000268,0.00201,0.008117,124,462686.5671641791,3.1,1,0,"{timeout:600,max_col_multiplier:1,age_limit:2,random_seed:1,replication:2,num_threads:128,set_partition:false}",1
a20100.json.gz,a,20,100,MipTemplate,highs,MTFarkas,3,2,1157.08,1158,,1158,,20,20,0.000268,0.00261,0.012484,124,462686.5671641791,6.2,1,0,"{timeout:600,max_col_multiplier:1,age_limit:2,random_seed:2,replication:3,num_threads:128,set_partition:false}",-1
a20100.json.gz,a,20,100,MipTemplate,highs,MTFarkas,3,2,1157.08,1158,0,1158,0,20,20,0.000268,0.00261,0.012491,124,462686.5671641791,3.1,1,0,"{timeout:600,max_col_multiplier:1,age_limit:2,random_seed:2,replication:3,num_threads:128,set_partition:false}",2
a20100.json.gz,a,20,100,MipTemplate,highs,MTFarkas,3,2,1157.08,1158,0,1158,0,20,20,0.000268,0.00261,0.012491,124,462686.5671641791,3.1,1,0,"{timeout:600,max_col_multiplier:1,age_limit:2,random_seed:2,replication:3,num_threads:128,set_partition:false}",1
a20100.json.gz,a,20,100,MipTemplate,highs,MTFarkas,4,2,1157.08,1158,,1158,,20,20,0.000278,0.001987,0.011346,125,449640.2877697842,6.25,1,0,"{timeout:600,max_col_multiplier:1,age_limit:2,random_seed:3,replication:4,num_threads:128,set_partition:false}",-1
a20100.json.gz,a,20,100,MipTemplate,highs,MTFarkas,4,2,1157.08,1158,0,1158,0,20,20,0.000278,0.001987,0.011352,125,449640.2877697842,3.125,1,0,"{timeout:600,max_col_multiplier:1,age_limit:2,random_seed:3,replication:4,num_threads:128,set_partition:false}",2
a20100.json.gz,a,20,100,MipTemplate,highs,MTFarkas,4,2,1157.08,1158,0,1158,0,20,20,0.000278,0.001987,0.011352,125,449640.2877697842,3.125,1,0,"{timeout:600,max_col_multiplier:1,age_limit:2,random_seed:3,replication:4,num_threads:128,set_partition:false}",1
a20100.json.gz,a,20,100,MipTemplate,highs,MTFarkas,5,2,1157.08,1158,,1158,,20,20,0.00028,0.002564,0.012388,128,457142.85714285716,6.4,1,0,"{timeout:600,max_col_multiplier:1,age_limit:2,random_seed:4,replication:5,num_threads:128,set_partition:false}",-1
a20100.json.gz,a,20,100,MipTemplate,highs,MTFarkas,5,2,1157.08,1158,0,1158,0,20,20,0.00028,0.002564,0.012394,128,457142.85714285716,3.2,1,0,"{timeout:600,max_col_multiplier:1,age_limit:2,random_seed:4,replication:5,num_threads:128,set_partition:false}",2
a20100.json.gz,a,20,100,MipTemplate,highs,MTFarkas,5,2,1157.08,1158,0,1158,0,20,20,0.00028,0.002564,0.012395,128,457142.85714285716,3.2,1,0,"{timeout:600,max_col_multiplier:1,age_limit:2,random_seed:4,replication:5,num_threads:128,set_partition:false}",1
a20200.json.gz,a,20,200,Dantzig,highs,DantzigFarkas,1,3,2337.3273333333336,4322,,4321.999999999999,,20,60,0.001487,0.001218,0.012361,325,218560.86079354404,5.416666666666667,1,0,"{timeout:600,max_col_multiplier:1,age_limit:10,random_seed:0,replication:1,num_threads:128,set_partition:false}",-1
a20200.json.gz,a,20,200,Dantzig,highs,DantzigFarkas,1,3,2337.3273333333336,4322,45.904673762147155,4321.999999999999,0,20,60,0.001487,0.001218,0.01237,325,218560.86079354404,1.8055555555555556,1,0,"{timeout:600,max_col_multiplier:1,age_limit:10,random_seed:0,replication:1,num_threads:128,set_partition:false}",1
a20200.json.gz,a,20,200,Dantzig,highs,DantzigFarkas,2,3,2337.3273333333336,4227,,4226.999999999999,,20,60,0.001772,0.001064,0.012219,341,192437.92325056434,5.683333333333334,1,0,"{timeout:600,max_col_multiplier:1,age_limit:10,random_seed:1,replication:2,num_threads:128,set_partition:false}",-1
a20200.json.gz,a,20,200,Dantzig,highs,DantzigFarkas,2,3,2337.3273333333336,4227,44.68890466051573,4226.999999999999,0,20,60,0.001772,0.001064,0.012231,341,192437.92325056434,1.8944444444444446,1,0,"{timeout:600,max_col_multiplier:1,age_limit:10,random_seed:1,replication:2,num_threads:128,set_partition:false}",1
a20200.json.gz,a,20,200,Dantzig,highs,DantzigFarkas,3,3,2337.3273333333336,4262,,4261.9999999999945,,20,60,0.001853,0.001479,0.012027,343,185105.23475445225,5.716666666666667,1,0,"{timeout:600,max_col_multiplier:1,age_limit:10,random_seed:2,replication:3,num_threads:128,set_partition:false}",-1
a20200.json.gz,a,20,200,Dantzig,highs,DantzigFarkas,3,3,2337.3273333333336,4262,45.143125293289536,4261.9999999999945,0,20,60,0.001853,0.001479,0.012033,343,185105.23475445225,1.9055555555555557,1,0,"{timeout:600,max_col_multiplier:1,age_limit:10,random_seed:2,replication:3,num_threads:128,set_partition:false}",1
a20200.json.gz,a,20,200,Dantzig,highs,DantzigFarkas,4,3,2337.3273333333336,4374,,4374,,20,60,0.001557,0.000875,0.010947,316,202954.3994861914,5.266666666666667,1,0,"{timeout:600,max_col_multiplier:1,age_limit:10,random_seed:3,replication:4,num_threads:128,set_partition:false}",-1
a20200.json.gz,a,20,200,Dantzig,highs,DantzigFarkas,4,3,2337.3273333333336,4374,46.54778235025149,4374,0,20,60,0.001557,0.000875,0.010955,316,202954.3994861914,1.7555555555555555,1,0,"{timeout:600,max_col_multiplier:1,age_limit:10,random_seed:3,replication:4,num_threads:128,set_partition:false}",1
a20200.json.gz,a,20,200,Dantzig,highs,DantzigFarkas,5,3,2337.3273333333336,4392,,4392,,20,60,0.00124,0.001072,0.01075,293,236290.32258064515,4.883333333333334,1,0,"{timeout:600,max_col_multiplier:1,age_limit:10,random_seed:4,replication:5,num_threads:128,set_partition:false}",-1
a20200.json.gz,a,20,200,Dantzig,highs,DantzigFarkas,5,3,2337.3273333333336,4392,46.766848816029146,4392,0,20,60,0.00124,0.001072,0.010755,293,236290.32258064515,1.627777777777778,1,0,"{timeout:600,max_col_multiplier:1,age_limit:10,random_seed:4,replication:5,num_threads:128,set_partition:false}",1
a20200.json.gz,a,20,200,LagrangeTemplate,highs,LTFarkas,1,3,2337.3273333333336,2342,,2342,,20,41,0.000721,0.000925,0.009766,257,356449.3758668516,6.2682926829268295,1,0,"{timeout:600,max_col_multiplier:1,age_limit:2,random_seed:0,replication:1,num_threads:128,set_partition:false}",-1
a20200.json.gz,a,20,200,LagrangeTemplate,highs,LTFarkas,1,3,2337.3273333333336,2342,0.1707941929974381,2342,0,20,41,0.000721,0.000925,0.009771,257,356449.3758668516,2.089430894308943,1,0,"{timeout:600,max_col_multiplier:1,age_limit:2,random_seed:0,replication:1,num_threads:128,set_partition:false}",1
a20200.json.gz,a,20,200,LagrangeTemplate,highs,LTFarkas,2,3,2337.3273333333336,2342,,2342,,20,41,0.000858,0.001083,0.009099,251,292540.79254079255,6.121951219512195,1,0,"{timeout:600,max_col_multiplier:1,age_limit:2,random_seed:1,replication:2,num_threads:128,set_partition:false}",-1
a20200.json.gz,a,20,200,LagrangeTemplate,highs,LTFarkas,2,3,2337.3273333333336,2342,0.1707941929974381,2342,0,20,41,0.000858,0.001083,0.009107,251,292540.79254079255,2.040650406504065,1,0,"{timeout:600,max_col_multiplier:1,age_limit:2,random_seed:1,replication:2,num_threads:128,set_partition:false}",1
a20200.json.gz,a,20,200,LagrangeTemplate,highs,LTFarkas,3,3,2337.3273333333336,2339,,2339,,20,40,0.000878,0.001057,0.008947,244,277904.3280182232,6.1,1,0,"{timeout:600,max_col_multiplier:1,age_limit:2,random_seed:2,replication:3,num_threads:128,set_partition:false}",-1
a20200.json.gz,a,20,200,LagrangeTemplate,highs,LTFarkas,3,3,2337.3273333333336,2339,0.04275331338178709,2339,0,20,40,0.000878,0.001057,0.008953,244,277904.3280182232,2.033333333333333,1,0,"{timeout:600,max_col_multiplier:1,age_limit:2,random_seed:2,replication:3,num_threads:128,set_partition:false}",1
a20200.json.gz,a,20,200,LagrangeTemplate,highs,LTFarkas,4,3,2337.3273333333336,2342,,2342,,20,41,0.000674,0.001187,0.009114,251,372403.5608308605,6.121951219512195,1,0,"{timeout:600,max_col_multiplier:1,age_limit:2,random_seed:3,replication:4,num_threads:128,set_partition:false}",-1
a20200.json.gz,a,20,200,LagrangeTemplate,highs,LTFarkas,4,3,2337.3273333333336,2342,0.1707941929974381,2342,0,20,41,0.000674,0.001187,0.009119,251,372403.5608308605,2.040650406504065,1,0,"{timeout:600,max_col_multiplier:1,age_limit:2,random_seed:3,replication:4,num_threads:128,set_partition:false}",1
a20200.json.gz,a,20,200,LagrangeTemplate,highs,LTFarkas,5,3,2337.3273333333336,2340,,2340,,20,41,0.00125,0.002531,0.011031,246,196800,6,1,0,"{timeout:600,max_col_multiplier:1,age_limit:2,random_seed:4,replication:5,num_threads:128,set_partition:false}",-1
a20200.json.gz,a,20,200,LagrangeTemplate,highs,LTFarkas,5,3,2337.3273333333336,2340,0.08547008547008547,2340,0,20,41,0.00125,0.002531,0.011038,246,196800,2,1,0,"{timeout:600,max_col_multiplier:1,age_limit:2,random_seed:4,replication:5,num_threads:128,set_partition:false}",1
a20200.json.gz,a,20,200,MipTemplate,highs,MTFarkas,1,4,2337.3273333333336,2340,,2340,,20,60,0.001835,0.052141,0.065369,256,139509.53678474115,4.266666666666667,1,0,"{timeout:600,max_col_multiplier:1,age_limit:2,random_seed:0,replication:1,num_threads:128,set_partition:false}",-1
a20200.json.gz,a,20,200,MipTemplate,highs,MTFarkas,1,4,2337.3273333333336,2340,0.08547008547008547,2340,0,20,60,0.001835,0.052141,0.065376,256,139509.53678474115,1.0666666666666667,1,0,"{timeout:600,max_col_multiplier:1,age_limit:2,random_seed:0,replication:1,num_threads:128,set_partition:false}",1
a20200.json.gz,a,20,200,MipTemplate,highs,MTFarkas,2,3,2337.3273333333336,2357,,2357,,20,40,0.00067,0.021398,0.031413,246,367164.1791044776,6.15,1,0,"{timeout:600,max_col_multiplier:1,age_limit:2,random_seed:1,replication:2,num_threads:128,set_partition:false}",-1
a20200.json.gz,a,20,200,MipTemplate,highs,MTFarkas,2,3,2337.3273333333336,2357,0.8061094611794655,2357,0,20,40,0.00067,0.021398,0.031421,246,367164.1791044776,2.0500000000000003,1,0,"{timeout:600,max_col_multiplier:1,age_limit:2,random_seed:1,replication:2,num_threads:128,set_partition:false}",1
a20200.json.gz,a,20,200,MipTemplate,highs,MTFarkas,3,3,2337.3273333333336,2339,,2339,,20,40,0.000663,0.02559,0.036688,244,368024.1327300151,6.1,1,0,"{timeout:600,max_col_multiplier:1,age_limit:2,random_seed:2,replication:3,num_threads:128,set_partition:false}",-1
a20200.json.gz,a,20,200,MipTemplate,highs,MTFarkas,3,3,2337.3273333333336,2339,0.04275331338178709,2339,0,20,40,0.000663,0.02559,0.036696,244,368024.1327300151,2.033333333333333,1,0,"{timeout:600,max_col_multiplier:1,age_limit:2,random_seed:2,replication:3,num_threads:128,set_partition:false}",1
a20200.json.gz,a,20,200,MipTemplate,highs,MTFarkas,4,3,2337.3273333333336,2355,,2355,,20,40,0.000685,0.021791,0.034743,247,360583.9416058394,6.175,1,0,"{timeout:600,max_col_multiplier:1,age_limit:2,random_seed:3,replication:4,num_threads:128,set_partition:false}",-1
a20200.json.gz,a,20,200,MipTemplate,highs,MTFarkas,4,3,2337.3273333333336,2355,0.7218683651804672,2355,0,20,40,0.000685,0.021791,0.03475,247,360583.9416058394,2.058333333333333,1,0,"{timeout:600,max_col_multiplier:1,age_limit:2,random_seed:3,replication:4,num_threads:128,set_partition:false}",1
a20200.json.gz,a,20,200,MipTemplate,highs,MTFarkas,5,3,2337.3273333333336,2340,,2340,,20,40,0.000784,0.022554,0.038922,243,309948.97959183675,6.075,1,0,"{timeout:600,max_col_multiplier:1,age_limit:2,random_seed:4,replication:5,num_threads:128,set_partition:false}",-1
a20200.json.gz,a,20,200,MipTemplate,highs,MTFarkas,5,3,2337.3273333333336,2340,0.08547008547008547,2340,0,20,40,0.000784,0.022554,0.038929,243,309948.97959183675,2.025,1,0,"{timeout:600,max_col_multiplier:1,age_limit:2,random_seed:4,replication:5,num_threads:128,set_partition:false}",1
b05100.json.gz,b,5,100,Dantzig,highs,DantzigFarkas,1,19,1831.3294504181601,inf,,3023.9211910601293,,70,90,0.019669,0.006363,0.028972,1178,59891.199349229755,13.088888888888889,0,0,"{timeout:600,max_col_multiplier:1,age_limit:34,random_seed:0,replication:1,num_threads:128,set_partition:false}",-1
b05100.json.gz,b,5,100,Dantzig,highs,DantzigFarkas,1,19,1831.3294504181601,inf,nan,3023.9211910601293,0,70,90,0.019669,0.006363,0.028978,1178,59891.199349229755,0.6888888888888889,0,0,"{timeout:600,max_col_multiplier:1,age_limit:34,random_seed:0,replication:1,num_threads:128,set_partition:false}",1
b05100.json.gz,b,5,100,Dantzig,highs,DantzigFarkas,2,20,1831.3294504181601,inf,,2992.4522377922276,,76,95,0.023134,0.006821,0.033151,1332,57577.59142387828,14.021052631578947,0,0,"{timeout:600,max_col_multiplier:1,age_limit:34,random_seed:1,replication:2,num_threads:128,set_partition:false}",-1
b05100.json.gz,b,5,100,Dantzig,highs,DantzigFarkas,2,20,1831.3294504181601,inf,nan,2992.4522377922276,0,76,95,0.023134,0.006821,0.033159,1332,57577.59142387828,0.7010526315789474,0,0,"{timeout:600,max_col_multiplier:1,age_limit:34,random_seed:1,replication:2,num_threads:128,set_partition:false}",1
b05100.json.gz,b,5,100,Dantzig,highs,DantzigFarkas,3,21,1831.3294504181601,inf,,2994.3805891239904,,78,100,0.024919,0.006225,0.034023,1312,52650.58790481159,13.12,0,0,"{timeout:600,max_col_multiplier:1,age_limit:34,random_seed:2,replication:3,num_threads:128,set_partition:false}",-1
b05100.json.gz,b,5,100,Dantzig,highs,DantzigFarkas,3,21,1831.3294504181601,inf,nan,2994.3805891239904,0,78,100,0.024919,0.006225,0.034032,1312,52650.58790481159,0.6247619047619047,0,0,"{timeout:600,max_col_multiplier:1,age_limit:34,random_seed:2,replication:3,num_threads:128,set_partition:false}",1
b05100.json.gz,b,5,100,Dantzig,highs,DantzigFarkas,4,17,1831.3294504181601,inf,,2993.6312044488063,,64,80,0.018555,0.006265,0.027532,1140,61438.965238480196,14.25,0,0,"{timeout:600,max_col_multiplier:1,age_limit:34,random_seed:3,replication:4,num_threads:128,set_partition:false}",-1
b05100.json.gz,b,5,100,Dantzig,highs,DantzigFarkas,4,17,1831.3294504181601,inf,nan,2993.6312044488063,0,64,80,0.018555,0.006265,0.027537,1140,61438.965238480196,0.8382352941176471,0,0,"{timeout:600,max_col_multiplier:1,age_limit:34,random_seed:3,replication:4,num_threads:128,set_partition:false}",1
b05100.json.gz,b,5,100,Dantzig,highs,DantzigFarkas,5,23,1831.3294504181601,inf,,2946.6887959439787,,80,110,0.027163,0.007205,0.037972,1405,51724.77266870375,12.772727272727273,0,0,"{timeout:600,max_col_multiplier:1,age_limit:34,random_seed:4,replication:5,num_threads:128,set_partition:false}",-1
b05100.json.gz,b,5,100,Dantzig,highs,DantzigFarkas,5,23,1831.3294504181601,inf,nan,2946.6887959439787,0,80,110,0.027163,0.007205,0.037983,1405,51724.77266870375,0.5553359683794467,0,0,"{timeout:600,max_col_multiplier:1,age_limit:34,random_seed:4,replication:5,num_threads:128,set_partition:false}",1
b05100.json.gz,b,5,100,LagrangeTemplate,highs,LTFarkas,1,4,1831.3294504181601,1895,,1895,,5,15,0.000737,0.001441,0.004146,147,199457.2591587517,9.8,1,0,"{timeout:600,max_col_multiplier:1,age_limit:2,random_seed:0,replication:1,num_threads:128,set_partition:false}",-1
b05100.json.gz,b,5,100,LagrangeTemplate,highs,LTFarkas,1,4,1831.3294504181601,1895,3.3245382585751977,1895,0,5,15,0.000737,0.001441,0.004154,147,199457.2591587517,2.45,1,0,"{timeout:600,max_col_multiplier:1,age_limit:2,random_seed:0,replication:1,num_threads:128,set_partition:false}",1
b05100.json.gz,b,5,100,LagrangeTemplate,highs,LTFarkas,2,5,1831.3294504181601,1895,,1895,,5,20,0.000908,0.002012,0.004865,157,172907.48898678416,7.85,1,0,"{timeout:600,max_col_multiplier:1,age_limit:2,random_seed:1,replication:2,num_threads:128,set_partition:false}",-1
b05100.json.gz,b,5,100,LagrangeTemplate,highs,LTFarkas,2,5,1831.3294504181601,1895,3.3245382585751977,1895,0,5,20,0.000908,0.002012,0.004873,157,172907.48898678416,1.5699999999999998,1,0,"{timeout:600,max_col_multiplier:1,age_limit:2,random_seed:1,replication:2,num_threads:128,set_partition:false}",1
b05100.json.gz,b,5,100,LagrangeTemplate,highs,LTFarkas,3,4,1831.3294504181601,1895,,1895,,5,15,0.000671,0.001816,0.00442,147,219076.00596125185,9.8,1,0,"{timeout:600,max_col_multiplier:1,age_limit:2,random_seed:2,replication:3,num_threads:128,set_partition:false}",-1
b05100.json.gz,b,5,100,LagrangeTemplate,highs,LTFarkas,3,4,1831.3294504181601,1895,3.3245382585751977,1895,0,5,15,0.000671,0.001816,0.004427,147,219076.00596125185,2.45,1,0,"{timeout:600,max_col_multiplier:1,age_limit:2,random_seed:2,replication:3,num_threads:128,set_partition:false}",1
b05100.json.gz,b,5,100,LagrangeTemplate,highs,LTFarkas,4,4,1831.3294504181601,1895,,1895,,5,15,0.001038,0.001419,0.004275,150,144508.67052023122,10,1,0,"{timeout:600,max_col_multiplier:1,age_limit:2,random_seed:3,replication:4,num_threads:128,set_partition:false}",-1
b05100.json.gz,b,5,100,LagrangeTemplate,highs,LTFarkas,4,4,1831.3294504181601,1895,3.3245382585751977,1895,0,5,15,0.001038,0.001419,0.004284,150,144508.67052023122,2.5,1,0,"{timeout:600,max_col_multiplier:1,age_limit:2,random_seed:3,replication:4,num_threads:128,set_partition:false}",1
b05100.json.gz,b,5,100,LagrangeTemplate,highs,LTFarkas,5,5,1831.3294504181601,1895,,1895,,5,20,0.000985,0.001921,0.004739,155,157360.40609137056,7.75,1,0,"{timeout:600,max_col_multiplier:1,age_limit:2,random_seed:4,replication:5,num_threads:128,set_partition:false}",-1
b05100.json.gz,b,5,100,LagrangeTemplate,highs,LTFarkas,5,5,1831.3294504181601,1895,3.3245382585751977,1895,0,5,20,0.000985,0.001921,0.004782,155,157360.40609137056,1.55,1,0,"{timeout:600,max_col_multiplier:1,age_limit:2,random_seed:4,replication:5,num_threads:128,set_partition:false}",1
b05100.json.gz,b,5,100,MipTemplate,highs,MTFarkas,1,5,1831.3294504181601,1892,,1892,,5,20,0.000984,0.098844,0.10368,154,156504.0650406504,7.7,1,0,"{timeout:600,max_col_multiplier:1,age_limit:2,random_seed:0,replication:1,num_threads:128,set_partition:false}",-1
b05100.json.gz,b,5,100,MipTemplate,highs,MTFarkas,1,5,1831.3294504181601,1892,3.171247357293869,1892,0,5,20,0.000984,0.098844,0.103694,154,156504.0650406504,1.54,1,0,"{timeout:600,max_col_multiplier:1,age_limit:2,random_seed:0,replication:1,num_threads:128,set_partition:false}",1
b05100.json.gz,b,5,100,MipTemplate,highs,MTFarkas,2,6,1831.3294504181601,1894,,1894,,5,25,0.00127,0.085516,0.089517,164,129133.85826771653,6.56,1,0,"{timeout:600,max_col_multiplier:1,age_limit:2,random_seed:1,replication:2,num_threads:128,set_partition:false}",-1
b05100.json.gz,b,5,100,MipTemplate,highs,MTFarkas,2,6,1831.3294504181601,1894,3.2734952481520594,1894,0,5,25,0.00127,0.085516,0.089535,164,129133.85826771653,1.0933333333333333,1,0,"{timeout:600,max_col_multiplier:1,age_limit:2,random_seed:1,replication:2,num_threads:128,set_partition:false}",1
b05100.json.gz,b,5,100,MipTemplate,highs,MTFarkas,3,6,1831.3294504181601,1911,,1911,,5,25,0.001572,0.09042,0.095957,162,103053.43511450381,6.48,1,0,"{timeout:600,max_col_multiplier:1,age_limit:2,random_seed:2,replication:3,num_threads:128,set_partition:false}",-1
b05100.json.gz,b,5,100,MipTemplate,highs,MTFarkas,3,6,1831.3294504181601,1911,4.133961276818419,1911,0,5,25,0.001572,0.09042,0.09597,162,103053.43511450381,1.08,1,0,"{timeout:600,max_col_multiplier:1,age_limit:2,random_seed:2,replication:3,num_threads:128,set_partition:false}",1
b05100.json.gz,b,5,100,MipTemplate,highs,MTFarkas,4,4,1831.3294504181601,1895,,1895,,5,15,0.000754,0.024581,0.02993,150,198938.9920424403,10,1,0,"{timeout:600,max_col_multiplier:1,age_limit:2,random_seed:3,replication:4,num_threads:128,set_partition:false}",-1
b05100.json.gz,b,5,100,MipTemplate,highs,MTFarkas,4,4,1831.3294504181601,1895,3.3245382585751977,1895,0,5,15,0.000754,0.024581,0.029943,150,198938.9920424403,2.5,1,0,"{timeout:600,max_col_multiplier:1,age_limit:2,random_seed:3,replication:4,num_threads:128,set_partition:false}",1
b05100.json.gz,b,5,100,MipTemplate,highs,MTFarkas,5,6,1831.3294504181601,1897,,1897,,5,25,0.001315,0.084243,0.088081,158,120152.09125475286,6.32,1,0,"{timeout:600,max_col_multiplier:1,age_limit:2,random_seed:4,replication:5,num_threads:128,set_partition:false}",-1
b05100.json.gz,b,5,100,MipTemplate,highs,MTFarkas,5,6,1831.3294504181601,1897,3.4264628360569325,1897,0,5,25,0.001315,0.084243,0.088096,158,120152.09125475286,1.0533333333333335,1,0,"{timeout:600,max_col_multiplier:1,age_limit:2,random_seed:4,replication:5,num_threads:128,set_partition:false}",1
b05200.json.gz,b,5,200,Dantzig,highs,DantzigFarkas,1,7,3547.411575237463,inf,,7066.500000000006,,17,30,0.006206,0.002291,0.012441,663,106832.09796970674,22.1,0,0,"{timeout:600,max_col_multiplier:1,age_limit:132,random_seed:0,replication:1,num_threads:128,set_partition:false}",-1
b05200.json.gz,b,5,200,Dantzig,highs,DantzigFarkas,1,7,3547.411575237463,inf,nan,7066.500000000006,0,17,30,0.006206,0.002291,0.012451,663,106832.09796970674,3.1571428571428575,0,0,"{timeout:600,max_col_multiplier:1,age_limit:132,random_seed:0,replication:1,num_threads:128,set_partition:false}",1
b05200.json.gz,b,5,200,Dantzig,highs,DantzigFarkas,2,7,3547.411575237463,inf,,7150.104166666668,,25,30,0.006395,0.002142,0.012317,655,102423.76856919468,21.833333333333332,0,0,"{timeout:600,max_col_multiplier:1,age_limit:132,random_seed:1,replication:2,num_threads:128,set_partition:false}",-1
b05200.json.gz,b,5,200,Dantzig,highs,DantzigFarkas,2,7,3547.411575237463,inf,nan,7150.104166666668,0,25,30,0.006395,0.002142,0.012327,655,102423.76856919468,3.119047619047619,0,0,"{timeout:600,max_col_multiplier:1,age_limit:132,random_seed:1,replication:2,num_threads:128,set_partition:false}",1
b05200.json.gz,b,5,200,Dantzig,highs,DantzigFarkas,3,7,3547.411575237463,inf,,6942.499999999993,,15,30,0.004999,0.00232,0.010911,586,117223.44468893779,19.533333333333335,0,0,"{timeout:600,max_col_multiplier:1,age_limit:132,random_seed:2,replication:3,num_threads:128,set_partition:false}",-1
b05200.json.gz,b,5,200,Dantzig,highs,DantzigFarkas,3,7,3547.411575237463,inf,nan,6942.499999999993,0,15,30,0.004999,0.00232,0.010918,586,117223.44468893779,2.7904761904761908,0,0,"{timeout:600,max_col_multiplier:1,age_limit:132,random_seed:2,replication:3,num_threads:128,set_partition:false}",1
b05200.json.gz,b,5,200,Dantzig,highs,DantzigFarkas,4,8,3547.411575237463,inf,,6927.00000000009,,21,35,0.006306,0.002648,0.012814,624,98953.37773549001,17.82857142857143,0,0,"{timeout:600,max_col_multiplier:1,age_limit:132,random_seed:3,replication:4,num_threads:128,set_partition:false}",-1
b05200.json.gz,b,5,200,Dantzig,highs,DantzigFarkas,4,8,3547.411575237463,inf,nan,6927.00000000009,0,21,35,0.006306,0.002648,0.012823,624,98953.37773549001,2.2285714285714286,0,0,"{timeout:600,max_col_multiplier:1,age_limit:132,random_seed:3,replication:4,num_threads:128,set_partition:false}",1
b05200.json.gz,b,5,200,Dantzig,highs,DantzigFarkas,5,6,3547.411575237463,inf,,7105,,15,25,0.004974,0.00192,0.010555,608,122235.62525130679,24.32,0,0,"{timeout:600,max_col_multiplier:1,age_limit:132,random_seed:4,replication:5,num_threads:128,set_partition:false}",-1
b05200.json.gz,b,5,200,Dantzig,highs,DantzigFarkas,5,6,3547.411575237463,inf,nan,7105,0,15,25,0.004974,0.00192,0.010563,608,122235.62525130679,4.053333333333334,0,0,"{timeout:600,max_col_multiplier:1,age_limit:132,random_seed:4,replication:5,num_threads:128,set_partition:false}",1
b05200.json.gz,b,5,200,LagrangeTemplate,highs,LTFarkas,1,6,3547.411575237463,3627,,3627,,5,25,0.001716,0.003486,0.008633,274,159673.65967365965,10.96,1,0,"{timeout:600,max_col_multiplier:1,age_limit:4,random_seed:0,replication:1,num_threads:128,set_partition:false}",-1
b05200.json.gz,b,5,200,LagrangeTemplate,highs,LTFarkas,1,6,3547.411575237463,3627,2.178108629721533,3627,0,5,25,0.001716,0.003486,0.008641,274,159673.65967365965,1.8266666666666669,1,0,"{timeout:600,max_col_multiplier:1,age_limit:4,random_seed:0,replication:1,num_threads:128,set_partition:false}",1
b05200.json.gz,b,5,200,LagrangeTemplate,highs,LTFarkas,2,5,3547.411575237463,3647,,3647,,5,21,0.001588,0.002214,0.007563,282,177581.86397984886,13.428571428571429,1,0,"{timeout:600,max_col_multiplier:1,age_limit:4,random_seed:1,replication:2,num_threads:128,set_partition:false}",-1
b05200.json.gz,b,5,200,LagrangeTemplate,highs,LTFarkas,2,5,3547.411575237463,3647,2.7145599122566493,3647,0,5,21,0.001588,0.002214,0.00757,282,177581.86397984886,2.685714285714286,1,0,"{timeout:600,max_col_multiplier:1,age_limit:4,random_seed:1,replication:2,num_threads:128,set_partition:false}",1
b05200.json.gz,b,5,200,LagrangeTemplate,highs,LTFarkas,3,7,3547.411575237463,3613,,3613,,5,30,0.002028,0.003674,0.009081,278,137080.86785009864,9.266666666666667,1,0,"{timeout:600,max_col_multiplier:1,age_limit:4,random_seed:2,replication:3,num_threads:128,set_partition:false}",-1
b05200.json.gz,b,5,200,LagrangeTemplate,highs,LTFarkas,3,7,3547.411575237463,3613,1.7990589537780237,3613,0,5,30,0.002028,0.003674,0.009092,278,137080.86785009864,1.323809523809524,1,0,"{timeout:600,max_col_multiplier:1,age_limit:4,random_seed:2,replication:3,num_threads:128,set_partition:false}",1
b05200.json.gz,b,5,200,LagrangeTemplate,highs,LTFarkas,4,7,3547.411575237463,inf,,3670,,10,30,0.002096,0.003871,0.009486,279,133110.68702290076,9.3,0,0,"{timeout:600,max_col_multiplier:1,age_limit:4,random_seed:3,replication:4,num_threads:128,set_partition:false}",-1
b05200.json.gz,b,5,200,LagrangeTemplate,highs,LTFarkas,4,7,3547.411575237463,inf,nan,3670,0,10,30,0.002096,0.003871,0.009493,279,133110.68702290076,1.3285714285714287,0,0,"{timeout:600,max_col_multiplier:1,age_limit:4,random_seed:3,replication:4,num_threads:128,set_partition:false}",1
b05200.json.gz,b,5,200,LagrangeTemplate,highs,LTFarkas,5,5,3547.411575237463,3590,,3590,,5,20,0.001642,0.002376,0.007379,267,162606.5773447016,13.35,1,0,"{timeout:600,max_col_multiplier:1,age_limit:4,random_seed:4,replication:5,num_threads:128,set_partition:false}",-1
b05200.json.gz,b,5,200,LagrangeTemplate,highs,LTFarkas,5,5,3547.411575237463,3590,1.16991643454039,3590,0,5,20,0.001642,0.002376,0.007387,267,162606.5773447016,2.67,1,0,"{timeout:600,max_col_multiplier:1,age_limit:4,random_seed:4,replication:5,num_threads:128,set_partition:false}",1
b05200.json.gz,b,5,200,MipTemplate,highs,MTFarkas,1,9,3547.411575237463,3636,,3636,,5,40,0.004542,0.173551,0.187059,290,63848.52487890797,7.25,1,0,"{timeout:600,max_col_multiplier:1,age_limit:4,random_seed:0,replication:1,num_threads:128,set_partition:false}",-1
b05200.json.gz,b,5,200,MipTemplate,highs,MTFarkas,1,9,3547.411575237463,3636,2.42024202420242,3636,0,5,40,0.004542,0.173551,0.187072,290,63848.52487890797,0.8055555555555556,1,0,"{timeout:600,max_col_multiplier:1,age_limit:4,random_seed:0,replication:1,num_threads:128,set_partition:false}",1
b05200.json.gz,b,5,200,MipTemplate,highs,MTFarkas,2,7,3547.411575237463,3650,,3650,,5,30,0.00405,0.124589,0.13765,284,70123.45679012345,9.466666666666667,1,0,"{timeout:600,max_col_multiplier:1,age_limit:4,random_seed:1,replication:2,num_threads:128,set_partition:false}",-1
b05200.json.gz,b,5,200,MipTemplate,highs,MTFarkas,2,7,3547.411575237463,3650,2.7945205479452055,3650,0,5,30,0.00405,0.124589,0.13767,284,70123.45679012345,1.3523809523809525,1,0,"{timeout:600,max_col_multiplier:1,age_limit:4,random_seed:1,replication:2,num_threads:128,set_partition:false}",1
b05200.json.gz,b,5,200,MipTemplate,highs,MTFarkas,3,7,3547.411575237463,3642,,3642,,5,30,0.00348,0.12388,0.136127,289,83045.97701149425,9.633333333333333,1,0,"{timeout:600,max_col_multiplier:1,age_limit:4,random_seed:2,replication:3,num_threads:128,set_partition:false}",-1
b05200.json.gz,b,5,200,MipTemplate,highs,MTFarkas,3,7,3547.411575237463,3642,2.5809994508511807,3642,0,5,30,0.00348,0.12388,0.13614,289,83045.97701149425,1.3761904761904762,1,0,"{timeout:600,max_col_multiplier:1,age_limit:4,random_seed:2,replication:3,num_threads:128,set_partition:false}",1
b05200.json.gz,b,5,200,MipTemplate,highs,MTFarkas,4,7,3547.411575237463,3669,,3669,,5,30,0.002707,0.136287,0.145787,276,101957.88695973401,9.2,1,0,"{timeout:600,max_col_multiplier:1,age_limit:4,random_seed:3,replication:4,num_threads:128,set_partition:false}",-1
b05200.json.gz,b,5,200,MipTemplate,highs,MTFarkas,4,7,3547.411575237463,3669,3.2979013355137643,3669,0,5,30,0.002707,0.136287,0.145798,276,101957.88695973401,1.3142857142857143,1,0,"{timeout:600,max_col_multiplier:1,age_limit:4,random_seed:3,replication:4,num_threads:128,set_partition:false}",1
b05200.json.gz,b,5,200,MipTemplate,highs,MTFarkas,5,7,3547.411575237463,3656,,3656,,5,30,0.002891,0.129107,0.140425,280,96852.30024213075,9.333333333333334,1,0,"{timeout:600,max_col_multiplier:1,age_limit:4,random_seed:4,replication:5,num_threads:128,set_partition:false}",-1
b05200.json.gz,b,5,200,MipTemplate,highs,MTFarkas,5,7,3547.411575237463,3656,2.954048140043764,3656,0,5,30,0.002891,0.129107,0.140437,280,96852.30024213075,1.3333333333333335,1,0,"{timeout:600,max_col_multiplier:1,age_limit:4,random_seed:4,replication:5,num_threads:128,set_partition:false}",1
b10100.json.gz,b,10,100,Dantzig,highs,DantzigFarkas,1,4,1400.6719575609284,inf,,4573.749999999999,,22,30,0.001647,0.001144,0.005362,264,160291.43897996357,8.8,0,0,"{timeout:600,max_col_multiplier:1,age_limit:10,random_seed:0,replication:1,num_threads:128,set_partition:false}",-1
b10100.json.gz,b,10,100,Dantzig,highs,DantzigFarkas,1,4,1400.6719575609284,inf,nan,4573.749999999999,0,22,30,0.001647,0.001144,0.005371,264,160291.43897996357,2.2,0,0,"{timeout:600,max_col_multiplier:1,age_limit:10,random_seed:0,replication:1,num_threads:128,set_partition:false}",1
b10100.json.gz,b,10,100,Dantzig,highs,DantzigFarkas,2,4,1400.6719575609284,inf,,4753.857142857143,,19,30,0.00176,0.001338,0.005621,230,130681.81818181818,7.666666666666667,0,0,"{timeout:600,max_col_multiplier:1,age_limit:10,random_seed:1,replication:2,num_threads:128,set_partition:false}",-1
b10100.json.gz,b,10,100,Dantzig,highs,DantzigFarkas,2,4,1400.6719575609284,inf,nan,4753.857142857143,0,19,30,0.00176,0.001338,0.005628,230,130681.81818181818,1.9166666666666667,0,0,"{timeout:600,max_col_multiplier:1,age_limit:10,random_seed:1,replication:2,num_threads:128,set_partition:false}",1
b10100.json.gz,b,10,100,Dantzig,highs,DantzigFarkas,3,5,1400.6719575609284,inf,,4384.5,,21,40,0.001856,0.001499,0.006004,261,140625,6.525,0,0,"{timeout:600,max_col_multiplier:1,age_limit:10,random_seed:2,replication:3,num_threads:128,set_partition:false}",-1
b10100.json.gz,b,10,100,Dantzig,highs,DantzigFarkas,3,5,1400.6719575609284,inf,nan,4384.5,0,21,40,0.001856,0.001499,0.006011,261,140625,1.3050000000000002,0,0,"{timeout:600,max_col_multiplier:1,age_limit:10,random_seed:2,replication:3,num_threads:128,set_partition:false}",1
b10100.json.gz,b,10,100,Dantzig,highs,DantzigFarkas,4,4,1400.6719575609284,inf,,4631,,17,30,0.002049,0.001363,0.005919,257,125427.03757930698,8.566666666666666,0,0,"{timeout:600,max_col_multiplier:1,age_limit:10,random_seed:3,replication:4,num_threads:128,set_partition:false}",-1
b10100.json.gz,b,10,100,Dantzig,highs,DantzigFarkas,4,4,1400.6719575609284,inf,nan,4631,0,17,30,0.002049,0.001363,0.005925,257,125427.03757930698,2.1416666666666666,0,0,"{timeout:600,max_col_multiplier:1,age_limit:10,random_seed:3,replication:4,num_threads:128,set_partition:false}",1
b10100.json.gz,b,10,100,Dantzig,highs,DantzigFarkas,5,5,1400.6719575609284,inf,,4394.999999999994,,18,40,0.001956,0.00171,0.006358,260,132924.33537832313,6.5,0,0,"{timeout:600,max_col_multiplier:1,age_limit:10,random_seed:4,replication:5,num_threads:128,set_partition:false}",-1
b10100.json.gz,b,10,100,Dantzig,highs,DantzigFarkas,5,5,1400.6719575609284,inf,nan,4394.999999999994,0,18,40,0.001956,0.00171,0.006367,260,132924.33537832313,1.3,0,0,"{timeout:600,max_col_multiplier:1,age_limit:10,random_seed:4,replication:5,num_threads:128,set_partition:false}",1
b10100.json.gz,b,10,100,LagrangeTemplate,highs,LTFarkas,1,4,1400.6719575609284,1472,,1472,,10,30,0.000687,0.001369,0.004529,151,219796.2154294032,5.033333333333333,1,0,"{timeout:600,max_col_multiplier:1,age_limit:2,random_seed:0,replication:1,num_threads:128,set_partition:false}",-1
b10100.json.gz,b,10,100,LagrangeTemplate,highs,LTFarkas,1,4,1400.6719575609284,1472,4.823369565217392,1472,0,10,30,0.000687,0.001369,0.004538,151,219796.2154294032,1.2583333333333333,1,0,"{timeout:600,max_col_multiplier:1,age_limit:2,random_seed:0,replication:1,num_threads:128,set_partition:false}",1
b10100.json.gz,b,10,100,LagrangeTemplate,highs,LTFarkas,2,4,1400.6719575609284,1464,,1464,,10,30,0.000673,0.001586,0.004749,153,227340.26745913818,5.1,1,0,"{timeout:600,max_col_multiplier:1,age_limit:2,random_seed:1,replication:2,num_threads:128,set_partition:false}",-1
b10100.json.gz,b,10,100,LagrangeTemplate,highs,LTFarkas,2,4,1400.6719575609284,1464,4.30327868852459,1464,0,10,30,0.000673,0.001586,0.004755,153,227340.26745913818,1.275,1,0,"{timeout:600,max_col_multiplier:1,age_limit:2,random_seed:1,replication:2,num_threads:128,set_partition:false}",1
b10100.json.gz,b,10,100,LagrangeTemplate,highs,LTFarkas,3,4,1400.6719575609284,1452,,1452,,10,30,0.000738,0.00133,0.004661,153,207317.0731707317,5.1,1,0,"{timeout:600,max_col_multiplier:1,age_limit:2,random_seed:2,replication:3,num_threads:128,set_partition:false}",-1
b10100.json.gz,b,10,100,LagrangeTemplate,highs,LTFarkas,3,4,1400.6719575609284,1452,3.512396694214876,1452,0,10,30,0.000738,0.00133,0.004667,153,207317.0731707317,1.275,1,0,"{timeout:600,max_col_multiplier:1,age_limit:2,random_seed:2,replication:3,num_threads:128,set_partition:false}",1
b10100.json.gz,b,10,100,LagrangeTemplate,highs,LTFarkas,4,4,1400.6719575609284,1446,,1446,,10,31,0.000764,0.001367,0.004763,158,206806.28272251307,5.096774193548387,1,0,"{timeout:600,max_col_multiplier:1,age_limit:2,random_seed:3,replication:4,num_threads:128,set_partition:false}",-1
b10100.json.gz,b,10,100,LagrangeTemplate,highs,LTFarkas,4,4,1400.6719575609284,1446,3.112033195020747,1446,0,10,31,0.000764,0.001367,0.004769,158,206806.28272251307,1.2741935483870968,1,0,"{timeout:600,max_col_multiplier:1,age_limit:2,random_seed:3,replication:4,num_threads:128,set_partition:false}",1
b10100.json.gz,b,10,100,LagrangeTemplate,highs,LTFarkas,5,4,1400.6719575609284,1446,,1446,,10,31,0.000843,0.001516,0.00509,156,185053.38078291816,5.032258064516129,1,0,"{timeout:600,max_col_multiplier:1,age_limit:2,random_seed:4,replication:5,num_threads:128,set_partition:false}",-1
b10100.json.gz,b,10,100,LagrangeTemplate,highs,LTFarkas,5,4,1400.6719575609284,1446,3.112033195020747,1446,0,10,31,0.000843,0.001516,0.005098,156,185053.38078291816,1.2580645161290323,1,0,"{timeout:600,max_col_multiplier:1,age_limit:2,random_seed:4,replication:5,num_threads:128,set_partition:false}",1
b10100.json.gz,b,10,100,MipTemplate,highs,MTFarkas,1,5,1400.6719575609284,1462,,1462,,10,40,0.001509,0.070275,0.079527,157,104042.41219350563,3.925,1,0,"{timeout:600,max_col_multiplier:1,age_limit:2,random_seed:0,replication:1,num_threads:128,set_partition:false}",-1
b10100.json.gz,b,10,100,MipTemplate,highs,MTFarkas,1,5,1400.6719575609284,1462,4.172366621067032,1462,0,10,40,0.001509,0.070275,0.07954,157,104042.41219350563,0.7849999999999999,1,0,"{timeout:600,max_col_multiplier:1,age_limit:2,random_seed:0,replication:1,num_threads:128,set_partition:false}",1
b10100.json.gz,b,10,100,MipTemplate,highs,MTFarkas,2,5,1400.6719575609284,1487,,1487,,10,40,0.00187,0.077142,0.086853,158,84491.97860962567,3.95,1,0,"{timeout:600,max_col_multiplier:1,age_limit:2,random_seed:1,replication:2,num_threads:128,set_partition:false}",-1
b10100.json.gz,b,10,100,MipTemplate,highs,MTFarkas,2,5,1400.6719575609284,1487,5.78345662407532,1487,0,10,40,0.00187,0.077142,0.086867,158,84491.97860962567,0.79,1,0,"{timeout:600,max_col_multiplier:1,age_limit:2,random_seed:1,replication:2,num_threads:128,set_partition:false}",1
b10100.json.gz,b,10,100,MipTemplate,highs,MTFarkas,3,5,1400.6719575609284,1441,,1441,,10,40,0.001211,0.091193,0.099848,156,128819.15772089182,3.9,1,0,"{timeout:600,max_col_multiplier:1,age_limit:2,random_seed:2,replication:3,num_threads:128,set_partition:false}",-1
b10100.json.gz,b,10,100,MipTemplate,highs,MTFarkas,3,5,1400.6719575609284,1441,2.7758501040943786,1441,0,10,40,0.001211,0.091193,0.09986,156,128819.15772089182,0.78,1,0,"{timeout:600,max_col_multiplier:1,age_limit:2,random_seed:2,replication:3,num_threads:128,set_partition:false}",1
b10100.json.gz,b,10,100,MipTemplate,highs,MTFarkas,4,5,1400.6719575609284,1449,,1449,,10,40,0.001761,0.071641,0.081432,172,97671.77739920499,4.3,1,0,"{timeout:600,max_col_multiplier:1,age_limit:2,random_seed:3,replication:4,num_threads:128,set_partition:false}",-1
b10100.json.gz,b,10,100,MipTemplate,highs,MTFarkas,4,5,1400.6719575609284,1449,3.3126293995859215,1449,0,10,40,0.001761,0.071641,0.081446,172,97671.77739920499,0.86,1,0,"{timeout:600,max_col_multiplier:1,age_limit:2,random_seed:3,replication:4,num_threads:128,set_partition:false}",1
b10100.json.gz,b,10,100,MipTemplate,highs,MTFarkas,5,5,1400.6719575609284,inf,,1493,,15,40,0.001222,0.074963,0.084129,160,130932.8968903437,4,0,0,"{timeout:600,max_col_multiplier:1,age_limit:2,random_seed:4,replication:5,num_threads:128,set_partition:false}",-1
b10100.json.gz,b,10,100,MipTemplate,highs,MTFarkas,5,5,1400.6719575609284,inf,nan,1493,0,15,40,0.001222,0.074963,0.084142,160,130932.8968903437,0.8,0,0,"{timeout:600,max_col_multiplier:1,age_limit:2,random_seed:4,replication:5,num_threads:128,set_partition:false}",1
b10200.json.gz,b,10,200,Dantzig,highs,DantzigFarkas,1,6,2815.0506728107584,inf,,8643.454545454548,,32,50,0.005787,0.002109,0.014515,597,103162.26023846553,11.94,0,0,"{timeout:600,max_col_multiplier:1,age_limit:34,random_seed:0,replication:1,num_threads:128,set_partition:false}",-1
b10200.json.gz,b,10,200,Dantzig,highs,DantzigFarkas,1,6,2815.0506728107584,inf,nan,8643.454545454548,0,32,50,0.005787,0.002109,0.014522,597,103162.26023846553,1.99,0,0,"{timeout:600,max_col_multiplier:1,age_limit:34,random_seed:0,replication:1,num_threads:128,set_partition:false}",1
b10200.json.gz,b,10,200,Dantzig,highs,DantzigFarkas,2,6,2815.0506728107584,inf,,8673.625,,31,50,0.006044,0.002261,0.014749,626,103573.79219060225,12.52,0,0,"{timeout:600,max_col_multiplier:1,age_limit:34,random_seed:1,replication:2,num_threads:128,set_partition:false}",-1
b10200.json.gz,b,10,200,Dantzig,highs,DantzigFarkas,2,6,2815.0506728107584,inf,nan,8673.625,0,31,50,0.006044,0.002261,0.014754,626,103573.79219060225,2.0866666666666664,0,0,"{timeout:600,max_col_multiplier:1,age_limit:34,random_seed:1,replication:2,num_threads:128,set_partition:false}",1
b10200.json.gz,b,10,200,Dantzig,highs,DantzigFarkas,3,5,2815.0506728107584,inf,,9415.100000000026,,29,40,0.004676,0.00168,0.011965,568,121471.34302822927,14.2,0,0,"{timeout:600,max_col_multiplier:1,age_limit:34,random_seed:2,replication:3,num_threads:128,set_partition:false}",-1
b10200.json.gz,b,10,200,Dantzig,highs,DantzigFarkas,3,5,2815.0506728107584,inf,nan,9415.100000000026,0,29,40,0.004676,0.00168,0.011973,568,121471.34302822927,2.84,0,0,"{timeout:600,max_col_multiplier:1,age_limit:34,random_seed:2,replication:3,num_threads:128,set_partition:false}",1
b10200.json.gz,b,10,200,Dantzig,highs,DantzigFarkas,4,6,2815.0506728107584,inf,,8723.100000000004,,32,50,0.005644,0.001872,0.014247,614,108788.0935506733,12.28,0,0,"{timeout:600,max_col_multiplier:1,age_limit:34,random_seed:3,replication:4,num_threads:128,set_partition:false}",-1
b10200.json.gz,b,10,200,Dantzig,highs,DantzigFarkas,4,6,2815.0506728107584,inf,nan,8723.100000000004,0,32,50,0.005644,0.001872,0.014254,614,108788.0935506733,2.0466666666666664,0,0,"{timeout:600,max_col_multiplier:1,age_limit:34,random_seed:3,replication:4,num_threads:128,set_partition:false}",1
b10200.json.gz,b,10,200,Dantzig,highs,DantzigFarkas,5,6,2815.0506728107584,inf,,9004.5,,32,50,0.005489,0.002294,0.014019,601,109491.7106941155,12.02,0,0,"{timeout:600,max_col_multiplier:1,age_limit:34,random_seed:4,replication:5,num_threads:128,set_partition:false}",-1
b10200.json.gz,b,10,200,Dantzig,highs,DantzigFarkas,5,6,2815.0506728107584,inf,nan,9004.5,0,32,50,0.005489,0.002294,0.014026,601,109491.7106941155,2.0033333333333334,0,0,"{timeout:600,max_col_multiplier:1,age_limit:34,random_seed:4,replication:5,num_threads:128,set_partition:false}",1
b10200.json.gz,b,10,200,LagrangeTemplate,highs,LTFarkas,1,4,2815.0506728107584,2905,,2905,,10,31,0.000991,0.001562,0.0083,285,287588.29465186683,9.193548387096774,1,0,"{timeout:600,max_col_multiplier:1,age_limit:2,random_seed:0,replication:1,num_threads:128,set_partition:false}",-1
b10200.json.gz,b,10,200,LagrangeTemplate,highs,LTFarkas,1,4,2815.0506728107584,2905,3.06368330464716,2905,0,10,31,0.000991,0.001562,0.008307,285,287588.29465186683,2.2983870967741935,1,0,"{timeout:600,max_col_multiplier:1,age_limit:2,random_seed:0,replication:1,num_threads:128,set_partition:false}",1
b10200.json.gz,b,10,200,LagrangeTemplate,highs,LTFarkas,2,5,2815.0506728107584,2898,,2898,,10,41,0.001514,0.001886,0.009177,305,201453.1043593131,7.439024390243903,1,0,"{timeout:600,max_col_multiplier:1,age_limit:2,random_seed:1,replication:2,num_threads:128,set_partition:false}",-1
b10200.json.gz,b,10,200,LagrangeTemplate,highs,LTFarkas,2,5,2815.0506728107584,2898,2.8295376121463076,2898,0,10,41,0.001514,0.001886,0.009187,305,201453.1043593131,1.4878048780487805,1,0,"{timeout:600,max_col_multiplier:1,age_limit:2,random_seed:1,replication:2,num_threads:128,set_partition:false}",1
b10200.json.gz,b,10,200,LagrangeTemplate,highs,LTFarkas,3,5,2815.0506728107584,inf,,2910.5,,16,40,0.001499,0.001751,0.008771,298,198799.19946631088,7.45,0,0,"{timeout:600,max_col_multiplier:1,age_limit:2,random_seed:2,replication:3,num_threads:128,set_partition:false}",-1
b10200.json.gz,b,10,200,LagrangeTemplate,highs,LTFarkas,3,5,2815.0506728107584,inf,nan,2910.5,0,16,40,0.001499,0.001751,0.008779,298,198799.19946631088,1.49,0,0,"{timeout:600,max_col_multiplier:1,age_limit:2,random_seed:2,replication:3,num_threads:128,set_partition:false}",1
b10200.json.gz,b,10,200,LagrangeTemplate,highs,LTFarkas,4,5,2815.0506728107584,2918,,2918,,10,40,0.00154,0.002022,0.009472,309,200649.35064935067,7.725,1,0,"{timeout:600,max_col_multiplier:1,age_limit:2,random_seed:3,replication:4,num_threads:128,set_partition:false}",-1
b10200.json.gz,b,10,200,LagrangeTemplate,highs,LTFarkas,4,5,2815.0506728107584,2918,3.495544893762851,2918,0,10,40,0.00154,0.002022,0.009481,309,200649.35064935067,1.545,1,0,"{timeout:600,max_col_multiplier:1,age_limit:2,random_seed:3,replication:4,num_threads:128,set_partition:false}",1
b10200.json.gz,b,10,200,LagrangeTemplate,highs,LTFarkas,5,5,2815.0506728107584,2912,,2912,,10,40,0.001514,0.002099,0.009244,304,200792.60237780714,7.6,1,0,"{timeout:600,max_col_multiplier:1,age_limit:2,random_seed:4,replication:5,num_threads:128,set_partition:false}",-1
b10200.json.gz,b,10,200,LagrangeTemplate,highs,LTFarkas,5,5,2815.0506728107584,2912,3.296703296703297,2912,0,10,40,0.001514,0.002099,0.009253,304,200792.60237780714,1.52,1,0,"{timeout:600,max_col_multiplier:1,age_limit:2,random_seed:4,replication:5,num_threads:128,set_partition:false}",1
b10200.json.gz,b,10,200,MipTemplate,highs,MTFarkas,1,5,2815.0506728107584,2943,,2943,,10,40,0.00204,0.066793,0.083281,295,144607.84313725488,7.375,1,0,"{timeout:600,max_col_multiplier:1,age_limit:2,random_seed:0,replication:1,num_threads:128,set_partition:false}",-1
b10200.json.gz,b,10,200,MipTemplate,highs,MTFarkas,1,5,2815.0506728107584,2943,4.315324498810737,2943,0,10,40,0.00204,0.066793,0.083299,295,144607.84313725488,1.475,1,0,"{timeout:600,max_col_multiplier:1,age_limit:2,random_seed:0,replication:1,num_threads:128,set_partition:false}",1
b10200.json.gz,b,10,200,MipTemplate,highs,MTFarkas,2,4,2815.0506728107584,2905,,2905,,10,30,0.001707,0.054807,0.070483,298,174575.2782659637,9.933333333333334,1,0,"{timeout:600,max_col_multiplier:1,age_limit:2,random_seed:1,replication:2,num_threads:128,set_partition:false}",-1
b10200.json.gz,b,10,200,MipTemplate,highs,MTFarkas,2,4,2815.0506728107584,2905,3.06368330464716,2905,0,10,30,0.001707,0.054807,0.070496,298,174575.2782659637,2.4833333333333334,1,0,"{timeout:600,max_col_multiplier:1,age_limit:2,random_seed:1,replication:2,num_threads:128,set_partition:false}",1
b10200.json.gz,b,10,200,MipTemplate,highs,MTFarkas,3,4,2815.0506728107584,2905,,2905,,10,30,0.001873,0.05215,0.068141,292,155899.6262680192,9.733333333333333,1,0,"{timeout:600,max_col_multiplier:1,age_limit:2,random_seed:2,replication:3,num_threads:128,set_partition:false}",-1
b10200.json.gz,b,10,200,MipTemplate,highs,MTFarkas,3,4,2815.0506728107584,2905,3.06368330464716,2905,0,10,30,0.001873,0.05215,0.068164,292,155899.6262680192,2.433333333333333,1,0,"{timeout:600,max_col_multiplier:1,age_limit:2,random_seed:2,replication:3,num_threads:128,set_partition:false}",1
b10200.json.gz,b,10,200,MipTemplate,highs,MTFarkas,4,5,2815.0506728107584,2889,,2889,,10,40,0.002551,0.068773,0.086087,300,117600.94080752647,7.5,1,0,"{timeout:600,max_col_multiplier:1,age_limit:2,random_seed:3,replication:4,num_threads:128,set_partition:false}",-1
b10200.json.gz,b,10,200,MipTemplate,highs,MTFarkas,4,5,2815.0506728107584,2889,2.5268258913118724,2889,0,10,40,0.002551,0.068773,0.086101,300,117600.94080752647,1.5,1,0,"{timeout:600,max_col_multiplier:1,age_limit:2,random_seed:3,replication:4,num_threads:128,set_partition:false}",1
b10200.json.gz,b,10,200,MipTemplate,highs,MTFarkas,5,5,2815.0506728107584,2916,,2916,,10,40,0.001982,0.08986,0.106189,304,153380.42381432897,7.6,1,0,"{timeout:600,max_col_multiplier:1,age_limit:2,random_seed:4,replication:5,num_threads:128,set_partition:false}",-1
b10200.json.gz,b,10,200,MipTemplate,highs,MTFarkas,5,5,2815.0506728107584,2916,3.4293552812071333,2916,0,10,40,0.001982,0.08986,0.106204,304,153380.42381432897,1.52,1,0,"{timeout:600,max_col_multiplier:1,age_limit:2,random_seed:4,replication:5,num_threads:128,set_partition:false}",1
b20100.json.gz,b,20,100,Dantzig,highs,DantzigFarkas,1,3,1155.1814331117193,2339,,2339,,20,60,0.001163,0.000911,0.006855,251,215821.15219260534,4.183333333333334,1,0,"{timeout:600,max_col_multiplier:1,age_limit:4,random_seed:0,replication:1,num_threads:128,set_partition:false}",-1
b20100.json.gz,b,20,100,Dantzig,highs,DantzigFarkas,1,3,1155.1814331117193,2339,50.57716973065413,2339,0,20,60,0.001163,0.000911,0.006863,251,215821.15219260534,1.3944444444444446,1,0,"{timeout:600,max_col_multiplier:1,age_limit:4,random_seed:0,replication:1,num_threads:128,set_partition:false}",1
b20100.json.gz,b,20,100,Dantzig,highs,DantzigFarkas,2,3,1155.1814331117193,inf,,5688.999999999999,,23,40,0.001167,0.001114,0.006691,253,216795.20137103685,6.325,0,0,"{timeout:600,max_col_multiplier:1,age_limit:4,random_seed:1,replication:2,num_threads:128,set_partition:false}",-1
b20100.json.gz,b,20,100,Dantzig,highs,DantzigFarkas,2,3,1155.1814331117193,inf,nan,5688.999999999999,0,23,40,0.001167,0.001114,0.006698,253,216795.20137103685,2.1083333333333334,0,0,"{timeout:600,max_col_multiplier:1,age_limit:4,random_seed:1,replication:2,num_threads:128,set_partition:false}",1
b20100.json.gz,b,20,100,Dantzig,highs,DantzigFarkas,3,3,1155.1814331117193,inf,,5745.750000000001,,29,40,0.001078,0.000883,0.006314,252,233766.23376623378,6.3,0,0,"{timeout:600,max_col_multiplier:1,age_limit:4,random_seed:2,replication:3,num_threads:128,set_partition:false}",-1
b20100.json.gz,b,20,100,Dantzig,highs,DantzigFarkas,3,3,1155.1814331117193,inf,nan,5745.750000000001,0,29,40,0.001078,0.000883,0.00632,252,233766.23376623378,2.1,0,0,"{timeout:600,max_col_multiplier:1,age_limit:4,random_seed:2,replication:3,num_threads:128,set_partition:false}",1
b20100.json.gz,b,20,100,Dantzig,highs,DantzigFarkas,4,3,1155.1814331117193,2305.999999999999,,2306,,20,60,0.001344,0.00099,0.007568,237,176339.2857142857,3.95,1,0,"{timeout:600,max_col_multiplier:1,age_limit:4,random_seed:3,replication:4,num_threads:128,set_partition:false}",-1
b20100.json.gz,b,20,100,Dantzig,highs,DantzigFarkas,4,3,1155.1814331117193,2305.999999999999,49.86990459670423,2306,0,20,60,0.001344,0.00099,0.007576,237,176339.2857142857,1.3166666666666667,1,0,"{timeout:600,max_col_multiplier:1,age_limit:4,random_seed:3,replication:4,num_threads:128,set_partition:false}",1
b20100.json.gz,b,20,100,Dantzig,highs,DantzigFarkas,5,3,1155.1814331117193,2364,,2363.999999999999,,20,60,0.00098,0.001041,0.007164,231,235714.2857142857,3.85,1,0,"{timeout:600,max_col_multiplier:1,age_limit:4,random_seed:4,replication:5,num_threads:128,set_partition:false}",-1
b20100.json.gz,b,20,100,Dantzig,highs,DantzigFarkas,5,3,1155.1814331117193,2364,51.09983079526227,2363.999999999999,0,20,60,0.00098,0.001041,0.007171,231,235714.2857142857,1.2833333333333334,1,0,"{timeout:600,max_col_multiplier:1,age_limit:4,random_seed:4,replication:5,num_threads:128,set_partition:false}",1
b20100.json.gz,b,20,100,LagrangeTemplate,highs,LTFarkas,1,4,1155.1814331117193,1258,,1258,,20,60,0.000822,0.00156,0.006676,196,238442.8223844282,3.2666666666666666,1,0,"{timeout:600,max_col_multiplier:1,age_limit:2,random_seed:0,replication:1,num_threads:128,set_partition:false}",-1
b20100.json.gz,b,20,100,LagrangeTemplate,highs,LTFarkas,1,4,1155.1814331117193,1258,8.108108108108109,1258,0,20,60,0.000822,0.00156,0.006683,196,238442.8223844282,0.8166666666666667,1,0,"{timeout:600,max_col_multiplier:1,age_limit:2,random_seed:0,replication:1,num_threads:128,set_partition:false}",1
b20100.json.gz,b,20,100,LagrangeTemplate,highs,LTFarkas,2,4,1155.1814331117193,1265,,1265,,20,60,0.00097,0.002639,0.007871,196,202061.85567010308,3.2666666666666666,1,0,"{timeout:600,max_col_multiplier:1,age_limit:2,random_seed:1,replication:2,num_threads:128,set_partition:false}",-1
b20100.json.gz,b,20,100,LagrangeTemplate,highs,LTFarkas,2,4,1155.1814331117193,1265,8.616600790513834,1265,0,20,60,0.00097,0.002639,0.007879,196,202061.85567010308,0.8166666666666667,1,0,"{timeout:600,max_col_multiplier:1,age_limit:2,random_seed:1,replication:2,num_threads:128,set_partition:false}",1
b20100.json.gz,b,20,100,LagrangeTemplate,highs,LTFarkas,3,4,1155.1814331117193,inf,,1244,,23,60,0.000707,0.00138,0.006486,186,263083.4512022631,3.1,0,0,"{timeout:600,max_col_multiplier:1,age_limit:2,random_seed:2,replication:3,num_threads:128,set_partition:false}",-1
b20100.json.gz,b,20,100,LagrangeTemplate,highs,LTFarkas,3,4,1155.1814331117193,inf,nan,1244,0,23,60,0.000707,0.00138,0.006494,186,263083.4512022631,0.775,0,0,"{timeout:600,max_col_multiplier:1,age_limit:2,random_seed:2,replication:3,num_threads:128,set_partition:false}",1
b20100.json.gz,b,20,100,LagrangeTemplate,highs,LTFarkas,4,4,1155.1814331117193,inf,,1244,,23,60,0.000894,0.001761,0.007107,183,204697.9865771812,3.05,0,0,"{timeout:600,max_col_multiplier:1,age_limit:2,random_seed:3,replication:4,num_threads:128,set_partition:false}",-1
b20100.json.gz,b,20,100,LagrangeTemplate,highs,LTFarkas,4,4,1155.1814331117193,inf,nan,1244,0,23,60,0.000894,0.001761,0.007114,183,204697.9865771812,0.7625,0,0,"{timeout:600,max_col_multiplier:1,age_limit:2,random_seed:3,replication:4,num_threads:128,set_partition:false}",1
b20100.json.gz,b,20,100,LagrangeTemplate,highs,LTFarkas,5,4,1155.1814331117193,inf,,1261,,23,60,0.000871,0.001402,0.006608,186,213547.64638346728,3.1,0,0,"{timeout:600,max_col_multiplier:1,age_limit:2,random_seed:4,replication:5,num_threads:128,set_partition:false}",-1
b20100.json.gz,b,20,100,LagrangeTemplate,highs,LTFarkas,5,4,1155.1814331117193,inf,nan,1261,0,23,60,0.000871,0.001402,0.006615,186,213547.64638346728,0.775,0,0,"{timeout:600,max_col_multiplier:1,age_limit:2,random_seed:4,replication:5,num_threads:128,set_partition:false}",1
b20100.json.gz,b,20,100,MipTemplate,highs,MTFarkas,1,4,1155.1814331117193,1248,,1248,,20,60,0.001215,0.048284,0.063463,188,154732.51028806585,3.1333333333333333,1,0,"{timeout:600,max_col_multiplier:1,age_limit:2,random_seed:0,replication:1,num_threads:128,set_partition:false}",-1
b20100.json.gz,b,20,100,MipTemplate,highs,MTFarkas,1,4,1155.1814331117193,1248,7.371794871794872,1248,0,20,60,0.001215,0.048284,0.063483,188,154732.51028806585,0.7833333333333333,1,0,"{timeout:600,max_col_multiplier:1,age_limit:2,random_seed:0,replication:1,num_threads:128,set_partition:false}",1
b20100.json.gz,b,20,100,MipTemplate,highs,MTFarkas,2,4,1155.1814331117193,1261,,1261,,20,60,0.001235,0.062553,0.077918,196,158704.45344129554,3.2666666666666666,1,0,"{timeout:600,max_col_multiplier:1,age_limit:2,random_seed:1,replication:2,num_threads:128,set_partition:false}",-1
b20100.json.gz,b,20,100,MipTemplate,highs,MTFarkas,2,4,1155.1814331117193,1261,8.326724821570181,1261,0,20,60,0.001235,0.062553,0.077932,196,158704.45344129554,0.8166666666666667,1,0,"{timeout:600,max_col_multiplier:1,age_limit:2,random_seed:1,replication:2,num_threads:128,set_partition:false}",1
b20100.json.gz,b,20,100,MipTemplate,highs,MTFarkas,3,4,1155.1814331117193,1244,,1244,,20,60,0.001413,0.060112,0.075504,188,133050.24769992923,3.1333333333333333,1,0,"{timeout:600,max_col_multiplier:1,age_limit:2,random_seed:2,replication:3,num_threads:128,set_partition:false}",-1
b20100.json.gz,b,20,100,MipTemplate,highs,MTFarkas,3,4,1155.1814331117193,1244,7.07395498392283,1244,0,20,60,0.001413,0.060112,0.075518,188,133050.24769992923,0.7833333333333333,1,0,"{timeout:600,max_col_multiplier:1,age_limit:2,random_seed:2,replication:3,num_threads:128,set_partition:false}",1
b20100.json.gz,b,20,100,MipTemplate,highs,MTFarkas,4,4,1155.1814331117193,1258,,1258,,20,60,0.001263,0.082854,0.098484,193,152810.76801266824,3.216666666666667,1,0,"{timeout:600,max_col_multiplier:1,age_limit:2,random_seed:3,replication:4,num_threads:128,set_partition:false}",-1
b20100.json.gz,b,20,100,MipTemplate,highs,MTFarkas,4,4,1155.1814331117193,1258,8.108108108108109,1258,0,20,60,0.001263,0.082854,0.098498,193,152810.76801266824,0.8041666666666667,1,0,"{timeout:600,max_col_multiplier:1,age_limit:2,random_seed:3,replication:4,num_threads:128,set_partition:false}",1
b20100.json.gz,b,20,100,MipTemplate,highs,MTFarkas,5,4,1155.1814331117193,1250,,1250,,20,60,0.000854,0.066018,0.080046,183,214285.71428571426,3.05,1,0,"{timeout:600,max_col_multiplier:1,age_limit:2,random_seed:4,replication:5,num_threads:128,set_partition:false}",-1
b20100.json.gz,b,20,100,MipTemplate,highs,MTFarkas,5,4,1155.1814331117193,1250,7.5200000000000005,1250,0,20,60,0.000854,0.066018,0.080054,183,214285.71428571426,0.7625,1,0,"{timeout:600,max_col_multiplier:1,age_limit:2,random_seed:4,replication:5,num_threads:128,set_partition:false}",1
b20200.json.gz,b,20,200,Dantzig,highs,DantzigFarkas,1,4,2331.1379844826533,inf,,11344.5,,29,60,0.003399,0.001387,0.014223,477,140335.39276257722,7.95,0,0,"{timeout:600,max_col_multiplier:1,age_limit:10,random_seed:0,replication:1,num_threads:128,set_partition:false}",-1
b20200.json.gz,b,20,200,Dantzig,highs,DantzigFarkas,1,4,2331.1379844826533,inf,nan,11344.5,0,29,60,0.003399,0.001387,0.014233,477,140335.39276257722,1.9875,0,0,"{timeout:600,max_col_multiplier:1,age_limit:10,random_seed:0,replication:1,num_threads:128,set_partition:false}",1
b20200.json.gz,b,20,200,Dantzig,highs,DantzigFarkas,2,4,2331.1379844826533,inf,,11436.5,,31,60,0.003544,0.001228,0.014042,478,134875.84650112866,7.966666666666667,0,0,"{timeout:600,max_col_multiplier:1,age_limit:10,random_seed:1,replication:2,num_threads:128,set_partition:false}",-1
b20200.json.gz,b,20,200,Dantzig,highs,DantzigFarkas,2,4,2331.1379844826533,inf,nan,11436.5,0,31,60,0.003544,0.001228,0.014048,478,134875.84650112866,1.9916666666666667,0,0,"{timeout:600,max_col_multiplier:1,age_limit:10,random_seed:1,replication:2,num_threads:128,set_partition:false}",1
b20200.json.gz,b,20,200,Dantzig,highs,DantzigFarkas,3,5,2331.1379844826533,inf,,11063.56666666667,,43,80,0.004467,0.00197,0.015579,512,114618.31206626372,6.4,0,0,"{timeout:600,max_col_multiplier:1,age_limit:10,random_seed:2,replication:3,num_threads:128,set_partition:false}",-1
b20200.json.gz,b,20,200,Dantzig,highs,DantzigFarkas,3,5,2331.1379844826533,inf,nan,11063.56666666667,0,43,80,0.004467,0.00197,0.015586,512,114618.31206626372,1.28,0,0,"{timeout:600,max_col_multiplier:1,age_limit:10,random_seed:2,replication:3,num_threads:128,set_partition:false}",1
b20200.json.gz,b,20,200,Dantzig,highs,DantzigFarkas,4,4,2331.1379844826533,inf,,11535.000000000002,,29,60,0.003753,0.001509,0.014123,489,130295.76338928858,8.15,0,0,"{timeout:600,max_col_multiplier:1,age_limit:10,random_seed:3,replication:4,num_threads:128,set_partition:false}",-1
b20200.json.gz,b,20,200,Dantzig,highs,DantzigFarkas,4,4,2331.1379844826533,inf,nan,11535.000000000002,0,29,60,0.003753,0.001509,0.014134,489,130295.76338928858,2.0375,0,0,"{timeout:600,max_col_multiplier:1,age_limit:10,random_seed:3,replication:4,num_threads:128,set_partition:false}",1
b20200.json.gz,b,20,200,Dantzig,highs,DantzigFarkas,5,4,2331.1379844826533,inf,,11937,,28,60,0.003921,0.001443,0.013641,524,133639.37770976793,8.733333333333333,0,0,"{timeout:600,max_col_multiplier:1,age_limit:10,random_seed:4,replication:5,num_threads:128,set_partition:false}",-1
b20200.json.gz,b,20,200,Dantzig,highs,DantzigFarkas,5,4,2331.1379844826533,inf,nan,11937,0,28,60,0.003921,0.001443,0.013647,524,133639.37770976793,2.183333333333333,0,0,"{timeout:600,max_col_multiplier:1,age_limit:10,random_seed:4,replication:5,num_threads:128,set_partition:false}",1
b20200.json.gz,b,20,200,LagrangeTemplate,highs,LTFarkas,1,3,2331.1379844826533,2392,,2392,,20,42,0.000767,0.000952,0.010981,295,384615.3846153846,7.023809523809524,1,0,"{timeout:600,max_col_multiplier:1,age_limit:2,random_seed:0,replication:1,num_threads:128,set_partition:false}",-1
b20200.json.gz,b,20,200,LagrangeTemplate,highs,LTFarkas,1,3,2331.1379844826533,2392,2.508361204013378,2392,0,20,42,0.000767,0.000952,0.010988,295,384615.3846153846,2.3412698412698414,1,0,"{timeout:600,max_col_multiplier:1,age_limit:2,random_seed:0,replication:1,num_threads:128,set_partition:false}",1
b20200.json.gz,b,20,200,LagrangeTemplate,highs,LTFarkas,2,3,2331.1379844826533,2461,,2461,,20,41,0.0009,0.001092,0.010263,284,315555.55555555556,6.926829268292683,1,0,"{timeout:600,max_col_multiplier:1,age_limit:2,random_seed:1,replication:2,num_threads:128,set_partition:false}",-1
b20200.json.gz,b,20,200,LagrangeTemplate,highs,LTFarkas,2,3,2331.1379844826533,2461,5.241771637545713,2461,0,20,41,0.0009,0.001092,0.010268,284,315555.55555555556,2.3089430894308944,1,0,"{timeout:600,max_col_multiplier:1,age_limit:2,random_seed:1,replication:2,num_threads:128,set_partition:false}",1
b20200.json.gz,b,20,200,LagrangeTemplate,highs,LTFarkas,3,3,2331.1379844826533,2411,,2411,,20,41,0.000706,0.000882,0.009682,290,410764.87252124643,7.073170731707317,1,0,"{timeout:600,max_col_multiplier:1,age_limit:2,random_seed:2,replication:3,num_threads:128,set_partition:false}",-1
b20200.json.gz,b,20,200,LagrangeTemplate,highs,LTFarkas,3,3,2331.1379844826533,2411,3.2766486934881796,2411,0,20,41,0.000706,0.000882,0.00969,290,410764.87252124643,2.3577235772357725,1,0,"{timeout:600,max_col_multiplier:1,age_limit:2,random_seed:2,replication:3,num_threads:128,set_partition:false}",1
b20200.json.gz,b,20,200,LagrangeTemplate,highs,LTFarkas,4,3,2331.1379844826533,2376,,2376,,20,41,0.000703,0.001214,0.010429,284,403982.9302987198,6.926829268292683,1,0,"{timeout:600,max_col_multiplier:1,age_limit:2,random_seed:3,replication:4,num_threads:128,set_partition:false}",-1
b20200.json.gz,b,20,200,LagrangeTemplate,highs,LTFarkas,4,3,2331.1379844826533,2376,1.8518518518518516,2376,0,20,41,0.000703,0.001214,0.010434,284,403982.9302987198,2.3089430894308944,1,0,"{timeout:600,max_col_multiplier:1,age_limit:2,random_seed:3,replication:4,num_threads:128,set_partition:false}",1
b20200.json.gz,b,20,200,LagrangeTemplate,highs,LTFarkas,5,3,2331.1379844826533,2419,,2419,,20,41,0.000882,0.001105,0.010406,288,326530.612244898,7.024390243902439,1,0,"{timeout:600,max_col_multiplier:1,age_limit:2,random_seed:4,replication:5,num_threads:128,set_partition:false}",-1
b20200.json.gz,b,20,200,LagrangeTemplate,highs,LTFarkas,5,3,2331.1379844826533,2419,3.596527490698636,2419,0,20,41,0.000882,0.001105,0.010413,288,326530.612244898,2.341463414634146,1,0,"{timeout:600,max_col_multiplier:1,age_limit:2,random_seed:4,replication:5,num_threads:128,set_partition:false}",1
b20200.json.gz,b,20,200,MipTemplate,highs,MTFarkas,1,4,2331.1379844826533,2405,,2405,,20,60,0.001805,0.069796,0.094124,310,171745.15235457063,5.166666666666667,1,0,"{timeout:600,max_col_multiplier:1,age_limit:2,random_seed:0,replication:1,num_threads:128,set_partition:false}",-1
b20200.json.gz,b,20,200,MipTemplate,highs,MTFarkas,1,4,2331.1379844826533,2405,3.0353430353430353,2405,0,20,60,0.001805,0.069796,0.094144,310,171745.15235457063,1.2916666666666667,1,0,"{timeout:600,max_col_multiplier:1,age_limit:2,random_seed:0,replication:1,num_threads:128,set_partition:false}",1
b20200.json.gz,b,20,200,MipTemplate,highs,MTFarkas,2,4,2331.1379844826533,2421,,2421,,20,60,0.001736,0.057171,0.082052,294,169354.83870967742,4.9,1,0,"{timeout:600,max_col_multiplier:1,age_limit:2,random_seed:1,replication:2,num_threads:128,set_partition:false}",-1
b20200.json.gz,b,20,200,MipTemplate,highs,MTFarkas,2,4,2331.1379844826533,2421,3.676166873192895,2421,0,20,60,0.001736,0.057171,0.082073,294,169354.83870967742,1.225,1,0,"{timeout:600,max_col_multiplier:1,age_limit:2,random_seed:1,replication:2,num_threads:128,set_partition:false}",1
b20200.json.gz,b,20,200,MipTemplate,highs,MTFarkas,3,4,2331.1379844826533,2416,,2416,,20,60,0.001774,0.070799,0.095207,295,166290.86809470123,4.916666666666667,1,0,"{timeout:600,max_col_multiplier:1,age_limit:2,random_seed:2,replication:3,num_threads:128,set_partition:false}",-1
b20200.json.gz,b,20,200,MipTemplate,highs,MTFarkas,3,4,2331.1379844826533,2416,3.47682119205298,2416,0,20,60,0.001774,0.070799,0.095221,295,166290.86809470123,1.2291666666666667,1,0,"{timeout:600,max_col_multiplier:1,age_limit:2,random_seed:2,replication:3,num_threads:128,set_partition:false}",1
b20200.json.gz,b,20,200,MipTemplate,highs,MTFarkas,4,3,2331.1379844826533,2405,,2405,,20,40,0.001334,0.034027,0.058026,291,218140.9295352324,7.275,1,0,"{timeout:600,max_col_multiplier:1,age_limit:2,random_seed:3,replication:4,num_threads:128,set_partition:false}",-1
b20200.json.gz,b,20,200,MipTemplate,highs,MTFarkas,4,3,2331.1379844826533,2405,3.0353430353430353,2405,0,20,40,0.001334,0.034027,0.058044,291,218140.9295352324,2.4250000000000003,1,0,"{timeout:600,max_col_multiplier:1,age_limit:2,random_seed:3,replication:4,num_threads:128,set_partition:false}",1
b20200.json.gz,b,20,200,MipTemplate,highs,MTFarkas,5,4,2331.1379844826533,2436,,2436,,20,60,0.001979,0.094546,0.118326,298,150581.1015664477,4.966666666666667,1,0,"{timeout:600,max_col_multiplier:1,age_limit:2,random_seed:4,replication:5,num_threads:128,set_partition:false}",-1
b20200.json.gz,b,20,200,MipTemplate,highs,MTFarkas,5,4,2331.1379844826533,2436,4.269293924466338,2436,0,20,60,0.001979,0.094546,0.118343,298,150581.1015664477,1.2416666666666667,1,0,"{timeout:600,max_col_multiplier:1,age_limit:2,random_seed:4,replication:5,num_threads:128,set_partition:false}",1
c05100.json.gz,c,5,100,Dantzig,highs,DantzigFarkas,1,7,1923.9750262881178,inf,,3851.0333333333306,,23,30,0.003335,0.002354,0.00789,327,98050.97451274363,10.9,0,0,"{timeout:600,max_col_multiplier:1,age_limit:34,random_seed:0,replication:1,num_threads:128,set_partition:false}",-1
c05100.json.gz,c,5,100,Dantzig,highs,DantzigFarkas,1,7,1923.9750262881178,inf,nan,3851.0333333333306,0,23,30,0.003335,0.002354,0.007897,327,98050.97451274363,1.5571428571428572,0,0,"{timeout:600,max_col_multiplier:1,age_limit:34,random_seed:0,replication:1,num_threads:128,set_partition:false}",1
c05100.json.gz,c,5,100,Dantzig,highs,DantzigFarkas,2,6,1923.9750262881178,inf,,3972.9166666666674,,21,25,0.003316,0.002362,0.007725,353,106453.55850422196,14.12,0,0,"{timeout:600,max_col_multiplier:1,age_limit:34,random_seed:1,replication:2,num_threads:128,set_partition:false}",-1
c05100.json.gz,c,5,100,Dantzig,highs,DantzigFarkas,2,6,1923.9750262881178,inf,nan,3972.9166666666674,0,21,25,0.003316,0.002362,0.007734,353,106453.55850422196,2.353333333333333,0,0,"{timeout:600,max_col_multiplier:1,age_limit:34,random_seed:1,replication:2,num_threads:128,set_partition:false}",1
c05100.json.gz,c,5,100,Dantzig,highs,DantzigFarkas,3,8,1923.9750262881178,inf,,3845.3636363636356,,24,35,0.003667,0.002609,0.008536,392,106899.37278429234,11.2,0,0,"{timeout:600,max_col_multiplier:1,age_limit:34,random_seed:2,replication:3,num_threads:128,set_partition:false}",-1
c05100.json.gz,c,5,100,Dantzig,highs,DantzigFarkas,3,8,1923.9750262881178,inf,nan,3845.3636363636356,0,24,35,0.003667,0.002609,0.008546,392,106899.37278429234,1.4,0,0,"{timeout:600,max_col_multiplier:1,age_limit:34,random_seed:2,replication:3,num_threads:128,set_partition:false}",1
c05100.json.gz,c,5,100,Dantzig,highs,DantzigFarkas,4,7,1923.9750262881178,inf,,3838.5714285714275,,23,30,0.003432,0.00245,0.008092,355,103438.22843822843,11.833333333333334,0,0,"{timeout:600,max_col_multiplier:1,age_limit:34,random_seed:3,replication:4,num_threads:128,set_partition:false}",-1
c05100.json.gz,c,5,100,Dantzig,highs,DantzigFarkas,4,7,1923.9750262881178,inf,nan,3838.5714285714275,0,23,30,0.003432,0.00245,0.0081,355,103438.22843822843,1.6904761904761905,0,0,"{timeout:600,max_col_multiplier:1,age_limit:34,random_seed:3,replication:4,num_threads:128,set_partition:false}",1
c05100.json.gz,c,5,100,Dantzig,highs,DantzigFarkas,5,7,1923.9750262881178,inf,,3855.405405405406,,22,30,0.003247,0.002288,0.007458,376,115799.19926085618,12.533333333333333,0,0,"{timeout:600,max_col_multiplier:1,age_limit:34,random_seed:4,replication:5,num_threads:128,set_partition:false}",-1
c05100.json.gz,c,5,100,Dantzig,highs,DantzigFarkas,5,7,1923.9750262881178,inf,nan,3855.405405405406,0,22,30,0.003247,0.002288,0.007482,376,115799.19926085618,1.7904761904761906,0,0,"{timeout:600,max_col_multiplier:1,age_limit:34,random_seed:4,replication:5,num_threads:128,set_partition:false}",1
c05100.json.gz,c,5,100,LagrangeTemplate,highs,LTFarkas,1,3,1923.9750262881178,1983,,1983,,5,10,0.000453,0.001061,0.003368,144,317880.7947019868,14.4,1,0,"{timeout:600,max_col_multiplier:1,age_limit:2,random_seed:0,replication:1,num_threads:128,set_partition:false}",-1
c05100.json.gz,c,5,100,LagrangeTemplate,highs,LTFarkas,1,3,1923.9750262881178,1983,2.9752899646999493,1983,0,5,10,0.000453,0.001061,0.003375,144,317880.7947019868,4.8,1,0,"{timeout:600,max_col_multiplier:1,age_limit:2,random_seed:0,replication:1,num_threads:128,set_partition:false}",1
c05100.json.gz,c,5,100,LagrangeTemplate,highs,LTFarkas,2,4,1923.9750262881178,2007,,2007,,5,15,0.000603,0.001297,0.003695,151,250414.59369817577,10.066666666666666,1,0,"{timeout:600,max_col_multiplier:1,age_limit:2,random_seed:1,replication:2,num_threads:128,set_partition:false}",-1
c05100.json.gz,c,5,100,LagrangeTemplate,highs,LTFarkas,2,4,1923.9750262881178,2007,4.135525660189337,2007,0,5,15,0.000603,0.001297,0.003702,151,250414.59369817577,2.5166666666666666,1,0,"{timeout:600,max_col_multiplier:1,age_limit:2,random_seed:1,replication:2,num_threads:128,set_partition:false}",1
c05100.json.gz,c,5,100,LagrangeTemplate,highs,LTFarkas,3,3,1923.9750262881178,1983,,1983,,5,11,0.000446,0.000823,0.00315,153,343049.3273542601,13.909090909090908,1,0,"{timeout:600,max_col_multiplier:1,age_limit:2,random_seed:2,replication:3,num_threads:128,set_partition:false}",-1
c05100.json.gz,c,5,100,LagrangeTemplate,highs,LTFarkas,3,3,1923.9750262881178,1983,2.9752899646999493,1983,0,5,11,0.000446,0.000823,0.00318,153,343049.3273542601,4.636363636363636,1,0,"{timeout:600,max_col_multiplier:1,age_limit:2,random_seed:2,replication:3,num_threads:128,set_partition:false}",1
c05100.json.gz,c,5,100,LagrangeTemplate,highs,LTFarkas,4,3,1923.9750262881178,1983,,1983,,5,10,0.000487,0.001502,0.003833,145,297741.273100616,14.5,1,0,"{timeout:600,max_col_multiplier:1,age_limit:2,random_seed:3,replication:4,num_threads:128,set_partition:false}",-1
c05100.json.gz,c,5,100,LagrangeTemplate,highs,LTFarkas,4,3,1923.9750262881178,1983,2.9752899646999493,1983,0,5,10,0.000487,0.001502,0.003847,145,297741.273100616,4.833333333333333,1,0,"{timeout:600,max_col_multiplier:1,age_limit:2,random_seed:3,replication:4,num_threads:128,set_partition:false}",1
c05100.json.gz,c,5,100,LagrangeTemplate,highs,LTFarkas,5,4,1923.9750262881178,1987,,1987,,5,15,0.000753,0.001917,0.004631,153,203187.25099601594,10.2,1,0,"{timeout:600,max_col_multiplier:1,age_limit:2,random_seed:4,replication:5,num_threads:128,set_partition:false}",-1
c05100.json.gz,c,5,100,LagrangeTemplate,highs,LTFarkas,5,4,1923.9750262881178,1987,3.170608958228485,1987,0,5,15,0.000753,0.001917,0.004638,153,203187.25099601594,2.55,1,0,"{timeout:600,max_col_multiplier:1,age_limit:2,random_seed:4,replication:5,num_threads:128,set_partition:false}",1
c05100.json.gz,c,5,100,MipTemplate,highs,MTFarkas,1,3,1923.9750262881178,1983,,1983,,5,10,0.000703,0.015484,0.021422,144,204836.41536273118,14.4,1,0,"{timeout:600,max_col_multiplier:1,age_limit:2,random_seed:0,replication:1,num_threads:128,set_partition:false}",-1
c05100.json.gz,c,5,100,MipTemplate,highs,MTFarkas,1,3,1923.9750262881178,1983,2.9752899646999493,1983,0,5,10,0.000703,0.015484,0.021433,144,204836.41536273118,4.8,1,0,"{timeout:600,max_col_multiplier:1,age_limit:2,random_seed:0,replication:1,num_threads:128,set_partition:false}",1
c05100.json.gz,c,5,100,MipTemplate,highs,MTFarkas,2,4,1923.9750262881178,1983,,1983,,5,15,0.001009,0.052731,0.058945,153,151635.2824578791,10.2,1,0,"{timeout:600,max_col_multiplier:1,age_limit:2,random_seed:1,replication:2,num_threads:128,set_partition:false}",-1
c05100.json.gz,c,5,100,MipTemplate,highs,MTFarkas,2,4,1923.9750262881178,1983,2.9752899646999493,1983,0,5,15,0.001009,0.052731,0.058955,153,151635.2824578791,2.55,1,0,"{timeout:600,max_col_multiplier:1,age_limit:2,random_seed:1,replication:2,num_threads:128,set_partition:false}",1
c05100.json.gz,c,5,100,MipTemplate,highs,MTFarkas,3,4,1923.9750262881178,1983,,1983,,5,15,0.000809,0.040844,0.046758,156,192830.65512978984,10.4,1,0,"{timeout:600,max_col_multiplier:1,age_limit:2,random_seed:2,replication:3,num_threads:128,set_partition:false}",-1
c05100.json.gz,c,5,100,MipTemplate,highs,MTFarkas,3,4,1923.9750262881178,1983,2.9752899646999493,1983,0,5,15,0.000809,0.040844,0.046765,156,192830.65512978984,2.6,1,0,"{timeout:600,max_col_multiplier:1,age_limit:2,random_seed:2,replication:3,num_threads:128,set_partition:false}",1
c05100.json.gz,c,5,100,MipTemplate,highs,MTFarkas,4,3,1923.9750262881178,1983,,1983,,5,10,0.00054,0.015514,0.020643,144,266666.6666666667,14.4,1,0,"{timeout:600,max_col_multiplier:1,age_limit:2,random_seed:3,replication:4,num_threads:128,set_partition:false}",-1
c05100.json.gz,c,5,100,MipTemplate,highs,MTFarkas,4,3,1923.9750262881178,1983,2.9752899646999493,1983,0,5,10,0.00054,0.015514,0.020648,144,266666.6666666667,4.8,1,0,"{timeout:600,max_col_multiplier:1,age_limit:2,random_seed:3,replication:4,num_threads:128,set_partition:false}",1
c05100.json.gz,c,5,100,MipTemplate,highs,MTFarkas,5,4,1923.9750262881178,1983,,1983,,5,15,0.001176,0.041099,0.046248,153,130102.04081632654,10.2,1,0,"{timeout:600,max_col_multiplier:1,age_limit:2,random_seed:4,replication:5,num_threads:128,set_partition:false}",-1
c05100.json.gz,c,5,100,MipTemplate,highs,MTFarkas,5,4,1923.9750262881178,1983,2.9752899646999493,1983,0,5,15,0.001176,0.041099,0.046263,153,130102.04081632654,2.55,1,0,"{timeout:600,max_col_multiplier:1,age_limit:2,random_seed:4,replication:5,num_threads:128,set_partition:false}",1
c05200.json.gz,c,5,200,Dantzig,highs,DantzigFarkas,1,7,3450.765286081075,inf,,6946.416666666666,,22,30,0.006972,0.002411,0.012871,713,102266.20768789444,23.766666666666666,0,0,"{timeout:600,max_col_multiplier:1,age_limit:132,random_seed:0,replication:1,num_threads:128,set_partition:false}",-1
c05200.json.gz,c,5,200,Dantzig,highs,DantzigFarkas,1,7,3450.765286081075,inf,nan,6946.416666666666,0,22,30,0.006972,0.002411,0.012877,713,102266.20768789444,3.395238095238095,0,0,"{timeout:600,max_col_multiplier:1,age_limit:132,random_seed:0,replication:1,num_threads:128,set_partition:false}",1
c05200.json.gz,c,5,200,Dantzig,highs,DantzigFarkas,2,8,3450.765286081075,inf,,6830.600000000047,,20,35,0.008595,0.002846,0.015474,788,91681.21000581734,22.514285714285716,0,0,"{timeout:600,max_col_multiplier:1,age_limit:132,random_seed:1,replication:2,num_threads:128,set_partition:false}",-1
c05200.json.gz,c,5,200,Dantzig,highs,DantzigFarkas,2,8,3450.765286081075,inf,nan,6830.600000000047,0,20,35,0.008595,0.002846,0.015479,788,91681.21000581734,2.8142857142857145,0,0,"{timeout:600,max_col_multiplier:1,age_limit:132,random_seed:1,replication:2,num_threads:128,set_partition:false}",1
c05200.json.gz,c,5,200,Dantzig,highs,DantzigFarkas,3,9,3450.765286081075,inf,,6973.29530201356,,27,40,0.008916,0.00341,0.016089,787,88268.28174069089,19.675,0,0,"{timeout:600,max_col_multiplier:1,age_limit:132,random_seed:2,replication:3,num_threads:128,set_partition:false}",-1
c05200.json.gz,c,5,200,Dantzig,highs,DantzigFarkas,3,9,3450.765286081075,inf,nan,6973.29530201356,0,27,40,0.008916,0.00341,0.016097,787,88268.28174069089,2.1861111111111113,0,0,"{timeout:600,max_col_multiplier:1,age_limit:132,random_seed:2,replication:3,num_threads:128,set_partition:false}",1
c05200.json.gz,c,5,200,Dantzig,highs,DantzigFarkas,4,9,3450.765286081075,inf,,6812.531034482759,,30,40,0.009261,0.003038,0.016536,772,83360.32825828744,19.3,0,0,"{timeout:600,max_col_multiplier:1,age_limit:132,random_seed:3,replication:4,num_threads:128,set_partition:false}",-1
c05200.json.gz,c,5,200,Dantzig,highs,DantzigFarkas,4,9,3450.765286081075,inf,nan,6812.531034482759,0,30,40,0.009261,0.003038,0.016542,772,83360.32825828744,2.1444444444444444,0,0,"{timeout:600,max_col_multiplier:1,age_limit:132,random_seed:3,replication:4,num_threads:128,set_partition:false}",1
c05200.json.gz,c,5,200,Dantzig,highs,DantzigFarkas,5,8,3450.765286081075,inf,,6942.733333333333,,26,35,0.008274,0.002783,0.014584,766,92579.16364515349,21.885714285714286,0,0,"{timeout:600,max_col_multiplier:1,age_limit:132,random_seed:4,replication:5,num_threads:128,set_partition:false}",-1
c05200.json.gz,c,5,200,Dantzig,highs,DantzigFarkas,5,8,3450.765286081075,inf,nan,6942.733333333333,0,26,35,0.008274,0.002783,0.014593,766,92579.16364515349,2.7357142857142858,0,0,"{timeout:600,max_col_multiplier:1,age_limit:132,random_seed:4,replication:5,num_threads:128,set_partition:false}",1
c05200.json.gz,c,5,200,LagrangeTemplate,highs,LTFarkas,1,8,3450.765286081075,3570,,3570,,5,35,0.002675,0.005749,0.011671,282,105420.56074766356,8.057142857142857,1,0,"{timeout:600,max_col_multiplier:1,age_limit:4,random_seed:0,replication:1,num_threads:128,set_partition:false}",-1
c05200.json.gz,c,5,200,LagrangeTemplate,highs,LTFarkas,1,8,3450.765286081075,3570,3.3333333333333335,3570,0,5,35,0.002675,0.005749,0.011679,282,105420.56074766356,1.0071428571428571,1,0,"{timeout:600,max_col_multiplier:1,age_limit:4,random_seed:0,replication:1,num_threads:128,set_partition:false}",1
c05200.json.gz,c,5,200,LagrangeTemplate,highs,LTFarkas,2,9,3450.765286081075,inf,,3544.4999999999964,,9,40,0.002828,0.005371,0.011657,292,103253.18246110326,7.3,0,0,"{timeout:600,max_col_multiplier:1,age_limit:4,random_seed:1,replication:2,num_threads:128,set_partition:false}",-1
c05200.json.gz,c,5,200,LagrangeTemplate,highs,LTFarkas,2,9,3450.765286081075,inf,nan,3544.4999999999964,0,9,40,0.002828,0.005371,0.011666,292,103253.18246110326,0.8111111111111111,0,0,"{timeout:600,max_col_multiplier:1,age_limit:4,random_seed:1,replication:2,num_threads:128,set_partition:false}",1
c05200.json.gz,c,5,200,LagrangeTemplate,highs,LTFarkas,3,9,3450.765286081075,inf,,3567.75,,17,40,0.002676,0.005198,0.011301,294,109865.47085201794,7.35,0,0,"{timeout:600,max_col_multiplier:1,age_limit:4,random_seed:2,replication:3,num_threads:128,set_partition:false}",-1
c05200.json.gz,c,5,200,LagrangeTemplate,highs,LTFarkas,3,9,3450.765286081075,inf,nan,3567.75,0,17,40,0.002676,0.005198,0.011332,294,109865.47085201794,0.8166666666666667,0,0,"{timeout:600,max_col_multiplier:1,age_limit:4,random_seed:2,replication:3,num_threads:128,set_partition:false}",1
c05200.json.gz,c,5,200,LagrangeTemplate,highs,LTFarkas,4,8,3450.765286081075,inf,,3521.5,,8,35,0.002344,0.005646,0.011305,279,119027.3037542662,7.9714285714285715,0,0,"{timeout:600,max_col_multiplier:1,age_limit:4,random_seed:3,replication:4,num_threads:128,set_partition:false}",-1
c05200.json.gz,c,5,200,LagrangeTemplate,highs,LTFarkas,4,8,3450.765286081075,inf,nan,3521.5,0,8,35,0.002344,0.005646,0.011312,279,119027.3037542662,0.9964285714285714,0,0,"{timeout:600,max_col_multiplier:1,age_limit:4,random_seed:3,replication:4,num_threads:128,set_partition:false}",1
c05200.json.gz,c,5,200,LagrangeTemplate,highs,LTFarkas,5,6,3450.765286081075,inf,,3597,,8,25,0.001689,0.002941,0.007887,269,159265.83777383066,10.76,0,0,"{timeout:600,max_col_multiplier:1,age_limit:4,random_seed:4,replication:5,num_threads:128,set_partition:false}",-1
c05200.json.gz,c,5,200,LagrangeTemplate,highs,LTFarkas,5,6,3450.765286081075,inf,nan,3597,0,8,25,0.001689,0.002941,0.007893,269,159265.83777383066,1.7933333333333332,0,0,"{timeout:600,max_col_multiplier:1,age_limit:4,random_seed:4,replication:5,num_threads:128,set_partition:false}",1
c05200.json.gz,c,5,200,MipTemplate,highs,MTFarkas,1,12,3450.765286081075,3519,,3519,,5,55,0.007016,0.248311,0.261859,301,42901.938426453824,5.472727272727273,1,0,"{timeout:600,max_col_multiplier:1,age_limit:4,random_seed:0,replication:1,num_threads:128,set_partition:false}",-1
c05200.json.gz,c,5,200,MipTemplate,highs,MTFarkas,1,12,3450.765286081075,3519,1.932367149758454,3519,0,5,55,0.007016,0.248311,0.261872,301,42901.938426453824,0.45606060606060606,1,0,"{timeout:600,max_col_multiplier:1,age_limit:4,random_seed:0,replication:1,num_threads:128,set_partition:false}",1
c05200.json.gz,c,5,200,MipTemplate,highs,MTFarkas,2,10,3450.765286081075,3546,,3546,,5,45,0.005665,0.239348,0.253523,294,51897.61694616063,6.533333333333333,1,0,"{timeout:600,max_col_multiplier:1,age_limit:4,random_seed:1,replication:2,num_threads:128,set_partition:false}",-1
c05200.json.gz,c,5,200,MipTemplate,highs,MTFarkas,2,10,3450.765286081075,3546,2.6790750141003947,3546,0,5,45,0.005665,0.239348,0.253537,294,51897.61694616063,0.6533333333333333,1,0,"{timeout:600,max_col_multiplier:1,age_limit:4,random_seed:1,replication:2,num_threads:128,set_partition:false}",1
c05200.json.gz,c,5,200,MipTemplate,highs,MTFarkas,3,8,3450.765286081075,3505,,3505,,5,35,0.004349,0.176728,0.189397,283,65072.430443780184,8.085714285714285,1,0,"{timeout:600,max_col_multiplier:1,age_limit:4,random_seed:2,replication:3,num_threads:128,set_partition:false}",-1
c05200.json.gz,c,5,200,MipTemplate,highs,MTFarkas,3,8,3450.765286081075,3505,1.5406562054208273,3505,0,5,35,0.004349,0.176728,0.189408,283,65072.430443780184,1.0107142857142857,1,0,"{timeout:600,max_col_multiplier:1,age_limit:4,random_seed:2,replication:3,num_threads:128,set_partition:false}",1
c05200.json.gz,c,5,200,MipTemplate,highs,MTFarkas,4,7,3450.765286081075,3534,,3534,,5,30,0.003712,0.123028,0.135525,268,72198.27586206897,8.933333333333334,1,0,"{timeout:600,max_col_multiplier:1,age_limit:4,random_seed:3,replication:4,num_threads:128,set_partition:false}",-1
c05200.json.gz,c,5,200,MipTemplate,highs,MTFarkas,4,7,3450.765286081075,3534,2.3486134691567626,3534,0,5,30,0.003712,0.123028,0.13554,268,72198.27586206897,1.2761904761904763,1,0,"{timeout:600,max_col_multiplier:1,age_limit:4,random_seed:3,replication:4,num_threads:128,set_partition:false}",1
c05200.json.gz,c,5,200,MipTemplate,highs,MTFarkas,5,12,3450.765286081075,3568,,3568,,5,55,0.006964,0.260756,0.276483,301,43222.28604250431,5.472727272727273,1,0,"{timeout:600,max_col_multiplier:1,age_limit:4,random_seed:4,replication:5,num_threads:128,set_partition:false}",-1
c05200.json.gz,c,5,200,MipTemplate,highs,MTFarkas,5,12,3450.765286081075,3568,3.27914798206278,3568,0,5,55,0.006964,0.260756,0.276497,301,43222.28604250431,0.45606060606060606,1,0,"{timeout:600,max_col_multiplier:1,age_limit:4,random_seed:4,replication:5,num_threads:128,set_partition:false}",1
c10100.json.gz,c,10,100,Dantzig,highs,DantzigFarkas,1,5,1387.0097106207752,inf,,4347.833333333358,,27,40,0.002406,0.001833,0.007256,289,120116.37572734829,7.225,0,0,"{timeout:600,max_col_multiplier:1,age_limit:10,random_seed:0,replication:1,num_threads:128,set_partition:false}",-1
c10100.json.gz,c,10,100,Dantzig,highs,DantzigFarkas,1,5,1387.0097106207752,inf,nan,4347.833333333358,0,27,40,0.002406,0.001833,0.007265,289,120116.37572734829,1.4449999999999998,0,0,"{timeout:600,max_col_multiplier:1,age_limit:10,random_seed:0,replication:1,num_threads:128,set_partition:false}",1
c10100.json.gz,c,10,100,Dantzig,highs,DantzigFarkas,2,5,1387.0097106207752,inf,,4175.499999999902,,19,40,0.00171,0.001369,0.006324,269,157309.94152046784,6.725,0,0,"{timeout:600,max_col_multiplier:1,age_limit:10,random_seed:1,replication:2,num_threads:128,set_partition:false}",-1
c10100.json.gz,c,10,100,Dantzig,highs,DantzigFarkas,2,5,1387.0097106207752,inf,nan,4175.499999999902,0,19,40,0.00171,0.001369,0.00633,269,157309.94152046784,1.345,0,0,"{timeout:600,max_col_multiplier:1,age_limit:10,random_seed:1,replication:2,num_threads:128,set_partition:false}",1
c10100.json.gz,c,10,100,Dantzig,highs,DantzigFarkas,3,5,1387.0097106207752,inf,,4333.000000000027,,18,40,0.00206,0.001492,0.006599,283,137378.640776699,7.075,0,0,"{timeout:600,max_col_multiplier:1,age_limit:10,random_seed:2,replication:3,num_threads:128,set_partition:false}",-1
c10100.json.gz,c,10,100,Dantzig,highs,DantzigFarkas,3,5,1387.0097106207752,inf,nan,4333.000000000027,0,18,40,0.00206,0.001492,0.006604,283,137378.640776699,1.415,0,0,"{timeout:600,max_col_multiplier:1,age_limit:10,random_seed:2,replication:3,num_threads:128,set_partition:false}",1
c10100.json.gz,c,10,100,Dantzig,highs,DantzigFarkas,4,5,1387.0097106207752,inf,,4327.099999999997,,29,40,0.001944,0.001435,0.00666,270,138888.88888888888,6.75,0,0,"{timeout:600,max_col_multiplier:1,age_limit:10,random_seed:3,replication:4,num_threads:128,set_partition:false}",-1
c10100.json.gz,c,10,100,Dantzig,highs,DantzigFarkas,4,5,1387.0097106207752,inf,nan,4327.099999999997,0,29,40,0.001944,0.001435,0.006667,270,138888.88888888888,1.35,0,0,"{timeout:600,max_col_multiplier:1,age_limit:10,random_seed:3,replication:4,num_threads:128,set_partition:false}",1
c10100.json.gz,c,10,100,Dantzig,highs,DantzigFarkas,5,6,1387.0097106207752,inf,,3978.9999999999973,,30,50,0.002378,0.001855,0.007697,305,128259.04121110176,6.1,0,0,"{timeout:600,max_col_multiplier:1,age_limit:10,random_seed:4,replication:5,num_threads:128,set_partition:false}",-1
c10100.json.gz,c,10,100,Dantzig,highs,DantzigFarkas,5,6,1387.0097106207752,inf,nan,3978.9999999999973,0,30,50,0.002378,0.001855,0.007703,305,128259.04121110176,1.0166666666666666,0,0,"{timeout:600,max_col_multiplier:1,age_limit:10,random_seed:4,replication:5,num_threads:128,set_partition:false}",1
c10100.json.gz,c,10,100,LagrangeTemplate,highs,LTFarkas,1,5,1387.0097106207752,1456,,1456,,10,41,0.001005,0.0019,0.005762,183,182089.55223880598,4.463414634146342,1,0,"{timeout:600,max_col_multiplier:1,age_limit:2,random_seed:0,replication:1,num_threads:128,set_partition:false}",-1
c10100.json.gz,c,10,100,LagrangeTemplate,highs,LTFarkas,1,5,1387.0097106207752,1456,4.670329670329671,1456,0,10,41,0.001005,0.0019,0.005768,183,182089.55223880598,0.8926829268292684,1,0,"{timeout:600,max_col_multiplier:1,age_limit:2,random_seed:0,replication:1,num_threads:128,set_partition:false}",1
c10100.json.gz,c,10,100,LagrangeTemplate,highs,LTFarkas,2,5,1387.0097106207752,1456,,1456,,10,40,0.00114,0.001748,0.005802,177,155263.15789473685,4.425,1,0,"{timeout:600,max_col_multiplier:1,age_limit:2,random_seed:1,replication:2,num_threads:128,set_partition:false}",-1
c10100.json.gz,c,10,100,LagrangeTemplate,highs,LTFarkas,2,5,1387.0097106207752,1456,4.670329670329671,1456,0,10,40,0.00114,0.001748,0.005808,177,155263.15789473685,0.885,1,0,"{timeout:600,max_col_multiplier:1,age_limit:2,random_seed:1,replication:2,num_threads:128,set_partition:false}",1
c10100.json.gz,c,10,100,LagrangeTemplate,highs,LTFarkas,3,5,1387.0097106207752,1456,,1456,,10,41,0.001025,0.00199,0.005909,185,180487.80487804877,4.512195121951219,1,0,"{timeout:600,max_col_multiplier:1,age_limit:2,random_seed:2,replication:3,num_threads:128,set_partition:false}",-1
c10100.json.gz,c,10,100,LagrangeTemplate,highs,LTFarkas,3,5,1387.0097106207752,1456,4.670329670329671,1456,0,10,41,0.001025,0.00199,0.005914,185,180487.80487804877,0.9024390243902438,1,0,"{timeout:600,max_col_multiplier:1,age_limit:2,random_seed:2,replication:3,num_threads:128,set_partition:false}",1
c10100.json.gz,c,10,100,LagrangeTemplate,highs,LTFarkas,4,5,1387.0097106207752,1456,,1456,,10,40,0.001003,0.00222,0.006027,180,179461.61515453638,4.5,1,0,"{timeout:600,max_col_multiplier:1,age_limit:2,random_seed:3,replication:4,num_threads:128,set_partition:false}",-1
c10100.json.gz,c,10,100,LagrangeTemplate,highs,LTFarkas,4,5,1387.0097106207752,1456,4.670329670329671,1456,0,10,40,0.001003,0.00222,0.006064,180,179461.61515453638,0.9,1,0,"{timeout:600,max_col_multiplier:1,age_limit:2,random_seed:3,replication:4,num_threads:128,set_partition:false}",1
c10100.json.gz,c,10,100,LagrangeTemplate,highs,LTFarkas,5,5,1387.0097106207752,1444,,1444,,10,40,0.000964,0.002249,0.00597,173,179460.58091286308,4.325,1,0,"{timeout:600,max_col_multiplier:1,age_limit:2,random_seed:4,replication:5,num_threads:128,set_partition:false}",-1
c10100.json.gz,c,10,100,LagrangeTemplate,highs,LTFarkas,5,5,1387.0097106207752,1444,3.8781163434903045,1444,0,10,40,0.000964,0.002249,0.005978,173,179460.58091286308,0.865,1,0,"{timeout:600,max_col_multiplier:1,age_limit:2,random_seed:4,replication:5,num_threads:128,set_partition:false}",1
c10100.json.gz,c,10,100,MipTemplate,highs,MTFarkas,1,5,1387.0097106207752,1452,,1452,,10,40,0.001759,0.131481,0.141078,180,102330.86981239342,4.5,1,0,"{timeout:600,max_col_multiplier:1,age_limit:2,random_seed:0,replication:1,num_threads:128,set_partition:false}",-1
c10100.json.gz,c,10,100,MipTemplate,highs,MTFarkas,1,5,1387.0097106207752,1452,4.40771349862259,1452,0,10,40,0.001759,0.131481,0.141092,180,102330.86981239342,0.9,1,0,"{timeout:600,max_col_multiplier:1,age_limit:2,random_seed:0,replication:1,num_threads:128,set_partition:false}",1
c10100.json.gz,c,10,100,MipTemplate,highs,MTFarkas,2,4,1387.0097106207752,1449,,1449,,10,30,0.001176,0.080631,0.089578,161,136904.76190476192,5.366666666666666,1,0,"{timeout:600,max_col_multiplier:1,age_limit:2,random_seed:1,replication:2,num_threads:128,set_partition:false}",-1
c10100.json.gz,c,10,100,MipTemplate,highs,MTFarkas,2,4,1387.0097106207752,1449,4.209799861973775,1449,0,10,30,0.001176,0.080631,0.08959,161,136904.76190476192,1.3416666666666666,1,0,"{timeout:600,max_col_multiplier:1,age_limit:2,random_seed:1,replication:2,num_threads:128,set_partition:false}",1
c10100.json.gz,c,10,100,MipTemplate,highs,MTFarkas,3,4,1387.0097106207752,1452,,1452,,10,30,0.001242,0.0781,0.087576,164,132045.0885668277,5.466666666666667,1,0,"{timeout:600,max_col_multiplier:1,age_limit:2,random_seed:2,replication:3,num_threads:128,set_partition:false}",-1
c10100.json.gz,c,10,100,MipTemplate,highs,MTFarkas,3,4,1387.0097106207752,1452,4.40771349862259,1452,0,10,30,0.001242,0.0781,0.087588,164,132045.0885668277,1.3666666666666667,1,0,"{timeout:600,max_col_multiplier:1,age_limit:2,random_seed:2,replication:3,num_threads:128,set_partition:false}",1
c10100.json.gz,c,10,100,MipTemplate,highs,MTFarkas,4,4,1387.0097106207752,1449,,1449,,10,30,0.001097,0.079859,0.08955,163,148587.0556061987,5.433333333333334,1,0,"{timeout:600,max_col_multiplier:1,age_limit:2,random_seed:3,replication:4,num_threads:128,set_partition:false}",-1
c10100.json.gz,c,10,100,MipTemplate,highs,MTFarkas,4,4,1387.0097106207752,1449,4.209799861973775,1449,0,10,30,0.001097,0.079859,0.089564,163,148587.0556061987,1.3583333333333334,1,0,"{timeout:600,max_col_multiplier:1,age_limit:2,random_seed:3,replication:4,num_threads:128,set_partition:false}",1
c10100.json.gz,c,10,100,MipTemplate,highs,MTFarkas,5,5,1387.0097106207752,1452,,1452,,10,40,0.001445,0.095652,0.104934,174,120415.2249134948,4.35,1,0,"{timeout:600,max_col_multiplier:1,age_limit:2,random_seed:4,replication:5,num_threads:128,set_partition:false}",-1
c10100.json.gz,c,10,100,MipTemplate,highs,MTFarkas,5,5,1387.0097106207752,1452,4.40771349862259,1452,0,10,40,0.001445,0.095652,0.104944,174,120415.2249134948,0.8699999999999999,1,0,"{timeout:600,max_col_multiplier:1,age_limit:2,random_seed:4,replication:5,num_threads:128,set_partition:false}",1
c10200.json.gz,c,10,200,Dantzig,highs,DantzigFarkas,1,5,2795.4079157533733,inf,,8880.1875,,32,40,0.004679,0.001831,0.012979,562,120111.13485787562,14.05,0,0,"{timeout:600,max_col_multiplier:1,age_limit:34,random_seed:0,replication:1,num_threads:128,set_partition:false}",-1
c10200.json.gz,c,10,200,Dantzig,highs,DantzigFarkas,1,5,2795.4079157533733,inf,nan,8880.1875,0,32,40,0.004679,0.001831,0.012986,562,120111.13485787562,2.81,0,0,"{timeout:600,max_col_multiplier:1,age_limit:34,random_seed:0,replication:1,num_threads:128,set_partition:false}",1
c10200.json.gz,c,10,200,Dantzig,highs,DantzigFarkas,2,6,2795.4079157533733,inf,,8518.093023255815,,36,50,0.00635,0.002033,0.015081,643,101259.84251968504,12.86,0,0,"{timeout:600,max_col_multiplier:1,age_limit:34,random_seed:1,replication:2,num_threads:128,set_partition:false}",-1
c10200.json.gz,c,10,200,Dantzig,highs,DantzigFarkas,2,6,2795.4079157533733,inf,nan,8518.093023255815,0,36,50,0.00635,0.002033,0.01509,643,101259.84251968504,2.143333333333333,0,0,"{timeout:600,max_col_multiplier:1,age_limit:34,random_seed:1,replication:2,num_threads:128,set_partition:false}",1
c10200.json.gz,c,10,200,Dantzig,highs,DantzigFarkas,3,6,2795.4079157533733,inf,,8271.733333333335,,35,50,0.007398,0.002062,0.016229,689,93133.27926466613,13.78,0,0,"{timeout:600,max_col_multiplier:1,age_limit:34,random_seed:2,replication:3,num_threads:128,set_partition:false}",-1
c10200.json.gz,c,10,200,Dantzig,highs,DantzigFarkas,3,6,2795.4079157533733,inf,nan,8271.733333333335,0,35,50,0.007398,0.002062,0.016236,689,93133.27926466613,2.2966666666666664,0,0,"{timeout:600,max_col_multiplier:1,age_limit:34,random_seed:2,replication:3,num_threads:128,set_partition:false}",1
c10200.json.gz,c,10,200,Dantzig,highs,DantzigFarkas,4,6,2795.4079157533733,inf,,8701.535714285714,,35,50,0.006378,0.002052,0.014758,666,104421.4487300094,13.32,0,0,"{timeout:600,max_col_multiplier:1,age_limit:34,random_seed:3,replication:4,num_threads:128,set_partition:false}",-1
c10200.json.gz,c,10,200,Dantzig,highs,DantzigFarkas,4,6,2795.4079157533733,inf,nan,8701.535714285714,0,35,50,0.006378,0.002052,0.014763,666,104421.4487300094,2.22,0,0,"{timeout:600,max_col_multiplier:1,age_limit:34,random_seed:3,replication:4,num_threads:128,set_partition:false}",1
c10200.json.gz,c,10,200,Dantzig,highs,DantzigFarkas,5,6,2795.4079157533733,inf,,8411.416666666677,,32,50,0.006125,0.00227,0.014946,625,102040.8163265306,12.5,0,0,"{timeout:600,max_col_multiplier:1,age_limit:34,random_seed:4,replication:5,num_threads:128,set_partition:false}",-1
c10200.json.gz,c,10,200,Dantzig,highs,DantzigFarkas,5,6,2795.4079157533733,inf,nan,8411.416666666677,0,32,50,0.006125,0.00227,0.014954,625,102040.8163265306,2.0833333333333335,0,0,"{timeout:600,max_col_multiplier:1,age_limit:34,random_seed:4,replication:5,num_threads:128,set_partition:false}",1
c10200.json.gz,c,10,200,LagrangeTemplate,highs,LTFarkas,1,4,2795.4079157533733,2849,,2849,,10,30,0.000936,0.001625,0.00843,288,307692.3076923077,9.6,1,0,"{timeout:600,max_col_multiplier:1,age_limit:2,random_seed:0,replication:1,num_threads:128,set_partition:false}",-1
c10200.json.gz,c,10,200,LagrangeTemplate,highs,LTFarkas,1,4,2795.4079157533733,2849,1.8603018603018602,2849,0,10,30,0.000936,0.001625,0.008439,288,307692.3076923077,2.4,1,0,"{timeout:600,max_col_multiplier:1,age_limit:2,random_seed:0,replication:1,num_threads:128,set_partition:false}",1
c10200.json.gz,c,10,200,LagrangeTemplate,highs,LTFarkas,2,3,2795.4079157533733,2880,,2880,,10,21,0.000923,0.001055,0.008057,282,305525.46045503794,13.428571428571429,1,0,"{timeout:600,max_col_multiplier:1,age_limit:2,random_seed:1,replication:2,num_threads:128,set_partition:false}",-1
c10200.json.gz,c,10,200,LagrangeTemplate,highs,LTFarkas,2,3,2795.4079157533733,2880,2.9166666666666665,2880,0,10,21,0.000923,0.001055,0.008064,282,305525.46045503794,4.476190476190476,1,0,"{timeout:600,max_col_multiplier:1,age_limit:2,random_seed:1,replication:2,num_threads:128,set_partition:false}",1
c10200.json.gz,c,10,200,LagrangeTemplate,highs,LTFarkas,3,3,2795.4079157533733,2880,,2880,,10,21,0.000675,0.00094,0.007538,279,413333.3333333333,13.285714285714286,1,0,"{timeout:600,max_col_multiplier:1,age_limit:2,random_seed:2,replication:3,num_threads:128,set_partition:false}",-1
c10200.json.gz,c,10,200,LagrangeTemplate,highs,LTFarkas,3,3,2795.4079157533733,2880,2.9166666666666665,2880,0,10,21,0.000675,0.00094,0.007546,279,413333.3333333333,4.428571428571429,1,0,"{timeout:600,max_col_multiplier:1,age_limit:2,random_seed:2,replication:3,num_threads:128,set_partition:false}",1
c10200.json.gz,c,10,200,LagrangeTemplate,highs,LTFarkas,4,4,2795.4079157533733,2881,,2881,,10,30,0.000958,0.001639,0.00852,296,308977.03549060546,9.866666666666667,1,0,"{timeout:600,max_col_multiplier:1,age_limit:2,random_seed:3,replication:4,num_threads:128,set_partition:false}",-1
c10200.json.gz,c,10,200,LagrangeTemplate,highs,LTFarkas,4,4,2795.4079157533733,2881,2.950364456785838,2881,0,10,30,0.000958,0.001639,0.008526,296,308977.03549060546,2.466666666666667,1,0,"{timeout:600,max_col_multiplier:1,age_limit:2,random_seed:3,replication:4,num_threads:128,set_partition:false}",1
c10200.json.gz,c,10,200,LagrangeTemplate,highs,LTFarkas,5,4,2795.4079157533733,2880,,2880,,10,30,0.00149,0.00164,0.009148,297,199328.8590604027,9.9,1,0,"{timeout:600,max_col_multiplier:1,age_limit:2,random_seed:4,replication:5,num_threads:128,set_partition:false}",-1
c10200.json.gz,c,10,200,LagrangeTemplate,highs,LTFarkas,5,4,2795.4079157533733,2880,2.9166666666666665,2880,0,10,30,0.00149,0.00164,0.009153,297,199328.8590604027,2.475,1,0,"{timeout:600,max_col_multiplier:1,age_limit:2,random_seed:4,replication:5,num_threads:128,set_partition:false}",1
c10200.json.gz,c,10,200,MipTemplate,highs,MTFarkas,1,4,2795.4079157533733,2894,,2894,,10,30,0.001791,0.062025,0.078627,292,163037.40926856504,9.733333333333333,1,0,"{timeout:600,max_col_multiplier:1,age_limit:2,random_seed:0,replication:1,num_threads:128,set_partition:false}",-1
c10200.json.gz,c,10,200,MipTemplate,highs,MTFarkas,1,4,2795.4079157533733,2894,3.3863165169315828,2894,0,10,30,0.001791,0.062025,0.078641,292,163037.40926856504,2.433333333333333,1,0,"{timeout:600,max_col_multiplier:1,age_limit:2,random_seed:0,replication:1,num_threads:128,set_partition:false}",1
c10200.json.gz,c,10,200,MipTemplate,highs,MTFarkas,2,4,2795.4079157533733,2861,,2861,,10,30,0.001874,0.05762,0.074948,285,152081.10992529348,9.5,1,0,"{timeout:600,max_col_multiplier:1,age_limit:2,random_seed:1,replication:2,num_threads:128,set_partition:false}",-1
c10200.json.gz,c,10,200,MipTemplate,highs,MTFarkas,2,4,2795.4079157533733,2861,2.2719328905976934,2861,0,10,30,0.001874,0.05762,0.074962,285,152081.10992529348,2.375,1,0,"{timeout:600,max_col_multiplier:1,age_limit:2,random_seed:1,replication:2,num_threads:128,set_partition:false}",1
c10200.json.gz,c,10,200,MipTemplate,highs,MTFarkas,3,4,2795.4079157533733,2861,,2861,,10,30,0.001427,0.056775,0.069534,286,200420.46250875964,9.533333333333333,1,0,"{timeout:600,max_col_multiplier:1,age_limit:2,random_seed:2,replication:3,num_threads:128,set_partition:false}",-1
c10200.json.gz,c,10,200,MipTemplate,highs,MTFarkas,3,4,2795.4079157533733,2861,2.2719328905976934,2861,0,10,30,0.001427,0.056775,0.069546,286,200420.46250875964,2.3833333333333333,1,0,"{timeout:600,max_col_multiplier:1,age_limit:2,random_seed:2,replication:3,num_threads:128,set_partition:false}",1
c10200.json.gz,c,10,200,MipTemplate,highs,MTFarkas,4,5,2795.4079157533733,2861,,2861,,10,40,0.002151,0.070754,0.088224,300,139470.0139470014,7.5,1,0,"{timeout:600,max_col_multiplier:1,age_limit:2,random_seed:3,replication:4,num_threads:128,set_partition:false}",-1
c10200.json.gz,c,10,200,MipTemplate,highs,MTFarkas,4,5,2795.4079157533733,2861,2.2719328905976934,2861,0,10,40,0.002151,0.070754,0.088237,300,139470.0139470014,1.5,1,0,"{timeout:600,max_col_multiplier:1,age_limit:2,random_seed:3,replication:4,num_threads:128,set_partition:false}",1
c10200.json.gz,c,10,200,MipTemplate,highs,MTFarkas,5,5,2795.4079157533733,2861,,2861,,10,40,0.001741,0.081041,0.093948,304,174612.2917863297,7.6,1,0,"{timeout:600,max_col_multiplier:1,age_limit:2,random_seed:4,replication:5,num_threads:128,set_partition:false}",-1
c10200.json.gz,c,10,200,MipTemplate,highs,MTFarkas,5,5,2795.4079157533733,2861,2.2719328905976934,2861,0,10,40,0.001741,0.081041,0.093958,304,174612.2917863297,1.52,1,0,"{timeout:600,max_col_multiplier:1,age_limit:2,random_seed:4,replication:5,num_threads:128,set_partition:false}",1
c10400.json.gz,c,10,400,Dantzig,highs,DantzigFarkas,1,5,5591.1038789055965,inf,,16854,,28,40,0.010909,0.002785,0.026887,1043,95609.13007608397,26.075,0,0,"{timeout:600,max_col_multiplier:1,age_limit:132,random_seed:0,replication:1,num_threads:128,set_partition:false}",-1
c10400.json.gz,c,10,400,Dantzig,highs,DantzigFarkas,1,5,5591.1038789055965,inf,nan,16854,0,28,40,0.010909,0.002785,0.026897,1043,95609.13007608397,5.215,0,0,"{timeout:600,max_col_multiplier:1,age_limit:132,random_seed:0,replication:1,num_threads:128,set_partition:false}",1
c10400.json.gz,c,10,400,Dantzig,highs,DantzigFarkas,2,5,5591.1038789055965,inf,,17306.374999999964,,35,40,0.011735,0.003138,0.027669,1102,93907.11546655305,27.55,0,0,"{timeout:600,max_col_multiplier:1,age_limit:132,random_seed:1,replication:2,num_threads:128,set_partition:false}",-1
c10400.json.gz,c,10,400,Dantzig,highs,DantzigFarkas,2,5,5591.1038789055965,inf,nan,17306.374999999964,0,35,40,0.011735,0.003138,0.027675,1102,93907.11546655305,5.51,0,0,"{timeout:600,max_col_multiplier:1,age_limit:132,random_seed:1,replication:2,num_threads:128,set_partition:false}",1
c10400.json.gz,c,10,400,Dantzig,highs,DantzigFarkas,3,5,5591.1038789055965,inf,,16681.300000000003,,33,40,0.011782,0.002133,0.026748,1058,89797.99694449159,26.45,0,0,"{timeout:600,max_col_multiplier:1,age_limit:132,random_seed:2,replication:3,num_threads:128,set_partition:false}",-1
c10400.json.gz,c,10,400,Dantzig,highs,DantzigFarkas,3,5,5591.1038789055965,inf,nan,16681.300000000003,0,33,40,0.011782,0.002133,0.026754,1058,89797.99694449159,5.29,0,0,"{timeout:600,max_col_multiplier:1,age_limit:132,random_seed:2,replication:3,num_threads:128,set_partition:false}",1
c10400.json.gz,c,10,400,Dantzig,highs,DantzigFarkas,4,5,5591.1038789055965,inf,,16839.700000000004,,32,40,0.011151,0.00204,0.025616,1069,95865.84162855349,26.725,0,0,"{timeout:600,max_col_multiplier:1,age_limit:132,random_seed:3,replication:4,num_threads:128,set_partition:false}",-1
c10400.json.gz,c,10,400,Dantzig,highs,DantzigFarkas,4,5,5591.1038789055965,inf,nan,16839.700000000004,0,32,40,0.011151,0.00204,0.025621,1069,95865.84162855349,5.345000000000001,0,0,"{timeout:600,max_col_multiplier:1,age_limit:132,random_seed:3,replication:4,num_threads:128,set_partition:false}",1
c10400.json.gz,c,10,400,Dantzig,highs,DantzigFarkas,5,5,5591.1038789055965,inf,,16776.59375000009,,36,40,0.011858,0.001999,0.026518,1088,91752.40344071512,27.2,0,0,"{timeout:600,max_col_multiplier:1,age_limit:132,random_seed:4,replication:5,num_threads:128,set_partition:false}",-1
c10400.json.gz,c,10,400,Dantzig,highs,DantzigFarkas,5,5,5591.1038789055965,inf,nan,16776.59375000009,0,36,40,0.011858,0.001999,0.026527,1088,91752.40344071512,5.4399999999999995,0,0,"{timeout:600,max_col_multiplier:1,age_limit:132,random_seed:4,replication:5,num_threads:128,set_partition:false}",1
c10400.json.gz,c,10,400,LagrangeTemplate,highs,LTFarkas,1,6,5591.1038789055965,inf,,5709.5,,15,50,0.003225,0.004593,0.020159,563,174573.6434108527,11.26,0,0,"{timeout:600,max_col_multiplier:1,age_limit:4,random_seed:0,replication:1,num_threads:128,set_partition:false}",-1
c10400.json.gz,c,10,400,LagrangeTemplate,highs,LTFarkas,1,6,5591.1038789055965,inf,nan,5709.5,0,15,50,0.003225,0.004593,0.020164,563,174573.6434108527,1.8766666666666667,0,0,"{timeout:600,max_col_multiplier:1,age_limit:4,random_seed:0,replication:1,num_threads:128,set_partition:false}",1
c10400.json.gz,c,10,400,LagrangeTemplate,highs,LTFarkas,2,6,5591.1038789055965,5697,,5697,,10,50,0.002538,0.00429,0.018573,552,217494.08983451538,11.04,1,0,"{timeout:600,max_col_multiplier:1,age_limit:4,random_seed:1,replication:2,num_threads:128,set_partition:false}",-1
c10400.json.gz,c,10,400,LagrangeTemplate,highs,LTFarkas,2,6,5591.1038789055965,5697,1.8430753027909426,5697,0,10,50,0.002538,0.00429,0.018579,552,217494.08983451538,1.8399999999999999,1,0,"{timeout:600,max_col_multiplier:1,age_limit:4,random_seed:1,replication:2,num_threads:128,set_partition:false}",1
c10400.json.gz,c,10,400,LagrangeTemplate,highs,LTFarkas,3,6,5591.1038789055965,inf,,5739.6,,17,50,0.002484,0.003804,0.017716,547,220209.33977455716,10.94,0,0,"{timeout:600,max_col_multiplier:1,age_limit:4,random_seed:2,replication:3,num_threads:128,set_partition:false}",-1
c10400.json.gz,c,10,400,LagrangeTemplate,highs,LTFarkas,3,6,5591.1038789055965,inf,nan,5739.6,0,17,50,0.002484,0.003804,0.017726,547,220209.33977455716,1.8233333333333333,0,0,"{timeout:600,max_col_multiplier:1,age_limit:4,random_seed:2,replication:3,num_threads:128,set_partition:false}",1
c10400.json.gz,c,10,400,LagrangeTemplate,highs,LTFarkas,4,7,5591.1038789055965,5735,,5735,,10,60,0.002923,0.004125,0.018742,557,190557.6462538488,9.283333333333333,1,0,"{timeout:600,max_col_multiplier:1,age_limit:4,random_seed:3,replication:4,num_threads:128,set_partition:false}",-1
c10400.json.gz,c,10,400,LagrangeTemplate,highs,LTFarkas,4,7,5591.1038789055965,5735,2.4934612031386227,5735,0,10,60,0.002923,0.004125,0.018748,557,190557.6462538488,1.3261904761904761,1,0,"{timeout:600,max_col_multiplier:1,age_limit:4,random_seed:3,replication:4,num_threads:128,set_partition:false}",1
c10400.json.gz,c,10,400,LagrangeTemplate,highs,LTFarkas,5,5,5591.1038789055965,5724,,5724,,10,41,0.002035,0.002799,0.016751,557,273710.0737100737,13.585365853658537,1,0,"{timeout:600,max_col_multiplier:1,age_limit:4,random_seed:4,replication:5,num_threads:128,set_partition:false}",-1
c10400.json.gz,c,10,400,LagrangeTemplate,highs,LTFarkas,5,5,5591.1038789055965,5724,2.3060796645702304,5724,0,10,41,0.002035,0.002799,0.016756,557,273710.0737100737,2.7170731707317075,1,0,"{timeout:600,max_col_multiplier:1,age_limit:4,random_seed:4,replication:5,num_threads:128,set_partition:false}",1
c10400.json.gz,c,10,400,MipTemplate,highs,MTFarkas,1,5,5591.1038789055965,5710,,5710,,10,40,0.004002,0.093722,0.12497,541,135182.40879560218,13.525,1,0,"{timeout:600,max_col_multiplier:1,age_limit:4,random_seed:0,replication:1,num_threads:128,set_partition:false}",-1
c10400.json.gz,c,10,400,MipTemplate,highs,MTFarkas,1,5,5591.1038789055965,5710,2.0665499124343256,5710,0,10,40,0.004002,0.093722,0.124992,541,135182.40879560218,2.705,1,0,"{timeout:600,max_col_multiplier:1,age_limit:4,random_seed:0,replication:1,num_threads:128,set_partition:false}",1
c10400.json.gz,c,10,400,MipTemplate,highs,MTFarkas,2,7,5591.1038789055965,5729,,5729,,10,60,0.005486,0.155032,0.1882,565,102989.4276339774,9.416666666666666,1,0,"{timeout:600,max_col_multiplier:1,age_limit:4,random_seed:1,replication:2,num_threads:128,set_partition:false}",-1
c10400.json.gz,c,10,400,MipTemplate,highs,MTFarkas,2,7,5591.1038789055965,5729,2.391342293593995,5729,0,10,60,0.005486,0.155032,0.188214,565,102989.4276339774,1.3452380952380951,1,0,"{timeout:600,max_col_multiplier:1,age_limit:4,random_seed:1,replication:2,num_threads:128,set_partition:false}",1
c10400.json.gz,c,10,400,MipTemplate,highs,MTFarkas,3,6,5591.1038789055965,5697,,5697,,10,50,0.003881,0.122514,0.147235,553,142489.04921412008,11.06,1,0,"{timeout:600,max_col_multiplier:1,age_limit:4,random_seed:2,replication:3,num_threads:128,set_partition:false}",-1
c10400.json.gz,c,10,400,MipTemplate,highs,MTFarkas,3,6,5591.1038789055965,5697,1.8430753027909426,5697,0,10,50,0.003881,0.122514,0.147249,553,142489.04921412008,1.8433333333333335,1,0,"{timeout:600,max_col_multiplier:1,age_limit:4,random_seed:2,replication:3,num_threads:128,set_partition:false}",1
c10400.json.gz,c,10,400,MipTemplate,highs,MTFarkas,4,7,5591.1038789055965,5678,,5678,,10,60,0.005826,0.164541,0.199537,566,97150.7037418469,9.433333333333334,1,0,"{timeout:600,max_col_multiplier:1,age_limit:4,random_seed:3,replication:4,num_threads:128,set_partition:false}",-1
c10400.json.gz,c,10,400,MipTemplate,highs,MTFarkas,4,7,5591.1038789055965,5678,1.5146178231771752,5678,0,10,60,0.005826,0.164541,0.199552,566,97150.7037418469,1.3476190476190477,1,0,"{timeout:600,max_col_multiplier:1,age_limit:4,random_seed:3,replication:4,num_threads:128,set_partition:false}",1
c10400.json.gz,c,10,400,MipTemplate,highs,MTFarkas,5,6,5591.1038789055965,5695,,5695,,10,50,0.003398,0.12555,0.155918,554,163037.08063566804,11.08,1,0,"{timeout:600,max_col_multiplier:1,age_limit:4,random_seed:4,replication:5,num_threads:128,set_partition:false}",-1
c10400.json.gz,c,10,400,MipTemplate,highs,MTFarkas,5,6,5591.1038789055965,5695,1.8086040386303774,5695,0,10,50,0.003398,0.12555,0.155932,554,163037.08063566804,1.8466666666666667,1,0,"{timeout:600,max_col_multiplier:1,age_limit:4,random_seed:4,replication:5,num_threads:128,set_partition:false}",1
c15900.json.gz,c,15,900,Dantzig,highs,DantzigFarkas,1,5,11336.57437501809,inf,,41330.89473684211,,57,60,0.043936,0.005528,0.100468,2450,55762.92789512017,40.833333333333336,0,0,"{timeout:600,max_col_multiplier:1,age_limit:296,random_seed:0,replication:1,num_threads:128,set_partition:false}",-1
c15900.json.gz,c,15,900,Dantzig,highs,DantzigFarkas,1,5,11336.57437501809,inf,nan,41330.89473684211,0,57,60,0.043936,0.005528,0.100477,2450,55762.92789512017,8.166666666666668,0,0,"{timeout:600,max_col_multiplier:1,age_limit:296,random_seed:0,replication:1,num_threads:128,set_partition:false}",1
c15900.json.gz,c,15,900,Dantzig,highs,DantzigFarkas,2,5,11336.57437501809,inf,,42793.30000000001,,44,60,0.047023,0.005044,0.100063,2527,53739.65931565404,42.11666666666667,0,0,"{timeout:600,max_col_multiplier:1,age_limit:296,random_seed:1,replication:2,num_threads:128,set_partition:false}",-1
c15900.json.gz,c,15,900,Dantzig,highs,DantzigFarkas,2,5,11336.57437501809,inf,nan,42793.30000000001,0,44,60,0.047023,0.005044,0.10007,2527,53739.65931565404,8.423333333333334,0,0,"{timeout:600,max_col_multiplier:1,age_limit:296,random_seed:1,replication:2,num_threads:128,set_partition:false}",1
c15900.json.gz,c,15,900,Dantzig,highs,DantzigFarkas,3,5,11336.57437501809,inf,,43133.562499999956,,44,60,0.041893,0.004484,0.090641,2422,57813.954598620294,40.36666666666667,0,0,"{timeout:600,max_col_multiplier:1,age_limit:296,random_seed:2,replication:3,num_threads:128,set_partition:false}",-1
c15900.json.gz,c,15,900,Dantzig,highs,DantzigFarkas,3,5,11336.57437501809,inf,nan,43133.562499999956,0,44,60,0.041893,0.004484,0.09065,2422,57813.954598620294,8.073333333333334,0,0,"{timeout:600,max_col_multiplier:1,age_limit:296,random_seed:2,replication:3,num_threads:128,set_partition:false}",1
c15900.json.gz,c,15,900,Dantzig,highs,DantzigFarkas,4,5,11336.57437501809,inf,,40972.970588235265,,56,60,0.040056,0.004173,0.089145,2380,59416.81645696025,39.666666666666664,0,0,"{timeout:600,max_col_multiplier:1,age_limit:296,random_seed:3,replication:4,num_threads:128,set_partition:false}",-1
c15900.json.gz,c,15,900,Dantzig,highs,DantzigFarkas,4,5,11336.57437501809,inf,nan,40972.970588235265,0,56,60,0.040056,0.004173,0.089152,2380,59416.81645696025,7.933333333333333,0,0,"{timeout:600,max_col_multiplier:1,age_limit:296,random_seed:3,replication:4,num_threads:128,set_partition:false}",1
c15900.json.gz,c,15,900,Dantzig,highs,DantzigFarkas,5,5,11336.57437501809,inf,,42902.999999999905,,47,60,0.040464,0.003953,0.08781,2414,59657.967576117044,40.233333333333334,0,0,"{timeout:600,max_col_multiplier:1,age_limit:296,random_seed:4,replication:5,num_threads:128,set_partition:false}",-1
c15900.json.gz,c,15,900,Dantzig,highs,DantzigFarkas,5,5,11336.57437501809,inf,nan,42902.999999999905,0,47,60,0.040464,0.003953,0.087819,2414,59657.967576117044,8.046666666666667,0,0,"{timeout:600,max_col_multiplier:1,age_limit:296,random_seed:4,replication:5,num_threads:128,set_partition:false}",1
c15900.json.gz,c,15,900,LagrangeTemplate,highs,LTFarkas,1,4,11336.57437501809,11459,,11459,,15,47,0.003432,0.007056,0.057337,1187,345862.47086247086,25.25531914893617,1,0,"{timeout:600,max_col_multiplier:1,age_limit:6,random_seed:0,replication:1,num_threads:128,set_partition:false}",-1
c15900.json.gz,c,15,900,LagrangeTemplate,highs,LTFarkas,1,4,11336.57437501809,11459,1.0646653285627017,11459,0,15,47,0.003432,0.007056,0.057347,1187,345862.47086247086,6.3138297872340425,1,0,"{timeout:600,max_col_multiplier:1,age_limit:6,random_seed:0,replication:1,num_threads:128,set_partition:false}",1
c15900.json.gz,c,15,900,LagrangeTemplate,highs,LTFarkas,2,5,11336.57437501809,11471,,11471,,15,60,0.003746,0.008522,0.053031,1182,315536.5723438334,19.7,1,0,"{timeout:600,max_col_multiplier:1,age_limit:6,random_seed:1,replication:2,num_threads:128,set_partition:false}",-1
c15900.json.gz,c,15,900,LagrangeTemplate,highs,LTFarkas,2,5,11336.57437501809,11471,1.1681631941417487,11471,0,15,60,0.003746,0.008522,0.053042,1182,315536.5723438334,3.94,1,0,"{timeout:600,max_col_multiplier:1,age_limit:6,random_seed:1,replication:2,num_threads:128,set_partition:false}",1
c15900.json.gz,c,15,900,LagrangeTemplate,highs,LTFarkas,3,6,11336.57437501809,11471,,11471,,15,75,0.004844,0.009157,0.05548,1208,249380.67712634185,16.106666666666666,1,0,"{timeout:600,max_col_multiplier:1,age_limit:6,random_seed:2,replication:3,num_threads:128,set_partition:false}",-1
c15900.json.gz,c,15,900,LagrangeTemplate,highs,LTFarkas,3,6,11336.57437501809,11471,1.1681631941417487,11471,0,15,75,0.004844,0.009157,0.055487,1208,249380.67712634185,2.6844444444444444,1,0,"{timeout:600,max_col_multiplier:1,age_limit:6,random_seed:2,replication:3,num_threads:128,set_partition:false}",1
c15900.json.gz,c,15,900,LagrangeTemplate,highs,LTFarkas,4,5,11336.57437501809,11457,,11457,,15,61,0.0042,0.007643,0.053247,1224,291428.5714285714,20.065573770491802,1,0,"{timeout:600,max_col_multiplier:1,age_limit:6,random_seed:3,replication:4,num_threads:128,set_partition:false}",-1
c15900.json.gz,c,15,900,LagrangeTemplate,highs,LTFarkas,4,5,11336.57437501809,11457,1.0473946059177797,11457,0,15,61,0.0042,0.007643,0.053253,1224,291428.5714285714,4.0131147540983605,1,0,"{timeout:600,max_col_multiplier:1,age_limit:6,random_seed:3,replication:4,num_threads:128,set_partition:false}",1
c15900.json.gz,c,15,900,LagrangeTemplate,highs,LTFarkas,5,5,11336.57437501809,11454,,11454,,15,62,0.003712,0.008553,0.053253,1179,317618.5344827586,19.016129032258064,1,0,"{timeout:600,max_col_multiplier:1,age_limit:6,random_seed:4,replication:5,num_threads:128,set_partition:false}",-1
c15900.json.gz,c,15,900,LagrangeTemplate,highs,LTFarkas,5,5,11336.57437501809,11454,1.0214772132006287,11454,0,15,62,0.003712,0.008553,0.053259,1179,317618.5344827586,3.803225806451613,1,0,"{timeout:600,max_col_multiplier:1,age_limit:6,random_seed:4,replication:5,num_threads:128,set_partition:false}",1
c15900.json.gz,c,15,900,MipTemplate,highs,MTFarkas,1,6,11336.57437501809,11453,,11453,,15,75,0.009546,0.179717,0.255841,1199,125602.34653257907,15.986666666666666,1,0,"{timeout:600,max_col_multiplier:1,age_limit:6,random_seed:0,replication:1,num_threads:128,set_partition:false}",-1
c15900.json.gz,c,15,900,MipTemplate,highs,MTFarkas,1,6,11336.57437501809,11453,1.012835065048459,11453,0,15,75,0.009546,0.179717,0.255856,1199,125602.34653257907,2.6644444444444444,1,0,"{timeout:600,max_col_multiplier:1,age_limit:6,random_seed:0,replication:1,num_threads:128,set_partition:false}",1
c15900.json.gz,c,15,900,MipTemplate,highs,MTFarkas,2,6,11336.57437501809,11462,,11462,,15,75,0.007297,0.187002,0.255749,1181,161847.33452103604,15.746666666666666,1,0,"{timeout:600,max_col_multiplier:1,age_limit:6,random_seed:1,replication:2,num_threads:128,set_partition:false}",-1
c15900.json.gz,c,15,900,MipTemplate,highs,MTFarkas,2,6,11336.57437501809,11462,1.0905601116733554,11462,0,15,75,0.007297,0.187002,0.255763,1181,161847.33452103604,2.6244444444444444,1,0,"{timeout:600,max_col_multiplier:1,age_limit:6,random_seed:1,replication:2,num_threads:128,set_partition:false}",1
c15900.json.gz,c,15,900,MipTemplate,highs,MTFarkas,3,6,11336.57437501809,11444,,11444,,15,76,0.007464,0.172059,0.244418,1206,161575.56270096463,15.868421052631579,1,0,"{timeout:600,max_col_multiplier:1,age_limit:6,random_seed:2,replication:3,num_threads:128,set_partition:false}",-1
c15900.json.gz,c,15,900,MipTemplate,highs,MTFarkas,3,6,11336.57437501809,11444,0.9349877665152044,11444,0,15,76,0.007464,0.172059,0.244434,1206,161575.56270096463,2.6447368421052633,1,0,"{timeout:600,max_col_multiplier:1,age_limit:6,random_seed:2,replication:3,num_threads:128,set_partition:false}",1
c15900.json.gz,c,15,900,MipTemplate,highs,MTFarkas,4,8,11336.57437501809,11467,,11467.000000000004,,15,105,0.011764,0.270152,0.346795,1237,105151.30907854471,11.780952380952382,1,0,"{timeout:600,max_col_multiplier:1,age_limit:6,random_seed:3,replication:4,num_threads:128,set_partition:false}",-1
c15900.json.gz,c,15,900,MipTemplate,highs,MTFarkas,4,8,11336.57437501809,11467,1.133687974186797,11467.000000000004,0,15,105,0.011764,0.270152,0.346809,1237,105151.30907854471,1.4726190476190477,1,0,"{timeout:600,max_col_multiplier:1,age_limit:6,random_seed:3,replication:4,num_threads:128,set_partition:false}",1
c15900.json.gz,c,15,900,MipTemplate,highs,MTFarkas,5,6,11336.57437501809,11499,,11499,,15,75,0.006734,0.174137,0.243065,1197,177754.67775467774,15.96,1,0,"{timeout:600,max_col_multiplier:1,age_limit:6,random_seed:4,replication:5,num_threads:128,set_partition:false}",-1
c15900.json.gz,c,15,900,MipTemplate,highs,MTFarkas,5,6,11336.57437501809,11499,1.4088181581007044,11499,0,15,75,0.006734,0.174137,0.243078,1197,177754.67775467774,2.66,1,0,"{timeout:600,max_col_multiplier:1,age_limit:6,random_seed:4,replication:5,num_threads:128,set_partition:false}",1
c20100.json.gz,c,20,100,Dantzig,highs,DantzigFarkas,1,5,1218.987259393067,inf,,4610.101694915254,,41,80,0.002514,0.002234,0.010787,342,136038.1861575179,4.275,0,0,"{timeout:600,max_col_multiplier:1,age_limit:4,random_seed:0,replication:1,num_threads:128,set_partition:false}",-1
c20100.json.gz,c,20,100,Dantzig,highs,DantzigFarkas,1,5,1218.987259393067,inf,nan,4610.101694915254,0,41,80,0.002514,0.002234,0.010792,342,136038.1861575179,0.8550000000000001,0,0,"{timeout:600,max_col_multiplier:1,age_limit:4,random_seed:0,replication:1,num_threads:128,set_partition:false}",1
c20100.json.gz,c,20,100,Dantzig,highs,DantzigFarkas,2,4,1218.987259393067,2817,,2817,,20,80,0.001596,0.001518,0.008847,291,182330.82706766916,3.6375,1,0,"{timeout:600,max_col_multiplier:1,age_limit:4,random_seed:1,replication:2,num_threads:128,set_partition:false}",-1
c20100.json.gz,c,20,100,Dantzig,highs,DantzigFarkas,2,4,1218.987259393067,2817,56.727014554490594,2817,0,20,80,0.001596,0.001518,0.008855,291,182330.82706766916,0.909375,1,0,"{timeout:600,max_col_multiplier:1,age_limit:4,random_seed:1,replication:2,num_threads:128,set_partition:false}",1
c20100.json.gz,c,20,100,Dantzig,highs,DantzigFarkas,3,4,1218.987259393067,2727,,2727.0000000000055,,20,78,0.00227,0.001558,0.009641,314,138325.99118942732,4.0256410256410255,1,0,"{timeout:600,max_col_multiplier:1,age_limit:4,random_seed:2,replication:3,num_threads:128,set_partition:false}",-1
c20100.json.gz,c,20,100,Dantzig,highs,DantzigFarkas,3,4,1218.987259393067,2727,55.2988632196553,2727.0000000000055,0,20,78,0.00227,0.001558,0.00965,314,138325.99118942732,1.0064102564102564,1,0,"{timeout:600,max_col_multiplier:1,age_limit:4,random_seed:2,replication:3,num_threads:128,set_partition:false}",1
c20100.json.gz,c,20,100,Dantzig,highs,DantzigFarkas,4,4,1218.987259393067,2796,,2796,,20,79,0.001942,0.001644,0.009282,294,151390.3192584964,3.721518987341772,1,0,"{timeout:600,max_col_multiplier:1,age_limit:4,random_seed:3,replication:4,num_threads:128,set_partition:false}",-1
c20100.json.gz,c,20,100,Dantzig,highs,DantzigFarkas,4,4,1218.987259393067,2796,56.40200286123033,2796,0,20,79,0.001942,0.001644,0.00929,294,151390.3192584964,0.930379746835443,1,0,"{timeout:600,max_col_multiplier:1,age_limit:4,random_seed:3,replication:4,num_threads:128,set_partition:false}",1
c20100.json.gz,c,20,100,Dantzig,highs,DantzigFarkas,5,4,1218.987259393067,2626.000000000011,,2625.999999999999,,20,80,0.001308,0.001375,0.008902,284,217125.38226299695,3.55,1,0,"{timeout:600,max_col_multiplier:1,age_limit:4,random_seed:4,replication:5,num_threads:128,set_partition:false}",-1
c20100.json.gz,c,20,100,Dantzig,highs,DantzigFarkas,5,4,1218.987259393067,2626.000000000011,53.57958872810378,2625.999999999999,0,20,80,0.001308,0.001375,0.008907,284,217125.38226299695,0.8875,1,0,"{timeout:600,max_col_multiplier:1,age_limit:4,random_seed:4,replication:5,num_threads:128,set_partition:false}",1
c20100.json.gz,c,20,100,LagrangeTemplate,highs,LTFarkas,1,4,1218.987259393067,1365,,1365,,20,61,0.000737,0.001253,0.006837,223,302578.01899592945,3.6557377049180326,1,0,"{timeout:600,max_col_multiplier:1,age_limit:2,random_seed:0,replication:1,num_threads:128,set_partition:false}",-1
c20100.json.gz,c,20,100,LagrangeTemplate,highs,LTFarkas,1,4,1218.987259393067,1365,10.695970695970695,1365,0,20,61,0.000737,0.001253,0.006846,223,302578.01899592945,0.9139344262295082,1,0,"{timeout:600,max_col_multiplier:1,age_limit:2,random_seed:0,replication:1,num_threads:128,set_partition:false}",1
c20100.json.gz,c,20,100,LagrangeTemplate,highs,LTFarkas,2,4,1218.987259393067,1354,,1354,,20,60,0.000776,0.001344,0.00691,211,271907.21649484534,3.5166666666666666,1,0,"{timeout:600,max_col_multiplier:1,age_limit:2,random_seed:1,replication:2,num_threads:128,set_partition:false}",-1
c20100.json.gz,c,20,100,LagrangeTemplate,highs,LTFarkas,2,4,1218.987259393067,1354,9.970457902511077,1354,0,20,60,0.000776,0.001344,0.006918,211,271907.21649484534,0.8791666666666667,1,0,"{timeout:600,max_col_multiplier:1,age_limit:2,random_seed:1,replication:2,num_threads:128,set_partition:false}",1
c20100.json.gz,c,20,100,LagrangeTemplate,highs,LTFarkas,3,3,1218.987259393067,1378,,1378,,20,40,0.000809,0.001097,0.006785,197,243510.50679851667,4.925,1,0,"{timeout:600,max_col_multiplier:1,age_limit:2,random_seed:2,replication:3,num_threads:128,set_partition:false}",-1
c20100.json.gz,c,20,100,LagrangeTemplate,highs,LTFarkas,3,3,1218.987259393067,1378,11.538461538461538,1378,0,20,40,0.000809,0.001097,0.00679,197,243510.50679851667,1.6416666666666666,1,0,"{timeout:600,max_col_multiplier:1,age_limit:2,random_seed:2,replication:3,num_threads:128,set_partition:false}",1
c20100.json.gz,c,20,100,LagrangeTemplate,highs,LTFarkas,4,3,1218.987259393067,1378,,1378,,20,40,0.000516,0.001028,0.006217,195,377906.9767441861,4.875,1,0,"{timeout:600,max_col_multiplier:1,age_limit:2,random_seed:3,replication:4,num_threads:128,set_partition:false}",-1
c20100.json.gz,c,20,100,LagrangeTemplate,highs,LTFarkas,4,3,1218.987259393067,1378,11.538461538461538,1378,0,20,40,0.000516,0.001028,0.006226,195,377906.9767441861,1.625,1,0,"{timeout:600,max_col_multiplier:1,age_limit:2,random_seed:3,replication:4,num_threads:128,set_partition:false}",1
c20100.json.gz,c,20,100,LagrangeTemplate,highs,LTFarkas,5,3,1218.987259393067,1380,,1380,,20,40,0.000539,0.000976,0.006122,201,372912.8014842301,5.025,1,0,"{timeout:600,max_col_multiplier:1,age_limit:2,random_seed:4,replication:5,num_threads:128,set_partition:false}",-1
c20100.json.gz,c,20,100,LagrangeTemplate,highs,LTFarkas,5,3,1218.987259393067,1380,11.666666666666666,1380,0,20,40,0.000539,0.000976,0.006129,201,372912.8014842301,1.675,1,0,"{timeout:600,max_col_multiplier:1,age_limit:2,random_seed:4,replication:5,num_threads:128,set_partition:false}",1
c20100.json.gz,c,20,100,MipTemplate,highs,MTFarkas,1,5,1218.987259393067,1392,,1392,,20,80,0.001799,0.128712,0.142813,224,124513.6186770428,2.8,1,0,"{timeout:600,max_col_multiplier:1,age_limit:2,random_seed:0,replication:1,num_threads:128,set_partition:false}",-1
c20100.json.gz,c,20,100,MipTemplate,highs,MTFarkas,1,5,1218.987259393067,1392,12.428160919540229,1392,0,20,80,0.001799,0.128712,0.142831,224,124513.6186770428,0.5599999999999999,1,0,"{timeout:600,max_col_multiplier:1,age_limit:2,random_seed:0,replication:1,num_threads:128,set_partition:false}",1
c20100.json.gz,c,20,100,MipTemplate,highs,MTFarkas,2,5,1218.987259393067,1381,,1381,,20,80,0.001758,0.130485,0.147103,222,126279.86348122866,2.775,1,0,"{timeout:600,max_col_multiplier:1,age_limit:2,random_seed:1,replication:2,num_threads:128,set_partition:false}",-1
c20100.json.gz,c,20,100,MipTemplate,highs,MTFarkas,2,5,1218.987259393067,1381,11.73062997827661,1381,0,20,80,0.001758,0.130485,0.147117,222,126279.86348122866,0.5549999999999999,1,0,"{timeout:600,max_col_multiplier:1,age_limit:2,random_seed:1,replication:2,num_threads:128,set_partition:false}",1
c20100.json.gz,c,20,100,MipTemplate,highs,MTFarkas,3,5,1218.987259393067,1384,,1384,,20,80,0.00179,0.088367,0.107555,224,125139.66480446928,2.8,1,0,"{timeout:600,max_col_multiplier:1,age_limit:2,random_seed:2,replication:3,num_threads:128,set_partition:false}",-1
c20100.json.gz,c,20,100,MipTemplate,highs,MTFarkas,3,5,1218.987259393067,1384,11.921965317919076,1384,0,20,80,0.00179,0.088367,0.107569,224,125139.66480446928,0.5599999999999999,1,0,"{timeout:600,max_col_multiplier:1,age_limit:2,random_seed:2,replication:3,num_threads:128,set_partition:false}",1
c20100.json.gz,c,20,100,MipTemplate,highs,MTFarkas,4,5,1218.987259393067,1366,,1366,,20,80,0.001808,0.102223,0.118896,232,128318.58407079647,2.9,1,0,"{timeout:600,max_col_multiplier:1,age_limit:2,random_seed:3,replication:4,num_threads:128,set_partition:false}",-1
c20100.json.gz,c,20,100,MipTemplate,highs,MTFarkas,4,5,1218.987259393067,1366,10.761346998535872,1366,0,20,80,0.001808,0.102223,0.118912,232,128318.58407079647,0.58,1,0,"{timeout:600,max_col_multiplier:1,age_limit:2,random_seed:3,replication:4,num_threads:128,set_partition:false}",1
c20100.json.gz,c,20,100,MipTemplate,highs,MTFarkas,5,5,1218.987259393067,1373,,1373,,20,80,0.001565,0.105993,0.119807,227,145047.9233226837,2.8375,1,0,"{timeout:600,max_col_multiplier:1,age_limit:2,random_seed:4,replication:5,num_threads:128,set_partition:false}",-1
c20100.json.gz,c,20,100,MipTemplate,highs,MTFarkas,5,5,1218.987259393067,1373,11.216314639475602,1373,0,20,80,0.001565,0.105993,0.119818,227,145047.9233226837,0.5675,1,0,"{timeout:600,max_col_multiplier:1,age_limit:2,random_seed:4,replication:5,num_threads:128,set_partition:false}",1
c201600.json.gz,c,20,1600,Dantzig,highs,DantzigFarkas,1,5,18798.565029878286,inf,,80479.64863388032,,67,80,0.121304,0.010955,0.248438,4226,34838.09272571391,52.825,0,0,"{timeout:600,max_col_multiplier:1,age_limit:525,random_seed:0,replication:1,num_threads:128,set_partition:false}",-1
c201600.json.gz,c,20,1600,Dantzig,highs,DantzigFarkas,1,5,18798.565029878286,inf,nan,80479.64863388032,0,67,80,0.121304,0.010955,0.248447,4226,34838.09272571391,10.565000000000001,0,0,"{timeout:600,max_col_multiplier:1,age_limit:525,random_seed:0,replication:1,num_threads:128,set_partition:false}",1
c201600.json.gz,c,20,1600,Dantzig,highs,DantzigFarkas,2,5,18798.565029878286,inf,,78152.89999999998,,73,80,0.111858,0.011546,0.241863,4110,36743.01346349836,51.375,0,0,"{timeout:600,max_col_multiplier:1,age_limit:525,random_seed:1,replication:2,num_threads:128,set_partition:false}",-1
c201600.json.gz,c,20,1600,Dantzig,highs,DantzigFarkas,2,5,18798.565029878286,inf,nan,78152.89999999998,0,73,80,0.111858,0.011546,0.24187,4110,36743.01346349836,10.275,0,0,"{timeout:600,max_col_multiplier:1,age_limit:525,random_seed:1,replication:2,num_threads:128,set_partition:false}",1
c201600.json.gz,c,20,1600,Dantzig,highs,DantzigFarkas,3,5,18798.565029878286,inf,,77427.41240040504,,72,80,0.111412,0.008382,0.223181,4085,36665.70925932575,51.0625,0,0,"{timeout:600,max_col_multiplier:1,age_limit:525,random_seed:2,replication:3,num_threads:128,set_partition:false}",-1
c201600.json.gz,c,20,1600,Dantzig,highs,DantzigFarkas,3,5,18798.565029878286,inf,nan,77427.41240040504,0,72,80,0.111412,0.008382,0.223189,4085,36665.70925932575,10.2125,0,0,"{timeout:600,max_col_multiplier:1,age_limit:525,random_seed:2,replication:3,num_threads:128,set_partition:false}",1
c201600.json.gz,c,20,1600,Dantzig,highs,DantzigFarkas,4,5,18798.565029878286,inf,,80312.62366737747,,65,80,0.120056,0.00757,0.231972,4188,34883.72093023256,52.35,0,0,"{timeout:600,max_col_multiplier:1,age_limit:525,random_seed:3,replication:4,num_threads:128,set_partition:false}",-1
c201600.json.gz,c,20,1600,Dantzig,highs,DantzigFarkas,4,5,18798.565029878286,inf,nan,80312.62366737747,0,65,80,0.120056,0.00757,0.23198,4188,34883.72093023256,10.47,0,0,"{timeout:600,max_col_multiplier:1,age_limit:525,random_seed:3,replication:4,num_threads:128,set_partition:false}",1
c201600.json.gz,c,20,1600,Dantzig,highs,DantzigFarkas,5,4,18798.565029878286,inf,,84852.99999999946,,50,60,0.112289,0.00707,0.217955,4035,35934.06299815654,67.25,0,0,"{timeout:600,max_col_multiplier:1,age_limit:525,random_seed:4,replication:5,num_threads:128,set_partition:false}",-1
c201600.json.gz,c,20,1600,Dantzig,highs,DantzigFarkas,5,4,18798.565029878286,inf,nan,84852.99999999946,0,50,60,0.112289,0.00707,0.217962,4035,35934.06299815654,16.8125,0,0,"{timeout:600,max_col_multiplier:1,age_limit:525,random_seed:4,replication:5,num_threads:128,set_partition:false}",1
c201600.json.gz,c,20,1600,LagrangeTemplate,highs,LTFarkas,1,6,18798.565029878286,18958,,18958,,20,102,0.009031,0.026936,0.143225,2027,224449.11969881516,19.872549019607842,1,0,"{timeout:600,max_col_multiplier:1,age_limit:8,random_seed:0,replication:1,num_threads:128,set_partition:false}",-1
c201600.json.gz,c,20,1600,LagrangeTemplate,highs,LTFarkas,1,6,18798.565029878286,18958,0.838696064985758,18958,0,20,102,0.009031,0.026936,0.143232,2027,224449.11969881516,3.3120915032679736,1,0,"{timeout:600,max_col_multiplier:1,age_limit:8,random_seed:0,replication:1,num_threads:128,set_partition:false}",1
c201600.json.gz,c,20,1600,LagrangeTemplate,highs,LTFarkas,2,5,18798.565029878286,19026,,19026,,20,84,0.007288,0.016338,0.120441,2036,279363.3369923161,24.238095238095237,1,0,"{timeout:600,max_col_multiplier:1,age_limit:8,random_seed:1,replication:2,num_threads:128,set_partition:false}",-1
c201600.json.gz,c,20,1600,LagrangeTemplate,highs,LTFarkas,2,5,18798.565029878286,19026,1.1931041732366234,19026,0,20,84,0.007288,0.016338,0.120448,2036,279363.3369923161,4.847619047619047,1,0,"{timeout:600,max_col_multiplier:1,age_limit:8,random_seed:1,replication:2,num_threads:128,set_partition:false}",1
c201600.json.gz,c,20,1600,LagrangeTemplate,highs,LTFarkas,3,5,18798.565029878286,18977,,18977,,20,81,0.006786,0.018161,0.121798,1992,293545.53492484527,24.59259259259259,1,0,"{timeout:600,max_col_multiplier:1,age_limit:8,random_seed:2,replication:3,num_threads:128,set_partition:false}",-1
c201600.json.gz,c,20,1600,LagrangeTemplate,highs,LTFarkas,3,5,18798.565029878286,18977,0.9379775517731991,18977,0,20,81,0.006786,0.018161,0.121805,1992,293545.53492484527,4.9185185185185185,1,0,"{timeout:600,max_col_multiplier:1,age_limit:8,random_seed:2,replication:3,num_threads:128,set_partition:false}",1
c201600.json.gz,c,20,1600,LagrangeTemplate,highs,LTFarkas,4,6,18798.565029878286,19034,,19034,,20,102,0.008603,0.022726,0.126791,2023,235150.5288852726,19.833333333333332,1,0,"{timeout:600,max_col_multiplier:1,age_limit:8,random_seed:3,replication:4,num_threads:128,set_partition:false}",-1
c201600.json.gz,c,20,1600,LagrangeTemplate,highs,LTFarkas,4,6,18798.565029878286,19034,1.234632762425134,19034,0,20,102,0.008603,0.022726,0.126797,2023,235150.5288852726,3.3055555555555554,1,0,"{timeout:600,max_col_multiplier:1,age_limit:8,random_seed:3,replication:4,num_threads:128,set_partition:false}",1
c201600.json.gz,c,20,1600,LagrangeTemplate,highs,LTFarkas,5,6,18798.565029878286,18985,,18985,,20,103,0.008939,0.023511,0.12937,2048,229108.40138717977,19.883495145631066,1,0,"{timeout:600,max_col_multiplier:1,age_limit:8,random_seed:4,replication:5,num_threads:128,set_partition:false}",-1
c201600.json.gz,c,20,1600,LagrangeTemplate,highs,LTFarkas,5,6,18798.565029878286,18985,0.9797208322359757,18985,0,20,103,0.008939,0.023511,0.129377,2048,229108.40138717977,3.3139158576051777,1,0,"{timeout:600,max_col_multiplier:1,age_limit:8,random_seed:4,replication:5,num_threads:128,set_partition:false}",1
c201600.json.gz,c,20,1600,MipTemplate,highs,MTFarkas,1,7,18798.565029878286,18991,,18991,,20,120,0.019154,0.302777,0.447226,2005,104677.87407330061,16.708333333333332,1,0,"{timeout:600,max_col_multiplier:1,age_limit:8,random_seed:0,replication:1,num_threads:128,set_partition:false}",-1
c201600.json.gz,c,20,1600,MipTemplate,highs,MTFarkas,1,7,18798.565029878286,18991,1.0110052129956295,18991,0,20,120,0.019154,0.302777,0.447241,2005,104677.87407330061,2.386904761904762,1,0,"{timeout:600,max_col_multiplier:1,age_limit:8,random_seed:0,replication:1,num_threads:128,set_partition:false}",1
c201600.json.gz,c,20,1600,MipTemplate,highs,MTFarkas,2,8,18798.565029878286,18933,,18933,,20,141,0.019895,0.351071,0.484154,2038,102437.79844181956,14.453900709219859,1,0,"{timeout:600,max_col_multiplier:1,age_limit:8,random_seed:1,replication:2,num_threads:128,set_partition:false}",-1
c201600.json.gz,c,20,1600,MipTemplate,highs,MTFarkas,2,8,18798.565029878286,18933,0.7077589394179475,18933,0,20,141,0.019895,0.351071,0.484171,2038,102437.79844181956,1.8067375886524824,1,0,"{timeout:600,max_col_multiplier:1,age_limit:8,random_seed:1,replication:2,num_threads:128,set_partition:false}",1
c201600.json.gz,c,20,1600,MipTemplate,highs,MTFarkas,3,7,18798.565029878286,18969,,18969,,20,120,0.012726,0.269671,0.393308,1999,157079.99371365708,16.658333333333335,1,0,"{timeout:600,max_col_multiplier:1,age_limit:8,random_seed:2,replication:3,num_threads:128,set_partition:false}",-1
c201600.json.gz,c,20,1600,MipTemplate,highs,MTFarkas,3,7,18798.565029878286,18969,0.8961990616268648,18969,0,20,120,0.012726,0.269671,0.393316,1999,157079.99371365708,2.379761904761905,1,0,"{timeout:600,max_col_multiplier:1,age_limit:8,random_seed:2,replication:3,num_threads:128,set_partition:false}",1
c201600.json.gz,c,20,1600,MipTemplate,highs,MTFarkas,4,7,18798.565029878286,18989,,18989,,20,120,0.015048,0.288999,0.414128,2020,134237.10792131844,16.833333333333332,1,0,"{timeout:600,max_col_multiplier:1,age_limit:8,random_seed:3,replication:4,num_threads:128,set_partition:false}",-1
c201600.json.gz,c,20,1600,MipTemplate,highs,MTFarkas,4,7,18798.565029878286,18989,1.0005792827426405,18989,0,20,120,0.015048,0.288999,0.414143,2020,134237.10792131844,2.4047619047619047,1,0,"{timeout:600,max_col_multiplier:1,age_limit:8,random_seed:3,replication:4,num_threads:128,set_partition:false}",1
c201600.json.gz,c,20,1600,MipTemplate,highs,MTFarkas,5,8,18798.565029878286,18918,,18918,,20,141,0.019336,0.338251,0.471547,2032,105088.95324782789,14.411347517730496,1,0,"{timeout:600,max_col_multiplier:1,age_limit:8,random_seed:4,replication:5,num_threads:128,set_partition:false}",-1
c201600.json.gz,c,20,1600,MipTemplate,highs,MTFarkas,5,8,18798.565029878286,18918,0.62903055291257,18918,0,20,141,0.019336,0.338251,0.471562,2032,105088.95324782789,1.801418439716312,1,0,"{timeout:600,max_col_multiplier:1,age_limit:8,random_seed:4,replication:5,num_threads:128,set_partition:false}",1
c20200.json.gz,c,20,200,Dantzig,highs,DantzigFarkas,1,4,2376.905486372503,inf,,11182.666666666668,,30,60,0.003337,0.001633,0.014119,503,150734.1923883728,8.383333333333333,0,0,"{timeout:600,max_col_multiplier:1,age_limit:10,random_seed:0,replication:1,num_threads:128,set_partition:false}",-1
c20200.json.gz,c,20,200,Dantzig,highs,DantzigFarkas,1,4,2376.905486372503,inf,nan,11182.666666666668,0,30,60,0.003337,0.001633,0.014127,503,150734.1923883728,2.095833333333333,0,0,"{timeout:600,max_col_multiplier:1,age_limit:10,random_seed:0,replication:1,num_threads:128,set_partition:false}",1
c20200.json.gz,c,20,200,Dantzig,highs,DantzigFarkas,2,5,2376.905486372503,inf,,10777,,31,80,0.004016,0.002084,0.015664,524,130478.0876494024,6.55,0,0,"{timeout:600,max_col_multiplier:1,age_limit:10,random_seed:1,replication:2,num_threads:128,set_partition:false}",-1
c20200.json.gz,c,20,200,Dantzig,highs,DantzigFarkas,2,5,2376.905486372503,inf,nan,10777,0,31,80,0.004016,0.002084,0.015675,524,130478.0876494024,1.31,0,0,"{timeout:600,max_col_multiplier:1,age_limit:10,random_seed:1,replication:2,num_threads:128,set_partition:false}",1
c20200.json.gz,c,20,200,Dantzig,highs,DantzigFarkas,3,4,2376.905486372503,inf,,10648.999999999976,,32,60,0.003003,0.001699,0.014188,479,159507.1595071595,7.983333333333333,0,0,"{timeout:600,max_col_multiplier:1,age_limit:10,random_seed:2,replication:3,num_threads:128,set_partition:false}",-1
c20200.json.gz,c,20,200,Dantzig,highs,DantzigFarkas,3,4,2376.905486372503,inf,nan,10648.999999999976,0,32,60,0.003003,0.001699,0.014195,479,159507.1595071595,1.9958333333333333,0,0,"{timeout:600,max_col_multiplier:1,age_limit:10,random_seed:2,replication:3,num_threads:128,set_partition:false}",1
c20200.json.gz,c,20,200,Dantzig,highs,DantzigFarkas,4,5,2376.905486372503,inf,,10672,,31,80,0.003517,0.001798,0.01514,518,147284.61757179414,6.475,0,0,"{timeout:600,max_col_multiplier:1,age_limit:10,random_seed:3,replication:4,num_threads:128,set_partition:false}",-1
c20200.json.gz,c,20,200,Dantzig,highs,DantzigFarkas,4,5,2376.905486372503,inf,nan,10672,0,31,80,0.003517,0.001798,0.015148,518,147284.61757179414,1.295,0,0,"{timeout:600,max_col_multiplier:1,age_limit:10,random_seed:3,replication:4,num_threads:128,set_partition:false}",1
c20200.json.gz,c,20,200,Dantzig,highs,DantzigFarkas,5,5,2376.905486372503,inf,,10313.5,,33,80,0.00451,0.002132,0.016346,583,129268.29268292683,7.2875,0,0,"{timeout:600,max_col_multiplier:1,age_limit:10,random_seed:4,replication:5,num_threads:128,set_partition:false}",-1
c20200.json.gz,c,20,200,Dantzig,highs,DantzigFarkas,5,5,2376.905486372503,inf,nan,10313.5,0,33,80,0.00451,0.002132,0.016352,583,129268.29268292683,1.4575,0,0,"{timeout:600,max_col_multiplier:1,age_limit:10,random_seed:4,replication:5,num_threads:128,set_partition:false}",1
c20200.json.gz,c,20,200,LagrangeTemplate,highs,LTFarkas,1,4,2376.905486372503,2526,,2526,,20,61,0.001092,0.001551,0.011711,348,318681.31868131866,5.704918032786885,1,0,"{timeout:600,max_col_multiplier:1,age_limit:2,random_seed:0,replication:1,num_threads:128,set_partition:false}",-1
c20200.json.gz,c,20,200,LagrangeTemplate,highs,LTFarkas,1,4,2376.905486372503,2526,5.898653998416468,2526,0,20,61,0.001092,0.001551,0.011717,348,318681.31868131866,1.4262295081967213,1,0,"{timeout:600,max_col_multiplier:1,age_limit:2,random_seed:0,replication:1,num_threads:128,set_partition:false}",1
c20200.json.gz,c,20,200,LagrangeTemplate,highs,LTFarkas,2,4,2376.905486372503,2437,,2437,,20,62,0.001043,0.001678,0.011628,334,320230.10546500474,5.387096774193548,1,0,"{timeout:600,max_col_multiplier:1,age_limit:2,random_seed:1,replication:2,num_threads:128,set_partition:false}",-1
c20200.json.gz,c,20,200,LagrangeTemplate,highs,LTFarkas,2,4,2376.905486372503,2437,2.4620434961017645,2437,0,20,62,0.001043,0.001678,0.011638,334,320230.10546500474,1.346774193548387,1,0,"{timeout:600,max_col_multiplier:1,age_limit:2,random_seed:1,replication:2,num_threads:128,set_partition:false}",1
c20200.json.gz,c,20,200,LagrangeTemplate,highs,LTFarkas,3,4,2376.905486372503,2448,,2448,,20,62,0.00109,0.001599,0.012343,329,301834.8623853211,5.306451612903226,1,0,"{timeout:600,max_col_multiplier:1,age_limit:2,random_seed:2,replication:3,num_threads:128,set_partition:false}",-1
c20200.json.gz,c,20,200,LagrangeTemplate,highs,LTFarkas,3,4,2376.905486372503,2448,2.900326797385621,2448,0,20,62,0.00109,0.001599,0.01235,329,301834.8623853211,1.3266129032258065,1,0,"{timeout:600,max_col_multiplier:1,age_limit:2,random_seed:2,replication:3,num_threads:128,set_partition:false}",1
c20200.json.gz,c,20,200,LagrangeTemplate,highs,LTFarkas,4,4,2376.905486372503,2523,,2523,,20,61,0.001264,0.001593,0.012075,338,267405.06329113926,5.540983606557377,1,0,"{timeout:600,max_col_multiplier:1,age_limit:2,random_seed:3,replication:4,num_threads:128,set_partition:false}",-1
c20200.json.gz,c,20,200,LagrangeTemplate,highs,LTFarkas,4,4,2376.905486372503,2523,5.786761791518034,2523,0,20,61,0.001264,0.001593,0.012082,338,267405.06329113926,1.3852459016393444,1,0,"{timeout:600,max_col_multiplier:1,age_limit:2,random_seed:3,replication:4,num_threads:128,set_partition:false}",1
c20200.json.gz,c,20,200,LagrangeTemplate,highs,LTFarkas,5,4,2376.905486372503,2540,,2540,,20,61,0.001234,0.001485,0.012009,344,278768.2333873582,5.639344262295082,1,0,"{timeout:600,max_col_multiplier:1,age_limit:2,random_seed:4,replication:5,num_threads:128,set_partition:false}",-1
c20200.json.gz,c,20,200,LagrangeTemplate,highs,LTFarkas,5,4,2376.905486372503,2540,6.417322834645669,2540,0,20,61,0.001234,0.001485,0.012016,344,278768.2333873582,1.4098360655737705,1,0,"{timeout:600,max_col_multiplier:1,age_limit:2,random_seed:4,replication:5,num_threads:128,set_partition:false}",1
c20200.json.gz,c,20,200,MipTemplate,highs,MTFarkas,1,5,2376.905486372503,2488,,2488,,20,80,0.002533,0.125415,0.152137,352,138965.65337544412,4.4,1,0,"{timeout:600,max_col_multiplier:1,age_limit:2,random_seed:0,replication:1,num_threads:128,set_partition:false}",-1
c20200.json.gz,c,20,200,MipTemplate,highs,MTFarkas,1,5,2376.905486372503,2488,4.461414790996784,2488,0,20,80,0.002533,0.125415,0.152151,352,138965.65337544412,0.8800000000000001,1,0,"{timeout:600,max_col_multiplier:1,age_limit:2,random_seed:0,replication:1,num_threads:128,set_partition:false}",1
c20200.json.gz,c,20,200,MipTemplate,highs,MTFarkas,2,4,2376.905486372503,2502,,2502,,20,60,0.001817,0.08793,0.113384,335,184369.84039625755,5.583333333333333,1,0,"{timeout:600,max_col_multiplier:1,age_limit:2,random_seed:1,replication:2,num_threads:128,set_partition:false}",-1
c20200.json.gz,c,20,200,MipTemplate,highs,MTFarkas,2,4,2376.905486372503,2502,4.996003197442047,2502,0,20,60,0.001817,0.08793,0.113402,335,184369.84039625755,1.3958333333333333,1,0,"{timeout:600,max_col_multiplier:1,age_limit:2,random_seed:1,replication:2,num_threads:128,set_partition:false}",1
c20200.json.gz,c,20,200,MipTemplate,highs,MTFarkas,3,4,2376.905486372503,2550,,2550,,20,60,0.001711,0.094478,0.107983,341,199298.65575686732,5.683333333333334,1,0,"{timeout:600,max_col_multiplier:1,age_limit:2,random_seed:2,replication:3,num_threads:128,set_partition:false}",-1
c20200.json.gz,c,20,200,MipTemplate,highs,MTFarkas,3,4,2376.905486372503,2550,6.784313725490196,2550,0,20,60,0.001711,0.094478,0.108,341,199298.65575686732,1.4208333333333334,1,0,"{timeout:600,max_col_multiplier:1,age_limit:2,random_seed:2,replication:3,num_threads:128,set_partition:false}",1
c20200.json.gz,c,20,200,MipTemplate,highs,MTFarkas,4,4,2376.905486372503,2501,,2501,,20,60,0.001719,0.077494,0.103425,343,199534.61314717858,5.716666666666667,1,0,"{timeout:600,max_col_multiplier:1,age_limit:2,random_seed:3,replication:4,num_threads:128,set_partition:false}",-1
c20200.json.gz,c,20,200,MipTemplate,highs,MTFarkas,4,4,2376.905486372503,2501,4.958016793282687,2501,0,20,60,0.001719,0.077494,0.103432,343,199534.61314717858,1.4291666666666667,1,0,"{timeout:600,max_col_multiplier:1,age_limit:2,random_seed:3,replication:4,num_threads:128,set_partition:false}",1
c20200.json.gz,c,20,200,MipTemplate,highs,MTFarkas,5,5,2376.905486372503,2515,,2515,,20,80,0.002557,0.121129,0.148105,352,137661.32186155653,4.4,1,0,"{timeout:600,max_col_multiplier:1,age_limit:2,random_seed:4,replication:5,num_threads:128,set_partition:false}",-1
c20200.json.gz,c,20,200,MipTemplate,highs,MTFarkas,5,5,2376.905486372503,2515,5.487077534791252,2515,0,20,80,0.002557,0.121129,0.148119,352,137661.32186155653,0.8800000000000001,1,0,"{timeout:600,max_col_multiplier:1,age_limit:2,random_seed:4,replication:5,num_threads:128,set_partition:false}",1
c20400.json.gz,c,20,400,Dantzig,highs,DantzigFarkas,1,4,4774.150442476893,inf,,21804.5,,40,60,0.011096,0.001871,0.036002,1137,102469.35832732516,18.95,0,0,"{timeout:600,max_col_multiplier:1,age_limit:34,random_seed:0,replication:1,num_threads:128,set_partition:false}",-1
c20400.json.gz,c,20,400,Dantzig,highs,DantzigFarkas,1,4,4774.150442476893,inf,nan,21804.5,0,40,60,0.011096,0.001871,0.036009,1137,102469.35832732516,4.7375,0,0,"{timeout:600,max_col_multiplier:1,age_limit:34,random_seed:0,replication:1,num_threads:128,set_partition:false}",1
c20400.json.gz,c,20,400,Dantzig,highs,DantzigFarkas,2,4,4774.150442476893,inf,,22130.875000000004,,40,60,0.012637,0.001764,0.036895,1179,93297.45984015193,19.65,0,0,"{timeout:600,max_col_multiplier:1,age_limit:34,random_seed:1,replication:2,num_threads:128,set_partition:false}",-1
c20400.json.gz,c,20,400,Dantzig,highs,DantzigFarkas,2,4,4774.150442476893,inf,nan,22130.875000000004,0,40,60,0.012637,0.001764,0.036901,1179,93297.45984015193,4.9125,0,0,"{timeout:600,max_col_multiplier:1,age_limit:34,random_seed:1,replication:2,num_threads:128,set_partition:false}",1
c20400.json.gz,c,20,400,Dantzig,highs,DantzigFarkas,3,4,4774.150442476893,inf,,21551.500000000167,,34,60,0.011884,0.001373,0.03621,1131,95169.97643890945,18.85,0,0,"{timeout:600,max_col_multiplier:1,age_limit:34,random_seed:2,replication:3,num_threads:128,set_partition:false}",-1
c20400.json.gz,c,20,400,Dantzig,highs,DantzigFarkas,3,4,4774.150442476893,inf,nan,21551.500000000167,0,34,60,0.011884,0.001373,0.036219,1131,95169.97643890945,4.7125,0,0,"{timeout:600,max_col_multiplier:1,age_limit:34,random_seed:2,replication:3,num_threads:128,set_partition:false}",1
c20400.json.gz,c,20,400,Dantzig,highs,DantzigFarkas,4,4,4774.150442476893,inf,,21234.00000000001,,35,60,0.012975,0.001426,0.038079,1168,90019.26782273603,19.466666666666665,0,0,"{timeout:600,max_col_multiplier:1,age_limit:34,random_seed:3,replication:4,num_threads:128,set_partition:false}",-1
c20400.json.gz,c,20,400,Dantzig,highs,DantzigFarkas,4,4,4774.150442476893,inf,nan,21234.00000000001,0,35,60,0.012975,0.001426,0.038086,1168,90019.26782273603,4.866666666666666,0,0,"{timeout:600,max_col_multiplier:1,age_limit:34,random_seed:3,replication:4,num_threads:128,set_partition:false}",1
c20400.json.gz,c,20,400,Dantzig,highs,DantzigFarkas,5,4,4774.150442476893,inf,,22128,,32,60,0.01086,0.001523,0.035057,1137,104696.13259668509,18.95,0,0,"{timeout:600,max_col_multiplier:1,age_limit:34,random_seed:4,replication:5,num_threads:128,set_partition:false}",-1
c20400.json.gz,c,20,400,Dantzig,highs,DantzigFarkas,5,4,4774.150442476893,inf,nan,22128,0,32,60,0.01086,0.001523,0.035063,1137,104696.13259668509,4.7375,0,0,"{timeout:600,max_col_multiplier:1,age_limit:34,random_seed:4,replication:5,num_threads:128,set_partition:false}",1
c20400.json.gz,c,20,400,LagrangeTemplate,highs,LTFarkas,1,4,4774.150442476893,4905,,4905,,20,61,0.001886,0.002136,0.026522,624,330858.9607635207,10.229508196721312,1,0,"{timeout:600,max_col_multiplier:1,age_limit:2,random_seed:0,replication:1,num_threads:128,set_partition:false}",-1
c20400.json.gz,c,20,400,LagrangeTemplate,highs,LTFarkas,1,4,4774.150442476893,4905,2.650356778797146,4905,0,20,61,0.001886,0.002136,0.026528,624,330858.9607635207,2.557377049180328,1,0,"{timeout:600,max_col_multiplier:1,age_limit:2,random_seed:0,replication:1,num_threads:128,set_partition:false}",1
c20400.json.gz,c,20,400,LagrangeTemplate,highs,LTFarkas,2,4,4774.150442476893,inf,,4896,,22,60,0.002084,0.002296,0.025723,626,300383.87715930905,10.433333333333334,0,0,"{timeout:600,max_col_multiplier:1,age_limit:2,random_seed:1,replication:2,num_threads:128,set_partition:false}",-1
c20400.json.gz,c,20,400,LagrangeTemplate,highs,LTFarkas,2,4,4774.150442476893,inf,nan,4896,0,22,60,0.002084,0.002296,0.025728,626,300383.87715930905,2.6083333333333334,0,0,"{timeout:600,max_col_multiplier:1,age_limit:2,random_seed:1,replication:2,num_threads:128,set_partition:false}",1
c20400.json.gz,c,20,400,LagrangeTemplate,highs,LTFarkas,3,5,4774.150442476893,inf,,4917.499999999999,,28,80,0.00234,0.003143,0.02713,643,274786.32478632475,8.0375,0,0,"{timeout:600,max_col_multiplier:1,age_limit:2,random_seed:2,replication:3,num_threads:128,set_partition:false}",-1
c20400.json.gz,c,20,400,LagrangeTemplate,highs,LTFarkas,3,5,4774.150442476893,inf,nan,4917.499999999999,0,28,80,0.00234,0.003143,0.027137,643,274786.32478632475,1.6075,0,0,"{timeout:600,max_col_multiplier:1,age_limit:2,random_seed:2,replication:3,num_threads:128,set_partition:false}",1
c20400.json.gz,c,20,400,LagrangeTemplate,highs,LTFarkas,4,4,4774.150442476893,4877,,4877,,20,63,0.002157,0.002232,0.027047,622,288363.4677793231,9.873015873015873,1,0,"{timeout:600,max_col_multiplier:1,age_limit:2,random_seed:3,replication:4,num_threads:128,set_partition:false}",-1
c20400.json.gz,c,20,400,LagrangeTemplate,highs,LTFarkas,4,4,4774.150442476893,4877,2.0914496616772604,4877,0,20,63,0.002157,0.002232,0.027054,622,288363.4677793231,2.4682539682539684,1,0,"{timeout:600,max_col_multiplier:1,age_limit:2,random_seed:3,replication:4,num_threads:128,set_partition:false}",1
c20400.json.gz,c,20,400,LagrangeTemplate,highs,LTFarkas,5,4,4774.150442476893,4903,,4903,,20,61,0.001718,0.002076,0.026175,641,373108.26542491274,10.508196721311476,1,0,"{timeout:600,max_col_multiplier:1,age_limit:2,random_seed:4,replication:5,num_threads:128,set_partition:false}",-1
c20400.json.gz,c,20,400,LagrangeTemplate,highs,LTFarkas,5,4,4774.150442476893,4903,2.610646542932898,4903,0,20,61,0.001718,0.002076,0.026181,641,373108.26542491274,2.627049180327869,1,0,"{timeout:600,max_col_multiplier:1,age_limit:2,random_seed:4,replication:5,num_threads:128,set_partition:false}",1
c20400.json.gz,c,20,400,MipTemplate,highs,MTFarkas,1,5,4774.150442476893,4884,,4884,,20,80,0.003475,0.141085,0.189932,621,178705.03597122303,7.7625,1,0,"{timeout:600,max_col_multiplier:1,age_limit:2,random_seed:0,replication:1,num_threads:128,set_partition:false}",-1
c20400.json.gz,c,20,400,MipTemplate,highs,MTFarkas,1,5,4774.150442476893,4884,2.2317772317772318,4884,0,20,80,0.003475,0.141085,0.189945,621,178705.03597122303,1.5525,1,0,"{timeout:600,max_col_multiplier:1,age_limit:2,random_seed:0,replication:1,num_threads:128,set_partition:false}",1
c20400.json.gz,c,20,400,MipTemplate,highs,MTFarkas,2,5,4774.150442476893,4883,,4883,,20,80,0.003571,0.124946,0.173065,634,177541.3049565948,7.925,1,0,"{timeout:600,max_col_multiplier:1,age_limit:2,random_seed:1,replication:2,num_threads:128,set_partition:false}",-1
c20400.json.gz,c,20,400,MipTemplate,highs,MTFarkas,2,5,4774.150442476893,4883,2.2117550686053655,4883,0,20,80,0.003571,0.124946,0.17308,634,177541.3049565948,1.585,1,0,"{timeout:600,max_col_multiplier:1,age_limit:2,random_seed:1,replication:2,num_threads:128,set_partition:false}",1
c20400.json.gz,c,20,400,MipTemplate,highs,MTFarkas,3,4,4774.150442476893,4870,,4870,,20,60,0.002338,0.093327,0.140364,625,267322.49786142004,10.416666666666666,1,0,"{timeout:600,max_col_multiplier:1,age_limit:2,random_seed:2,replication:3,num_threads:128,set_partition:false}",-1
c20400.json.gz,c,20,400,MipTemplate,highs,MTFarkas,3,4,4774.150442476893,4870,1.9507186858316223,4870,0,20,60,0.002338,0.093327,0.14038,625,267322.49786142004,2.6041666666666665,1,0,"{timeout:600,max_col_multiplier:1,age_limit:2,random_seed:2,replication:3,num_threads:128,set_partition:false}",1
c20400.json.gz,c,20,400,MipTemplate,highs,MTFarkas,4,4,4774.150442476893,4880,,4880,,20,60,0.002551,0.094592,0.142249,621,243433.94747157977,10.35,1,0,"{timeout:600,max_col_multiplier:1,age_limit:2,random_seed:3,replication:4,num_threads:128,set_partition:false}",-1
c20400.json.gz,c,20,400,MipTemplate,highs,MTFarkas,4,4,4774.150442476893,4880,2.151639344262295,4880,0,20,60,0.002551,0.094592,0.142258,621,243433.94747157977,2.5875,1,0,"{timeout:600,max_col_multiplier:1,age_limit:2,random_seed:3,replication:4,num_threads:128,set_partition:false}",1
c20400.json.gz,c,20,400,MipTemplate,highs,MTFarkas,5,5,4774.150442476893,4921,,4921,,20,80,0.003142,0.142075,0.190235,635,202100.5728835137,7.9375,1,0,"{timeout:600,max_col_multiplier:1,age_limit:2,random_seed:4,replication:5,num_threads:128,set_partition:false}",-1
c20400.json.gz,c,20,400,MipTemplate,highs,MTFarkas,5,5,4774.150442476893,4921,2.9668766510871776,4921,0,20,80,0.003142,0.142075,0.190248,635,202100.5728835137,1.5875,1,0,"{timeout:600,max_col_multiplier:1,age_limit:2,random_seed:4,replication:5,num_threads:128,set_partition:false}",1
c30900.json.gz,c,30,900,Dantzig,highs,DantzigFarkas,1,4,9974.681661473802,inf,,50747.722222222226,,72,90,0.051154,0.0035,0.144149,2654,51882.55072917074,29.488888888888887,0,0,"{timeout:600,max_col_multiplier:1,age_limit:75,random_seed:0,replication:1,num_threads:128,set_partition:false}",-1
c30900.json.gz,c,30,900,Dantzig,highs,DantzigFarkas,1,4,9974.681661473802,inf,nan,50747.722222222226,0,72,90,0.051154,0.0035,0.144157,2654,51882.55072917074,7.372222222222222,0,0,"{timeout:600,max_col_multiplier:1,age_limit:75,random_seed:0,replication:1,num_threads:128,set_partition:false}",1
c30900.json.gz,c,30,900,Dantzig,highs,DantzigFarkas,2,4,9974.681661473802,inf,,52177.25,,57,90,0.047275,0.003347,0.141135,2593,54849.28609201481,28.81111111111111,0,0,"{timeout:600,max_col_multiplier:1,age_limit:75,random_seed:1,replication:2,num_threads:128,set_partition:false}",-1
c30900.json.gz,c,30,900,Dantzig,highs,DantzigFarkas,2,4,9974.681661473802,inf,nan,52177.25,0,57,90,0.047275,0.003347,0.141141,2593,54849.28609201481,7.2027777777777775,0,0,"{timeout:600,max_col_multiplier:1,age_limit:75,random_seed:1,replication:2,num_threads:128,set_partition:false}",1
c30900.json.gz,c,30,900,Dantzig,highs,DantzigFarkas,3,4,9974.681661473802,inf,,50929.3269230769,,72,90,0.045673,0.002552,0.133506,2524,55262.408863004406,28.044444444444444,0,0,"{timeout:600,max_col_multiplier:1,age_limit:75,random_seed:2,replication:3,num_threads:128,set_partition:false}",-1
c30900.json.gz,c,30,900,Dantzig,highs,DantzigFarkas,3,4,9974.681661473802,inf,nan,50929.3269230769,0,72,90,0.045673,0.002552,0.133513,2524,55262.408863004406,7.011111111111111,0,0,"{timeout:600,max_col_multiplier:1,age_limit:75,random_seed:2,replication:3,num_threads:128,set_partition:false}",1
c30900.json.gz,c,30,900,Dantzig,highs,DantzigFarkas,4,4,9974.681661473802,inf,,50714.14102564102,,70,90,0.044777,0.002721,0.131901,2520,56278.89318176743,28,0,0,"{timeout:600,max_col_multiplier:1,age_limit:75,random_seed:3,replication:4,num_threads:128,set_partition:false}",-1
c30900.json.gz,c,30,900,Dantzig,highs,DantzigFarkas,4,4,9974.681661473802,inf,nan,50714.14102564102,0,70,90,0.044777,0.002721,0.131908,2520,56278.89318176743,7,0,0,"{timeout:600,max_col_multiplier:1,age_limit:75,random_seed:3,replication:4,num_threads:128,set_partition:false}",1
c30900.json.gz,c,30,900,Dantzig,highs,DantzigFarkas,5,4,9974.681661473802,inf,,50987.666666666635,,67,90,0.046759,0.002181,0.132331,2554,54620.50086614341,28.377777777777776,0,0,"{timeout:600,max_col_multiplier:1,age_limit:75,random_seed:4,replication:5,num_threads:128,set_partition:false}",-1
c30900.json.gz,c,30,900,Dantzig,highs,DantzigFarkas,5,4,9974.681661473802,inf,nan,50987.666666666635,0,67,90,0.046759,0.002181,0.132337,2554,54620.50086614341,7.094444444444444,0,0,"{timeout:600,max_col_multiplier:1,age_limit:75,random_seed:4,replication:5,num_threads:128,set_partition:false}",1
c30900.json.gz,c,30,900,LagrangeTemplate,highs,LTFarkas,1,4,9974.681661473802,10209,,10209,,30,94,0.003055,0.00444,0.091097,1287,421276.59574468085,13.691489361702128,1,0,"{timeout:600,max_col_multiplier:1,age_limit:3,random_seed:0,replication:1,num_threads:128,set_partition:false}",-1
c30900.json.gz,c,30,900,LagrangeTemplate,highs,LTFarkas,1,4,9974.681661473802,10209,2.2920952101087275,10209,0,30,94,0.003055,0.00444,0.091105,1287,421276.59574468085,3.422872340425532,1,0,"{timeout:600,max_col_multiplier:1,age_limit:3,random_seed:0,replication:1,num_threads:128,set_partition:false}",1
c30900.json.gz,c,30,900,LagrangeTemplate,highs,LTFarkas,2,4,9974.681661473802,10227,,10227,,30,93,0.003049,0.004245,0.085907,1284,421121.6792390948,13.806451612903226,1,0,"{timeout:600,max_col_multiplier:1,age_limit:3,random_seed:1,replication:2,num_threads:128,set_partition:false}",-1
c30900.json.gz,c,30,900,LagrangeTemplate,highs,LTFarkas,2,4,9974.681661473802,10227,2.4640657084188913,10227,0,30,93,0.003049,0.004245,0.085914,1284,421121.6792390948,3.4516129032258065,1,0,"{timeout:600,max_col_multiplier:1,age_limit:3,random_seed:1,replication:2,num_threads:128,set_partition:false}",1
c30900.json.gz,c,30,900,LagrangeTemplate,highs,LTFarkas,3,5,9974.681661473802,10190,,10190,,30,123,0.003888,0.005824,0.089709,1292,332304.5267489712,10.504065040650406,1,0,"{timeout:600,max_col_multiplier:1,age_limit:3,random_seed:2,replication:3,num_threads:128,set_partition:false}",-1
c30900.json.gz,c,30,900,LagrangeTemplate,highs,LTFarkas,3,5,9974.681661473802,10190,2.1099116781158,10190,0,30,123,0.003888,0.005824,0.089717,1292,332304.5267489712,2.100813008130081,1,0,"{timeout:600,max_col_multiplier:1,age_limit:3,random_seed:2,replication:3,num_threads:128,set_partition:false}",1
c30900.json.gz,c,30,900,LagrangeTemplate,highs,LTFarkas,4,4,9974.681661473802,10176,,10176,,30,95,0.003033,0.004473,0.085902,1276,420705.5720408836,13.43157894736842,1,0,"{timeout:600,max_col_multiplier:1,age_limit:3,random_seed:3,replication:4,num_threads:128,set_partition:false}",-1
c30900.json.gz,c,30,900,LagrangeTemplate,highs,LTFarkas,4,4,9974.681661473802,10176,1.9752358490566038,10176,0,30,95,0.003033,0.004473,0.085909,1276,420705.5720408836,3.357894736842105,1,0,"{timeout:600,max_col_multiplier:1,age_limit:3,random_seed:3,replication:4,num_threads:128,set_partition:false}",1
c30900.json.gz,c,30,900,LagrangeTemplate,highs,LTFarkas,5,4,9974.681661473802,10295,,10295,,30,93,0.003255,0.004639,0.085268,1311,402764.9769585253,14.096774193548388,1,0,"{timeout:600,max_col_multiplier:1,age_limit:3,random_seed:4,replication:5,num_threads:128,set_partition:false}",-1
c30900.json.gz,c,30,900,LagrangeTemplate,highs,LTFarkas,5,4,9974.681661473802,10295,3.108305002428363,10295,0,30,93,0.003255,0.004639,0.085275,1311,402764.9769585253,3.524193548387097,1,0,"{timeout:600,max_col_multiplier:1,age_limit:3,random_seed:4,replication:5,num_threads:128,set_partition:false}",1
c30900.json.gz,c,30,900,MipTemplate,highs,MTFarkas,1,5,9974.681661473802,10216,,10216,,30,120,0.004818,0.145782,0.248923,1299,269613.94769613945,10.825,1,0,"{timeout:600,max_col_multiplier:1,age_limit:3,random_seed:0,replication:1,num_threads:128,set_partition:false}",-1
c30900.json.gz,c,30,900,MipTemplate,highs,MTFarkas,1,5,9974.681661473802,10216,2.3590446358653097,10216,0,30,120,0.004818,0.145782,0.248934,1299,269613.94769613945,2.165,1,0,"{timeout:600,max_col_multiplier:1,age_limit:3,random_seed:0,replication:1,num_threads:128,set_partition:false}",1
c30900.json.gz,c,30,900,MipTemplate,highs,MTFarkas,2,5,9974.681661473802,10192,,10192,,30,121,0.005616,0.145961,0.246088,1291,229878.91737891737,10.669421487603305,1,0,"{timeout:600,max_col_multiplier:1,age_limit:3,random_seed:1,replication:2,num_threads:128,set_partition:false}",-1
c30900.json.gz,c,30,900,MipTemplate,highs,MTFarkas,2,5,9974.681661473802,10192,2.129120879120879,10192,0,30,121,0.005616,0.145961,0.246102,1291,229878.91737891737,2.133884297520661,1,0,"{timeout:600,max_col_multiplier:1,age_limit:3,random_seed:1,replication:2,num_threads:128,set_partition:false}",1
c30900.json.gz,c,30,900,MipTemplate,highs,MTFarkas,3,5,9974.681661473802,10179,,10179,,30,120,0.00448,0.156674,0.256358,1288,287500,10.733333333333333,1,0,"{timeout:600,max_col_multiplier:1,age_limit:3,random_seed:2,replication:3,num_threads:128,set_partition:false}",-1
c30900.json.gz,c,30,900,MipTemplate,highs,MTFarkas,3,5,9974.681661473802,10179,2.0041261420571765,10179,0,30,120,0.00448,0.156674,0.256369,1288,287500,2.1466666666666665,1,0,"{timeout:600,max_col_multiplier:1,age_limit:3,random_seed:2,replication:3,num_threads:128,set_partition:false}",1
c30900.json.gz,c,30,900,MipTemplate,highs,MTFarkas,4,5,9974.681661473802,10166,,10166,,30,120,0.004651,0.142203,0.241172,1278,274779.61728660506,10.65,1,0,"{timeout:600,max_col_multiplier:1,age_limit:3,random_seed:3,replication:4,num_threads:128,set_partition:false}",-1
c30900.json.gz,c,30,900,MipTemplate,highs,MTFarkas,4,5,9974.681661473802,10166,1.87881172535904,10166,0,30,120,0.004651,0.142203,0.241185,1278,274779.61728660506,2.13,1,0,"{timeout:600,max_col_multiplier:1,age_limit:3,random_seed:3,replication:4,num_threads:128,set_partition:false}",1
c30900.json.gz,c,30,900,MipTemplate,highs,MTFarkas,5,5,9974.681661473802,10189,,10189,,30,120,0.005319,0.128268,0.230372,1317,247602.93288212072,10.975,1,0,"{timeout:600,max_col_multiplier:1,age_limit:3,random_seed:4,replication:5,num_threads:128,set_partition:false}",-1
c30900.json.gz,c,30,900,MipTemplate,highs,MTFarkas,5,5,9974.681661473802,10189,2.1003042496810287,10189,0,30,120,0.005319,0.128268,0.230384,1317,247602.93288212072,2.195,1,0,"{timeout:600,max_col_multiplier:1,age_limit:3,random_seed:4,replication:5,num_threads:128,set_partition:false}",1
c401600.json.gz,c,40,1600,Dantzig,highs,DantzigFarkas,1,5,17139.32464079583,inf,,94628.88543788185,,111,160,0.162715,0.007364,0.408532,4928,30286.083028608304,30.8,0,0,"{timeout:600,max_col_multiplier:1,age_limit:132,random_seed:0,replication:1,num_threads:128,set_partition:false}",-1
c401600.json.gz,c,40,1600,Dantzig,highs,DantzigFarkas,1,5,17139.32464079583,inf,nan,94628.88543788185,0,111,160,0.162715,0.007364,0.408539,4928,30286.083028608304,6.16,0,0,"{timeout:600,max_col_multiplier:1,age_limit:132,random_seed:0,replication:1,num_threads:128,set_partition:false}",1
c401600.json.gz,c,40,1600,Dantzig,highs,DantzigFarkas,2,4,17139.32464079583,inf,,99254.25,,83,120,0.157772,0.007003,0.392547,4805,30455.340618107144,40.041666666666664,0,0,"{timeout:600,max_col_multiplier:1,age_limit:132,random_seed:1,replication:2,num_threads:128,set_partition:false}",-1
c401600.json.gz,c,40,1600,Dantzig,highs,DantzigFarkas,2,4,17139.32464079583,inf,nan,99254.25,0,83,120,0.157772,0.007003,0.392555,4805,30455.340618107144,10.010416666666666,0,0,"{timeout:600,max_col_multiplier:1,age_limit:132,random_seed:1,replication:2,num_threads:128,set_partition:false}",1
c401600.json.gz,c,40,1600,Dantzig,highs,DantzigFarkas,3,5,17139.32464079583,inf,,92099.112741695,,110,160,0.162683,0.004741,0.40387,4894,30083.0449401597,30.5875,0,0,"{timeout:600,max_col_multiplier:1,age_limit:132,random_seed:2,replication:3,num_threads:128,set_partition:false}",-1
c401600.json.gz,c,40,1600,Dantzig,highs,DantzigFarkas,3,5,17139.32464079583,inf,nan,92099.112741695,0,110,160,0.162683,0.004741,0.403881,4894,30083.0449401597,6.1175,0,0,"{timeout:600,max_col_multiplier:1,age_limit:132,random_seed:2,replication:3,num_threads:128,set_partition:false}",1
c401600.json.gz,c,40,1600,Dantzig,highs,DantzigFarkas,4,4,17139.32464079583,inf,,98862.58333333333,,80,120,0.169216,0.004195,0.396683,5019,29660.31580937973,41.825,0,0,"{timeout:600,max_col_multiplier:1,age_limit:132,random_seed:3,replication:4,num_threads:128,set_partition:false}",-1
c401600.json.gz,c,40,1600,Dantzig,highs,DantzigFarkas,4,4,17139.32464079583,inf,nan,98862.58333333333,0,80,120,0.169216,0.004195,0.396691,5019,29660.31580937973,10.45625,0,0,"{timeout:600,max_col_multiplier:1,age_limit:132,random_seed:3,replication:4,num_threads:128,set_partition:false}",1
c401600.json.gz,c,40,1600,Dantzig,highs,DantzigFarkas,5,4,17139.32464079583,inf,,98358.20000000003,,83,120,0.12731,0.004154,0.338391,4374,34357.08114052313,36.45,0,0,"{timeout:600,max_col_multiplier:1,age_limit:132,random_seed:4,replication:5,num_threads:128,set_partition:false}",-1
c401600.json.gz,c,40,1600,Dantzig,highs,DantzigFarkas,5,4,17139.32464079583,inf,nan,98358.20000000003,0,83,120,0.12731,0.004154,0.338399,4374,34357.08114052313,9.1125,0,0,"{timeout:600,max_col_multiplier:1,age_limit:132,random_seed:4,replication:5,num_threads:128,set_partition:false}",1
c401600.json.gz,c,40,1600,LagrangeTemplate,highs,LTFarkas,1,4,17139.32464079583,17402,,17402,,40,124,0.005585,0.008503,0.237307,2196,393196.06087735004,17.70967741935484,1,0,"{timeout:600,max_col_multiplier:1,age_limit:4,random_seed:0,replication:1,num_threads:128,set_partition:false}",-1
c401600.json.gz,c,40,1600,LagrangeTemplate,highs,LTFarkas,1,4,17139.32464079583,17402,1.5055740719457533,17402,0,40,124,0.005585,0.008503,0.237315,2196,393196.06087735004,4.42741935483871,1,0,"{timeout:600,max_col_multiplier:1,age_limit:4,random_seed:0,replication:1,num_threads:128,set_partition:false}",1
c401600.json.gz,c,40,1600,LagrangeTemplate,highs,LTFarkas,2,4,17139.32464079583,17504,,17504,,40,125,0.00611,0.007945,0.209214,2222,363666.1211129296,17.776,1,0,"{timeout:600,max_col_multiplier:1,age_limit:4,random_seed:1,replication:2,num_threads:128,set_partition:false}",-1
c401600.json.gz,c,40,1600,LagrangeTemplate,highs,LTFarkas,2,4,17139.32464079583,17504,2.0795246800731264,17504,0,40,125,0.00611,0.007945,0.209221,2222,363666.1211129296,4.444,1,0,"{timeout:600,max_col_multiplier:1,age_limit:4,random_seed:1,replication:2,num_threads:128,set_partition:false}",1
c401600.json.gz,c,40,1600,LagrangeTemplate,highs,LTFarkas,3,4,17139.32464079583,17501,,17501,,40,127,0.006079,0.008397,0.209743,2226,366178.6478039151,17.52755905511811,1,0,"{timeout:600,max_col_multiplier:1,age_limit:4,random_seed:2,replication:3,num_threads:128,set_partition:false}",-1
c401600.json.gz,c,40,1600,LagrangeTemplate,highs,LTFarkas,3,4,17139.32464079583,17501,2.0627392720415973,17501,0,40,127,0.006079,0.008397,0.20975,2226,366178.6478039151,4.381889763779528,1,0,"{timeout:600,max_col_multiplier:1,age_limit:4,random_seed:2,replication:3,num_threads:128,set_partition:false}",1
c401600.json.gz,c,40,1600,LagrangeTemplate,highs,LTFarkas,4,4,17139.32464079583,17398.999999999985,,17399,,40,124,0.005662,0.008252,0.208457,2190,386789.120452137,17.661290322580644,1,0,"{timeout:600,max_col_multiplier:1,age_limit:4,random_seed:3,replication:4,num_threads:128,set_partition:false}",-1
c401600.json.gz,c,40,1600,LagrangeTemplate,highs,LTFarkas,4,4,17139.32464079583,17398.999999999985,1.4885912983503975,17399,0,40,124,0.005662,0.008252,0.208464,2190,386789.120452137,4.415322580645161,1,0,"{timeout:600,max_col_multiplier:1,age_limit:4,random_seed:3,replication:4,num_threads:128,set_partition:false}",1
c401600.json.gz,c,40,1600,LagrangeTemplate,highs,LTFarkas,5,4,17139.32464079583,17445,,17445,,40,125,0.005748,0.007439,0.207449,2207,383959.6381350035,17.656,1,0,"{timeout:600,max_col_multiplier:1,age_limit:4,random_seed:4,replication:5,num_threads:128,set_partition:false}",-1
c401600.json.gz,c,40,1600,LagrangeTemplate,highs,LTFarkas,5,4,17139.32464079583,17445,1.7483519633132703,17445,0,40,125,0.005748,0.007439,0.207456,2207,383959.6381350035,4.414,1,0,"{timeout:600,max_col_multiplier:1,age_limit:4,random_seed:4,replication:5,num_threads:128,set_partition:false}",1
c401600.json.gz,c,40,1600,MipTemplate,highs,MTFarkas,1,6,17139.32464079583,17445,,17445,,40,200,0.01459,0.274592,0.54207,2218,152021.93283070595,11.09,1,0,"{timeout:600,max_col_multiplier:1,age_limit:4,random_seed:0,replication:1,num_threads:128,set_partition:false}",-1
c401600.json.gz,c,40,1600,MipTemplate,highs,MTFarkas,1,6,17139.32464079583,17445,1.7483519633132703,17445,0,40,200,0.01459,0.274592,0.542087,2218,152021.93283070595,1.8483333333333334,1,0,"{timeout:600,max_col_multiplier:1,age_limit:4,random_seed:0,replication:1,num_threads:128,set_partition:false}",1
c401600.json.gz,c,40,1600,MipTemplate,highs,MTFarkas,2,6,17139.32464079583,17411,,17411,,40,200,0.013905,0.286163,0.508611,2229,160302.04962243797,11.145,1,0,"{timeout:600,max_col_multiplier:1,age_limit:4,random_seed:1,replication:2,num_threads:128,set_partition:false}",-1
c401600.json.gz,c,40,1600,MipTemplate,highs,MTFarkas,2,6,17139.32464079583,17411,1.5564872781574866,17411,0,40,200,0.013905,0.286163,0.508631,2229,160302.04962243797,1.8575,1,0,"{timeout:600,max_col_multiplier:1,age_limit:4,random_seed:1,replication:2,num_threads:128,set_partition:false}",1
c401600.json.gz,c,40,1600,MipTemplate,highs,MTFarkas,3,6,17139.32464079583,17388,,17388,,40,200,0.01038,0.249059,0.467465,2220,213872.8323699422,11.1,1,0,"{timeout:600,max_col_multiplier:1,age_limit:4,random_seed:2,replication:3,num_threads:128,set_partition:false}",-1
c401600.json.gz,c,40,1600,MipTemplate,highs,MTFarkas,3,6,17139.32464079583,17388,1.4262709914883829,17388,0,40,200,0.01038,0.249059,0.467479,2220,213872.8323699422,1.8499999999999999,1,0,"{timeout:600,max_col_multiplier:1,age_limit:4,random_seed:2,replication:3,num_threads:128,set_partition:false}",1
c401600.json.gz,c,40,1600,MipTemplate,highs,MTFarkas,4,6,17139.32464079583,17427,,17427,,40,201,0.010153,0.259501,0.479252,2204,217078.69595193537,10.965174129353233,1,0,"{timeout:600,max_col_multiplier:1,age_limit:4,random_seed:3,replication:4,num_threads:128,set_partition:false}",-1
c401600.json.gz,c,40,1600,MipTemplate,highs,MTFarkas,4,6,17139.32464079583,17427,1.6468697997360418,17427,0,40,201,0.010153,0.259501,0.479273,2204,217078.69595193537,1.8275290215588722,1,0,"{timeout:600,max_col_multiplier:1,age_limit:4,random_seed:3,replication:4,num_threads:128,set_partition:false}",1
c401600.json.gz,c,40,1600,MipTemplate,highs,MTFarkas,5,5,17139.32464079583,17474,,17474,,40,160,0.007543,0.195894,0.409573,2202,291926.2892748243,13.7625,1,0,"{timeout:600,max_col_multiplier:1,age_limit:4,random_seed:4,replication:5,num_threads:128,set_partition:false}",-1
c401600.json.gz,c,40,1600,MipTemplate,highs,MTFarkas,5,5,17139.32464079583,17474,1.9114112395559115,17474,0,40,160,0.007543,0.195894,0.409579,2202,291926.2892748243,2.7525,1,0,"{timeout:600,max_col_multiplier:1,age_limit:4,random_seed:4,replication:5,num_threads:128,set_partition:false}",1
c40400.json.gz,c,40,400,Dantzig,highs,DantzigFarkas,1,4,4231.982216290857,inf,,24137.045454545456,,63,120,0.011811,0.001585,0.054333,1177,99652.8659723986,9.808333333333334,0,0,"{timeout:600,max_col_multiplier:1,age_limit:10,random_seed:0,replication:1,num_threads:128,set_partition:false}",-1
c40400.json.gz,c,40,400,Dantzig,highs,DantzigFarkas,1,4,4231.982216290857,inf,nan,24137.045454545456,0,63,120,0.011811,0.001585,0.054341,1177,99652.8659723986,2.4520833333333334,0,0,"{timeout:600,max_col_multiplier:1,age_limit:10,random_seed:0,replication:1,num_threads:128,set_partition:false}",1
c40400.json.gz,c,40,400,Dantzig,highs,DantzigFarkas,2,4,4231.982216290857,inf,,25144.49999999998,,47,120,0.012661,0.001687,0.052062,1192,94147.38172340258,9.933333333333334,0,0,"{timeout:600,max_col_multiplier:1,age_limit:10,random_seed:1,replication:2,num_threads:128,set_partition:false}",-1
c40400.json.gz,c,40,400,Dantzig,highs,DantzigFarkas,2,4,4231.982216290857,inf,nan,25144.49999999998,0,47,120,0.012661,0.001687,0.052069,1192,94147.38172340258,2.4833333333333334,0,0,"{timeout:600,max_col_multiplier:1,age_limit:10,random_seed:1,replication:2,num_threads:128,set_partition:false}",1
c40400.json.gz,c,40,400,Dantzig,highs,DantzigFarkas,3,4,4231.982216290857,inf,,24829.5,,53,120,0.011798,0.001449,0.052521,1116,94592.30378030175,9.3,0,0,"{timeout:600,max_col_multiplier:1,age_limit:10,random_seed:2,replication:3,num_threads:128,set_partition:false}",-1
c40400.json.gz,c,40,400,Dantzig,highs,DantzigFarkas,3,4,4231.982216290857,inf,nan,24829.5,0,53,120,0.011798,0.001449,0.052532,1116,94592.30378030175,2.325,0,0,"{timeout:600,max_col_multiplier:1,age_limit:10,random_seed:2,replication:3,num_threads:128,set_partition:false}",1
c40400.json.gz,c,40,400,Dantzig,highs,DantzigFarkas,4,4,4231.982216290857,inf,,24315,,54,120,0.012316,0.001469,0.053737,1238,100519.64923676518,10.316666666666666,0,0,"{timeout:600,max_col_multiplier:1,age_limit:10,random_seed:3,replication:4,num_threads:128,set_partition:false}",-1
c40400.json.gz,c,40,400,Dantzig,highs,DantzigFarkas,4,4,4231.982216290857,inf,nan,24315,0,54,120,0.012316,0.001469,0.053744,1238,100519.64923676518,2.5791666666666666,0,0,"{timeout:600,max_col_multiplier:1,age_limit:10,random_seed:3,replication:4,num_threads:128,set_partition:false}",1
c40400.json.gz,c,40,400,Dantzig,highs,DantzigFarkas,5,4,4231.982216290857,inf,,24654.66666666667,,56,120,0.010644,0.001438,0.05137,1160,108981.58586997369,9.666666666666666,0,0,"{timeout:600,max_col_multiplier:1,age_limit:10,random_seed:4,replication:5,num_threads:128,set_partition:false}",-1
c40400.json.gz,c,40,400,Dantzig,highs,DantzigFarkas,5,4,4231.982216290857,inf,nan,24654.66666666667,0,56,120,0.010644,0.001438,0.051378,1160,108981.58586997369,2.4166666666666665,0,0,"{timeout:600,max_col_multiplier:1,age_limit:10,random_seed:4,replication:5,num_threads:128,set_partition:false}",1
c40400.json.gz,c,40,400,LagrangeTemplate,highs,LTFarkas,1,4,4231.982216290857,4577,,4577,,40,124,0.001738,0.002044,0.041784,655,376869.9654775604,5.282258064516129,1,0,"{timeout:600,max_col_multiplier:1,age_limit:2,random_seed:0,replication:1,num_threads:128,set_partition:false}",-1
c40400.json.gz,c,40,400,LagrangeTemplate,highs,LTFarkas,1,4,4231.982216290857,4577,7.537688442211055,4577,0,40,124,0.001738,0.002044,0.041791,655,376869.9654775604,1.3205645161290323,1,0,"{timeout:600,max_col_multiplier:1,age_limit:2,random_seed:0,replication:1,num_threads:128,set_partition:false}",1
c40400.json.gz,c,40,400,LagrangeTemplate,highs,LTFarkas,2,4,4231.982216290857,4547,,4547,,40,123,0.001822,0.002146,0.041849,678,372118.5510428101,5.512195121951219,1,0,"{timeout:600,max_col_multiplier:1,age_limit:2,random_seed:1,replication:2,num_threads:128,set_partition:false}",-1
c40400.json.gz,c,40,400,LagrangeTemplate,highs,LTFarkas,2,4,4231.982216290857,4547,6.927644600835715,4547,0,40,123,0.001822,0.002146,0.04186,678,372118.5510428101,1.3780487804878048,1,0,"{timeout:600,max_col_multiplier:1,age_limit:2,random_seed:1,replication:2,num_threads:128,set_partition:false}",1
c40400.json.gz,c,40,400,LagrangeTemplate,highs,LTFarkas,3,4,4231.982216290857,4561,,4561,,40,122,0.001976,0.002058,0.042328,679,343623.4817813765,5.565573770491803,1,0,"{timeout:600,max_col_multiplier:1,age_limit:2,random_seed:2,replication:3,num_threads:128,set_partition:false}",-1
c40400.json.gz,c,40,400,LagrangeTemplate,highs,LTFarkas,3,4,4231.982216290857,4561,7.213330409997807,4561,0,40,122,0.001976,0.002058,0.042334,679,343623.4817813765,1.3913934426229508,1,0,"{timeout:600,max_col_multiplier:1,age_limit:2,random_seed:2,replication:3,num_threads:128,set_partition:false}",1
c40400.json.gz,c,40,400,LagrangeTemplate,highs,LTFarkas,4,4,4231.982216290857,4530,,4530,,40,125,0.001912,0.002147,0.041855,682,356694.560669456,5.456,1,0,"{timeout:600,max_col_multiplier:1,age_limit:2,random_seed:3,replication:4,num_threads:128,set_partition:false}",-1
c40400.json.gz,c,40,400,LagrangeTemplate,highs,LTFarkas,4,4,4231.982216290857,4530,6.578366445916115,4530,0,40,125,0.001912,0.002147,0.041862,682,356694.560669456,1.364,1,0,"{timeout:600,max_col_multiplier:1,age_limit:2,random_seed:3,replication:4,num_threads:128,set_partition:false}",1
c40400.json.gz,c,40,400,LagrangeTemplate,highs,LTFarkas,5,4,4231.982216290857,4556,,4556,,40,124,0.001747,0.00238,0.041911,657,376073.2684602175,5.298387096774194,1,0,"{timeout:600,max_col_multiplier:1,age_limit:2,random_seed:4,replication:5,num_threads:128,set_partition:false}",-1
c40400.json.gz,c,40,400,LagrangeTemplate,highs,LTFarkas,5,4,4231.982216290857,4556,7.111501316944688,4556,0,40,124,0.001747,0.00238,0.041918,657,376073.2684602175,1.3245967741935485,1,0,"{timeout:600,max_col_multiplier:1,age_limit:2,random_seed:4,replication:5,num_threads:128,set_partition:false}",1
c40400.json.gz,c,40,400,MipTemplate,highs,MTFarkas,1,4,4231.982216290857,4526,,4526,,40,121,0.00231,0.10702,0.169597,657,284415.5844155844,5.429752066115703,1,0,"{timeout:600,max_col_multiplier:1,age_limit:2,random_seed:0,replication:1,num_threads:128,set_partition:false}",-1
c40400.json.gz,c,40,400,MipTemplate,highs,MTFarkas,1,4,4231.982216290857,4526,6.495802032699956,4526,0,40,121,0.00231,0.10702,0.169607,657,284415.5844155844,1.3574380165289257,1,0,"{timeout:600,max_col_multiplier:1,age_limit:2,random_seed:0,replication:1,num_threads:128,set_partition:false}",1
c40400.json.gz,c,40,400,MipTemplate,highs,MTFarkas,2,4,4231.982216290857,4488,,4488,,40,121,0.001931,0.115866,0.178397,656,339720.3521491455,5.421487603305785,1,0,"{timeout:600,max_col_multiplier:1,age_limit:2,random_seed:1,replication:2,num_threads:128,set_partition:false}",-1
c40400.json.gz,c,40,400,MipTemplate,highs,MTFarkas,2,4,4231.982216290857,4488,5.704099821746881,4488,0,40,121,0.001931,0.115866,0.178412,656,339720.3521491455,1.3553719008264462,1,0,"{timeout:600,max_col_multiplier:1,age_limit:2,random_seed:1,replication:2,num_threads:128,set_partition:false}",1
c40400.json.gz,c,40,400,MipTemplate,highs,MTFarkas,3,4,4231.982216290857,4487,,4487,,40,121,0.002298,0.097319,0.162219,667,290252.3933855526,5.512396694214876,1,0,"{timeout:600,max_col_multiplier:1,age_limit:2,random_seed:2,replication:3,num_threads:128,set_partition:false}",-1
c40400.json.gz,c,40,400,MipTemplate,highs,MTFarkas,3,4,4231.982216290857,4487,5.683084466235792,4487,0,40,121,0.002298,0.097319,0.162229,667,290252.3933855526,1.378099173553719,1,0,"{timeout:600,max_col_multiplier:1,age_limit:2,random_seed:2,replication:3,num_threads:128,set_partition:false}",1
c40400.json.gz,c,40,400,MipTemplate,highs,MTFarkas,4,4,4231.982216290857,4478,,4478,,40,121,0.00236,0.10996,0.170876,664,281355.9322033898,5.487603305785124,1,0,"{timeout:600,max_col_multiplier:1,age_limit:2,random_seed:3,replication:4,num_threads:128,set_partition:false}",-1
c40400.json.gz,c,40,400,MipTemplate,highs,MTFarkas,4,4,4231.982216290857,4478,5.493523894595802,4478,0,40,121,0.00236,0.10996,0.170887,664,281355.9322033898,1.371900826446281,1,0,"{timeout:600,max_col_multiplier:1,age_limit:2,random_seed:3,replication:4,num_threads:128,set_partition:false}",1
c40400.json.gz,c,40,400,MipTemplate,highs,MTFarkas,5,4,4231.982216290857,4474,,4474,,40,121,0.0017,0.104556,0.166573,650,382352.9411764706,5.371900826446281,1,0,"{timeout:600,max_col_multiplier:1,age_limit:2,random_seed:4,replication:5,num_threads:128,set_partition:false}",-1
c40400.json.gz,c,40,400,MipTemplate,highs,MTFarkas,5,4,4231.982216290857,4474,5.4090299508270006,4474,0,40,121,0.0017,0.104556,0.166583,650,382352.9411764706,1.3429752066115703,1,0,"{timeout:600,max_col_multiplier:1,age_limit:2,random_seed:4,replication:5,num_threads:128,set_partition:false}",1
c60900.json.gz,c,60,900,Dantzig,highs,DantzigFarkas,1,4,9315.038004427197,inf,,58245,,91,180,0.051982,0.003146,0.245581,2880,55403.79362086876,16,0,0,"{timeout:600,max_col_multiplier:1,age_limit:20,random_seed:0,replication:1,num_threads:128,set_partition:false}",-1
c60900.json.gz,c,60,900,Dantzig,highs,DantzigFarkas,1,4,9315.038004427197,inf,nan,58245,0,91,180,0.051982,0.003146,0.245589,2880,55403.79362086876,4,0,0,"{timeout:600,max_col_multiplier:1,age_limit:20,random_seed:0,replication:1,num_threads:128,set_partition:false}",1
c60900.json.gz,c,60,900,Dantzig,highs,DantzigFarkas,2,4,9315.038004427197,inf,,58807.99999999996,,84,180,0.064495,0.001907,0.251389,3232,50112.411814869374,17.955555555555556,0,0,"{timeout:600,max_col_multiplier:1,age_limit:20,random_seed:1,replication:2,num_threads:128,set_partition:false}",-1
c60900.json.gz,c,60,900,Dantzig,highs,DantzigFarkas,2,4,9315.038004427197,inf,nan,58807.99999999996,0,84,180,0.064495,0.001907,0.251396,3232,50112.411814869374,4.488888888888889,0,0,"{timeout:600,max_col_multiplier:1,age_limit:20,random_seed:1,replication:2,num_threads:128,set_partition:false}",1
c60900.json.gz,c,60,900,Dantzig,highs,DantzigFarkas,3,4,9315.038004427197,inf,,59529.409090909096,,98,180,0.065554,0.002154,0.264368,3154,48113.00607133051,17.522222222222222,0,0,"{timeout:600,max_col_multiplier:1,age_limit:20,random_seed:2,replication:3,num_threads:128,set_partition:false}",-1
c60900.json.gz,c,60,900,Dantzig,highs,DantzigFarkas,3,4,9315.038004427197,inf,nan,59529.409090909096,0,98,180,0.065554,0.002154,0.264374,3154,48113.00607133051,4.3805555555555555,0,0,"{timeout:600,max_col_multiplier:1,age_limit:20,random_seed:2,replication:3,num_threads:128,set_partition:false}",1
c60900.json.gz,c,60,900,Dantzig,highs,DantzigFarkas,4,4,9315.038004427197,inf,,59643.40000000001,,96,180,0.053785,0.002158,0.237729,2977,55350.0046481361,16.538888888888888,0,0,"{timeout:600,max_col_multiplier:1,age_limit:20,random_seed:3,replication:4,num_threads:128,set_partition:false}",-1
c60900.json.gz,c,60,900,Dantzig,highs,DantzigFarkas,4,4,9315.038004427197,inf,nan,59643.40000000001,0,96,180,0.053785,0.002158,0.237736,2977,55350.0046481361,4.134722222222222,0,0,"{timeout:600,max_col_multiplier:1,age_limit:20,random_seed:3,replication:4,num_threads:128,set_partition:false}",1
c60900.json.gz,c,60,900,Dantzig,highs,DantzigFarkas,5,5,9315.038004427197,inf,,53598.18535517581,,142,240,0.063982,0.003049,0.256321,3169,49529.55518739646,13.204166666666667,0,0,"{timeout:600,max_col_multiplier:1,age_limit:20,random_seed:4,replication:5,num_threads:128,set_partition:false}",-1
c60900.json.gz,c,60,900,Dantzig,highs,DantzigFarkas,5,5,9315.038004427197,inf,nan,53598.18535517581,0,142,240,0.063982,0.003049,0.256329,3169,49529.55518739646,2.6408333333333336,0,0,"{timeout:600,max_col_multiplier:1,age_limit:20,random_seed:4,replication:5,num_threads:128,set_partition:false}",1
c60900.json.gz,c,60,900,LagrangeTemplate,highs,LTFarkas,1,4,9315.038004427197,9859,,9859,,60,183,0.003545,0.004809,0.187483,1506,424823.6953455571,8.229508196721312,1,0,"{timeout:600,max_col_multiplier:1,age_limit:2,random_seed:0,replication:1,num_threads:128,set_partition:false}",-1
c60900.json.gz,c,60,900,LagrangeTemplate,highs,LTFarkas,1,4,9315.038004427197,9859,5.507657977482503,9859,0,60,183,0.003545,0.004809,0.18749,1506,424823.6953455571,2.057377049180328,1,0,"{timeout:600,max_col_multiplier:1,age_limit:2,random_seed:0,replication:1,num_threads:128,set_partition:false}",1
c60900.json.gz,c,60,900,LagrangeTemplate,highs,LTFarkas,2,4,9315.038004427197,9811,,9811,,60,184,0.003482,0.003898,0.175367,1489,427627.80011487653,8.092391304347826,1,0,"{timeout:600,max_col_multiplier:1,age_limit:2,random_seed:1,replication:2,num_threads:128,set_partition:false}",-1
c60900.json.gz,c,60,900,LagrangeTemplate,highs,LTFarkas,2,4,9315.038004427197,9811,5.04535725206401,9811,0,60,184,0.003482,0.003898,0.175374,1489,427627.80011487653,2.0230978260869565,1,0,"{timeout:600,max_col_multiplier:1,age_limit:2,random_seed:1,replication:2,num_threads:128,set_partition:false}",1
c60900.json.gz,c,60,900,LagrangeTemplate,highs,LTFarkas,3,4,9315.038004427197,9822,,9822,,60,185,0.003548,0.003852,0.175083,1509,425310.0338218715,8.156756756756756,1,0,"{timeout:600,max_col_multiplier:1,age_limit:2,random_seed:2,replication:3,num_threads:128,set_partition:false}",-1
c60900.json.gz,c,60,900,LagrangeTemplate,highs,LTFarkas,3,4,9315.038004427197,9822,5.151700264711871,9822,0,60,185,0.003548,0.003852,0.175089,1509,425310.0338218715,2.039189189189189,1,0,"{timeout:600,max_col_multiplier:1,age_limit:2,random_seed:2,replication:3,num_threads:128,set_partition:false}",1
c60900.json.gz,c,60,900,LagrangeTemplate,highs,LTFarkas,4,4,9315.038004427197,9823,,9823,,60,187,0.003812,0.003882,0.177707,1545,405299.055613851,8.262032085561497,1,0,"{timeout:600,max_col_multiplier:1,age_limit:2,random_seed:3,replication:4,num_threads:128,set_partition:false}",-1
c60900.json.gz,c,60,900,LagrangeTemplate,highs,LTFarkas,4,4,9315.038004427197,9823,5.161356001221622,9823,0,60,187,0.003812,0.003882,0.177714,1545,405299.055613851,2.0655080213903743,1,0,"{timeout:600,max_col_multiplier:1,age_limit:2,random_seed:3,replication:4,num_threads:128,set_partition:false}",1
c60900.json.gz,c,60,900,LagrangeTemplate,highs,LTFarkas,5,4,9315.038004427197,9864,,9864,,60,189,0.003968,0.004504,0.176359,1560,393145.16129032255,8.253968253968255,1,0,"{timeout:600,max_col_multiplier:1,age_limit:2,random_seed:4,replication:5,num_threads:128,set_partition:false}",-1
c60900.json.gz,c,60,900,LagrangeTemplate,highs,LTFarkas,5,4,9315.038004427197,9864,5.555555555555555,9864,0,60,189,0.003968,0.004504,0.176366,1560,393145.16129032255,2.0634920634920637,1,0,"{timeout:600,max_col_multiplier:1,age_limit:2,random_seed:4,replication:5,num_threads:128,set_partition:false}",1
c60900.json.gz,c,60,900,MipTemplate,highs,MTFarkas,1,5,9315.038004427197,9776,,9776,,60,240,0.004826,0.169893,0.362699,1521,315167.8408619975,6.3375,1,0,"{timeout:600,max_col_multiplier:1,age_limit:2,random_seed:0,replication:1,num_threads:128,set_partition:false}",-1
c60900.json.gz,c,60,900,MipTemplate,highs,MTFarkas,1,5,9315.038004427197,9776,4.705400981996727,9776,0,60,240,0.004826,0.169893,0.362708,1521,315167.8408619975,1.2675,1,0,"{timeout:600,max_col_multiplier:1,age_limit:2,random_seed:0,replication:1,num_threads:128,set_partition:false}",1
c60900.json.gz,c,60,900,MipTemplate,highs,MTFarkas,2,5,9315.038004427197,9780,,9780,,60,240,0.005558,0.165562,0.35259,1527,274739.1147894926,6.3625,1,0,"{timeout:600,max_col_multiplier:1,age_limit:2,random_seed:1,replication:2,num_threads:128,set_partition:false}",-1
c60900.json.gz,c,60,900,MipTemplate,highs,MTFarkas,2,5,9315.038004427197,9780,4.74437627811861,9780,0,60,240,0.005558,0.165562,0.352603,1527,274739.1147894926,1.2725,1,0,"{timeout:600,max_col_multiplier:1,age_limit:2,random_seed:1,replication:2,num_threads:128,set_partition:false}",1
c60900.json.gz,c,60,900,MipTemplate,highs,MTFarkas,3,5,9315.038004427197,9767,,9767,,60,241,0.00551,0.176703,0.367619,1534,278402.90381125227,6.365145228215767,1,0,"{timeout:600,max_col_multiplier:1,age_limit:2,random_seed:2,replication:3,num_threads:128,set_partition:false}",-1
c60900.json.gz,c,60,900,MipTemplate,highs,MTFarkas,3,5,9315.038004427197,9767,4.617589843350056,9767,0,60,241,0.00551,0.176703,0.367629,1534,278402.90381125227,1.2730290456431534,1,0,"{timeout:600,max_col_multiplier:1,age_limit:2,random_seed:2,replication:3,num_threads:128,set_partition:false}",1
c60900.json.gz,c,60,900,MipTemplate,highs,MTFarkas,4,5,9315.038004427197,9835,,9835,,60,242,0.006107,0.176156,0.36519,1559,255280.82528246276,6.4421487603305785,1,0,"{timeout:600,max_col_multiplier:1,age_limit:2,random_seed:3,replication:4,num_threads:128,set_partition:false}",-1
c60900.json.gz,c,60,900,MipTemplate,highs,MTFarkas,4,5,9315.038004427197,9835,5.277071682765633,9835,0,60,242,0.006107,0.176156,0.3652,1559,255280.82528246276,1.2884297520661157,1,0,"{timeout:600,max_col_multiplier:1,age_limit:2,random_seed:3,replication:4,num_threads:128,set_partition:false}",1
c60900.json.gz,c,60,900,MipTemplate,highs,MTFarkas,5,5,9315.038004427197,9951,,9951,,60,241,0.006093,0.173499,0.363062,1577,258821.59855571965,6.54356846473029,1,0,"{timeout:600,max_col_multiplier:1,age_limit:2,random_seed:4,replication:5,num_threads:128,set_partition:false}",-1
c60900.json.gz,c,60,900,MipTemplate,highs,MTFarkas,5,5,9315.038004427197,9951,6.3812682142498245,9951,0,60,241,0.006093,0.173499,0.363075,1577,258821.59855571965,1.308713692946058,1,0,"{timeout:600,max_col_multiplier:1,age_limit:2,random_seed:4,replication:5,num_threads:128,set_partition:false}",1
c801600.json.gz,c,80,1600,Dantzig,highs,DantzigFarkas,1,5,16283,inf,,96919.2044798444,,199,320,0.2046,0.007148,0.855074,5879,28734.11534701857,18.371875,0,0,"{timeout:600,max_col_multiplier:1,age_limit:34,random_seed:0,replication:1,num_threads:128,set_partition:false}",-1
c801600.json.gz,c,80,1600,Dantzig,highs,DantzigFarkas,1,5,16283,inf,nan,96919.2044798444,0,199,320,0.2046,0.007148,0.855082,5879,28734.11534701857,3.674375,0,0,"{timeout:600,max_col_multiplier:1,age_limit:34,random_seed:0,replication:1,num_threads:128,set_partition:false}",1
c801600.json.gz,c,80,1600,Dantzig,highs,DantzigFarkas,2,4,16283,inf,,107444.52777777778,,139,240,0.229794,0.006052,0.842861,6397,27837.976622540187,26.654166666666665,0,0,"{timeout:600,max_col_multiplier:1,age_limit:34,random_seed:1,replication:2,num_threads:128,set_partition:false}",-1
c801600.json.gz,c,80,1600,Dantzig,highs,DantzigFarkas,2,4,16283,inf,nan,107444.52777777778,0,139,240,0.229794,0.006052,0.842867,6397,27837.976622540187,6.663541666666666,0,0,"{timeout:600,max_col_multiplier:1,age_limit:34,random_seed:1,replication:2,num_threads:128,set_partition:false}",1
c801600.json.gz,c,80,1600,Dantzig,highs,DantzigFarkas,3,5,16283,inf,,98349.50074420728,,203,320,0.219123,0.00588,0.922123,6063,27669.39116386687,18.946875,0,0,"{timeout:600,max_col_multiplier:1,age_limit:34,random_seed:2,replication:3,num_threads:128,set_partition:false}",-1
c801600.json.gz,c,80,1600,Dantzig,highs,DantzigFarkas,3,5,16283,inf,nan,98349.50074420728,0,203,320,0.219123,0.00588,0.922129,6063,27669.39116386687,3.7893749999999997,0,0,"{timeout:600,max_col_multiplier:1,age_limit:34,random_seed:2,replication:3,num_threads:128,set_partition:false}",1
c801600.json.gz,c,80,1600,Dantzig,highs,DantzigFarkas,4,4,16283,inf,,106293.61111111111,,145,240,0.213534,0.002789,0.835609,6077,28459.16809501063,25.320833333333333,0,0,"{timeout:600,max_col_multiplier:1,age_limit:34,random_seed:3,replication:4,num_threads:128,set_partition:false}",-1
c801600.json.gz,c,80,1600,Dantzig,highs,DantzigFarkas,4,4,16283,inf,nan,106293.61111111111,0,145,240,0.213534,0.002789,0.835616,6077,28459.16809501063,6.330208333333333,0,0,"{timeout:600,max_col_multiplier:1,age_limit:34,random_seed:3,replication:4,num_threads:128,set_partition:false}",1
c801600.json.gz,c,80,1600,Dantzig,highs,DantzigFarkas,5,4,16283,inf,,106021.29999999996,,139,240,0.218167,0.003538,0.796858,6130,28097.74163828627,25.541666666666668,0,0,"{timeout:600,max_col_multiplier:1,age_limit:34,random_seed:4,replication:5,num_threads:128,set_partition:false}",-1
c801600.json.gz,c,80,1600,Dantzig,highs,DantzigFarkas,5,4,16283,inf,nan,106021.29999999996,0,139,240,0.218167,0.003538,0.796865,6130,28097.74163828627,6.385416666666667,0,0,"{timeout:600,max_col_multiplier:1,age_limit:34,random_seed:4,replication:5,num_threads:128,set_partition:false}",1
c801600.json.gz,c,80,1600,LagrangeTemplate,highs,LTFarkas,1,4,16283,16939,,16939,,80,251,0.007169,0.00766,0.606235,2620,365462.40758822707,10.43824701195219,1,0,"{timeout:600,max_col_multiplier:1,age_limit:2,random_seed:0,replication:1,num_threads:128,set_partition:false}",-1
c801600.json.gz,c,80,1600,LagrangeTemplate,highs,LTFarkas,1,4,16283,16939,3.8727197591357223,16939,0,80,251,0.007169,0.00766,0.606242,2620,365462.40758822707,2.6095617529880477,1,0,"{timeout:600,max_col_multiplier:1,age_limit:2,random_seed:0,replication:1,num_threads:128,set_partition:false}",1
c801600.json.gz,c,80,1600,LagrangeTemplate,highs,LTFarkas,2,4,16283,16978,,16978,,80,252,0.007425,0.006786,0.554863,2626,353670.0336700337,10.420634920634921,1,0,"{timeout:600,max_col_multiplier:1,age_limit:2,random_seed:1,replication:2,num_threads:128,set_partition:false}",-1
c801600.json.gz,c,80,1600,LagrangeTemplate,highs,LTFarkas,2,4,16283,16978,4.09353280716221,16978,0,80,252,0.007425,0.006786,0.55487,2626,353670.0336700337,2.6051587301587302,1,0,"{timeout:600,max_col_multiplier:1,age_limit:2,random_seed:1,replication:2,num_threads:128,set_partition:false}",1
c801600.json.gz,c,80,1600,LagrangeTemplate,highs,LTFarkas,3,4,16283,17100,,17100,,80,253,0.007423,0.007129,0.551346,2642,355920.7867439041,10.442687747035572,1,0,"{timeout:600,max_col_multiplier:1,age_limit:2,random_seed:2,replication:3,num_threads:128,set_partition:false}",-1
c801600.json.gz,c,80,1600,LagrangeTemplate,highs,LTFarkas,3,4,16283,17100,4.777777777777778,17100,0,80,253,0.007423,0.007129,0.551353,2642,355920.7867439041,2.610671936758893,1,0,"{timeout:600,max_col_multiplier:1,age_limit:2,random_seed:2,replication:3,num_threads:128,set_partition:false}",1
c801600.json.gz,c,80,1600,LagrangeTemplate,highs,LTFarkas,4,4,16283,16985,,16985,,80,253,0.007064,0.007275,0.549864,2617,370469.9886749717,10.34387351778656,1,0,"{timeout:600,max_col_multiplier:1,age_limit:2,random_seed:3,replication:4,num_threads:128,set_partition:false}",-1
c801600.json.gz,c,80,1600,LagrangeTemplate,highs,LTFarkas,4,4,16283,16985,4.133058581100971,16985,0,80,253,0.007064,0.007275,0.54987,2617,370469.9886749717,2.58596837944664,1,0,"{timeout:600,max_col_multiplier:1,age_limit:2,random_seed:3,replication:4,num_threads:128,set_partition:false}",1
c801600.json.gz,c,80,1600,LagrangeTemplate,highs,LTFarkas,5,4,16283,16949.000000000004,,16949,,80,251,0.007037,0.006938,0.550829,2619,372175.64302970015,10.434262948207172,1,0,"{timeout:600,max_col_multiplier:1,age_limit:2,random_seed:4,replication:5,num_threads:128,set_partition:false}",-1
c801600.json.gz,c,80,1600,LagrangeTemplate,highs,LTFarkas,5,4,16283,16949.000000000004,3.929435364918305,16949,0,80,251,0.007037,0.006938,0.550835,2619,372175.64302970015,2.608565737051793,1,0,"{timeout:600,max_col_multiplier:1,age_limit:2,random_seed:4,replication:5,num_threads:128,set_partition:false}",1
c801600.json.gz,c,80,1600,MipTemplate,highs,MTFarkas,1,5,16283,16948,,16948,,80,320,0.011829,0.257088,0.865695,2621,221574.09755685183,8.190625,1,0,"{timeout:600,max_col_multiplier:1,age_limit:2,random_seed:0,replication:1,num_threads:128,set_partition:false}",-1
c801600.json.gz,c,80,1600,MipTemplate,highs,MTFarkas,1,5,16283,16948,3.923766816143498,16948,0,80,320,0.011829,0.257088,0.865708,2621,221574.09755685183,1.638125,1,0,"{timeout:600,max_col_multiplier:1,age_limit:2,random_seed:0,replication:1,num_threads:128,set_partition:false}",1
c801600.json.gz,c,80,1600,MipTemplate,highs,MTFarkas,2,5,16283,16977,,16977,,80,320,0.01175,0.251842,0.866541,2601,221361.70212765958,8.128125,1,0,"{timeout:600,max_col_multiplier:1,age_limit:2,random_seed:1,replication:2,num_threads:128,set_partition:false}",-1
c801600.json.gz,c,80,1600,MipTemplate,highs,MTFarkas,2,5,16283,16977,4.087883607233316,16977,0,80,320,0.01175,0.251842,0.866552,2601,221361.70212765958,1.625625,1,0,"{timeout:600,max_col_multiplier:1,age_limit:2,random_seed:1,replication:2,num_threads:128,set_partition:false}",1
c801600.json.gz,c,80,1600,MipTemplate,highs,MTFarkas,3,5,16283,16849,,16849,,80,321,0.010452,0.238276,0.809413,2627,251339.45656333718,8.18380062305296,1,0,"{timeout:600,max_col_multiplier:1,age_limit:2,random_seed:2,replication:3,num_threads:128,set_partition:false}",-1
c801600.json.gz,c,80,1600,MipTemplate,highs,MTFarkas,3,5,16283,16849,3.3592498071102144,16849,0,80,321,0.010452,0.238276,0.809425,2627,251339.45656333718,1.636760124610592,1,0,"{timeout:600,max_col_multiplier:1,age_limit:2,random_seed:2,replication:3,num_threads:128,set_partition:false}",1
c801600.json.gz,c,80,1600,MipTemplate,highs,MTFarkas,4,6,16283,16947,,16947,,80,402,0.013997,0.311199,0.893438,2647,189111.9525612631,6.58457711442786,1,0,"{timeout:600,max_col_multiplier:1,age_limit:2,random_seed:3,replication:4,num_threads:128,set_partition:false}",-1
c801600.json.gz,c,80,1600,MipTemplate,highs,MTFarkas,4,6,16283,16947,3.918097598394996,16947,0,80,402,0.013997,0.311199,0.893457,2647,189111.9525612631,1.0974295190713101,1,0,"{timeout:600,max_col_multiplier:1,age_limit:2,random_seed:3,replication:4,num_threads:128,set_partition:false}",1
c801600.json.gz,c,80,1600,MipTemplate,highs,MTFarkas,5,6,16283,inf,,16907,,88,400,0.014626,0.305376,0.883269,2643,180705.59277998086,6.6075,0,0,"{timeout:600,max_col_multiplier:1,age_limit:2,random_seed:4,replication:5,num_threads:128,set_partition:false}",-1
c801600.json.gz,c,80,1600,MipTemplate,highs,MTFarkas,5,6,16283,inf,nan,16907,0,88,400,0.014626,0.305376,0.883286,2643,180705.59277998086,1.10125,0,0,"{timeout:600,max_col_multiplier:1,age_limit:2,random_seed:4,replication:5,num_threads:128,set_partition:false}",1
d05100.json.gz,d,5,100,Dantzig,highs,DantzigFarkas,1,5,6345.412611885934,inf,,11812.500000000002,,9,20,0.001502,0.001469,0.005564,293,195073.23568575233,14.65,0,0,"{timeout:600,max_col_multiplier:1,age_limit:34,random_seed:0,replication:1,num_threads:128,set_partition:false}",-1
d05100.json.gz,d,5,100,Dantzig,highs,DantzigFarkas,1,5,6345.412611885934,inf,nan,11812.500000000002,0,9,20,0.001502,0.001469,0.00557,293,195073.23568575233,2.93,0,0,"{timeout:600,max_col_multiplier:1,age_limit:34,random_seed:0,replication:1,num_threads:128,set_partition:false}",1
d05100.json.gz,d,5,100,Dantzig,highs,DantzigFarkas,2,6,6345.412611885934,inf,,10354.999999999936,,15,25,0.002023,0.001674,0.006345,315,155709.34256055363,12.6,0,0,"{timeout:600,max_col_multiplier:1,age_limit:34,random_seed:1,replication:2,num_threads:128,set_partition:false}",-1
d05100.json.gz,d,5,100,Dantzig,highs,DantzigFarkas,2,6,6345.412611885934,inf,nan,10354.999999999936,0,15,25,0.002023,0.001674,0.006356,315,155709.34256055363,2.1,0,0,"{timeout:600,max_col_multiplier:1,age_limit:34,random_seed:1,replication:2,num_threads:128,set_partition:false}",1
d05100.json.gz,d,5,100,Dantzig,highs,DantzigFarkas,3,5,6345.412611885934,inf,,10421,,10,20,0.002261,0.001536,0.006519,299,132242.3706324635,14.95,0,0,"{timeout:600,max_col_multiplier:1,age_limit:34,random_seed:2,replication:3,num_threads:128,set_partition:false}",-1
d05100.json.gz,d,5,100,Dantzig,highs,DantzigFarkas,3,5,6345.412611885934,inf,nan,10421,0,10,20,0.002261,0.001536,0.006528,299,132242.3706324635,2.9899999999999998,0,0,"{timeout:600,max_col_multiplier:1,age_limit:34,random_seed:2,replication:3,num_threads:128,set_partition:false}",1
d05100.json.gz,d,5,100,Dantzig,highs,DantzigFarkas,4,7,6345.412611885934,inf,,10475.888888888889,,19,30,0.00222,0.002168,0.007089,321,144594.5945945946,10.7,0,0,"{timeout:600,max_col_multiplier:1,age_limit:34,random_seed:3,replication:4,num_threads:128,set_partition:false}",-1
d05100.json.gz,d,5,100,Dantzig,highs,DantzigFarkas,4,7,6345.412611885934,inf,nan,10475.888888888889,0,19,30,0.00222,0.002168,0.007097,321,144594.5945945946,1.5285714285714285,0,0,"{timeout:600,max_col_multiplier:1,age_limit:34,random_seed:3,replication:4,num_threads:128,set_partition:false}",1
d05100.json.gz,d,5,100,Dantzig,highs,DantzigFarkas,5,6,6345.412611885934,inf,,10314.888888888903,,19,25,0.002496,0.001866,0.007265,319,127804.48717948719,12.76,0,0,"{timeout:600,max_col_multiplier:1,age_limit:34,random_seed:4,replication:5,num_threads:128,set_partition:false}",-1
d05100.json.gz,d,5,100,Dantzig,highs,DantzigFarkas,5,6,6345.412611885934,inf,nan,10314.888888888903,0,19,25,0.002496,0.001866,0.007273,319,127804.48717948719,2.1266666666666665,0,0,"{timeout:600,max_col_multiplier:1,age_limit:34,random_seed:4,replication:5,num_threads:128,set_partition:false}",1
d05100.json.gz,d,5,100,LagrangeTemplate,highs,LTFarkas,1,4,6345.412611885934,6555,,6555,,5,16,0.000633,0.001618,0.004833,194,306477.09320695105,12.125,1,0,"{timeout:600,max_col_multiplier:1,age_limit:2,random_seed:0,replication:1,num_threads:128,set_partition:false}",-1
d05100.json.gz,d,5,100,LagrangeTemplate,highs,LTFarkas,1,4,6345.412611885934,6555,3.1884057971014492,6555,0,5,16,0.000633,0.001618,0.004841,194,306477.09320695105,3.03125,1,0,"{timeout:600,max_col_multiplier:1,age_limit:2,random_seed:0,replication:1,num_threads:128,set_partition:false}",1
d05100.json.gz,d,5,100,LagrangeTemplate,highs,LTFarkas,2,5,6345.412611885934,6555,,6555,,5,21,0.000925,0.002248,0.005773,207,223783.7837837838,9.857142857142858,1,0,"{timeout:600,max_col_multiplier:1,age_limit:2,random_seed:1,replication:2,num_threads:128,set_partition:false}",-1
d05100.json.gz,d,5,100,LagrangeTemplate,highs,LTFarkas,2,5,6345.412611885934,6555,3.1884057971014492,6555,0,5,21,0.000925,0.002248,0.005779,207,223783.7837837838,1.9714285714285715,1,0,"{timeout:600,max_col_multiplier:1,age_limit:2,random_seed:1,replication:2,num_threads:128,set_partition:false}",1
d05100.json.gz,d,5,100,LagrangeTemplate,highs,LTFarkas,3,5,6345.412611885934,6522,,6522,,5,20,0.001105,0.002421,0.005971,201,181900.45248868776,10.05,1,0,"{timeout:600,max_col_multiplier:1,age_limit:2,random_seed:2,replication:3,num_threads:128,set_partition:false}",-1
d05100.json.gz,d,5,100,LagrangeTemplate,highs,LTFarkas,3,5,6345.412611885934,6522,2.698558724317694,6522,0,5,20,0.001105,0.002421,0.005978,201,181900.45248868776,2.0100000000000002,1,0,"{timeout:600,max_col_multiplier:1,age_limit:2,random_seed:2,replication:3,num_threads:128,set_partition:false}",1
d05100.json.gz,d,5,100,LagrangeTemplate,highs,LTFarkas,4,4,6345.412611885934,6505,,6505,,5,15,0.000637,0.001613,0.004693,196,307692.3076923077,13.066666666666666,1,0,"{timeout:600,max_col_multiplier:1,age_limit:2,random_seed:3,replication:4,num_threads:128,set_partition:false}",-1
d05100.json.gz,d,5,100,LagrangeTemplate,highs,LTFarkas,4,4,6345.412611885934,6505,2.444273635664873,6505,0,5,15,0.000637,0.001613,0.004705,196,307692.3076923077,3.2666666666666666,1,0,"{timeout:600,max_col_multiplier:1,age_limit:2,random_seed:3,replication:4,num_threads:128,set_partition:false}",1
d05100.json.gz,d,5,100,LagrangeTemplate,highs,LTFarkas,5,4,6345.412611885934,6511,,6511,,5,15,0.000673,0.001651,0.004784,196,291233.2838038633,13.066666666666666,1,0,"{timeout:600,max_col_multiplier:1,age_limit:2,random_seed:4,replication:5,num_threads:128,set_partition:false}",-1
d05100.json.gz,d,5,100,LagrangeTemplate,highs,LTFarkas,5,4,6345.412611885934,6511,2.5341729381047458,6511,0,5,15,0.000673,0.001651,0.00479,196,291233.2838038633,3.2666666666666666,1,0,"{timeout:600,max_col_multiplier:1,age_limit:2,random_seed:4,replication:5,num_threads:128,set_partition:false}",1
d05100.json.gz,d,5,100,MipTemplate,highs,MTFarkas,1,4,6345.412611885934,6498,,6498,,5,15,0.00075,0.061902,0.067521,196,261333.3333333333,13.066666666666666,1,0,"{timeout:600,max_col_multiplier:1,age_limit:2,random_seed:0,replication:1,num_threads:128,set_partition:false}",-1
d05100.json.gz,d,5,100,MipTemplate,highs,MTFarkas,1,4,6345.412611885934,6498,2.3391812865497075,6498,0,5,15,0.00075,0.061902,0.067534,196,261333.3333333333,3.2666666666666666,1,0,"{timeout:600,max_col_multiplier:1,age_limit:2,random_seed:0,replication:1,num_threads:128,set_partition:false}",1
d05100.json.gz,d,5,100,MipTemplate,highs,MTFarkas,2,5,6345.412611885934,6476,,6476,,5,20,0.001092,0.061879,0.069379,203,185897.43589743588,10.15,1,0,"{timeout:600,max_col_multiplier:1,age_limit:2,random_seed:1,replication:2,num_threads:128,set_partition:false}",-1
d05100.json.gz,d,5,100,MipTemplate,highs,MTFarkas,2,5,6345.412611885934,6476,2.007411982705374,6476,0,5,20,0.001092,0.061879,0.069392,203,185897.43589743588,2.0300000000000002,1,0,"{timeout:600,max_col_multiplier:1,age_limit:2,random_seed:1,replication:2,num_threads:128,set_partition:false}",1
d05100.json.gz,d,5,100,MipTemplate,highs,MTFarkas,3,4,6345.412611885934,6498,,6498,,5,15,0.000885,0.065524,0.07382,198,223728.81355932204,13.2,1,0,"{timeout:600,max_col_multiplier:1,age_limit:2,random_seed:2,replication:3,num_threads:128,set_partition:false}",-1
d05100.json.gz,d,5,100,MipTemplate,highs,MTFarkas,3,4,6345.412611885934,6498,2.3391812865497075,6498,0,5,15,0.000885,0.065524,0.073834,198,223728.81355932204,3.3,1,0,"{timeout:600,max_col_multiplier:1,age_limit:2,random_seed:2,replication:3,num_threads:128,set_partition:false}",1
d05100.json.gz,d,5,100,MipTemplate,highs,MTFarkas,4,4,6345.412611885934,6498,,6498,,5,15,0.001045,0.050648,0.058726,198,189473.68421052632,13.2,1,0,"{timeout:600,max_col_multiplier:1,age_limit:2,random_seed:3,replication:4,num_threads:128,set_partition:false}",-1
d05100.json.gz,d,5,100,MipTemplate,highs,MTFarkas,4,4,6345.412611885934,6498,2.3391812865497075,6498,0,5,15,0.001045,0.050648,0.058742,198,189473.68421052632,3.3,1,0,"{timeout:600,max_col_multiplier:1,age_limit:2,random_seed:3,replication:4,num_threads:128,set_partition:false}",1
d05100.json.gz,d,5,100,MipTemplate,highs,MTFarkas,5,4,6345.412611885934,6478,,6478,,5,15,0.001013,0.027577,0.03572,196,193484.69891411648,13.066666666666666,1,0,"{timeout:600,max_col_multiplier:1,age_limit:2,random_seed:4,replication:5,num_threads:128,set_partition:false}",-1
d05100.json.gz,d,5,100,MipTemplate,highs,MTFarkas,5,4,6345.412611885934,6478,2.037665946279716,6478,0,5,15,0.001013,0.027577,0.035739,196,193484.69891411648,3.2666666666666666,1,0,"{timeout:600,max_col_multiplier:1,age_limit:2,random_seed:4,replication:5,num_threads:128,set_partition:false}",1
d05200.json.gz,d,5,200,Dantzig,highs,DantzigFarkas,1,6,12736.196081965434,inf,,21020.999999999967,,10,25,0.00404,0.002704,0.012197,654,161881.18811881187,26.16,0,0,"{timeout:600,max_col_multiplier:1,age_limit:132,random_seed:0,replication:1,num_threads:128,set_partition:false}",-1
d05200.json.gz,d,5,200,Dantzig,highs,DantzigFarkas,1,6,12736.196081965434,inf,nan,21020.999999999967,0,10,25,0.00404,0.002704,0.012204,654,161881.18811881187,4.36,0,0,"{timeout:600,max_col_multiplier:1,age_limit:132,random_seed:0,replication:1,num_threads:128,set_partition:false}",1
d05200.json.gz,d,5,200,Dantzig,highs,DantzigFarkas,2,9,12736.196081965434,inf,,22096.899999999958,,20,40,0.005957,0.002869,0.014615,709,119019.6407587712,17.725,0,0,"{timeout:600,max_col_multiplier:1,age_limit:132,random_seed:1,replication:2,num_threads:128,set_partition:false}",-1
d05200.json.gz,d,5,200,Dantzig,highs,DantzigFarkas,2,9,12736.196081965434,inf,nan,22096.899999999958,0,20,40,0.005957,0.002869,0.014624,709,119019.6407587712,1.9694444444444446,0,0,"{timeout:600,max_col_multiplier:1,age_limit:132,random_seed:1,replication:2,num_threads:128,set_partition:false}",1
d05200.json.gz,d,5,200,Dantzig,highs,DantzigFarkas,3,6,12736.196081965434,inf,,23697.500000000025,,13,25,0.003952,0.001754,0.011551,662,167510.12145748988,26.48,0,0,"{timeout:600,max_col_multiplier:1,age_limit:132,random_seed:2,replication:3,num_threads:128,set_partition:false}",-1
d05200.json.gz,d,5,200,Dantzig,highs,DantzigFarkas,3,6,12736.196081965434,inf,nan,23697.500000000025,0,13,25,0.003952,0.001754,0.011562,662,167510.12145748988,4.413333333333333,0,0,"{timeout:600,max_col_multiplier:1,age_limit:132,random_seed:2,replication:3,num_threads:128,set_partition:false}",1
d05200.json.gz,d,5,200,Dantzig,highs,DantzigFarkas,4,7,12736.196081965434,inf,,21792.500000000106,,19,30,0.004697,0.002545,0.013007,667,142005.5354481584,22.233333333333334,0,0,"{timeout:600,max_col_multiplier:1,age_limit:132,random_seed:3,replication:4,num_threads:128,set_partition:false}",-1
d05200.json.gz,d,5,200,Dantzig,highs,DantzigFarkas,4,7,12736.196081965434,inf,nan,21792.500000000106,0,19,30,0.004697,0.002545,0.013015,667,142005.5354481584,3.1761904761904765,0,0,"{timeout:600,max_col_multiplier:1,age_limit:132,random_seed:3,replication:4,num_threads:128,set_partition:false}",1
d05200.json.gz,d,5,200,Dantzig,highs,DantzigFarkas,5,6,12736.196081965434,inf,,22628.25000000009,,14,25,0.004038,0.002275,0.012169,653,161713.71966319962,26.12,0,0,"{timeout:600,max_col_multiplier:1,age_limit:132,random_seed:4,replication:5,num_threads:128,set_partition:false}",-1
d05200.json.gz,d,5,200,Dantzig,highs,DantzigFarkas,5,6,12736.196081965434,inf,nan,22628.25000000009,0,14,25,0.004038,0.002275,0.012215,653,161713.71966319962,4.3533333333333335,0,0,"{timeout:600,max_col_multiplier:1,age_limit:132,random_seed:4,replication:5,num_threads:128,set_partition:false}",1
d05200.json.gz,d,5,200,LagrangeTemplate,highs,LTFarkas,1,5,12736.196081965434,13031,,13031,,5,21,0.0012,0.004916,0.011681,436,363333.3333333334,20.761904761904763,1,0,"{timeout:600,max_col_multiplier:1,age_limit:4,random_seed:0,replication:1,num_threads:128,set_partition:false}",-1
d05200.json.gz,d,5,200,LagrangeTemplate,highs,LTFarkas,1,5,12736.196081965434,13031,2.256158391527895,13031,0,5,21,0.0012,0.004916,0.011689,436,363333.3333333334,4.152380952380953,1,0,"{timeout:600,max_col_multiplier:1,age_limit:4,random_seed:0,replication:1,num_threads:128,set_partition:false}",1
d05200.json.gz,d,5,200,LagrangeTemplate,highs,LTFarkas,2,6,12736.196081965434,13023,,13023,,5,26,0.001525,0.005656,0.012909,447,293114.75409836066,17.192307692307693,1,0,"{timeout:600,max_col_multiplier:1,age_limit:4,random_seed:1,replication:2,num_threads:128,set_partition:false}",-1
d05200.json.gz,d,5,200,LagrangeTemplate,highs,LTFarkas,2,6,12736.196081965434,13023,2.1961145665361284,13023,0,5,26,0.001525,0.005656,0.012915,447,293114.75409836066,2.8653846153846154,1,0,"{timeout:600,max_col_multiplier:1,age_limit:4,random_seed:1,replication:2,num_threads:128,set_partition:false}",1
d05200.json.gz,d,5,200,LagrangeTemplate,highs,LTFarkas,3,4,12736.196081965434,12952,,12952,,5,15,0.001125,0.002607,0.009152,422,375111.1111111111,28.133333333333333,1,0,"{timeout:600,max_col_multiplier:1,age_limit:4,random_seed:2,replication:3,num_threads:128,set_partition:false}",-1
d05200.json.gz,d,5,200,LagrangeTemplate,highs,LTFarkas,3,4,12736.196081965434,12952,1.659975293390982,12952,0,5,15,0.001125,0.002607,0.009159,422,375111.1111111111,7.033333333333333,1,0,"{timeout:600,max_col_multiplier:1,age_limit:4,random_seed:2,replication:3,num_threads:128,set_partition:false}",1
d05200.json.gz,d,5,200,LagrangeTemplate,highs,LTFarkas,4,5,12736.196081965434,12973,,12973,,5,20,0.001375,0.003693,0.010434,428,311272.7272727273,21.4,1,0,"{timeout:600,max_col_multiplier:1,age_limit:4,random_seed:3,replication:4,num_threads:128,set_partition:false}",-1
d05200.json.gz,d,5,200,LagrangeTemplate,highs,LTFarkas,4,5,12736.196081965434,12973,1.8191628767440067,12973,0,5,20,0.001375,0.003693,0.010441,428,311272.7272727273,4.279999999999999,1,0,"{timeout:600,max_col_multiplier:1,age_limit:4,random_seed:3,replication:4,num_threads:128,set_partition:false}",1
d05200.json.gz,d,5,200,LagrangeTemplate,highs,LTFarkas,5,5,12736.196081965434,inf,,12957.333333333332,,10,20,0.001207,0.004005,0.010607,433,358740.6793703397,21.65,0,0,"{timeout:600,max_col_multiplier:1,age_limit:4,random_seed:4,replication:5,num_threads:128,set_partition:false}",-1
d05200.json.gz,d,5,200,LagrangeTemplate,highs,LTFarkas,5,5,12736.196081965434,inf,nan,12957.333333333332,0,10,20,0.001207,0.004005,0.010614,433,358740.6793703397,4.33,0,0,"{timeout:600,max_col_multiplier:1,age_limit:4,random_seed:4,replication:5,num_threads:128,set_partition:false}",1
d05200.json.gz,d,5,200,MipTemplate,highs,MTFarkas,1,6,12736.196081965434,12926,,12926,,5,25,0.002884,0.082,0.098428,438,151872.39944521498,17.52,1,0,"{timeout:600,max_col_multiplier:1,age_limit:4,random_seed:0,replication:1,num_threads:128,set_partition:false}",-1
d05200.json.gz,d,5,200,MipTemplate,highs,MTFarkas,1,6,12736.196081965434,12926,1.462169271236268,12926,0,5,25,0.002884,0.082,0.098446,438,151872.39944521498,2.92,1,0,"{timeout:600,max_col_multiplier:1,age_limit:4,random_seed:0,replication:1,num_threads:128,set_partition:false}",1
d05200.json.gz,d,5,200,MipTemplate,highs,MTFarkas,2,8,12736.196081965434,12926,,12926,,5,35,0.003817,0.139388,0.156266,442,115797.74692166623,12.628571428571428,1,0,"{timeout:600,max_col_multiplier:1,age_limit:4,random_seed:1,replication:2,num_threads:128,set_partition:false}",-1
d05200.json.gz,d,5,200,MipTemplate,highs,MTFarkas,2,8,12736.196081965434,12926,1.462169271236268,12926,0,5,35,0.003817,0.139388,0.15628,442,115797.74692166623,1.5785714285714285,1,0,"{timeout:600,max_col_multiplier:1,age_limit:4,random_seed:1,replication:2,num_threads:128,set_partition:false}",1
d05200.json.gz,d,5,200,MipTemplate,highs,MTFarkas,3,6,12736.196081965434,12924,,12924,,5,25,0.002619,0.067837,0.085203,431,164566.62848415427,17.24,1,0,"{timeout:600,max_col_multiplier:1,age_limit:4,random_seed:2,replication:3,num_threads:128,set_partition:false}",-1
d05200.json.gz,d,5,200,MipTemplate,highs,MTFarkas,3,6,12736.196081965434,12924,1.4469204580625192,12924,0,5,25,0.002619,0.067837,0.085219,431,164566.62848415427,2.873333333333333,1,0,"{timeout:600,max_col_multiplier:1,age_limit:4,random_seed:2,replication:3,num_threads:128,set_partition:false}",1
d05200.json.gz,d,5,200,MipTemplate,highs,MTFarkas,4,6,12736.196081965434,12926,,12926,,5,25,0.00264,0.075034,0.091015,430,162878.78787878787,17.2,1,0,"{timeout:600,max_col_multiplier:1,age_limit:4,random_seed:3,replication:4,num_threads:128,set_partition:false}",-1
d05200.json.gz,d,5,200,MipTemplate,highs,MTFarkas,4,6,12736.196081965434,12926,1.462169271236268,12926,0,5,25,0.00264,0.075034,0.091031,430,162878.78787878787,2.8666666666666667,1,0,"{timeout:600,max_col_multiplier:1,age_limit:4,random_seed:3,replication:4,num_threads:128,set_partition:false}",1
d05200.json.gz,d,5,200,MipTemplate,highs,MTFarkas,5,7,12736.196081965434,12902,,12902,,5,30,0.003179,0.106038,0.122606,433,136206.3541994338,14.433333333333334,1,0,"{timeout:600,max_col_multiplier:1,age_limit:4,random_seed:4,replication:5,num_threads:128,set_partition:false}",-1
d05200.json.gz,d,5,200,MipTemplate,highs,MTFarkas,5,7,12736.196081965434,12902,1.2788714927918152,12902,0,5,30,0.003179,0.106038,0.122623,433,136206.3541994338,2.061904761904762,1,0,"{timeout:600,max_col_multiplier:1,age_limit:4,random_seed:4,replication:5,num_threads:128,set_partition:false}",1
d10100.json.gz,d,10,100,Dantzig,highs,DantzigFarkas,1,3,6323.456043445309,9205,,9205.000000000002,,10,29,0.000631,0.00123,0.006604,282,446909.6671949286,9.724137931034482,1,0,"{timeout:600,max_col_multiplier:1,age_limit:10,random_seed:0,replication:1,num_threads:128,set_partition:false}",-1
d10100.json.gz,d,10,100,Dantzig,highs,DantzigFarkas,1,3,6323.456043445309,9205,31.29820749592613,9205.000000000002,0,10,29,0.000631,0.00123,0.00661,282,446909.6671949286,3.2413793103448274,1,0,"{timeout:600,max_col_multiplier:1,age_limit:10,random_seed:0,replication:1,num_threads:128,set_partition:false}",1
d10100.json.gz,d,10,100,Dantzig,highs,DantzigFarkas,2,3,6323.456043445309,9205,,9205.00000000001,,10,29,0.001031,0.000976,0.006863,282,273520.8535402522,9.724137931034482,1,0,"{timeout:600,max_col_multiplier:1,age_limit:10,random_seed:1,replication:2,num_threads:128,set_partition:false}",-1
d10100.json.gz,d,10,100,Dantzig,highs,DantzigFarkas,2,3,6323.456043445309,9205,31.29820749592613,9205.00000000001,0,10,29,0.001031,0.000976,0.006869,282,273520.8535402522,3.2413793103448274,1,0,"{timeout:600,max_col_multiplier:1,age_limit:10,random_seed:1,replication:2,num_threads:128,set_partition:false}",1
d10100.json.gz,d,10,100,Dantzig,highs,DantzigFarkas,3,3,6323.456043445309,9112,,9112,,10,30,0.000686,0.00082,0.00632,279,406705.5393586006,9.3,1,0,"{timeout:600,max_col_multiplier:1,age_limit:10,random_seed:2,replication:3,num_threads:128,set_partition:false}",-1
d10100.json.gz,d,10,100,Dantzig,highs,DantzigFarkas,3,3,6323.456043445309,9112,30.597014925373134,9112,0,10,30,0.000686,0.00082,0.006327,279,406705.5393586006,3.1,1,0,"{timeout:600,max_col_multiplier:1,age_limit:10,random_seed:2,replication:3,num_threads:128,set_partition:false}",1
d10100.json.gz,d,10,100,Dantzig,highs,DantzigFarkas,4,3,6323.456043445309,9205,,9204.999999999996,,10,29,0.000676,0.001052,0.006667,285,421597.6331360947,9.827586206896552,1,0,"{timeout:600,max_col_multiplier:1,age_limit:10,random_seed:3,replication:4,num_threads:128,set_partition:false}",-1
d10100.json.gz,d,10,100,Dantzig,highs,DantzigFarkas,4,3,6323.456043445309,9205,31.29820749592613,9204.999999999996,0,10,29,0.000676,0.001052,0.006673,285,421597.6331360947,3.2758620689655173,1,0,"{timeout:600,max_col_multiplier:1,age_limit:10,random_seed:3,replication:4,num_threads:128,set_partition:false}",1
d10100.json.gz,d,10,100,Dantzig,highs,DantzigFarkas,5,3,6323.456043445309,9205,,9204.999999999998,,10,29,0.000736,0.001062,0.006648,279,379076.0869565217,9.620689655172415,1,0,"{timeout:600,max_col_multiplier:1,age_limit:10,random_seed:4,replication:5,num_threads:128,set_partition:false}",-1
d10100.json.gz,d,10,100,Dantzig,highs,DantzigFarkas,5,3,6323.456043445309,9205,31.29820749592613,9204.999999999998,0,10,29,0.000736,0.001062,0.006653,279,379076.0869565217,3.2068965517241383,1,0,"{timeout:600,max_col_multiplier:1,age_limit:10,random_seed:4,replication:5,num_threads:128,set_partition:false}",1
d10100.json.gz,d,10,100,LagrangeTemplate,highs,LTFarkas,1,3,6323.456043445309,6585,,6585,,10,20,0.000708,0.000988,0.005951,267,377118.64406779665,13.35,1,0,"{timeout:600,max_col_multiplier:1,age_limit:2,random_seed:0,replication:1,num_threads:128,set_partition:false}",-1
d10100.json.gz,d,10,100,LagrangeTemplate,highs,LTFarkas,1,3,6323.456043445309,6585,3.963553530751709,6585,0,10,20,0.000708,0.000988,0.005959,267,377118.64406779665,4.45,1,0,"{timeout:600,max_col_multiplier:1,age_limit:2,random_seed:0,replication:1,num_threads:128,set_partition:false}",1
d10100.json.gz,d,10,100,LagrangeTemplate,highs,LTFarkas,2,3,6323.456043445309,6585,,6585,,10,20,0.000456,0.000918,0.005582,270,592105.2631578947,13.5,1,0,"{timeout:600,max_col_multiplier:1,age_limit:2,random_seed:1,replication:2,num_threads:128,set_partition:false}",-1
d10100.json.gz,d,10,100,LagrangeTemplate,highs,LTFarkas,2,3,6323.456043445309,6585,3.963553530751709,6585,0,10,20,0.000456,0.000918,0.005588,270,592105.2631578947,4.5,1,0,"{timeout:600,max_col_multiplier:1,age_limit:2,random_seed:1,replication:2,num_threads:128,set_partition:false}",1
d10100.json.gz,d,10,100,LagrangeTemplate,highs,LTFarkas,3,4,6323.456043445309,6722,,6722,,10,30,0.000726,0.001425,0.006707,275,378787.8787878788,9.166666666666666,1,0,"{timeout:600,max_col_multiplier:1,age_limit:2,random_seed:2,replication:3,num_threads:128,set_partition:false}",-1
d10100.json.gz,d,10,100,LagrangeTemplate,highs,LTFarkas,3,4,6323.456043445309,6722,5.920856887831002,6722,0,10,30,0.000726,0.001425,0.006714,275,378787.8787878788,2.2916666666666665,1,0,"{timeout:600,max_col_multiplier:1,age_limit:2,random_seed:2,replication:3,num_threads:128,set_partition:false}",1
d10100.json.gz,d,10,100,LagrangeTemplate,highs,LTFarkas,4,4,6323.456043445309,6680,,6680,,10,31,0.000764,0.001741,0.007289,280,366492.1465968586,9.03225806451613,1,0,"{timeout:600,max_col_multiplier:1,age_limit:2,random_seed:3,replication:4,num_threads:128,set_partition:false}",-1
d10100.json.gz,d,10,100,LagrangeTemplate,highs,LTFarkas,4,4,6323.456043445309,6680,5.3293413173652695,6680,0,10,31,0.000764,0.001741,0.007297,280,366492.1465968586,2.2580645161290325,1,0,"{timeout:600,max_col_multiplier:1,age_limit:2,random_seed:3,replication:4,num_threads:128,set_partition:false}",1
d10100.json.gz,d,10,100,LagrangeTemplate,highs,LTFarkas,5,3,6323.456043445309,6585,,6585,,10,20,0.000713,0.001089,0.00625,271,380084.15147265076,13.55,1,0,"{timeout:600,max_col_multiplier:1,age_limit:2,random_seed:4,replication:5,num_threads:128,set_partition:false}",-1
d10100.json.gz,d,10,100,LagrangeTemplate,highs,LTFarkas,5,3,6323.456043445309,6585,3.963553530751709,6585,0,10,20,0.000713,0.001089,0.006257,271,380084.15147265076,4.516666666666667,1,0,"{timeout:600,max_col_multiplier:1,age_limit:2,random_seed:4,replication:5,num_threads:128,set_partition:false}",1
d10100.json.gz,d,10,100,MipTemplate,highs,MTFarkas,1,3,6323.456043445309,6545,,6545,,10,20,0.000935,0.029627,0.043474,271,289839.5721925134,13.55,1,0,"{timeout:600,max_col_multiplier:1,age_limit:2,random_seed:0,replication:1,num_threads:128,set_partition:false}",-1
d10100.json.gz,d,10,100,MipTemplate,highs,MTFarkas,1,3,6323.456043445309,6545,3.3766233766233764,6545,0,10,20,0.000935,0.029627,0.043485,271,289839.5721925134,4.516666666666667,1,0,"{timeout:600,max_col_multiplier:1,age_limit:2,random_seed:0,replication:1,num_threads:128,set_partition:false}",1
d10100.json.gz,d,10,100,MipTemplate,highs,MTFarkas,2,4,6323.456043445309,6545,,6545,,10,30,0.000998,0.057634,0.084639,277,277555.1102204409,9.233333333333333,1,0,"{timeout:600,max_col_multiplier:1,age_limit:2,random_seed:1,replication:2,num_threads:128,set_partition:false}",-1
d10100.json.gz,d,10,100,MipTemplate,highs,MTFarkas,2,4,6323.456043445309,6545,3.3766233766233764,6545,0,10,30,0.000998,0.057634,0.084657,277,277555.1102204409,2.308333333333333,1,0,"{timeout:600,max_col_multiplier:1,age_limit:2,random_seed:1,replication:2,num_threads:128,set_partition:false}",1
d10100.json.gz,d,10,100,MipTemplate,highs,MTFarkas,3,4,6323.456043445309,6545,,6545,,10,30,0.000946,0.050246,0.063081,282,298097.25158562366,9.4,1,0,"{timeout:600,max_col_multiplier:1,age_limit:2,random_seed:2,replication:3,num_threads:128,set_partition:false}",-1
d10100.json.gz,d,10,100,MipTemplate,highs,MTFarkas,3,4,6323.456043445309,6545,3.3766233766233764,6545,0,10,30,0.000946,0.050246,0.063099,282,298097.25158562366,2.35,1,0,"{timeout:600,max_col_multiplier:1,age_limit:2,random_seed:2,replication:3,num_threads:128,set_partition:false}",1
d10100.json.gz,d,10,100,MipTemplate,highs,MTFarkas,4,5,6323.456043445309,6545,,6545,,10,40,0.00132,0.080449,0.093558,285,215909.0909090909,7.125,1,0,"{timeout:600,max_col_multiplier:1,age_limit:2,random_seed:3,replication:4,num_threads:128,set_partition:false}",-1
d10100.json.gz,d,10,100,MipTemplate,highs,MTFarkas,4,5,6323.456043445309,6545,3.3766233766233764,6545,0,10,40,0.00132,0.080449,0.093563,285,215909.0909090909,1.425,1,0,"{timeout:600,max_col_multiplier:1,age_limit:2,random_seed:3,replication:4,num_threads:128,set_partition:false}",1
d10100.json.gz,d,10,100,MipTemplate,highs,MTFarkas,5,5,6323.456043445309,6597,,6597,,10,40,0.001,0.061649,0.071458,282,282000,7.05,1,0,"{timeout:600,max_col_multiplier:1,age_limit:2,random_seed:4,replication:5,num_threads:128,set_partition:false}",-1
d10100.json.gz,d,10,100,MipTemplate,highs,MTFarkas,5,5,6323.456043445309,6597,4.138244656662119,6597,0,10,40,0.001,0.061649,0.071468,282,282000,1.41,1,0,"{timeout:600,max_col_multiplier:1,age_limit:2,random_seed:4,replication:5,num_threads:128,set_partition:false}",1
d10200.json.gz,d,10,200,Dantzig,highs,DantzigFarkas,1,3,12418.362103134963,17765,,17765,,10,29,0.001162,0.001096,0.012084,534,459552.495697074,18.413793103448278,1,0,"{timeout:600,max_col_multiplier:1,age_limit:34,random_seed:0,replication:1,num_threads:128,set_partition:false}",-1
d10200.json.gz,d,10,200,Dantzig,highs,DantzigFarkas,1,3,12418.362103134963,17765,30.092879256965944,17765,0,10,29,0.001162,0.001096,0.012092,534,459552.495697074,6.137931034482759,1,0,"{timeout:600,max_col_multiplier:1,age_limit:34,random_seed:0,replication:1,num_threads:128,set_partition:false}",1
d10200.json.gz,d,10,200,Dantzig,highs,DantzigFarkas,2,5,12418.362103134963,inf,,43234,,14,40,0.002156,0.002002,0.014016,584,270871.98515769944,14.6,0,0,"{timeout:600,max_col_multiplier:1,age_limit:34,random_seed:1,replication:2,num_threads:128,set_partition:false}",-1
d10200.json.gz,d,10,200,Dantzig,highs,DantzigFarkas,2,5,12418.362103134963,inf,nan,43234,0,14,40,0.002156,0.002002,0.014023,584,270871.98515769944,2.92,0,0,"{timeout:600,max_col_multiplier:1,age_limit:34,random_seed:1,replication:2,num_threads:128,set_partition:false}",1
d10200.json.gz,d,10,200,Dantzig,highs,DantzigFarkas,3,6,12418.362103134963,inf,,31163.500000000044,,19,50,0.002422,0.002084,0.014528,581,239884.39306358382,11.62,0,0,"{timeout:600,max_col_multiplier:1,age_limit:34,random_seed:2,replication:3,num_threads:128,set_partition:false}",-1
d10200.json.gz,d,10,200,Dantzig,highs,DantzigFarkas,3,6,12418.362103134963,inf,nan,31163.500000000044,0,19,50,0.002422,0.002084,0.014537,581,239884.39306358382,1.9366666666666665,0,0,"{timeout:600,max_col_multiplier:1,age_limit:34,random_seed:2,replication:3,num_threads:128,set_partition:false}",1
d10200.json.gz,d,10,200,Dantzig,highs,DantzigFarkas,4,3,12418.362103134963,17715,,17714.999999999993,,10,29,0.001139,0.001032,0.012087,533,467954.34591747145,18.379310344827587,1,0,"{timeout:600,max_col_multiplier:1,age_limit:34,random_seed:3,replication:4,num_threads:128,set_partition:false}",-1
d10200.json.gz,d,10,200,Dantzig,highs,DantzigFarkas,4,3,12418.362103134963,17715,29.895568727067456,17714.999999999993,0,10,29,0.001139,0.001032,0.012094,533,467954.34591747145,6.126436781609196,1,0,"{timeout:600,max_col_multiplier:1,age_limit:34,random_seed:3,replication:4,num_threads:128,set_partition:false}",1
d10200.json.gz,d,10,200,Dantzig,highs,DantzigFarkas,5,6,12418.362103134963,inf,,33529.50000000007,,18,50,0.002729,0.002481,0.015092,585,214364.23598387686,11.7,0,0,"{timeout:600,max_col_multiplier:1,age_limit:34,random_seed:4,replication:5,num_threads:128,set_partition:false}",-1
d10200.json.gz,d,10,200,Dantzig,highs,DantzigFarkas,5,6,12418.362103134963,inf,nan,33529.50000000007,0,18,50,0.002729,0.002481,0.0151,585,214364.23598387686,1.95,0,0,"{timeout:600,max_col_multiplier:1,age_limit:34,random_seed:4,replication:5,num_threads:128,set_partition:false}",1
d10200.json.gz,d,10,200,LagrangeTemplate,highs,LTFarkas,1,5,12418.362103134963,12702,,12702,,10,40,0.00138,0.002892,0.013859,516,373913.04347826086,12.9,1,0,"{timeout:600,max_col_multiplier:1,age_limit:2,random_seed:0,replication:1,num_threads:128,set_partition:false}",-1
d10200.json.gz,d,10,200,LagrangeTemplate,highs,LTFarkas,1,5,12418.362103134963,12702,2.227995591245473,12702,0,10,40,0.00138,0.002892,0.013869,516,373913.04347826086,2.58,1,0,"{timeout:600,max_col_multiplier:1,age_limit:2,random_seed:0,replication:1,num_threads:128,set_partition:false}",1
d10200.json.gz,d,10,200,LagrangeTemplate,highs,LTFarkas,2,4,12418.362103134963,12772,,12772,,10,31,0.000895,0.002003,0.012577,512,572067.0391061453,16.516129032258064,1,0,"{timeout:600,max_col_multiplier:1,age_limit:2,random_seed:1,replication:2,num_threads:128,set_partition:false}",-1
d10200.json.gz,d,10,200,LagrangeTemplate,highs,LTFarkas,2,4,12418.362103134963,12772,2.7638584403382396,12772,0,10,31,0.000895,0.002003,0.012582,512,572067.0391061453,4.129032258064516,1,0,"{timeout:600,max_col_multiplier:1,age_limit:2,random_seed:1,replication:2,num_threads:128,set_partition:false}",1
d10200.json.gz,d,10,200,LagrangeTemplate,highs,LTFarkas,3,4,12418.362103134963,12767,,12767,,10,30,0.001109,0.002203,0.012855,498,449053.2010820559,16.6,1,0,"{timeout:600,max_col_multiplier:1,age_limit:2,random_seed:2,replication:3,num_threads:128,set_partition:false}",-1
d10200.json.gz,d,10,200,LagrangeTemplate,highs,LTFarkas,3,4,12418.362103134963,12767,2.7257773948460873,12767,0,10,30,0.001109,0.002203,0.012863,498,449053.2010820559,4.15,1,0,"{timeout:600,max_col_multiplier:1,age_limit:2,random_seed:2,replication:3,num_threads:128,set_partition:false}",1
d10200.json.gz,d,10,200,LagrangeTemplate,highs,LTFarkas,4,5,12418.362103134963,12750,,12750,,10,40,0.001155,0.002947,0.013823,509,440692.6406926407,12.725,1,0,"{timeout:600,max_col_multiplier:1,age_limit:2,random_seed:3,replication:4,num_threads:128,set_partition:false}",-1
d10200.json.gz,d,10,200,LagrangeTemplate,highs,LTFarkas,4,5,12418.362103134963,12750,2.596078431372549,12750,0,10,40,0.001155,0.002947,0.013828,509,440692.6406926407,2.545,1,0,"{timeout:600,max_col_multiplier:1,age_limit:2,random_seed:3,replication:4,num_threads:128,set_partition:false}",1
d10200.json.gz,d,10,200,LagrangeTemplate,highs,LTFarkas,5,4,12418.362103134963,12798,,12798,,10,31,0.000945,0.001677,0.0123,518,548148.1481481482,16.70967741935484,1,0,"{timeout:600,max_col_multiplier:1,age_limit:2,random_seed:4,replication:5,num_threads:128,set_partition:false}",-1
d10200.json.gz,d,10,200,LagrangeTemplate,highs,LTFarkas,5,4,12418.362103134963,12798,2.961400218784185,12798,0,10,31,0.000945,0.001677,0.012308,518,548148.1481481482,4.17741935483871,1,0,"{timeout:600,max_col_multiplier:1,age_limit:2,random_seed:4,replication:5,num_threads:128,set_partition:false}",1
d10200.json.gz,d,10,200,MipTemplate,highs,MTFarkas,1,4,12418.362103134963,12711,,12711,,10,30,0.001292,0.060482,0.083797,512,396284.8297213622,17.066666666666666,1,0,"{timeout:600,max_col_multiplier:1,age_limit:2,random_seed:0,replication:1,num_threads:128,set_partition:false}",-1
d10200.json.gz,d,10,200,MipTemplate,highs,MTFarkas,1,4,12418.362103134963,12711,2.297222877822359,12711,0,10,30,0.001292,0.060482,0.08381,512,396284.8297213622,4.266666666666667,1,0,"{timeout:600,max_col_multiplier:1,age_limit:2,random_seed:0,replication:1,num_threads:128,set_partition:false}",1
d10200.json.gz,d,10,200,MipTemplate,highs,MTFarkas,2,5,12418.362103134963,12720,,12720,,10,40,0.00182,0.064598,0.089751,506,278021.978021978,12.65,1,0,"{timeout:600,max_col_multiplier:1,age_limit:2,random_seed:1,replication:2,num_threads:128,set_partition:false}",-1
d10200.json.gz,d,10,200,MipTemplate,highs,MTFarkas,2,5,12418.362103134963,12720,2.366352201257862,12720,0,10,40,0.00182,0.064598,0.089763,506,278021.978021978,2.5300000000000002,1,0,"{timeout:600,max_col_multiplier:1,age_limit:2,random_seed:1,replication:2,num_threads:128,set_partition:false}",1
d10200.json.gz,d,10,200,MipTemplate,highs,MTFarkas,3,4,12418.362103134963,12694,,12694,,10,30,0.001491,0.052686,0.079359,496,332662.64252179745,16.533333333333335,1,0,"{timeout:600,max_col_multiplier:1,age_limit:2,random_seed:2,replication:3,num_threads:128,set_partition:false}",-1
d10200.json.gz,d,10,200,MipTemplate,highs,MTFarkas,3,4,12418.362103134963,12694,2.166377816291161,12694,0,10,30,0.001491,0.052686,0.079374,496,332662.64252179745,4.133333333333334,1,0,"{timeout:600,max_col_multiplier:1,age_limit:2,random_seed:2,replication:3,num_threads:128,set_partition:false}",1
d10200.json.gz,d,10,200,MipTemplate,highs,MTFarkas,4,5,12418.362103134963,12650,,12650,,10,40,0.002155,0.056711,0.084822,510,236658.9327146172,12.75,1,0,"{timeout:600,max_col_multiplier:1,age_limit:2,random_seed:3,replication:4,num_threads:128,set_partition:false}",-1
d10200.json.gz,d,10,200,MipTemplate,highs,MTFarkas,4,5,12418.362103134963,12650,1.8260869565217392,12650,0,10,40,0.002155,0.056711,0.08484,510,236658.9327146172,2.55,1,0,"{timeout:600,max_col_multiplier:1,age_limit:2,random_seed:3,replication:4,num_threads:128,set_partition:false}",1
d10200.json.gz,d,10,200,MipTemplate,highs,MTFarkas,5,5,12418.362103134963,12726,,12726,,10,40,0.002117,0.080737,0.106224,522,246575.34246575343,13.05,1,0,"{timeout:600,max_col_multiplier:1,age_limit:2,random_seed:4,replication:5,num_threads:128,set_partition:false}",-1
d10200.json.gz,d,10,200,MipTemplate,highs,MTFarkas,5,5,12418.362103134963,12726,2.412384095552412,12726,0,10,40,0.002117,0.080737,0.106239,522,246575.34246575343,2.6100000000000003,1,0,"{timeout:600,max_col_multiplier:1,age_limit:2,random_seed:4,replication:5,num_threads:128,set_partition:false}",1
d10400.json.gz,d,10,400,Dantzig,highs,DantzigFarkas,1,5,24955.994815905156,inf,,88529.5,,14,40,0.004079,0.0017,0.027193,1008,247119.39200784505,25.2,0,0,"{timeout:600,max_col_multiplier:1,age_limit:132,random_seed:0,replication:1,num_threads:128,set_partition:false}",-1
d10400.json.gz,d,10,400,Dantzig,highs,DantzigFarkas,1,5,24955.994815905156,inf,nan,88529.5,0,14,40,0.004079,0.0017,0.027199,1008,247119.39200784505,5.04,0,0,"{timeout:600,max_col_multiplier:1,age_limit:132,random_seed:0,replication:1,num_threads:128,set_partition:false}",1
d10400.json.gz,d,10,400,Dantzig,highs,DantzigFarkas,2,5,24955.994815905156,inf,,88540.5,,14,40,0.003916,0.001544,0.026934,1003,256128.70275791624,25.075,0,0,"{timeout:600,max_col_multiplier:1,age_limit:132,random_seed:1,replication:2,num_threads:128,set_partition:false}",-1
d10400.json.gz,d,10,400,Dantzig,highs,DantzigFarkas,2,5,24955.994815905156,inf,nan,88540.5,0,14,40,0.003916,0.001544,0.02694,1003,256128.70275791624,5.015,0,0,"{timeout:600,max_col_multiplier:1,age_limit:132,random_seed:1,replication:2,num_threads:128,set_partition:false}",1
d10400.json.gz,d,10,400,Dantzig,highs,DantzigFarkas,3,5,24955.994815905156,inf,,88542.5,,14,40,0.004373,0.001702,0.027718,1017,232563.45758060826,25.425,0,0,"{timeout:600,max_col_multiplier:1,age_limit:132,random_seed:2,replication:3,num_threads:128,set_partition:false}",-1
d10400.json.gz,d,10,400,Dantzig,highs,DantzigFarkas,3,5,24955.994815905156,inf,nan,88542.5,0,14,40,0.004373,0.001702,0.027725,1017,232563.45758060826,5.085,0,0,"{timeout:600,max_col_multiplier:1,age_limit:132,random_seed:2,replication:3,num_threads:128,set_partition:false}",1
d10400.json.gz,d,10,400,Dantzig,highs,DantzigFarkas,4,5,24955.994815905156,inf,,88321,,14,40,0.003767,0.001836,0.026805,989,262543.1377754181,24.725,0,0,"{timeout:600,max_col_multiplier:1,age_limit:132,random_seed:3,replication:4,num_threads:128,set_partition:false}",-1
d10400.json.gz,d,10,400,Dantzig,highs,DantzigFarkas,4,5,24955.994815905156,inf,nan,88321,0,14,40,0.003767,0.001836,0.026812,989,262543.1377754181,4.945,0,0,"{timeout:600,max_col_multiplier:1,age_limit:132,random_seed:3,replication:4,num_threads:128,set_partition:false}",1
d10400.json.gz,d,10,400,Dantzig,highs,DantzigFarkas,5,8,24955.994815905156,inf,,67429.99999999795,,18,70,0.007346,0.002753,0.032297,1063,144704.60114347943,15.185714285714285,0,0,"{timeout:600,max_col_multiplier:1,age_limit:132,random_seed:4,replication:5,num_threads:128,set_partition:false}",-1
d10400.json.gz,d,10,400,Dantzig,highs,DantzigFarkas,5,8,24955.994815905156,inf,nan,67429.99999999795,0,18,70,0.007346,0.002753,0.032304,1063,144704.60114347943,1.8982142857142856,0,0,"{timeout:600,max_col_multiplier:1,age_limit:132,random_seed:4,replication:5,num_threads:128,set_partition:false}",1
d10400.json.gz,d,10,400,LagrangeTemplate,highs,LTFarkas,1,3,24955.994815905156,25232,,25232,,10,21,0.001006,0.003952,0.026435,858,852882.703777336,40.857142857142854,1,0,"{timeout:600,max_col_multiplier:1,age_limit:4,random_seed:0,replication:1,num_threads:128,set_partition:false}",-1
d10400.json.gz,d,10,400,LagrangeTemplate,highs,LTFarkas,1,3,24955.994815905156,25232,1.093849080532657,25232,0,10,21,0.001006,0.003952,0.02644,858,852882.703777336,13.619047619047619,1,0,"{timeout:600,max_col_multiplier:1,age_limit:4,random_seed:0,replication:1,num_threads:128,set_partition:false}",1
d10400.json.gz,d,10,400,LagrangeTemplate,highs,LTFarkas,2,3,24955.994815905156,25220,,25220,,10,20,0.00098,0.003053,0.024997,853,870408.1632653062,42.65,1,0,"{timeout:600,max_col_multiplier:1,age_limit:4,random_seed:1,replication:2,num_threads:128,set_partition:false}",-1
d10400.json.gz,d,10,400,LagrangeTemplate,highs,LTFarkas,2,3,24955.994815905156,25220,1.0467882632831085,25220,0,10,20,0.00098,0.003053,0.025003,853,870408.1632653062,14.216666666666667,1,0,"{timeout:600,max_col_multiplier:1,age_limit:4,random_seed:1,replication:2,num_threads:128,set_partition:false}",1
d10400.json.gz,d,10,400,LagrangeTemplate,highs,LTFarkas,3,3,24955.994815905156,25247,,25247,,10,21,0.001046,0.002915,0.025685,861,823135.7552581262,41,1,0,"{timeout:600,max_col_multiplier:1,age_limit:4,random_seed:2,replication:3,num_threads:128,set_partition:false}",-1
d10400.json.gz,d,10,400,LagrangeTemplate,highs,LTFarkas,3,3,24955.994815905156,25247,1.1526121915475105,25247,0,10,21,0.001046,0.002915,0.025691,861,823135.7552581262,13.666666666666666,1,0,"{timeout:600,max_col_multiplier:1,age_limit:4,random_seed:2,replication:3,num_threads:128,set_partition:false}",1
d10400.json.gz,d,10,400,LagrangeTemplate,highs,LTFarkas,4,4,24955.994815905156,25232,,25232,,10,31,0.001703,0.005151,0.028506,867,509101.58543746325,27.967741935483872,1,0,"{timeout:600,max_col_multiplier:1,age_limit:4,random_seed:3,replication:4,num_threads:128,set_partition:false}",-1
d10400.json.gz,d,10,400,LagrangeTemplate,highs,LTFarkas,4,4,24955.994815905156,25232,1.093849080532657,25232,0,10,31,0.001703,0.005151,0.028515,867,509101.58543746325,6.991935483870968,1,0,"{timeout:600,max_col_multiplier:1,age_limit:4,random_seed:3,replication:4,num_threads:128,set_partition:false}",1
d10400.json.gz,d,10,400,LagrangeTemplate,highs,LTFarkas,5,3,24955.994815905156,25220,,25220,,10,21,0.001044,0.003148,0.025414,871,834291.1877394636,41.476190476190474,1,0,"{timeout:600,max_col_multiplier:1,age_limit:4,random_seed:4,replication:5,num_threads:128,set_partition:false}",-1
d10400.json.gz,d,10,400,LagrangeTemplate,highs,LTFarkas,5,3,24955.994815905156,25220,1.0467882632831085,25220,0,10,21,0.001044,0.003148,0.02542,871,834291.1877394636,13.825396825396824,1,0,"{timeout:600,max_col_multiplier:1,age_limit:4,random_seed:4,replication:5,num_threads:128,set_partition:false}",1
d10400.json.gz,d,10,400,MipTemplate,highs,MTFarkas,1,4,24955.994815905156,25220,,25220,,10,30,0.001664,0.056275,0.099882,857,515024.0384615385,28.566666666666666,1,0,"{timeout:600,max_col_multiplier:1,age_limit:4,random_seed:0,replication:1,num_threads:128,set_partition:false}",-1
d10400.json.gz,d,10,400,MipTemplate,highs,MTFarkas,1,4,24955.994815905156,25220,1.0467882632831085,25220,0,10,30,0.001664,0.056275,0.099891,857,515024.0384615385,7.141666666666667,1,0,"{timeout:600,max_col_multiplier:1,age_limit:4,random_seed:0,replication:1,num_threads:128,set_partition:false}",1
d10400.json.gz,d,10,400,MipTemplate,highs,MTFarkas,2,3,24955.994815905156,25220,,25220,,10,20,0.001314,0.020911,0.064607,853,649162.8614916286,42.65,1,0,"{timeout:600,max_col_multiplier:1,age_limit:4,random_seed:1,replication:2,num_threads:128,set_partition:false}",-1
d10400.json.gz,d,10,400,MipTemplate,highs,MTFarkas,2,3,24955.994815905156,25220,1.0467882632831085,25220,0,10,20,0.001314,0.020911,0.064616,853,649162.8614916286,14.216666666666667,1,0,"{timeout:600,max_col_multiplier:1,age_limit:4,random_seed:1,replication:2,num_threads:128,set_partition:false}",1
d10400.json.gz,d,10,400,MipTemplate,highs,MTFarkas,3,4,24955.994815905156,25232,,25232,,10,30,0.001915,0.059985,0.103697,862,450130.54830287205,28.733333333333334,1,0,"{timeout:600,max_col_multiplier:1,age_limit:4,random_seed:2,replication:3,num_threads:128,set_partition:false}",-1
d10400.json.gz,d,10,400,MipTemplate,highs,MTFarkas,3,4,24955.994815905156,25232,1.093849080532657,25232,0,10,30,0.001915,0.059985,0.103716,862,450130.54830287205,7.183333333333334,1,0,"{timeout:600,max_col_multiplier:1,age_limit:4,random_seed:2,replication:3,num_threads:128,set_partition:false}",1
d10400.json.gz,d,10,400,MipTemplate,highs,MTFarkas,4,4,24955.994815905156,25232,,25232,,10,30,0.001776,0.062087,0.106375,862,485360.36036036036,28.733333333333334,1,0,"{timeout:600,max_col_multiplier:1,age_limit:4,random_seed:3,replication:4,num_threads:128,set_partition:false}",-1
d10400.json.gz,d,10,400,MipTemplate,highs,MTFarkas,4,4,24955.994815905156,25232,1.093849080532657,25232,0,10,30,0.001776,0.062087,0.106385,862,485360.36036036036,7.183333333333334,1,0,"{timeout:600,max_col_multiplier:1,age_limit:4,random_seed:3,replication:4,num_threads:128,set_partition:false}",1
d10400.json.gz,d,10,400,MipTemplate,highs,MTFarkas,5,6,24955.994815905156,25220,,25220,,10,50,0.003855,0.100928,0.148061,879,228015.56420233464,17.58,1,0,"{timeout:600,max_col_multiplier:1,age_limit:4,random_seed:4,replication:5,num_threads:128,set_partition:false}",-1
d10400.json.gz,d,10,400,MipTemplate,highs,MTFarkas,5,6,24955.994815905156,25220,1.0467882632831085,25220,0,10,50,0.003855,0.100928,0.148074,879,228015.56420233464,2.9299999999999997,1,0,"{timeout:600,max_col_multiplier:1,age_limit:4,random_seed:4,replication:5,num_threads:128,set_partition:false}",1
d15900.json.gz,d,15,900,Dantzig,highs,DantzigFarkas,1,5,55400.4671364315,inf,,266639,,19,60,0.011629,0.001639,0.100489,2289,196835.49746323845,38.15,0,0,"{timeout:600,max_col_multiplier:1,age_limit:296,random_seed:0,replication:1,num_threads:128,set_partition:false}",-1
d15900.json.gz,d,15,900,Dantzig,highs,DantzigFarkas,1,5,55400.4671364315,inf,nan,266639,0,19,60,0.011629,0.001639,0.100497,2289,196835.49746323845,7.63,0,0,"{timeout:600,max_col_multiplier:1,age_limit:296,random_seed:0,replication:1,num_threads:128,set_partition:false}",1
d15900.json.gz,d,15,900,Dantzig,highs,DantzigFarkas,2,5,55400.4671364315,inf,,257663.49999999997,,20,60,0.011503,0.001843,0.099841,2276,197861.42745370773,37.93333333333333,0,0,"{timeout:600,max_col_multiplier:1,age_limit:296,random_seed:1,replication:2,num_threads:128,set_partition:false}",-1
d15900.json.gz,d,15,900,Dantzig,highs,DantzigFarkas,2,5,55400.4671364315,inf,nan,257663.49999999997,0,20,60,0.011503,0.001843,0.099848,2276,197861.42745370773,7.586666666666666,0,0,"{timeout:600,max_col_multiplier:1,age_limit:296,random_seed:1,replication:2,num_threads:128,set_partition:false}",1
d15900.json.gz,d,15,900,Dantzig,highs,DantzigFarkas,3,6,55400.4671364315,inf,,256492,,20,75,0.014438,0.001828,0.103133,2369,164080.89763125087,31.586666666666666,0,0,"{timeout:600,max_col_multiplier:1,age_limit:296,random_seed:2,replication:3,num_threads:128,set_partition:false}",-1
d15900.json.gz,d,15,900,Dantzig,highs,DantzigFarkas,3,6,55400.4671364315,inf,nan,256492,0,20,75,0.014438,0.001828,0.103139,2369,164080.89763125087,5.264444444444444,0,0,"{timeout:600,max_col_multiplier:1,age_limit:296,random_seed:2,replication:3,num_threads:128,set_partition:false}",1
d15900.json.gz,d,15,900,Dantzig,highs,DantzigFarkas,4,5,55400.4671364315,inf,,266393.00000000006,,20,60,0.012295,0.001507,0.100645,2329,189426.59617730783,38.81666666666667,0,0,"{timeout:600,max_col_multiplier:1,age_limit:296,random_seed:3,replication:4,num_threads:128,set_partition:false}",-1
d15900.json.gz,d,15,900,Dantzig,highs,DantzigFarkas,4,5,55400.4671364315,inf,nan,266393.00000000006,0,20,60,0.012295,0.001507,0.100653,2329,189426.59617730783,7.763333333333334,0,0,"{timeout:600,max_col_multiplier:1,age_limit:296,random_seed:3,replication:4,num_threads:128,set_partition:false}",1
d15900.json.gz,d,15,900,Dantzig,highs,DantzigFarkas,5,6,55400.4671364315,inf,,256740.4999999997,,20,75,0.013607,0.002292,0.104204,2332,171382.37671786582,31.093333333333334,0,0,"{timeout:600,max_col_multiplier:1,age_limit:296,random_seed:4,replication:5,num_threads:128,set_partition:false}",-1
d15900.json.gz,d,15,900,Dantzig,highs,DantzigFarkas,5,6,55400.4671364315,inf,nan,256740.4999999997,0,20,75,0.013607,0.002292,0.104212,2332,171382.37671786582,5.182222222222222,0,0,"{timeout:600,max_col_multiplier:1,age_limit:296,random_seed:4,replication:5,num_threads:128,set_partition:false}",1
d15900.json.gz,d,15,900,LagrangeTemplate,highs,LTFarkas,1,4,55400.4671364315,55987,,55987,,15,49,0.00305,0.018805,0.10833,2059,675081.9672131147,42.02040816326531,1,0,"{timeout:600,max_col_multiplier:1,age_limit:6,random_seed:0,replication:1,num_threads:128,set_partition:false}",-1
d15900.json.gz,d,15,900,LagrangeTemplate,highs,LTFarkas,1,4,55400.4671364315,55987,1.046671548752389,55987,0,15,49,0.00305,0.018805,0.108337,2059,675081.9672131147,10.505102040816327,1,0,"{timeout:600,max_col_multiplier:1,age_limit:6,random_seed:0,replication:1,num_threads:128,set_partition:false}",1
d15900.json.gz,d,15,900,LagrangeTemplate,highs,LTFarkas,2,4,55400.4671364315,55931,,55931,,15,50,0.003376,0.018522,0.10907,2068,612559.2417061612,41.36,1,0,"{timeout:600,max_col_multiplier:1,age_limit:6,random_seed:1,replication:2,num_threads:128,set_partition:false}",-1
d15900.json.gz,d,15,900,LagrangeTemplate,highs,LTFarkas,2,4,55400.4671364315,55931,0.9475961452503978,55931,0,15,50,0.003376,0.018522,0.109078,2068,612559.2417061612,10.34,1,0,"{timeout:600,max_col_multiplier:1,age_limit:6,random_seed:1,replication:2,num_threads:128,set_partition:false}",1
d15900.json.gz,d,15,900,LagrangeTemplate,highs,LTFarkas,3,4,55400.4671364315,55906,,55906,,15,50,0.003224,0.018997,0.110778,2064,640198.5111662531,41.28,1,0,"{timeout:600,max_col_multiplier:1,age_limit:6,random_seed:2,replication:3,num_threads:128,set_partition:false}",-1
d15900.json.gz,d,15,900,LagrangeTemplate,highs,LTFarkas,3,4,55400.4671364315,55906,0.9033019711658856,55906,0,15,50,0.003224,0.018997,0.110786,2064,640198.5111662531,10.32,1,0,"{timeout:600,max_col_multiplier:1,age_limit:6,random_seed:2,replication:3,num_threads:128,set_partition:false}",1
d15900.json.gz,d,15,900,LagrangeTemplate,highs,LTFarkas,4,4,55400.4671364315,56039,,56038.99999999997,,15,49,0.003406,0.019346,0.109691,2101,616852.6130358191,42.87755102040816,1,0,"{timeout:600,max_col_multiplier:1,age_limit:6,random_seed:3,replication:4,num_threads:128,set_partition:false}",-1
d15900.json.gz,d,15,900,LagrangeTemplate,highs,LTFarkas,4,4,55400.4671364315,56039,1.138492835346812,56038.99999999997,0,15,49,0.003406,0.019346,0.1097,2101,616852.6130358191,10.71938775510204,1,0,"{timeout:600,max_col_multiplier:1,age_limit:6,random_seed:3,replication:4,num_threads:128,set_partition:false}",1
d15900.json.gz,d,15,900,LagrangeTemplate,highs,LTFarkas,5,4,55400.4671364315,55989,,55989,,15,49,0.003035,0.013125,0.105177,2056,677429.9835255354,41.95918367346939,1,0,"{timeout:600,max_col_multiplier:1,age_limit:6,random_seed:4,replication:5,num_threads:128,set_partition:false}",-1
d15900.json.gz,d,15,900,LagrangeTemplate,highs,LTFarkas,5,4,55400.4671364315,55989,1.0502062905213523,55989,0,15,49,0.003035,0.013125,0.105184,2056,677429.9835255354,10.489795918367347,1,0,"{timeout:600,max_col_multiplier:1,age_limit:6,random_seed:4,replication:5,num_threads:128,set_partition:false}",1
d15900.json.gz,d,15,900,MipTemplate,highs,MTFarkas,1,6,55400.4671364315,55904,,55904,,15,76,0.00643,0.156813,0.269476,2058,320062.20839813375,27.07894736842105,1,0,"{timeout:600,max_col_multiplier:1,age_limit:6,random_seed:0,replication:1,num_threads:128,set_partition:false}",-1
d15900.json.gz,d,15,900,MipTemplate,highs,MTFarkas,1,6,55400.4671364315,55904,0.8997567258156841,55904,0,15,76,0.00643,0.156813,0.269493,2058,320062.20839813375,4.513157894736842,1,0,"{timeout:600,max_col_multiplier:1,age_limit:6,random_seed:0,replication:1,num_threads:128,set_partition:false}",1
d15900.json.gz,d,15,900,MipTemplate,highs,MTFarkas,2,6,55400.4671364315,55883,,55883,,15,75,0.005483,0.15247,0.25447,2057,375159.5841692504,27.426666666666666,1,0,"{timeout:600,max_col_multiplier:1,age_limit:6,random_seed:1,replication:2,num_threads:128,set_partition:false}",-1
d15900.json.gz,d,15,900,MipTemplate,highs,MTFarkas,2,6,55400.4671364315,55883,0.8625163287582985,55883,0,15,75,0.005483,0.15247,0.254487,2057,375159.5841692504,4.571111111111111,1,0,"{timeout:600,max_col_multiplier:1,age_limit:6,random_seed:1,replication:2,num_threads:128,set_partition:false}",1
d15900.json.gz,d,15,900,MipTemplate,highs,MTFarkas,3,6,55400.4671364315,55838,,55838,,15,75,0.005372,0.156312,0.268245,2059,383283.6932241251,27.453333333333333,1,0,"{timeout:600,max_col_multiplier:1,age_limit:6,random_seed:2,replication:3,num_threads:128,set_partition:false}",-1
d15900.json.gz,d,15,900,MipTemplate,highs,MTFarkas,3,6,55400.4671364315,55838,0.7826211540527955,55838,0,15,75,0.005372,0.156312,0.268258,2059,383283.6932241251,4.575555555555556,1,0,"{timeout:600,max_col_multiplier:1,age_limit:6,random_seed:2,replication:3,num_threads:128,set_partition:false}",1
d15900.json.gz,d,15,900,MipTemplate,highs,MTFarkas,4,7,55400.4671364315,55881,,55881,,15,91,0.007635,0.187507,0.297137,2103,275442.0432220039,23.10989010989011,1,0,"{timeout:600,max_col_multiplier:1,age_limit:6,random_seed:3,replication:4,num_threads:128,set_partition:false}",-1
d15900.json.gz,d,15,900,MipTemplate,highs,MTFarkas,4,7,55400.4671364315,55881,0.8589681644924034,55881,0,15,91,0.007635,0.187507,0.297146,2103,275442.0432220039,3.301412872841444,1,0,"{timeout:600,max_col_multiplier:1,age_limit:6,random_seed:3,replication:4,num_threads:128,set_partition:false}",1
d15900.json.gz,d,15,900,MipTemplate,highs,MTFarkas,5,6,55400.4671364315,55906,,55906,,15,75,0.00627,0.141819,0.257344,2059,328389.1547049442,27.453333333333333,1,0,"{timeout:600,max_col_multiplier:1,age_limit:6,random_seed:4,replication:5,num_threads:128,set_partition:false}",-1
d15900.json.gz,d,15,900,MipTemplate,highs,MTFarkas,5,6,55400.4671364315,55906,0.9033019711658856,55906,0,15,75,0.00627,0.141819,0.257362,2059,328389.1547049442,4.575555555555556,1,0,"{timeout:600,max_col_multiplier:1,age_limit:6,random_seed:4,replication:5,num_threads:128,set_partition:false}",1
d20100.json.gz,d,20,100,Dantzig,highs,DantzigFarkas,1,3,6142.53021650464,inf,,18778.000000000004,,36,40,0.000885,0.001064,0.010825,422,476836.1581920904,10.55,0,0,"{timeout:600,max_col_multiplier:1,age_limit:4,random_seed:0,replication:1,num_threads:128,set_partition:false}",-1
d20100.json.gz,d,20,100,Dantzig,highs,DantzigFarkas,1,3,6142.53021650464,inf,nan,18778.000000000004,0,36,40,0.000885,0.001064,0.01083,422,476836.1581920904,3.516666666666667,0,0,"{timeout:600,max_col_multiplier:1,age_limit:4,random_seed:0,replication:1,num_threads:128,set_partition:false}",1
d20100.json.gz,d,20,100,Dantzig,highs,DantzigFarkas,2,3,6142.53021650464,inf,,19730.00000000001,,35,40,0.000984,0.001127,0.011226,415,421747.9674796748,10.375,0,0,"{timeout:600,max_col_multiplier:1,age_limit:4,random_seed:1,replication:2,num_threads:128,set_partition:false}",-1
d20100.json.gz,d,20,100,Dantzig,highs,DantzigFarkas,2,3,6142.53021650464,inf,nan,19730.00000000001,0,35,40,0.000984,0.001127,0.011231,415,421747.9674796748,3.4583333333333335,0,0,"{timeout:600,max_col_multiplier:1,age_limit:4,random_seed:1,replication:2,num_threads:128,set_partition:false}",1
d20100.json.gz,d,20,100,Dantzig,highs,DantzigFarkas,3,3,6142.53021650464,inf,,19297.5,,35,40,0.000907,0.001284,0.011274,392,432194.0463065049,9.8,0,0,"{timeout:600,max_col_multiplier:1,age_limit:4,random_seed:2,replication:3,num_threads:128,set_partition:false}",-1
d20100.json.gz,d,20,100,Dantzig,highs,DantzigFarkas,3,3,6142.53021650464,inf,nan,19297.5,0,35,40,0.000907,0.001284,0.011281,392,432194.0463065049,3.266666666666667,0,0,"{timeout:600,max_col_multiplier:1,age_limit:4,random_seed:2,replication:3,num_threads:128,set_partition:false}",1
d20100.json.gz,d,20,100,Dantzig,highs,DantzigFarkas,4,3,6142.53021650464,inf,,19872.5,,35,40,0.001301,0.001025,0.011281,405,311299.0007686395,10.125,0,0,"{timeout:600,max_col_multiplier:1,age_limit:4,random_seed:3,replication:4,num_threads:128,set_partition:false}",-1
d20100.json.gz,d,20,100,Dantzig,highs,DantzigFarkas,4,3,6142.53021650464,inf,nan,19872.5,0,35,40,0.001301,0.001025,0.011288,405,311299.0007686395,3.375,0,0,"{timeout:600,max_col_multiplier:1,age_limit:4,random_seed:3,replication:4,num_threads:128,set_partition:false}",1
d20100.json.gz,d,20,100,Dantzig,highs,DantzigFarkas,5,3,6142.53021650464,inf,,19730,,35,40,0.000982,0.00121,0.011191,418,425661.9144602851,10.45,0,0,"{timeout:600,max_col_multiplier:1,age_limit:4,random_seed:4,replication:5,num_threads:128,set_partition:false}",-1
d20100.json.gz,d,20,100,Dantzig,highs,DantzigFarkas,5,3,6142.53021650464,inf,nan,19730,0,35,40,0.000982,0.00121,0.011201,418,425661.9144602851,3.483333333333333,0,0,"{timeout:600,max_col_multiplier:1,age_limit:4,random_seed:4,replication:5,num_threads:128,set_partition:false}",1
d20100.json.gz,d,20,100,LagrangeTemplate,highs,LTFarkas,1,3,6142.53021650464,6919,,6919,,20,42,0.000582,0.001142,0.010649,402,690721.649484536,9.571428571428571,1,0,"{timeout:600,max_col_multiplier:1,age_limit:2,random_seed:0,replication:1,num_threads:128,set_partition:false}",-1
d20100.json.gz,d,20,100,LagrangeTemplate,highs,LTFarkas,1,3,6142.53021650464,6919,11.215493568434745,6919,0,20,42,0.000582,0.001142,0.010656,402,690721.649484536,3.1904761904761902,1,0,"{timeout:600,max_col_multiplier:1,age_limit:2,random_seed:0,replication:1,num_threads:128,set_partition:false}",1
d20100.json.gz,d,20,100,LagrangeTemplate,highs,LTFarkas,2,3,6142.53021650464,6928,,6928,,20,42,0.000734,0.001108,0.010825,399,543596.7302452317,9.5,1,0,"{timeout:600,max_col_multiplier:1,age_limit:2,random_seed:1,replication:2,num_threads:128,set_partition:false}",-1
d20100.json.gz,d,20,100,LagrangeTemplate,highs,LTFarkas,2,3,6142.53021650464,6928,11.330831408775982,6928,0,20,42,0.000734,0.001108,0.010833,399,543596.7302452317,3.1666666666666665,1,0,"{timeout:600,max_col_multiplier:1,age_limit:2,random_seed:1,replication:2,num_threads:128,set_partition:false}",1
d20100.json.gz,d,20,100,LagrangeTemplate,highs,LTFarkas,3,3,6142.53021650464,6932,,6932,,20,42,0.000609,0.001357,0.010849,397,651888.341543514,9.452380952380953,1,0,"{timeout:600,max_col_multiplier:1,age_limit:2,random_seed:2,replication:3,num_threads:128,set_partition:false}",-1
d20100.json.gz,d,20,100,LagrangeTemplate,highs,LTFarkas,3,3,6142.53021650464,6932,11.38199653779573,6932,0,20,42,0.000609,0.001357,0.01086,397,651888.341543514,3.1507936507936507,1,0,"{timeout:600,max_col_multiplier:1,age_limit:2,random_seed:2,replication:3,num_threads:128,set_partition:false}",1
d20100.json.gz,d,20,100,LagrangeTemplate,highs,LTFarkas,4,3,6142.53021650464,6925,,6925,,20,41,0.000577,0.001153,0.010796,397,688041.5944540728,9.682926829268293,1,0,"{timeout:600,max_col_multiplier:1,age_limit:2,random_seed:3,replication:4,num_threads:128,set_partition:false}",-1
d20100.json.gz,d,20,100,LagrangeTemplate,highs,LTFarkas,4,3,6142.53021650464,6925,11.292418772563177,6925,0,20,41,0.000577,0.001153,0.010801,397,688041.5944540728,3.2276422764227646,1,0,"{timeout:600,max_col_multiplier:1,age_limit:2,random_seed:3,replication:4,num_threads:128,set_partition:false}",1
d20100.json.gz,d,20,100,LagrangeTemplate,highs,LTFarkas,5,3,6142.53021650464,6925,,6925,,20,42,0.000895,0.001105,0.011047,398,444692.7374301676,9.476190476190476,1,0,"{timeout:600,max_col_multiplier:1,age_limit:2,random_seed:4,replication:5,num_threads:128,set_partition:false}",-1
d20100.json.gz,d,20,100,LagrangeTemplate,highs,LTFarkas,5,3,6142.53021650464,6925,11.292418772563177,6925,0,20,42,0.000895,0.001105,0.011054,398,444692.7374301676,3.1587301587301586,1,0,"{timeout:600,max_col_multiplier:1,age_limit:2,random_seed:4,replication:5,num_threads:128,set_partition:false}",1
d20100.json.gz,d,20,100,MipTemplate,highs,MTFarkas,1,5,6142.53021650464,6801,,6801,,20,80,0.001716,0.064006,0.089367,414,241258.74125874124,5.175,1,0,"{timeout:600,max_col_multiplier:1,age_limit:2,random_seed:0,replication:1,num_threads:128,set_partition:false}",-1
d20100.json.gz,d,20,100,MipTemplate,highs,MTFarkas,1,5,6142.53021650464,6801,9.675047787090135,6801,0,20,80,0.001716,0.064006,0.089381,414,241258.74125874124,1.035,1,0,"{timeout:600,max_col_multiplier:1,age_limit:2,random_seed:0,replication:1,num_threads:128,set_partition:false}",1
d20100.json.gz,d,20,100,MipTemplate,highs,MTFarkas,2,4,6142.53021650464,6819,,6819,,20,60,0.001205,0.039543,0.065484,412,341908.71369294607,6.866666666666666,1,0,"{timeout:600,max_col_multiplier:1,age_limit:2,random_seed:1,replication:2,num_threads:128,set_partition:false}",-1
d20100.json.gz,d,20,100,MipTemplate,highs,MTFarkas,2,4,6142.53021650464,6819,9.913477049420736,6819,0,20,60,0.001205,0.039543,0.065506,412,341908.71369294607,1.7166666666666666,1,0,"{timeout:600,max_col_multiplier:1,age_limit:2,random_seed:1,replication:2,num_threads:128,set_partition:false}",1
d20100.json.gz,d,20,100,MipTemplate,highs,MTFarkas,3,4,6142.53021650464,6790,,6790,,20,60,0.00134,0.055894,0.081679,404,301492.53731343284,6.733333333333333,1,0,"{timeout:600,max_col_multiplier:1,age_limit:2,random_seed:2,replication:3,num_threads:128,set_partition:false}",-1
d20100.json.gz,d,20,100,MipTemplate,highs,MTFarkas,3,4,6142.53021650464,6790,9.528718703976436,6790,0,20,60,0.00134,0.055894,0.081695,404,301492.53731343284,1.6833333333333333,1,0,"{timeout:600,max_col_multiplier:1,age_limit:2,random_seed:2,replication:3,num_threads:128,set_partition:false}",1
d20100.json.gz,d,20,100,MipTemplate,highs,MTFarkas,4,4,6142.53021650464,6874,,6874,,20,60,0.001279,0.038935,0.064396,409,319781.07896794373,6.816666666666666,1,0,"{timeout:600,max_col_multiplier:1,age_limit:2,random_seed:3,replication:4,num_threads:128,set_partition:false}",-1
d20100.json.gz,d,20,100,MipTemplate,highs,MTFarkas,4,4,6142.53021650464,6874,10.63427407622927,6874,0,20,60,0.001279,0.038935,0.064412,409,319781.07896794373,1.7041666666666666,1,0,"{timeout:600,max_col_multiplier:1,age_limit:2,random_seed:3,replication:4,num_threads:128,set_partition:false}",1
d20100.json.gz,d,20,100,MipTemplate,highs,MTFarkas,5,4,6142.53021650464,6889,,6889,,20,60,0.001183,0.052908,0.078341,412,348267.1174978867,6.866666666666666,1,0,"{timeout:600,max_col_multiplier:1,age_limit:2,random_seed:4,replication:5,num_threads:128,set_partition:false}",-1
d20100.json.gz,d,20,100,MipTemplate,highs,MTFarkas,5,4,6142.53021650464,6889,10.828857599070982,6889,0,20,60,0.001183,0.052908,0.078351,412,348267.1174978867,1.7166666666666666,1,0,"{timeout:600,max_col_multiplier:1,age_limit:2,random_seed:4,replication:5,num_threads:128,set_partition:false}",1
d201600.json.gz,d,20,1600,Dantzig,highs,DantzigFarkas,1,3,97821.35000920162,147826,,147826,,20,59,0.016039,0.001443,0.27821,4212,262609.8883970322,71.38983050847457,1,0,"{timeout:600,max_col_multiplier:1,age_limit:525,random_seed:0,replication:1,num_threads:128,set_partition:false}",-1
d201600.json.gz,d,20,1600,Dantzig,highs,DantzigFarkas,1,3,97821.35000920162,147826,33.82625519191482,147826,0,20,59,0.016039,0.001443,0.278217,4212,262609.8883970322,23.796610169491526,1,0,"{timeout:600,max_col_multiplier:1,age_limit:525,random_seed:0,replication:1,num_threads:128,set_partition:false}",1
d201600.json.gz,d,20,1600,Dantzig,highs,DantzigFarkas,2,3,97821.35000920162,148222,,148222,,20,59,0.009797,0.001502,0.275905,4107,419209.9622333367,69.61016949152543,1,0,"{timeout:600,max_col_multiplier:1,age_limit:525,random_seed:1,replication:2,num_threads:128,set_partition:false}",-1
d201600.json.gz,d,20,1600,Dantzig,highs,DantzigFarkas,2,3,97821.35000920162,148222,34.0030494798343,148222,0,20,59,0.009797,0.001502,0.275914,4107,419209.9622333367,23.203389830508474,1,0,"{timeout:600,max_col_multiplier:1,age_limit:525,random_seed:1,replication:2,num_threads:128,set_partition:false}",1
d201600.json.gz,d,20,1600,Dantzig,highs,DantzigFarkas,3,3,97821.35000920162,147780,,147780.00000000003,,20,59,0.010589,0.001725,0.27434,4105,387666.4463122108,69.57627118644068,1,0,"{timeout:600,max_col_multiplier:1,age_limit:525,random_seed:2,replication:3,num_threads:128,set_partition:false}",-1
d201600.json.gz,d,20,1600,Dantzig,highs,DantzigFarkas,3,3,97821.35000920162,147780,33.80565705778861,147780.00000000003,0,20,59,0.010589,0.001725,0.274352,4105,387666.4463122108,23.192090395480225,1,0,"{timeout:600,max_col_multiplier:1,age_limit:525,random_seed:2,replication:3,num_threads:128,set_partition:false}",1
d201600.json.gz,d,20,1600,Dantzig,highs,DantzigFarkas,4,4,97821.35000920162,inf,,587107,,23,60,0.019598,0.00206,0.282367,4271,217930.40106133278,71.18333333333334,0,0,"{timeout:600,max_col_multiplier:1,age_limit:525,random_seed:3,replication:4,num_threads:128,set_partition:false}",-1
d201600.json.gz,d,20,1600,Dantzig,highs,DantzigFarkas,4,4,97821.35000920162,inf,nan,587107,0,23,60,0.019598,0.00206,0.282376,4271,217930.40106133278,17.795833333333334,0,0,"{timeout:600,max_col_multiplier:1,age_limit:525,random_seed:3,replication:4,num_threads:128,set_partition:false}",1
d201600.json.gz,d,20,1600,Dantzig,highs,DantzigFarkas,5,3,97821.35000920162,148190,,148190,,20,60,0.014328,0.001493,0.276104,4158,290201.00502512563,69.3,1,0,"{timeout:600,max_col_multiplier:1,age_limit:525,random_seed:4,replication:5,num_threads:128,set_partition:false}",-1
d201600.json.gz,d,20,1600,Dantzig,highs,DantzigFarkas,5,3,97821.35000920162,148190,33.98879816451853,148190,0,20,60,0.014328,0.001493,0.276111,4158,290201.00502512563,23.099999999999998,1,0,"{timeout:600,max_col_multiplier:1,age_limit:525,random_seed:4,replication:5,num_threads:128,set_partition:false}",1
d201600.json.gz,d,20,1600,LagrangeTemplate,highs,LTFarkas,1,4,97821.35000920162,98512,,98511.99999999999,,20,64,0.005711,0.035944,0.29901,4067,712134.4773244616,63.546875,1,0,"{timeout:600,max_col_multiplier:1,age_limit:8,random_seed:0,replication:1,num_threads:128,set_partition:false}",-1
d201600.json.gz,d,20,1600,LagrangeTemplate,highs,LTFarkas,1,4,97821.35000920162,98512,0.7004222835796654,98511.99999999999,0,20,64,0.005711,0.035944,0.299017,4067,712134.4773244616,15.88671875,1,0,"{timeout:600,max_col_multiplier:1,age_limit:8,random_seed:0,replication:1,num_threads:128,set_partition:false}",1
d201600.json.gz,d,20,1600,LagrangeTemplate,highs,LTFarkas,2,4,97821.35000920162,98563,,98563,,20,63,0.006247,0.039128,0.305409,4098,655994.8775412198,65.04761904761905,1,0,"{timeout:600,max_col_multiplier:1,age_limit:8,random_seed:1,replication:2,num_threads:128,set_partition:false}",-1
d201600.json.gz,d,20,1600,LagrangeTemplate,highs,LTFarkas,2,4,97821.35000920162,98563,0.7518034150746223,98563,0,20,63,0.006247,0.039128,0.305416,4098,655994.8775412198,16.261904761904763,1,0,"{timeout:600,max_col_multiplier:1,age_limit:8,random_seed:1,replication:2,num_threads:128,set_partition:false}",1
d201600.json.gz,d,20,1600,LagrangeTemplate,highs,LTFarkas,3,4,97821.35000920162,98509,,98509,,20,63,0.005735,0.034524,0.29652,4057,707410.6364428946,64.39682539682539,1,0,"{timeout:600,max_col_multiplier:1,age_limit:8,random_seed:2,replication:3,num_threads:128,set_partition:false}",-1
d201600.json.gz,d,20,1600,LagrangeTemplate,highs,LTFarkas,3,4,97821.35000920162,98509,0.6973982072704017,98509,0,20,63,0.005735,0.034524,0.296528,4057,707410.6364428946,16.099206349206348,1,0,"{timeout:600,max_col_multiplier:1,age_limit:8,random_seed:2,replication:3,num_threads:128,set_partition:false}",1
d201600.json.gz,d,20,1600,LagrangeTemplate,highs,LTFarkas,4,4,97821.35000920162,98533,,98533,,20,64,0.006154,0.033131,0.295044,4078,662658.4335391616,63.71875,1,0,"{timeout:600,max_col_multiplier:1,age_limit:8,random_seed:3,replication:4,num_threads:128,set_partition:false}",-1
d201600.json.gz,d,20,1600,LagrangeTemplate,highs,LTFarkas,4,4,97821.35000920162,98533,0.7215856616565008,98533,0,20,64,0.006154,0.033131,0.295051,4078,662658.4335391616,15.9296875,1,0,"{timeout:600,max_col_multiplier:1,age_limit:8,random_seed:3,replication:4,num_threads:128,set_partition:false}",1
d201600.json.gz,d,20,1600,LagrangeTemplate,highs,LTFarkas,5,4,97821.35000920162,98543,,98543,,20,66,0.006585,0.038178,0.300795,4107,623690.2050113896,62.22727272727273,1,0,"{timeout:600,max_col_multiplier:1,age_limit:8,random_seed:4,replication:5,num_threads:128,set_partition:false}",-1
d201600.json.gz,d,20,1600,LagrangeTemplate,highs,LTFarkas,5,4,97821.35000920162,98543,0.7316602904315883,98543,0,20,66,0.006585,0.038178,0.300802,4107,623690.2050113896,15.556818181818182,1,0,"{timeout:600,max_col_multiplier:1,age_limit:8,random_seed:4,replication:5,num_threads:128,set_partition:false}",1
d201600.json.gz,d,20,1600,MipTemplate,highs,MTFarkas,1,7,97821.35000920162,98538,,98538,,20,120,0.014259,0.288474,0.571993,4066,285153.2365523529,33.88333333333333,1,0,"{timeout:600,max_col_multiplier:1,age_limit:8,random_seed:0,replication:1,num_threads:128,set_partition:false}",-1
d201600.json.gz,d,20,1600,MipTemplate,highs,MTFarkas,1,7,97821.35000920162,98538,0.7266232316466743,98538,0,20,120,0.014259,0.288474,0.572006,4066,285153.2365523529,4.84047619047619,1,0,"{timeout:600,max_col_multiplier:1,age_limit:8,random_seed:0,replication:1,num_threads:128,set_partition:false}",1
d201600.json.gz,d,20,1600,MipTemplate,highs,MTFarkas,2,7,97821.35000920162,98491,,98491,,20,120,0.014511,0.271574,0.556541,4087,281648.4046585349,34.05833333333333,1,0,"{timeout:600,max_col_multiplier:1,age_limit:8,random_seed:1,replication:2,num_threads:128,set_partition:false}",-1
d201600.json.gz,d,20,1600,MipTemplate,highs,MTFarkas,2,7,97821.35000920162,98491,0.6792498806997593,98491,0,20,120,0.014511,0.271574,0.556554,4087,281648.4046585349,4.86547619047619,1,0,"{timeout:600,max_col_multiplier:1,age_limit:8,random_seed:1,replication:2,num_threads:128,set_partition:false}",1
d201600.json.gz,d,20,1600,MipTemplate,highs,MTFarkas,3,5,97821.35000920162,98541,,98541,,20,80,0.008683,0.159031,0.436723,4040,465276.9780029944,50.5,1,0,"{timeout:600,max_col_multiplier:1,age_limit:8,random_seed:2,replication:3,num_threads:128,set_partition:false}",-1
d201600.json.gz,d,20,1600,MipTemplate,highs,MTFarkas,3,5,97821.35000920162,98541,0.7296455282572736,98541,0,20,80,0.008683,0.159031,0.436735,4040,465276.9780029944,10.1,1,0,"{timeout:600,max_col_multiplier:1,age_limit:8,random_seed:2,replication:3,num_threads:128,set_partition:false}",1
d201600.json.gz,d,20,1600,MipTemplate,highs,MTFarkas,4,7,97821.35000920162,98529,,98529,,20,120,0.015213,0.261996,0.550157,4079,268125.9449155328,33.99166666666667,1,0,"{timeout:600,max_col_multiplier:1,age_limit:8,random_seed:3,replication:4,num_threads:128,set_partition:false}",-1
d201600.json.gz,d,20,1600,MipTemplate,highs,MTFarkas,4,7,97821.35000920162,98529,0.7175552375442763,98529,0,20,120,0.015213,0.261996,0.55017,4079,268125.9449155328,4.855952380952381,1,0,"{timeout:600,max_col_multiplier:1,age_limit:8,random_seed:3,replication:4,num_threads:128,set_partition:false}",1
d201600.json.gz,d,20,1600,MipTemplate,highs,MTFarkas,5,7,97821.35000920162,98488,,98488,,20,121,0.014866,0.268928,0.556322,4108,276335.26167092694,33.950413223140494,1,0,"{timeout:600,max_col_multiplier:1,age_limit:8,random_seed:4,replication:5,num_threads:128,set_partition:false}",-1
d201600.json.gz,d,20,1600,MipTemplate,highs,MTFarkas,5,7,97821.35000920162,98488,0.6762245146616847,98488,0,20,121,0.014866,0.268928,0.556338,4108,276335.26167092694,4.850059031877214,1,0,"{timeout:600,max_col_multiplier:1,age_limit:8,random_seed:4,replication:5,num_threads:128,set_partition:false}",1
d20200.json.gz,d,20,200,Dantzig,highs,DantzigFarkas,1,3,12217.693424301255,inf,,47311.00000000001,,34,40,0.001828,0.001134,0.021265,682,373085.33916849014,17.05,0,0,"{timeout:600,max_col_multiplier:1,age_limit:10,random_seed:0,replication:1,num_threads:128,set_partition:false}",-1
d20200.json.gz,d,20,200,Dantzig,highs,DantzigFarkas,1,3,12217.693424301255,inf,nan,47311.00000000001,0,34,40,0.001828,0.001134,0.021271,682,373085.33916849014,5.683333333333334,0,0,"{timeout:600,max_col_multiplier:1,age_limit:10,random_seed:0,replication:1,num_threads:128,set_partition:false}",1
d20200.json.gz,d,20,200,Dantzig,highs,DantzigFarkas,2,3,12217.693424301255,inf,,49021,,33,40,0.001832,0.001164,0.021232,685,373908.2969432314,17.125,0,0,"{timeout:600,max_col_multiplier:1,age_limit:10,random_seed:1,replication:2,num_threads:128,set_partition:false}",-1
d20200.json.gz,d,20,200,Dantzig,highs,DantzigFarkas,2,3,12217.693424301255,inf,nan,49021,0,33,40,0.001832,0.001164,0.021239,685,373908.2969432314,5.708333333333333,0,0,"{timeout:600,max_col_multiplier:1,age_limit:10,random_seed:1,replication:2,num_threads:128,set_partition:false}",1
d20200.json.gz,d,20,200,Dantzig,highs,DantzigFarkas,3,3,12217.693424301255,inf,,48603.5,,33,40,0.001591,0.000946,0.02076,660,414833.43808925204,16.5,0,0,"{timeout:600,max_col_multiplier:1,age_limit:10,random_seed:2,replication:3,num_threads:128,set_partition:false}",-1
d20200.json.gz,d,20,200,Dantzig,highs,DantzigFarkas,3,3,12217.693424301255,inf,nan,48603.5,0,33,40,0.001591,0.000946,0.020769,660,414833.43808925204,5.5,0,0,"{timeout:600,max_col_multiplier:1,age_limit:10,random_seed:2,replication:3,num_threads:128,set_partition:false}",1
d20200.json.gz,d,20,200,Dantzig,highs,DantzigFarkas,4,3,12217.693424301255,inf,,46614.000000000015,,33,40,0.001858,0.001105,0.021258,722,388589.88159311085,18.05,0,0,"{timeout:600,max_col_multiplier:1,age_limit:10,random_seed:3,replication:4,num_threads:128,set_partition:false}",-1
d20200.json.gz,d,20,200,Dantzig,highs,DantzigFarkas,4,3,12217.693424301255,inf,nan,46614.000000000015,0,33,40,0.001858,0.001105,0.021264,722,388589.88159311085,6.016666666666667,0,0,"{timeout:600,max_col_multiplier:1,age_limit:10,random_seed:3,replication:4,num_threads:128,set_partition:false}",1
d20200.json.gz,d,20,200,Dantzig,highs,DantzigFarkas,5,3,12217.693424301255,inf,,47356.499999999956,,34,40,0.002393,0.000817,0.021711,745,311324.6970330129,18.625,0,0,"{timeout:600,max_col_multiplier:1,age_limit:10,random_seed:4,replication:5,num_threads:128,set_partition:false}",-1
d20200.json.gz,d,20,200,Dantzig,highs,DantzigFarkas,5,3,12217.693424301255,inf,nan,47356.499999999956,0,34,40,0.002393,0.000817,0.021717,745,311324.6970330129,6.208333333333333,0,0,"{timeout:600,max_col_multiplier:1,age_limit:10,random_seed:4,replication:5,num_threads:128,set_partition:false}",1
d20200.json.gz,d,20,200,LagrangeTemplate,highs,LTFarkas,1,3,12217.693424301255,inf,,13267.714285714288,,28,40,0.000726,0.001294,0.020257,634,873278.2369146006,15.85,0,0,"{timeout:600,max_col_multiplier:1,age_limit:2,random_seed:0,replication:1,num_threads:128,set_partition:false}",-1
d20200.json.gz,d,20,200,LagrangeTemplate,highs,LTFarkas,1,3,12217.693424301255,inf,nan,13267.714285714288,0,28,40,0.000726,0.001294,0.020262,634,873278.2369146006,5.283333333333333,0,0,"{timeout:600,max_col_multiplier:1,age_limit:2,random_seed:0,replication:1,num_threads:128,set_partition:false}",1
d20200.json.gz,d,20,200,LagrangeTemplate,highs,LTFarkas,2,3,12217.693424301255,12975,,12975,,20,42,0.000885,0.001711,0.02067,628,709604.5197740112,14.952380952380953,1,0,"{timeout:600,max_col_multiplier:1,age_limit:2,random_seed:1,replication:2,num_threads:128,set_partition:false}",-1
d20200.json.gz,d,20,200,LagrangeTemplate,highs,LTFarkas,2,3,12217.693424301255,12975,5.834296724470136,12975,0,20,42,0.000885,0.001711,0.020679,628,709604.5197740112,4.984126984126984,1,0,"{timeout:600,max_col_multiplier:1,age_limit:2,random_seed:1,replication:2,num_threads:128,set_partition:false}",1
d20200.json.gz,d,20,200,LagrangeTemplate,highs,LTFarkas,3,3,12217.693424301255,12975,,12975,,20,42,0.001114,0.001306,0.020908,622,558348.2944344704,14.80952380952381,1,0,"{timeout:600,max_col_multiplier:1,age_limit:2,random_seed:2,replication:3,num_threads:128,set_partition:false}",-1
d20200.json.gz,d,20,200,LagrangeTemplate,highs,LTFarkas,3,3,12217.693424301255,12975,5.834296724470136,12975,0,20,42,0.001114,0.001306,0.020913,622,558348.2944344704,4.936507936507937,1,0,"{timeout:600,max_col_multiplier:1,age_limit:2,random_seed:2,replication:3,num_threads:128,set_partition:false}",1
d20200.json.gz,d,20,200,LagrangeTemplate,highs,LTFarkas,4,3,12217.693424301255,12975,,12975,,20,43,0.000955,0.001238,0.0204,632,661780.1047120419,14.69767441860465,1,0,"{timeout:600,max_col_multiplier:1,age_limit:2,random_seed:3,replication:4,num_threads:128,set_partition:false}",-1
d20200.json.gz,d,20,200,LagrangeTemplate,highs,LTFarkas,4,3,12217.693424301255,12975,5.834296724470136,12975,0,20,43,0.000955,0.001238,0.020405,632,661780.1047120419,4.89922480620155,1,0,"{timeout:600,max_col_multiplier:1,age_limit:2,random_seed:3,replication:4,num_threads:128,set_partition:false}",1
d20200.json.gz,d,20,200,LagrangeTemplate,highs,LTFarkas,5,3,12217.693424301255,inf,,13215.714285714286,,28,40,0.001044,0.001278,0.020434,624,597701.1494252874,15.6,0,0,"{timeout:600,max_col_multiplier:1,age_limit:2,random_seed:4,replication:5,num_threads:128,set_partition:false}",-1
d20200.json.gz,d,20,200,LagrangeTemplate,highs,LTFarkas,5,3,12217.693424301255,inf,nan,13215.714285714286,0,28,40,0.001044,0.001278,0.02044,624,597701.1494252874,5.2,0,0,"{timeout:600,max_col_multiplier:1,age_limit:2,random_seed:4,replication:5,num_threads:128,set_partition:false}",1
d20200.json.gz,d,20,200,MipTemplate,highs,MTFarkas,1,4,12217.693424301255,12892,,12892,,20,60,0.001524,0.070832,0.113874,638,418635.17060367455,10.633333333333333,1,0,"{timeout:600,max_col_multiplier:1,age_limit:2,random_seed:0,replication:1,num_threads:128,set_partition:false}",-1
d20200.json.gz,d,20,200,MipTemplate,highs,MTFarkas,1,4,12217.693424301255,12892,5.2280484021098355,12892,0,20,60,0.001524,0.070832,0.113887,638,418635.17060367455,2.658333333333333,1,0,"{timeout:600,max_col_multiplier:1,age_limit:2,random_seed:0,replication:1,num_threads:128,set_partition:false}",1
d20200.json.gz,d,20,200,MipTemplate,highs,MTFarkas,2,4,12217.693424301255,12869,,12869,,20,60,0.001474,0.078224,0.119735,628,426051.56037991855,10.466666666666667,1,0,"{timeout:600,max_col_multiplier:1,age_limit:2,random_seed:1,replication:2,num_threads:128,set_partition:false}",-1
d20200.json.gz,d,20,200,MipTemplate,highs,MTFarkas,2,4,12217.693424301255,12869,5.058668117180822,12869,0,20,60,0.001474,0.078224,0.119751,628,426051.56037991855,2.6166666666666667,1,0,"{timeout:600,max_col_multiplier:1,age_limit:2,random_seed:1,replication:2,num_threads:128,set_partition:false}",1
d20200.json.gz,d,20,200,MipTemplate,highs,MTFarkas,3,4,12217.693424301255,12927,,12927,,20,60,0.001487,0.080607,0.122539,629,422999.3275050437,10.483333333333333,1,0,"{timeout:600,max_col_multiplier:1,age_limit:2,random_seed:2,replication:3,num_threads:128,set_partition:false}",-1
d20200.json.gz,d,20,200,MipTemplate,highs,MTFarkas,3,4,12217.693424301255,12927,5.484644542430572,12927,0,20,60,0.001487,0.080607,0.122554,629,422999.3275050437,2.620833333333333,1,0,"{timeout:600,max_col_multiplier:1,age_limit:2,random_seed:2,replication:3,num_threads:128,set_partition:false}",1
d20200.json.gz,d,20,200,MipTemplate,highs,MTFarkas,4,4,12217.693424301255,12972,,12972,,20,60,0.001178,0.053291,0.095545,637,540747.0288624788,10.616666666666667,1,0,"{timeout:600,max_col_multiplier:1,age_limit:2,random_seed:3,replication:4,num_threads:128,set_partition:false}",-1
d20200.json.gz,d,20,200,MipTemplate,highs,MTFarkas,4,4,12217.693424301255,12972,5.812519272278754,12972,0,20,60,0.001178,0.053291,0.095559,637,540747.0288624788,2.654166666666667,1,0,"{timeout:600,max_col_multiplier:1,age_limit:2,random_seed:3,replication:4,num_threads:128,set_partition:false}",1
d20200.json.gz,d,20,200,MipTemplate,highs,MTFarkas,5,4,12217.693424301255,12864,,12864,,20,60,0.001172,0.057203,0.078756,632,539249.1467576792,10.533333333333333,1,0,"{timeout:600,max_col_multiplier:1,age_limit:2,random_seed:4,replication:5,num_threads:128,set_partition:false}",-1
d20200.json.gz,d,20,200,MipTemplate,highs,MTFarkas,5,4,12217.693424301255,12864,5.021766169154229,12864,0,20,60,0.001172,0.057203,0.078768,632,539249.1467576792,2.6333333333333333,1,0,"{timeout:600,max_col_multiplier:1,age_limit:2,random_seed:4,replication:5,num_threads:128,set_partition:false}",1
d20400.json.gz,d,20,400,Dantzig,highs,DantzigFarkas,1,3,24552.43633499413,inf,,121463.66666666666,,30,40,0.003068,0.000893,0.050966,1250,407431.55149934813,31.25,0,0,"{timeout:600,max_col_multiplier:1,age_limit:34,random_seed:0,replication:1,num_threads:128,set_partition:false}",-1
d20400.json.gz,d,20,400,Dantzig,highs,DantzigFarkas,1,3,24552.43633499413,inf,nan,121463.66666666666,0,30,40,0.003068,0.000893,0.050973,1250,407431.55149934813,10.416666666666666,0,0,"{timeout:600,max_col_multiplier:1,age_limit:34,random_seed:0,replication:1,num_threads:128,set_partition:false}",1
d20400.json.gz,d,20,400,Dantzig,highs,DantzigFarkas,2,3,24552.43633499413,37414,,37413.999999999985,,20,60,0.002626,0.000851,0.051689,1219,464204.1127189642,20.316666666666666,1,0,"{timeout:600,max_col_multiplier:1,age_limit:34,random_seed:1,replication:2,num_threads:128,set_partition:false}",-1
d20400.json.gz,d,20,400,Dantzig,highs,DantzigFarkas,2,3,24552.43633499413,37414,34.37483295023253,37413.999999999985,0,20,60,0.002626,0.000851,0.051695,1219,464204.1127189642,6.772222222222222,1,0,"{timeout:600,max_col_multiplier:1,age_limit:34,random_seed:1,replication:2,num_threads:128,set_partition:false}",1
d20400.json.gz,d,20,400,Dantzig,highs,DantzigFarkas,3,3,24552.43633499413,inf,,120945,,28,40,0.002634,0.000931,0.049756,1202,456340.16704631737,30.05,0,0,"{timeout:600,max_col_multiplier:1,age_limit:34,random_seed:2,replication:3,num_threads:128,set_partition:false}",-1
d20400.json.gz,d,20,400,Dantzig,highs,DantzigFarkas,3,3,24552.43633499413,inf,nan,120945,0,28,40,0.002634,0.000931,0.049766,1202,456340.16704631737,10.016666666666667,0,0,"{timeout:600,max_col_multiplier:1,age_limit:34,random_seed:2,replication:3,num_threads:128,set_partition:false}",1
d20400.json.gz,d,20,400,Dantzig,highs,DantzigFarkas,4,3,24552.43633499413,inf,,116858.5,,25,40,0.002895,0.000921,0.050066,1227,423834.1968911917,30.675,0,0,"{timeout:600,max_col_multiplier:1,age_limit:34,random_seed:3,replication:4,num_threads:128,set_partition:false}",-1
d20400.json.gz,d,20,400,Dantzig,highs,DantzigFarkas,4,3,24552.43633499413,inf,nan,116858.5,0,25,40,0.002895,0.000921,0.050072,1227,423834.1968911917,10.225,0,0,"{timeout:600,max_col_multiplier:1,age_limit:34,random_seed:3,replication:4,num_threads:128,set_partition:false}",1
d20400.json.gz,d,20,400,Dantzig,highs,DantzigFarkas,5,3,24552.43633499413,inf,,120619.5,,28,40,0.003483,0.000791,0.050634,1248,358311.80017226527,31.2,0,0,"{timeout:600,max_col_multiplier:1,age_limit:34,random_seed:4,replication:5,num_threads:128,set_partition:false}",-1
d20400.json.gz,d,20,400,Dantzig,highs,DantzigFarkas,5,3,24552.43633499413,inf,nan,120619.5,0,28,40,0.003483,0.000791,0.050641,1248,358311.80017226527,10.4,0,0,"{timeout:600,max_col_multiplier:1,age_limit:34,random_seed:4,replication:5,num_threads:128,set_partition:false}",1
d20400.json.gz,d,20,400,LagrangeTemplate,highs,LTFarkas,1,3,24552.43633499413,25283,,25283,,20,44,0.00115,0.001957,0.050043,1167,1014782.6086956522,26.522727272727273,1,0,"{timeout:600,max_col_multiplier:1,age_limit:2,random_seed:0,replication:1,num_threads:128,set_partition:false}",-1
d20400.json.gz,d,20,400,LagrangeTemplate,highs,LTFarkas,1,3,24552.43633499413,25283,2.887315587548946,25283,0,20,44,0.00115,0.001957,0.050049,1167,1014782.6086956522,8.840909090909092,1,0,"{timeout:600,max_col_multiplier:1,age_limit:2,random_seed:0,replication:1,num_threads:128,set_partition:false}",1
d20400.json.gz,d,20,400,LagrangeTemplate,highs,LTFarkas,2,3,24552.43633499413,25320,,25320,,20,46,0.001616,0.002006,0.050889,1176,727722.7722772277,25.565217391304348,1,0,"{timeout:600,max_col_multiplier:1,age_limit:2,random_seed:1,replication:2,num_threads:128,set_partition:false}",-1
d20400.json.gz,d,20,400,LagrangeTemplate,highs,LTFarkas,2,3,24552.43633499413,25320,3.029225908372828,25320,0,20,46,0.001616,0.002006,0.050896,1176,727722.7722772277,8.521739130434783,1,0,"{timeout:600,max_col_multiplier:1,age_limit:2,random_seed:1,replication:2,num_threads:128,set_partition:false}",1
d20400.json.gz,d,20,400,LagrangeTemplate,highs,LTFarkas,3,4,24552.43633499413,25347,,25347,,20,63,0.002002,0.002977,0.05212,1166,582417.5824175825,18.50793650793651,1,0,"{timeout:600,max_col_multiplier:1,age_limit:2,random_seed:2,replication:3,num_threads:128,set_partition:false}",-1
d20400.json.gz,d,20,400,LagrangeTemplate,highs,LTFarkas,3,4,24552.43633499413,25347,3.132520613879355,25347,0,20,63,0.002002,0.002977,0.052127,1166,582417.5824175825,4.626984126984127,1,0,"{timeout:600,max_col_multiplier:1,age_limit:2,random_seed:2,replication:3,num_threads:128,set_partition:false}",1
d20400.json.gz,d,20,400,LagrangeTemplate,highs,LTFarkas,4,3,24552.43633499413,25236,,25236,,20,46,0.001112,0.002263,0.049986,1163,1045863.3093525181,25.282608695652176,1,0,"{timeout:600,max_col_multiplier:1,age_limit:2,random_seed:3,replication:4,num_threads:128,set_partition:false}",-1
d20400.json.gz,d,20,400,LagrangeTemplate,highs,LTFarkas,4,3,24552.43633499413,25236,2.7064511016008876,25236,0,20,46,0.001112,0.002263,0.049992,1163,1045863.3093525181,8.427536231884059,1,0,"{timeout:600,max_col_multiplier:1,age_limit:2,random_seed:3,replication:4,num_threads:128,set_partition:false}",1
d20400.json.gz,d,20,400,LagrangeTemplate,highs,LTFarkas,5,3,24552.43633499413,25281,,25281,,20,48,0.001344,0.002586,0.051291,1187,883184.5238095239,24.729166666666668,1,0,"{timeout:600,max_col_multiplier:1,age_limit:2,random_seed:4,replication:5,num_threads:128,set_partition:false}",-1
d20400.json.gz,d,20,400,LagrangeTemplate,highs,LTFarkas,5,3,24552.43633499413,25281,2.879632925912741,25281,0,20,48,0.001344,0.002586,0.051297,1187,883184.5238095239,8.243055555555555,1,0,"{timeout:600,max_col_multiplier:1,age_limit:2,random_seed:4,replication:5,num_threads:128,set_partition:false}",1
d20400.json.gz,d,20,400,MipTemplate,highs,MTFarkas,1,4,24552.43633499413,25296,,25296,,20,60,0.001868,0.095309,0.16564,1167,624732.3340471091,19.45,1,0,"{timeout:600,max_col_multiplier:1,age_limit:2,random_seed:0,replication:1,num_threads:128,set_partition:false}",-1
d20400.json.gz,d,20,400,MipTemplate,highs,MTFarkas,1,4,24552.43633499413,25296,2.9372232764073374,25296,0,20,60,0.001868,0.095309,0.165654,1167,624732.3340471091,4.8625,1,0,"{timeout:600,max_col_multiplier:1,age_limit:2,random_seed:0,replication:1,num_threads:128,set_partition:false}",1
d20400.json.gz,d,20,400,MipTemplate,highs,MTFarkas,2,5,24552.43633499413,25275,,25275,,20,80,0.00276,0.127141,0.200122,1182,428260.8695652174,14.775,1,0,"{timeout:600,max_col_multiplier:1,age_limit:2,random_seed:1,replication:2,num_threads:128,set_partition:false}",-1
d20400.json.gz,d,20,400,MipTemplate,highs,MTFarkas,2,5,24552.43633499413,25275,2.8565776458951535,25275,0,20,80,0.00276,0.127141,0.20014,1182,428260.8695652174,2.955,1,0,"{timeout:600,max_col_multiplier:1,age_limit:2,random_seed:1,replication:2,num_threads:128,set_partition:false}",1
d20400.json.gz,d,20,400,MipTemplate,highs,MTFarkas,3,4,24552.43633499413,25283,,25283,,20,61,0.001583,0.079445,0.152071,1169,738471.2571067594,19.16393442622951,1,0,"{timeout:600,max_col_multiplier:1,age_limit:2,random_seed:2,replication:3,num_threads:128,set_partition:false}",-1
d20400.json.gz,d,20,400,MipTemplate,highs,MTFarkas,3,4,24552.43633499413,25283,2.887315587548946,25283,0,20,61,0.001583,0.079445,0.15208,1169,738471.2571067594,4.790983606557377,1,0,"{timeout:600,max_col_multiplier:1,age_limit:2,random_seed:2,replication:3,num_threads:128,set_partition:false}",1
d20400.json.gz,d,20,400,MipTemplate,highs,MTFarkas,4,5,24552.43633499413,25247,,25247,,20,80,0.002371,0.133162,0.202631,1171,493884.4369464361,14.6375,1,0,"{timeout:600,max_col_multiplier:1,age_limit:2,random_seed:3,replication:4,num_threads:128,set_partition:false}",-1
d20400.json.gz,d,20,400,MipTemplate,highs,MTFarkas,4,5,24552.43633499413,25247,2.748841446508496,25247,0,20,80,0.002371,0.133162,0.202652,1171,493884.4369464361,2.9274999999999998,1,0,"{timeout:600,max_col_multiplier:1,age_limit:2,random_seed:3,replication:4,num_threads:128,set_partition:false}",1
d20400.json.gz,d,20,400,MipTemplate,highs,MTFarkas,5,6,24552.43633499413,25364,,25364,,20,100,0.004144,0.130666,0.201408,1194,288127.41312741314,11.94,1,0,"{timeout:600,max_col_multiplier:1,age_limit:2,random_seed:4,replication:5,num_threads:128,set_partition:false}",-1
d20400.json.gz,d,20,400,MipTemplate,highs,MTFarkas,5,6,24552.43633499413,25364,3.19744519791831,25364,0,20,100,0.004144,0.130666,0.201425,1194,288127.41312741314,1.99,1,0,"{timeout:600,max_col_multiplier:1,age_limit:2,random_seed:4,replication:5,num_threads:128,set_partition:false}",1
d30900.json.gz,d,30,900,Dantzig,highs,DantzigFarkas,1,3,54828.753542621154,85807,,85807.00000000004,,30,90,0.009268,0.001543,0.218859,2764,298230.4704359085,30.711111111111112,1,0,"{timeout:600,max_col_multiplier:1,age_limit:75,random_seed:0,replication:1,num_threads:128,set_partition:false}",-1
d30900.json.gz,d,30,900,Dantzig,highs,DantzigFarkas,1,3,54828.753542621154,85807,36.10194972438146,85807.00000000004,0,30,90,0.009268,0.001543,0.218866,2764,298230.4704359085,10.237037037037037,1,0,"{timeout:600,max_col_multiplier:1,age_limit:75,random_seed:0,replication:1,num_threads:128,set_partition:false}",1
d30900.json.gz,d,30,900,Dantzig,highs,DantzigFarkas,2,3,54828.753542621154,inf,,327130.5,,40,60,0.010422,0.001171,0.213922,2799,268566.49395509495,46.65,0,0,"{timeout:600,max_col_multiplier:1,age_limit:75,random_seed:1,replication:2,num_threads:128,set_partition:false}",-1
d30900.json.gz,d,30,900,Dantzig,highs,DantzigFarkas,2,3,54828.753542621154,inf,nan,327130.5,0,40,60,0.010422,0.001171,0.21393,2799,268566.49395509495,15.549999999999999,0,0,"{timeout:600,max_col_multiplier:1,age_limit:75,random_seed:1,replication:2,num_threads:128,set_partition:false}",1
d30900.json.gz,d,30,900,Dantzig,highs,DantzigFarkas,3,3,54828.753542621154,85699,,85698.99999999997,,30,90,0.009833,0.001213,0.218202,2819,286687.6843282823,31.322222222222223,1,0,"{timeout:600,max_col_multiplier:1,age_limit:75,random_seed:2,replication:3,num_threads:128,set_partition:false}",-1
d30900.json.gz,d,30,900,Dantzig,highs,DantzigFarkas,3,3,54828.753542621154,85699,36.02142382058134,85698.99999999997,0,30,90,0.009833,0.001213,0.218211,2819,286687.6843282823,10.440740740740742,1,0,"{timeout:600,max_col_multiplier:1,age_limit:75,random_seed:2,replication:3,num_threads:128,set_partition:false}",1
d30900.json.gz,d,30,900,Dantzig,highs,DantzigFarkas,4,3,54828.753542621154,inf,,335586,,37,60,0.01216,0.001175,0.21477,2911,239391.44736842104,48.516666666666666,0,0,"{timeout:600,max_col_multiplier:1,age_limit:75,random_seed:3,replication:4,num_threads:128,set_partition:false}",-1
d30900.json.gz,d,30,900,Dantzig,highs,DantzigFarkas,4,3,54828.753542621154,inf,nan,335586,0,37,60,0.01216,0.001175,0.214778,2911,239391.44736842104,16.17222222222222,0,0,"{timeout:600,max_col_multiplier:1,age_limit:75,random_seed:3,replication:4,num_threads:128,set_partition:false}",1
d30900.json.gz,d,30,900,Dantzig,highs,DantzigFarkas,5,3,54828.753542621154,85818,,85818.00000000003,,30,90,0.010017,0.001187,0.217732,2812,280722.771288809,31.244444444444444,1,0,"{timeout:600,max_col_multiplier:1,age_limit:75,random_seed:4,replication:5,num_threads:128,set_partition:false}",-1
d30900.json.gz,d,30,900,Dantzig,highs,DantzigFarkas,5,3,54828.753542621154,85818,36.110140063856065,85818.00000000003,0,30,90,0.010017,0.001187,0.217743,2812,280722.771288809,10.414814814814815,1,0,"{timeout:600,max_col_multiplier:1,age_limit:75,random_seed:4,replication:5,num_threads:128,set_partition:false}",1
d30900.json.gz,d,30,900,LagrangeTemplate,highs,LTFarkas,1,4,54828.753542621154,inf,,56897.999999999985,,35,90,0.003251,0.008429,0.212036,2679,824054.1371885574,29.766666666666666,0,0,"{timeout:600,max_col_multiplier:1,age_limit:3,random_seed:0,replication:1,num_threads:128,set_partition:false}",-1
d30900.json.gz,d,30,900,LagrangeTemplate,highs,LTFarkas,1,4,54828.753542621154,inf,nan,56897.999999999985,0,35,90,0.003251,0.008429,0.212048,2679,824054.1371885574,7.441666666666666,0,0,"{timeout:600,max_col_multiplier:1,age_limit:3,random_seed:0,replication:1,num_threads:128,set_partition:false}",1
d30900.json.gz,d,30,900,LagrangeTemplate,highs,LTFarkas,2,4,54828.753542621154,inf,,56741.499999999985,,43,90,0.00353,0.008338,0.211855,2691,762322.9461756373,29.9,0,0,"{timeout:600,max_col_multiplier:1,age_limit:3,random_seed:1,replication:2,num_threads:128,set_partition:false}",-1
d30900.json.gz,d,30,900,LagrangeTemplate,highs,LTFarkas,2,4,54828.753542621154,inf,nan,56741.499999999985,0,43,90,0.00353,0.008338,0.211862,2691,762322.9461756373,7.475,0,0,"{timeout:600,max_col_multiplier:1,age_limit:3,random_seed:1,replication:2,num_threads:128,set_partition:false}",1
d30900.json.gz,d,30,900,LagrangeTemplate,highs,LTFarkas,3,4,54828.753542621154,56042,,56042.000000000015,,30,96,0.003423,0.009029,0.213586,2691,786152.4978089395,28.03125,1,0,"{timeout:600,max_col_multiplier:1,age_limit:3,random_seed:2,replication:3,num_threads:128,set_partition:false}",-1
d30900.json.gz,d,30,900,LagrangeTemplate,highs,LTFarkas,3,4,54828.753542621154,56042,2.164448092502052,56042.000000000015,0,30,96,0.003423,0.009029,0.213593,2691,786152.4978089395,7.0078125,1,0,"{timeout:600,max_col_multiplier:1,age_limit:3,random_seed:2,replication:3,num_threads:128,set_partition:false}",1
d30900.json.gz,d,30,900,LagrangeTemplate,highs,LTFarkas,4,3,54828.753542621154,inf,,56978.5,,38,60,0.002577,0.00641,0.208647,2681,1040357.0042685294,44.68333333333333,0,0,"{timeout:600,max_col_multiplier:1,age_limit:3,random_seed:3,replication:4,num_threads:128,set_partition:false}",-1
d30900.json.gz,d,30,900,LagrangeTemplate,highs,LTFarkas,4,3,54828.753542621154,inf,nan,56978.5,0,38,60,0.002577,0.00641,0.208654,2681,1040357.0042685294,14.894444444444444,0,0,"{timeout:600,max_col_multiplier:1,age_limit:3,random_seed:3,replication:4,num_threads:128,set_partition:false}",1
d30900.json.gz,d,30,900,LagrangeTemplate,highs,LTFarkas,5,4,54828.753542621154,inf,,57334.99999999999,,39,90,0.003792,0.008735,0.212977,2708,714135.0210970464,30.08888888888889,0,0,"{timeout:600,max_col_multiplier:1,age_limit:3,random_seed:4,replication:5,num_threads:128,set_partition:false}",-1
d30900.json.gz,d,30,900,LagrangeTemplate,highs,LTFarkas,5,4,54828.753542621154,inf,nan,57334.99999999999,0,39,90,0.003792,0.008735,0.212984,2708,714135.0210970464,7.522222222222222,0,0,"{timeout:600,max_col_multiplier:1,age_limit:3,random_seed:4,replication:5,num_threads:128,set_partition:false}",1
d30900.json.gz,d,30,900,MipTemplate,highs,MTFarkas,1,5,54828.753542621154,55865,,55865,,30,120,0.004576,0.15363,0.374315,2671,583697.5524475524,22.258333333333333,1,0,"{timeout:600,max_col_multiplier:1,age_limit:3,random_seed:0,replication:1,num_threads:128,set_partition:false}",-1
d30900.json.gz,d,30,900,MipTemplate,highs,MTFarkas,1,5,54828.753542621154,55865,1.8544705987648797,55865,0,30,120,0.004576,0.15363,0.374325,2671,583697.5524475524,4.451666666666666,1,0,"{timeout:600,max_col_multiplier:1,age_limit:3,random_seed:0,replication:1,num_threads:128,set_partition:false}",1
d30900.json.gz,d,30,900,MipTemplate,highs,MTFarkas,2,5,54828.753542621154,55831,,55831,,30,121,0.004543,0.136462,0.361425,2673,588377.7239709443,22.09090909090909,1,0,"{timeout:600,max_col_multiplier:1,age_limit:3,random_seed:1,replication:2,num_threads:128,set_partition:false}",-1
d30900.json.gz,d,30,900,MipTemplate,highs,MTFarkas,2,5,54828.753542621154,55831,1.794701868137773,55831,0,30,121,0.004543,0.136462,0.361434,2673,588377.7239709443,4.418181818181818,1,0,"{timeout:600,max_col_multiplier:1,age_limit:3,random_seed:1,replication:2,num_threads:128,set_partition:false}",1
d30900.json.gz,d,30,900,MipTemplate,highs,MTFarkas,3,5,54828.753542621154,55810,,55810,,30,120,0.004035,0.107902,0.327049,2669,661462.2057001238,22.241666666666667,1,0,"{timeout:600,max_col_multiplier:1,age_limit:3,random_seed:2,replication:3,num_threads:128,set_partition:false}",-1
d30900.json.gz,d,30,900,MipTemplate,highs,MTFarkas,3,5,54828.753542621154,55810,1.7577495072567642,55810,0,30,120,0.004035,0.107902,0.32706,2669,661462.2057001238,4.448333333333333,1,0,"{timeout:600,max_col_multiplier:1,age_limit:3,random_seed:2,replication:3,num_threads:128,set_partition:false}",1
d30900.json.gz,d,30,900,MipTemplate,highs,MTFarkas,4,4,54828.753542621154,55971,,55971,,30,90,0.003046,0.080517,0.303734,2661,873604.7275114905,29.566666666666666,1,0,"{timeout:600,max_col_multiplier:1,age_limit:3,random_seed:3,replication:4,num_threads:128,set_partition:false}",-1
d30900.json.gz,d,30,900,MipTemplate,highs,MTFarkas,4,4,54828.753542621154,55971,2.040342320130067,55971,0,30,90,0.003046,0.080517,0.303741,2661,873604.7275114905,7.391666666666667,1,0,"{timeout:600,max_col_multiplier:1,age_limit:3,random_seed:3,replication:4,num_threads:128,set_partition:false}",1
d30900.json.gz,d,30,900,MipTemplate,highs,MTFarkas,5,5,54828.753542621154,55876,,55876,,30,121,0.004579,0.120414,0.343183,2682,585717.4055470627,22.165289256198346,1,0,"{timeout:600,max_col_multiplier:1,age_limit:3,random_seed:4,replication:5,num_threads:128,set_partition:false}",-1
d30900.json.gz,d,30,900,MipTemplate,highs,MTFarkas,5,5,54828.753542621154,55876,1.8737919679289856,55876,0,30,121,0.004579,0.120414,0.343193,2682,585717.4055470627,4.433057851239669,1,0,"{timeout:600,max_col_multiplier:1,age_limit:3,random_seed:4,replication:5,num_threads:128,set_partition:false}",1
d401600.json.gz,d,40,1600,Dantzig,highs,DantzigFarkas,1,3,97104.99999999997,inf,,628872.3333333341,,64,80,0.028498,0.002373,0.592579,4853,170292.65211593796,60.6625,0,0,"{timeout:600,max_col_multiplier:1,age_limit:132,random_seed:0,replication:1,num_threads:128,set_partition:false}",-1
d401600.json.gz,d,40,1600,Dantzig,highs,DantzigFarkas,1,3,97104.99999999997,inf,nan,628872.3333333341,0,64,80,0.028498,0.002373,0.592588,4853,170292.65211593796,20.220833333333335,0,0,"{timeout:600,max_col_multiplier:1,age_limit:132,random_seed:0,replication:1,num_threads:128,set_partition:false}",1
d401600.json.gz,d,40,1600,Dantzig,highs,DantzigFarkas,2,3,97104.99999999997,inf,,589560.999999999,,65,80,0.025302,0.002497,0.600541,4815,190301.16196348114,60.1875,0,0,"{timeout:600,max_col_multiplier:1,age_limit:132,random_seed:1,replication:2,num_threads:128,set_partition:false}",-1
d401600.json.gz,d,40,1600,Dantzig,highs,DantzigFarkas,2,3,97104.99999999997,inf,nan,589560.999999999,0,65,80,0.025302,0.002497,0.600549,4815,190301.16196348114,20.0625,0,0,"{timeout:600,max_col_multiplier:1,age_limit:132,random_seed:1,replication:2,num_threads:128,set_partition:false}",1
d401600.json.gz,d,40,1600,Dantzig,highs,DantzigFarkas,3,3,97104.99999999997,inf,,609609.7500000007,,66,80,0.02507,0.002313,0.599204,4726,188512.16593538094,59.075,0,0,"{timeout:600,max_col_multiplier:1,age_limit:132,random_seed:2,replication:3,num_threads:128,set_partition:false}",-1
d401600.json.gz,d,40,1600,Dantzig,highs,DantzigFarkas,3,3,97104.99999999997,inf,nan,609609.7500000007,0,66,80,0.02507,0.002313,0.599211,4726,188512.16593538094,19.691666666666666,0,0,"{timeout:600,max_col_multiplier:1,age_limit:132,random_seed:2,replication:3,num_threads:128,set_partition:false}",1
d401600.json.gz,d,40,1600,Dantzig,highs,DantzigFarkas,4,3,97104.99999999997,inf,,590058.800000003,,68,80,0.027654,0.002509,0.586921,4772,172560.93151081217,59.65,0,0,"{timeout:600,max_col_multiplier:1,age_limit:132,random_seed:3,replication:4,num_threads:128,set_partition:false}",-1
d401600.json.gz,d,40,1600,Dantzig,highs,DantzigFarkas,4,3,97104.99999999997,inf,nan,590058.800000003,0,68,80,0.027654,0.002509,0.58693,4772,172560.93151081217,19.883333333333333,0,0,"{timeout:600,max_col_multiplier:1,age_limit:132,random_seed:3,replication:4,num_threads:128,set_partition:false}",1
d401600.json.gz,d,40,1600,Dantzig,highs,DantzigFarkas,5,3,97104.99999999997,inf,,608885.500000001,,63,80,0.020343,0.002009,0.576586,4693,230693.60467974242,58.6625,0,0,"{timeout:600,max_col_multiplier:1,age_limit:132,random_seed:4,replication:5,num_threads:128,set_partition:false}",-1
d401600.json.gz,d,40,1600,Dantzig,highs,DantzigFarkas,5,3,97104.99999999997,inf,nan,608885.500000001,0,63,80,0.020343,0.002009,0.576592,4693,230693.60467974242,19.554166666666667,0,0,"{timeout:600,max_col_multiplier:1,age_limit:132,random_seed:4,replication:5,num_threads:128,set_partition:false}",1
d401600.json.gz,d,40,1600,LagrangeTemplate,highs,LTFarkas,1,3,97104.99999999997,inf,,99777.33333333333,,48,80,0.004557,0.010424,0.580944,4531,994294.4919903445,56.6375,0,0,"{timeout:600,max_col_multiplier:1,age_limit:4,random_seed:0,replication:1,num_threads:128,set_partition:false}",-1
d401600.json.gz,d,40,1600,LagrangeTemplate,highs,LTFarkas,1,3,97104.99999999997,inf,nan,99777.33333333333,0,48,80,0.004557,0.010424,0.580953,4531,994294.4919903445,18.879166666666666,0,0,"{timeout:600,max_col_multiplier:1,age_limit:4,random_seed:0,replication:1,num_threads:128,set_partition:false}",1
d401600.json.gz,d,40,1600,LagrangeTemplate,highs,LTFarkas,2,3,97104.99999999997,inf,,101887.5,,50,80,0.005407,0.011683,0.568208,4588,848529.6837432957,57.35,0,0,"{timeout:600,max_col_multiplier:1,age_limit:4,random_seed:1,replication:2,num_threads:128,set_partition:false}",-1
d401600.json.gz,d,40,1600,LagrangeTemplate,highs,LTFarkas,2,3,97104.99999999997,inf,nan,101887.5,0,50,80,0.005407,0.011683,0.568215,4588,848529.6837432957,19.116666666666667,0,0,"{timeout:600,max_col_multiplier:1,age_limit:4,random_seed:1,replication:2,num_threads:128,set_partition:false}",1
d401600.json.gz,d,40,1600,LagrangeTemplate,highs,LTFarkas,3,3,97104.99999999997,98515,,98515,,40,89,0.006068,0.013138,0.569552,4585,755603.1641397496,51.51685393258427,1,0,"{timeout:600,max_col_multiplier:1,age_limit:4,random_seed:2,replication:3,num_threads:128,set_partition:false}",-1
d401600.json.gz,d,40,1600,LagrangeTemplate,highs,LTFarkas,3,3,97104.99999999997,98515,1.4312541237375018,98515,0,40,89,0.006068,0.013138,0.569561,4585,755603.1641397496,17.172284644194757,1,0,"{timeout:600,max_col_multiplier:1,age_limit:4,random_seed:2,replication:3,num_threads:128,set_partition:false}",1
d401600.json.gz,d,40,1600,LagrangeTemplate,highs,LTFarkas,4,3,97104.99999999997,98541,,98541,,40,89,0.004519,0.009387,0.567133,4542,1005089.6215976987,51.03370786516854,1,0,"{timeout:600,max_col_multiplier:1,age_limit:4,random_seed:3,replication:4,num_threads:128,set_partition:false}",-1
d401600.json.gz,d,40,1600,LagrangeTemplate,highs,LTFarkas,4,3,97104.99999999997,98541,1.4572614444748886,98541,0,40,89,0.004519,0.009387,0.567139,4542,1005089.6215976987,17.01123595505618,1,0,"{timeout:600,max_col_multiplier:1,age_limit:4,random_seed:3,replication:4,num_threads:128,set_partition:false}",1
d401600.json.gz,d,40,1600,LagrangeTemplate,highs,LTFarkas,5,3,97104.99999999997,98510.00000000003,,98510,,40,90,0.005312,0.011404,0.568825,4576,861445.7831325302,50.84444444444444,1,0,"{timeout:600,max_col_multiplier:1,age_limit:4,random_seed:4,replication:5,num_threads:128,set_partition:false}",-1
d401600.json.gz,d,40,1600,LagrangeTemplate,highs,LTFarkas,5,3,97104.99999999997,98510.00000000003,1.4262511420160682,98510,0,40,90,0.005312,0.011404,0.568832,4576,861445.7831325302,16.948148148148146,1,0,"{timeout:600,max_col_multiplier:1,age_limit:4,random_seed:4,replication:5,num_threads:128,set_partition:false}",1
d401600.json.gz,d,40,1600,MipTemplate,highs,MTFarkas,1,4,97104.99999999997,98422,,98422,,40,121,0.007982,0.143308,0.721724,4518,566023.552994237,37.33884297520661,1,0,"{timeout:600,max_col_multiplier:1,age_limit:4,random_seed:0,replication:1,num_threads:128,set_partition:false}",-1
d401600.json.gz,d,40,1600,MipTemplate,highs,MTFarkas,1,4,97104.99999999997,98422,1.3381154619902054,98422,0,40,121,0.007982,0.143308,0.721731,4518,566023.552994237,9.334710743801653,1,0,"{timeout:600,max_col_multiplier:1,age_limit:4,random_seed:0,replication:1,num_threads:128,set_partition:false}",1
d401600.json.gz,d,40,1600,MipTemplate,highs,MTFarkas,2,5,97104.99999999997,98452,,98452,,40,161,0.009324,0.178527,0.757418,4560,489060.48906048905,28.322981366459626,1,0,"{timeout:600,max_col_multiplier:1,age_limit:4,random_seed:1,replication:2,num_threads:128,set_partition:false}",-1
d401600.json.gz,d,40,1600,MipTemplate,highs,MTFarkas,2,5,97104.99999999997,98452,1.3681794173810589,98452,0,40,161,0.009324,0.178527,0.757428,4560,489060.48906048905,5.6645962732919255,1,0,"{timeout:600,max_col_multiplier:1,age_limit:4,random_seed:1,replication:2,num_threads:128,set_partition:false}",1
d401600.json.gz,d,40,1600,MipTemplate,highs,MTFarkas,3,4,97104.99999999997,98476,,98476,,40,120,0.005592,0.154357,0.73115,4553,814198.8555078685,37.94166666666667,1,0,"{timeout:600,max_col_multiplier:1,age_limit:4,random_seed:2,replication:3,num_threads:128,set_partition:false}",-1
d401600.json.gz,d,40,1600,MipTemplate,highs,MTFarkas,3,4,97104.99999999997,98476,1.392217393070393,98476,0,40,120,0.005592,0.154357,0.731157,4553,814198.8555078685,9.485416666666667,1,0,"{timeout:600,max_col_multiplier:1,age_limit:4,random_seed:2,replication:3,num_threads:128,set_partition:false}",1
d401600.json.gz,d,40,1600,MipTemplate,highs,MTFarkas,4,5,97104.99999999997,98445,,98445,,40,160,0.007441,0.166521,0.741159,4539,609998.6560946109,28.36875,1,0,"{timeout:600,max_col_multiplier:1,age_limit:4,random_seed:3,replication:4,num_threads:128,set_partition:false}",-1
d401600.json.gz,d,40,1600,MipTemplate,highs,MTFarkas,4,5,97104.99999999997,98445,1.361166133373965,98445,0,40,160,0.007441,0.166521,0.741173,4539,609998.6560946109,5.67375,1,0,"{timeout:600,max_col_multiplier:1,age_limit:4,random_seed:3,replication:4,num_threads:128,set_partition:false}",1
d401600.json.gz,d,40,1600,MipTemplate,highs,MTFarkas,5,5,97104.99999999997,98383,,98383,,40,161,0.007971,0.196466,0.775499,4551,570944.6744448625,28.267080745341616,1,0,"{timeout:600,max_col_multiplier:1,age_limit:4,random_seed:4,replication:5,num_threads:128,set_partition:false}",-1
d401600.json.gz,d,40,1600,MipTemplate,highs,MTFarkas,5,5,97104.99999999997,98383,1.2990049093847515,98383,0,40,161,0.007971,0.196466,0.775509,4551,570944.6744448625,5.653416149068323,1,0,"{timeout:600,max_col_multiplier:1,age_limit:4,random_seed:4,replication:5,num_threads:128,set_partition:false}",1
d40400.json.gz,d,40,400,Dantzig,highs,DantzigFarkas,1,3,24347.6082883455,inf,,109789.9677419349,,73,80,0.003763,0.001086,0.104017,1588,422003.7204358225,19.85,0,0,"{timeout:600,max_col_multiplier:1,age_limit:10,random_seed:0,replication:1,num_threads:128,set_partition:false}",-1
d40400.json.gz,d,40,400,Dantzig,highs,DantzigFarkas,1,3,24347.6082883455,inf,nan,109789.9677419349,0,73,80,0.003763,0.001086,0.104024,1588,422003.7204358225,6.616666666666667,0,0,"{timeout:600,max_col_multiplier:1,age_limit:10,random_seed:0,replication:1,num_threads:128,set_partition:false}",1
d40400.json.gz,d,40,400,Dantzig,highs,DantzigFarkas,2,3,24347.6082883455,inf,,112640.7741935484,,72,80,0.004206,0.001145,0.104017,1592,378506.8949120305,19.9,0,0,"{timeout:600,max_col_multiplier:1,age_limit:10,random_seed:1,replication:2,num_threads:128,set_partition:false}",-1
d40400.json.gz,d,40,400,Dantzig,highs,DantzigFarkas,2,3,24347.6082883455,inf,nan,112640.7741935484,0,72,80,0.004206,0.001145,0.104024,1592,378506.8949120305,6.633333333333333,0,0,"{timeout:600,max_col_multiplier:1,age_limit:10,random_seed:1,replication:2,num_threads:128,set_partition:false}",1
d40400.json.gz,d,40,400,Dantzig,highs,DantzigFarkas,3,3,24347.6082883455,inf,,112640.77419354804,,72,80,0.003143,0.000922,0.103896,1558,495704.74069360486,19.475,0,0,"{timeout:600,max_col_multiplier:1,age_limit:10,random_seed:2,replication:3,num_threads:128,set_partition:false}",-1
d40400.json.gz,d,40,400,Dantzig,highs,DantzigFarkas,3,3,24347.6082883455,inf,nan,112640.77419354804,0,72,80,0.003143,0.000922,0.103904,1558,495704.74069360486,6.491666666666667,0,0,"{timeout:600,max_col_multiplier:1,age_limit:10,random_seed:2,replication:3,num_threads:128,set_partition:false}",1
d40400.json.gz,d,40,400,Dantzig,highs,DantzigFarkas,4,3,24347.6082883455,inf,,112640.77419354841,,72,80,0.005639,0.001114,0.107359,1700,301471.89217946446,21.25,0,0,"{timeout:600,max_col_multiplier:1,age_limit:10,random_seed:3,replication:4,num_threads:128,set_partition:false}",-1
d40400.json.gz,d,40,400,Dantzig,highs,DantzigFarkas,4,3,24347.6082883455,inf,nan,112640.77419354841,0,72,80,0.005639,0.001114,0.107369,1700,301471.89217946446,7.083333333333333,0,0,"{timeout:600,max_col_multiplier:1,age_limit:10,random_seed:3,replication:4,num_threads:128,set_partition:false}",1
d40400.json.gz,d,40,400,Dantzig,highs,DantzigFarkas,5,3,24347.6082883455,inf,,110274.00000000028,,70,80,0.004329,0.000907,0.104715,1634,377454.3774543774,20.425,0,0,"{timeout:600,max_col_multiplier:1,age_limit:10,random_seed:4,replication:5,num_threads:128,set_partition:false}",-1
d40400.json.gz,d,40,400,Dantzig,highs,DantzigFarkas,5,3,24347.6082883455,inf,nan,110274.00000000028,0,70,80,0.004329,0.000907,0.104722,1634,377454.3774543774,6.808333333333334,0,0,"{timeout:600,max_col_multiplier:1,age_limit:10,random_seed:4,replication:5,num_threads:128,set_partition:false}",1
d40400.json.gz,d,40,400,LagrangeTemplate,highs,LTFarkas,1,3,24347.6082883455,25555,,25555,,40,81,0.001307,0.001884,0.100748,1506,1152257.077276205,18.59259259259259,1,0,"{timeout:600,max_col_multiplier:1,age_limit:2,random_seed:0,replication:1,num_threads:128,set_partition:false}",-1
d40400.json.gz,d,40,400,LagrangeTemplate,highs,LTFarkas,1,3,24347.6082883455,25555,4.723146155351203,25555,0,40,81,0.001307,0.001884,0.100755,1506,1152257.077276205,6.197530864197531,1,0,"{timeout:600,max_col_multiplier:1,age_limit:2,random_seed:0,replication:1,num_threads:128,set_partition:false}",1
d40400.json.gz,d,40,400,LagrangeTemplate,highs,LTFarkas,2,3,24347.6082883455,25647,,25647,,40,86,0.001437,0.002132,0.101135,1524,1060542.797494781,17.72093023255814,1,0,"{timeout:600,max_col_multiplier:1,age_limit:2,random_seed:1,replication:2,num_threads:128,set_partition:false}",-1
d40400.json.gz,d,40,400,LagrangeTemplate,highs,LTFarkas,2,3,24347.6082883455,25647,5.064919873669435,25647,0,40,86,0.001437,0.002132,0.101142,1524,1060542.797494781,5.906976744186046,1,0,"{timeout:600,max_col_multiplier:1,age_limit:2,random_seed:1,replication:2,num_threads:128,set_partition:false}",1
d40400.json.gz,d,40,400,LagrangeTemplate,highs,LTFarkas,3,3,24347.6082883455,inf,,26354.49999999995,,43,80,0.002005,0.001747,0.101585,1533,764588.5286783043,19.1625,0,0,"{timeout:600,max_col_multiplier:1,age_limit:2,random_seed:2,replication:3,num_threads:128,set_partition:false}",-1
d40400.json.gz,d,40,400,LagrangeTemplate,highs,LTFarkas,3,3,24347.6082883455,inf,nan,26354.49999999995,0,43,80,0.002005,0.001747,0.101592,1533,764588.5286783043,6.3875,0,0,"{timeout:600,max_col_multiplier:1,age_limit:2,random_seed:2,replication:3,num_threads:128,set_partition:false}",1
d40400.json.gz,d,40,400,LagrangeTemplate,highs,LTFarkas,4,3,24347.6082883455,25614,,25614,,40,87,0.001327,0.001957,0.100919,1513,1140165.7874905802,17.39080459770115,1,0,"{timeout:600,max_col_multiplier:1,age_limit:2,random_seed:3,replication:4,num_threads:128,set_partition:false}",-1
d40400.json.gz,d,40,400,LagrangeTemplate,highs,LTFarkas,4,3,24347.6082883455,25614,4.942609510423987,25614,0,40,87,0.001327,0.001957,0.100926,1513,1140165.7874905802,5.796934865900383,1,0,"{timeout:600,max_col_multiplier:1,age_limit:2,random_seed:3,replication:4,num_threads:128,set_partition:false}",1
d40400.json.gz,d,40,400,LagrangeTemplate,highs,LTFarkas,5,3,24347.6082883455,inf,,25925.5,,48,80,0.001377,0.001997,0.101351,1518,1102396.51416122,18.975,0,0,"{timeout:600,max_col_multiplier:1,age_limit:2,random_seed:4,replication:5,num_threads:128,set_partition:false}",-1
d40400.json.gz,d,40,400,LagrangeTemplate,highs,LTFarkas,5,3,24347.6082883455,inf,nan,25925.5,0,48,80,0.001377,0.001997,0.101359,1518,1102396.51416122,6.325,0,0,"{timeout:600,max_col_multiplier:1,age_limit:2,random_seed:4,replication:5,num_threads:128,set_partition:false}",1
d40400.json.gz,d,40,400,MipTemplate,highs,MTFarkas,1,4,24347.6082883455,25530,,25530,,40,120,0.002079,0.08924,0.205193,1508,725348.7253487253,12.566666666666666,1,0,"{timeout:600,max_col_multiplier:1,age_limit:2,random_seed:0,replication:1,num_threads:128,set_partition:false}",-1
d40400.json.gz,d,40,400,MipTemplate,highs,MTFarkas,1,4,24347.6082883455,25530,4.62984723854289,25530,0,40,120,0.002079,0.08924,0.205201,1508,725348.7253487253,3.1416666666666666,1,0,"{timeout:600,max_col_multiplier:1,age_limit:2,random_seed:0,replication:1,num_threads:128,set_partition:false}",1
d40400.json.gz,d,40,400,MipTemplate,highs,MTFarkas,2,4,24347.6082883455,25588,,25588,,40,121,0.00175,0.084963,0.204331,1518,867428.5714285714,12.545454545454545,1,0,"{timeout:600,max_col_multiplier:1,age_limit:2,random_seed:1,replication:2,num_threads:128,set_partition:false}",-1
d40400.json.gz,d,40,400,MipTemplate,highs,MTFarkas,2,4,24347.6082883455,25588,4.8460215726121625,25588,0,40,121,0.00175,0.084963,0.204338,1518,867428.5714285714,3.1363636363636362,1,0,"{timeout:600,max_col_multiplier:1,age_limit:2,random_seed:1,replication:2,num_threads:128,set_partition:false}",1
d40400.json.gz,d,40,400,MipTemplate,highs,MTFarkas,3,4,24347.6082883455,25541,,25541,,40,120,0.002116,0.103628,0.221374,1522,719281.6635160681,12.683333333333334,1,0,"{timeout:600,max_col_multiplier:1,age_limit:2,random_seed:2,replication:3,num_threads:128,set_partition:false}",-1
d40400.json.gz,d,40,400,MipTemplate,highs,MTFarkas,3,4,24347.6082883455,25541,4.67092126385028,25541,0,40,120,0.002116,0.103628,0.22138,1522,719281.6635160681,3.1708333333333334,1,0,"{timeout:600,max_col_multiplier:1,age_limit:2,random_seed:2,replication:3,num_threads:128,set_partition:false}",1
d40400.json.gz,d,40,400,MipTemplate,highs,MTFarkas,4,4,24347.6082883455,25590,,25590,,40,121,0.002045,0.090154,0.212115,1510,738386.3080684596,12.479338842975206,1,0,"{timeout:600,max_col_multiplier:1,age_limit:2,random_seed:3,replication:4,num_threads:128,set_partition:false}",-1
d40400.json.gz,d,40,400,MipTemplate,highs,MTFarkas,4,4,24347.6082883455,25590,4.8534583821805395,25590,0,40,121,0.002045,0.090154,0.21213,1510,738386.3080684596,3.1198347107438016,1,0,"{timeout:600,max_col_multiplier:1,age_limit:2,random_seed:3,replication:4,num_threads:128,set_partition:false}",1
d40400.json.gz,d,40,400,MipTemplate,highs,MTFarkas,5,4,24347.6082883455,25548,,25548,,40,120,0.001685,0.080304,0.199455,1520,902077.1513353115,12.666666666666666,1,0,"{timeout:600,max_col_multiplier:1,age_limit:2,random_seed:4,replication:5,num_threads:128,set_partition:false}",-1
d40400.json.gz,d,40,400,MipTemplate,highs,MTFarkas,5,4,24347.6082883455,25548,4.697040864255519,25548,0,40,120,0.001685,0.080304,0.199464,1520,902077.1513353115,3.1666666666666665,1,0,"{timeout:600,max_col_multiplier:1,age_limit:2,random_seed:4,replication:5,num_threads:128,set_partition:false}",1
d60900.json.gz,d,60,900,Dantzig,highs,DantzigFarkas,1,2,54550.99999999998,86840,,86839.99999999991,,60,120,0.009632,0.001464,0.455831,3151,327138.70431893686,26.258333333333333,1,0,"{timeout:600,max_col_multiplier:1,age_limit:20,random_seed:0,replication:1,num_threads:128,set_partition:false}",-1
d60900.json.gz,d,60,900,Dantzig,highs,DantzigFarkas,1,2,54550.99999999998,86840,37.18217411331184,86839.99999999991,0,60,120,0.009632,0.001464,0.455839,3151,327138.70431893686,13.129166666666666,1,0,"{timeout:600,max_col_multiplier:1,age_limit:20,random_seed:0,replication:1,num_threads:128,set_partition:false}",1
d60900.json.gz,d,60,900,Dantzig,highs,DantzigFarkas,2,2,54550.99999999998,86840,,86839.9999999996,,60,120,0.012065,0.001034,0.472151,3252,269539.9917115624,27.1,1,0,"{timeout:600,max_col_multiplier:1,age_limit:20,random_seed:1,replication:2,num_threads:128,set_partition:false}",-1
d60900.json.gz,d,60,900,Dantzig,highs,DantzigFarkas,2,2,54550.99999999998,86840,37.18217411331184,86839.9999999996,0,60,120,0.012065,0.001034,0.472159,3252,269539.9917115624,13.55,1,0,"{timeout:600,max_col_multiplier:1,age_limit:20,random_seed:1,replication:2,num_threads:128,set_partition:false}",1
d60900.json.gz,d,60,900,Dantzig,highs,DantzigFarkas,3,2,54550.99999999998,86840,,86840.00000000052,,60,120,0.014648,0.001355,0.473943,3295,224945.38503549973,27.458333333333332,1,0,"{timeout:600,max_col_multiplier:1,age_limit:20,random_seed:2,replication:3,num_threads:128,set_partition:false}",-1
d60900.json.gz,d,60,900,Dantzig,highs,DantzigFarkas,3,2,54550.99999999998,86840,37.18217411331184,86840.00000000052,0,60,120,0.014648,0.001355,0.47395,3295,224945.38503549973,13.729166666666666,1,0,"{timeout:600,max_col_multiplier:1,age_limit:20,random_seed:2,replication:3,num_threads:128,set_partition:false}",1
d60900.json.gz,d,60,900,Dantzig,highs,DantzigFarkas,4,2,54550.99999999998,86840,,86840.00000000042,,60,120,0.013907,0.00085,0.4617,3352,241029.69727475374,27.933333333333334,1,0,"{timeout:600,max_col_multiplier:1,age_limit:20,random_seed:3,replication:4,num_threads:128,set_partition:false}",-1
d60900.json.gz,d,60,900,Dantzig,highs,DantzigFarkas,4,2,54550.99999999998,86840,37.18217411331184,86840.00000000042,0,60,120,0.013907,0.00085,0.461708,3352,241029.69727475374,13.966666666666667,1,0,"{timeout:600,max_col_multiplier:1,age_limit:20,random_seed:3,replication:4,num_threads:128,set_partition:false}",1
d60900.json.gz,d,60,900,Dantzig,highs,DantzigFarkas,5,2,54550.99999999998,86840,,86839.99999999926,,60,120,0.013874,0.001378,0.461558,3304,238143.28960645813,27.533333333333335,1,0,"{timeout:600,max_col_multiplier:1,age_limit:20,random_seed:4,replication:5,num_threads:128,set_partition:false}",-1
d60900.json.gz,d,60,900,Dantzig,highs,DantzigFarkas,5,2,54550.99999999998,86840,37.18217411331184,86839.99999999926,0,60,120,0.013874,0.001378,0.461565,3304,238143.28960645813,13.766666666666667,1,0,"{timeout:600,max_col_multiplier:1,age_limit:20,random_seed:4,replication:5,num_threads:128,set_partition:false}",1
d60900.json.gz,d,60,900,LagrangeTemplate,highs,LTFarkas,1,3,54550.99999999998,56843.00000000005,,56843,,60,126,0.002767,0.004278,0.446812,3031,1095410.1915431875,24.055555555555557,1,0,"{timeout:600,max_col_multiplier:1,age_limit:2,random_seed:0,replication:1,num_threads:128,set_partition:false}",-1
d60900.json.gz,d,60,900,LagrangeTemplate,highs,LTFarkas,1,3,54550.99999999998,56843.00000000005,4.03215875305675,56843,0,60,126,0.002767,0.004278,0.446818,3031,1095410.1915431875,8.018518518518519,1,0,"{timeout:600,max_col_multiplier:1,age_limit:2,random_seed:0,replication:1,num_threads:128,set_partition:false}",1
d60900.json.gz,d,60,900,LagrangeTemplate,highs,LTFarkas,2,3,54550.99999999998,inf,,58538.37499999999,,80,120,0.003325,0.004297,0.443301,3070,923308.2706766918,25.583333333333332,0,0,"{timeout:600,max_col_multiplier:1,age_limit:2,random_seed:1,replication:2,num_threads:128,set_partition:false}",-1
d60900.json.gz,d,60,900,LagrangeTemplate,highs,LTFarkas,2,3,54550.99999999998,inf,nan,58538.37499999999,0,80,120,0.003325,0.004297,0.443308,3070,923308.2706766918,8.527777777777777,0,0,"{timeout:600,max_col_multiplier:1,age_limit:2,random_seed:1,replication:2,num_threads:128,set_partition:false}",1
d60900.json.gz,d,60,900,LagrangeTemplate,highs,LTFarkas,3,3,54550.99999999998,56907.00000000005,,56906.99999999992,,60,130,0.003624,0.004653,0.446542,3083,850717.4392935982,23.715384615384615,1,0,"{timeout:600,max_col_multiplier:1,age_limit:2,random_seed:2,replication:3,num_threads:128,set_partition:false}",-1
d60900.json.gz,d,60,900,LagrangeTemplate,highs,LTFarkas,3,3,54550.99999999998,56907.00000000005,4.140088214103798,56906.99999999992,0,60,130,0.003624,0.004653,0.446549,3083,850717.4392935982,7.905128205128205,1,0,"{timeout:600,max_col_multiplier:1,age_limit:2,random_seed:2,replication:3,num_threads:128,set_partition:false}",1
d60900.json.gz,d,60,900,LagrangeTemplate,highs,LTFarkas,4,3,54550.99999999998,inf,,60012,,73,120,0.003933,0.004561,0.44579,3116,792270.5314009662,25.966666666666665,0,0,"{timeout:600,max_col_multiplier:1,age_limit:2,random_seed:3,replication:4,num_threads:128,set_partition:false}",-1
d60900.json.gz,d,60,900,LagrangeTemplate,highs,LTFarkas,4,3,54550.99999999998,inf,nan,60012,0,73,120,0.003933,0.004561,0.445797,3116,792270.5314009662,8.655555555555555,0,0,"{timeout:600,max_col_multiplier:1,age_limit:2,random_seed:3,replication:4,num_threads:128,set_partition:false}",1
d60900.json.gz,d,60,900,LagrangeTemplate,highs,LTFarkas,5,3,54550.99999999998,inf,,59724.67999999998,,81,120,0.004077,0.004261,0.446959,3107,762079.9607554575,25.891666666666666,0,0,"{timeout:600,max_col_multiplier:1,age_limit:2,random_seed:4,replication:5,num_threads:128,set_partition:false}",-1
d60900.json.gz,d,60,900,LagrangeTemplate,highs,LTFarkas,5,3,54550.99999999998,inf,nan,59724.67999999998,0,81,120,0.004077,0.004261,0.446965,3107,762079.9607554575,8.630555555555555,0,0,"{timeout:600,max_col_multiplier:1,age_limit:2,random_seed:4,replication:5,num_threads:128,set_partition:false}",1
d60900.json.gz,d,60,900,MipTemplate,highs,MTFarkas,1,4,54550.99999999998,56611,,56611,,60,180,0.004012,0.116831,0.574151,3032,755732.8015952144,16.844444444444445,1,0,"{timeout:600,max_col_multiplier:1,age_limit:2,random_seed:0,replication:1,num_threads:128,set_partition:false}",-1
d60900.json.gz,d,60,900,MipTemplate,highs,MTFarkas,1,4,54550.99999999998,56611,3.6388687710868917,56611,0,60,180,0.004012,0.116831,0.574158,3032,755732.8015952144,4.211111111111111,1,0,"{timeout:600,max_col_multiplier:1,age_limit:2,random_seed:0,replication:1,num_threads:128,set_partition:false}",1
d60900.json.gz,d,60,900,MipTemplate,highs,MTFarkas,2,4,54550.99999999998,56619,,56619,,60,180,0.003422,0.13023,0.582356,3049,890999.415546464,16.93888888888889,1,0,"{timeout:600,max_col_multiplier:1,age_limit:2,random_seed:1,replication:2,num_threads:128,set_partition:false}",-1
d60900.json.gz,d,60,900,MipTemplate,highs,MTFarkas,2,4,54550.99999999998,56619,3.6524841484307387,56619,0,60,180,0.003422,0.13023,0.582363,3049,890999.415546464,4.2347222222222225,1,0,"{timeout:600,max_col_multiplier:1,age_limit:2,random_seed:1,replication:2,num_threads:128,set_partition:false}",1
d60900.json.gz,d,60,900,MipTemplate,highs,MTFarkas,3,4,54550.99999999998,56657,,56657,,60,181,0.003507,0.123559,0.578671,3059,872255.4890219561,16.900552486187845,1,0,"{timeout:600,max_col_multiplier:1,age_limit:2,random_seed:2,replication:3,num_threads:128,set_partition:false}",-1
d60900.json.gz,d,60,900,MipTemplate,highs,MTFarkas,3,4,54550.99999999998,56657,3.7171046825634964,56657,0,60,181,0.003507,0.123559,0.578678,3059,872255.4890219561,4.225138121546961,1,0,"{timeout:600,max_col_multiplier:1,age_limit:2,random_seed:2,replication:3,num_threads:128,set_partition:false}",1
d60900.json.gz,d,60,900,MipTemplate,highs,MTFarkas,4,5,54550.99999999998,56705,,56705,,60,240,0.005953,0.190663,0.649071,3083,517890.1394254998,12.845833333333333,1,0,"{timeout:600,max_col_multiplier:1,age_limit:2,random_seed:3,replication:4,num_threads:128,set_partition:false}",-1
d60900.json.gz,d,60,900,MipTemplate,highs,MTFarkas,4,5,54550.99999999998,56705,3.7986068247949913,56705,0,60,240,0.005953,0.190663,0.649085,3083,517890.1394254998,2.569166666666667,1,0,"{timeout:600,max_col_multiplier:1,age_limit:2,random_seed:3,replication:4,num_threads:128,set_partition:false}",1
d60900.json.gz,d,60,900,MipTemplate,highs,MTFarkas,5,4,54550.99999999998,56672,,56672,,60,180,0.004006,0.115902,0.573986,3065,765102.3464802796,17.02777777777778,1,0,"{timeout:600,max_col_multiplier:1,age_limit:2,random_seed:4,replication:5,num_threads:128,set_partition:false}",-1
d60900.json.gz,d,60,900,MipTemplate,highs,MTFarkas,5,4,54550.99999999998,56672,3.742588932806324,56672,0,60,180,0.004006,0.115902,0.573994,3065,765102.3464802796,4.256944444444445,1,0,"{timeout:600,max_col_multiplier:1,age_limit:2,random_seed:4,replication:5,num_threads:128,set_partition:false}",1
d801600.json.gz,d,80,1600,Dantzig,highs,DantzigFarkas,1,2,97034.00000000004,155231,,155230.99999999919,,80,160,0.054107,0.002582,1.315221,5366,99173.85920490879,33.5375,1,0,"{timeout:600,max_col_multiplier:1,age_limit:34,random_seed:0,replication:1,num_threads:128,set_partition:false}",-1
d801600.json.gz,d,80,1600,Dantzig,highs,DantzigFarkas,1,2,97034.00000000004,155231,37.490578557118106,155230.99999999919,0,80,160,0.054107,0.002582,1.315234,5366,99173.85920490879,16.76875,1,0,"{timeout:600,max_col_multiplier:1,age_limit:34,random_seed:0,replication:1,num_threads:128,set_partition:false}",1
d801600.json.gz,d,80,1600,Dantzig,highs,DantzigFarkas,2,2,97034.00000000004,155231,,155230.9999999996,,80,160,0.049841,0.001909,1.357899,5250,105334.96518930198,32.8125,1,0,"{timeout:600,max_col_multiplier:1,age_limit:34,random_seed:1,replication:2,num_threads:128,set_partition:false}",-1
d801600.json.gz,d,80,1600,Dantzig,highs,DantzigFarkas,2,2,97034.00000000004,155231,37.490578557118106,155230.9999999996,0,80,160,0.049841,0.001909,1.357907,5250,105334.96518930198,16.40625,1,0,"{timeout:600,max_col_multiplier:1,age_limit:34,random_seed:1,replication:2,num_threads:128,set_partition:false}",1
d801600.json.gz,d,80,1600,Dantzig,highs,DantzigFarkas,3,2,97034.00000000004,155231,,155231.00000000047,,80,160,0.033491,0.001848,1.318931,5054,150906.21360962646,31.5875,1,0,"{timeout:600,max_col_multiplier:1,age_limit:34,random_seed:2,replication:3,num_threads:128,set_partition:false}",-1
d801600.json.gz,d,80,1600,Dantzig,highs,DantzigFarkas,3,2,97034.00000000004,155231,37.490578557118106,155231.00000000047,0,80,160,0.033491,0.001848,1.318938,5054,150906.21360962646,15.79375,1,0,"{timeout:600,max_col_multiplier:1,age_limit:34,random_seed:2,replication:3,num_threads:128,set_partition:false}",1
d801600.json.gz,d,80,1600,Dantzig,highs,DantzigFarkas,4,2,97034.00000000004,155231,,155230.9999999998,,80,160,0.060485,0.001905,1.301711,5436,89873.52236091593,33.975,1,0,"{timeout:600,max_col_multiplier:1,age_limit:34,random_seed:3,replication:4,num_threads:128,set_partition:false}",-1
d801600.json.gz,d,80,1600,Dantzig,highs,DantzigFarkas,4,2,97034.00000000004,155231,37.490578557118106,155230.9999999998,0,80,160,0.060485,0.001905,1.301718,5436,89873.52236091593,16.9875,1,0,"{timeout:600,max_col_multiplier:1,age_limit:34,random_seed:3,replication:4,num_threads:128,set_partition:false}",1
d801600.json.gz,d,80,1600,Dantzig,highs,DantzigFarkas,5,2,97034.00000000004,155231,,155231.00000000006,,80,160,0.038637,0.002381,1.279461,5195,134456.60894997025,32.46875,1,0,"{timeout:600,max_col_multiplier:1,age_limit:34,random_seed:4,replication:5,num_threads:128,set_partition:false}",-1
d801600.json.gz,d,80,1600,Dantzig,highs,DantzigFarkas,5,2,97034.00000000004,155231,37.490578557118106,155231.00000000006,0,80,160,0.038637,0.002381,1.279469,5195,134456.60894997025,16.234375,1,0,"{timeout:600,max_col_multiplier:1,age_limit:34,random_seed:4,replication:5,num_threads:128,set_partition:false}",1
d801600.json.gz,d,80,1600,LagrangeTemplate,highs,LTFarkas,1,3,97034.00000000004,inf,,102985.16666666663,,106,160,0.007273,0.008146,1.256527,4841,665612.5395297676,30.25625,0,0,"{timeout:600,max_col_multiplier:1,age_limit:2,random_seed:0,replication:1,num_threads:128,set_partition:false}",-1
d801600.json.gz,d,80,1600,LagrangeTemplate,highs,LTFarkas,1,3,97034.00000000004,inf,nan,102985.16666666663,0,106,160,0.007273,0.008146,1.256534,4841,665612.5395297676,10.085416666666667,0,0,"{timeout:600,max_col_multiplier:1,age_limit:2,random_seed:0,replication:1,num_threads:128,set_partition:false}",1
d801600.json.gz,d,80,1600,LagrangeTemplate,highs,LTFarkas,2,3,97034.00000000004,inf,,101362.64150943399,,108,160,0.005618,0.006902,1.238744,4747,844962.6201495194,29.66875,0,0,"{timeout:600,max_col_multiplier:1,age_limit:2,random_seed:1,replication:2,num_threads:128,set_partition:false}",-1
d801600.json.gz,d,80,1600,LagrangeTemplate,highs,LTFarkas,2,3,97034.00000000004,inf,nan,101362.64150943399,0,108,160,0.005618,0.006902,1.238751,4747,844962.6201495194,9.889583333333333,0,0,"{timeout:600,max_col_multiplier:1,age_limit:2,random_seed:1,replication:2,num_threads:128,set_partition:false}",1
d801600.json.gz,d,80,1600,LagrangeTemplate,highs,LTFarkas,3,3,97034.00000000004,inf,,102593.41666666667,,103,160,0.00721,0.007769,1.225854,4819,668377.253814147,30.11875,0,0,"{timeout:600,max_col_multiplier:1,age_limit:2,random_seed:2,replication:3,num_threads:128,set_partition:false}",-1
d801600.json.gz,d,80,1600,LagrangeTemplate,highs,LTFarkas,3,3,97034.00000000004,inf,nan,102593.41666666667,0,103,160,0.00721,0.007769,1.225861,4819,668377.253814147,10.039583333333333,0,0,"{timeout:600,max_col_multiplier:1,age_limit:2,random_seed:2,replication:3,num_threads:128,set_partition:false}",1
d801600.json.gz,d,80,1600,LagrangeTemplate,highs,LTFarkas,4,3,97034.00000000004,inf,,101870.93181818184,,103,160,0.006124,0.006968,1.224737,4774,779555.845852384,29.8375,0,0,"{timeout:600,max_col_multiplier:1,age_limit:2,random_seed:3,replication:4,num_threads:128,set_partition:false}",-1
d801600.json.gz,d,80,1600,LagrangeTemplate,highs,LTFarkas,4,3,97034.00000000004,inf,nan,101870.93181818184,0,103,160,0.006124,0.006968,1.224745,4774,779555.845852384,9.945833333333333,0,0,"{timeout:600,max_col_multiplier:1,age_limit:2,random_seed:3,replication:4,num_threads:128,set_partition:false}",1
d801600.json.gz,d,80,1600,LagrangeTemplate,highs,LTFarkas,5,3,97034.00000000004,inf,,102332.28571428572,,104,160,0.007222,0.007111,1.223096,4822,667682.0825256162,30.1375,0,0,"{timeout:600,max_col_multiplier:1,age_limit:2,random_seed:4,replication:5,num_threads:128,set_partition:false}",-1
d801600.json.gz,d,80,1600,LagrangeTemplate,highs,LTFarkas,5,3,97034.00000000004,inf,nan,102332.28571428572,0,104,160,0.007222,0.007111,1.223102,4822,667682.0825256162,10.045833333333333,0,0,"{timeout:600,max_col_multiplier:1,age_limit:2,random_seed:4,replication:5,num_threads:128,set_partition:false}",1
d801600.json.gz,d,80,1600,MipTemplate,highs,MTFarkas,1,5,97034.00000000004,99558,,99558,,80,321,0.011482,0.253272,1.563378,4790,417174.70823898277,14.922118380062305,1,0,"{timeout:600,max_col_multiplier:1,age_limit:2,random_seed:0,replication:1,num_threads:128,set_partition:false}",-1
d801600.json.gz,d,80,1600,MipTemplate,highs,MTFarkas,1,5,97034.00000000004,99558,2.535205608790856,99558,0,80,321,0.011482,0.253272,1.563388,4790,417174.70823898277,2.9844236760124607,1,0,"{timeout:600,max_col_multiplier:1,age_limit:2,random_seed:0,replication:1,num_threads:128,set_partition:false}",1
d801600.json.gz,d,80,1600,MipTemplate,highs,MTFarkas,2,4,97034.00000000004,99529,,99529,,80,241,0.008496,0.166852,1.447091,4725,556144.0677966102,19.605809128630707,1,0,"{timeout:600,max_col_multiplier:1,age_limit:2,random_seed:1,replication:2,num_threads:128,set_partition:false}",-1
d801600.json.gz,d,80,1600,MipTemplate,highs,MTFarkas,2,4,97034.00000000004,99529,2.5068070612585274,99529,0,80,241,0.008496,0.166852,1.447099,4725,556144.0677966102,4.901452282157677,1,0,"{timeout:600,max_col_multiplier:1,age_limit:2,random_seed:1,replication:2,num_threads:128,set_partition:false}",1
d801600.json.gz,d,80,1600,MipTemplate,highs,MTFarkas,3,4,97034.00000000004,99608,,99608,,80,241,0.007064,0.150829,1.398421,4767,674830.1245753114,19.780082987551868,1,0,"{timeout:600,max_col_multiplier:1,age_limit:2,random_seed:2,replication:3,num_threads:128,set_partition:false}",-1
d801600.json.gz,d,80,1600,MipTemplate,highs,MTFarkas,3,4,97034.00000000004,99608,2.5841297887719863,99608,0,80,241,0.007064,0.150829,1.398427,4767,674830.1245753114,4.945020746887967,1,0,"{timeout:600,max_col_multiplier:1,age_limit:2,random_seed:2,replication:3,num_threads:128,set_partition:false}",1
d801600.json.gz,d,80,1600,MipTemplate,highs,MTFarkas,4,4,97034.00000000004,99589,,99589,,80,241,0.006566,0.176745,1.420853,4746,722814.4989339019,19.692946058091287,1,0,"{timeout:600,max_col_multiplier:1,age_limit:2,random_seed:3,replication:4,num_threads:128,set_partition:false}",-1
d801600.json.gz,d,80,1600,MipTemplate,highs,MTFarkas,4,4,97034.00000000004,99589,2.5655443874323467,99589,0,80,241,0.006566,0.176745,1.42086,4746,722814.4989339019,4.923236514522822,1,0,"{timeout:600,max_col_multiplier:1,age_limit:2,random_seed:3,replication:4,num_threads:128,set_partition:false}",1
d801600.json.gz,d,80,1600,MipTemplate,highs,MTFarkas,5,4,97034.00000000004,99615,,99615,,80,240,0.00693,0.166406,1.411549,4760,686868.6868686868,19.833333333333332,1,0,"{timeout:600,max_col_multiplier:1,age_limit:2,random_seed:4,replication:5,num_threads:128,set_partition:false}",-1
d801600.json.gz,d,80,1600,MipTemplate,highs,MTFarkas,5,4,97034.00000000004,99615,2.590975254730713,99615,0,80,240,0.00693,0.166406,1.411557,4760,686868.6868686868,4.958333333333333,1,0,"{timeout:600,max_col_multiplier:1,age_limit:2,random_seed:4,replication:5,num_threads:128,set_partition:false}",1
e05100.json.gz,e,5,100,Dantzig,highs,DantzigFarkas,1,6,12641.419125080414,inf,,67787.50000000001,,9,25,0.001312,0.001761,0.005883,270,205792.68292682926,10.8,0,0,"{timeout:600,max_col_multiplier:1,age_limit:34,random_seed:0,replication:1,num_threads:128,set_partition:false}",-1
e05100.json.gz,e,5,100,Dantzig,highs,DantzigFarkas,1,6,12641.419125080414,inf,nan,67787.50000000001,0,9,25,0.001312,0.001761,0.005892,270,205792.68292682926,1.8,0,0,"{timeout:600,max_col_multiplier:1,age_limit:34,random_seed:0,replication:1,num_threads:128,set_partition:false}",1
e05100.json.gz,e,5,100,Dantzig,highs,DantzigFarkas,2,6,12641.419125080414,inf,,67698.5,,9,25,0.001392,0.001956,0.006284,272,195402.2988505747,10.88,0,0,"{timeout:600,max_col_multiplier:1,age_limit:34,random_seed:1,replication:2,num_threads:128,set_partition:false}",-1
e05100.json.gz,e,5,100,Dantzig,highs,DantzigFarkas,2,6,12641.419125080414,inf,nan,67698.5,0,9,25,0.001392,0.001956,0.006294,272,195402.2988505747,1.8133333333333335,0,0,"{timeout:600,max_col_multiplier:1,age_limit:34,random_seed:1,replication:2,num_threads:128,set_partition:false}",1
e05100.json.gz,e,5,100,Dantzig,highs,DantzigFarkas,3,6,12641.419125080414,inf,,68080.49999999997,,9,25,0.001763,0.001894,0.006532,278,157685.76290414066,11.12,0,0,"{timeout:600,max_col_multiplier:1,age_limit:34,random_seed:2,replication:3,num_threads:128,set_partition:false}",-1
e05100.json.gz,e,5,100,Dantzig,highs,DantzigFarkas,3,6,12641.419125080414,inf,nan,68080.49999999997,0,9,25,0.001763,0.001894,0.006541,278,157685.76290414066,1.8533333333333333,0,0,"{timeout:600,max_col_multiplier:1,age_limit:34,random_seed:2,replication:3,num_threads:128,set_partition:false}",1
e05100.json.gz,e,5,100,Dantzig,highs,DantzigFarkas,4,6,12641.419125080414,inf,,67915.49999999994,,9,25,0.001738,0.002067,0.006689,275,158227.84810126582,11,0,0,"{timeout:600,max_col_multiplier:1,age_limit:34,random_seed:3,replication:4,num_threads:128,set_partition:false}",-1
e05100.json.gz,e,5,100,Dantzig,highs,DantzigFarkas,4,6,12641.419125080414,inf,nan,67915.49999999994,0,9,25,0.001738,0.002067,0.006698,275,158227.84810126582,1.8333333333333333,0,0,"{timeout:600,max_col_multiplier:1,age_limit:34,random_seed:3,replication:4,num_threads:128,set_partition:false}",1
e05100.json.gz,e,5,100,Dantzig,highs,DantzigFarkas,5,6,12641.419125080414,inf,,67920.50000000001,,9,25,0.001427,0.001859,0.006163,278,194814.29572529782,11.12,0,0,"{timeout:600,max_col_multiplier:1,age_limit:34,random_seed:4,replication:5,num_threads:128,set_partition:false}",-1
e05100.json.gz,e,5,100,Dantzig,highs,DantzigFarkas,5,6,12641.419125080414,inf,nan,67920.50000000001,0,9,25,0.001427,0.001859,0.00617,278,194814.29572529782,1.8533333333333333,0,0,"{timeout:600,max_col_multiplier:1,age_limit:34,random_seed:4,replication:5,num_threads:128,set_partition:false}",1
e05100.json.gz,e,5,100,LagrangeTemplate,highs,LTFarkas,1,3,12641.419125080414,13723,,13723,,5,10,0.000519,0.000994,0.004288,223,429672.44701348746,22.3,1,0,"{timeout:600,max_col_multiplier:1,age_limit:2,random_seed:0,replication:1,num_threads:128,set_partition:false}",-1
e05100.json.gz,e,5,100,LagrangeTemplate,highs,LTFarkas,1,3,12641.419125080414,13723,7.877286307658675,13723,0,5,10,0.000519,0.000994,0.004296,223,429672.44701348746,7.433333333333334,1,0,"{timeout:600,max_col_multiplier:1,age_limit:2,random_seed:0,replication:1,num_threads:128,set_partition:false}",1
e05100.json.gz,e,5,100,LagrangeTemplate,highs,LTFarkas,2,3,12641.419125080414,14054,,14054,,5,13,0.000635,0.001019,0.004572,231,363779.5275590551,17.76923076923077,1,0,"{timeout:600,max_col_multiplier:1,age_limit:2,random_seed:1,replication:2,num_threads:128,set_partition:false}",-1
e05100.json.gz,e,5,100,LagrangeTemplate,highs,LTFarkas,2,3,12641.419125080414,14054,10.046961719083534,14054,0,5,13,0.000635,0.001019,0.004579,231,363779.5275590551,5.923076923076923,1,0,"{timeout:600,max_col_multiplier:1,age_limit:2,random_seed:1,replication:2,num_threads:128,set_partition:false}",1
e05100.json.gz,e,5,100,LagrangeTemplate,highs,LTFarkas,3,4,12641.419125080414,14228,,14228,,5,17,0.000894,0.001516,0.005348,240,268456.3758389262,14.117647058823529,1,0,"{timeout:600,max_col_multiplier:1,age_limit:2,random_seed:2,replication:3,num_threads:128,set_partition:false}",-1
e05100.json.gz,e,5,100,LagrangeTemplate,highs,LTFarkas,3,4,12641.419125080414,14228,11.147034017430418,14228,0,5,17,0.000894,0.001516,0.00536,240,268456.3758389262,3.5294117647058822,1,0,"{timeout:600,max_col_multiplier:1,age_limit:2,random_seed:2,replication:3,num_threads:128,set_partition:false}",1
e05100.json.gz,e,5,100,LagrangeTemplate,highs,LTFarkas,4,3,12641.419125080414,13723,,13723,,5,10,0.000767,0.001168,0.004693,225,293350.71707953064,22.5,1,0,"{timeout:600,max_col_multiplier:1,age_limit:2,random_seed:3,replication:4,num_threads:128,set_partition:false}",-1
e05100.json.gz,e,5,100,LagrangeTemplate,highs,LTFarkas,4,3,12641.419125080414,13723,7.877286307658675,13723,0,5,10,0.000767,0.001168,0.004701,225,293350.71707953064,7.5,1,0,"{timeout:600,max_col_multiplier:1,age_limit:2,random_seed:3,replication:4,num_threads:128,set_partition:false}",1
e05100.json.gz,e,5,100,LagrangeTemplate,highs,LTFarkas,5,3,12641.419125080414,13723,,13723,,5,10,0.000467,0.001024,0.004227,224,479657.38758029975,22.4,1,0,"{timeout:600,max_col_multiplier:1,age_limit:2,random_seed:4,replication:5,num_threads:128,set_partition:false}",-1
e05100.json.gz,e,5,100,LagrangeTemplate,highs,LTFarkas,5,3,12641.419125080414,13723,7.877286307658675,13723,0,5,10,0.000467,0.001024,0.004239,224,479657.38758029975,7.466666666666666,1,0,"{timeout:600,max_col_multiplier:1,age_limit:2,random_seed:4,replication:5,num_threads:128,set_partition:false}",1
e05100.json.gz,e,5,100,MipTemplate,highs,MTFarkas,1,3,12641.419125080414,13723,,13723,,5,10,0.000512,0.003688,0.011106,224,437500,22.4,1,0,"{timeout:600,max_col_multiplier:1,age_limit:2,random_seed:0,replication:1,num_threads:128,set_partition:false}",-1
e05100.json.gz,e,5,100,MipTemplate,highs,MTFarkas,1,3,12641.419125080414,13723,7.877286307658675,13723,0,5,10,0.000512,0.003688,0.011112,224,437500,7.466666666666666,1,0,"{timeout:600,max_col_multiplier:1,age_limit:2,random_seed:0,replication:1,num_threads:128,set_partition:false}",1
e05100.json.gz,e,5,100,MipTemplate,highs,MTFarkas,2,4,12641.419125080414,14054,,14054,,5,15,0.000819,0.025653,0.033548,231,282051.28205128206,15.4,1,0,"{timeout:600,max_col_multiplier:1,age_limit:2,random_seed:1,replication:2,num_threads:128,set_partition:false}",-1
e05100.json.gz,e,5,100,MipTemplate,highs,MTFarkas,2,4,12641.419125080414,14054,10.046961719083534,14054,0,5,15,0.000819,0.025653,0.033569,231,282051.28205128206,3.85,1,0,"{timeout:600,max_col_multiplier:1,age_limit:2,random_seed:1,replication:2,num_threads:128,set_partition:false}",1
e05100.json.gz,e,5,100,MipTemplate,highs,MTFarkas,3,5,12641.419125080414,13723,,13723,,5,20,0.001032,0.056412,0.065679,238,230620.1550387597,11.9,1,0,"{timeout:600,max_col_multiplier:1,age_limit:2,random_seed:2,replication:3,num_threads:128,set_partition:false}",-1
e05100.json.gz,e,5,100,MipTemplate,highs,MTFarkas,3,5,12641.419125080414,13723,7.877286307658675,13723,0,5,20,0.001032,0.056412,0.065695,238,230620.1550387597,2.38,1,0,"{timeout:600,max_col_multiplier:1,age_limit:2,random_seed:2,replication:3,num_threads:128,set_partition:false}",1
e05100.json.gz,e,5,100,MipTemplate,highs,MTFarkas,4,3,12641.419125080414,13723,,13723,,5,10,0.000413,0.003358,0.009354,225,544794.1888619855,22.5,1,0,"{timeout:600,max_col_multiplier:1,age_limit:2,random_seed:3,replication:4,num_threads:128,set_partition:false}",-1
e05100.json.gz,e,5,100,MipTemplate,highs,MTFarkas,4,3,12641.419125080414,13723,7.877286307658675,13723,0,5,10,0.000413,0.003358,0.009362,225,544794.1888619855,7.5,1,0,"{timeout:600,max_col_multiplier:1,age_limit:2,random_seed:3,replication:4,num_threads:128,set_partition:false}",1
e05100.json.gz,e,5,100,MipTemplate,highs,MTFarkas,5,3,12641.419125080414,13723,,13723,,5,10,0.000426,0.003462,0.009206,224,525821.5962441314,22.4,1,0,"{timeout:600,max_col_multiplier:1,age_limit:2,random_seed:4,replication:5,num_threads:128,set_partition:false}",-1
e05100.json.gz,e,5,100,MipTemplate,highs,MTFarkas,5,3,12641.419125080414,13723,7.877286307658675,13723,0,5,10,0.000426,0.003462,0.009216,224,525821.5962441314,7.466666666666666,1,0,"{timeout:600,max_col_multiplier:1,age_limit:2,random_seed:4,replication:5,num_threads:128,set_partition:false}",1
e05200.json.gz,e,5,200,Dantzig,highs,DantzigFarkas,1,5,24922,inf,,154282.5,,8,20,0.002367,0.001944,0.010355,528,223067.17363751584,26.4,0,0,"{timeout:600,max_col_multiplier:1,age_limit:132,random_seed:0,replication:1,num_threads:128,set_partition:false}",-1
e05200.json.gz,e,5,200,Dantzig,highs,DantzigFarkas,1,5,24922,inf,nan,154282.5,0,8,20,0.002367,0.001944,0.010362,528,223067.17363751584,5.279999999999999,0,0,"{timeout:600,max_col_multiplier:1,age_limit:132,random_seed:0,replication:1,num_threads:128,set_partition:false}",1
e05200.json.gz,e,5,200,Dantzig,highs,DantzigFarkas,2,6,24922,inf,,131881,,9,25,0.002585,0.002087,0.010522,559,216247.582205029,22.36,0,0,"{timeout:600,max_col_multiplier:1,age_limit:132,random_seed:1,replication:2,num_threads:128,set_partition:false}",-1
e05200.json.gz,e,5,200,Dantzig,highs,DantzigFarkas,2,6,24922,inf,nan,131881,0,9,25,0.002585,0.002087,0.010531,559,216247.582205029,3.7266666666666666,0,0,"{timeout:600,max_col_multiplier:1,age_limit:132,random_seed:1,replication:2,num_threads:128,set_partition:false}",1
e05200.json.gz,e,5,200,Dantzig,highs,DantzigFarkas,3,6,24922,inf,,133955,,9,25,0.002673,0.002353,0.011113,552,206509.53984287317,22.08,0,0,"{timeout:600,max_col_multiplier:1,age_limit:132,random_seed:2,replication:3,num_threads:128,set_partition:false}",-1
e05200.json.gz,e,5,200,Dantzig,highs,DantzigFarkas,3,6,24922,inf,nan,133955,0,9,25,0.002673,0.002353,0.011122,552,206509.53984287317,3.6799999999999997,0,0,"{timeout:600,max_col_multiplier:1,age_limit:132,random_seed:2,replication:3,num_threads:128,set_partition:false}",1
e05200.json.gz,e,5,200,Dantzig,highs,DantzigFarkas,4,7,24922,inf,,111691.5,,10,30,0.002993,0.00266,0.01155,556,185766.78917474108,18.533333333333335,0,0,"{timeout:600,max_col_multiplier:1,age_limit:132,random_seed:3,replication:4,num_threads:128,set_partition:false}",-1
e05200.json.gz,e,5,200,Dantzig,highs,DantzigFarkas,4,7,24922,inf,nan,111691.5,0,10,30,0.002993,0.00266,0.011559,556,185766.78917474108,2.647619047619048,0,0,"{timeout:600,max_col_multiplier:1,age_limit:132,random_seed:3,replication:4,num_threads:128,set_partition:false}",1
e05200.json.gz,e,5,200,Dantzig,highs,DantzigFarkas,5,9,24922,inf,,111981.0000000003,,10,40,0.003509,0.002492,0.012024,571,162724.4229125107,14.275,0,0,"{timeout:600,max_col_multiplier:1,age_limit:132,random_seed:4,replication:5,num_threads:128,set_partition:false}",-1
e05200.json.gz,e,5,200,Dantzig,highs,DantzigFarkas,5,9,24922,inf,nan,111981.0000000003,0,10,40,0.003509,0.002492,0.012032,571,162724.4229125107,1.5861111111111112,0,0,"{timeout:600,max_col_multiplier:1,age_limit:132,random_seed:4,replication:5,num_threads:128,set_partition:false}",1
e05200.json.gz,e,5,200,LagrangeTemplate,highs,LTFarkas,1,3,24922,25242,,25242,,5,11,0.000658,0.00121,0.007743,452,686930.0911854104,41.09090909090909,1,0,"{timeout:600,max_col_multiplier:1,age_limit:4,random_seed:0,replication:1,num_threads:128,set_partition:false}",-1
e05200.json.gz,e,5,200,LagrangeTemplate,highs,LTFarkas,1,3,24922,25242,1.2677283891926154,25242,0,5,11,0.000658,0.00121,0.007752,452,686930.0911854104,13.696969696969697,1,0,"{timeout:600,max_col_multiplier:1,age_limit:4,random_seed:0,replication:1,num_threads:128,set_partition:false}",1
e05200.json.gz,e,5,200,LagrangeTemplate,highs,LTFarkas,2,4,24922,25242,,25242,,5,16,0.001099,0.001911,0.009075,465,423111.9199272066,29.0625,1,0,"{timeout:600,max_col_multiplier:1,age_limit:4,random_seed:1,replication:2,num_threads:128,set_partition:false}",-1
e05200.json.gz,e,5,200,LagrangeTemplate,highs,LTFarkas,2,4,24922,25242,1.2677283891926154,25242,0,5,16,0.001099,0.001911,0.009084,465,423111.9199272066,7.265625,1,0,"{timeout:600,max_col_multiplier:1,age_limit:4,random_seed:1,replication:2,num_threads:128,set_partition:false}",1
e05200.json.gz,e,5,200,LagrangeTemplate,highs,LTFarkas,3,4,24922,25242,,25242,,5,15,0.001429,0.001597,0.008754,462,323303.00909727084,30.8,1,0,"{timeout:600,max_col_multiplier:1,age_limit:4,random_seed:2,replication:3,num_threads:128,set_partition:false}",-1
e05200.json.gz,e,5,200,LagrangeTemplate,highs,LTFarkas,3,4,24922,25242,1.2677283891926154,25242,0,5,15,0.001429,0.001597,0.008764,462,323303.00909727084,7.7,1,0,"{timeout:600,max_col_multiplier:1,age_limit:4,random_seed:2,replication:3,num_threads:128,set_partition:false}",1
e05200.json.gz,e,5,200,LagrangeTemplate,highs,LTFarkas,4,4,24922,25242,,25242,,5,15,0.000982,0.00179,0.008647,449,457230.14256619144,29.933333333333334,1,0,"{timeout:600,max_col_multiplier:1,age_limit:4,random_seed:3,replication:4,num_threads:128,set_partition:false}",-1
e05200.json.gz,e,5,200,LagrangeTemplate,highs,LTFarkas,4,4,24922,25242,1.2677283891926154,25242,0,5,15,0.000982,0.00179,0.008655,449,457230.14256619144,7.483333333333333,1,0,"{timeout:600,max_col_multiplier:1,age_limit:4,random_seed:3,replication:4,num_threads:128,set_partition:false}",1
e05200.json.gz,e,5,200,LagrangeTemplate,highs,LTFarkas,5,3,24922,25242,,25242,,5,11,0.000713,0.00129,0.007874,449,629733.520336606,40.81818181818182,1,0,"{timeout:600,max_col_multiplier:1,age_limit:4,random_seed:4,replication:5,num_threads:128,set_partition:false}",-1
e05200.json.gz,e,5,200,LagrangeTemplate,highs,LTFarkas,5,3,24922,25242,1.2677283891926154,25242,0,5,11,0.000713,0.00129,0.00788,449,629733.520336606,13.606060606060607,1,0,"{timeout:600,max_col_multiplier:1,age_limit:4,random_seed:4,replication:5,num_threads:128,set_partition:false}",1
e05200.json.gz,e,5,200,MipTemplate,highs,MTFarkas,1,4,24922,25242,,25242,,5,15,0.001684,0.047786,0.055791,452,268408.5510688836,30.133333333333333,1,0,"{timeout:600,max_col_multiplier:1,age_limit:4,random_seed:0,replication:1,num_threads:128,set_partition:false}",-1
e05200.json.gz,e,5,200,MipTemplate,highs,MTFarkas,1,4,24922,25242,1.2677283891926154,25242,0,5,15,0.001684,0.047786,0.055802,452,268408.5510688836,7.533333333333333,1,0,"{timeout:600,max_col_multiplier:1,age_limit:4,random_seed:0,replication:1,num_threads:128,set_partition:false}",1
e05200.json.gz,e,5,200,MipTemplate,highs,MTFarkas,2,5,24922,25242,,25242,,5,20,0.001479,0.055013,0.067184,461,311697.0926301555,23.05,1,0,"{timeout:600,max_col_multiplier:1,age_limit:4,random_seed:1,replication:2,num_threads:128,set_partition:false}",-1
e05200.json.gz,e,5,200,MipTemplate,highs,MTFarkas,2,5,24922,25242,1.2677283891926154,25242,0,5,20,0.001479,0.055013,0.0672,461,311697.0926301555,4.61,1,0,"{timeout:600,max_col_multiplier:1,age_limit:4,random_seed:1,replication:2,num_threads:128,set_partition:false}",1
e05200.json.gz,e,5,200,MipTemplate,highs,MTFarkas,3,6,24922,25200,,25200,,5,25,0.0023,0.109069,0.125619,461,200434.78260869565,18.44,1,0,"{timeout:600,max_col_multiplier:1,age_limit:4,random_seed:2,replication:3,num_threads:128,set_partition:false}",-1
e05200.json.gz,e,5,200,MipTemplate,highs,MTFarkas,3,6,24922,25200,1.1031746031746033,25200,0,5,25,0.0023,0.109069,0.125633,461,200434.78260869565,3.0733333333333337,1,0,"{timeout:600,max_col_multiplier:1,age_limit:4,random_seed:2,replication:3,num_threads:128,set_partition:false}",1
e05200.json.gz,e,5,200,MipTemplate,highs,MTFarkas,4,5,24922,25279,,25279,,5,20,0.001285,0.05809,0.066153,451,350972.76264591445,22.55,1,0,"{timeout:600,max_col_multiplier:1,age_limit:4,random_seed:3,replication:4,num_threads:128,set_partition:false}",-1
e05200.json.gz,e,5,200,MipTemplate,highs,MTFarkas,4,5,24922,25279,1.4122394082044385,25279,0,5,20,0.001285,0.05809,0.06617,451,350972.76264591445,4.51,1,0,"{timeout:600,max_col_multiplier:1,age_limit:4,random_seed:3,replication:4,num_threads:128,set_partition:false}",1
e05200.json.gz,e,5,200,MipTemplate,highs,MTFarkas,5,3,24922,25242,,25242,,5,10,0.000607,0.017704,0.029487,445,733113.6738056013,44.5,1,0,"{timeout:600,max_col_multiplier:1,age_limit:4,random_seed:4,replication:5,num_threads:128,set_partition:false}",-1
e05200.json.gz,e,5,200,MipTemplate,highs,MTFarkas,5,3,24922,25242,1.2677283891926154,25242,0,5,10,0.000607,0.017704,0.029492,445,733113.6738056013,14.833333333333334,1,0,"{timeout:600,max_col_multiplier:1,age_limit:4,random_seed:4,replication:5,num_threads:128,set_partition:false}",1
e10100.json.gz,e,10,100,Dantzig,highs,DantzigFarkas,1,3,11543.054254892704,37452,,37452.00000000002,,10,29,0.000608,0.000999,0.00898,439,722039.4736842104,15.137931034482758,1,0,"{timeout:600,max_col_multiplier:1,age_limit:10,random_seed:0,replication:1,num_threads:128,set_partition:false}",-1
e10100.json.gz,e,10,100,Dantzig,highs,DantzigFarkas,1,3,11543.054254892704,37452,69.17654597885293,37452.00000000002,0,10,29,0.000608,0.000999,0.008985,439,722039.4736842104,5.045977011494252,1,0,"{timeout:600,max_col_multiplier:1,age_limit:10,random_seed:0,replication:1,num_threads:128,set_partition:false}",1
e10100.json.gz,e,10,100,Dantzig,highs,DantzigFarkas,2,3,11543.054254892704,36482,,36482.00000000002,,10,30,0.000633,0.001412,0.009403,438,691943.1279620853,14.6,1,0,"{timeout:600,max_col_multiplier:1,age_limit:10,random_seed:1,replication:2,num_threads:128,set_partition:false}",-1
e10100.json.gz,e,10,100,Dantzig,highs,DantzigFarkas,2,3,11543.054254892704,36482,68.35699797160242,36482.00000000002,0,10,30,0.000633,0.001412,0.009411,438,691943.1279620853,4.866666666666666,1,0,"{timeout:600,max_col_multiplier:1,age_limit:10,random_seed:1,replication:2,num_threads:128,set_partition:false}",1
e10100.json.gz,e,10,100,Dantzig,highs,DantzigFarkas,3,3,11543.054254892704,35976,,35976.0000000001,,10,30,0.001419,0.001048,0.009889,446,314305.8491895701,14.866666666666667,1,0,"{timeout:600,max_col_multiplier:1,age_limit:10,random_seed:2,replication:3,num_threads:128,set_partition:false}",-1
e10100.json.gz,e,10,100,Dantzig,highs,DantzigFarkas,3,3,11543.054254892704,35976,67.91194129419613,35976.0000000001,0,10,30,0.001419,0.001048,0.009897,446,314305.8491895701,4.955555555555556,1,0,"{timeout:600,max_col_multiplier:1,age_limit:10,random_seed:2,replication:3,num_threads:128,set_partition:false}",1
e10100.json.gz,e,10,100,Dantzig,highs,DantzigFarkas,4,3,11543.054254892704,36500,,36500,,10,29,0.000777,0.000964,0.00904,437,562419.5624195624,15.068965517241379,1,0,"{timeout:600,max_col_multiplier:1,age_limit:10,random_seed:3,replication:4,num_threads:128,set_partition:false}",-1
e10100.json.gz,e,10,100,Dantzig,highs,DantzigFarkas,4,3,11543.054254892704,36500,68.37260273972603,36500,0,10,29,0.000777,0.000964,0.009047,437,562419.5624195624,5.022988505747127,1,0,"{timeout:600,max_col_multiplier:1,age_limit:10,random_seed:3,replication:4,num_threads:128,set_partition:false}",1
e10100.json.gz,e,10,100,Dantzig,highs,DantzigFarkas,5,3,11543.054254892704,37197,,37197.000000000415,,10,30,0.000606,0.000805,0.008596,443,731023.1023102311,14.766666666666667,1,0,"{timeout:600,max_col_multiplier:1,age_limit:10,random_seed:4,replication:5,num_threads:128,set_partition:false}",-1
e10100.json.gz,e,10,100,Dantzig,highs,DantzigFarkas,5,3,11543.054254892704,37197,68.96523913218809,37197.000000000415,0,10,30,0.000606,0.000805,0.008602,443,731023.1023102311,4.9222222222222225,1,0,"{timeout:600,max_col_multiplier:1,age_limit:10,random_seed:4,replication:5,num_threads:128,set_partition:false}",1
e10100.json.gz,e,10,100,LagrangeTemplate,highs,LTFarkas,1,3,11543.054254892704,12136,,12136,,10,22,0.000593,0.00108,0.008803,434,731871.8381112985,19.727272727272727,1,0,"{timeout:600,max_col_multiplier:1,age_limit:2,random_seed:0,replication:1,num_threads:128,set_partition:false}",-1
e10100.json.gz,e,10,100,LagrangeTemplate,highs,LTFarkas,1,3,11543.054254892704,12136,4.878048780487805,12136,0,10,22,0.000593,0.00108,0.00881,434,731871.8381112985,6.575757575757575,1,0,"{timeout:600,max_col_multiplier:1,age_limit:2,random_seed:0,replication:1,num_threads:128,set_partition:false}",1
e10100.json.gz,e,10,100,LagrangeTemplate,highs,LTFarkas,2,3,11543.054254892704,12136,,12136,,10,22,0.00046,0.000964,0.008527,428,930434.7826086957,19.454545454545453,1,0,"{timeout:600,max_col_multiplier:1,age_limit:2,random_seed:1,replication:2,num_threads:128,set_partition:false}",-1
e10100.json.gz,e,10,100,LagrangeTemplate,highs,LTFarkas,2,3,11543.054254892704,12136,4.878048780487805,12136,0,10,22,0.00046,0.000964,0.008535,428,930434.7826086957,6.484848484848484,1,0,"{timeout:600,max_col_multiplier:1,age_limit:2,random_seed:1,replication:2,num_threads:128,set_partition:false}",1
e10100.json.gz,e,10,100,LagrangeTemplate,highs,LTFarkas,3,3,11543.054254892704,12136,,12136,,10,21,0.000538,0.001172,0.008696,431,801115.2416356878,20.523809523809526,1,0,"{timeout:600,max_col_multiplier:1,age_limit:2,random_seed:2,replication:3,num_threads:128,set_partition:false}",-1
e10100.json.gz,e,10,100,LagrangeTemplate,highs,LTFarkas,3,3,11543.054254892704,12136,4.878048780487805,12136,0,10,21,0.000538,0.001172,0.008705,431,801115.2416356878,6.841269841269842,1,0,"{timeout:600,max_col_multiplier:1,age_limit:2,random_seed:2,replication:3,num_threads:128,set_partition:false}",1
e10100.json.gz,e,10,100,LagrangeTemplate,highs,LTFarkas,4,4,11543.054254892704,12136,,12136,,10,31,0.000791,0.001567,0.009656,439,554993.6788874841,14.161290322580646,1,0,"{timeout:600,max_col_multiplier:1,age_limit:2,random_seed:3,replication:4,num_threads:128,set_partition:false}",-1
e10100.json.gz,e,10,100,LagrangeTemplate,highs,LTFarkas,4,4,11543.054254892704,12136,4.878048780487805,12136,0,10,31,0.000791,0.001567,0.009666,439,554993.6788874841,3.5403225806451615,1,0,"{timeout:600,max_col_multiplier:1,age_limit:2,random_seed:3,replication:4,num_threads:128,set_partition:false}",1
e10100.json.gz,e,10,100,LagrangeTemplate,highs,LTFarkas,5,4,11543.054254892704,12365,,12365,,10,31,0.000934,0.001492,0.00947,440,471092.07708779443,14.193548387096774,1,0,"{timeout:600,max_col_multiplier:1,age_limit:2,random_seed:4,replication:5,num_threads:128,set_partition:false}",-1
e10100.json.gz,e,10,100,LagrangeTemplate,highs,LTFarkas,5,4,11543.054254892704,12365,6.639708855640921,12365,0,10,31,0.000934,0.001492,0.009477,440,471092.07708779443,3.5483870967741935,1,0,"{timeout:600,max_col_multiplier:1,age_limit:2,random_seed:4,replication:5,num_threads:128,set_partition:false}",1
e10100.json.gz,e,10,100,MipTemplate,highs,MTFarkas,1,4,11543.054254892704,12664,,12664,,10,30,0.001216,0.079132,0.097927,442,363486.84210526315,14.733333333333333,1,0,"{timeout:600,max_col_multiplier:1,age_limit:2,random_seed:0,replication:1,num_threads:128,set_partition:false}",-1
e10100.json.gz,e,10,100,MipTemplate,highs,MTFarkas,1,4,11543.054254892704,12664,8.843967150979154,12664,0,10,30,0.001216,0.079132,0.097943,442,363486.84210526315,3.683333333333333,1,0,"{timeout:600,max_col_multiplier:1,age_limit:2,random_seed:0,replication:1,num_threads:128,set_partition:false}",1
e10100.json.gz,e,10,100,MipTemplate,highs,MTFarkas,2,3,11543.054254892704,12455,,12455,,10,20,0.000842,0.032797,0.051198,429,509501.1876484561,21.45,1,0,"{timeout:600,max_col_multiplier:1,age_limit:2,random_seed:1,replication:2,num_threads:128,set_partition:false}",-1
e10100.json.gz,e,10,100,MipTemplate,highs,MTFarkas,2,3,11543.054254892704,12455,7.314331593737455,12455,0,10,20,0.000842,0.032797,0.051214,429,509501.1876484561,7.1499999999999995,1,0,"{timeout:600,max_col_multiplier:1,age_limit:2,random_seed:1,replication:2,num_threads:128,set_partition:false}",1
e10100.json.gz,e,10,100,MipTemplate,highs,MTFarkas,3,4,11543.054254892704,12136,,12136,,10,30,0.001173,0.090369,0.108779,435,370843.989769821,14.5,1,0,"{timeout:600,max_col_multiplier:1,age_limit:2,random_seed:2,replication:3,num_threads:128,set_partition:false}",-1
e10100.json.gz,e,10,100,MipTemplate,highs,MTFarkas,3,4,11543.054254892704,12136,4.878048780487805,12136,0,10,30,0.001173,0.090369,0.108793,435,370843.989769821,3.625,1,0,"{timeout:600,max_col_multiplier:1,age_limit:2,random_seed:2,replication:3,num_threads:128,set_partition:false}",1
e10100.json.gz,e,10,100,MipTemplate,highs,MTFarkas,4,4,11543.054254892704,12455,,12455,,10,30,0.000876,0.045635,0.054877,439,501141.5525114155,14.633333333333333,1,0,"{timeout:600,max_col_multiplier:1,age_limit:2,random_seed:3,replication:4,num_threads:128,set_partition:false}",-1
e10100.json.gz,e,10,100,MipTemplate,highs,MTFarkas,4,4,11543.054254892704,12455,7.314331593737455,12455,0,10,30,0.000876,0.045635,0.054895,439,501141.5525114155,3.658333333333333,1,0,"{timeout:600,max_col_multiplier:1,age_limit:2,random_seed:3,replication:4,num_threads:128,set_partition:false}",1
e10100.json.gz,e,10,100,MipTemplate,highs,MTFarkas,5,4,11543.054254892704,12268,,12268,,10,30,0.000756,0.067203,0.08092,438,579365.0793650793,14.6,1,0,"{timeout:600,max_col_multiplier:1,age_limit:2,random_seed:4,replication:5,num_threads:128,set_partition:false}",-1
e10100.json.gz,e,10,100,MipTemplate,highs,MTFarkas,5,4,11543.054254892704,12268,5.9015324421258555,12268,0,10,30,0.000756,0.067203,0.080933,438,579365.0793650793,3.65,1,0,"{timeout:600,max_col_multiplier:1,age_limit:2,random_seed:4,replication:5,num_threads:128,set_partition:false}",1
e10200.json.gz,e,10,200,Dantzig,highs,DantzigFarkas,1,3,23293.85614853896,76763,,76763.00000000009,,10,30,0.001124,0.001266,0.01791,789,701957.2953736655,26.3,1,0,"{timeout:600,max_col_multiplier:1,age_limit:34,random_seed:0,replication:1,num_threads:128,set_partition:false}",-1
e10200.json.gz,e,10,200,Dantzig,highs,DantzigFarkas,1,3,23293.85614853896,76763,69.65465132941652,76763.00000000009,0,10,30,0.001124,0.001266,0.017915,789,701957.2953736655,8.766666666666667,1,0,"{timeout:600,max_col_multiplier:1,age_limit:34,random_seed:0,replication:1,num_threads:128,set_partition:false}",1
e10200.json.gz,e,10,200,Dantzig,highs,DantzigFarkas,2,3,23293.85614853896,78066,,78065.9999999994,,10,30,0.001032,0.001098,0.017971,780,755813.9534883721,26,1,0,"{timeout:600,max_col_multiplier:1,age_limit:34,random_seed:1,replication:2,num_threads:128,set_partition:false}",-1
e10200.json.gz,e,10,200,Dantzig,highs,DantzigFarkas,2,3,23293.85614853896,78066,70.16114569723055,78065.9999999994,0,10,30,0.001032,0.001098,0.017976,780,755813.9534883721,8.666666666666666,1,0,"{timeout:600,max_col_multiplier:1,age_limit:34,random_seed:1,replication:2,num_threads:128,set_partition:false}",1
e10200.json.gz,e,10,200,Dantzig,highs,DantzigFarkas,3,3,23293.85614853896,inf,,295572,,14,20,0.001238,0.001027,0.017479,795,642164.7819063005,39.75,0,0,"{timeout:600,max_col_multiplier:1,age_limit:34,random_seed:2,replication:3,num_threads:128,set_partition:false}",-1
e10200.json.gz,e,10,200,Dantzig,highs,DantzigFarkas,3,3,23293.85614853896,inf,nan,295572,0,14,20,0.001238,0.001027,0.017486,795,642164.7819063005,13.25,0,0,"{timeout:600,max_col_multiplier:1,age_limit:34,random_seed:2,replication:3,num_threads:128,set_partition:false}",1
e10200.json.gz,e,10,200,Dantzig,highs,DantzigFarkas,4,3,23293.85614853896,71616,,71615.99999999964,,10,30,0.001344,0.001062,0.018582,802,596726.1904761905,26.733333333333334,1,0,"{timeout:600,max_col_multiplier:1,age_limit:34,random_seed:3,replication:4,num_threads:128,set_partition:false}",-1
e10200.json.gz,e,10,200,Dantzig,highs,DantzigFarkas,4,3,23293.85614853896,71616,67.47374888293119,71615.99999999964,0,10,30,0.001344,0.001062,0.018588,802,596726.1904761905,8.911111111111111,1,0,"{timeout:600,max_col_multiplier:1,age_limit:34,random_seed:3,replication:4,num_threads:128,set_partition:false}",1
e10200.json.gz,e,10,200,Dantzig,highs,DantzigFarkas,5,3,23293.85614853896,78066,,78065.99999999997,,10,30,0.001004,0.000832,0.01746,782,778884.4621513945,26.066666666666666,1,0,"{timeout:600,max_col_multiplier:1,age_limit:34,random_seed:4,replication:5,num_threads:128,set_partition:false}",-1
e10200.json.gz,e,10,200,Dantzig,highs,DantzigFarkas,5,3,23293.85614853896,78066,70.16114569723055,78065.99999999997,0,10,30,0.001004,0.000832,0.017469,782,778884.4621513945,8.688888888888888,1,0,"{timeout:600,max_col_multiplier:1,age_limit:34,random_seed:4,replication:5,num_threads:128,set_partition:false}",1
e10200.json.gz,e,10,200,LagrangeTemplate,highs,LTFarkas,1,4,23293.85614853896,25250,,25250,,10,32,0.001015,0.001722,0.017919,771,759605.9113300492,24.09375,1,0,"{timeout:600,max_col_multiplier:1,age_limit:2,random_seed:0,replication:1,num_threads:128,set_partition:false}",-1
e10200.json.gz,e,10,200,LagrangeTemplate,highs,LTFarkas,1,4,23293.85614853896,25250,7.746534653465346,25250,0,10,32,0.001015,0.001722,0.017926,771,759605.9113300492,6.0234375,1,0,"{timeout:600,max_col_multiplier:1,age_limit:2,random_seed:0,replication:1,num_threads:128,set_partition:false}",1
e10200.json.gz,e,10,200,LagrangeTemplate,highs,LTFarkas,2,3,23293.85614853896,25600,,25600,,10,21,0.001003,0.001067,0.017386,767,764705.8823529412,36.523809523809526,1,0,"{timeout:600,max_col_multiplier:1,age_limit:2,random_seed:1,replication:2,num_threads:128,set_partition:false}",-1
e10200.json.gz,e,10,200,LagrangeTemplate,highs,LTFarkas,2,3,23293.85614853896,25600,9.0078125,25600,0,10,21,0.001003,0.001067,0.017396,767,764705.8823529412,12.174603174603176,1,0,"{timeout:600,max_col_multiplier:1,age_limit:2,random_seed:1,replication:2,num_threads:128,set_partition:false}",1
e10200.json.gz,e,10,200,LagrangeTemplate,highs,LTFarkas,3,3,23293.85614853896,26856,,26856,,10,21,0.000758,0.000887,0.017198,766,1010554.0897097625,36.476190476190474,1,0,"{timeout:600,max_col_multiplier:1,age_limit:2,random_seed:2,replication:3,num_threads:128,set_partition:false}",-1
e10200.json.gz,e,10,200,LagrangeTemplate,highs,LTFarkas,3,3,23293.85614853896,26856,13.263330354483168,26856,0,10,21,0.000758,0.000887,0.017205,766,1010554.0897097625,12.158730158730158,1,0,"{timeout:600,max_col_multiplier:1,age_limit:2,random_seed:2,replication:3,num_threads:128,set_partition:false}",1
e10200.json.gz,e,10,200,LagrangeTemplate,highs,LTFarkas,4,4,23293.85614853896,inf,,27681,,14,30,0.001265,0.001438,0.01791,782,618181.8181818181,26.066666666666666,0,0,"{timeout:600,max_col_multiplier:1,age_limit:2,random_seed:3,replication:4,num_threads:128,set_partition:false}",-1
e10200.json.gz,e,10,200,LagrangeTemplate,highs,LTFarkas,4,4,23293.85614853896,inf,nan,27681,0,14,30,0.001265,0.001438,0.017916,782,618181.8181818181,6.516666666666667,0,0,"{timeout:600,max_col_multiplier:1,age_limit:2,random_seed:3,replication:4,num_threads:128,set_partition:false}",1
e10200.json.gz,e,10,200,LagrangeTemplate,highs,LTFarkas,5,3,23293.85614853896,27274,,27274,,10,24,0.000689,0.001193,0.01723,780,1132075.471698113,32.5,1,0,"{timeout:600,max_col_multiplier:1,age_limit:2,random_seed:4,replication:5,num_threads:128,set_partition:false}",-1
e10200.json.gz,e,10,200,LagrangeTemplate,highs,LTFarkas,5,3,23293.85614853896,27274,14.592652342890666,27274,0,10,24,0.000689,0.001193,0.017235,780,1132075.471698113,10.833333333333334,1,0,"{timeout:600,max_col_multiplier:1,age_limit:2,random_seed:4,replication:5,num_threads:128,set_partition:false}",1
e10200.json.gz,e,10,200,MipTemplate,highs,MTFarkas,1,4,23293.85614853896,25291,,25291,,10,30,0.001551,0.042995,0.088404,773,498388.136686009,25.766666666666666,1,0,"{timeout:600,max_col_multiplier:1,age_limit:2,random_seed:0,replication:1,num_threads:128,set_partition:false}",-1
e10200.json.gz,e,10,200,MipTemplate,highs,MTFarkas,1,4,23293.85614853896,25291,7.896089518010359,25291,0,10,30,0.001551,0.042995,0.088414,773,498388.136686009,6.441666666666666,1,0,"{timeout:600,max_col_multiplier:1,age_limit:2,random_seed:0,replication:1,num_threads:128,set_partition:false}",1
e10200.json.gz,e,10,200,MipTemplate,highs,MTFarkas,2,4,23293.85614853896,25994,,25994,,10,30,0.001274,0.044386,0.071943,770,604395.6043956045,25.666666666666668,1,0,"{timeout:600,max_col_multiplier:1,age_limit:2,random_seed:1,replication:2,num_threads:128,set_partition:false}",-1
e10200.json.gz,e,10,200,MipTemplate,highs,MTFarkas,2,4,23293.85614853896,25994,10.387012387474034,25994,0,10,30,0.001274,0.044386,0.071953,770,604395.6043956045,6.416666666666667,1,0,"{timeout:600,max_col_multiplier:1,age_limit:2,random_seed:1,replication:2,num_threads:128,set_partition:false}",1
e10200.json.gz,e,10,200,MipTemplate,highs,MTFarkas,3,4,23293.85614853896,25565,,25565,,10,30,0.001029,0.043543,0.070936,770,748299.3197278911,25.666666666666668,1,0,"{timeout:600,max_col_multiplier:1,age_limit:2,random_seed:2,replication:3,num_threads:128,set_partition:false}",-1
e10200.json.gz,e,10,200,MipTemplate,highs,MTFarkas,3,4,23293.85614853896,25565,8.883238803051047,25565,0,10,30,0.001029,0.043543,0.070949,770,748299.3197278911,6.416666666666667,1,0,"{timeout:600,max_col_multiplier:1,age_limit:2,random_seed:2,replication:3,num_threads:128,set_partition:false}",1
e10200.json.gz,e,10,200,MipTemplate,highs,MTFarkas,4,5,23293.85614853896,26246,,26246,,10,40,0.001833,0.097571,0.130748,785,428259.68357883254,19.625,1,0,"{timeout:600,max_col_multiplier:1,age_limit:2,random_seed:3,replication:4,num_threads:128,set_partition:false}",-1
e10200.json.gz,e,10,200,MipTemplate,highs,MTFarkas,4,5,23293.85614853896,26246,11.24742817953212,26246,0,10,40,0.001833,0.097571,0.130761,785,428259.68357883254,3.925,1,0,"{timeout:600,max_col_multiplier:1,age_limit:2,random_seed:3,replication:4,num_threads:128,set_partition:false}",1
e10200.json.gz,e,10,200,MipTemplate,highs,MTFarkas,5,4,23293.85614853896,26827,,26827,,10,31,0.001124,0.04969,0.068154,779,693060.4982206406,25.129032258064516,1,0,"{timeout:600,max_col_multiplier:1,age_limit:2,random_seed:4,replication:5,num_threads:128,set_partition:false}",-1
e10200.json.gz,e,10,200,MipTemplate,highs,MTFarkas,5,4,23293.85614853896,26827,13.169567972564952,26827,0,10,31,0.001124,0.04969,0.068168,779,693060.4982206406,6.282258064516129,1,0,"{timeout:600,max_col_multiplier:1,age_limit:2,random_seed:4,replication:5,num_threads:128,set_partition:false}",1
e10400.json.gz,e,10,400,Dantzig,highs,DantzigFarkas,1,5,45739.20722222222,136060,,136060,,10,49,0.00496,0.001755,0.042401,1498,302016.12903225806,30.571428571428573,1,0,"{timeout:600,max_col_multiplier:1,age_limit:132,random_seed:0,replication:1,num_threads:128,set_partition:false}",-1
e10400.json.gz,e,10,400,Dantzig,highs,DantzigFarkas,1,5,45739.20722222222,136060,66.38247831838895,136060,0,10,49,0.00496,0.001755,0.042411,1498,302016.12903225806,6.114285714285715,1,0,"{timeout:600,max_col_multiplier:1,age_limit:132,random_seed:0,replication:1,num_threads:128,set_partition:false}",1
e10400.json.gz,e,10,400,Dantzig,highs,DantzigFarkas,2,7,45739.20722222222,inf,,449179.9999999994,,18,60,0.004442,0.002221,0.041708,1518,341737.95587573166,25.3,0,0,"{timeout:600,max_col_multiplier:1,age_limit:132,random_seed:1,replication:2,num_threads:128,set_partition:false}",-1
e10400.json.gz,e,10,400,Dantzig,highs,DantzigFarkas,2,7,45739.20722222222,inf,nan,449179.9999999994,0,18,60,0.004442,0.002221,0.041713,1518,341737.95587573166,3.6142857142857143,0,0,"{timeout:600,max_col_multiplier:1,age_limit:132,random_seed:1,replication:2,num_threads:128,set_partition:false}",1
e10400.json.gz,e,10,400,Dantzig,highs,DantzigFarkas,3,7,45739.20722222222,inf,,441359.5000000005,,18,60,0.004586,0.002377,0.042131,1519,331225.4688181422,25.316666666666666,0,0,"{timeout:600,max_col_multiplier:1,age_limit:132,random_seed:2,replication:3,num_threads:128,set_partition:false}",-1
e10400.json.gz,e,10,400,Dantzig,highs,DantzigFarkas,3,7,45739.20722222222,inf,nan,441359.5000000005,0,18,60,0.004586,0.002377,0.042139,1519,331225.4688181422,3.6166666666666667,0,0,"{timeout:600,max_col_multiplier:1,age_limit:132,random_seed:2,replication:3,num_threads:128,set_partition:false}",1
e10400.json.gz,e,10,400,Dantzig,highs,DantzigFarkas,4,5,45739.20722222222,132489,,132489.00000000032,,10,49,0.003587,0.001453,0.041111,1500,418176.74937273486,30.612244897959183,1,0,"{timeout:600,max_col_multiplier:1,age_limit:132,random_seed:3,replication:4,num_threads:128,set_partition:false}",-1
e10400.json.gz,e,10,400,Dantzig,highs,DantzigFarkas,4,5,45739.20722222222,132489,65.476379171101,132489.00000000032,0,10,49,0.003587,0.001453,0.041116,1500,418176.74937273486,6.122448979591836,1,0,"{timeout:600,max_col_multiplier:1,age_limit:132,random_seed:3,replication:4,num_threads:128,set_partition:false}",1
e10400.json.gz,e,10,400,Dantzig,highs,DantzigFarkas,5,5,45739.20722222222,inf,,584420.5,,14,40,0.003317,0.001591,0.039478,1496,451009.9487488695,37.4,0,0,"{timeout:600,max_col_multiplier:1,age_limit:132,random_seed:4,replication:5,num_threads:128,set_partition:false}",-1
e10400.json.gz,e,10,400,Dantzig,highs,DantzigFarkas,5,5,45739.20722222222,inf,nan,584420.5,0,14,40,0.003317,0.001591,0.039488,1496,451009.9487488695,7.4799999999999995,0,0,"{timeout:600,max_col_multiplier:1,age_limit:132,random_seed:4,replication:5,num_threads:128,set_partition:false}",1
e10400.json.gz,e,10,400,LagrangeTemplate,highs,LTFarkas,1,3,45739.20722222222,48145,,48145,,10,21,0.001051,0.001489,0.037309,1409,1340627.9733587059,67.0952380952381,1,0,"{timeout:600,max_col_multiplier:1,age_limit:4,random_seed:0,replication:1,num_threads:128,set_partition:false}",-1
e10400.json.gz,e,10,400,LagrangeTemplate,highs,LTFarkas,1,3,45739.20722222222,48145,4.9953266175096065,48145,0,10,21,0.001051,0.001489,0.037314,1409,1340627.9733587059,22.365079365079367,1,0,"{timeout:600,max_col_multiplier:1,age_limit:4,random_seed:0,replication:1,num_threads:128,set_partition:false}",1
e10400.json.gz,e,10,400,LagrangeTemplate,highs,LTFarkas,2,4,45739.20722222222,48442,,48442,,10,31,0.00152,0.002325,0.039235,1427,938815.7894736842,46.03225806451613,1,0,"{timeout:600,max_col_multiplier:1,age_limit:4,random_seed:1,replication:2,num_threads:128,set_partition:false}",-1
e10400.json.gz,e,10,400,LagrangeTemplate,highs,LTFarkas,2,4,45739.20722222222,48442,5.577804384624913,48442,0,10,31,0.00152,0.002325,0.03924,1427,938815.7894736842,11.508064516129032,1,0,"{timeout:600,max_col_multiplier:1,age_limit:4,random_seed:1,replication:2,num_threads:128,set_partition:false}",1
e10400.json.gz,e,10,400,LagrangeTemplate,highs,LTFarkas,3,3,45739.20722222222,48145,,48145,,10,21,0.001048,0.001593,0.037857,1411,1346374.0458015266,67.19047619047619,1,0,"{timeout:600,max_col_multiplier:1,age_limit:4,random_seed:2,replication:3,num_threads:128,set_partition:false}",-1
e10400.json.gz,e,10,400,LagrangeTemplate,highs,LTFarkas,3,3,45739.20722222222,48145,4.9953266175096065,48145,0,10,21,0.001048,0.001593,0.037863,1411,1346374.0458015266,22.396825396825395,1,0,"{timeout:600,max_col_multiplier:1,age_limit:4,random_seed:2,replication:3,num_threads:128,set_partition:false}",1
e10400.json.gz,e,10,400,LagrangeTemplate,highs,LTFarkas,4,3,45739.20722222222,47983,,47983,,10,21,0.001192,0.001552,0.038006,1405,1178691.2751677854,66.9047619047619,1,0,"{timeout:600,max_col_multiplier:1,age_limit:4,random_seed:3,replication:4,num_threads:128,set_partition:false}",-1
e10400.json.gz,e,10,400,LagrangeTemplate,highs,LTFarkas,4,3,45739.20722222222,47983,4.674572244336536,47983,0,10,21,0.001192,0.001552,0.038012,1405,1178691.2751677854,22.3015873015873,1,0,"{timeout:600,max_col_multiplier:1,age_limit:4,random_seed:3,replication:4,num_threads:128,set_partition:false}",1
e10400.json.gz,e,10,400,LagrangeTemplate,highs,LTFarkas,5,4,45739.20722222222,47976,,47976,,10,30,0.00137,0.002547,0.038572,1408,1027737.2262773723,46.93333333333333,1,0,"{timeout:600,max_col_multiplier:1,age_limit:4,random_seed:4,replication:5,num_threads:128,set_partition:false}",-1
e10400.json.gz,e,10,400,LagrangeTemplate,highs,LTFarkas,5,4,45739.20722222222,47976,4.660663665165917,47976,0,10,30,0.00137,0.002547,0.038577,1408,1027737.2262773723,11.733333333333333,1,0,"{timeout:600,max_col_multiplier:1,age_limit:4,random_seed:4,replication:5,num_threads:128,set_partition:false}",1
e10400.json.gz,e,10,400,MipTemplate,highs,MTFarkas,1,4,45739.20722222222,47018,,47018,,10,30,0.0016,0.059485,0.113473,1410,881250,47,1,0,"{timeout:600,max_col_multiplier:1,age_limit:4,random_seed:0,replication:1,num_threads:128,set_partition:false}",-1
e10400.json.gz,e,10,400,MipTemplate,highs,MTFarkas,1,4,45739.20722222222,47018,2.718107958654133,47018,0,10,30,0.0016,0.059485,0.11348,1410,881250,11.75,1,0,"{timeout:600,max_col_multiplier:1,age_limit:4,random_seed:0,replication:1,num_threads:128,set_partition:false}",1
e10400.json.gz,e,10,400,MipTemplate,highs,MTFarkas,2,4,45739.20722222222,47781,,47781,,10,30,0.001506,0.053964,0.107427,1423,944887.1181938911,47.43333333333333,1,0,"{timeout:600,max_col_multiplier:1,age_limit:4,random_seed:1,replication:2,num_threads:128,set_partition:false}",-1
e10400.json.gz,e,10,400,MipTemplate,highs,MTFarkas,2,4,45739.20722222222,47781,4.271572382327704,47781,0,10,30,0.001506,0.053964,0.107439,1423,944887.1181938911,11.858333333333333,1,0,"{timeout:600,max_col_multiplier:1,age_limit:4,random_seed:1,replication:2,num_threads:128,set_partition:false}",1
e10400.json.gz,e,10,400,MipTemplate,highs,MTFarkas,3,4,45739.20722222222,47210,,47210,,10,30,0.00144,0.063054,0.120363,1414,981944.4444444444,47.13333333333333,1,0,"{timeout:600,max_col_multiplier:1,age_limit:4,random_seed:2,replication:3,num_threads:128,set_partition:false}",-1
e10400.json.gz,e,10,400,MipTemplate,highs,MTFarkas,3,4,45739.20722222222,47210,3.1137470874814657,47210,0,10,30,0.00144,0.063054,0.120373,1414,981944.4444444444,11.783333333333333,1,0,"{timeout:600,max_col_multiplier:1,age_limit:4,random_seed:2,replication:3,num_threads:128,set_partition:false}",1
e10400.json.gz,e,10,400,MipTemplate,highs,MTFarkas,4,4,45739.20722222222,47775,,47775,,10,30,0.00186,0.060183,0.123271,1409,757526.8817204301,46.96666666666667,1,0,"{timeout:600,max_col_multiplier:1,age_limit:4,random_seed:3,replication:4,num_threads:128,set_partition:false}",-1
e10400.json.gz,e,10,400,MipTemplate,highs,MTFarkas,4,4,45739.20722222222,47775,4.259549973835688,47775,0,10,30,0.00186,0.060183,0.123281,1409,757526.8817204301,11.741666666666667,1,0,"{timeout:600,max_col_multiplier:1,age_limit:4,random_seed:3,replication:4,num_threads:128,set_partition:false}",1
e10400.json.gz,e,10,400,MipTemplate,highs,MTFarkas,5,4,45739.20722222222,47390,,47390,,10,30,0.002071,0.069189,0.124156,1409,680347.6581361662,46.96666666666667,1,0,"{timeout:600,max_col_multiplier:1,age_limit:4,random_seed:4,replication:5,num_threads:128,set_partition:false}",-1
e10400.json.gz,e,10,400,MipTemplate,highs,MTFarkas,5,4,45739.20722222222,47390,3.4817472040514876,47390,0,10,30,0.002071,0.069189,0.124168,1409,680347.6581361662,11.741666666666667,1,0,"{timeout:600,max_col_multiplier:1,age_limit:4,random_seed:4,replication:5,num_threads:128,set_partition:false}",1
e15900.json.gz,e,15,900,Dantzig,highs,DantzigFarkas,1,3,102416.60969008038,339586,,339586.00000000186,,15,44,0.005102,0.001486,0.175689,3886,761662.0932967464,88.31818181818181,1,0,"{timeout:600,max_col_multiplier:1,age_limit:296,random_seed:0,replication:1,num_threads:128,set_partition:false}",-1
e15900.json.gz,e,15,900,Dantzig,highs,DantzigFarkas,1,3,102416.60969008038,339586,69.84062947235752,339586.00000000186,0,15,44,0.005102,0.001486,0.175699,3886,761662.0932967464,29.439393939393938,1,0,"{timeout:600,max_col_multiplier:1,age_limit:296,random_seed:0,replication:1,num_threads:128,set_partition:false}",1
e15900.json.gz,e,15,900,Dantzig,highs,DantzigFarkas,2,3,102416.60969008038,344945,,344944.9999999999,,15,45,0.006322,0.001306,0.178519,3914,619107.8772540335,86.97777777777777,1,0,"{timeout:600,max_col_multiplier:1,age_limit:296,random_seed:1,replication:2,num_threads:128,set_partition:false}",-1
e15900.json.gz,e,15,900,Dantzig,highs,DantzigFarkas,2,3,102416.60969008038,344945,70.30917972430387,344944.9999999999,0,15,45,0.006322,0.001306,0.178526,3914,619107.8772540335,28.99259259259259,1,0,"{timeout:600,max_col_multiplier:1,age_limit:296,random_seed:1,replication:2,num_threads:128,set_partition:false}",1
e15900.json.gz,e,15,900,Dantzig,highs,DantzigFarkas,3,3,102416.60969008038,337920,,337920.0000000004,,15,44,0.00562,0.001178,0.176419,3917,696975.0889679715,89.02272727272727,1,0,"{timeout:600,max_col_multiplier:1,age_limit:296,random_seed:2,replication:3,num_threads:128,set_partition:false}",-1
e15900.json.gz,e,15,900,Dantzig,highs,DantzigFarkas,3,3,102416.60969008038,337920,69.69193892045455,337920.0000000004,0,15,44,0.00562,0.001178,0.176425,3917,696975.0889679715,29.674242424242422,1,0,"{timeout:600,max_col_multiplier:1,age_limit:296,random_seed:2,replication:3,num_threads:128,set_partition:false}",1
e15900.json.gz,e,15,900,Dantzig,highs,DantzigFarkas,4,3,102416.60969008038,339800,,339800,,15,44,0.005788,0.001054,0.178227,3913,676053.9046302695,88.93181818181819,1,0,"{timeout:600,max_col_multiplier:1,age_limit:296,random_seed:3,replication:4,num_threads:128,set_partition:false}",-1
e15900.json.gz,e,15,900,Dantzig,highs,DantzigFarkas,4,3,102416.60969008038,339800,69.85962330782813,339800,0,15,44,0.005788,0.001054,0.178233,3913,676053.9046302695,29.643939393939394,1,0,"{timeout:600,max_col_multiplier:1,age_limit:296,random_seed:3,replication:4,num_threads:128,set_partition:false}",1
e15900.json.gz,e,15,900,Dantzig,highs,DantzigFarkas,5,3,102416.60969008038,350990,,350989.99999999977,,15,45,0.006844,0.001223,0.179062,3923,573202.8053769725,87.17777777777778,1,0,"{timeout:600,max_col_multiplier:1,age_limit:296,random_seed:4,replication:5,num_threads:128,set_partition:false}",-1
e15900.json.gz,e,15,900,Dantzig,highs,DantzigFarkas,5,3,102416.60969008038,350990,70.82053619761247,350989.99999999977,0,15,45,0.006844,0.001223,0.179073,3923,573202.8053769725,29.05925925925926,1,0,"{timeout:600,max_col_multiplier:1,age_limit:296,random_seed:4,replication:5,num_threads:128,set_partition:false}",1
e15900.json.gz,e,15,900,LagrangeTemplate,highs,LTFarkas,1,4,102416.60969008038,inf,,108977,,18,45,0.003197,0.005373,0.174119,3873,1211448.2327181732,86.06666666666666,0,0,"{timeout:600,max_col_multiplier:1,age_limit:6,random_seed:0,replication:1,num_threads:128,set_partition:false}",-1
e15900.json.gz,e,15,900,LagrangeTemplate,highs,LTFarkas,1,4,102416.60969008038,inf,nan,108977,0,18,45,0.003197,0.005373,0.174125,3873,1211448.2327181732,21.516666666666666,0,0,"{timeout:600,max_col_multiplier:1,age_limit:6,random_seed:0,replication:1,num_threads:128,set_partition:false}",1
e15900.json.gz,e,15,900,LagrangeTemplate,highs,LTFarkas,2,4,102416.60969008038,104780,,104780,,15,46,0.003001,0.004936,0.17652,3856,1284905.0316561146,83.82608695652173,1,0,"{timeout:600,max_col_multiplier:1,age_limit:6,random_seed:1,replication:2,num_threads:128,set_partition:false}",-1
e15900.json.gz,e,15,900,LagrangeTemplate,highs,LTFarkas,2,4,102416.60969008038,104780,2.2552013743080743,104780,0,15,46,0.003001,0.004936,0.176527,3856,1284905.0316561146,20.956521739130434,1,0,"{timeout:600,max_col_multiplier:1,age_limit:6,random_seed:1,replication:2,num_threads:128,set_partition:false}",1
e15900.json.gz,e,15,900,LagrangeTemplate,highs,LTFarkas,3,4,102416.60969008038,106338,,106338,,15,49,0.003107,0.004903,0.176429,3868,1244930.801416157,78.93877551020408,1,0,"{timeout:600,max_col_multiplier:1,age_limit:6,random_seed:2,replication:3,num_threads:128,set_partition:false}",-1
e15900.json.gz,e,15,900,LagrangeTemplate,highs,LTFarkas,3,4,102416.60969008038,106338,3.687298990012978,106338,0,15,49,0.003107,0.004903,0.176436,3868,1244930.801416157,19.73469387755102,1,0,"{timeout:600,max_col_multiplier:1,age_limit:6,random_seed:2,replication:3,num_threads:128,set_partition:false}",1
e15900.json.gz,e,15,900,LagrangeTemplate,highs,LTFarkas,4,4,102416.60969008038,107204,,107204,,15,49,0.003358,0.005817,0.178009,3896,1160214.4133412747,79.51020408163265,1,0,"{timeout:600,max_col_multiplier:1,age_limit:6,random_seed:3,replication:4,num_threads:128,set_partition:false}",-1
e15900.json.gz,e,15,900,LagrangeTemplate,highs,LTFarkas,4,4,102416.60969008038,107204,4.465318458266482,107204,0,15,49,0.003358,0.005817,0.178016,3896,1160214.4133412747,19.877551020408163,1,0,"{timeout:600,max_col_multiplier:1,age_limit:6,random_seed:3,replication:4,num_threads:128,set_partition:false}",1
e15900.json.gz,e,15,900,LagrangeTemplate,highs,LTFarkas,5,4,102416.60969008038,106336,,106336,,15,47,0.003224,0.005367,0.175925,3884,1204714.6401985113,82.63829787234043,1,0,"{timeout:600,max_col_multiplier:1,age_limit:6,random_seed:4,replication:5,num_threads:128,set_partition:false}",-1
e15900.json.gz,e,15,900,LagrangeTemplate,highs,LTFarkas,5,4,102416.60969008038,106336,3.6854875112849834,106336,0,15,47,0.003224,0.005367,0.175932,3884,1204714.6401985113,20.659574468085108,1,0,"{timeout:600,max_col_multiplier:1,age_limit:6,random_seed:4,replication:5,num_threads:128,set_partition:false}",1
e15900.json.gz,e,15,900,MipTemplate,highs,MTFarkas,1,7,102416.60969008038,105217,,105217,,15,90,0.008976,0.226409,0.418762,3864,430481.2834224599,42.93333333333333,1,0,"{timeout:600,max_col_multiplier:1,age_limit:6,random_seed:0,replication:1,num_threads:128,set_partition:false}",-1
e15900.json.gz,e,15,900,MipTemplate,highs,MTFarkas,1,7,102416.60969008038,105217,2.6611669216951634,105217,0,15,90,0.008976,0.226409,0.418777,3864,430481.2834224599,6.133333333333333,1,0,"{timeout:600,max_col_multiplier:1,age_limit:6,random_seed:0,replication:1,num_threads:128,set_partition:false}",1
e15900.json.gz,e,15,900,MipTemplate,highs,MTFarkas,2,6,102416.60969008038,105151,,105151,,15,75,0.005424,0.191185,0.373048,3865,712573.7463126844,51.53333333333333,1,0,"{timeout:600,max_col_multiplier:1,age_limit:6,random_seed:1,replication:2,num_threads:128,set_partition:false}",-1
e15900.json.gz,e,15,900,MipTemplate,highs,MTFarkas,2,6,102416.60969008038,105151,2.600070374984546,105151,0,15,75,0.005424,0.191185,0.373066,3865,712573.7463126844,8.588888888888889,1,0,"{timeout:600,max_col_multiplier:1,age_limit:6,random_seed:1,replication:2,num_threads:128,set_partition:false}",1
e15900.json.gz,e,15,900,MipTemplate,highs,MTFarkas,3,6,102416.60969008038,105089,,105089,,15,75,0.005485,0.18778,0.374272,3872,705925.2506836827,51.626666666666665,1,0,"{timeout:600,max_col_multiplier:1,age_limit:6,random_seed:2,replication:3,num_threads:128,set_partition:false}",-1
e15900.json.gz,e,15,900,MipTemplate,highs,MTFarkas,3,6,102416.60969008038,105089,2.542606742856055,105089,0,15,75,0.005485,0.18778,0.374285,3872,705925.2506836827,8.604444444444445,1,0,"{timeout:600,max_col_multiplier:1,age_limit:6,random_seed:2,replication:3,num_threads:128,set_partition:false}",1
e15900.json.gz,e,15,900,MipTemplate,highs,MTFarkas,4,7,102416.60969008038,105087,,105087,,15,90,0.008205,0.204606,0.399645,3895,474710.54235222423,43.27777777777778,1,0,"{timeout:600,max_col_multiplier:1,age_limit:6,random_seed:3,replication:4,num_threads:128,set_partition:false}",-1
e15900.json.gz,e,15,900,MipTemplate,highs,MTFarkas,4,7,102416.60969008038,105087,2.540751948385623,105087,0,15,90,0.008205,0.204606,0.399665,3895,474710.54235222423,6.182539682539683,1,0,"{timeout:600,max_col_multiplier:1,age_limit:6,random_seed:3,replication:4,num_threads:128,set_partition:false}",1
e15900.json.gz,e,15,900,MipTemplate,highs,MTFarkas,5,7,102416.60969008038,105582,,105582,,15,90,0.008117,0.250791,0.44641,3895,479857.0900579032,43.27777777777778,1,0,"{timeout:600,max_col_multiplier:1,age_limit:6,random_seed:4,replication:5,num_threads:128,set_partition:false}",-1
e15900.json.gz,e,15,900,MipTemplate,highs,MTFarkas,5,7,102416.60969008038,105582,2.9976700573961472,105582,0,15,90,0.008117,0.250791,0.446425,3895,479857.0900579032,6.182539682539683,1,0,"{timeout:600,max_col_multiplier:1,age_limit:6,random_seed:4,replication:5,num_threads:128,set_partition:false}",1
e20100.json.gz,e,20,100,Dantzig,highs,DantzigFarkas,1,2,8359.582040205076,33797,,33797.00000000001,,20,40,0.000555,0.00059,0.01463,584,1052252.252252252,14.6,1,0,"{timeout:600,max_col_multiplier:1,age_limit:4,random_seed:0,replication:1,num_threads:128,set_partition:false}",-1
e20100.json.gz,e,20,100,Dantzig,highs,DantzigFarkas,1,2,8359.582040205076,33797,75.26407669319762,33797.00000000001,0,20,40,0.000555,0.00059,0.014636,584,1052252.252252252,7.3,1,0,"{timeout:600,max_col_multiplier:1,age_limit:4,random_seed:0,replication:1,num_threads:128,set_partition:false}",1
e20100.json.gz,e,20,100,Dantzig,highs,DantzigFarkas,2,2,8359.582040205076,33797,,33796.99999999999,,20,40,0.000748,0.000754,0.015028,600,802139.0374331551,15,1,0,"{timeout:600,max_col_multiplier:1,age_limit:4,random_seed:1,replication:2,num_threads:128,set_partition:false}",-1
e20100.json.gz,e,20,100,Dantzig,highs,DantzigFarkas,2,2,8359.582040205076,33797,75.26407669319762,33796.99999999999,0,20,40,0.000748,0.000754,0.015033,600,802139.0374331551,7.5,1,0,"{timeout:600,max_col_multiplier:1,age_limit:4,random_seed:1,replication:2,num_threads:128,set_partition:false}",1
e20100.json.gz,e,20,100,Dantzig,highs,DantzigFarkas,3,2,8359.582040205076,33797,,33797,,20,40,0.000688,0.000692,0.015072,602,875000,15.05,1,0,"{timeout:600,max_col_multiplier:1,age_limit:4,random_seed:2,replication:3,num_threads:128,set_partition:false}",-1
e20100.json.gz,e,20,100,Dantzig,highs,DantzigFarkas,3,2,8359.582040205076,33797,75.26407669319762,33797,0,20,40,0.000688,0.000692,0.015077,602,875000,7.525,1,0,"{timeout:600,max_col_multiplier:1,age_limit:4,random_seed:2,replication:3,num_threads:128,set_partition:false}",1
e20100.json.gz,e,20,100,Dantzig,highs,DantzigFarkas,4,2,8359.582040205076,33797,,33797,,20,40,0.00075,0.000578,0.014901,608,810666.6666666666,15.2,1,0,"{timeout:600,max_col_multiplier:1,age_limit:4,random_seed:3,replication:4,num_threads:128,set_partition:false}",-1
e20100.json.gz,e,20,100,Dantzig,highs,DantzigFarkas,4,2,8359.582040205076,33797,75.26407669319762,33797,0,20,40,0.00075,0.000578,0.014908,608,810666.6666666666,7.6,1,0,"{timeout:600,max_col_multiplier:1,age_limit:4,random_seed:3,replication:4,num_threads:128,set_partition:false}",1
e20100.json.gz,e,20,100,Dantzig,highs,DantzigFarkas,5,2,8359.582040205076,33797,,33797,,20,40,0.000611,0.000614,0.015023,584,955810.147299509,14.6,1,0,"{timeout:600,max_col_multiplier:1,age_limit:4,random_seed:4,replication:5,num_threads:128,set_partition:false}",-1
e20100.json.gz,e,20,100,Dantzig,highs,DantzigFarkas,5,2,8359.582040205076,33797,75.26407669319762,33797,0,20,40,0.000611,0.000614,0.015029,584,955810.147299509,7.3,1,0,"{timeout:600,max_col_multiplier:1,age_limit:4,random_seed:4,replication:5,num_threads:128,set_partition:false}",1
e20100.json.gz,e,20,100,LagrangeTemplate,highs,LTFarkas,1,3,8359.582040205076,11008,,11008,,20,43,0.000522,0.000987,0.01481,585,1120689.6551724137,13.604651162790697,1,0,"{timeout:600,max_col_multiplier:1,age_limit:2,random_seed:0,replication:1,num_threads:128,set_partition:false}",-1
e20100.json.gz,e,20,100,LagrangeTemplate,highs,LTFarkas,1,3,8359.582040205076,11008,24.055232558139537,11008,0,20,43,0.000522,0.000987,0.014817,585,1120689.6551724137,4.534883720930233,1,0,"{timeout:600,max_col_multiplier:1,age_limit:2,random_seed:0,replication:1,num_threads:128,set_partition:false}",1
e20100.json.gz,e,20,100,LagrangeTemplate,highs,LTFarkas,2,3,8359.582040205076,12218.000000000386,,12218,,20,41,0.000933,0.001273,0.015658,587,629153.2690246516,14.317073170731707,1,0,"{timeout:600,max_col_multiplier:1,age_limit:2,random_seed:1,replication:2,num_threads:128,set_partition:false}",-1
e20100.json.gz,e,20,100,LagrangeTemplate,highs,LTFarkas,2,3,8359.582040205076,12218.000000000386,31.576362743495366,12218,0,20,41,0.000933,0.001273,0.015669,587,629153.2690246516,4.772357723577236,1,0,"{timeout:600,max_col_multiplier:1,age_limit:2,random_seed:1,replication:2,num_threads:128,set_partition:false}",1
e20100.json.gz,e,20,100,LagrangeTemplate,highs,LTFarkas,3,3,8359.582040205076,11008,,11008,,20,41,0.000693,0.00121,0.015241,584,842712.8427128426,14.24390243902439,1,0,"{timeout:600,max_col_multiplier:1,age_limit:2,random_seed:2,replication:3,num_threads:128,set_partition:false}",-1
e20100.json.gz,e,20,100,LagrangeTemplate,highs,LTFarkas,3,3,8359.582040205076,11008,24.055232558139537,11008,0,20,41,0.000693,0.00121,0.01525,584,842712.8427128426,4.747967479674797,1,0,"{timeout:600,max_col_multiplier:1,age_limit:2,random_seed:2,replication:3,num_threads:128,set_partition:false}",1
e20100.json.gz,e,20,100,LagrangeTemplate,highs,LTFarkas,4,3,8359.582040205076,12230,,12230,,20,41,0.000535,0.001096,0.014903,583,1089719.6261682243,14.21951219512195,1,0,"{timeout:600,max_col_multiplier:1,age_limit:2,random_seed:3,replication:4,num_threads:128,set_partition:false}",-1
e20100.json.gz,e,20,100,LagrangeTemplate,highs,LTFarkas,4,3,8359.582040205076,12230,31.643499591169256,12230,0,20,41,0.000535,0.001096,0.014909,583,1089719.6261682243,4.739837398373983,1,0,"{timeout:600,max_col_multiplier:1,age_limit:2,random_seed:3,replication:4,num_threads:128,set_partition:false}",1
e20100.json.gz,e,20,100,LagrangeTemplate,highs,LTFarkas,5,3,8359.582040205076,11008,,11008,,20,41,0.000507,0.001013,0.014646,586,1155818.540433925,14.292682926829269,1,0,"{timeout:600,max_col_multiplier:1,age_limit:2,random_seed:4,replication:5,num_threads:128,set_partition:false}",-1
e20100.json.gz,e,20,100,LagrangeTemplate,highs,LTFarkas,5,3,8359.582040205076,11008,24.055232558139537,11008,0,20,41,0.000507,0.001013,0.014652,586,1155818.540433925,4.764227642276423,1,0,"{timeout:600,max_col_multiplier:1,age_limit:2,random_seed:4,replication:5,num_threads:128,set_partition:false}",1
e20100.json.gz,e,20,100,MipTemplate,highs,MTFarkas,1,4,8359.582040205076,11733,,11733,,20,60,0.001109,0.088073,0.121981,592,533814.2470694319,9.866666666666667,1,0,"{timeout:600,max_col_multiplier:1,age_limit:2,random_seed:0,replication:1,num_threads:128,set_partition:false}",-1
e20100.json.gz,e,20,100,MipTemplate,highs,MTFarkas,1,4,8359.582040205076,11733,28.747975794766894,11733,0,20,60,0.001109,0.088073,0.121998,592,533814.2470694319,2.466666666666667,1,0,"{timeout:600,max_col_multiplier:1,age_limit:2,random_seed:0,replication:1,num_threads:128,set_partition:false}",1
e20100.json.gz,e,20,100,MipTemplate,highs,MTFarkas,2,4,8359.582040205076,11434,,11434,,20,60,0.001362,0.079428,0.112664,598,439060.2055800294,9.966666666666667,1,0,"{timeout:600,max_col_multiplier:1,age_limit:2,random_seed:1,replication:2,num_threads:128,set_partition:false}",-1
e20100.json.gz,e,20,100,MipTemplate,highs,MTFarkas,2,4,8359.582040205076,11434,26.884729753367147,11434,0,20,60,0.001362,0.079428,0.112684,598,439060.2055800294,2.4916666666666667,1,0,"{timeout:600,max_col_multiplier:1,age_limit:2,random_seed:1,replication:2,num_threads:128,set_partition:false}",1
e20100.json.gz,e,20,100,MipTemplate,highs,MTFarkas,3,4,8359.582040205076,10441,,10441,,20,60,0.001124,0.071136,0.104752,592,526690.3914590747,9.866666666666667,1,0,"{timeout:600,max_col_multiplier:1,age_limit:2,random_seed:2,replication:3,num_threads:128,set_partition:false}",-1
e20100.json.gz,e,20,100,MipTemplate,highs,MTFarkas,3,4,8359.582040205076,10441,19.93104108801839,10441,0,20,60,0.001124,0.071136,0.104766,592,526690.3914590747,2.466666666666667,1,0,"{timeout:600,max_col_multiplier:1,age_limit:2,random_seed:2,replication:3,num_threads:128,set_partition:false}",1
e20100.json.gz,e,20,100,MipTemplate,highs,MTFarkas,4,5,8359.582040205076,9759,,9759,,20,80,0.00167,0.11213,0.14619,601,359880.2395209581,7.5125,1,0,"{timeout:600,max_col_multiplier:1,age_limit:2,random_seed:3,replication:4,num_threads:128,set_partition:false}",-1
e20100.json.gz,e,20,100,MipTemplate,highs,MTFarkas,4,5,8359.582040205076,9759,14.335485193155037,9759,0,20,80,0.00167,0.11213,0.146206,601,359880.2395209581,1.5025,1,0,"{timeout:600,max_col_multiplier:1,age_limit:2,random_seed:3,replication:4,num_threads:128,set_partition:false}",1
e20100.json.gz,e,20,100,MipTemplate,highs,MTFarkas,5,4,8359.582040205076,9919,,9919,,20,60,0.001035,0.081076,0.107365,591,571014.4927536233,9.85,1,0,"{timeout:600,max_col_multiplier:1,age_limit:2,random_seed:4,replication:5,num_threads:128,set_partition:false}",-1
e20100.json.gz,e,20,100,MipTemplate,highs,MTFarkas,5,4,8359.582040205076,9919,15.717310212723056,9919,0,20,60,0.001035,0.081076,0.107378,591,571014.4927536233,2.4625,1,0,"{timeout:600,max_col_multiplier:1,age_limit:2,random_seed:4,replication:5,num_threads:128,set_partition:false}",1
e201600.json.gz,e,20,1600,Dantzig,highs,DantzigFarkas,1,3,180640.29180045356,679467,,679467.0000000006,,20,60,0.010724,0.001884,0.532483,7573,706173.0697500933,126.21666666666667,1,0,"{timeout:600,max_col_multiplier:1,age_limit:525,random_seed:0,replication:1,num_threads:128,set_partition:false}",-1
e201600.json.gz,e,20,1600,Dantzig,highs,DantzigFarkas,1,3,180640.29180045356,679467,73.41430856833371,679467.0000000006,0,20,60,0.010724,0.001884,0.532492,7573,706173.0697500933,42.07222222222222,1,0,"{timeout:600,max_col_multiplier:1,age_limit:525,random_seed:0,replication:1,num_threads:128,set_partition:false}",1
e201600.json.gz,e,20,1600,Dantzig,highs,DantzigFarkas,2,3,180640.29180045356,675488,,675488.0000000062,,20,60,0.015517,0.001751,0.534567,7632,491847.65096345945,127.2,1,0,"{timeout:600,max_col_multiplier:1,age_limit:525,random_seed:1,replication:2,num_threads:128,set_partition:false}",-1
e201600.json.gz,e,20,1600,Dantzig,highs,DantzigFarkas,2,3,180640.29180045356,675488,73.25770405987967,675488.0000000062,0,20,60,0.015517,0.001751,0.534576,7632,491847.65096345945,42.4,1,0,"{timeout:600,max_col_multiplier:1,age_limit:525,random_seed:1,replication:2,num_threads:128,set_partition:false}",1
e201600.json.gz,e,20,1600,Dantzig,highs,DantzigFarkas,3,3,180640.29180045356,682524,,682523.9999999999,,20,60,0.010849,0.001461,0.527977,7550,695916.6743478662,125.83333333333333,1,0,"{timeout:600,max_col_multiplier:1,age_limit:525,random_seed:2,replication:3,num_threads:128,set_partition:false}",-1
e201600.json.gz,e,20,1600,Dantzig,highs,DantzigFarkas,3,3,180640.29180045356,682524,73.53338490661135,682523.9999999999,0,20,60,0.010849,0.001461,0.527984,7550,695916.6743478662,41.94444444444444,1,0,"{timeout:600,max_col_multiplier:1,age_limit:525,random_seed:2,replication:3,num_threads:128,set_partition:false}",1
e201600.json.gz,e,20,1600,Dantzig,highs,DantzigFarkas,4,3,180640.29180045356,669859,,669859.0000000017,,20,60,0.010179,0.001525,0.530435,7556,742312.6043815699,125.93333333333334,1,0,"{timeout:600,max_col_multiplier:1,age_limit:525,random_seed:3,replication:4,num_threads:128,set_partition:false}",-1
e201600.json.gz,e,20,1600,Dantzig,highs,DantzigFarkas,4,3,180640.29180045356,669859,73.03298156776276,669859.0000000017,0,20,60,0.010179,0.001525,0.530442,7556,742312.6043815699,41.97777777777778,1,0,"{timeout:600,max_col_multiplier:1,age_limit:525,random_seed:3,replication:4,num_threads:128,set_partition:false}",1
e201600.json.gz,e,20,1600,Dantzig,highs,DantzigFarkas,5,3,180640.29180045356,677746,,677746.0000000001,,20,60,0.011226,0.001537,0.528108,7577,674951.0065918404,126.28333333333333,1,0,"{timeout:600,max_col_multiplier:1,age_limit:525,random_seed:4,replication:5,num_threads:128,set_partition:false}",-1
e201600.json.gz,e,20,1600,Dantzig,highs,DantzigFarkas,5,3,180640.29180045356,677746,73.34679953847017,677746.0000000001,0,20,60,0.011226,0.001537,0.528116,7577,674951.0065918404,42.09444444444444,1,0,"{timeout:600,max_col_multiplier:1,age_limit:525,random_seed:4,replication:5,num_threads:128,set_partition:false}",1
e201600.json.gz,e,20,1600,LagrangeTemplate,highs,LTFarkas,1,4,180640.29180045356,inf,,192593,,26,60,0.005398,0.009992,0.524834,7545,1397739.9036680253,125.75,0,0,"{timeout:600,max_col_multiplier:1,age_limit:8,random_seed:0,replication:1,num_threads:128,set_partition:false}",-1
e201600.json.gz,e,20,1600,LagrangeTemplate,highs,LTFarkas,1,4,180640.29180045356,inf,nan,192593,0,26,60,0.005398,0.009992,0.524841,7545,1397739.9036680253,31.4375,0,0,"{timeout:600,max_col_multiplier:1,age_limit:8,random_seed:0,replication:1,num_threads:128,set_partition:false}",1
e201600.json.gz,e,20,1600,LagrangeTemplate,highs,LTFarkas,2,4,180640.29180045356,188680,,188680,,20,64,0.005846,0.008022,0.521658,7584,1297297.2972972973,118.5,1,0,"{timeout:600,max_col_multiplier:1,age_limit:8,random_seed:1,replication:2,num_threads:128,set_partition:false}",-1
e201600.json.gz,e,20,1600,LagrangeTemplate,highs,LTFarkas,2,4,180640.29180045356,188680,4.26065295738817,188680,0,20,64,0.005846,0.008022,0.521666,7584,1297297.2972972973,29.625,1,0,"{timeout:600,max_col_multiplier:1,age_limit:8,random_seed:1,replication:2,num_threads:128,set_partition:false}",1
e201600.json.gz,e,20,1600,LagrangeTemplate,highs,LTFarkas,3,5,180640.29180045356,187210,,187210,,20,83,0.007118,0.011408,0.528067,7579,1064765.3835347008,91.3132530120482,1,0,"{timeout:600,max_col_multiplier:1,age_limit:8,random_seed:2,replication:3,num_threads:128,set_partition:false}",-1
e201600.json.gz,e,20,1600,LagrangeTemplate,highs,LTFarkas,3,5,180640.29180045356,187210,3.508893755675445,187210,0,20,83,0.007118,0.011408,0.528074,7579,1064765.3835347008,18.26265060240964,1,0,"{timeout:600,max_col_multiplier:1,age_limit:8,random_seed:2,replication:3,num_threads:128,set_partition:false}",1
e201600.json.gz,e,20,1600,LagrangeTemplate,highs,LTFarkas,4,4,180640.29180045356,187928,,187928,,20,64,0.005344,0.010337,0.523118,7537,1410366.766467066,117.765625,1,0,"{timeout:600,max_col_multiplier:1,age_limit:8,random_seed:3,replication:4,num_threads:128,set_partition:false}",-1
e201600.json.gz,e,20,1600,LagrangeTemplate,highs,LTFarkas,4,4,180640.29180045356,187928,3.877548848495169,187928,0,20,64,0.005344,0.010337,0.523124,7537,1410366.766467066,29.44140625,1,0,"{timeout:600,max_col_multiplier:1,age_limit:8,random_seed:3,replication:4,num_threads:128,set_partition:false}",1
e201600.json.gz,e,20,1600,LagrangeTemplate,highs,LTFarkas,5,5,180640.29180045356,191210,,191210,,20,86,0.007927,0.010963,0.528254,7640,963794.6259619023,88.83720930232558,1,0,"{timeout:600,max_col_multiplier:1,age_limit:8,random_seed:4,replication:5,num_threads:128,set_partition:false}",-1
e201600.json.gz,e,20,1600,LagrangeTemplate,highs,LTFarkas,5,5,180640.29180045356,191210,5.5274305737147635,191210,0,20,86,0.007927,0.010963,0.52826,7640,963794.6259619023,17.767441860465116,1,0,"{timeout:600,max_col_multiplier:1,age_limit:8,random_seed:4,replication:5,num_threads:128,set_partition:false}",1
e201600.json.gz,e,20,1600,MipTemplate,highs,MTFarkas,1,6,180640.29180045356,188234,,188234,,20,100,0.010753,0.230904,0.762714,7547,701850.6463312564,75.47,1,0,"{timeout:600,max_col_multiplier:1,age_limit:8,random_seed:0,replication:1,num_threads:128,set_partition:false}",-1
e201600.json.gz,e,20,1600,MipTemplate,highs,MTFarkas,1,6,180640.29180045356,188234,4.033808982436754,188234,0,20,100,0.010753,0.230904,0.762733,7547,701850.6463312564,12.578333333333333,1,0,"{timeout:600,max_col_multiplier:1,age_limit:8,random_seed:0,replication:1,num_threads:128,set_partition:false}",1
e201600.json.gz,e,20,1600,MipTemplate,highs,MTFarkas,2,8,180640.29180045356,186829,,186829,,20,140,0.018372,0.332097,0.875747,7582,412693.2288264751,54.15714285714286,1,0,"{timeout:600,max_col_multiplier:1,age_limit:8,random_seed:1,replication:2,num_threads:128,set_partition:false}",-1
e201600.json.gz,e,20,1600,MipTemplate,highs,MTFarkas,2,8,180640.29180045356,186829,3.3121196388141025,186829,0,20,140,0.018372,0.332097,0.875764,7582,412693.2288264751,6.769642857142857,1,0,"{timeout:600,max_col_multiplier:1,age_limit:8,random_seed:1,replication:2,num_threads:128,set_partition:false}",1
e201600.json.gz,e,20,1600,MipTemplate,highs,MTFarkas,3,9,180640.29180045356,187014,,187014,,20,161,0.019117,0.436438,0.98095,7581,396558.03734895645,47.08695652173913,1,0,"{timeout:600,max_col_multiplier:1,age_limit:8,random_seed:2,replication:3,num_threads:128,set_partition:false}",-1
e201600.json.gz,e,20,1600,MipTemplate,highs,MTFarkas,3,9,180640.29180045356,187014,3.4077662634882953,187014,0,20,161,0.019117,0.436438,0.98096,7581,396558.03734895645,5.231884057971015,1,0,"{timeout:600,max_col_multiplier:1,age_limit:8,random_seed:2,replication:3,num_threads:128,set_partition:false}",1
e201600.json.gz,e,20,1600,MipTemplate,highs,MTFarkas,4,6,180640.29180045356,188177,,188177,,20,101,0.010497,0.222832,0.758883,7537,718014.6708583406,74.62376237623762,1,0,"{timeout:600,max_col_multiplier:1,age_limit:8,random_seed:3,replication:4,num_threads:128,set_partition:false}",-1
e201600.json.gz,e,20,1600,MipTemplate,highs,MTFarkas,4,6,180640.29180045356,188177,4.004740217986258,188177,0,20,101,0.010497,0.222832,0.758901,7537,718014.6708583406,12.437293729372938,1,0,"{timeout:600,max_col_multiplier:1,age_limit:8,random_seed:3,replication:4,num_threads:128,set_partition:false}",1
e201600.json.gz,e,20,1600,MipTemplate,highs,MTFarkas,5,10,180640.29180045356,185401,,185401,,20,181,0.027434,0.48205,1.036871,7645,278668.8051323176,42.23756906077348,1,0,"{timeout:600,max_col_multiplier:1,age_limit:8,random_seed:4,replication:5,num_threads:128,set_partition:false}",-1
e201600.json.gz,e,20,1600,MipTemplate,highs,MTFarkas,5,10,180640.29180045356,185401,2.56740794278348,185401,0,20,181,0.027434,0.48205,1.036885,7645,278668.8051323176,4.223756906077348,1,0,"{timeout:600,max_col_multiplier:1,age_limit:8,random_seed:4,replication:5,num_threads:128,set_partition:false}",1
e20200.json.gz,e,20,200,Dantzig,highs,DantzigFarkas,1,2,22355.93384940954,82960,,82959.99999999999,,20,40,0.000986,0.000545,0.037871,1260,1277890.4665314404,31.5,1,0,"{timeout:600,max_col_multiplier:1,age_limit:10,random_seed:0,replication:1,num_threads:128,set_partition:false}",-1
e20200.json.gz,e,20,200,Dantzig,highs,DantzigFarkas,1,2,22355.93384940954,82960,73.05207328833173,82959.99999999999,0,20,40,0.000986,0.000545,0.037877,1260,1277890.4665314404,15.75,1,0,"{timeout:600,max_col_multiplier:1,age_limit:10,random_seed:0,replication:1,num_threads:128,set_partition:false}",1
e20200.json.gz,e,20,200,Dantzig,highs,DantzigFarkas,2,2,22355.93384940954,82960,,82959.99999999991,,20,40,0.001441,0.000719,0.038492,1279,887578.0707841776,31.975,1,0,"{timeout:600,max_col_multiplier:1,age_limit:10,random_seed:1,replication:2,num_threads:128,set_partition:false}",-1
e20200.json.gz,e,20,200,Dantzig,highs,DantzigFarkas,2,2,22355.93384940954,82960,73.05207328833173,82959.99999999991,0,20,40,0.001441,0.000719,0.038498,1279,887578.0707841776,15.9875,1,0,"{timeout:600,max_col_multiplier:1,age_limit:10,random_seed:1,replication:2,num_threads:128,set_partition:false}",1
e20200.json.gz,e,20,200,Dantzig,highs,DantzigFarkas,3,2,22355.93384940954,82960,,82960.00000000013,,20,40,0.000863,0.000568,0.038612,1255,1454229.4322132096,31.375,1,0,"{timeout:600,max_col_multiplier:1,age_limit:10,random_seed:2,replication:3,num_threads:128,set_partition:false}",-1
e20200.json.gz,e,20,200,Dantzig,highs,DantzigFarkas,3,2,22355.93384940954,82960,73.05207328833173,82960.00000000013,0,20,40,0.000863,0.000568,0.038618,1255,1454229.4322132096,15.6875,1,0,"{timeout:600,max_col_multiplier:1,age_limit:10,random_seed:2,replication:3,num_threads:128,set_partition:false}",1
e20200.json.gz,e,20,200,Dantzig,highs,DantzigFarkas,4,2,22355.93384940954,82960,,82960,,20,40,0.001246,0.000463,0.038245,1274,1022471.9101123596,31.85,1,0,"{timeout:600,max_col_multiplier:1,age_limit:10,random_seed:3,replication:4,num_threads:128,set_partition:false}",-1
e20200.json.gz,e,20,200,Dantzig,highs,DantzigFarkas,4,2,22355.93384940954,82960,73.05207328833173,82960,0,20,40,0.001246,0.000463,0.038251,1274,1022471.9101123596,15.925,1,0,"{timeout:600,max_col_multiplier:1,age_limit:10,random_seed:3,replication:4,num_threads:128,set_partition:false}",1
e20200.json.gz,e,20,200,Dantzig,highs,DantzigFarkas,5,2,22355.93384940954,82960,,82960.00000000003,,20,40,0.000965,0.000542,0.03819,1256,1301554.4041450776,31.4,1,0,"{timeout:600,max_col_multiplier:1,age_limit:10,random_seed:4,replication:5,num_threads:128,set_partition:false}",-1
e20200.json.gz,e,20,200,Dantzig,highs,DantzigFarkas,5,2,22355.93384940954,82960,73.05207328833173,82960.00000000003,0,20,40,0.000965,0.000542,0.038198,1256,1301554.4041450776,15.7,1,0,"{timeout:600,max_col_multiplier:1,age_limit:10,random_seed:4,replication:5,num_threads:128,set_partition:false}",1
e20200.json.gz,e,20,200,LagrangeTemplate,highs,LTFarkas,1,3,22355.93384940954,inf,,32729.5,,25,40,0.000876,0.001,0.037573,1259,1437214.6118721461,31.475,0,0,"{timeout:600,max_col_multiplier:1,age_limit:2,random_seed:0,replication:1,num_threads:128,set_partition:false}",-1
e20200.json.gz,e,20,200,LagrangeTemplate,highs,LTFarkas,1,3,22355.93384940954,inf,nan,32729.5,0,25,40,0.000876,0.001,0.037578,1259,1437214.6118721461,10.491666666666667,0,0,"{timeout:600,max_col_multiplier:1,age_limit:2,random_seed:0,replication:1,num_threads:128,set_partition:false}",1
e20200.json.gz,e,20,200,LagrangeTemplate,highs,LTFarkas,2,3,22355.93384940954,inf,,34458.5,,25,40,0.000757,0.000926,0.037516,1258,1661822.9854689564,31.45,0,0,"{timeout:600,max_col_multiplier:1,age_limit:2,random_seed:1,replication:2,num_threads:128,set_partition:false}",-1
e20200.json.gz,e,20,200,LagrangeTemplate,highs,LTFarkas,2,3,22355.93384940954,inf,nan,34458.5,0,25,40,0.000757,0.000926,0.037522,1258,1661822.9854689564,10.483333333333333,0,0,"{timeout:600,max_col_multiplier:1,age_limit:2,random_seed:1,replication:2,num_threads:128,set_partition:false}",1
e20200.json.gz,e,20,200,LagrangeTemplate,highs,LTFarkas,3,3,22355.93384940954,25982,,25982,,20,42,0.000735,0.001034,0.037723,1251,1702040.8163265307,29.785714285714285,1,0,"{timeout:600,max_col_multiplier:1,age_limit:2,random_seed:2,replication:3,num_threads:128,set_partition:false}",-1
e20200.json.gz,e,20,200,LagrangeTemplate,highs,LTFarkas,3,3,22355.93384940954,25982,13.955815564621663,25982,0,20,42,0.000735,0.001034,0.037728,1251,1702040.8163265307,9.928571428571429,1,0,"{timeout:600,max_col_multiplier:1,age_limit:2,random_seed:2,replication:3,num_threads:128,set_partition:false}",1
e20200.json.gz,e,20,200,LagrangeTemplate,highs,LTFarkas,4,3,22355.93384940954,28619,,28619,,20,45,0.000756,0.000965,0.037514,1258,1664021.164021164,27.955555555555556,1,0,"{timeout:600,max_col_multiplier:1,age_limit:2,random_seed:3,replication:4,num_threads:128,set_partition:false}",-1
e20200.json.gz,e,20,200,LagrangeTemplate,highs,LTFarkas,4,3,22355.93384940954,28619,21.884063035046648,28619,0,20,45,0.000756,0.000965,0.03752,1258,1664021.164021164,9.318518518518518,1,0,"{timeout:600,max_col_multiplier:1,age_limit:2,random_seed:3,replication:4,num_threads:128,set_partition:false}",1
e20200.json.gz,e,20,200,LagrangeTemplate,highs,LTFarkas,5,3,22355.93384940954,27260,,27260,,20,42,0.000946,0.000863,0.038036,1257,1328752.642706131,29.928571428571427,1,0,"{timeout:600,max_col_multiplier:1,age_limit:2,random_seed:4,replication:5,num_threads:128,set_partition:false}",-1
e20200.json.gz,e,20,200,LagrangeTemplate,highs,LTFarkas,5,3,22355.93384940954,27260,17.989728539985325,27260,0,20,42,0.000946,0.000863,0.038041,1257,1328752.642706131,9.976190476190476,1,0,"{timeout:600,max_col_multiplier:1,age_limit:2,random_seed:4,replication:5,num_threads:128,set_partition:false}",1
e20200.json.gz,e,20,200,MipTemplate,highs,MTFarkas,1,4,22355.93384940954,27395,,27395,,20,60,0.000985,0.059111,0.121406,1260,1279187.8172588833,21,1,0,"{timeout:600,max_col_multiplier:1,age_limit:2,random_seed:0,replication:1,num_threads:128,set_partition:false}",-1
e20200.json.gz,e,20,200,MipTemplate,highs,MTFarkas,1,4,22355.93384940954,27395,18.39386749406826,27395,0,20,60,0.000985,0.059111,0.121413,1260,1279187.8172588833,5.25,1,0,"{timeout:600,max_col_multiplier:1,age_limit:2,random_seed:0,replication:1,num_threads:128,set_partition:false}",1
e20200.json.gz,e,20,200,MipTemplate,highs,MTFarkas,2,4,22355.93384940954,28598,,28598,,20,60,0.001007,0.063916,0.127563,1262,1253227.4081429988,21.033333333333335,1,0,"{timeout:600,max_col_multiplier:1,age_limit:2,random_seed:1,replication:2,num_threads:128,set_partition:false}",-1
e20200.json.gz,e,20,200,MipTemplate,highs,MTFarkas,2,4,22355.93384940954,28598,21.82670116791384,28598,0,20,60,0.001007,0.063916,0.127576,1262,1253227.4081429988,5.258333333333334,1,0,"{timeout:600,max_col_multiplier:1,age_limit:2,random_seed:1,replication:2,num_threads:128,set_partition:false}",1
e20200.json.gz,e,20,200,MipTemplate,highs,MTFarkas,3,4,22355.93384940954,25737,,25737,,20,60,0.000951,0.062462,0.122758,1253,1317560.4626708727,20.883333333333333,1,0,"{timeout:600,max_col_multiplier:1,age_limit:2,random_seed:2,replication:3,num_threads:128,set_partition:false}",-1
e20200.json.gz,e,20,200,MipTemplate,highs,MTFarkas,3,4,22355.93384940954,25737,13.136729222520108,25737,0,20,60,0.000951,0.062462,0.122764,1253,1317560.4626708727,5.220833333333333,1,0,"{timeout:600,max_col_multiplier:1,age_limit:2,random_seed:2,replication:3,num_threads:128,set_partition:false}",1
e20200.json.gz,e,20,200,MipTemplate,highs,MTFarkas,4,4,22355.93384940954,27638,,27638,,20,60,0.001223,0.068075,0.127512,1264,1033524.1210139003,21.066666666666666,1,0,"{timeout:600,max_col_multiplier:1,age_limit:2,random_seed:3,replication:4,num_threads:128,set_partition:false}",-1
e20200.json.gz,e,20,200,MipTemplate,highs,MTFarkas,4,4,22355.93384940954,27638,19.111368405818077,27638,0,20,60,0.001223,0.068075,0.127518,1264,1033524.1210139003,5.266666666666667,1,0,"{timeout:600,max_col_multiplier:1,age_limit:2,random_seed:3,replication:4,num_threads:128,set_partition:false}",1
e20200.json.gz,e,20,200,MipTemplate,highs,MTFarkas,5,4,22355.93384940954,26706,,26706,,20,60,0.001222,0.054795,0.11605,1257,1028641.5711947627,20.95,1,0,"{timeout:600,max_col_multiplier:1,age_limit:2,random_seed:4,replication:5,num_threads:128,set_partition:false}",-1
e20200.json.gz,e,20,200,MipTemplate,highs,MTFarkas,5,4,22355.93384940954,26706,16.288474500112336,26706,0,20,60,0.001222,0.054795,0.116059,1257,1028641.5711947627,5.2375,1,0,"{timeout:600,max_col_multiplier:1,age_limit:2,random_seed:4,replication:5,num_threads:128,set_partition:false}",1
e20400.json.gz,e,20,400,Dantzig,highs,DantzigFarkas,1,3,44861.76164021163,192851,,192851.00000000006,,20,60,0.003084,0.001214,0.088248,2218,719195.8495460441,36.96666666666667,1,0,"{timeout:600,max_col_multiplier:1,age_limit:34,random_seed:0,replication:1,num_threads:128,set_partition:false}",-1
e20400.json.gz,e,20,400,Dantzig,highs,DantzigFarkas,1,3,44861.76164021163,192851,76.73748126792186,192851.00000000006,0,20,60,0.003084,0.001214,0.088256,2218,719195.8495460441,12.322222222222223,1,0,"{timeout:600,max_col_multiplier:1,age_limit:34,random_seed:0,replication:1,num_threads:128,set_partition:false}",1
e20400.json.gz,e,20,400,Dantzig,highs,DantzigFarkas,2,3,44861.76164021163,inf,,823504.3333333335,,29,40,0.003597,0.000787,0.086715,2236,621629.1353906033,55.9,0,0,"{timeout:600,max_col_multiplier:1,age_limit:34,random_seed:1,replication:2,num_threads:128,set_partition:false}",-1
e20400.json.gz,e,20,400,Dantzig,highs,DantzigFarkas,2,3,44861.76164021163,inf,nan,823504.3333333335,0,29,40,0.003597,0.000787,0.086723,2236,621629.1353906033,18.633333333333333,0,0,"{timeout:600,max_col_multiplier:1,age_limit:34,random_seed:1,replication:2,num_threads:128,set_partition:false}",1
e20400.json.gz,e,20,400,Dantzig,highs,DantzigFarkas,3,3,44861.76164021163,inf,,813848.8333333334,,32,40,0.003992,0.000827,0.086594,2267,567885.7715430862,56.675,0,0,"{timeout:600,max_col_multiplier:1,age_limit:34,random_seed:2,replication:3,num_threads:128,set_partition:false}",-1
e20400.json.gz,e,20,400,Dantzig,highs,DantzigFarkas,3,3,44861.76164021163,inf,nan,813848.8333333334,0,32,40,0.003992,0.000827,0.0866,2267,567885.7715430862,18.891666666666666,0,0,"{timeout:600,max_col_multiplier:1,age_limit:34,random_seed:2,replication:3,num_threads:128,set_partition:false}",1
e20400.json.gz,e,20,400,Dantzig,highs,DantzigFarkas,4,3,44861.76164021163,inf,,849210.25,,30,40,0.003443,0.000865,0.086299,2243,651466.7441185013,56.075,0,0,"{timeout:600,max_col_multiplier:1,age_limit:34,random_seed:3,replication:4,num_threads:128,set_partition:false}",-1
e20400.json.gz,e,20,400,Dantzig,highs,DantzigFarkas,4,3,44861.76164021163,inf,nan,849210.25,0,30,40,0.003443,0.000865,0.086306,2243,651466.7441185013,18.691666666666666,0,0,"{timeout:600,max_col_multiplier:1,age_limit:34,random_seed:3,replication:4,num_threads:128,set_partition:false}",1
e20400.json.gz,e,20,400,Dantzig,highs,DantzigFarkas,5,3,44861.76164021163,inf,,859635.25,,26,40,0.003947,0.000794,0.086527,2290,580187.4841651887,57.25,0,0,"{timeout:600,max_col_multiplier:1,age_limit:34,random_seed:4,replication:5,num_threads:128,set_partition:false}",-1
e20400.json.gz,e,20,400,Dantzig,highs,DantzigFarkas,5,3,44861.76164021163,inf,nan,859635.25,0,26,40,0.003947,0.000794,0.086534,2290,580187.4841651887,19.083333333333332,0,0,"{timeout:600,max_col_multiplier:1,age_limit:34,random_seed:4,replication:5,num_threads:128,set_partition:false}",1
e20400.json.gz,e,20,400,LagrangeTemplate,highs,LTFarkas,1,3,44861.76164021163,51214,,51214,,20,44,0.001146,0.001265,0.084318,2159,1883944.1535776614,49.06818181818182,1,0,"{timeout:600,max_col_multiplier:1,age_limit:2,random_seed:0,replication:1,num_threads:128,set_partition:false}",-1
e20400.json.gz,e,20,400,LagrangeTemplate,highs,LTFarkas,1,3,44861.76164021163,51214,12.40285859335338,51214,0,20,44,0.001146,0.001265,0.084323,2159,1883944.1535776614,16.356060606060606,1,0,"{timeout:600,max_col_multiplier:1,age_limit:2,random_seed:0,replication:1,num_threads:128,set_partition:false}",1
e20400.json.gz,e,20,400,LagrangeTemplate,highs,LTFarkas,2,3,44861.76164021163,inf,,60985.5,,25,40,0.001279,0.001159,0.083389,2180,1704456.606724003,54.5,0,0,"{timeout:600,max_col_multiplier:1,age_limit:2,random_seed:1,replication:2,num_threads:128,set_partition:false}",-1
e20400.json.gz,e,20,400,LagrangeTemplate,highs,LTFarkas,2,3,44861.76164021163,inf,nan,60985.5,0,25,40,0.001279,0.001159,0.083394,2180,1704456.606724003,18.166666666666668,0,0,"{timeout:600,max_col_multiplier:1,age_limit:2,random_seed:1,replication:2,num_threads:128,set_partition:false}",1
e20400.json.gz,e,20,400,LagrangeTemplate,highs,LTFarkas,3,3,44861.76164021163,48612,,48612,,20,44,0.001287,0.001377,0.085223,2149,1669774.66977467,48.84090909090909,1,0,"{timeout:600,max_col_multiplier:1,age_limit:2,random_seed:2,replication:3,num_threads:128,set_partition:false}",-1
e20400.json.gz,e,20,400,LagrangeTemplate,highs,LTFarkas,3,3,44861.76164021163,48612,7.714144655640583,48612,0,20,44,0.001287,0.001377,0.08523,2149,1669774.66977467,16.28030303030303,1,0,"{timeout:600,max_col_multiplier:1,age_limit:2,random_seed:2,replication:3,num_threads:128,set_partition:false}",1
e20400.json.gz,e,20,400,LagrangeTemplate,highs,LTFarkas,4,3,44861.76164021163,51214,,51214,,20,45,0.001328,0.001342,0.085807,2161,1627259.0361445784,48.022222222222226,1,0,"{timeout:600,max_col_multiplier:1,age_limit:2,random_seed:3,replication:4,num_threads:128,set_partition:false}",-1
e20400.json.gz,e,20,400,LagrangeTemplate,highs,LTFarkas,4,3,44861.76164021163,51214,12.40285859335338,51214,0,20,45,0.001328,0.001342,0.085815,2161,1627259.0361445784,16.00740740740741,1,0,"{timeout:600,max_col_multiplier:1,age_limit:2,random_seed:3,replication:4,num_threads:128,set_partition:false}",1
e20400.json.gz,e,20,400,LagrangeTemplate,highs,LTFarkas,5,3,44861.76164021163,51213,,51213,,20,45,0.001568,0.001344,0.085608,2157,1375637.755102041,47.93333333333333,1,0,"{timeout:600,max_col_multiplier:1,age_limit:2,random_seed:4,replication:5,num_threads:128,set_partition:false}",-1
e20400.json.gz,e,20,400,LagrangeTemplate,highs,LTFarkas,5,3,44861.76164021163,51213,12.40114814597856,51213,0,20,45,0.001568,0.001344,0.085618,2157,1375637.755102041,15.977777777777776,1,0,"{timeout:600,max_col_multiplier:1,age_limit:2,random_seed:4,replication:5,num_threads:128,set_partition:false}",1
e20400.json.gz,e,20,400,MipTemplate,highs,MTFarkas,1,5,44861.76164021163,48670,,48670,,20,81,0.00324,0.160503,0.26341,2166,668518.5185185185,26.74074074074074,1,0,"{timeout:600,max_col_multiplier:1,age_limit:2,random_seed:0,replication:1,num_threads:128,set_partition:false}",-1
e20400.json.gz,e,20,400,MipTemplate,highs,MTFarkas,1,5,44861.76164021163,48670,7.824121635504418,48670,0,20,81,0.00324,0.160503,0.263424,2166,668518.5185185185,5.348148148148148,1,0,"{timeout:600,max_col_multiplier:1,age_limit:2,random_seed:0,replication:1,num_threads:128,set_partition:false}",1
e20400.json.gz,e,20,400,MipTemplate,highs,MTFarkas,2,5,44861.76164021163,50456,,50456,,20,80,0.002288,0.134914,0.24334,2181,953234.2657342657,27.2625,1,0,"{timeout:600,max_col_multiplier:1,age_limit:2,random_seed:1,replication:2,num_threads:128,set_partition:false}",-1
e20400.json.gz,e,20,400,MipTemplate,highs,MTFarkas,2,5,44861.76164021163,50456,11.086887585222769,50456,0,20,80,0.002288,0.134914,0.243353,2181,953234.2657342657,5.4525,1,0,"{timeout:600,max_col_multiplier:1,age_limit:2,random_seed:1,replication:2,num_threads:128,set_partition:false}",1
e20400.json.gz,e,20,400,MipTemplate,highs,MTFarkas,3,4,44861.76164021163,49983,,49983,,20,60,0.00189,0.08237,0.18415,2162,1143915.343915344,36.03333333333333,1,0,"{timeout:600,max_col_multiplier:1,age_limit:2,random_seed:2,replication:3,num_threads:128,set_partition:false}",-1
e20400.json.gz,e,20,400,MipTemplate,highs,MTFarkas,3,4,44861.76164021163,49983,10.24548346437789,49983,0,20,60,0.00189,0.08237,0.184157,2162,1143915.343915344,9.008333333333333,1,0,"{timeout:600,max_col_multiplier:1,age_limit:2,random_seed:2,replication:3,num_threads:128,set_partition:false}",1
e20400.json.gz,e,20,400,MipTemplate,highs,MTFarkas,4,5,44861.76164021163,49093,,49093,,20,80,0.002549,0.138417,0.244195,2170,851314.240878776,27.125,1,0,"{timeout:600,max_col_multiplier:1,age_limit:2,random_seed:3,replication:4,num_threads:128,set_partition:false}",-1
e20400.json.gz,e,20,400,MipTemplate,highs,MTFarkas,4,5,44861.76164021163,49093,8.618336626402948,49093,0,20,80,0.002549,0.138417,0.244214,2170,851314.240878776,5.425,1,0,"{timeout:600,max_col_multiplier:1,age_limit:2,random_seed:3,replication:4,num_threads:128,set_partition:false}",1
e20400.json.gz,e,20,400,MipTemplate,highs,MTFarkas,5,5,44861.76164021163,48482,,48482,,20,80,0.002637,0.135807,0.237851,2169,822525.5972696246,27.1125,1,0,"{timeout:600,max_col_multiplier:1,age_limit:2,random_seed:4,replication:5,num_threads:128,set_partition:false}",-1
e20400.json.gz,e,20,400,MipTemplate,highs,MTFarkas,5,5,44861.76164021163,48482,7.466688667959243,48482,0,20,80,0.002637,0.135807,0.237861,2169,822525.5972696246,5.4225,1,0,"{timeout:600,max_col_multiplier:1,age_limit:2,random_seed:4,replication:5,num_threads:128,set_partition:false}",1
e30900.json.gz,e,30,900,Dantzig,highs,DantzigFarkas,1,3,100413.32272897898,inf,,2199789.5,,51,60,0.008836,0.001227,0.431837,5754,651199.6378451788,95.9,0,0,"{timeout:600,max_col_multiplier:1,age_limit:75,random_seed:0,replication:1,num_threads:128,set_partition:false}",-1
e30900.json.gz,e,30,900,Dantzig,highs,DantzigFarkas,1,3,100413.32272897898,inf,nan,2199789.5,0,51,60,0.008836,0.001227,0.431845,5754,651199.6378451788,31.96666666666667,0,0,"{timeout:600,max_col_multiplier:1,age_limit:75,random_seed:0,replication:1,num_threads:128,set_partition:false}",1
e30900.json.gz,e,30,900,Dantzig,highs,DantzigFarkas,2,3,100413.32272897898,inf,,2114715.5000000014,,52,60,0.008314,0.001302,0.437254,5750,691604.5224921819,95.83333333333333,0,0,"{timeout:600,max_col_multiplier:1,age_limit:75,random_seed:1,replication:2,num_threads:128,set_partition:false}",-1
e30900.json.gz,e,30,900,Dantzig,highs,DantzigFarkas,2,3,100413.32272897898,inf,nan,2114715.5000000014,0,52,60,0.008314,0.001302,0.437264,5750,691604.5224921819,31.944444444444443,0,0,"{timeout:600,max_col_multiplier:1,age_limit:75,random_seed:1,replication:2,num_threads:128,set_partition:false}",1
e30900.json.gz,e,30,900,Dantzig,highs,DantzigFarkas,3,3,100413.32272897898,inf,,2235713.000000001,,50,60,0.011217,0.001175,0.434379,5769,514308.6386734421,96.15,0,0,"{timeout:600,max_col_multiplier:1,age_limit:75,random_seed:2,replication:3,num_threads:128,set_partition:false}",-1
e30900.json.gz,e,30,900,Dantzig,highs,DantzigFarkas,3,3,100413.32272897898,inf,nan,2235713.000000001,0,50,60,0.011217,0.001175,0.434387,5769,514308.6386734421,32.050000000000004,0,0,"{timeout:600,max_col_multiplier:1,age_limit:75,random_seed:2,replication:3,num_threads:128,set_partition:false}",1
e30900.json.gz,e,30,900,Dantzig,highs,DantzigFarkas,4,3,100413.32272897898,inf,,2042649.8749999986,,55,60,0.010386,0.001672,0.434814,5782,556710.9570575776,96.36666666666666,0,0,"{timeout:600,max_col_multiplier:1,age_limit:75,random_seed:3,replication:4,num_threads:128,set_partition:false}",-1
e30900.json.gz,e,30,900,Dantzig,highs,DantzigFarkas,4,3,100413.32272897898,inf,nan,2042649.8749999986,0,55,60,0.010386,0.001672,0.434821,5782,556710.9570575776,32.12222222222222,0,0,"{timeout:600,max_col_multiplier:1,age_limit:75,random_seed:3,replication:4,num_threads:128,set_partition:false}",1
e30900.json.gz,e,30,900,Dantzig,highs,DantzigFarkas,5,3,100413.32272897898,inf,,2291536,,49,60,0.011415,0.001397,0.43501,5820,509855.45335085416,97,0,0,"{timeout:600,max_col_multiplier:1,age_limit:75,random_seed:4,replication:5,num_threads:128,set_partition:false}",-1
e30900.json.gz,e,30,900,Dantzig,highs,DantzigFarkas,5,3,100413.32272897898,inf,nan,2291536,0,49,60,0.011415,0.001397,0.435018,5820,509855.45335085416,32.333333333333336,0,0,"{timeout:600,max_col_multiplier:1,age_limit:75,random_seed:4,replication:5,num_threads:128,set_partition:false}",1
e30900.json.gz,e,30,900,LagrangeTemplate,highs,LTFarkas,1,3,100413.32272897898,110448,,110448,,30,69,0.002422,0.00271,0.424934,5634,2326176.7134599504,81.65217391304348,1,0,"{timeout:600,max_col_multiplier:1,age_limit:3,random_seed:0,replication:1,num_threads:128,set_partition:false}",-1
e30900.json.gz,e,30,900,LagrangeTemplate,highs,LTFarkas,1,3,100413.32272897898,110448,9.084818194987687,110448,0,30,69,0.002422,0.00271,0.42494,5634,2326176.7134599504,27.217391304347828,1,0,"{timeout:600,max_col_multiplier:1,age_limit:3,random_seed:0,replication:1,num_threads:128,set_partition:false}",1
e30900.json.gz,e,30,900,LagrangeTemplate,highs,LTFarkas,2,4,100413.32272897898,112740,,112740,,30,96,0.003343,0.004274,0.428208,5649,1689799.581214478,58.84375,1,0,"{timeout:600,max_col_multiplier:1,age_limit:3,random_seed:1,replication:2,num_threads:128,set_partition:false}",-1
e30900.json.gz,e,30,900,LagrangeTemplate,highs,LTFarkas,2,4,100413.32272897898,112740,10.933120454142275,112740,0,30,96,0.003343,0.004274,0.428215,5649,1689799.581214478,14.7109375,1,0,"{timeout:600,max_col_multiplier:1,age_limit:3,random_seed:1,replication:2,num_threads:128,set_partition:false}",1
e30900.json.gz,e,30,900,LagrangeTemplate,highs,LTFarkas,3,4,100413.32272897898,110525,,110525,,30,97,0.003345,0.003767,0.427734,5644,1687294.4693572498,58.18556701030928,1,0,"{timeout:600,max_col_multiplier:1,age_limit:3,random_seed:2,replication:3,num_threads:128,set_partition:false}",-1
e30900.json.gz,e,30,900,LagrangeTemplate,highs,LTFarkas,3,4,100413.32272897898,110525,9.148156525672926,110525,0,30,97,0.003345,0.003767,0.42774,5644,1687294.4693572498,14.54639175257732,1,0,"{timeout:600,max_col_multiplier:1,age_limit:3,random_seed:2,replication:3,num_threads:128,set_partition:false}",1
e30900.json.gz,e,30,900,LagrangeTemplate,highs,LTFarkas,4,3,100413.32272897898,109444,,109444,,30,71,0.002591,0.002603,0.427501,5650,2180625.2412196063,79.5774647887324,1,0,"{timeout:600,max_col_multiplier:1,age_limit:3,random_seed:3,replication:4,num_threads:128,set_partition:false}",-1
e30900.json.gz,e,30,900,LagrangeTemplate,highs,LTFarkas,4,3,100413.32272897898,109444,8.250794927085998,109444,0,30,71,0.002591,0.002603,0.427507,5650,2180625.2412196063,26.525821596244132,1,0,"{timeout:600,max_col_multiplier:1,age_limit:3,random_seed:3,replication:4,num_threads:128,set_partition:false}",1
e30900.json.gz,e,30,900,LagrangeTemplate,highs,LTFarkas,5,3,100413.32272897898,110438,,110438,,30,66,0.003075,0.002651,0.425797,5662,1841300.81300813,85.78787878787878,1,0,"{timeout:600,max_col_multiplier:1,age_limit:3,random_seed:4,replication:5,num_threads:128,set_partition:false}",-1
e30900.json.gz,e,30,900,LagrangeTemplate,highs,LTFarkas,5,3,100413.32272897898,110438,9.07658595773194,110438,0,30,66,0.003075,0.002651,0.425804,5662,1841300.81300813,28.595959595959595,1,0,"{timeout:600,max_col_multiplier:1,age_limit:3,random_seed:4,replication:5,num_threads:128,set_partition:false}",1
e30900.json.gz,e,30,900,MipTemplate,highs,MTFarkas,1,6,100413.32272897898,108038,,108038,,30,150,0.007026,0.214257,0.662368,5645,803444.3495587816,37.63333333333333,1,0,"{timeout:600,max_col_multiplier:1,age_limit:3,random_seed:0,replication:1,num_threads:128,set_partition:false}",-1
e30900.json.gz,e,30,900,MipTemplate,highs,MTFarkas,1,6,100413.32272897898,108038,7.056776319443159,108038,0,30,150,0.007026,0.214257,0.662381,5645,803444.3495587816,6.272222222222222,1,0,"{timeout:600,max_col_multiplier:1,age_limit:3,random_seed:0,replication:1,num_threads:128,set_partition:false}",1
e30900.json.gz,e,30,900,MipTemplate,highs,MTFarkas,2,6,100413.32272897898,110980,,110980,,30,150,0.006615,0.225877,0.672502,5651,854270.5971277399,37.67333333333333,1,0,"{timeout:600,max_col_multiplier:1,age_limit:3,random_seed:1,replication:2,num_threads:128,set_partition:false}",-1
e30900.json.gz,e,30,900,MipTemplate,highs,MTFarkas,2,6,100413.32272897898,110980,9.520634348531267,110980,0,30,150,0.006615,0.225877,0.672522,5651,854270.5971277399,6.278888888888889,1,0,"{timeout:600,max_col_multiplier:1,age_limit:3,random_seed:1,replication:2,num_threads:128,set_partition:false}",1
e30900.json.gz,e,30,900,MipTemplate,highs,MTFarkas,3,5,100413.32272897898,111106,,111106,,30,120,0.004019,0.17332,0.610866,5643,1404080.6170689226,47.025,1,0,"{timeout:600,max_col_multiplier:1,age_limit:3,random_seed:2,replication:3,num_threads:128,set_partition:false}",-1
e30900.json.gz,e,30,900,MipTemplate,highs,MTFarkas,3,5,100413.32272897898,111106,9.623242669162781,111106,0,30,120,0.004019,0.17332,0.610876,5643,1404080.6170689226,9.405,1,0,"{timeout:600,max_col_multiplier:1,age_limit:3,random_seed:2,replication:3,num_threads:128,set_partition:false}",1
e30900.json.gz,e,30,900,MipTemplate,highs,MTFarkas,4,6,100413.32272897898,109888,,109888,,30,152,0.005548,0.215162,0.662272,5651,1018565.2487382841,37.17763157894737,1,0,"{timeout:600,max_col_multiplier:1,age_limit:3,random_seed:3,replication:4,num_threads:128,set_partition:false}",-1
e30900.json.gz,e,30,900,MipTemplate,highs,MTFarkas,4,6,100413.32272897898,109888,8.621505532906232,109888,0,30,152,0.005548,0.215162,0.662284,5651,1018565.2487382841,6.196271929824562,1,0,"{timeout:600,max_col_multiplier:1,age_limit:3,random_seed:3,replication:4,num_threads:128,set_partition:false}",1
e30900.json.gz,e,30,900,MipTemplate,highs,MTFarkas,5,5,100413.32272897898,110845,,110845,,30,122,0.004565,0.196574,0.643061,5658,1239430.4490690033,46.377049180327866,1,0,"{timeout:600,max_col_multiplier:1,age_limit:3,random_seed:4,replication:5,num_threads:128,set_partition:false}",-1
e30900.json.gz,e,30,900,MipTemplate,highs,MTFarkas,5,5,100413.32272897898,110845,9.410437999007623,110845,0,30,122,0.004565,0.196574,0.643072,5658,1239430.4490690033,9.275409836065574,1,0,"{timeout:600,max_col_multiplier:1,age_limit:3,random_seed:4,replication:5,num_threads:128,set_partition:false}",1
e401600.json.gz,e,40,1600,Dantzig,highs,DantzigFarkas,1,2,178282.61930675918,870990,,870989.9999999949,,40,80,0.0323,0.002425,1.388681,10475,324303.4055727554,130.9375,1,0,"{timeout:600,max_col_multiplier:1,age_limit:132,random_seed:0,replication:1,num_threads:128,set_partition:false}",-1
e401600.json.gz,e,40,1600,Dantzig,highs,DantzigFarkas,1,2,178282.61930675918,870990,79.53099346720398,870989.9999999949,0,40,80,0.0323,0.002425,1.388689,10475,324303.4055727554,65.46875,1,0,"{timeout:600,max_col_multiplier:1,age_limit:132,random_seed:0,replication:1,num_threads:128,set_partition:false}",1
e401600.json.gz,e,40,1600,Dantzig,highs,DantzigFarkas,2,2,178282.61930675918,870990,,870989.9999999999,,40,80,0.023593,0.001922,1.378713,10297,436443.0127580215,128.7125,1,0,"{timeout:600,max_col_multiplier:1,age_limit:132,random_seed:1,replication:2,num_threads:128,set_partition:false}",-1
e401600.json.gz,e,40,1600,Dantzig,highs,DantzigFarkas,2,2,178282.61930675918,870990,79.53099346720398,870989.9999999999,0,40,80,0.023593,0.001922,1.37872,10297,436443.0127580215,64.35625,1,0,"{timeout:600,max_col_multiplier:1,age_limit:132,random_seed:1,replication:2,num_threads:128,set_partition:false}",1
e401600.json.gz,e,40,1600,Dantzig,highs,DantzigFarkas,3,2,178282.61930675918,870990,,870989.9999999981,,40,80,0.019685,0.001908,1.371139,10199,518110.23622047243,127.4875,1,0,"{timeout:600,max_col_multiplier:1,age_limit:132,random_seed:2,replication:3,num_threads:128,set_partition:false}",-1
e401600.json.gz,e,40,1600,Dantzig,highs,DantzigFarkas,3,2,178282.61930675918,870990,79.53099346720398,870989.9999999981,0,40,80,0.019685,0.001908,1.371146,10199,518110.23622047243,63.74375,1,0,"{timeout:600,max_col_multiplier:1,age_limit:132,random_seed:2,replication:3,num_threads:128,set_partition:false}",1
e401600.json.gz,e,40,1600,Dantzig,highs,DantzigFarkas,4,2,178282.61930675918,870990,,870990.0000000019,,40,80,0.020889,0.001907,1.346847,10222,489348.46091244195,127.775,1,0,"{timeout:600,max_col_multiplier:1,age_limit:132,random_seed:3,replication:4,num_threads:128,set_partition:false}",-1
e401600.json.gz,e,40,1600,Dantzig,highs,DantzigFarkas,4,2,178282.61930675918,870990,79.53099346720398,870990.0000000019,0,40,80,0.020889,0.001907,1.346854,10222,489348.46091244195,63.8875,1,0,"{timeout:600,max_col_multiplier:1,age_limit:132,random_seed:3,replication:4,num_threads:128,set_partition:false}",1
e401600.json.gz,e,40,1600,Dantzig,highs,DantzigFarkas,5,2,178282.61930675918,870990,,870989.999999993,,40,80,0.027627,0.001995,1.350606,10366,375212.6542874724,129.575,1,0,"{timeout:600,max_col_multiplier:1,age_limit:132,random_seed:4,replication:5,num_threads:128,set_partition:false}",-1
e401600.json.gz,e,40,1600,Dantzig,highs,DantzigFarkas,5,2,178282.61930675918,870990,79.53099346720398,870989.999999993,0,40,80,0.027627,0.001995,1.350613,10366,375212.6542874724,64.7875,1,0,"{timeout:600,max_col_multiplier:1,age_limit:132,random_seed:4,replication:5,num_threads:128,set_partition:false}",1
e401600.json.gz,e,40,1600,LagrangeTemplate,highs,LTFarkas,1,4,178282.61930675918,inf,,198368,,45,120,0.006498,0.006364,1.348161,10081,1551400.4309018159,84.00833333333334,0,0,"{timeout:600,max_col_multiplier:1,age_limit:4,random_seed:0,replication:1,num_threads:128,set_partition:false}",-1
e401600.json.gz,e,40,1600,LagrangeTemplate,highs,LTFarkas,1,4,178282.61930675918,inf,nan,198368,0,45,120,0.006498,0.006364,1.348169,10081,1551400.4309018159,21.002083333333335,0,0,"{timeout:600,max_col_multiplier:1,age_limit:4,random_seed:0,replication:1,num_threads:128,set_partition:false}",1
e401600.json.gz,e,40,1600,LagrangeTemplate,highs,LTFarkas,2,4,178282.61930675918,190002.00000000003,,190002.00000000017,,40,128,0.006814,0.006719,1.340508,10110,1483710.0088054007,78.984375,1,0,"{timeout:600,max_col_multiplier:1,age_limit:4,random_seed:1,replication:2,num_threads:128,set_partition:false}",-1
e401600.json.gz,e,40,1600,LagrangeTemplate,highs,LTFarkas,2,4,178282.61930675918,190002.00000000003,6.1678298123177795,190002.00000000017,0,40,128,0.006814,0.006719,1.340515,10110,1483710.0088054007,19.74609375,1,0,"{timeout:600,max_col_multiplier:1,age_limit:4,random_seed:1,replication:2,num_threads:128,set_partition:false}",1
e401600.json.gz,e,40,1600,LagrangeTemplate,highs,LTFarkas,3,4,178282.61930675918,191324,,191323.99999999997,,40,126,0.006027,0.0068,1.32854,10076,1671810.18748963,79.96825396825396,1,0,"{timeout:600,max_col_multiplier:1,age_limit:4,random_seed:2,replication:3,num_threads:128,set_partition:false}",-1
e401600.json.gz,e,40,1600,LagrangeTemplate,highs,LTFarkas,3,4,178282.61930675918,191324,6.816186155422216,191323.99999999997,0,40,126,0.006027,0.0068,1.328549,10076,1671810.18748963,19.99206349206349,1,0,"{timeout:600,max_col_multiplier:1,age_limit:4,random_seed:2,replication:3,num_threads:128,set_partition:false}",1
e401600.json.gz,e,40,1600,LagrangeTemplate,highs,LTFarkas,4,4,178282.61930675918,191672,,191672.00000000006,,40,127,0.00671,0.006772,1.325296,10107,1506259.3144560358,79.58267716535433,1,0,"{timeout:600,max_col_multiplier:1,age_limit:4,random_seed:3,replication:4,num_threads:128,set_partition:false}",-1
e401600.json.gz,e,40,1600,LagrangeTemplate,highs,LTFarkas,4,4,178282.61930675918,191672,6.985370841854835,191672.00000000006,0,40,127,0.00671,0.006772,1.325303,10107,1506259.3144560358,19.89566929133858,1,0,"{timeout:600,max_col_multiplier:1,age_limit:4,random_seed:3,replication:4,num_threads:128,set_partition:false}",1
e401600.json.gz,e,40,1600,LagrangeTemplate,highs,LTFarkas,5,4,178282.61930675918,inf,,206062,,47,120,0.006522,0.006326,1.328694,10087,1546611.4688745784,84.05833333333334,0,0,"{timeout:600,max_col_multiplier:1,age_limit:4,random_seed:4,replication:5,num_threads:128,set_partition:false}",-1
e401600.json.gz,e,40,1600,LagrangeTemplate,highs,LTFarkas,5,4,178282.61930675918,inf,nan,206062,0,47,120,0.006522,0.006326,1.3287,10087,1546611.4688745784,21.014583333333334,0,0,"{timeout:600,max_col_multiplier:1,age_limit:4,random_seed:4,replication:5,num_threads:128,set_partition:false}",1
e401600.json.gz,e,40,1600,MipTemplate,highs,MTFarkas,1,6,178282.61930675918,189487,,189487,,40,200,0.012497,0.259488,1.601508,10069,805713.3712090902,50.345,1,0,"{timeout:600,max_col_multiplier:1,age_limit:4,random_seed:0,replication:1,num_threads:128,set_partition:false}",-1
e401600.json.gz,e,40,1600,MipTemplate,highs,MTFarkas,1,6,178282.61930675918,189487,5.91280668330809,189487,0,40,200,0.012497,0.259488,1.601522,10069,805713.3712090902,8.390833333333333,1,0,"{timeout:600,max_col_multiplier:1,age_limit:4,random_seed:0,replication:1,num_threads:128,set_partition:false}",1
e401600.json.gz,e,40,1600,MipTemplate,highs,MTFarkas,2,6,178282.61930675918,191138,,191138,,40,200,0.01046,0.26942,1.609604,10089,964531.5487571701,50.445,1,0,"{timeout:600,max_col_multiplier:1,age_limit:4,random_seed:1,replication:2,num_threads:128,set_partition:false}",-1
e401600.json.gz,e,40,1600,MipTemplate,highs,MTFarkas,2,6,178282.61930675918,191138,6.725507225146229,191138,0,40,200,0.01046,0.26942,1.609618,10089,964531.5487571701,8.4075,1,0,"{timeout:600,max_col_multiplier:1,age_limit:4,random_seed:1,replication:2,num_threads:128,set_partition:false}",1
e401600.json.gz,e,40,1600,MipTemplate,highs,MTFarkas,3,6,178282.61930675918,191081,,191081,,40,200,0.011739,0.253544,1.601279,10084,859016.9520402079,50.42,1,0,"{timeout:600,max_col_multiplier:1,age_limit:4,random_seed:2,replication:3,num_threads:128,set_partition:false}",-1
e401600.json.gz,e,40,1600,MipTemplate,highs,MTFarkas,3,6,178282.61930675918,191081,6.697683181478012,191081,0,40,200,0.011739,0.253544,1.601298,10084,859016.9520402079,8.403333333333334,1,0,"{timeout:600,max_col_multiplier:1,age_limit:4,random_seed:2,replication:3,num_threads:128,set_partition:false}",1
e401600.json.gz,e,40,1600,MipTemplate,highs,MTFarkas,4,6,178282.61930675918,189787,,189787,,40,200,0.01138,0.259792,1.607063,10094,886994.7275922672,50.47,1,0,"{timeout:600,max_col_multiplier:1,age_limit:4,random_seed:3,replication:4,num_threads:128,set_partition:false}",-1
e401600.json.gz,e,40,1600,MipTemplate,highs,MTFarkas,4,6,178282.61930675918,189787,6.061532138660709,189787,0,40,200,0.01138,0.259792,1.60708,10094,886994.7275922672,8.411666666666667,1,0,"{timeout:600,max_col_multiplier:1,age_limit:4,random_seed:3,replication:4,num_threads:128,set_partition:false}",1
e401600.json.gz,e,40,1600,MipTemplate,highs,MTFarkas,5,6,178282.61930675918,189676,,189676,,40,200,0.012032,0.255167,1.605137,10087,838347.7393617022,50.435,1,0,"{timeout:600,max_col_multiplier:1,age_limit:4,random_seed:4,replication:5,num_threads:128,set_partition:false}",-1
e401600.json.gz,e,40,1600,MipTemplate,highs,MTFarkas,5,6,178282.61930675918,189676,6.006558552478964,189676,0,40,200,0.012032,0.255167,1.605153,10087,838347.7393617022,8.405833333333334,1,0,"{timeout:600,max_col_multiplier:1,age_limit:4,random_seed:4,replication:5,num_threads:128,set_partition:false}",1
e40400.json.gz,e,40,400,Dantzig,highs,DantzigFarkas,1,2,44523.42860497672,214085,,214085,,40,80,0.003746,0.000598,0.201669,3308,883075.2802989855,41.35,1,0,"{timeout:600,max_col_multiplier:1,age_limit:10,random_seed:0,replication:1,num_threads:128,set_partition:false}",-1
e40400.json.gz,e,40,400,Dantzig,highs,DantzigFarkas,1,2,44523.42860497672,214085,79.20265315178551,214085,0,40,80,0.003746,0.000598,0.201676,3308,883075.2802989855,20.675,1,0,"{timeout:600,max_col_multiplier:1,age_limit:10,random_seed:0,replication:1,num_threads:128,set_partition:false}",1
e40400.json.gz,e,40,400,Dantzig,highs,DantzigFarkas,2,2,44523.42860497672,214085,,214085.00000000006,,40,80,0.004467,0.000624,0.201779,3352,750391.7618088203,41.9,1,0,"{timeout:600,max_col_multiplier:1,age_limit:10,random_seed:1,replication:2,num_threads:128,set_partition:false}",-1
e40400.json.gz,e,40,400,Dantzig,highs,DantzigFarkas,2,2,44523.42860497672,214085,79.20265315178551,214085.00000000006,0,40,80,0.004467,0.000624,0.201787,3352,750391.7618088203,20.95,1,0,"{timeout:600,max_col_multiplier:1,age_limit:10,random_seed:1,replication:2,num_threads:128,set_partition:false}",1
e40400.json.gz,e,40,400,Dantzig,highs,DantzigFarkas,3,2,44523.42860497672,214085,,214085.00000000087,,40,80,0.004058,0.000599,0.201241,3327,819862.0009857073,41.5875,1,0,"{timeout:600,max_col_multiplier:1,age_limit:10,random_seed:2,replication:3,num_threads:128,set_partition:false}",-1
e40400.json.gz,e,40,400,Dantzig,highs,DantzigFarkas,3,2,44523.42860497672,214085,79.20265315178551,214085.00000000087,0,40,80,0.004058,0.000599,0.201255,3327,819862.0009857073,20.79375,1,0,"{timeout:600,max_col_multiplier:1,age_limit:10,random_seed:2,replication:3,num_threads:128,set_partition:false}",1
e40400.json.gz,e,40,400,Dantzig,highs,DantzigFarkas,4,2,44523.42860497672,214085,,214085.00000000003,,40,80,0.004775,0.000577,0.202182,3372,706178.0104712042,42.15,1,0,"{timeout:600,max_col_multiplier:1,age_limit:10,random_seed:3,replication:4,num_threads:128,set_partition:false}",-1
e40400.json.gz,e,40,400,Dantzig,highs,DantzigFarkas,4,2,44523.42860497672,214085,79.20265315178551,214085.00000000003,0,40,80,0.004775,0.000577,0.202189,3372,706178.0104712042,21.075,1,0,"{timeout:600,max_col_multiplier:1,age_limit:10,random_seed:3,replication:4,num_threads:128,set_partition:false}",1
e40400.json.gz,e,40,400,Dantzig,highs,DantzigFarkas,5,2,44523.42860497672,214085,,214084.99999999988,,40,80,0.002826,0.000593,0.199661,3264,1154989.3842887473,40.8,1,0,"{timeout:600,max_col_multiplier:1,age_limit:10,random_seed:4,replication:5,num_threads:128,set_partition:false}",-1
e40400.json.gz,e,40,400,Dantzig,highs,DantzigFarkas,5,2,44523.42860497672,214085,79.20265315178551,214084.99999999988,0,40,80,0.002826,0.000593,0.19967,3264,1154989.3842887473,20.4,1,0,"{timeout:600,max_col_multiplier:1,age_limit:10,random_seed:4,replication:5,num_threads:128,set_partition:false}",1
e40400.json.gz,e,40,400,LagrangeTemplate,highs,LTFarkas,1,3,44523.42860497672,inf,,57307,,51,80,0.001391,0.001573,0.196241,3242,2330697.340043134,40.525,0,0,"{timeout:600,max_col_multiplier:1,age_limit:2,random_seed:0,replication:1,num_threads:128,set_partition:false}",-1
e40400.json.gz,e,40,400,LagrangeTemplate,highs,LTFarkas,1,3,44523.42860497672,inf,nan,57307,0,51,80,0.001391,0.001573,0.196248,3242,2330697.340043134,13.508333333333333,0,0,"{timeout:600,max_col_multiplier:1,age_limit:2,random_seed:0,replication:1,num_threads:128,set_partition:false}",1
e40400.json.gz,e,40,400,LagrangeTemplate,highs,LTFarkas,2,4,44523.42860497672,inf,,55911,,51,120,0.002359,0.002096,0.202743,3246,1376006.7825349725,27.05,0,0,"{timeout:600,max_col_multiplier:1,age_limit:2,random_seed:1,replication:2,num_threads:128,set_partition:false}",-1
e40400.json.gz,e,40,400,LagrangeTemplate,highs,LTFarkas,2,4,44523.42860497672,inf,nan,55911,0,51,120,0.002359,0.002096,0.202749,3246,1376006.7825349725,6.7625,0,0,"{timeout:600,max_col_multiplier:1,age_limit:2,random_seed:1,replication:2,num_threads:128,set_partition:false}",1
e40400.json.gz,e,40,400,LagrangeTemplate,highs,LTFarkas,3,3,44523.42860497672,inf,,61913.14285714286,,49,80,0.001646,0.001606,0.200199,3251,1975091.1300121509,40.6375,0,0,"{timeout:600,max_col_multiplier:1,age_limit:2,random_seed:2,replication:3,num_threads:128,set_partition:false}",-1
e40400.json.gz,e,40,400,LagrangeTemplate,highs,LTFarkas,3,3,44523.42860497672,inf,nan,61913.14285714286,0,49,80,0.001646,0.001606,0.200206,3251,1975091.1300121509,13.545833333333334,0,0,"{timeout:600,max_col_multiplier:1,age_limit:2,random_seed:2,replication:3,num_threads:128,set_partition:false}",1
e40400.json.gz,e,40,400,LagrangeTemplate,highs,LTFarkas,4,4,44523.42860497672,54612.00000000001,,54612,,40,127,0.002314,0.002179,0.199095,3249,1404062.2299049264,25.58267716535433,1,0,"{timeout:600,max_col_multiplier:1,age_limit:2,random_seed:3,replication:4,num_threads:128,set_partition:false}",-1
e40400.json.gz,e,40,400,LagrangeTemplate,highs,LTFarkas,4,4,44523.42860497672,54612.00000000001,18.472130667252628,54612,0,40,127,0.002314,0.002179,0.199102,3249,1404062.2299049264,6.395669291338582,1,0,"{timeout:600,max_col_multiplier:1,age_limit:2,random_seed:3,replication:4,num_threads:128,set_partition:false}",1
e40400.json.gz,e,40,400,LagrangeTemplate,highs,LTFarkas,5,4,44523.42860497672,54717,,54716.99999999999,,40,128,0.002508,0.002125,0.199525,3270,1303827.7511961723,25.546875,1,0,"{timeout:600,max_col_multiplier:1,age_limit:2,random_seed:4,replication:5,num_threads:128,set_partition:false}",-1
e40400.json.gz,e,40,400,LagrangeTemplate,highs,LTFarkas,5,4,44523.42860497672,54717,18.62857978324835,54716.99999999999,0,40,128,0.002508,0.002125,0.199532,3270,1303827.7511961723,6.38671875,1,0,"{timeout:600,max_col_multiplier:1,age_limit:2,random_seed:4,replication:5,num_threads:128,set_partition:false}",1
e40400.json.gz,e,40,400,MipTemplate,highs,MTFarkas,1,4,44523.42860497672,51758,,51758,,40,120,0.002156,0.124951,0.344209,3235,1500463.8218923933,26.958333333333332,1,0,"{timeout:600,max_col_multiplier:1,age_limit:2,random_seed:0,replication:1,num_threads:128,set_partition:false}",-1
e40400.json.gz,e,40,400,MipTemplate,highs,MTFarkas,1,4,44523.42860497672,51758,13.976583330113218,51758,0,40,120,0.002156,0.124951,0.344216,3235,1500463.8218923933,6.739583333333333,1,0,"{timeout:600,max_col_multiplier:1,age_limit:2,random_seed:0,replication:1,num_threads:128,set_partition:false}",1
e40400.json.gz,e,40,400,MipTemplate,highs,MTFarkas,2,4,44523.42860497672,51125,,51125,,40,120,0.002324,0.13988,0.344468,3228,1388984.5094664372,26.9,1,0,"{timeout:600,max_col_multiplier:1,age_limit:2,random_seed:1,replication:2,num_threads:128,set_partition:false}",-1
e40400.json.gz,e,40,400,MipTemplate,highs,MTFarkas,2,4,44523.42860497672,51125,12.911491442542788,51125,0,40,120,0.002324,0.13988,0.344478,3228,1388984.5094664372,6.725,1,0,"{timeout:600,max_col_multiplier:1,age_limit:2,random_seed:1,replication:2,num_threads:128,set_partition:false}",1
e40400.json.gz,e,40,400,MipTemplate,highs,MTFarkas,3,4,44523.42860497672,52907,,52907,,40,120,0.001703,0.133024,0.350661,3246,1906048.1503229593,27.05,1,0,"{timeout:600,max_col_multiplier:1,age_limit:2,random_seed:2,replication:3,num_threads:128,set_partition:false}",-1
e40400.json.gz,e,40,400,MipTemplate,highs,MTFarkas,3,4,44523.42860497672,52907,15.844784244050883,52907,0,40,120,0.001703,0.133024,0.350669,3246,1906048.1503229593,6.7625,1,0,"{timeout:600,max_col_multiplier:1,age_limit:2,random_seed:2,replication:3,num_threads:128,set_partition:false}",1
e40400.json.gz,e,40,400,MipTemplate,highs,MTFarkas,4,4,44523.42860497672,51862,,51862,,40,120,0.001681,0.117054,0.333707,3239,1926829.268292683,26.991666666666667,1,0,"{timeout:600,max_col_multiplier:1,age_limit:2,random_seed:3,replication:4,num_threads:128,set_partition:false}",-1
e40400.json.gz,e,40,400,MipTemplate,highs,MTFarkas,4,4,44523.42860497672,51862,14.149087964212717,51862,0,40,120,0.001681,0.117054,0.333719,3239,1926829.268292683,6.747916666666667,1,0,"{timeout:600,max_col_multiplier:1,age_limit:2,random_seed:3,replication:4,num_threads:128,set_partition:false}",1
e40400.json.gz,e,40,400,MipTemplate,highs,MTFarkas,5,5,44523.42860497672,53286,,53286,,40,160,0.002991,0.166262,0.38296,3256,1088599.1307255097,20.35,1,0,"{timeout:600,max_col_multiplier:1,age_limit:2,random_seed:4,replication:5,num_threads:128,set_partition:false}",-1
e40400.json.gz,e,40,400,MipTemplate,highs,MTFarkas,5,5,44523.42860497672,53286,16.443343467327253,53286,0,40,160,0.002991,0.166262,0.382976,3256,1088599.1307255097,4.07,1,0,"{timeout:600,max_col_multiplier:1,age_limit:2,random_seed:4,replication:5,num_threads:128,set_partition:false}",1
e60900.json.gz,e,60,900,Dantzig,highs,DantzigFarkas,1,2,100103.25978504594,571478,,571477.9999999974,,60,120,0.015846,0.001503,1.054056,8125,512747.69657957845,67.70833333333333,1,0,"{timeout:600,max_col_multiplier:1,age_limit:20,random_seed:0,replication:1,num_threads:128,set_partition:false}",-1
e60900.json.gz,e,60,900,Dantzig,highs,DantzigFarkas,1,2,100103.25978504594,571478,82.48331519323578,571477.9999999974,0,60,120,0.015846,0.001503,1.054064,8125,512747.69657957845,33.854166666666664,1,0,"{timeout:600,max_col_multiplier:1,age_limit:20,random_seed:0,replication:1,num_threads:128,set_partition:false}",1
e60900.json.gz,e,60,900,Dantzig,highs,DantzigFarkas,2,2,100103.25978504594,571478,,571478.000000003,,60,120,0.021789,0.001523,1.061817,8357,383542.1542980403,69.64166666666667,1,0,"{timeout:600,max_col_multiplier:1,age_limit:20,random_seed:1,replication:2,num_threads:128,set_partition:false}",-1
e60900.json.gz,e,60,900,Dantzig,highs,DantzigFarkas,2,2,100103.25978504594,571478,82.48331519323578,571478.000000003,0,60,120,0.021789,0.001523,1.061826,8357,383542.1542980403,34.82083333333333,1,0,"{timeout:600,max_col_multiplier:1,age_limit:20,random_seed:1,replication:2,num_threads:128,set_partition:false}",1
e60900.json.gz,e,60,900,Dantzig,highs,DantzigFarkas,3,2,100103.25978504594,571478,,571477.9999999995,,60,120,0.01207,0.001261,1.052361,8074,668931.2344656172,67.28333333333333,1,0,"{timeout:600,max_col_multiplier:1,age_limit:20,random_seed:2,replication:3,num_threads:128,set_partition:false}",-1
e60900.json.gz,e,60,900,Dantzig,highs,DantzigFarkas,3,2,100103.25978504594,571478,82.48331519323578,571477.9999999995,0,60,120,0.01207,0.001261,1.052369,8074,668931.2344656172,33.641666666666666,1,0,"{timeout:600,max_col_multiplier:1,age_limit:20,random_seed:2,replication:3,num_threads:128,set_partition:false}",1
e60900.json.gz,e,60,900,Dantzig,highs,DantzigFarkas,4,2,100103.25978504594,571478,,571477.9999999985,,60,120,0.013141,0.001535,1.043,8103,616619.7397458337,67.525,1,0,"{timeout:600,max_col_multiplier:1,age_limit:20,random_seed:3,replication:4,num_threads:128,set_partition:false}",-1
e60900.json.gz,e,60,900,Dantzig,highs,DantzigFarkas,4,2,100103.25978504594,571478,82.48331519323578,571477.9999999985,0,60,120,0.013141,0.001535,1.043007,8103,616619.7397458337,33.7625,1,0,"{timeout:600,max_col_multiplier:1,age_limit:20,random_seed:3,replication:4,num_threads:128,set_partition:false}",1
e60900.json.gz,e,60,900,Dantzig,highs,DantzigFarkas,5,2,100103.25978504594,571478,,571477.9999999981,,60,120,0.015056,0.001468,1.057369,8092,537460.1487778958,67.43333333333334,1,0,"{timeout:600,max_col_multiplier:1,age_limit:20,random_seed:4,replication:5,num_threads:128,set_partition:false}",-1
e60900.json.gz,e,60,900,Dantzig,highs,DantzigFarkas,5,2,100103.25978504594,571478,82.48331519323578,571477.9999999981,0,60,120,0.015056,0.001468,1.057376,8092,537460.1487778958,33.71666666666667,1,0,"{timeout:600,max_col_multiplier:1,age_limit:20,random_seed:4,replication:5,num_threads:128,set_partition:false}",1
e60900.json.gz,e,60,900,LagrangeTemplate,highs,LTFarkas,1,3,100103.25978504594,126360,,126360,,60,129,0.00332,0.002483,1.037014,7904,2380722.891566265,61.27131782945737,1,0,"{timeout:600,max_col_multiplier:1,age_limit:2,random_seed:0,replication:1,num_threads:128,set_partition:false}",-1
e60900.json.gz,e,60,900,LagrangeTemplate,highs,LTFarkas,1,3,100103.25978504594,126360,20.778727445394114,126360,0,60,129,0.00332,0.002483,1.037021,7904,2380722.891566265,20.42377260981912,1,0,"{timeout:600,max_col_multiplier:1,age_limit:2,random_seed:0,replication:1,num_threads:128,set_partition:false}",1
e60900.json.gz,e,60,900,LagrangeTemplate,highs,LTFarkas,2,3,100103.25978504594,inf,,136162,,73,120,0.003504,0.002359,1.025065,7913,2258276.2557077627,65.94166666666666,0,0,"{timeout:600,max_col_multiplier:1,age_limit:2,random_seed:1,replication:2,num_threads:128,set_partition:false}",-1
e60900.json.gz,e,60,900,LagrangeTemplate,highs,LTFarkas,2,3,100103.25978504594,inf,nan,136162,0,73,120,0.003504,0.002359,1.025079,7913,2258276.2557077627,21.980555555555554,0,0,"{timeout:600,max_col_multiplier:1,age_limit:2,random_seed:1,replication:2,num_threads:128,set_partition:false}",1
e60900.json.gz,e,60,900,LagrangeTemplate,highs,LTFarkas,3,3,100103.25978504594,inf,,140806.50000000006,,70,120,0.003433,0.003586,1.023608,7912,2304689.775706379,65.93333333333334,0,0,"{timeout:600,max_col_multiplier:1,age_limit:2,random_seed:2,replication:3,num_threads:128,set_partition:false}",-1
e60900.json.gz,e,60,900,LagrangeTemplate,highs,LTFarkas,3,3,100103.25978504594,inf,nan,140806.50000000006,0,70,120,0.003433,0.003586,1.023615,7912,2304689.775706379,21.977777777777778,0,0,"{timeout:600,max_col_multiplier:1,age_limit:2,random_seed:2,replication:3,num_threads:128,set_partition:false}",1
e60900.json.gz,e,60,900,LagrangeTemplate,highs,LTFarkas,4,3,100103.25978504594,123850,,123849.99999999997,,60,128,0.003995,0.002618,1.023711,7919,1982227.7847309136,61.8671875,1,0,"{timeout:600,max_col_multiplier:1,age_limit:2,random_seed:3,replication:4,num_threads:128,set_partition:false}",-1
e60900.json.gz,e,60,900,LagrangeTemplate,highs,LTFarkas,4,3,100103.25978504594,123850,19.173193379087607,123849.99999999997,0,60,128,0.003995,0.002618,1.023719,7919,1982227.7847309136,20.622395833333332,1,0,"{timeout:600,max_col_multiplier:1,age_limit:2,random_seed:3,replication:4,num_threads:128,set_partition:false}",1
e60900.json.gz,e,60,900,LagrangeTemplate,highs,LTFarkas,5,3,100103.25978504594,inf,,144032,,70,120,0.003942,0.003054,1.030785,7933,2012430.2384576355,66.10833333333333,0,0,"{timeout:600,max_col_multiplier:1,age_limit:2,random_seed:4,replication:5,num_threads:128,set_partition:false}",-1
e60900.json.gz,e,60,900,LagrangeTemplate,highs,LTFarkas,5,3,100103.25978504594,inf,nan,144032,0,70,120,0.003942,0.003054,1.030791,7933,2012430.2384576355,22.03611111111111,0,0,"{timeout:600,max_col_multiplier:1,age_limit:2,random_seed:4,replication:5,num_threads:128,set_partition:false}",1
e60900.json.gz,e,60,900,MipTemplate,highs,MTFarkas,1,5,100103.25978504594,117079,,117079,,60,240,0.004723,0.181254,1.221668,7901,1672877.4084268473,32.920833333333334,1,0,"{timeout:600,max_col_multiplier:1,age_limit:2,random_seed:0,replication:1,num_threads:128,set_partition:false}",-1
e60900.json.gz,e,60,900,MipTemplate,highs,MTFarkas,1,5,100103.25978504594,117079,14.498757249378624,117079,0,60,240,0.004723,0.181254,1.221681,7901,1672877.4084268473,6.5841666666666665,1,0,"{timeout:600,max_col_multiplier:1,age_limit:2,random_seed:0,replication:1,num_threads:128,set_partition:false}",1
e60900.json.gz,e,60,900,MipTemplate,highs,MTFarkas,2,5,100103.25978504594,120181,,120181,,60,240,0.005062,0.198347,1.247135,7894,1559462.6629790599,32.891666666666666,1,0,"{timeout:600,max_col_multiplier:1,age_limit:2,random_seed:1,replication:2,num_threads:128,set_partition:false}",-1
e60900.json.gz,e,60,900,MipTemplate,highs,MTFarkas,2,5,100103.25978504594,120181,16.705635666203477,120181,0,60,240,0.005062,0.198347,1.247145,7894,1559462.6629790599,6.578333333333333,1,0,"{timeout:600,max_col_multiplier:1,age_limit:2,random_seed:1,replication:2,num_threads:128,set_partition:false}",1
e60900.json.gz,e,60,900,MipTemplate,highs,MTFarkas,3,5,100103.25978504594,119798,,119798,,60,240,0.004803,0.19337,1.24188,7922,1649385.8005413283,33.00833333333333,1,0,"{timeout:600,max_col_multiplier:1,age_limit:2,random_seed:2,replication:3,num_threads:128,set_partition:false}",-1
e60900.json.gz,e,60,900,MipTemplate,highs,MTFarkas,3,5,100103.25978504594,119798,16.439339554917446,119798,0,60,240,0.004803,0.19337,1.24189,7922,1649385.8005413283,6.601666666666667,1,0,"{timeout:600,max_col_multiplier:1,age_limit:2,random_seed:2,replication:3,num_threads:128,set_partition:false}",1
e60900.json.gz,e,60,900,MipTemplate,highs,MTFarkas,4,5,100103.25978504594,117567,,117567,,60,240,0.004716,0.202612,1.246253,7900,1675148.4308736217,32.916666666666664,1,0,"{timeout:600,max_col_multiplier:1,age_limit:2,random_seed:3,replication:4,num_threads:128,set_partition:false}",-1
e60900.json.gz,e,60,900,MipTemplate,highs,MTFarkas,4,5,100103.25978504594,117567,14.853657914210618,117567,0,60,240,0.004716,0.202612,1.246263,7900,1675148.4308736217,6.583333333333333,1,0,"{timeout:600,max_col_multiplier:1,age_limit:2,random_seed:3,replication:4,num_threads:128,set_partition:false}",1
e60900.json.gz,e,60,900,MipTemplate,highs,MTFarkas,5,5,100103.25978504594,119115,,119115,,60,240,0.005303,0.190583,1.240614,7903,1490288.5159343767,32.92916666666667,1,0,"{timeout:600,max_col_multiplier:1,age_limit:2,random_seed:4,replication:5,num_threads:128,set_partition:false}",-1
e60900.json.gz,e,60,900,MipTemplate,highs,MTFarkas,5,5,100103.25978504594,119115,15.960206523107919,119115,0,60,240,0.005303,0.190583,1.240627,7903,1490288.5159343767,6.585833333333333,1,0,"{timeout:600,max_col_multiplier:1,age_limit:2,random_seed:4,replication:5,num_threads:128,set_partition:false}",1
e801600.json.gz,e,80,1600,Dantzig,highs,DantzigFarkas,1,2,176780.98924722534,1326205,,1326205.0000000023,,80,160,0.036904,0.00201,3.652178,15282,414101.45241708215,95.5125,1,0,"{timeout:600,max_col_multiplier:1,age_limit:34,random_seed:0,replication:1,num_threads:128,set_partition:false}",-1
e801600.json.gz,e,80,1600,Dantzig,highs,DantzigFarkas,1,2,176780.98924722534,1326205,86.67016034474308,1326205.0000000023,0,80,160,0.036904,0.00201,3.652186,15282,414101.45241708215,47.75625,1,0,"{timeout:600,max_col_multiplier:1,age_limit:34,random_seed:0,replication:1,num_threads:128,set_partition:false}",1
e801600.json.gz,e,80,1600,Dantzig,highs,DantzigFarkas,2,2,176780.98924722534,1326205,,1326204.9999999984,,80,160,0.044226,0.001866,3.695622,15525,351037.851037851,97.03125,1,0,"{timeout:600,max_col_multiplier:1,age_limit:34,random_seed:1,replication:2,num_threads:128,set_partition:false}",-1
e801600.json.gz,e,80,1600,Dantzig,highs,DantzigFarkas,2,2,176780.98924722534,1326205,86.67016034474308,1326204.9999999984,0,80,160,0.044226,0.001866,3.69563,15525,351037.851037851,48.515625,1,0,"{timeout:600,max_col_multiplier:1,age_limit:34,random_seed:1,replication:2,num_threads:128,set_partition:false}",1
e801600.json.gz,e,80,1600,Dantzig,highs,DantzigFarkas,3,2,176780.98924722534,1326205,,1326205.000000004,,80,160,0.045019,0.001713,3.668984,15394,341944.51231702167,96.2125,1,0,"{timeout:600,max_col_multiplier:1,age_limit:34,random_seed:2,replication:3,num_threads:128,set_partition:false}",-1
e801600.json.gz,e,80,1600,Dantzig,highs,DantzigFarkas,3,2,176780.98924722534,1326205,86.67016034474308,1326205.000000004,0,80,160,0.045019,0.001713,3.668991,15394,341944.51231702167,48.10625,1,0,"{timeout:600,max_col_multiplier:1,age_limit:34,random_seed:2,replication:3,num_threads:128,set_partition:false}",1
e801600.json.gz,e,80,1600,Dantzig,highs,DantzigFarkas,4,2,176780.98924722534,1326205,,1326204.999999997,,80,160,0.052859,0.00213,3.629199,15549,294159.93492120545,97.18125,1,0,"{timeout:600,max_col_multiplier:1,age_limit:34,random_seed:3,replication:4,num_threads:128,set_partition:false}",-1
e801600.json.gz,e,80,1600,Dantzig,highs,DantzigFarkas,4,2,176780.98924722534,1326205,86.67016034474308,1326204.999999997,0,80,160,0.052859,0.00213,3.629206,15549,294159.93492120545,48.590625,1,0,"{timeout:600,max_col_multiplier:1,age_limit:34,random_seed:3,replication:4,num_threads:128,set_partition:false}",1
e801600.json.gz,e,80,1600,Dantzig,highs,DantzigFarkas,5,2,176780.98924722534,1326205,,1326205.0000000012,,80,160,0.057046,0.002018,3.663853,15524,272131.2624899204,97.025,1,0,"{timeout:600,max_col_multiplier:1,age_limit:34,random_seed:4,replication:5,num_threads:128,set_partition:false}",-1
e801600.json.gz,e,80,1600,Dantzig,highs,DantzigFarkas,5,2,176780.98924722534,1326205,86.67016034474308,1326205.0000000012,0,80,160,0.057046,0.002018,3.663861,15524,272131.2624899204,48.5125,1,0,"{timeout:600,max_col_multiplier:1,age_limit:34,random_seed:4,replication:5,num_threads:128,set_partition:false}",1
e801600.json.gz,e,80,1600,LagrangeTemplate,highs,LTFarkas,1,4,176780.98924722534,203535.99999999994,,203536.00000000015,,80,255,0.010273,0.006471,3.626032,15060,1465978.7793244428,59.05882352941177,1,0,"{timeout:600,max_col_multiplier:1,age_limit:2,random_seed:0,replication:1,num_threads:128,set_partition:false}",-1
e801600.json.gz,e,80,1600,LagrangeTemplate,highs,LTFarkas,1,4,176780.98924722534,203535.99999999994,13.145094725257422,203536.00000000015,0,80,255,0.010273,0.006471,3.62604,15060,1465978.7793244428,14.764705882352942,1,0,"{timeout:600,max_col_multiplier:1,age_limit:2,random_seed:0,replication:1,num_threads:128,set_partition:false}",1
e801600.json.gz,e,80,1600,LagrangeTemplate,highs,LTFarkas,2,3,176780.98924722534,inf,,220366.45454545465,,97,160,0.00669,0.004002,3.585126,14975,2238415.5455904338,93.59375,0,0,"{timeout:600,max_col_multiplier:1,age_limit:2,random_seed:1,replication:2,num_threads:128,set_partition:false}",-1
e801600.json.gz,e,80,1600,LagrangeTemplate,highs,LTFarkas,2,3,176780.98924722534,inf,nan,220366.45454545465,0,97,160,0.00669,0.004002,3.585134,14975,2238415.5455904338,31.197916666666668,0,0,"{timeout:600,max_col_multiplier:1,age_limit:2,random_seed:1,replication:2,num_threads:128,set_partition:false}",1
e801600.json.gz,e,80,1600,LagrangeTemplate,highs,LTFarkas,3,3,176780.98924722534,206287.00000000003,,206287,,80,174,0.008365,0.004627,3.581822,15024,1796054.9910340707,86.34482758620689,1,0,"{timeout:600,max_col_multiplier:1,age_limit:2,random_seed:2,replication:3,num_threads:128,set_partition:false}",-1
e801600.json.gz,e,80,1600,LagrangeTemplate,highs,LTFarkas,3,3,176780.98924722534,206287.00000000003,14.303373455428614,206287,0,80,174,0.008365,0.004627,3.581828,15024,1796054.9910340707,28.781609195402297,1,0,"{timeout:600,max_col_multiplier:1,age_limit:2,random_seed:2,replication:3,num_threads:128,set_partition:false}",1
e801600.json.gz,e,80,1600,LagrangeTemplate,highs,LTFarkas,4,4,176780.98924722534,208991,,208991.00000000087,,80,256,0.009032,0.006306,3.579605,15007,1661536.7581930913,58.62109375,1,0,"{timeout:600,max_col_multiplier:1,age_limit:2,random_seed:3,replication:4,num_threads:128,set_partition:false}",-1
e801600.json.gz,e,80,1600,LagrangeTemplate,highs,LTFarkas,4,4,176780.98924722534,208991,15.412146934556992,208991.00000000087,0,80,256,0.009032,0.006306,3.579613,15007,1661536.7581930913,14.6552734375,1,0,"{timeout:600,max_col_multiplier:1,age_limit:2,random_seed:3,replication:4,num_threads:128,set_partition:false}",1
e801600.json.gz,e,80,1600,LagrangeTemplate,highs,LTFarkas,5,3,176780.98924722534,206298.0000000004,,206298,,80,175,0.007703,0.004262,3.589364,15015,1949240.5556276776,85.8,1,0,"{timeout:600,max_col_multiplier:1,age_limit:2,random_seed:4,replication:5,num_threads:128,set_partition:false}",-1
e801600.json.gz,e,80,1600,LagrangeTemplate,highs,LTFarkas,5,3,176780.98924722534,206298.0000000004,14.307942878748388,206298,0,80,175,0.007703,0.004262,3.589371,15015,1949240.5556276776,28.599999999999998,1,0,"{timeout:600,max_col_multiplier:1,age_limit:2,random_seed:4,replication:5,num_threads:128,set_partition:false}",1
e801600.json.gz,e,80,1600,MipTemplate,highs,MTFarkas,1,6,176780.98924722534,198990,,198990,,80,400,0.015848,0.312627,4.069266,14988,945734.4775365976,37.47,1,0,"{timeout:600,max_col_multiplier:1,age_limit:2,random_seed:0,replication:1,num_threads:128,set_partition:false}",-1
e801600.json.gz,e,80,1600,MipTemplate,highs,MTFarkas,1,6,176780.98924722534,198990,11.160862354892204,198990,0,80,400,0.015848,0.312627,4.069284,14988,945734.4775365976,6.245,1,0,"{timeout:600,max_col_multiplier:1,age_limit:2,random_seed:0,replication:1,num_threads:128,set_partition:false}",1
e801600.json.gz,e,80,1600,MipTemplate,highs,MTFarkas,2,5,176780.98924722534,199691,,199691,,80,320,0.009157,0.240999,3.873357,14928,1630228.2406901824,46.65,1,0,"{timeout:600,max_col_multiplier:1,age_limit:2,random_seed:1,replication:2,num_threads:128,set_partition:false}",-1
e801600.json.gz,e,80,1600,MipTemplate,highs,MTFarkas,2,5,176780.98924722534,199691,11.472725360682254,199691,0,80,320,0.009157,0.240999,3.873367,14928,1630228.2406901824,9.33,1,0,"{timeout:600,max_col_multiplier:1,age_limit:2,random_seed:1,replication:2,num_threads:128,set_partition:false}",1
e801600.json.gz,e,80,1600,MipTemplate,highs,MTFarkas,3,5,176780.98924722534,200688,,200688,,80,320,0.010977,0.223978,3.843342,14958,1362667.3954632413,46.74375,1,0,"{timeout:600,max_col_multiplier:1,age_limit:2,random_seed:2,replication:3,num_threads:128,set_partition:false}",-1
e801600.json.gz,e,80,1600,MipTemplate,highs,MTFarkas,3,5,176780.98924722534,200688,11.912520928007654,200688,0,80,320,0.010977,0.223978,3.843352,14958,1362667.3954632413,9.348749999999999,1,0,"{timeout:600,max_col_multiplier:1,age_limit:2,random_seed:2,replication:3,num_threads:128,set_partition:false}",1
e801600.json.gz,e,80,1600,MipTemplate,highs,MTFarkas,4,6,176780.98924722534,198202,,198202,,80,400,0.013605,0.305162,3.901291,14967,1100110.2535832415,37.4175,1,0,"{timeout:600,max_col_multiplier:1,age_limit:2,random_seed:3,replication:4,num_threads:128,set_partition:false}",-1
e801600.json.gz,e,80,1600,MipTemplate,highs,MTFarkas,4,6,176780.98924722534,198202,10.807660871232379,198202,0,80,400,0.013605,0.305162,3.901315,14967,1100110.2535832415,6.236249999999999,1,0,"{timeout:600,max_col_multiplier:1,age_limit:2,random_seed:3,replication:4,num_threads:128,set_partition:false}",1
e801600.json.gz,e,80,1600,MipTemplate,highs,MTFarkas,5,5,176780.98924722534,196455,,196455,,80,321,0.010432,0.238674,3.872745,14958,1433857.3619631901,46.598130841121495,1,0,"{timeout:600,max_col_multiplier:1,age_limit:2,random_seed:4,replication:5,num_threads:128,set_partition:false}",-1
e801600.json.gz,e,80,1600,MipTemplate,highs,MTFarkas,5,5,176780.98924722534,196455,10.014507139039475,196455,0,80,321,0.010432,0.238674,3.872762,14958,1433857.3619631901,9.3196261682243,1,0,"{timeout:600,max_col_multiplier:1,age_limit:2,random_seed:4,replication:5,num_threads:128,set_partition:false}",1
