instance,class,machines,jobs,algorithm,solver,farkas,replication,iterations,lb,ub,gap,obj,redcost,basis,cols,rmptime,cgtime,time,lpiters,lpiters_per_second,lpiters_per_column,has_integer,timeout,params,last
a05100.json.gz,a,5,100,Dantzig,highs,DantzigFarkas,1,4,1697.727273,inf,,4969.5,,9,15,0.002348,0.002109,0.008662,234,99659.2845,15.6,0,0,"{timeout:21600,max_col_multiplier:1,age_limit:34,random_seed:0,replication:1,num_threads:128}",-1
a05100.json.gz,a,5,100,Dantzig,highs,DantzigFarkas,1,663,1698,1698,0,1698,0,5,323,1.854272,0.182844,2.06616,45570,24575.68253,13.82267471,1,0,"{timeout:21600,max_col_multiplier:1,age_limit:34,random_seed:0,replication:1,num_threads:128}",2
a05100.json.gz,a,5,100,Dantzig,highs,DantzigFarkas,1,663,1698,1698,0,1698,0,5,323,1.854272,0.182844,2.06616,45570,24575.68253,13.82267471,1,0,"{timeout:21600,max_col_multiplier:1,age_limit:34,random_seed:0,replication:1,num_threads:128}",1
a05100.json.gz,a,5,100,Dantzig,highs,DantzigFarkas,2,4,1697.727273,inf,,4575.5,,10,15,0.002015,0.00188,0.005793,249,123573.201,16.6,0,0,"{timeout:21600,max_col_multiplier:1,age_limit:34,random_seed:1,replication:2,num_threads:128}",-1
a05100.json.gz,a,5,100,Dantzig,highs,DantzigFarkas,2,662,1697.740854,1698,0,1698,0.259146341,5,293,1.941302,0.171921,2.141337,46646,24028.20375,14.38544814,1,0,"{timeout:21600,max_col_multiplier:1,age_limit:34,random_seed:1,replication:2,num_threads:128}",2
a05100.json.gz,a,5,100,Dantzig,highs,DantzigFarkas,2,662,1697.740854,1698,0,1698,0.259146341,5,293,1.941302,0.171921,2.141338,46646,24028.20375,14.38544814,1,0,"{timeout:21600,max_col_multiplier:1,age_limit:34,random_seed:1,replication:2,num_threads:128}",1
a05100.json.gz,a,5,100,Dantzig,highs,DantzigFarkas,3,4,1697.727273,inf,,5045.5,,9,15,0.00136,0.001349,0.004757,246,180882.3529,16.4,0,0,"{timeout:21600,max_col_multiplier:1,age_limit:34,random_seed:2,replication:3,num_threads:128}",-1
a05100.json.gz,a,5,100,Dantzig,highs,DantzigFarkas,3,710,1697.727273,1698,0,1698,4.730276581,5,435,2.216701,0.166551,2.413415,53807,24273.45862,15.04901408,1,0,"{timeout:21600,max_col_multiplier:1,age_limit:34,random_seed:2,replication:3,num_threads:128}",2
a05100.json.gz,a,5,100,Dantzig,highs,DantzigFarkas,3,710,1697.727273,1698,0,1698,4.730276581,5,435,2.216701,0.166551,2.413416,53807,24273.45862,15.04901408,1,0,"{timeout:21600,max_col_multiplier:1,age_limit:34,random_seed:2,replication:3,num_threads:128}",1
a05100.json.gz,a,5,100,Dantzig,highs,DantzigFarkas,4,5,1697.727273,inf,,4453.75,,15,20,0.001772,0.001607,0.005321,258,145598.1941,12.9,0,0,"{timeout:21600,max_col_multiplier:1,age_limit:34,random_seed:3,replication:4,num_threads:128}",-1
a05100.json.gz,a,5,100,Dantzig,highs,DantzigFarkas,4,693,1697.727273,1698,0,1698,4.646404213,5,411,2.15115,0.16663,2.346943,51971,24159.63554,15.04401154,1,0,"{timeout:21600,max_col_multiplier:1,age_limit:34,random_seed:3,replication:4,num_threads:128}",2
a05100.json.gz,a,5,100,Dantzig,highs,DantzigFarkas,4,693,1697.727273,1698,0,1698,4.646404213,5,411,2.15115,0.16663,2.346943,51971,24159.63554,15.04401154,1,0,"{timeout:21600,max_col_multiplier:1,age_limit:34,random_seed:3,replication:4,num_threads:128}",1
a05100.json.gz,a,5,100,Dantzig,highs,DantzigFarkas,5,4,1697.727273,inf,,4982,,9,15,0.001504,0.001295,0.004667,239,158909.5745,15.93333333,0,0,"{timeout:21600,max_col_multiplier:1,age_limit:34,random_seed:4,replication:5,num_threads:128}",-1
a05100.json.gz,a,5,100,Dantzig,highs,DantzigFarkas,5,646,1697.727273,1698,0,1698,2.799813306,5,427,1.967491,0.162364,2.157184,48021,24407.22728,14.81916925,1,0,"{timeout:21600,max_col_multiplier:1,age_limit:34,random_seed:4,replication:5,num_threads:128}",2
a05100.json.gz,a,5,100,Dantzig,highs,DantzigFarkas,5,646,1697.727273,1698,0,1698,2.799813306,5,427,1.967491,0.162364,2.157185,48021,24407.22728,14.81916925,1,0,"{timeout:21600,max_col_multiplier:1,age_limit:34,random_seed:4,replication:5,num_threads:128}",1
a05100.json.gz,a,5,100,Wentges,highs,DantzigFarkas,1,4,1697.727273,inf,,4969.5,,9,15,0.001685,0.001725,0.007806,234,138872.4036,15.6,0,0,"{timeout:21600,max_col_multiplier:1,age_limit:7,random_seed:0,replication:1,num_threads:128}",-1
a05100.json.gz,a,5,100,Wentges,highs,DantzigFarkas,1,209,1697.727273,1698,0,1698,14.61051462,5,166,0.314829,0.088737,0.415884,11182,35517.69373,11.34106858,1,0,"{timeout:21600,max_col_multiplier:1,age_limit:7,random_seed:0,replication:1,num_threads:128}",2
a05100.json.gz,a,5,100,Wentges,highs,DantzigFarkas,1,209,1697.727273,1698,0,1698,14.61051462,5,166,0.314829,0.088737,0.415884,11182,35517.69373,11.34106858,1,0,"{timeout:21600,max_col_multiplier:1,age_limit:7,random_seed:0,replication:1,num_threads:128}",1
a05100.json.gz,a,5,100,Wentges,highs,DantzigFarkas,2,4,1697.727273,inf,,4575.5,,10,15,0.002262,0.002016,0.007249,249,110079.5756,16.6,0,0,"{timeout:21600,max_col_multiplier:1,age_limit:7,random_seed:1,replication:2,num_threads:128}",-1
a05100.json.gz,a,5,100,Wentges,highs,DantzigFarkas,2,275,1698,1698,0,1698,0,5,137,0.387009,0.089405,0.488834,12395,32027.67894,10.18151515,1,0,"{timeout:21600,max_col_multiplier:1,age_limit:7,random_seed:1,replication:2,num_threads:128}",2
a05100.json.gz,a,5,100,Wentges,highs,DantzigFarkas,2,275,1698,1698,0,1698,0,5,137,0.387009,0.089405,0.488835,12395,32027.67894,10.18151515,1,0,"{timeout:21600,max_col_multiplier:1,age_limit:7,random_seed:1,replication:2,num_threads:128}",1
a05100.json.gz,a,5,100,Wentges,highs,DantzigFarkas,3,4,1697.727273,inf,,5045.5,,9,15,0.001816,0.001486,0.005153,246,135462.5551,16.4,0,0,"{timeout:21600,max_col_multiplier:1,age_limit:7,random_seed:2,replication:3,num_threads:128}",-1
a05100.json.gz,a,5,100,Wentges,highs,DantzigFarkas,3,198,1697.727273,1698,0,1698,20.51048951,5,166,0.31028,0.066358,0.386137,10680,34420.5234,11.41590909,1,0,"{timeout:21600,max_col_multiplier:1,age_limit:7,random_seed:2,replication:3,num_threads:128}",2
a05100.json.gz,a,5,100,Wentges,highs,DantzigFarkas,3,198,1697.727273,1698,0,1698,20.51048951,5,166,0.31028,0.066358,0.386138,10680,34420.5234,11.41590909,1,0,"{timeout:21600,max_col_multiplier:1,age_limit:7,random_seed:2,replication:3,num_threads:128}",1
a05100.json.gz,a,5,100,Wentges,highs,DantzigFarkas,4,5,1697.727273,inf,,4453.75,,15,20,0.003264,0.002097,0.008281,258,79044.11765,12.9,0,0,"{timeout:21600,max_col_multiplier:1,age_limit:7,random_seed:3,replication:4,num_threads:128}",-1
a05100.json.gz,a,5,100,Wentges,highs,DantzigFarkas,4,178,1697.727273,1698,0,1698,20.07142857,5,166,0.277628,0.06397,0.351506,9304,33512.46992,11.09194757,1,0,"{timeout:21600,max_col_multiplier:1,age_limit:7,random_seed:3,replication:4,num_threads:128}",2
a05100.json.gz,a,5,100,Wentges,highs,DantzigFarkas,4,178,1697.727273,1698,0,1698,20.07142857,5,166,0.277628,0.06397,0.351507,9304,33512.46992,11.09194757,1,0,"{timeout:21600,max_col_multiplier:1,age_limit:7,random_seed:3,replication:4,num_threads:128}",1
a05100.json.gz,a,5,100,Wentges,highs,DantzigFarkas,5,4,1697.727273,inf,,4982,,9,15,0.002548,0.001943,0.007432,239,93799.05808,15.93333333,0,0,"{timeout:21600,max_col_multiplier:1,age_limit:7,random_seed:4,replication:5,num_threads:128}",-1
a05100.json.gz,a,5,100,Wentges,highs,DantzigFarkas,5,236,1697.727273,1698,0,1698,23.29761905,5,142,0.335777,0.075923,0.423071,11218,33409.07805,10.47365819,1,0,"{timeout:21600,max_col_multiplier:1,age_limit:7,random_seed:4,replication:5,num_threads:128}",2
a05100.json.gz,a,5,100,Wentges,highs,DantzigFarkas,5,236,1697.727273,1698,0,1698,23.29761905,5,142,0.335777,0.075923,0.423072,11218,33409.07805,10.47365819,1,0,"{timeout:21600,max_col_multiplier:1,age_limit:7,random_seed:4,replication:5,num_threads:128}",1
a05200.json.gz,a,5,200,Dantzig,highs,DantzigFarkas,1,6,3234.73913,inf,,8134.8,,16,25,0.00511,0.002414,0.010839,519,101565.5577,20.76,0,0,"{timeout:21600,max_col_multiplier:1,age_limit:132,random_seed:0,replication:1,num_threads:128}",-1
a05200.json.gz,a,5,200,Dantzig,highs,DantzigFarkas,1,4418,3234.73913,3235,0,3235,0.451690821,5,1311,133.062246,1.111321,134.630655,876557,6587.571053,39.68949977,1,0,"{timeout:21600,max_col_multiplier:1,age_limit:132,random_seed:0,replication:1,num_threads:128}",2
a05200.json.gz,a,5,200,Dantzig,highs,DantzigFarkas,1,4418,3234.73913,3235,0,3235,0.451690821,5,1311,133.062246,1.111321,134.630656,876557,6587.571053,39.68949977,1,0,"{timeout:21600,max_col_multiplier:1,age_limit:132,random_seed:0,replication:1,num_threads:128}",1
a05200.json.gz,a,5,200,Dantzig,highs,DantzigFarkas,2,5,3234.73913,inf,,8156,,14,20,0.003342,0.001899,0.008736,483,144524.237,24.15,0,0,"{timeout:21600,max_col_multiplier:1,age_limit:132,random_seed:1,replication:2,num_threads:128}",-1
a05200.json.gz,a,5,200,Dantzig,highs,DantzigFarkas,2,3724,3234.73913,inf,nan,3235,0.536655212,9,1579,114.644371,0.917484,115.959551,742869,6479.76864,39.8520811,0,0,"{timeout:21600,max_col_multiplier:1,age_limit:132,random_seed:1,replication:2,num_threads:128}",2
a05200.json.gz,a,5,200,Dantzig,highs,DantzigFarkas,2,3724,3234.73913,inf,nan,3235,0.536655212,9,1579,114.644371,0.917484,115.959552,742869,6479.76864,39.8520811,0,0,"{timeout:21600,max_col_multiplier:1,age_limit:132,random_seed:1,replication:2,num_threads:128}",1
a05200.json.gz,a,5,200,Dantzig,highs,DantzigFarkas,3,4,3234.73913,inf,,8680,,10,15,0.003282,0.001309,0.008256,483,147166.362,32.2,0,0,"{timeout:21600,max_col_multiplier:1,age_limit:132,random_seed:2,replication:3,num_threads:128}",-1
a05200.json.gz,a,5,200,Dantzig,highs,DantzigFarkas,3,3356,3235,inf,nan,3235,0,9,1370,102.519576,0.833486,103.709165,657278,6411.243839,39.27416567,0,0,"{timeout:21600,max_col_multiplier:1,age_limit:132,random_seed:2,replication:3,num_threads:128}",2
a05200.json.gz,a,5,200,Dantzig,highs,DantzigFarkas,3,3356,3235,inf,nan,3235,0,9,1370,102.519576,0.833486,103.709166,657278,6411.243839,39.27416567,0,0,"{timeout:21600,max_col_multiplier:1,age_limit:132,random_seed:2,replication:3,num_threads:128}",1
a05200.json.gz,a,5,200,Dantzig,highs,DantzigFarkas,4,4,3234.73913,inf,,8539.833333,,15,15,0.003302,0.001387,0.008093,478,144760.7511,31.86666667,0,0,"{timeout:21600,max_col_multiplier:1,age_limit:132,random_seed:3,replication:4,num_threads:128}",-1
a05200.json.gz,a,5,200,Dantzig,highs,DantzigFarkas,4,4314,3234.73913,3235,0,3235,6.723480271,5,1467,132.365695,1.065269,133.880474,875197,6611.962412,40.5262556,1,0,"{timeout:21600,max_col_multiplier:1,age_limit:132,random_seed:3,replication:4,num_threads:128}",2
a05200.json.gz,a,5,200,Dantzig,highs,DantzigFarkas,4,4314,3234.73913,3235,0,3235,6.723480271,5,1467,132.365695,1.065269,133.880474,875197,6611.962412,40.5262556,1,0,"{timeout:21600,max_col_multiplier:1,age_limit:132,random_seed:3,replication:4,num_threads:128}",1
a05200.json.gz,a,5,200,Dantzig,highs,DantzigFarkas,5,4,3234.73913,inf,,8547.5,,10,15,0.003091,0.001624,0.008044,480,155289.5503,32,0,0,"{timeout:21600,max_col_multiplier:1,age_limit:132,random_seed:4,replication:5,num_threads:128}",-1
a05200.json.gz,a,5,200,Dantzig,highs,DantzigFarkas,5,4717,3234.807692,inf,nan,3235,0.192307692,13,1460,135.961445,1.159446,137.604923,909794,6691.558772,38.57842909,0,0,"{timeout:21600,max_col_multiplier:1,age_limit:132,random_seed:4,replication:5,num_threads:128}",2
a05200.json.gz,a,5,200,Dantzig,highs,DantzigFarkas,5,4717,3234.807692,inf,nan,3235,0.192307692,13,1460,135.961445,1.159446,137.604924,909794,6691.558772,38.57842909,0,0,"{timeout:21600,max_col_multiplier:1,age_limit:132,random_seed:4,replication:5,num_threads:128}",1
a05200.json.gz,a,5,200,Wentges,highs,DantzigFarkas,1,6,3234.73913,inf,,8134.8,,16,25,0.004374,0.002162,0.00994,519,118655.6927,20.76,0,0,"{timeout:21600,max_col_multiplier:1,age_limit:13,random_seed:0,replication:1,num_threads:128}",-1
a05200.json.gz,a,5,200,Wentges,highs,DantzigFarkas,1,757,3234.73913,inf,nan,3235,15.00000001,9,272,6.430223,0.329458,6.801304,80018,12444.04743,23.19329811,0,0,"{timeout:21600,max_col_multiplier:1,age_limit:13,random_seed:0,replication:1,num_threads:128}",2
a05200.json.gz,a,5,200,Wentges,highs,DantzigFarkas,1,757,3234.73913,inf,nan,3235,15.00000001,9,272,6.430223,0.329458,6.801305,80018,12444.04743,23.19329811,0,0,"{timeout:21600,max_col_multiplier:1,age_limit:13,random_seed:0,replication:1,num_threads:128}",1
a05200.json.gz,a,5,200,Wentges,highs,DantzigFarkas,2,5,3234.73913,inf,,8156,,14,20,0.004156,0.001572,0.00942,483,116217.5168,24.15,0,0,"{timeout:21600,max_col_multiplier:1,age_limit:13,random_seed:1,replication:2,num_threads:128}",-1
a05200.json.gz,a,5,200,Wentges,highs,DantzigFarkas,2,723,3234.73913,3235,8.43E-14,3235,17.91426526,5,329,7.831811,0.301638,8.177005,95349,12174.57878,27.82210696,1,0,"{timeout:21600,max_col_multiplier:1,age_limit:13,random_seed:1,replication:2,num_threads:128}",2
a05200.json.gz,a,5,200,Wentges,highs,DantzigFarkas,2,723,3234.73913,3235,8.43E-14,3235,17.91426526,5,329,7.831811,0.301638,8.177006,95349,12174.57878,27.82210696,1,0,"{timeout:21600,max_col_multiplier:1,age_limit:13,random_seed:1,replication:2,num_threads:128}",1
a05200.json.gz,a,5,200,Wentges,highs,DantzigFarkas,3,4,3234.73913,inf,,8680,,10,15,0.003777,0.001609,0.01693,483,127879.2693,32.2,0,0,"{timeout:21600,max_col_multiplier:1,age_limit:13,random_seed:2,replication:3,num_threads:128}",-1
a05200.json.gz,a,5,200,Wentges,highs,DantzigFarkas,3,639,3234.73913,3235,0,3235,6,5,362,6.897243,0.26103,7.205367,85346,12373.9297,28.26309338,1,0,"{timeout:21600,max_col_multiplier:1,age_limit:13,random_seed:2,replication:3,num_threads:128}",2
a05200.json.gz,a,5,200,Wentges,highs,DantzigFarkas,3,639,3234.73913,3235,0,3235,6,5,362,6.897243,0.26103,7.205368,85346,12373.9297,28.26309338,1,0,"{timeout:21600,max_col_multiplier:1,age_limit:13,random_seed:2,replication:3,num_threads:128}",1
a05200.json.gz,a,5,200,Wentges,highs,DantzigFarkas,4,4,3234.73913,inf,,8539.833333,,15,15,0.003257,0.001404,0.008044,478,146760.8228,31.86666667,0,0,"{timeout:21600,max_col_multiplier:1,age_limit:13,random_seed:3,replication:4,num_threads:128}",-1
a05200.json.gz,a,5,200,Wentges,highs,DantzigFarkas,4,653,3234.73913,3235,2.53E-13,3235,5.28571429,5,339,6.82801,0.263477,7.131437,86236,12629.74132,28.1503318,1,0,"{timeout:21600,max_col_multiplier:1,age_limit:13,random_seed:3,replication:4,num_threads:128}",2
a05200.json.gz,a,5,200,Wentges,highs,DantzigFarkas,4,653,3234.73913,3235,2.53E-13,3235,5.28571429,5,339,6.82801,0.263477,7.131438,86236,12629.74132,28.1503318,1,0,"{timeout:21600,max_col_multiplier:1,age_limit:13,random_seed:3,replication:4,num_threads:128}",1
a05200.json.gz,a,5,200,Wentges,highs,DantzigFarkas,5,4,3234.73913,inf,,8547.5,,10,15,0.003072,0.001164,0.007625,480,156250,32,0,0,"{timeout:21600,max_col_multiplier:1,age_limit:13,random_seed:4,replication:5,num_threads:128}",-1
a05200.json.gz,a,5,200,Wentges,highs,DantzigFarkas,5,579,3234.73913,3235,0,3235,31.99111267,5,367,6.350848,0.236067,6.622601,79486,12515.80891,28.55708117,1,0,"{timeout:21600,max_col_multiplier:1,age_limit:13,random_seed:4,replication:5,num_threads:128}",2
a05200.json.gz,a,5,200,Wentges,highs,DantzigFarkas,5,579,3234.73913,3235,0,3235,31.99111267,5,367,6.350848,0.236067,6.622602,79486,12515.80891,28.55708117,1,0,"{timeout:21600,max_col_multiplier:1,age_limit:13,random_seed:4,replication:5,num_threads:128}",1
a10100.json.gz,a,10,100,Dantzig,highs,DantzigFarkas,1,3,1358.556923,2341,,2341,,10,30,0.001049,0.000951,0.005004,232,221163.0124,7.733333333,1,0,"{timeout:21600,max_col_multiplier:1,age_limit:10,random_seed:0,replication:1,num_threads:128}",-1
a10100.json.gz,a,10,100,Dantzig,highs,DantzigFarkas,1,203,1359.2,1360,0,1360,0.8,10,282,0.465333,0.060036,0.53795,17062,36666.21538,8.387671045,1,0,"{timeout:21600,max_col_multiplier:1,age_limit:10,random_seed:0,replication:1,num_threads:128}",2
a10100.json.gz,a,10,100,Dantzig,highs,DantzigFarkas,1,203,1359.2,1360,0,1360,0.8,10,282,0.465333,0.060036,0.53795,17062,36666.21538,8.387671045,1,0,"{timeout:21600,max_col_multiplier:1,age_limit:10,random_seed:0,replication:1,num_threads:128}",1
a10100.json.gz,a,10,100,Dantzig,highs,DantzigFarkas,2,3,1358.556923,inf,,6204.5,,16,20,0.001148,0.000994,0.00472,231,201219.5122,11.55,0,0,"{timeout:21600,max_col_multiplier:1,age_limit:10,random_seed:1,replication:2,num_threads:128}",-1
a10100.json.gz,a,10,100,Dantzig,highs,DantzigFarkas,2,202,1359.166667,inf,nan,1360,0.833333333,23,229,0.421884,0.057535,0.491187,16312,38664.65664,8.099972497,0,0,"{timeout:21600,max_col_multiplier:1,age_limit:10,random_seed:1,replication:2,num_threads:128}",2
a10100.json.gz,a,10,100,Dantzig,highs,DantzigFarkas,2,202,1359.166667,inf,nan,1360,0.833333333,23,229,0.421884,0.057535,0.491188,16312,38664.65664,8.099972497,0,0,"{timeout:21600,max_col_multiplier:1,age_limit:10,random_seed:1,replication:2,num_threads:128}",1
a10100.json.gz,a,10,100,Dantzig,highs,DantzigFarkas,3,3,1358.556923,2353,,2353,,10,30,0.00122,0.001232,0.005517,234,191803.2787,7.8,1,0,"{timeout:21600,max_col_multiplier:1,age_limit:10,random_seed:2,replication:3,num_threads:128}",-1
a10100.json.gz,a,10,100,Dantzig,highs,DantzigFarkas,3,216,1360,2353,42.20144496,1360,0,20,270,0.509201,0.062082,0.583948,18735,36792.93638,8.586623677,1,0,"{timeout:21600,max_col_multiplier:1,age_limit:10,random_seed:2,replication:3,num_threads:128}",2
a10100.json.gz,a,10,100,Dantzig,highs,DantzigFarkas,3,216,1360,2353,42.20144496,1360,0,20,270,0.509201,0.062082,0.583948,18735,36792.93638,8.586623677,1,0,"{timeout:21600,max_col_multiplier:1,age_limit:10,random_seed:2,replication:3,num_threads:128}",1
a10100.json.gz,a,10,100,Dantzig,highs,DantzigFarkas,4,3,1358.556923,2366,,2366,,10,30,0.001079,0.000857,0.004995,235,217794.2539,7.833333333,1,0,"{timeout:21600,max_col_multiplier:1,age_limit:10,random_seed:3,replication:4,num_threads:128}",-1
a10100.json.gz,a,10,100,Dantzig,highs,DantzigFarkas,4,207,1359.042328,1360,0,1360,1.871794872,10,229,0.469889,0.063154,0.545762,17912,38119.64102,8.669914117,1,0,"{timeout:21600,max_col_multiplier:1,age_limit:10,random_seed:3,replication:4,num_threads:128}",2
a10100.json.gz,a,10,100,Dantzig,highs,DantzigFarkas,4,207,1359.042328,1360,0,1360,1.871794872,10,229,0.469889,0.063154,0.545763,17912,38119.64102,8.669914117,1,0,"{timeout:21600,max_col_multiplier:1,age_limit:10,random_seed:3,replication:4,num_threads:128}",1
a10100.json.gz,a,10,100,Dantzig,highs,DantzigFarkas,5,3,1358.556923,inf,,6648.666667,,16,20,0.001221,0.001083,0.004905,238,194922.1949,11.9,0,0,"{timeout:21600,max_col_multiplier:1,age_limit:10,random_seed:4,replication:5,num_threads:128}",-1
a10100.json.gz,a,10,100,Dantzig,highs,DantzigFarkas,5,204,1359.5,inf,nan,1360,0.5,21,253,0.439249,0.063773,0.515275,16822,38297.18451,8.211492375,0,0,"{timeout:21600,max_col_multiplier:1,age_limit:10,random_seed:4,replication:5,num_threads:128}",2
a10100.json.gz,a,10,100,Dantzig,highs,DantzigFarkas,5,204,1359.5,inf,nan,1360,0.5,21,253,0.439249,0.063773,0.515276,16822,38297.18451,8.211492375,0,0,"{timeout:21600,max_col_multiplier:1,age_limit:10,random_seed:4,replication:5,num_threads:128}",1
a10100.json.gz,a,10,100,Wentges,highs,DantzigFarkas,1,3,1358.556923,2341,,2341,,10,30,0.000992,0.001278,0.005333,232,233870.9677,7.733333333,1,0,"{timeout:21600,max_col_multiplier:1,age_limit:4,random_seed:0,replication:1,num_threads:128}",-1
a10100.json.gz,a,10,100,Wentges,highs,DantzigFarkas,1,109,1360,1360,0,1360,0,10,127,0.167144,0.037877,0.213373,6495,38858.70866,6.553447648,1,0,"{timeout:21600,max_col_multiplier:1,age_limit:4,random_seed:0,replication:1,num_threads:128}",2
a10100.json.gz,a,10,100,Wentges,highs,DantzigFarkas,1,109,1360,1360,0,1360,0,10,127,0.167144,0.037877,0.213374,6495,38858.70866,6.553447648,1,0,"{timeout:21600,max_col_multiplier:1,age_limit:4,random_seed:0,replication:1,num_threads:128}",1
a10100.json.gz,a,10,100,Wentges,highs,DantzigFarkas,2,3,1358.556923,inf,,6204.5,,16,20,0.001191,0.001253,0.005113,231,193954.6599,11.55,0,0,"{timeout:21600,max_col_multiplier:1,age_limit:4,random_seed:1,replication:2,num_threads:128}",-1
a10100.json.gz,a,10,100,Wentges,highs,DantzigFarkas,2,102,1360,1360,0,1360,0,10,129,0.14298,0.033649,0.184067,6490,45390.96377,6.740137722,1,0,"{timeout:21600,max_col_multiplier:1,age_limit:4,random_seed:1,replication:2,num_threads:128}",2
a10100.json.gz,a,10,100,Wentges,highs,DantzigFarkas,2,102,1360,1360,0,1360,0,10,129,0.14298,0.033649,0.184067,6490,45390.96377,6.740137722,1,0,"{timeout:21600,max_col_multiplier:1,age_limit:4,random_seed:1,replication:2,num_threads:128}",1
a10100.json.gz,a,10,100,Wentges,highs,DantzigFarkas,3,3,1358.556923,2353,,2353,,10,30,0.00106,0.001017,0.005157,234,220754.717,7.8,1,0,"{timeout:21600,max_col_multiplier:1,age_limit:4,random_seed:2,replication:3,num_threads:128}",-1
a10100.json.gz,a,10,100,Wentges,highs,DantzigFarkas,3,111,1359.333333,2353,42.20144496,1360,0.666666667,20,117,0.157064,0.042507,0.207982,6184,39372.4851,6.198058773,1,0,"{timeout:21600,max_col_multiplier:1,age_limit:4,random_seed:2,replication:3,num_threads:128}",2
a10100.json.gz,a,10,100,Wentges,highs,DantzigFarkas,3,111,1359.333333,2353,42.20144496,1360,0.666666667,20,117,0.157064,0.042507,0.207983,6184,39372.4851,6.198058773,1,0,"{timeout:21600,max_col_multiplier:1,age_limit:4,random_seed:2,replication:3,num_threads:128}",1
a10100.json.gz,a,10,100,Wentges,highs,DantzigFarkas,4,3,1358.556923,2366,,2366,,10,30,0.001446,0.000991,0.005545,235,162517.2891,7.833333333,1,0,"{timeout:21600,max_col_multiplier:1,age_limit:4,random_seed:3,replication:4,num_threads:128}",-1
a10100.json.gz,a,10,100,Wentges,highs,DantzigFarkas,4,127,1359.666667,2366,42.51901944,1360,0.333333333,18,125,0.170206,0.04039,0.219396,7056,41455.64786,6.212626547,1,0,"{timeout:21600,max_col_multiplier:1,age_limit:4,random_seed:3,replication:4,num_threads:128}",2
a10100.json.gz,a,10,100,Wentges,highs,DantzigFarkas,4,127,1359.666667,2366,42.51901944,1360,0.333333333,18,125,0.170206,0.04039,0.219397,7056,41455.64786,6.212626547,1,0,"{timeout:21600,max_col_multiplier:1,age_limit:4,random_seed:3,replication:4,num_threads:128}",1
a10100.json.gz,a,10,100,Wentges,highs,DantzigFarkas,5,3,1358.556923,inf,,6648.666667,,16,20,0.001121,0.000826,0.004626,238,212310.4371,11.9,0,0,"{timeout:21600,max_col_multiplier:1,age_limit:4,random_seed:4,replication:5,num_threads:128}",-1
a10100.json.gz,a,10,100,Wentges,highs,DantzigFarkas,5,95,1359.333333,inf,nan,1360,0.666666667,13,120,0.121616,0.033236,0.162253,5770,47444.41521,6.548918129,0,0,"{timeout:21600,max_col_multiplier:1,age_limit:4,random_seed:4,replication:5,num_threads:128}",2
a10100.json.gz,a,10,100,Wentges,highs,DantzigFarkas,5,95,1359.333333,inf,nan,1360,0.666666667,13,120,0.121616,0.033236,0.162254,5770,47444.41521,6.548918129,0,0,"{timeout:21600,max_col_multiplier:1,age_limit:4,random_seed:4,replication:5,num_threads:128}",1
a10200.json.gz,a,10,200,Dantzig,highs,DantzigFarkas,1,4,2623,inf,,11262,,21,30,0.002809,0.00174,0.00954,459,163403.3464,15.3,0,0,"{timeout:21600,max_col_multiplier:1,age_limit:34,random_seed:0,replication:1,num_threads:128}",-1
a10200.json.gz,a,10,200,Dantzig,highs,DantzigFarkas,1,729,2623,2624,0.038109756,2623,0.088888889,23,870,13.216501,0.201681,13.478818,166030,12562.32644,23.07426895,1,0,"{timeout:21600,max_col_multiplier:1,age_limit:34,random_seed:0,replication:1,num_threads:128}",2
a10200.json.gz,a,10,200,Dantzig,highs,DantzigFarkas,1,729,2623,2624,0.038109756,2623,0.088888889,23,870,13.216501,0.201681,13.478819,166030,12562.32644,23.07426895,1,0,"{timeout:21600,max_col_multiplier:1,age_limit:34,random_seed:0,replication:1,num_threads:128}",1
a10200.json.gz,a,10,200,Dantzig,highs,DantzigFarkas,2,4,2623,inf,,10821.25,,23,30,0.003123,0.001515,0.009865,478,153057.9571,15.93333333,0,0,"{timeout:21600,max_col_multiplier:1,age_limit:34,random_seed:1,replication:2,num_threads:128}",-1
a10200.json.gz,a,10,200,Dantzig,highs,DantzigFarkas,2,753,2623,inf,nan,2623,2.614328244,16,843,13.513546,0.1978,13.774004,168281,12452.76406,22.31456766,0,0,"{timeout:21600,max_col_multiplier:1,age_limit:34,random_seed:1,replication:2,num_threads:128}",2
a10200.json.gz,a,10,200,Dantzig,highs,DantzigFarkas,2,753,2623,inf,nan,2623,2.614328244,16,843,13.513546,0.1978,13.774005,168281,12452.76406,22.31456766,0,0,"{timeout:21600,max_col_multiplier:1,age_limit:34,random_seed:1,replication:2,num_threads:128}",1
a10200.json.gz,a,10,200,Dantzig,highs,DantzigFarkas,3,3,2623,inf,,13167.5,,15,20,0.003096,0.001096,0.009004,476,153746.77,23.8,0,0,"{timeout:21600,max_col_multiplier:1,age_limit:34,random_seed:2,replication:3,num_threads:128}",-1
a10200.json.gz,a,10,200,Dantzig,highs,DantzigFarkas,3,774,2623,2623,1.64E-11,2623,0.75,10,673,13.328092,0.206109,13.596609,167671,12580.2703,22.78794399,1,0,"{timeout:21600,max_col_multiplier:1,age_limit:34,random_seed:2,replication:3,num_threads:128}",2
a10200.json.gz,a,10,200,Dantzig,highs,DantzigFarkas,3,774,2623,2623,1.64E-11,2623,0.75,10,673,13.328092,0.206109,13.59661,167671,12580.2703,22.78794399,1,0,"{timeout:21600,max_col_multiplier:1,age_limit:34,random_seed:2,replication:3,num_threads:128}",1
a10200.json.gz,a,10,200,Dantzig,highs,DantzigFarkas,4,4,2623,inf,,10458.75,,22,30,0.003718,0.001348,0.010097,501,134749.8655,16.7,0,0,"{timeout:21600,max_col_multiplier:1,age_limit:34,random_seed:3,replication:4,num_threads:128}",-1
a10200.json.gz,a,10,200,Dantzig,highs,DantzigFarkas,4,779,2623,2623,3.64E-13,2623,0.653846154,10,876,13.504318,0.198846,13.769097,168982,12513.18282,21.72010412,1,0,"{timeout:21600,max_col_multiplier:1,age_limit:34,random_seed:3,replication:4,num_threads:128}",2
a10200.json.gz,a,10,200,Dantzig,highs,DantzigFarkas,4,779,2623,2623,3.64E-13,2623,0.653846154,10,876,13.504318,0.198846,13.769097,168982,12513.18282,21.72010412,1,0,"{timeout:21600,max_col_multiplier:1,age_limit:34,random_seed:3,replication:4,num_threads:128}",1
a10200.json.gz,a,10,200,Dantzig,highs,DantzigFarkas,5,4,2623,inf,,12077,,16,30,0.00343,0.001736,0.010251,462,134693.8776,15.4,0,0,"{timeout:21600,max_col_multiplier:1,age_limit:34,random_seed:4,replication:5,num_threads:128}",-1
a10200.json.gz,a,10,200,Dantzig,highs,DantzigFarkas,5,761,2623,inf,nan,2623,0,23,841,13.583489,0.20902,13.85753,169060,12445.99234,22.21054273,0,0,"{timeout:21600,max_col_multiplier:1,age_limit:34,random_seed:4,replication:5,num_threads:128}",2
a10200.json.gz,a,10,200,Dantzig,highs,DantzigFarkas,5,761,2623,inf,nan,2623,0,23,841,13.583489,0.20902,13.857531,169060,12445.99234,22.21054273,0,0,"{timeout:21600,max_col_multiplier:1,age_limit:34,random_seed:4,replication:5,num_threads:128}",1
a10200.json.gz,a,10,200,Wentges,highs,DantzigFarkas,1,4,2623,inf,,11262,,21,30,0.003126,0.001788,0.009899,459,146833.0134,15.3,0,0,"{timeout:21600,max_col_multiplier:1,age_limit:7,random_seed:0,replication:1,num_threads:128}",-1
a10200.json.gz,a,10,200,Wentges,highs,DantzigFarkas,1,269,2623,2623,1.10E-11,2623,2.583333333,10,286,1.707966,0.102963,1.832145,37882,22179.59842,16.12731309,1,0,"{timeout:21600,max_col_multiplier:1,age_limit:7,random_seed:0,replication:1,num_threads:128}",2
a10200.json.gz,a,10,200,Wentges,highs,DantzigFarkas,1,269,2623,2623,1.10E-11,2623,2.583333333,10,286,1.707966,0.102963,1.832146,37882,22179.59842,16.12731309,1,0,"{timeout:21600,max_col_multiplier:1,age_limit:7,random_seed:0,replication:1,num_threads:128}",1
a10200.json.gz,a,10,200,Wentges,highs,DantzigFarkas,2,4,2623,inf,,10821.25,,23,30,0.003165,0.001602,0.009676,478,151026.8562,15.93333333,0,0,"{timeout:21600,max_col_multiplier:1,age_limit:7,random_seed:1,replication:2,num_threads:128}",-1
a10200.json.gz,a,10,200,Wentges,highs,DantzigFarkas,2,282,2623,2623,0,2623,5.118619003,10,302,1.853181,0.106618,1.982072,39013,21051.9102,15.43216256,1,0,"{timeout:21600,max_col_multiplier:1,age_limit:7,random_seed:1,replication:2,num_threads:128}",2
a10200.json.gz,a,10,200,Wentges,highs,DantzigFarkas,2,282,2623,2623,0,2623,5.118619003,10,302,1.853181,0.106618,1.982073,39013,21051.9102,15.43216256,1,0,"{timeout:21600,max_col_multiplier:1,age_limit:7,random_seed:1,replication:2,num_threads:128}",1
a10200.json.gz,a,10,200,Wentges,highs,DantzigFarkas,3,3,2623,inf,,13167.5,,15,20,0.003099,0.001108,0.009148,476,153597.9348,23.8,0,0,"{timeout:21600,max_col_multiplier:1,age_limit:7,random_seed:2,replication:3,num_threads:128}",-1
a10200.json.gz,a,10,200,Wentges,highs,DantzigFarkas,3,249,2623,2624,0.038109756,2623,3.2,13,285,1.354191,0.086405,1.459824,31354,23153.30703,14.45573405,1,0,"{timeout:21600,max_col_multiplier:1,age_limit:7,random_seed:2,replication:3,num_threads:128}",2
a10200.json.gz,a,10,200,Wentges,highs,DantzigFarkas,3,249,2623,2624,0.038109756,2623,3.2,13,285,1.354191,0.086405,1.459825,31354,23153.30703,14.45573405,1,0,"{timeout:21600,max_col_multiplier:1,age_limit:7,random_seed:2,replication:3,num_threads:128}",1
a10200.json.gz,a,10,200,Wentges,highs,DantzigFarkas,4,4,2623,inf,,10458.75,,22,30,0.003861,0.001379,0.010348,501,129759.1298,16.7,0,0,"{timeout:21600,max_col_multiplier:1,age_limit:7,random_seed:3,replication:4,num_threads:128}",-1
a10200.json.gz,a,10,200,Wentges,highs,DantzigFarkas,4,279,2623,2623,0,2623,11.70213577,10,309,1.829628,0.10487,1.957084,39971,21846.51743,15.6139344,1,0,"{timeout:21600,max_col_multiplier:1,age_limit:7,random_seed:3,replication:4,num_threads:128}",2
a10200.json.gz,a,10,200,Wentges,highs,DantzigFarkas,4,279,2623,2623,0,2623,11.70213577,10,309,1.829628,0.10487,1.957085,39971,21846.51743,15.6139344,1,0,"{timeout:21600,max_col_multiplier:1,age_limit:7,random_seed:3,replication:4,num_threads:128}",1
a10200.json.gz,a,10,200,Wentges,highs,DantzigFarkas,5,4,2623,inf,,12077,,16,30,0.003012,0.002076,0.010095,462,153386.4542,15.4,0,0,"{timeout:21600,max_col_multiplier:1,age_limit:7,random_seed:4,replication:5,num_threads:128}",-1
a10200.json.gz,a,10,200,Wentges,highs,DantzigFarkas,5,300,2623,2623,0,2623,0.535714286,10,292,1.809637,0.109153,1.942138,37833,20906.40278,14.16545238,1,0,"{timeout:21600,max_col_multiplier:1,age_limit:7,random_seed:4,replication:5,num_threads:128}",2
a10200.json.gz,a,10,200,Wentges,highs,DantzigFarkas,5,300,2623,2623,0,2623,0.535714286,10,292,1.809637,0.109153,1.942139,37833,20906.40278,14.16545238,1,0,"{timeout:21600,max_col_multiplier:1,age_limit:7,random_seed:4,replication:5,num_threads:128}",1
a20100.json.gz,a,20,100,Dantzig,highs,DantzigFarkas,1,3,1157.08,inf,,7088.5,,32,40,0.001215,0.001008,0.006295,244,200823.0453,6.1,0,0,"{timeout:21600,max_col_multiplier:1,age_limit:4,random_seed:0,replication:1,num_threads:128}",-1
a20100.json.gz,a,20,100,Dantzig,highs,DantzigFarkas,1,85,1157.08,inf,nan,1158,5,26,215,0.176161,0.026926,0.212969,8144,46230.43693,4.858752642,0,0,"{timeout:21600,max_col_multiplier:1,age_limit:4,random_seed:0,replication:1,num_threads:128}",2
a20100.json.gz,a,20,100,Dantzig,highs,DantzigFarkas,1,85,1157.08,inf,nan,1158,5,26,215,0.176161,0.026926,0.212969,8144,46230.43693,4.858752642,0,0,"{timeout:21600,max_col_multiplier:1,age_limit:4,random_seed:0,replication:1,num_threads:128}",1
a20100.json.gz,a,20,100,Dantzig,highs,DantzigFarkas,2,3,1157.08,inf,,7322.75,,34,40,0.001439,0.001214,0.006785,248,172341.9041,6.2,0,0,"{timeout:21600,max_col_multiplier:1,age_limit:4,random_seed:1,replication:2,num_threads:128}",-1
a20100.json.gz,a,20,100,Dantzig,highs,DantzigFarkas,2,94,1157.08,1913,39.46680606,1158,1,22,150,0.195678,0.029585,0.238784,9052,46259.6715,5.103256979,1,0,"{timeout:21600,max_col_multiplier:1,age_limit:4,random_seed:1,replication:2,num_threads:128}",2
a20100.json.gz,a,20,100,Dantzig,highs,DantzigFarkas,2,94,1157.08,1913,39.46680606,1158,1,22,150,0.195678,0.029585,0.238784,9052,46259.6715,5.103256979,1,0,"{timeout:21600,max_col_multiplier:1,age_limit:4,random_seed:1,replication:2,num_threads:128}",1
a20100.json.gz,a,20,100,Dantzig,highs,DantzigFarkas,3,3,1157.08,inf,,7018.333333,,33,40,0.001786,0.001198,0.007136,264,147816.3494,6.6,0,0,"{timeout:21600,max_col_multiplier:1,age_limit:4,random_seed:2,replication:3,num_threads:128}",-1
a20100.json.gz,a,20,100,Dantzig,highs,DantzigFarkas,3,85,1157.08,1158,0,1158,7.571428571,20,178,0.175976,0.028015,0.214031,8287,47091.64886,5.069657622,1,0,"{timeout:21600,max_col_multiplier:1,age_limit:4,random_seed:2,replication:3,num_threads:128}",2
a20100.json.gz,a,20,100,Dantzig,highs,DantzigFarkas,3,85,1157.08,1158,0,1158,7.571428571,20,178,0.175976,0.028015,0.214032,8287,47091.64886,5.069657622,1,0,"{timeout:21600,max_col_multiplier:1,age_limit:4,random_seed:2,replication:3,num_threads:128}",1
a20100.json.gz,a,20,100,Dantzig,highs,DantzigFarkas,4,3,1157.08,2444,,2444,,20,60,0.001448,0.001062,0.007455,250,172651.9337,4.166666667,1,0,"{timeout:21600,max_col_multiplier:1,age_limit:4,random_seed:3,replication:4,num_threads:128}",-1
a20100.json.gz,a,20,100,Dantzig,highs,DantzigFarkas,4,85,1157.08,1158,0,1158,9.057894737,20,187,0.195012,0.025001,0.230138,8286,42489.69294,4.992416912,1,0,"{timeout:21600,max_col_multiplier:1,age_limit:4,random_seed:3,replication:4,num_threads:128}",2
a20100.json.gz,a,20,100,Dantzig,highs,DantzigFarkas,4,85,1157.08,1158,0,1158,9.057894737,20,187,0.195012,0.025001,0.230139,8286,42489.69294,4.992416912,1,0,"{timeout:21600,max_col_multiplier:1,age_limit:4,random_seed:3,replication:4,num_threads:128}",1
a20100.json.gz,a,20,100,Dantzig,highs,DantzigFarkas,5,3,1157.08,inf,,7040,,33,40,0.001535,0.001216,0.006794,252,164169.3811,6.3,0,0,"{timeout:21600,max_col_multiplier:1,age_limit:4,random_seed:4,replication:5,num_threads:128}",-1
a20100.json.gz,a,20,100,Dantzig,highs,DantzigFarkas,5,85,1157.08,1158,0,1158,4.5,20,214,0.175822,0.025044,0.210601,8601,48918.79287,5.23066403,1,0,"{timeout:21600,max_col_multiplier:1,age_limit:4,random_seed:4,replication:5,num_threads:128}",2
a20100.json.gz,a,20,100,Dantzig,highs,DantzigFarkas,5,85,1157.08,1158,0,1158,4.5,20,214,0.175822,0.025044,0.210602,8601,48918.79287,5.23066403,1,0,"{timeout:21600,max_col_multiplier:1,age_limit:4,random_seed:4,replication:5,num_threads:128}",1
a20100.json.gz,a,20,100,Wentges,highs,DantzigFarkas,1,3,1157.08,inf,,7088.5,,32,40,0.001631,0.001137,0.007383,244,149601.4715,6.1,0,0,"{timeout:21600,max_col_multiplier:1,age_limit:3,random_seed:0,replication:1,num_threads:128}",-1
a20100.json.gz,a,20,100,Wentges,highs,DantzigFarkas,1,52,1157.08,1162,0.344234079,1158,4,25,167,0.081847,0.022617,0.112785,4665,56996.5912,5.362838913,1,0,"{timeout:21600,max_col_multiplier:1,age_limit:3,random_seed:0,replication:1,num_threads:128}",2
a20100.json.gz,a,20,100,Wentges,highs,DantzigFarkas,1,52,1157.08,1162,0.344234079,1158,4,25,167,0.081847,0.022617,0.112786,4665,56996.5912,5.362838913,1,0,"{timeout:21600,max_col_multiplier:1,age_limit:3,random_seed:0,replication:1,num_threads:128}",1
a20100.json.gz,a,20,100,Wentges,highs,DantzigFarkas,2,3,1157.08,inf,,7322.75,,34,40,0.001244,0.001241,0.006638,248,199356.9132,6.2,0,0,"{timeout:21600,max_col_multiplier:1,age_limit:3,random_seed:1,replication:2,num_threads:128}",-1
a20100.json.gz,a,20,100,Wentges,highs,DantzigFarkas,2,48,1157.08,1158,0,1158,40,20,173,0.081114,0.019125,0.108092,4436,54688.46315,5.416222415,1,0,"{timeout:21600,max_col_multiplier:1,age_limit:3,random_seed:1,replication:2,num_threads:128}",2
a20100.json.gz,a,20,100,Wentges,highs,DantzigFarkas,2,48,1157.08,1158,0,1158,40,20,173,0.081114,0.019125,0.108093,4436,54688.46315,5.416222415,1,0,"{timeout:21600,max_col_multiplier:1,age_limit:3,random_seed:1,replication:2,num_threads:128}",1
a20100.json.gz,a,20,100,Wentges,highs,DantzigFarkas,3,3,1157.08,inf,,7018.333333,,33,40,0.001465,0.001099,0.006608,264,180204.7782,6.6,0,0,"{timeout:21600,max_col_multiplier:1,age_limit:3,random_seed:2,replication:3,num_threads:128}",-1
a20100.json.gz,a,20,100,Wentges,highs,DantzigFarkas,3,49,1157.08,1158,0,1158,19,20,167,0.079663,0.019335,0.106826,4300,53977.37971,4.982557052,1,0,"{timeout:21600,max_col_multiplier:1,age_limit:3,random_seed:2,replication:3,num_threads:128}",2
a20100.json.gz,a,20,100,Wentges,highs,DantzigFarkas,3,49,1157.08,1158,0,1158,19,20,167,0.079663,0.019335,0.106827,4300,53977.37971,4.982557052,1,0,"{timeout:21600,max_col_multiplier:1,age_limit:3,random_seed:2,replication:3,num_threads:128}",1
a20100.json.gz,a,20,100,Wentges,highs,DantzigFarkas,4,3,1157.08,2444,,2444,,20,60,0.001705,0.00105,0.007893,250,146627.566,4.166666667,1,0,"{timeout:21600,max_col_multiplier:1,age_limit:3,random_seed:3,replication:4,num_threads:128}",-1
a20100.json.gz,a,20,100,Wentges,highs,DantzigFarkas,4,60,1157.08,1159,0.086281277,1158,4,23,148,0.104459,0.023085,0.13689,5083,48660.2399,5.008606251,1,0,"{timeout:21600,max_col_multiplier:1,age_limit:3,random_seed:3,replication:4,num_threads:128}",2
a20100.json.gz,a,20,100,Wentges,highs,DantzigFarkas,4,60,1157.08,1159,0.086281277,1158,4,23,148,0.104459,0.023085,0.136891,5083,48660.2399,5.008606251,1,0,"{timeout:21600,max_col_multiplier:1,age_limit:3,random_seed:3,replication:4,num_threads:128}",1
a20100.json.gz,a,20,100,Wentges,highs,DantzigFarkas,5,3,1157.08,inf,,7040,,33,40,0.001348,0.001077,0.006573,252,186943.6202,6.3,0,0,"{timeout:21600,max_col_multiplier:1,age_limit:3,random_seed:4,replication:5,num_threads:128}",-1
a20100.json.gz,a,20,100,Wentges,highs,DantzigFarkas,5,52,1157.08,1158,0,1158,25.11111111,20,184,0.082712,0.020048,0.11045,4618,55832.28552,5.485914468,1,0,"{timeout:21600,max_col_multiplier:1,age_limit:3,random_seed:4,replication:5,num_threads:128}",2
a20100.json.gz,a,20,100,Wentges,highs,DantzigFarkas,5,52,1157.08,1158,0,1158,25.11111111,20,184,0.082712,0.020048,0.110451,4618,55832.28552,5.485914468,1,0,"{timeout:21600,max_col_multiplier:1,age_limit:3,random_seed:4,replication:5,num_threads:128}",1
a20200.json.gz,a,20,200,Dantzig,highs,DantzigFarkas,1,3,2337.327333,inf,,15209,,28,40,0.003596,0.000916,0.012737,509,141546.1624,12.725,0,0,"{timeout:21600,max_col_multiplier:1,age_limit:10,random_seed:0,replication:1,num_threads:128}",-1
a20200.json.gz,a,20,200,Dantzig,highs,DantzigFarkas,1,244,2339,inf,nan,2339,0,44,513,3.183418,0.066397,3.280259,58890,18498.98442,12.09733425,0,0,"{timeout:21600,max_col_multiplier:1,age_limit:10,random_seed:0,replication:1,num_threads:128}",2
a20200.json.gz,a,20,200,Dantzig,highs,DantzigFarkas,1,244,2339,inf,nan,2339,0,44,513,3.183418,0.066397,3.28026,58890,18498.98442,12.09733425,0,0,"{timeout:21600,max_col_multiplier:1,age_limit:10,random_seed:0,replication:1,num_threads:128}",1
a20200.json.gz,a,20,200,Dantzig,highs,DantzigFarkas,2,3,2337.327333,inf,,15913,,29,40,0.003718,0.001292,0.013215,516,138784.2926,12.9,0,0,"{timeout:21600,max_col_multiplier:1,age_limit:10,random_seed:1,replication:2,num_threads:128}",-1
a20200.json.gz,a,20,200,Dantzig,highs,DantzigFarkas,2,258,2339,inf,nan,2339,0,27,301,2.915173,0.070109,3.015562,56276,19304.51469,11.35517559,0,0,"{timeout:21600,max_col_multiplier:1,age_limit:10,random_seed:1,replication:2,num_threads:128}",2
a20200.json.gz,a,20,200,Dantzig,highs,DantzigFarkas,2,258,2339,inf,nan,2339,0,27,301,2.915173,0.070109,3.015563,56276,19304.51469,11.35517559,0,0,"{timeout:21600,max_col_multiplier:1,age_limit:10,random_seed:1,replication:2,num_threads:128}",1
a20200.json.gz,a,20,200,Dantzig,highs,DantzigFarkas,3,3,2337.327333,inf,,15139,,30,40,0.003727,0.001249,0.013386,516,138449.1548,12.9,0,0,"{timeout:21600,max_col_multiplier:1,age_limit:10,random_seed:2,replication:3,num_threads:128}",-1
a20200.json.gz,a,20,200,Dantzig,highs,DantzigFarkas,3,250,2339,inf,nan,2339,0,55,397,2.884974,0.070518,2.985687,56900,19722.88138,11.54945011,0,0,"{timeout:21600,max_col_multiplier:1,age_limit:10,random_seed:2,replication:3,num_threads:128}",2
a20200.json.gz,a,20,200,Dantzig,highs,DantzigFarkas,3,250,2339,inf,nan,2339,0,55,397,2.884974,0.070518,2.985687,56900,19722.88138,11.54945011,0,0,"{timeout:21600,max_col_multiplier:1,age_limit:10,random_seed:2,replication:3,num_threads:128}",1
a20200.json.gz,a,20,200,Dantzig,highs,DantzigFarkas,4,3,2337.327333,inf,,15057.5,,24,40,0.003363,0.001215,0.012998,491,146000.5947,12.275,0,0,"{timeout:21600,max_col_multiplier:1,age_limit:10,random_seed:3,replication:4,num_threads:128}",-1
a20200.json.gz,a,20,200,Dantzig,highs,DantzigFarkas,4,252,2338.5,inf,nan,2339,0.5,49,459,2.857569,0.068855,2.956329,56846,19893.13294,11.69205405,0,0,"{timeout:21600,max_col_multiplier:1,age_limit:10,random_seed:3,replication:4,num_threads:128}",2
a20200.json.gz,a,20,200,Dantzig,highs,DantzigFarkas,4,252,2338.5,inf,nan,2339,0.5,49,459,2.857569,0.068855,2.95633,56846,19893.13294,11.69205405,0,0,"{timeout:21600,max_col_multiplier:1,age_limit:10,random_seed:3,replication:4,num_threads:128}",1
a20200.json.gz,a,20,200,Dantzig,highs,DantzigFarkas,5,3,2337.327333,inf,,15185,,26,40,0.003879,0.00135,0.013424,512,131992.7816,12.8,0,0,"{timeout:21600,max_col_multiplier:1,age_limit:10,random_seed:4,replication:5,num_threads:128}",-1
a20200.json.gz,a,20,200,Dantzig,highs,DantzigFarkas,5,247,2338.2,2339,1.05E-12,2339,0.8,20,373,2.977243,0.066689,3.073609,57356,19264.80304,12.23134177,1,0,"{timeout:21600,max_col_multiplier:1,age_limit:10,random_seed:4,replication:5,num_threads:128}",2
a20200.json.gz,a,20,200,Dantzig,highs,DantzigFarkas,5,247,2338.2,2339,1.05E-12,2339,0.8,20,373,2.977243,0.066689,3.07361,57356,19264.80304,12.23134177,1,0,"{timeout:21600,max_col_multiplier:1,age_limit:10,random_seed:4,replication:5,num_threads:128}",1
a20200.json.gz,a,20,200,Wentges,highs,DantzigFarkas,1,3,2337.327333,inf,,15209,,28,40,0.003959,0.001197,0.01377,509,128567.8202,12.725,0,0,"{timeout:21600,max_col_multiplier:1,age_limit:4,random_seed:0,replication:1,num_threads:128}",-1
a20200.json.gz,a,20,200,Wentges,highs,DantzigFarkas,1,118,2339,inf,nan,2339,0,22,251,0.705002,0.048647,0.77187,20245,28716.23059,9.680885704,0,0,"{timeout:21600,max_col_multiplier:1,age_limit:4,random_seed:0,replication:1,num_threads:128}",2
a20200.json.gz,a,20,200,Wentges,highs,DantzigFarkas,1,118,2339,inf,nan,2339,0,22,251,0.705002,0.048647,0.77187,20245,28716.23059,9.680885704,0,0,"{timeout:21600,max_col_multiplier:1,age_limit:4,random_seed:0,replication:1,num_threads:128}",1
a20200.json.gz,a,20,200,Wentges,highs,DantzigFarkas,2,3,2337.327333,inf,,15913,,29,40,0.003591,0.001069,0.012879,516,143692.5647,12.9,0,0,"{timeout:21600,max_col_multiplier:1,age_limit:4,random_seed:1,replication:2,num_threads:128}",-1
a20200.json.gz,a,20,200,Wentges,highs,DantzigFarkas,2,129,2339,inf,nan,2339,0,46,242,0.590448,0.051915,0.661091,18721,31706.43308,8.609486291,0,0,"{timeout:21600,max_col_multiplier:1,age_limit:4,random_seed:1,replication:2,num_threads:128}",2
a20200.json.gz,a,20,200,Wentges,highs,DantzigFarkas,2,129,2339,inf,nan,2339,0,46,242,0.590448,0.051915,0.661091,18721,31706.43308,8.609486291,0,0,"{timeout:21600,max_col_multiplier:1,age_limit:4,random_seed:1,replication:2,num_threads:128}",1
a20200.json.gz,a,20,200,Wentges,highs,DantzigFarkas,3,3,2337.327333,inf,,15139,,30,40,0.004074,0.00114,0.013795,516,126656.8483,12.9,0,0,"{timeout:21600,max_col_multiplier:1,age_limit:4,random_seed:2,replication:3,num_threads:128}",-1
a20200.json.gz,a,20,200,Wentges,highs,DantzigFarkas,3,131,2338.5,inf,nan,2339,0.5,30,258,0.617965,0.04801,0.684136,18735,30317.25098,8.535745851,0,0,"{timeout:21600,max_col_multiplier:1,age_limit:4,random_seed:2,replication:3,num_threads:128}",2
a20200.json.gz,a,20,200,Wentges,highs,DantzigFarkas,3,131,2338.5,inf,nan,2339,0.5,30,258,0.617965,0.04801,0.684137,18735,30317.25098,8.535745851,0,0,"{timeout:21600,max_col_multiplier:1,age_limit:4,random_seed:2,replication:3,num_threads:128}",1
a20200.json.gz,a,20,200,Wentges,highs,DantzigFarkas,4,3,2337.327333,inf,,15057.5,,24,40,0.003274,0.001086,0.012591,491,149969.4563,12.275,0,0,"{timeout:21600,max_col_multiplier:1,age_limit:4,random_seed:3,replication:4,num_threads:128}",-1
a20200.json.gz,a,20,200,Wentges,highs,DantzigFarkas,4,138,2338.5,inf,nan,2339,0.5,25,276,0.626479,0.051684,0.696682,20519,32752.89355,9.126646315,0,0,"{timeout:21600,max_col_multiplier:1,age_limit:4,random_seed:3,replication:4,num_threads:128}",2
a20200.json.gz,a,20,200,Wentges,highs,DantzigFarkas,4,138,2338.5,inf,nan,2339,0.5,25,276,0.626479,0.051684,0.696683,20519,32752.89355,9.126646315,0,0,"{timeout:21600,max_col_multiplier:1,age_limit:4,random_seed:3,replication:4,num_threads:128}",1
a20200.json.gz,a,20,200,Wentges,highs,DantzigFarkas,5,3,2337.327333,inf,,15185,,26,40,0.005321,0.001285,0.014844,512,96222.51456,12.8,0,0,"{timeout:21600,max_col_multiplier:1,age_limit:4,random_seed:4,replication:5,num_threads:128}",-1
a20200.json.gz,a,20,200,Wentges,highs,DantzigFarkas,5,112,2338.5,inf,nan,2339,0.5,32,286,0.57688,0.045171,0.639289,18249,31633.962,9.194688797,0,0,"{timeout:21600,max_col_multiplier:1,age_limit:4,random_seed:4,replication:5,num_threads:128}",2
a20200.json.gz,a,20,200,Wentges,highs,DantzigFarkas,5,112,2338.5,inf,nan,2339,0.5,32,286,0.57688,0.045171,0.63929,18249,31633.962,9.194688797,0,0,"{timeout:21600,max_col_multiplier:1,age_limit:4,random_seed:4,replication:5,num_threads:128}",1
b05100.json.gz,b,5,100,Wentges,highs,DantzigFarkas,1,19,1831.32945,inf,,2959.838011,,77,90,0.019456,0.00672,0.029827,1198,61574.83553,13.31111111,0,0,"{timeout:21600,max_col_multiplier:1,age_limit:7,random_seed:0,replication:1,num_threads:128}",-1
b05100.json.gz,b,5,100,Wentges,highs,DantzigFarkas,1,196,1838.093023,inf,nan,1838.837209,0.744186047,24,120,0.248092,0.08695,0.344711,6948,28005.73981,7.171740363,0,0,"{timeout:21600,max_col_multiplier:1,age_limit:7,random_seed:0,replication:1,num_threads:128}",2
b05100.json.gz,b,5,100,Wentges,highs,DantzigFarkas,1,196,1838.093023,inf,nan,1838.837209,0.744186047,24,120,0.248092,0.08695,0.344712,6948,28005.73981,7.171740363,0,0,"{timeout:21600,max_col_multiplier:1,age_limit:7,random_seed:0,replication:1,num_threads:128}",1
b05100.json.gz,b,5,100,Wentges,highs,DantzigFarkas,2,17,1831.32945,inf,,2960.78581,,71,80,0.017121,0.005556,0.0258,1103,64423.80702,13.7875,0,0,"{timeout:21600,max_col_multiplier:1,age_limit:7,random_seed:1,replication:2,num_threads:128}",-1
b05100.json.gz,b,5,100,Wentges,highs,DantzigFarkas,2,203,1838.51938,inf,nan,1838.837209,0.317829457,23,117,0.268815,0.092762,0.370351,7956,29596.56269,8.720135468,0,0,"{timeout:21600,max_col_multiplier:1,age_limit:7,random_seed:1,replication:2,num_threads:128}",2
b05100.json.gz,b,5,100,Wentges,highs,DantzigFarkas,2,203,1838.51938,inf,nan,1838.837209,0.317829457,23,117,0.268815,0.092762,0.370352,7956,29596.56269,8.720135468,0,0,"{timeout:21600,max_col_multiplier:1,age_limit:7,random_seed:1,replication:2,num_threads:128}",1
b05100.json.gz,b,5,100,Wentges,highs,DantzigFarkas,3,21,1831.32945,inf,,2957.136834,,75,100,0.024096,0.008662,0.036695,1291,53577.35724,12.91,0,0,"{timeout:21600,max_col_multiplier:1,age_limit:7,random_seed:2,replication:3,num_threads:128}",-1
b05100.json.gz,b,5,100,Wentges,highs,DantzigFarkas,3,205,1838.213953,inf,nan,1838.837209,0.623255814,24,119,0.268559,0.093473,0.372608,7277,27096.4667,7.324439024,0,0,"{timeout:21600,max_col_multiplier:1,age_limit:7,random_seed:2,replication:3,num_threads:128}",2
b05100.json.gz,b,5,100,Wentges,highs,DantzigFarkas,3,205,1838.213953,inf,nan,1838.837209,0.623255814,24,119,0.268559,0.093473,0.372609,7277,27096.4667,7.324439024,0,0,"{timeout:21600,max_col_multiplier:1,age_limit:7,random_seed:2,replication:3,num_threads:128}",1
b05100.json.gz,b,5,100,Wentges,highs,DantzigFarkas,4,18,1831.32945,inf,,2959.300485,,71,85,0.018136,0.005684,0.026735,1111,61259.37362,13.07058824,0,0,"{timeout:21600,max_col_multiplier:1,age_limit:7,random_seed:3,replication:4,num_threads:128}",-1
b05100.json.gz,b,5,100,Wentges,highs,DantzigFarkas,4,201,1838.037037,inf,nan,1838.844444,0.807407407,23,122,0.258809,0.079544,0.34706,7527,29083.22354,9.212125646,0,0,"{timeout:21600,max_col_multiplier:1,age_limit:7,random_seed:3,replication:4,num_threads:128}",2
b05100.json.gz,b,5,100,Wentges,highs,DantzigFarkas,4,201,1838.037037,inf,nan,1838.844444,0.807407407,23,122,0.258809,0.079544,0.347061,7527,29083.22354,9.212125646,0,0,"{timeout:21600,max_col_multiplier:1,age_limit:7,random_seed:3,replication:4,num_threads:128}",1
b05100.json.gz,b,5,100,Wentges,highs,DantzigFarkas,5,19,1831.32945,inf,,2958.841291,,72,90,0.021138,0.006422,0.031114,1213,57384.80462,13.47777778,0,0,"{timeout:21600,max_col_multiplier:1,age_limit:7,random_seed:4,replication:5,num_threads:128}",-1
b05100.json.gz,b,5,100,Wentges,highs,DantzigFarkas,5,331,1838.023256,inf,nan,1838.837209,0.813953488,24,121,0.394747,0.193922,0.602289,10386,26310.52294,8.00904666,0,0,"{timeout:21600,max_col_multiplier:1,age_limit:7,random_seed:4,replication:5,num_threads:128}",2
b05100.json.gz,b,5,100,Wentges,highs,DantzigFarkas,5,331,1838.023256,inf,nan,1838.837209,0.813953488,24,121,0.394747,0.193922,0.60229,10386,26310.52294,8.00904666,0,0,"{timeout:21600,max_col_multiplier:1,age_limit:7,random_seed:4,replication:5,num_threads:128}",1
b05200.json.gz,b,5,200,Wentges,highs,DantzigFarkas,1,7,3547.411575,inf,,7130.75,,20,30,0.006961,0.002534,0.014019,714,102571.4696,23.8,0,0,"{timeout:21600,max_col_multiplier:1,age_limit:13,random_seed:0,replication:1,num_threads:128}",-1
b05200.json.gz,b,5,200,Wentges,highs,DantzigFarkas,1,677,3549.100913,inf,nan,3549.336554,0.235641439,31,239,5.326309,0.417023,5.778512,57172,10733.8872,19.56479567,0,0,"{timeout:21600,max_col_multiplier:1,age_limit:13,random_seed:0,replication:1,num_threads:128}",2
b05200.json.gz,b,5,200,Wentges,highs,DantzigFarkas,1,677,3549.100913,inf,nan,3549.336554,0.235641439,31,239,5.326309,0.417023,5.778512,57172,10733.8872,19.56479567,0,0,"{timeout:21600,max_col_multiplier:1,age_limit:13,random_seed:0,replication:1,num_threads:128}",1
b05200.json.gz,b,5,200,Wentges,highs,DantzigFarkas,2,9,3547.411575,inf,,7117.45,,24,40,0.007745,0.00305,0.015193,785,101355.7134,19.625,0,0,"{timeout:21600,max_col_multiplier:1,age_limit:13,random_seed:1,replication:2,num_threads:128}",-1
b05200.json.gz,b,5,200,Wentges,highs,DantzigFarkas,2,542,3549.003631,3667,3.190619033,3549.337691,0.33405955,30,232,3.873825,0.369306,4.282024,46510,12006.22124,19.2528444,1,0,"{timeout:21600,max_col_multiplier:1,age_limit:13,random_seed:1,replication:2,num_threads:128}",2
b05200.json.gz,b,5,200,Wentges,highs,DantzigFarkas,2,542,3549.003631,3667,3.190619033,3549.337691,0.33405955,30,232,3.873825,0.369306,4.282025,46510,12006.22124,19.2528444,1,0,"{timeout:21600,max_col_multiplier:1,age_limit:13,random_seed:1,replication:2,num_threads:128}",1
b05200.json.gz,b,5,200,Wentges,highs,DantzigFarkas,3,6,3547.411575,inf,,7279.416667,,18,25,0.006418,0.002407,0.013281,684,106575.2571,27.36,0,0,"{timeout:21600,max_col_multiplier:1,age_limit:13,random_seed:2,replication:3,num_threads:128}",-1
b05200.json.gz,b,5,200,Wentges,highs,DantzigFarkas,3,542,3549.015384,inf,nan,3549.344734,0.329350298,33,260,4.508508,0.443067,4.981423,50824,11272.90891,20.60235547,0,0,"{timeout:21600,max_col_multiplier:1,age_limit:13,random_seed:2,replication:3,num_threads:128}",2
b05200.json.gz,b,5,200,Wentges,highs,DantzigFarkas,3,542,3549.015384,inf,nan,3549.344734,0.329350298,33,260,4.508508,0.443067,4.981423,50824,11272.90891,20.60235547,0,0,"{timeout:21600,max_col_multiplier:1,age_limit:13,random_seed:2,replication:3,num_threads:128}",1
b05200.json.gz,b,5,200,Wentges,highs,DantzigFarkas,4,6,3547.411575,inf,,7555.5,,14,25,0.005496,0.001841,0.011547,667,121360.9898,26.68,0,0,"{timeout:21600,max_col_multiplier:1,age_limit:13,random_seed:3,replication:4,num_threads:128}",-1
b05200.json.gz,b,5,200,Wentges,highs,DantzigFarkas,4,496,3549.131944,inf,nan,3549.340278,0.208333333,31,242,3.918881,0.328197,4.274262,43022,10978.13381,19.31642473,0,0,"{timeout:21600,max_col_multiplier:1,age_limit:13,random_seed:3,replication:4,num_threads:128}",2
b05200.json.gz,b,5,200,Wentges,highs,DantzigFarkas,4,496,3549.131944,inf,nan,3549.340278,0.208333333,31,242,3.918881,0.328197,4.274263,43022,10978.13381,19.31642473,0,0,"{timeout:21600,max_col_multiplier:1,age_limit:13,random_seed:3,replication:4,num_threads:128}",1
b05200.json.gz,b,5,200,Wentges,highs,DantzigFarkas,5,8,3547.411575,inf,,7079.590909,,24,35,0.007412,0.003046,0.014977,732,98758.76956,20.91428571,0,0,"{timeout:21600,max_col_multiplier:1,age_limit:13,random_seed:4,replication:5,num_threads:128}",-1
b05200.json.gz,b,5,200,Wentges,highs,DantzigFarkas,5,462,3549.007036,inf,nan,3549.340278,0.333241959,31,234,4.371148,0.284845,4.682471,47127,10781.37826,22.45648835,0,0,"{timeout:21600,max_col_multiplier:1,age_limit:13,random_seed:4,replication:5,num_threads:128}",2
b05200.json.gz,b,5,200,Wentges,highs,DantzigFarkas,5,462,3549.007036,inf,nan,3549.340278,0.333241959,31,234,4.371148,0.284845,4.682471,47127,10781.37826,22.45648835,0,0,"{timeout:21600,max_col_multiplier:1,age_limit:13,random_seed:4,replication:5,num_threads:128}",1
b10100.json.gz,b,10,100,Wentges,highs,DantzigFarkas,1,4,1400.671958,inf,,4546,,18,30,0.001902,0.001563,0.006486,314,165089.3796,10.46666667,0,0,"{timeout:21600,max_col_multiplier:1,age_limit:4,random_seed:0,replication:1,num_threads:128}",-1
b10100.json.gz,b,10,100,Wentges,highs,DantzigFarkas,1,138,1406.136364,inf,nan,1407,0.863636364,19,123,0.160005,0.046641,0.215514,6121,38255.05453,5.2811853,0,0,"{timeout:21600,max_col_multiplier:1,age_limit:4,random_seed:0,replication:1,num_threads:128}",2
b10100.json.gz,b,10,100,Wentges,highs,DantzigFarkas,1,138,1406.136364,inf,nan,1407,0.863636364,19,123,0.160005,0.046641,0.215514,6121,38255.05453,5.2811853,0,0,"{timeout:21600,max_col_multiplier:1,age_limit:4,random_seed:0,replication:1,num_threads:128}",1
b10100.json.gz,b,10,100,Wentges,highs,DantzigFarkas,2,4,1400.671958,inf,,4532,,18,30,0.001563,0.001309,0.005912,269,172104.9264,8.966666667,0,0,"{timeout:21600,max_col_multiplier:1,age_limit:4,random_seed:1,replication:2,num_threads:128}",-1
b10100.json.gz,b,10,100,Wentges,highs,DantzigFarkas,2,117,1406.333333,1407,0,1407,0.666666667,10,128,0.1598,0.039379,0.207162,6627,41470.58824,6.861202686,1,0,"{timeout:21600,max_col_multiplier:1,age_limit:4,random_seed:1,replication:2,num_threads:128}",2
b10100.json.gz,b,10,100,Wentges,highs,DantzigFarkas,2,117,1406.333333,1407,0,1407,0.666666667,10,128,0.1598,0.039379,0.207163,6627,41470.58824,6.861202686,1,0,"{timeout:21600,max_col_multiplier:1,age_limit:4,random_seed:1,replication:2,num_threads:128}",1
b10100.json.gz,b,10,100,Wentges,highs,DantzigFarkas,3,5,1400.671958,inf,,4221.5,,24,40,0.002168,0.001987,0.007425,310,142988.9299,7.75,0,0,"{timeout:21600,max_col_multiplier:1,age_limit:4,random_seed:2,replication:3,num_threads:128}",-1
b10100.json.gz,b,10,100,Wentges,highs,DantzigFarkas,3,122,1406.142857,inf,nan,1407,0.857142857,21,125,0.150374,0.041545,0.200201,5914,39328.60734,6.070859355,0,0,"{timeout:21600,max_col_multiplier:1,age_limit:4,random_seed:2,replication:3,num_threads:128}",2
b10100.json.gz,b,10,100,Wentges,highs,DantzigFarkas,3,122,1406.142857,inf,nan,1407,0.857142857,21,125,0.150374,0.041545,0.200202,5914,39328.60734,6.070859355,0,0,"{timeout:21600,max_col_multiplier:1,age_limit:4,random_seed:2,replication:3,num_threads:128}",1
b10100.json.gz,b,10,100,Wentges,highs,DantzigFarkas,4,5,1400.671958,inf,,4268.5,,18,40,0.00242,0.001916,0.007483,324,133884.2975,8.1,0,0,"{timeout:21600,max_col_multiplier:1,age_limit:4,random_seed:3,replication:4,num_threads:128}",-1
b10100.json.gz,b,10,100,Wentges,highs,DantzigFarkas,4,121,1406.03125,inf,nan,1407,0.96875,12,134,0.15284,0.041152,0.202242,6161,40310.12824,6.128171324,0,0,"{timeout:21600,max_col_multiplier:1,age_limit:4,random_seed:3,replication:4,num_threads:128}",2
b10100.json.gz,b,10,100,Wentges,highs,DantzigFarkas,4,121,1406.03125,inf,nan,1407,0.96875,12,134,0.15284,0.041152,0.202243,6161,40310.12824,6.128171324,0,0,"{timeout:21600,max_col_multiplier:1,age_limit:4,random_seed:3,replication:4,num_threads:128}",1
b10100.json.gz,b,10,100,Wentges,highs,DantzigFarkas,5,4,1400.671958,inf,,4579,,18,30,0.001812,0.001609,0.006383,317,174944.8124,10.56666667,0,0,"{timeout:21600,max_col_multiplier:1,age_limit:4,random_seed:4,replication:5,num_threads:128}",-1
b10100.json.gz,b,10,100,Wentges,highs,DantzigFarkas,5,121,1406.2,1407,0,1407,0.8,10,124,0.159166,0.042509,0.210067,6568,41265.0943,6.476249508,1,0,"{timeout:21600,max_col_multiplier:1,age_limit:4,random_seed:4,replication:5,num_threads:128}",2
b10100.json.gz,b,10,100,Wentges,highs,DantzigFarkas,5,121,1406.2,1407,0,1407,0.8,10,124,0.159166,0.042509,0.210068,6568,41265.0943,6.476249508,1,0,"{timeout:21600,max_col_multiplier:1,age_limit:4,random_seed:4,replication:5,num_threads:128}",1
b10200.json.gz,b,10,200,Wentges,highs,DantzigFarkas,1,5,2815.050673,inf,,8651.318182,,32,40,0.005551,0.00208,0.014368,652,117456.3142,16.3,0,0,"{timeout:21600,max_col_multiplier:1,age_limit:7,random_seed:0,replication:1,num_threads:128}",-1
b10200.json.gz,b,10,200,Wentges,highs,DantzigFarkas,1,228,2825.153061,inf,nan,2825.510204,0.357142857,47,247,1.460553,0.103037,1.583055,27248,18655.94744,14.04799325,0,0,"{timeout:21600,max_col_multiplier:1,age_limit:7,random_seed:0,replication:1,num_threads:128}",2
b10200.json.gz,b,10,200,Wentges,highs,DantzigFarkas,1,228,2825.153061,inf,nan,2825.510204,0.357142857,47,247,1.460553,0.103037,1.583056,27248,18655.94744,14.04799325,0,0,"{timeout:21600,max_col_multiplier:1,age_limit:7,random_seed:0,replication:1,num_threads:128}",1
b10200.json.gz,b,10,200,Wentges,highs,DantzigFarkas,2,5,2815.050673,inf,,8639.25,,31,40,0.006183,0.001826,0.014793,659,106582.5651,16.475,0,0,"{timeout:21600,max_col_multiplier:1,age_limit:7,random_seed:1,replication:2,num_threads:128}",-1
b10200.json.gz,b,10,200,Wentges,highs,DantzigFarkas,2,285,2825.08568,inf,nan,2825.510204,0.42452424,47,226,1.604633,0.121683,1.748768,28821,17961.11634,11.91442495,0,0,"{timeout:21600,max_col_multiplier:1,age_limit:7,random_seed:1,replication:2,num_threads:128}",2
b10200.json.gz,b,10,200,Wentges,highs,DantzigFarkas,2,285,2825.08568,inf,nan,2825.510204,0.42452424,47,226,1.604633,0.121683,1.748769,28821,17961.11634,11.91442495,0,0,"{timeout:21600,max_col_multiplier:1,age_limit:7,random_seed:1,replication:2,num_threads:128}",1
b10200.json.gz,b,10,200,Wentges,highs,DantzigFarkas,3,5,2815.050673,inf,,8683,,28,40,0.004537,0.002068,0.013616,636,140180.7362,15.9,0,0,"{timeout:21600,max_col_multiplier:1,age_limit:7,random_seed:2,replication:3,num_threads:128}",-1
b10200.json.gz,b,10,200,Wentges,highs,DantzigFarkas,3,269,2825.076202,inf,nan,2825.524038,0.447836538,45,251,1.544141,0.117323,1.683045,27661,17913.51956,12.50797339,0,0,"{timeout:21600,max_col_multiplier:1,age_limit:7,random_seed:2,replication:3,num_threads:128}",2
b10200.json.gz,b,10,200,Wentges,highs,DantzigFarkas,3,269,2825.076202,inf,nan,2825.524038,0.447836538,45,251,1.544141,0.117323,1.683045,27661,17913.51956,12.50797339,0,0,"{timeout:21600,max_col_multiplier:1,age_limit:7,random_seed:2,replication:3,num_threads:128}",1
b10200.json.gz,b,10,200,Wentges,highs,DantzigFarkas,4,5,2815.050673,inf,,8573.5,,20,40,0.004543,0.001862,0.013149,605,133171.9128,15.125,0,0,"{timeout:21600,max_col_multiplier:1,age_limit:7,random_seed:3,replication:4,num_threads:128}",-1
b10200.json.gz,b,10,200,Wentges,highs,DantzigFarkas,4,279,2825.008751,inf,nan,2825.5179,0.509148767,47,239,1.711667,0.120542,1.854714,30532,17837.58173,12.91119361,0,0,"{timeout:21600,max_col_multiplier:1,age_limit:7,random_seed:3,replication:4,num_threads:128}",2
b10200.json.gz,b,10,200,Wentges,highs,DantzigFarkas,4,279,2825.008751,inf,nan,2825.5179,0.509148767,47,239,1.711667,0.120542,1.854715,30532,17837.58173,12.91119361,0,0,"{timeout:21600,max_col_multiplier:1,age_limit:7,random_seed:3,replication:4,num_threads:128}",1
b10200.json.gz,b,10,200,Wentges,highs,DantzigFarkas,5,5,2815.050673,inf,,8633,,28,40,0.005034,0.002076,0.014031,651,129320.6198,16.275,0,0,"{timeout:21600,max_col_multiplier:1,age_limit:7,random_seed:4,replication:5,num_threads:128}",-1
b10200.json.gz,b,10,200,Wentges,highs,DantzigFarkas,5,256,2825.054545,inf,nan,2825.516364,0.461818182,49,243,1.536714,0.108279,1.666031,28379,18467.32704,12.90417907,0,0,"{timeout:21600,max_col_multiplier:1,age_limit:7,random_seed:4,replication:5,num_threads:128}",2
b10200.json.gz,b,10,200,Wentges,highs,DantzigFarkas,5,256,2825.054545,inf,nan,2825.516364,0.461818182,49,243,1.536714,0.108279,1.666032,28379,18467.32704,12.90417907,0,0,"{timeout:21600,max_col_multiplier:1,age_limit:7,random_seed:4,replication:5,num_threads:128}",1
b20100.json.gz,b,20,100,Wentges,highs,DantzigFarkas,1,3,1155.181433,2309,,2309,,20,60,0.001516,0.001104,0.008141,313,206464.3799,5.216666667,1,0,"{timeout:21600,max_col_multiplier:1,age_limit:3,random_seed:0,replication:1,num_threads:128}",-1
b20100.json.gz,b,20,100,Wentges,highs,DantzigFarkas,1,61,1166,2309,49.5019489,1166,0,22,135,0.097536,0.027427,0.134522,4648,47654.19948,4.88791257,1,0,"{timeout:21600,max_col_multiplier:1,age_limit:3,random_seed:0,replication:1,num_threads:128}",2
b20100.json.gz,b,20,100,Wentges,highs,DantzigFarkas,1,61,1166,2309,49.5019489,1166,0,22,135,0.097536,0.027427,0.134524,4648,47654.19948,4.88791257,1,0,"{timeout:21600,max_col_multiplier:1,age_limit:3,random_seed:0,replication:1,num_threads:128}",1
b20100.json.gz,b,20,100,Wentges,highs,DantzigFarkas,2,3,1155.181433,2339,,2339,,20,60,0.001357,0.001008,0.008128,293,215917.465,4.883333333,1,0,"{timeout:21600,max_col_multiplier:1,age_limit:3,random_seed:1,replication:2,num_threads:128}",-1
b20100.json.gz,b,20,100,Wentges,highs,DantzigFarkas,2,59,1165.2,1167,0.085689803,1166,0.8,29,137,0.100006,0.022898,0.132031,4779,47787.13277,5.161218247,1,0,"{timeout:21600,max_col_multiplier:1,age_limit:3,random_seed:1,replication:2,num_threads:128}",2
b20100.json.gz,b,20,100,Wentges,highs,DantzigFarkas,2,59,1165.2,1167,0.085689803,1166,0.8,29,137,0.100006,0.022898,0.132032,4779,47787.13277,5.161218247,1,0,"{timeout:21600,max_col_multiplier:1,age_limit:3,random_seed:1,replication:2,num_threads:128}",1
b20100.json.gz,b,20,100,Wentges,highs,DantzigFarkas,3,3,1155.181433,inf,,5627.333333,,34,40,0.00131,0.001295,0.007358,296,225954.1985,7.4,0,0,"{timeout:21600,max_col_multiplier:1,age_limit:3,random_seed:2,replication:3,num_threads:128}",-1
b20100.json.gz,b,20,100,Wentges,highs,DantzigFarkas,3,67,1165.888889,1166,0,1166,0.111111111,20,130,0.086461,0.024775,0.119741,4431,51248.5398,4.948065283,1,0,"{timeout:21600,max_col_multiplier:1,age_limit:3,random_seed:2,replication:3,num_threads:128}",2
b20100.json.gz,b,20,100,Wentges,highs,DantzigFarkas,3,67,1165.888889,1166,0,1166,0.111111111,20,130,0.086461,0.024775,0.119742,4431,51248.5398,4.948065283,1,0,"{timeout:21600,max_col_multiplier:1,age_limit:3,random_seed:2,replication:3,num_threads:128}",1
b20100.json.gz,b,20,100,Wentges,highs,DantzigFarkas,4,3,1155.181433,inf,,5573.333333,,36,40,0.001536,0.000866,0.007121,302,196614.5833,7.55,0,0,"{timeout:21600,max_col_multiplier:1,age_limit:3,random_seed:3,replication:4,num_threads:128}",-1
b20100.json.gz,b,20,100,Wentges,highs,DantzigFarkas,4,57,1166,inf,nan,1166,0,31,131,0.084755,0.02252,0.115646,4485,52917.23202,4.85093335,0,0,"{timeout:21600,max_col_multiplier:1,age_limit:3,random_seed:3,replication:4,num_threads:128}",2
b20100.json.gz,b,20,100,Wentges,highs,DantzigFarkas,4,57,1166,inf,nan,1166,0,31,131,0.084755,0.02252,0.115647,4485,52917.23202,4.85093335,0,0,"{timeout:21600,max_col_multiplier:1,age_limit:3,random_seed:3,replication:4,num_threads:128}",1
b20100.json.gz,b,20,100,Wentges,highs,DantzigFarkas,5,3,1155.181433,2345,,2345,,20,60,0.001526,0.001107,0.00817,290,190039.3185,4.833333333,1,0,"{timeout:21600,max_col_multiplier:1,age_limit:3,random_seed:4,replication:5,num_threads:128}",-1
b20100.json.gz,b,20,100,Wentges,highs,DantzigFarkas,5,56,1165.5,2345,50.2771855,1166,0.5,22,128,0.096056,0.023439,0.128394,4576,47638.87732,5.183658441,1,0,"{timeout:21600,max_col_multiplier:1,age_limit:3,random_seed:4,replication:5,num_threads:128}",2
b20100.json.gz,b,20,100,Wentges,highs,DantzigFarkas,5,56,1165.5,2345,50.2771855,1166,0.5,22,128,0.096056,0.023439,0.128395,4576,47638.87732,5.183658441,1,0,"{timeout:21600,max_col_multiplier:1,age_limit:3,random_seed:4,replication:5,num_threads:128}",1
b20200.json.gz,b,20,200,Wentges,highs,DantzigFarkas,1,4,2331.137984,inf,,10807,,44,60,0.003869,0.001626,0.015305,564,145774.1018,9.4,0,0,"{timeout:21600,max_col_multiplier:1,age_limit:4,random_seed:0,replication:1,num_threads:128}",-1
b20200.json.gz,b,20,200,Wentges,highs,DantzigFarkas,1,167,2338.378788,2340,0.042735043,2338.522727,0.143939394,60,261,0.731292,0.069877,0.822692,20870,28538.5318,8.111190677,1,0,"{timeout:21600,max_col_multiplier:1,age_limit:4,random_seed:0,replication:1,num_threads:128}",2
b20200.json.gz,b,20,200,Wentges,highs,DantzigFarkas,1,167,2338.378788,2340,0.042735043,2338.522727,0.143939394,60,261,0.731292,0.069877,0.822692,20870,28538.5318,8.111190677,1,0,"{timeout:21600,max_col_multiplier:1,age_limit:4,random_seed:0,replication:1,num_threads:128}",1
b20200.json.gz,b,20,200,Wentges,highs,DantzigFarkas,2,4,2331.137984,inf,,10619,,44,60,0.004582,0.001845,0.016268,578,126145.7879,9.633333333,0,0,"{timeout:21600,max_col_multiplier:1,age_limit:4,random_seed:1,replication:2,num_threads:128}",-1
b20200.json.gz,b,20,200,Wentges,highs,DantzigFarkas,2,156,2338.065217,inf,nan,2338.521739,0.456521739,49,249,0.714235,0.063517,0.797757,19124,26775.50106,7.919265002,0,0,"{timeout:21600,max_col_multiplier:1,age_limit:4,random_seed:1,replication:2,num_threads:128}",2
b20200.json.gz,b,20,200,Wentges,highs,DantzigFarkas,2,156,2338.065217,inf,nan,2338.521739,0.456521739,49,249,0.714235,0.063517,0.797758,19124,26775.50106,7.919265002,0,0,"{timeout:21600,max_col_multiplier:1,age_limit:4,random_seed:1,replication:2,num_threads:128}",1
b20200.json.gz,b,20,200,Wentges,highs,DantzigFarkas,3,4,2331.137984,inf,,10251,,39,60,0.003755,0.001491,0.015191,564,150199.7337,9.4,0,0,"{timeout:21600,max_col_multiplier:1,age_limit:4,random_seed:2,replication:3,num_threads:128}",-1
b20200.json.gz,b,20,200,Wentges,highs,DantzigFarkas,3,131,2338.292308,inf,nan,2338.523077,0.230769231,59,252,0.697103,0.049714,0.765848,19526,28010.20796,8.968957739,0,0,"{timeout:21600,max_col_multiplier:1,age_limit:4,random_seed:2,replication:3,num_threads:128}",2
b20200.json.gz,b,20,200,Wentges,highs,DantzigFarkas,3,131,2338.292308,inf,nan,2338.523077,0.230769231,59,252,0.697103,0.049714,0.765849,19526,28010.20796,8.968957739,0,0,"{timeout:21600,max_col_multiplier:1,age_limit:4,random_seed:2,replication:3,num_threads:128}",1
b20200.json.gz,b,20,200,Wentges,highs,DantzigFarkas,4,4,2331.137984,inf,,10762.5,,37,60,0.003941,0.001592,0.014987,579,146917.0261,9.65,0,0,"{timeout:21600,max_col_multiplier:1,age_limit:4,random_seed:3,replication:4,num_threads:128}",-1
b20200.json.gz,b,20,200,Wentges,highs,DantzigFarkas,4,147,2338.103846,inf,nan,2338.523077,0.419230769,59,232,0.696887,0.056904,0.772965,19019,27291.36861,7.956369584,0,0,"{timeout:21600,max_col_multiplier:1,age_limit:4,random_seed:3,replication:4,num_threads:128}",2
b20200.json.gz,b,20,200,Wentges,highs,DantzigFarkas,4,147,2338.103846,inf,nan,2338.523077,0.419230769,59,232,0.696887,0.056904,0.772966,19019,27291.36861,7.956369584,0,0,"{timeout:21600,max_col_multiplier:1,age_limit:4,random_seed:3,replication:4,num_threads:128}",1
b20200.json.gz,b,20,200,Wentges,highs,DantzigFarkas,5,4,2331.137984,inf,,10237.25,,43,60,0.004598,0.001706,0.016426,604,131361.4615,10.06666667,0,0,"{timeout:21600,max_col_multiplier:1,age_limit:4,random_seed:4,replication:5,num_threads:128}",-1
b20200.json.gz,b,20,200,Wentges,highs,DantzigFarkas,5,144,2338.318841,inf,nan,2338.521739,0.202898551,51,257,0.695445,0.055639,0.771141,19332,27798.0286,8.502892402,0,0,"{timeout:21600,max_col_multiplier:1,age_limit:4,random_seed:4,replication:5,num_threads:128}",2
b20200.json.gz,b,20,200,Wentges,highs,DantzigFarkas,5,144,2338.318841,inf,nan,2338.521739,0.202898551,51,257,0.695445,0.055639,0.771142,19332,27798.0286,8.502892402,0,0,"{timeout:21600,max_col_multiplier:1,age_limit:4,random_seed:4,replication:5,num_threads:128}",1
c05100.json.gz,c,5,100,Wentges,highs,DantzigFarkas,1,7,1923.975026,inf,,3801.375,,19,30,0.0037,0.002193,0.008393,404,109189.1892,13.46666667,0,0,"{timeout:21600,max_col_multiplier:1,age_limit:7,random_seed:0,replication:1,num_threads:128}",-1
c05100.json.gz,c,5,100,Wentges,highs,DantzigFarkas,1,207,1929.214286,inf,nan,1929.666667,0.452380952,11,124,0.269609,0.086488,0.364724,8127,30143.65247,9.226006441,0,0,"{timeout:21600,max_col_multiplier:1,age_limit:7,random_seed:0,replication:1,num_threads:128}",2
c05100.json.gz,c,5,100,Wentges,highs,DantzigFarkas,1,207,1929.214286,inf,nan,1929.666667,0.452380952,11,124,0.269609,0.086488,0.364724,8127,30143.65247,9.226006441,0,0,"{timeout:21600,max_col_multiplier:1,age_limit:7,random_seed:0,replication:1,num_threads:128}",1
c05100.json.gz,c,5,100,Wentges,highs,DantzigFarkas,2,6,1923.975026,inf,,3861.25,,15,25,0.003714,0.002081,0.008194,395,106354.3349,15.8,0,0,"{timeout:21600,max_col_multiplier:1,age_limit:7,random_seed:1,replication:2,num_threads:128}",-1
c05100.json.gz,c,5,100,Wentges,highs,DantzigFarkas,2,178,1929.036232,inf,nan,1929.666667,0.630434783,11,138,0.250032,0.075231,0.334098,7301,29200.26237,8.927247191,0,0,"{timeout:21600,max_col_multiplier:1,age_limit:7,random_seed:1,replication:2,num_threads:128}",2
c05100.json.gz,c,5,100,Wentges,highs,DantzigFarkas,2,178,1929.036232,inf,nan,1929.666667,0.630434783,11,138,0.250032,0.075231,0.3341,7301,29200.26237,8.927247191,0,0,"{timeout:21600,max_col_multiplier:1,age_limit:7,random_seed:1,replication:2,num_threads:128}",1
c05100.json.gz,c,5,100,Wentges,highs,DantzigFarkas,3,8,1923.975026,inf,,3788.2,,22,35,0.004392,0.002663,0.009811,438,99726.77596,12.51428571,0,0,"{timeout:21600,max_col_multiplier:1,age_limit:7,random_seed:2,replication:3,num_threads:128}",-1
c05100.json.gz,c,5,100,Wentges,highs,DantzigFarkas,3,205,1929.083333,inf,nan,1929.666667,0.583333333,11,118,0.256521,0.100008,0.366218,7175,27970.41958,7.685516841,0,0,"{timeout:21600,max_col_multiplier:1,age_limit:7,random_seed:2,replication:3,num_threads:128}",2
c05100.json.gz,c,5,100,Wentges,highs,DantzigFarkas,3,205,1929.083333,inf,nan,1929.666667,0.583333333,11,118,0.256521,0.100008,0.366219,7175,27970.41958,7.685516841,0,0,"{timeout:21600,max_col_multiplier:1,age_limit:7,random_seed:2,replication:3,num_threads:128}",1
c05100.json.gz,c,5,100,Wentges,highs,DantzigFarkas,4,6,1923.975026,inf,,3929.95,,23,25,0.002418,0.001513,0.006241,371,153432.5889,14.84,0,0,"{timeout:21600,max_col_multiplier:1,age_limit:7,random_seed:3,replication:4,num_threads:128}",-1
c05100.json.gz,c,5,100,Wentges,highs,DantzigFarkas,4,230,1929.018519,inf,nan,1929.666667,0.648148148,12,126,0.278362,0.102046,0.390098,8103,29109.57674,8.237347826,0,0,"{timeout:21600,max_col_multiplier:1,age_limit:7,random_seed:3,replication:4,num_threads:128}",2
c05100.json.gz,c,5,100,Wentges,highs,DantzigFarkas,4,230,1929.018519,inf,nan,1929.666667,0.648148148,12,126,0.278362,0.102046,0.390098,8103,29109.57674,8.237347826,0,0,"{timeout:21600,max_col_multiplier:1,age_limit:7,random_seed:3,replication:4,num_threads:128}",1
c05100.json.gz,c,5,100,Wentges,highs,DantzigFarkas,5,7,1923.975026,inf,,3744.5625,,20,30,0.003031,0.002442,0.007952,386,127350.7093,12.86666667,0,0,"{timeout:21600,max_col_multiplier:1,age_limit:7,random_seed:4,replication:5,num_threads:128}",-1
c05100.json.gz,c,5,100,Wentges,highs,DantzigFarkas,5,200,1929.011111,inf,nan,1929.666667,0.655555556,11,125,0.25536,0.08877,0.352509,7148,27991.85464,8.697583333,0,0,"{timeout:21600,max_col_multiplier:1,age_limit:7,random_seed:4,replication:5,num_threads:128}",2
c05100.json.gz,c,5,100,Wentges,highs,DantzigFarkas,5,200,1929.011111,inf,nan,1929.666667,0.655555556,11,125,0.25536,0.08877,0.352509,7148,27991.85464,8.697583333,0,0,"{timeout:21600,max_col_multiplier:1,age_limit:7,random_seed:4,replication:5,num_threads:128}",1
c05200.json.gz,c,5,200,Wentges,highs,DantzigFarkas,1,8,3450.765286,inf,,6881.130435,,29,35,0.009652,0.00308,0.017184,845,87546.62246,24.14285714,0,0,"{timeout:21600,max_col_multiplier:1,age_limit:13,random_seed:0,replication:1,num_threads:128}",-1
c05200.json.gz,c,5,200,Wentges,highs,DantzigFarkas,1,596,3454.157895,inf,nan,3454.494737,0.336842105,25,263,4.630051,0.385061,5.046723,53111,11470.93196,20.72185602,0,0,"{timeout:21600,max_col_multiplier:1,age_limit:13,random_seed:0,replication:1,num_threads:128}",2
c05200.json.gz,c,5,200,Wentges,highs,DantzigFarkas,1,596,3454.157895,inf,nan,3454.494737,0.336842105,25,263,4.630051,0.385061,5.046724,53111,11470.93196,20.72185602,0,0,"{timeout:21600,max_col_multiplier:1,age_limit:13,random_seed:0,replication:1,num_threads:128}",1
c05200.json.gz,c,5,200,Wentges,highs,DantzigFarkas,2,8,3450.765286,inf,,6878.928571,,23,35,0.008586,0.002996,0.016239,808,94106.6853,23.08571429,0,0,"{timeout:21600,max_col_multiplier:1,age_limit:13,random_seed:1,replication:2,num_threads:128}",-1
c05200.json.gz,c,5,200,Wentges,highs,DantzigFarkas,2,506,3454.169118,inf,nan,3454.492647,0.323529412,27,281,3.963086,0.315846,4.305827,44887,11326.27452,21.23007717,0,0,"{timeout:21600,max_col_multiplier:1,age_limit:13,random_seed:1,replication:2,num_threads:128}",2
c05200.json.gz,c,5,200,Wentges,highs,DantzigFarkas,2,506,3454.169118,inf,nan,3454.492647,0.323529412,27,281,3.963086,0.315846,4.305828,44887,11326.27452,21.23007717,0,0,"{timeout:21600,max_col_multiplier:1,age_limit:13,random_seed:1,replication:2,num_threads:128}",1
c05200.json.gz,c,5,200,Wentges,highs,DantzigFarkas,3,8,3450.765286,inf,,6870.951902,,27,35,0.010432,0.003121,0.018106,931,89244.6319,26.6,0,0,"{timeout:21600,max_col_multiplier:1,age_limit:13,random_seed:2,replication:3,num_threads:128}",-1
c05200.json.gz,c,5,200,Wentges,highs,DantzigFarkas,3,568,3454.025862,inf,nan,3454.508621,0.482758621,26,267,4.784991,0.355944,5.171126,54405,11369.92734,21.25211268,0,0,"{timeout:21600,max_col_multiplier:1,age_limit:13,random_seed:2,replication:3,num_threads:128}",2
c05200.json.gz,c,5,200,Wentges,highs,DantzigFarkas,3,568,3454.025862,inf,nan,3454.508621,0.482758621,26,267,4.784991,0.355944,5.171127,54405,11369.92734,21.25211268,0,0,"{timeout:21600,max_col_multiplier:1,age_limit:13,random_seed:2,replication:3,num_threads:128}",1
c05200.json.gz,c,5,200,Wentges,highs,DantzigFarkas,4,8,3450.765286,inf,,6980.5,,22,35,0.010035,0.002668,0.016914,931,92775.2865,26.6,0,0,"{timeout:21600,max_col_multiplier:1,age_limit:13,random_seed:3,replication:4,num_threads:128}",-1
c05200.json.gz,c,5,200,Wentges,highs,DantzigFarkas,4,529,3454.004085,inf,nan,3454.492647,0.488562091,27,237,4.101979,0.347904,4.477629,45561,11107.07783,20.41285444,0,0,"{timeout:21600,max_col_multiplier:1,age_limit:13,random_seed:3,replication:4,num_threads:128}",2
c05200.json.gz,c,5,200,Wentges,highs,DantzigFarkas,4,529,3454.004085,inf,nan,3454.492647,0.488562091,27,237,4.101979,0.347904,4.477629,45561,11107.07783,20.41285444,0,0,"{timeout:21600,max_col_multiplier:1,age_limit:13,random_seed:3,replication:4,num_threads:128}",1
c05200.json.gz,c,5,200,Wentges,highs,DantzigFarkas,5,7,3450.765286,inf,,6978.166667,,22,30,0.007005,0.002207,0.013598,767,109493.2191,25.56666667,0,0,"{timeout:21600,max_col_multiplier:1,age_limit:13,random_seed:4,replication:5,num_threads:128}",-1
c05200.json.gz,c,5,200,Wentges,highs,DantzigFarkas,5,540,3454.014706,inf,nan,3454.492647,0.477941176,27,250,4.419496,0.402197,4.850866,50970,11532.98928,21.09651235,0,0,"{timeout:21600,max_col_multiplier:1,age_limit:13,random_seed:4,replication:5,num_threads:128}",2
c05200.json.gz,c,5,200,Wentges,highs,DantzigFarkas,5,540,3454.014706,inf,nan,3454.492647,0.477941176,27,250,4.419496,0.402197,4.850867,50970,11532.98928,21.09651235,0,0,"{timeout:21600,max_col_multiplier:1,age_limit:13,random_seed:4,replication:5,num_threads:128}",1
c10100.json.gz,c,10,100,Wentges,highs,DantzigFarkas,1,5,1387.009711,inf,,4207.5,,20,40,0.002568,0.001868,0.008083,345,134345.7944,8.625,0,0,"{timeout:21600,max_col_multiplier:1,age_limit:4,random_seed:0,replication:1,num_threads:128}",-1
c10100.json.gz,c,10,100,Wentges,highs,DantzigFarkas,1,100,1399.102041,inf,nan,1399.857143,0.755102041,30,129,0.132788,0.039334,0.179965,5266,39657.19794,6.168138889,0,0,"{timeout:21600,max_col_multiplier:1,age_limit:4,random_seed:0,replication:1,num_threads:128}",2
c10100.json.gz,c,10,100,Wentges,highs,DantzigFarkas,1,100,1399.102041,inf,nan,1399.857143,0.755102041,30,129,0.132788,0.039334,0.179966,5266,39657.19794,6.168138889,0,0,"{timeout:21600,max_col_multiplier:1,age_limit:4,random_seed:0,replication:1,num_threads:128}",1
c10100.json.gz,c,10,100,Wentges,highs,DantzigFarkas,2,5,1387.009711,inf,,4390.166667,,26,40,0.002437,0.001411,0.007068,356,146081.2474,8.9,0,0,"{timeout:21600,max_col_multiplier:1,age_limit:4,random_seed:1,replication:2,num_threads:128}",-1
c10100.json.gz,c,10,100,Wentges,highs,DantzigFarkas,2,98,1399.257143,inf,nan,1399.857143,0.6,30,120,0.139939,0.037125,0.184527,5780,41303.7109,6.823287172,0,0,"{timeout:21600,max_col_multiplier:1,age_limit:4,random_seed:1,replication:2,num_threads:128}",2
c10100.json.gz,c,10,100,Wentges,highs,DantzigFarkas,2,98,1399.257143,inf,nan,1399.857143,0.6,30,120,0.139939,0.037125,0.184528,5780,41303.7109,6.823287172,0,0,"{timeout:21600,max_col_multiplier:1,age_limit:4,random_seed:1,replication:2,num_threads:128}",1
c10100.json.gz,c,10,100,Wentges,highs,DantzigFarkas,3,5,1387.009711,inf,,4261.25,,26,40,0.002553,0.001706,0.007591,324,126909.5182,8.1,0,0,"{timeout:21600,max_col_multiplier:1,age_limit:4,random_seed:2,replication:3,num_threads:128}",-1
c10100.json.gz,c,10,100,Wentges,highs,DantzigFarkas,3,117,1399.365079,inf,nan,1399.857143,0.492063492,30,122,0.142515,0.042261,0.192849,5552,38957.30274,6.055860806,0,0,"{timeout:21600,max_col_multiplier:1,age_limit:4,random_seed:2,replication:3,num_threads:128}",2
c10100.json.gz,c,10,100,Wentges,highs,DantzigFarkas,3,117,1399.365079,inf,nan,1399.857143,0.492063492,30,122,0.142515,0.042261,0.19285,5552,38957.30274,6.055860806,0,0,"{timeout:21600,max_col_multiplier:1,age_limit:4,random_seed:2,replication:3,num_threads:128}",1
c10100.json.gz,c,10,100,Wentges,highs,DantzigFarkas,4,5,1387.009711,inf,,4249.833333,,26,40,0.003544,0.001764,0.009017,344,97065.46275,8.6,0,0,"{timeout:21600,max_col_multiplier:1,age_limit:4,random_seed:3,replication:4,num_threads:128}",-1
c10100.json.gz,c,10,100,Wentges,highs,DantzigFarkas,4,102,1399.25,inf,nan,1399.875,0.625,29,124,0.139903,0.038922,0.187407,5330,38097.82492,6.149070184,0,0,"{timeout:21600,max_col_multiplier:1,age_limit:4,random_seed:3,replication:4,num_threads:128}",2
c10100.json.gz,c,10,100,Wentges,highs,DantzigFarkas,4,102,1399.25,inf,nan,1399.875,0.625,29,124,0.139903,0.038922,0.187408,5330,38097.82492,6.149070184,0,0,"{timeout:21600,max_col_multiplier:1,age_limit:4,random_seed:3,replication:4,num_threads:128}",1
c10100.json.gz,c,10,100,Wentges,highs,DantzigFarkas,5,5,1387.009711,inf,,4330.8125,,29,40,0.002385,0.001618,0.007354,318,133333.3333,7.95,0,0,"{timeout:21600,max_col_multiplier:1,age_limit:4,random_seed:4,replication:5,num_threads:128}",-1
c10100.json.gz,c,10,100,Wentges,highs,DantzigFarkas,5,97,1399.066667,inf,nan,1399.933333,0.866666667,37,121,0.139914,0.037608,0.185075,5664,40482.01038,6.833885616,0,0,"{timeout:21600,max_col_multiplier:1,age_limit:4,random_seed:4,replication:5,num_threads:128}",2
c10100.json.gz,c,10,100,Wentges,highs,DantzigFarkas,5,97,1399.066667,inf,nan,1399.933333,0.866666667,37,121,0.139914,0.037608,0.185076,5664,40482.01038,6.833885616,0,0,"{timeout:21600,max_col_multiplier:1,age_limit:4,random_seed:4,replication:5,num_threads:128}",1
c10200.json.gz,c,10,200,Wentges,highs,DantzigFarkas,1,6,2795.407916,inf,,8520.25,,28,50,0.006184,0.002253,0.015425,705,114003.881,14.1,0,0,"{timeout:21600,max_col_multiplier:1,age_limit:7,random_seed:0,replication:1,num_threads:128}",-1
c10200.json.gz,c,10,200,Wentges,highs,DantzigFarkas,1,275,2803.037142,inf,nan,2803.958763,0.92162124,50,233,1.591094,0.119733,1.732588,27185,17085.72844,11.44309668,0,0,"{timeout:21600,max_col_multiplier:1,age_limit:7,random_seed:0,replication:1,num_threads:128}",2
c10200.json.gz,c,10,200,Wentges,highs,DantzigFarkas,1,275,2803.037142,inf,nan,2803.958763,0.92162124,50,233,1.591094,0.119733,1.732588,27185,17085.72844,11.44309668,0,0,"{timeout:21600,max_col_multiplier:1,age_limit:7,random_seed:0,replication:1,num_threads:128}",1
c10200.json.gz,c,10,200,Wentges,highs,DantzigFarkas,2,5,2795.407916,inf,,8587.388889,,32,40,0.005012,0.002028,0.01401,661,131883.4796,16.525,0,0,"{timeout:21600,max_col_multiplier:1,age_limit:7,random_seed:1,replication:2,num_threads:128}",-1
c10200.json.gz,c,10,200,Wentges,highs,DantzigFarkas,2,266,2803.40774,inf,nan,2803.951486,0.543746495,52,235,1.505589,0.111543,1.638639,27406,18202.84287,12.16008324,0,0,"{timeout:21600,max_col_multiplier:1,age_limit:7,random_seed:1,replication:2,num_threads:128}",2
c10200.json.gz,c,10,200,Wentges,highs,DantzigFarkas,2,266,2803.40774,inf,nan,2803.951486,0.543746495,52,235,1.505589,0.111543,1.63864,27406,18202.84287,12.16008324,0,0,"{timeout:21600,max_col_multiplier:1,age_limit:7,random_seed:1,replication:2,num_threads:128}",1
c10200.json.gz,c,10,200,Wentges,highs,DantzigFarkas,3,5,2795.407916,inf,,8666.5,,29,40,0.005848,0.001707,0.01434,700,119699.0424,17.5,0,0,"{timeout:21600,max_col_multiplier:1,age_limit:7,random_seed:2,replication:3,num_threads:128}",-1
c10200.json.gz,c,10,200,Wentges,highs,DantzigFarkas,3,272,2803.460907,inf,nan,2803.958531,0.49762419,50,269,1.715475,0.11572,1.853439,29769,17353.21121,12.55503618,0,0,"{timeout:21600,max_col_multiplier:1,age_limit:7,random_seed:2,replication:3,num_threads:128}",2
c10200.json.gz,c,10,200,Wentges,highs,DantzigFarkas,3,272,2803.460907,inf,nan,2803.958531,0.49762419,50,269,1.715475,0.11572,1.85344,29769,17353.21121,12.55503618,0,0,"{timeout:21600,max_col_multiplier:1,age_limit:7,random_seed:2,replication:3,num_threads:128}",1
c10200.json.gz,c,10,200,Wentges,highs,DantzigFarkas,4,5,2795.407916,inf,,8486,,26,40,0.005811,0.001885,0.014887,678,116675.271,16.95,0,0,"{timeout:21600,max_col_multiplier:1,age_limit:7,random_seed:3,replication:4,num_threads:128}",-1
c10200.json.gz,c,10,200,Wentges,highs,DantzigFarkas,4,261,2803.051587,inf,nan,2803.96164,0.91005291,53,229,1.529228,0.120125,1.67196,27679,18099.98247,12.75022806,0,0,"{timeout:21600,max_col_multiplier:1,age_limit:7,random_seed:3,replication:4,num_threads:128}",2
c10200.json.gz,c,10,200,Wentges,highs,DantzigFarkas,4,261,2803.051587,inf,nan,2803.96164,0.91005291,53,229,1.529228,0.120125,1.671961,27679,18099.98247,12.75022806,0,0,"{timeout:21600,max_col_multiplier:1,age_limit:7,random_seed:3,replication:4,num_threads:128}",1
c10200.json.gz,c,10,200,Wentges,highs,DantzigFarkas,5,5,2795.407916,inf,,8568.25,,28,40,0.005393,0.00195,0.014023,688,127572.7795,17.2,0,0,"{timeout:21600,max_col_multiplier:1,age_limit:7,random_seed:4,replication:5,num_threads:128}",-1
c10200.json.gz,c,10,200,Wentges,highs,DantzigFarkas,5,229,2803.531934,inf,nan,2803.956255,0.42432196,52,242,1.478483,0.09925,1.597578,26421,17870.34413,12.95761073,0,0,"{timeout:21600,max_col_multiplier:1,age_limit:7,random_seed:4,replication:5,num_threads:128}",2
c10200.json.gz,c,10,200,Wentges,highs,DantzigFarkas,5,229,2803.531934,inf,nan,2803.956255,0.42432196,52,242,1.478483,0.09925,1.597579,26421,17870.34413,12.95761073,0,0,"{timeout:21600,max_col_multiplier:1,age_limit:7,random_seed:4,replication:5,num_threads:128}",1
c10400.json.gz,c,10,400,Wentges,highs,DantzigFarkas,1,5,5591.103879,inf,,17173.95833,,35,40,0.011972,0.002215,0.027689,1232,102906.7825,30.8,0,0,"{timeout:21600,max_col_multiplier:1,age_limit:13,random_seed:0,replication:1,num_threads:128}",-1
c10400.json.gz,c,10,400,Wentges,highs,DantzigFarkas,1,793,5595.12546,inf,nan,5595.331126,0.205665931,54,469,43.129333,0.601793,43.807799,210548,4881.781965,30.81994736,0,0,"{timeout:21600,max_col_multiplier:1,age_limit:13,random_seed:0,replication:1,num_threads:128}",2
c10400.json.gz,c,10,400,Wentges,highs,DantzigFarkas,1,793,5595.12546,inf,nan,5595.331126,0.205665931,54,469,43.129333,0.601793,43.807799,210548,4881.781965,30.81994736,0,0,"{timeout:21600,max_col_multiplier:1,age_limit:13,random_seed:0,replication:1,num_threads:128}",1
c10400.json.gz,c,10,400,Wentges,highs,DantzigFarkas,2,5,5591.103879,inf,,17072.63095,,38,40,0.013289,0.001953,0.028694,1252,94213.25909,31.3,0,0,"{timeout:21600,max_col_multiplier:1,age_limit:13,random_seed:1,replication:2,num_threads:128}",-1
c10400.json.gz,c,10,400,Wentges,highs,DantzigFarkas,2,666,5595.127759,inf,nan,5595.331126,0.203366446,54,478,39.553348,0.517472,40.139857,201327,5090.011596,34.4115276,0,0,"{timeout:21600,max_col_multiplier:1,age_limit:13,random_seed:1,replication:2,num_threads:128}",2
c10400.json.gz,c,10,400,Wentges,highs,DantzigFarkas,2,666,5595.127759,inf,nan,5595.331126,0.203366446,54,478,39.553348,0.517472,40.139858,201327,5090.011596,34.4115276,0,0,"{timeout:21600,max_col_multiplier:1,age_limit:13,random_seed:1,replication:2,num_threads:128}",1
c10400.json.gz,c,10,400,Wentges,highs,DantzigFarkas,3,5,5591.103879,inf,,17043.13333,,35,40,0.014138,0.001614,0.029328,1239,87636.15787,30.975,0,0,"{timeout:21600,max_col_multiplier:1,age_limit:13,random_seed:2,replication:3,num_threads:128}",-1
c10400.json.gz,c,10,400,Wentges,highs,DantzigFarkas,3,812,5595.077999,inf,nan,5595.331126,0.253127299,54,440,40.960999,0.652723,41.692708,204661,4996.484583,28.99832229,0,0,"{timeout:21600,max_col_multiplier:1,age_limit:13,random_seed:2,replication:3,num_threads:128}",2
c10400.json.gz,c,10,400,Wentges,highs,DantzigFarkas,3,812,5595.077999,inf,nan,5595.331126,0.253127299,54,440,40.960999,0.652723,41.692709,204661,4996.484583,28.99832229,0,0,"{timeout:21600,max_col_multiplier:1,age_limit:13,random_seed:2,replication:3,num_threads:128}",1
c10400.json.gz,c,10,400,Wentges,highs,DantzigFarkas,4,5,5591.103879,inf,,17184.85897,,36,40,0.015927,0.002024,0.031139,1280,80366.67295,32,0,0,"{timeout:21600,max_col_multiplier:1,age_limit:13,random_seed:3,replication:4,num_threads:128}",-1
c10400.json.gz,c,10,400,Wentges,highs,DantzigFarkas,4,617,5595.078918,inf,nan,5595.331126,0.252207506,54,448,36.424335,0.476087,36.967395,190489,5229.717989,34.24763062,0,0,"{timeout:21600,max_col_multiplier:1,age_limit:13,random_seed:3,replication:4,num_threads:128}",2
c10400.json.gz,c,10,400,Wentges,highs,DantzigFarkas,4,617,5595.078918,inf,nan,5595.331126,0.252207506,54,448,36.424335,0.476087,36.967396,190489,5229.717989,34.24763062,0,0,"{timeout:21600,max_col_multiplier:1,age_limit:13,random_seed:3,replication:4,num_threads:128}",1
c10400.json.gz,c,10,400,Wentges,highs,DantzigFarkas,5,5,5591.103879,inf,,16892.66667,,31,40,0.01289,0.00213,0.029387,1285,99689.68192,32.125,0,0,"{timeout:21600,max_col_multiplier:1,age_limit:13,random_seed:4,replication:5,num_threads:128}",-1
c10400.json.gz,c,10,400,Wentges,highs,DantzigFarkas,5,681,5595.020932,inf,nan,5595.333686,0.312754237,55,467,41.069777,0.496925,41.639414,204550,4980.548105,34.23070473,0,0,"{timeout:21600,max_col_multiplier:1,age_limit:13,random_seed:4,replication:5,num_threads:128}",2
c10400.json.gz,c,10,400,Wentges,highs,DantzigFarkas,5,681,5595.020932,inf,nan,5595.333686,0.312754237,55,467,41.069777,0.496925,41.639415,204550,4980.548105,34.23070473,0,0,"{timeout:21600,max_col_multiplier:1,age_limit:13,random_seed:4,replication:5,num_threads:128}",1
c15900.json.gz,c,15,900,Wentges,highs,DantzigFarkas,1,5,11336.57438,inf,,41560.27273,,53,60,0.052229,0.002043,0.105521,2971,56884.10653,49.51666667,0,0,"{timeout:21600,max_col_multiplier:1,age_limit:19,random_seed:0,replication:1,num_threads:128}",-1
c15900.json.gz,c,15,900,Wentges,highs,DantzigFarkas,1,1293,11338.05188,inf,nan,11338.88546,0.833574577,95,1041,2149.063838,2.028958,2151.478888,1910541,889.0108177,109.3281435,0,0,"{timeout:21600,max_col_multiplier:1,age_limit:19,random_seed:0,replication:1,num_threads:128}",2
c15900.json.gz,c,15,900,Wentges,highs,DantzigFarkas,1,1293,11338.05188,inf,nan,11338.88546,0.833574577,95,1041,2149.063838,2.028958,2151.478889,1910541,889.0108177,109.3281435,0,0,"{timeout:21600,max_col_multiplier:1,age_limit:19,random_seed:0,replication:1,num_threads:128}",1
c15900.json.gz,c,15,900,Wentges,highs,DantzigFarkas,2,5,11336.57438,inf,,41063.91667,,47,60,0.041849,0.002167,0.09106,2668,63753.0168,44.46666667,0,0,"{timeout:21600,max_col_multiplier:1,age_limit:19,random_seed:1,replication:2,num_threads:128}",-1
c15900.json.gz,c,15,900,Wentges,highs,DantzigFarkas,2,1314,11338.02871,inf,nan,11338.86759,0.838883497,92,990,2424.406172,2.118338,2426.925374,2084897,859.9619256,116.0806941,0,0,"{timeout:21600,max_col_multiplier:1,age_limit:19,random_seed:1,replication:2,num_threads:128}",2
c15900.json.gz,c,15,900,Wentges,highs,DantzigFarkas,2,1314,11338.02871,inf,nan,11338.86759,0.838883497,92,990,2424.406172,2.118338,2426.925375,2084897,859.9619256,116.0806941,0,0,"{timeout:21600,max_col_multiplier:1,age_limit:19,random_seed:1,replication:2,num_threads:128}",1
c15900.json.gz,c,15,900,Wentges,highs,DantzigFarkas,3,5,11336.57438,inf,,41459.6339,,57,60,0.046813,0.001967,0.095776,2815,60132.86907,46.91666667,0,0,"{timeout:21600,max_col_multiplier:1,age_limit:19,random_seed:2,replication:3,num_threads:128}",-1
c15900.json.gz,c,15,900,Wentges,highs,DantzigFarkas,3,1482,11338.04956,inf,nan,11338.88301,0.833449268,95,1071,2409.909614,2.342845,2412.680859,2280663,946.3686882,117.6297572,0,0,"{timeout:21600,max_col_multiplier:1,age_limit:19,random_seed:2,replication:3,num_threads:128}",2
c15900.json.gz,c,15,900,Wentges,highs,DantzigFarkas,3,1482,11338.04956,inf,nan,11338.88301,0.833449268,95,1071,2409.909614,2.342845,2412.68086,2280663,946.3686882,117.6297572,0,0,"{timeout:21600,max_col_multiplier:1,age_limit:19,random_seed:2,replication:3,num_threads:128}",1
c15900.json.gz,c,15,900,Wentges,highs,DantzigFarkas,4,5,11336.57438,inf,,42076.93125,,58,60,0.052227,0.001713,0.10245,2873,55009.8608,47.88333333,0,0,"{timeout:21600,max_col_multiplier:1,age_limit:19,random_seed:3,replication:4,num_threads:128}",-1
c15900.json.gz,c,15,900,Wentges,highs,DantzigFarkas,4,1490,11338.07327,inf,nan,11338.86766,0.794396378,92,1022,2550.943662,2.353355,2553.717498,2250972,882.4075708,110.9937424,0,0,"{timeout:21600,max_col_multiplier:1,age_limit:19,random_seed:3,replication:4,num_threads:128}",2
c15900.json.gz,c,15,900,Wentges,highs,DantzigFarkas,4,1490,11338.07327,inf,nan,11338.86766,0.794396378,92,1022,2550.943662,2.353355,2553.717499,2250972,882.4075708,110.9937424,0,0,"{timeout:21600,max_col_multiplier:1,age_limit:19,random_seed:3,replication:4,num_threads:128}",1
c15900.json.gz,c,15,900,Wentges,highs,DantzigFarkas,5,5,11336.57438,inf,,41508.61765,,54,60,0.046493,0.00204,0.095134,2839,61062.95571,47.31666667,0,0,"{timeout:21600,max_col_multiplier:1,age_limit:19,random_seed:4,replication:5,num_threads:128}",-1
c15900.json.gz,c,15,900,Wentges,highs,DantzigFarkas,5,1324,11338.0805,inf,nan,11338.88497,0.8044701,98,1058,2467.705002,2.114117,2470.225733,2134859,865.1192093,118.4067952,0,0,"{timeout:21600,max_col_multiplier:1,age_limit:19,random_seed:4,replication:5,num_threads:128}",2
c15900.json.gz,c,15,900,Wentges,highs,DantzigFarkas,5,1324,11338.0805,inf,nan,11338.88497,0.8044701,98,1058,2467.705002,2.114117,2470.225734,2134859,865.1192093,118.4067952,0,0,"{timeout:21600,max_col_multiplier:1,age_limit:19,random_seed:4,replication:5,num_threads:128}",1
c20100.json.gz,c,20,100,Wentges,highs,DantzigFarkas,1,4,1218.987259,inf,,5028,,35,60,0.001799,0.001848,0.009227,327,181767.6487,5.45,0,0,"{timeout:21600,max_col_multiplier:1,age_limit:3,random_seed:0,replication:1,num_threads:128}",-1
c20100.json.gz,c,20,100,Wentges,highs,DantzigFarkas,1,55,1241.27381,inf,nan,1241.678571,0.404761905,54,139,0.084249,0.025818,0.119051,4129,49009.48379,4.699507682,0,0,"{timeout:21600,max_col_multiplier:1,age_limit:3,random_seed:0,replication:1,num_threads:128}",2
c20100.json.gz,c,20,100,Wentges,highs,DantzigFarkas,1,55,1241.27381,inf,nan,1241.678571,0.404761905,54,139,0.084249,0.025818,0.119051,4129,49009.48379,4.699507682,0,0,"{timeout:21600,max_col_multiplier:1,age_limit:3,random_seed:0,replication:1,num_threads:128}",1
c20100.json.gz,c,20,100,Wentges,highs,DantzigFarkas,2,4,1218.987259,inf,,4775.333333,,28,60,0.001934,0.00153,0.009617,347,179420.8893,5.783333333,0,0,"{timeout:21600,max_col_multiplier:1,age_limit:3,random_seed:1,replication:2,num_threads:128}",-1
c20100.json.gz,c,20,100,Wentges,highs,DantzigFarkas,2,52,1241.333333,inf,nan,1241.666667,0.333333333,48,125,0.085214,0.020184,0.114533,4415,51810.73533,4.958548036,0,0,"{timeout:21600,max_col_multiplier:1,age_limit:3,random_seed:1,replication:2,num_threads:128}",2
c20100.json.gz,c,20,100,Wentges,highs,DantzigFarkas,2,52,1241.333333,inf,nan,1241.666667,0.333333333,48,125,0.085214,0.020184,0.114534,4415,51810.73533,4.958548036,0,0,"{timeout:21600,max_col_multiplier:1,age_limit:3,random_seed:1,replication:2,num_threads:128}",1
c20100.json.gz,c,20,100,Wentges,highs,DantzigFarkas,3,4,1218.987259,inf,,4947.444444,,39,60,0.001927,0.001649,0.009175,345,179034.7691,5.75,0,0,"{timeout:21600,max_col_multiplier:1,age_limit:3,random_seed:2,replication:3,num_threads:128}",-1
c20100.json.gz,c,20,100,Wentges,highs,DantzigFarkas,3,56,1241.333333,inf,nan,1241.666667,0.333333333,51,124,0.087037,0.024858,0.120824,4334,49794.91481,5.147364111,0,0,"{timeout:21600,max_col_multiplier:1,age_limit:3,random_seed:2,replication:3,num_threads:128}",2
c20100.json.gz,c,20,100,Wentges,highs,DantzigFarkas,3,56,1241.333333,inf,nan,1241.666667,0.333333333,51,124,0.087037,0.024858,0.120824,4334,49794.91481,5.147364111,0,0,"{timeout:21600,max_col_multiplier:1,age_limit:3,random_seed:2,replication:3,num_threads:128}",1
c20100.json.gz,c,20,100,Wentges,highs,DantzigFarkas,4,4,1218.987259,inf,,4912,,24,60,0.001776,0.001559,0.009154,331,186373.8739,5.516666667,0,0,"{timeout:21600,max_col_multiplier:1,age_limit:3,random_seed:3,replication:4,num_threads:128}",-1
c20100.json.gz,c,20,100,Wentges,highs,DantzigFarkas,4,59,1241.333333,inf,nan,1241.666667,0.333333333,41,133,0.094854,0.026524,0.131087,4548,47947.37175,5.035272692,0,0,"{timeout:21600,max_col_multiplier:1,age_limit:3,random_seed:3,replication:4,num_threads:128}",2
c20100.json.gz,c,20,100,Wentges,highs,DantzigFarkas,4,59,1241.333333,inf,nan,1241.666667,0.333333333,41,133,0.094854,0.026524,0.131088,4548,47947.37175,5.035272692,0,0,"{timeout:21600,max_col_multiplier:1,age_limit:3,random_seed:3,replication:4,num_threads:128}",1
c20100.json.gz,c,20,100,Wentges,highs,DantzigFarkas,5,4,1218.987259,inf,,4923.090909,,46,60,0.002249,0.001593,0.00961,367,163183.6372,6.116666667,0,0,"{timeout:21600,max_col_multiplier:1,age_limit:3,random_seed:4,replication:5,num_threads:128}",-1
c20100.json.gz,c,20,100,Wentges,highs,DantzigFarkas,5,59,1241.666667,inf,nan,1241.666667,0,48,127,0.083222,0.023033,0.115391,4211,50599.60107,4.827365829,0,0,"{timeout:21600,max_col_multiplier:1,age_limit:3,random_seed:4,replication:5,num_threads:128}",2
c20100.json.gz,c,20,100,Wentges,highs,DantzigFarkas,5,59,1241.666667,inf,nan,1241.666667,0,48,127,0.083222,0.023033,0.115392,4211,50599.60107,4.827365829,0,0,"{timeout:21600,max_col_multiplier:1,age_limit:3,random_seed:4,replication:5,num_threads:128}",1
c201600.json.gz,c,20,1600,Wentges,highs,DantzigFarkas,1,4,18798.56503,inf,,82616.26667,,56,60,0.14761,0.001825,0.27295,4846,32829.75408,80.76666667,0,0,"{timeout:21600,max_col_multiplier:1,age_limit:25,random_seed:0,replication:1,num_threads:128}",-1
c201600.json.gz,c,20,1600,Wentges,highs,DantzigFarkas,1,412,18798.56503,inf,nan,19103.51295,6462.998182,1581,3575,21638.9134,1.376378,21640.65533,1668518,77.10729136,202.1184807,0,1,"{timeout:21600,max_col_multiplier:1,age_limit:25,random_seed:0,replication:1,num_threads:128}",-4
c201600.json.gz,c,20,1600,Wentges,highs,DantzigFarkas,1,412,18798.56503,inf,nan,19103.51295,6462.998182,1581,3575,21638.9134,1.376378,21640.65533,1668518,77.10729136,202.1184807,0,1,"{timeout:21600,max_col_multiplier:1,age_limit:25,random_seed:0,replication:1,num_threads:128}",1
c201600.json.gz,c,20,1600,Wentges,highs,DantzigFarkas,2,4,18798.56503,inf,,84587.47222,,52,60,0.130945,0.002881,0.241994,4812,36748.25308,80.2,0,0,"{timeout:21600,max_col_multiplier:1,age_limit:25,random_seed:1,replication:2,num_threads:128}",-1
c201600.json.gz,c,20,1600,Wentges,highs,DantzigFarkas,2,419,18798.56503,inf,nan,19088.35867,5233.56664,1580,3666,21656.52529,1.415756,21658.29464,1715014,79.191559,204.3207637,0,1,"{timeout:21600,max_col_multiplier:1,age_limit:25,random_seed:1,replication:2,num_threads:128}",-4
c201600.json.gz,c,20,1600,Wentges,highs,DantzigFarkas,2,419,18798.56503,inf,nan,19088.35867,5233.56664,1580,3666,21656.52529,1.415756,21658.29464,1715014,79.191559,204.3207637,0,1,"{timeout:21600,max_col_multiplier:1,age_limit:25,random_seed:1,replication:2,num_threads:128}",1
c201600.json.gz,c,20,1600,Wentges,highs,DantzigFarkas,3,4,18798.56503,inf,,82960.75,,50,60,0.170147,0.003482,0.283982,5021,29509.77684,83.68333333,0,0,"{timeout:21600,max_col_multiplier:1,age_limit:25,random_seed:2,replication:3,num_threads:128}",-1
c201600.json.gz,c,20,1600,Wentges,highs,DantzigFarkas,3,422,18798.56503,inf,nan,19101.11945,7414.121821,1568,3604,21603.81785,1.42935,21605.61032,1759262,81.43292138,208.1356365,0,1,"{timeout:21600,max_col_multiplier:1,age_limit:25,random_seed:2,replication:3,num_threads:128}",-4
c201600.json.gz,c,20,1600,Wentges,highs,DantzigFarkas,3,422,18798.56503,inf,nan,19101.11945,7414.121821,1568,3604,21603.81785,1.42935,21605.61032,1759262,81.43292138,208.1356365,0,1,"{timeout:21600,max_col_multiplier:1,age_limit:25,random_seed:2,replication:3,num_threads:128}",1
c201600.json.gz,c,20,1600,Wentges,highs,DantzigFarkas,4,5,18798.56503,inf,,77687.74138,,71,80,0.182354,0.002996,0.300076,5121,28082.74016,64.0125,0,0,"{timeout:21600,max_col_multiplier:1,age_limit:25,random_seed:3,replication:4,num_threads:128}",-1
c201600.json.gz,c,20,1600,Wentges,highs,DantzigFarkas,4,427,18798.56503,inf,nan,19074.8911,4564.248792,1575,3596,21601.79611,1.434571,21603.59883,1741053,80.59760359,203.4441128,0,1,"{timeout:21600,max_col_multiplier:1,age_limit:25,random_seed:3,replication:4,num_threads:128}",-4
c201600.json.gz,c,20,1600,Wentges,highs,DantzigFarkas,4,427,18798.56503,inf,nan,19074.8911,4564.248792,1575,3596,21601.79611,1.434571,21603.59883,1741053,80.59760359,203.4441128,0,1,"{timeout:21600,max_col_multiplier:1,age_limit:25,random_seed:3,replication:4,num_threads:128}",1
c201600.json.gz,c,20,1600,Wentges,highs,DantzigFarkas,5,5,18798.56503,inf,,82616.25,,57,80,0.129642,0.00357,0.243086,4840,37333.58017,60.5,0,0,"{timeout:21600,max_col_multiplier:1,age_limit:25,random_seed:4,replication:5,num_threads:128}",-1
c201600.json.gz,c,20,1600,Wentges,highs,DantzigFarkas,5,402,18798.56503,inf,nan,19182.19976,6433.970264,1597,3637,21599.45804,1.488808,21601.30444,1785364,82.6578147,221.6493126,0,1,"{timeout:21600,max_col_multiplier:1,age_limit:25,random_seed:4,replication:5,num_threads:128}",-4
c201600.json.gz,c,20,1600,Wentges,highs,DantzigFarkas,5,402,18798.56503,inf,nan,19182.19976,6433.970264,1597,3637,21599.45804,1.488808,21601.30444,1785364,82.6578147,221.6493126,0,1,"{timeout:21600,max_col_multiplier:1,age_limit:25,random_seed:4,replication:5,num_threads:128}",1
c20200.json.gz,c,20,200,Wentges,highs,DantzigFarkas,1,4,2376.905486,inf,,10415.5,,36,60,0.004604,0.001521,0.016605,631,137054.735,10.51666667,0,0,"{timeout:21600,max_col_multiplier:1,age_limit:4,random_seed:0,replication:1,num_threads:128}",-1
c20200.json.gz,c,20,200,Wentges,highs,DantzigFarkas,1,139,2390.06175,inf,nan,2390.171527,0.109777015,72,229,0.770122,0.054309,0.844347,18720,24307.83694,8.253121686,0,0,"{timeout:21600,max_col_multiplier:1,age_limit:4,random_seed:0,replication:1,num_threads:128}",2
c20200.json.gz,c,20,200,Wentges,highs,DantzigFarkas,1,139,2390.06175,inf,nan,2390.171527,0.109777015,72,229,0.770122,0.054309,0.844348,18720,24307.83694,8.253121686,0,0,"{timeout:21600,max_col_multiplier:1,age_limit:4,random_seed:0,replication:1,num_threads:128}",1
c20200.json.gz,c,20,200,Wentges,highs,DantzigFarkas,2,4,2376.905486,inf,,10391.5,,34,60,0.004428,0.001679,0.016405,636,143631.4363,10.6,0,0,"{timeout:21600,max_col_multiplier:1,age_limit:4,random_seed:1,replication:2,num_threads:128}",-1
c20200.json.gz,c,20,200,Wentges,highs,DantzigFarkas,2,152,2390.006752,inf,nan,2390.171506,0.164753545,75,242,0.686872,0.059821,0.766668,19187,27933.87997,7.827171859,0,0,"{timeout:21600,max_col_multiplier:1,age_limit:4,random_seed:1,replication:2,num_threads:128}",2
c20200.json.gz,c,20,200,Wentges,highs,DantzigFarkas,2,152,2390.006752,inf,nan,2390.171506,0.164753545,75,242,0.686872,0.059821,0.766668,19187,27933.87997,7.827171859,0,0,"{timeout:21600,max_col_multiplier:1,age_limit:4,random_seed:1,replication:2,num_threads:128}",1
c20200.json.gz,c,20,200,Wentges,highs,DantzigFarkas,3,4,2376.905486,inf,,9874.5,,36,60,0.00437,0.002034,0.016732,602,137757.4371,10.03333333,0,0,"{timeout:21600,max_col_multiplier:1,age_limit:4,random_seed:2,replication:3,num_threads:128}",-1
c20200.json.gz,c,20,200,Wentges,highs,DantzigFarkas,3,140,2390.110115,inf,nan,2390.174061,0.063946084,80,238,0.752412,0.056777,0.829079,18769,24945.10986,8.298170912,0,0,"{timeout:21600,max_col_multiplier:1,age_limit:4,random_seed:2,replication:3,num_threads:128}",2
c20200.json.gz,c,20,200,Wentges,highs,DantzigFarkas,3,140,2390.110115,inf,nan,2390.174061,0.063946084,80,238,0.752412,0.056777,0.82908,18769,24945.10986,8.298170912,0,0,"{timeout:21600,max_col_multiplier:1,age_limit:4,random_seed:2,replication:3,num_threads:128}",1
c20200.json.gz,c,20,200,Wentges,highs,DantzigFarkas,4,4,2376.905486,inf,,10311.5,,36,60,0.004262,0.001783,0.016584,615,144298.4514,10.25,0,0,"{timeout:21600,max_col_multiplier:1,age_limit:4,random_seed:3,replication:4,num_threads:128}",-1
c20200.json.gz,c,20,200,Wentges,highs,DantzigFarkas,4,152,2390.11411,inf,nan,2390.173646,0.059535622,81,228,0.739675,0.062113,0.822418,18455,24950.14702,7.832140211,0,0,"{timeout:21600,max_col_multiplier:1,age_limit:4,random_seed:3,replication:4,num_threads:128}",2
c20200.json.gz,c,20,200,Wentges,highs,DantzigFarkas,4,152,2390.11411,inf,nan,2390.173646,0.059535622,81,228,0.739675,0.062113,0.822419,18455,24950.14702,7.832140211,0,0,"{timeout:21600,max_col_multiplier:1,age_limit:4,random_seed:3,replication:4,num_threads:128}",1
c20200.json.gz,c,20,200,Wentges,highs,DantzigFarkas,5,4,2376.905486,inf,,10325,,35,60,0.004897,0.001496,0.017028,685,139881.5601,11.41666667,0,0,"{timeout:21600,max_col_multiplier:1,age_limit:4,random_seed:4,replication:5,num_threads:128}",-1
c20200.json.gz,c,20,200,Wentges,highs,DantzigFarkas,5,132,2390.084382,inf,nan,2390.171908,0.087526205,76,245,0.743309,0.052837,0.816054,18928,25464.51072,8.969258813,0,0,"{timeout:21600,max_col_multiplier:1,age_limit:4,random_seed:4,replication:5,num_threads:128}",2
c20200.json.gz,c,20,200,Wentges,highs,DantzigFarkas,5,132,2390.084382,inf,nan,2390.171908,0.087526205,76,245,0.743309,0.052837,0.816055,18928,25464.51072,8.969258813,0,0,"{timeout:21600,max_col_multiplier:1,age_limit:4,random_seed:4,replication:5,num_threads:128}",1
c20400.json.gz,c,20,400,Wentges,highs,DantzigFarkas,1,4,4774.150442,inf,,20697.6,,52,60,0.011224,0.001444,0.037366,1269,113061.2972,21.15,0,0,"{timeout:21600,max_col_multiplier:1,age_limit:7,random_seed:0,replication:1,num_threads:128}",-1
c20400.json.gz,c,20,400,Wentges,highs,DantzigFarkas,1,322,4780.039574,inf,nan,4780.184668,0.1450942,99,452,11.747452,0.172056,11.975167,98236,8362.324017,18.42549222,0,0,"{timeout:21600,max_col_multiplier:1,age_limit:7,random_seed:0,replication:1,num_threads:128}",2
c20400.json.gz,c,20,400,Wentges,highs,DantzigFarkas,1,322,4780.039574,inf,nan,4780.184668,0.1450942,99,452,11.747452,0.172056,11.975168,98236,8362.324017,18.42549222,0,0,"{timeout:21600,max_col_multiplier:1,age_limit:7,random_seed:0,replication:1,num_threads:128}",1
c20400.json.gz,c,20,400,Wentges,highs,DantzigFarkas,2,4,4774.150442,inf,,20604.25,,46,60,0.011403,0.001458,0.037757,1263,110760.3262,21.05,0,0,"{timeout:21600,max_col_multiplier:1,age_limit:7,random_seed:1,replication:2,num_threads:128}",-1
c20400.json.gz,c,20,400,Wentges,highs,DantzigFarkas,2,319,4780.038854,inf,nan,4780.185366,0.146512625,98,470,11.224866,0.170196,11.451429,98033,8733.556374,19.05467205,0,0,"{timeout:21600,max_col_multiplier:1,age_limit:7,random_seed:1,replication:2,num_threads:128}",2
c20400.json.gz,c,20,400,Wentges,highs,DantzigFarkas,2,319,4780.038854,inf,nan,4780.185366,0.146512625,98,470,11.224866,0.170196,11.45143,98033,8733.556374,19.05467205,0,0,"{timeout:21600,max_col_multiplier:1,age_limit:7,random_seed:1,replication:2,num_threads:128}",1
c20400.json.gz,c,20,400,Wentges,highs,DantzigFarkas,3,4,4774.150442,inf,,21660.25,,43,60,0.014102,0.001523,0.039967,1340,95021.9827,22.33333333,0,0,"{timeout:21600,max_col_multiplier:1,age_limit:7,random_seed:2,replication:3,num_threads:128}",-1
c20400.json.gz,c,20,400,Wentges,highs,DantzigFarkas,3,302,4780.010039,inf,nan,4780.185057,0.175017638,98,444,12.285891,0.161562,12.501765,96831,7881.479658,19.21264146,0,0,"{timeout:21600,max_col_multiplier:1,age_limit:7,random_seed:2,replication:3,num_threads:128}",2
c20400.json.gz,c,20,400,Wentges,highs,DantzigFarkas,3,302,4780.010039,inf,nan,4780.185057,0.175017638,98,444,12.285891,0.161562,12.501766,96831,7881.479658,19.21264146,0,0,"{timeout:21600,max_col_multiplier:1,age_limit:7,random_seed:2,replication:3,num_threads:128}",1
c20400.json.gz,c,20,400,Wentges,highs,DantzigFarkas,4,5,4774.150442,inf,,20156.36585,,60,80,0.014013,0.002101,0.041572,1356,96767.28752,16.95,0,0,"{timeout:21600,max_col_multiplier:1,age_limit:7,random_seed:3,replication:4,num_threads:128}",-1
c20400.json.gz,c,20,400,Wentges,highs,DantzigFarkas,4,304,4780.03018,inf,nan,4780.184668,0.154488558,99,471,11.353972,0.159378,11.567881,96268,8478.79491,19.07074681,0,0,"{timeout:21600,max_col_multiplier:1,age_limit:7,random_seed:3,replication:4,num_threads:128}",2
c20400.json.gz,c,20,400,Wentges,highs,DantzigFarkas,4,304,4780.03018,inf,nan,4780.184668,0.154488558,99,471,11.353972,0.159378,11.567882,96268,8478.79491,19.07074681,0,0,"{timeout:21600,max_col_multiplier:1,age_limit:7,random_seed:3,replication:4,num_threads:128}",1
c20400.json.gz,c,20,400,Wentges,highs,DantzigFarkas,5,4,4774.150442,inf,,21188.5,,44,60,0.013348,0.001616,0.038823,1333,99865.14834,22.21666667,0,0,"{timeout:21600,max_col_multiplier:1,age_limit:7,random_seed:4,replication:5,num_threads:128}",-1
c20400.json.gz,c,20,400,Wentges,highs,DantzigFarkas,5,325,4780.003197,inf,nan,4780.184668,0.18147174,99,456,11.803335,0.182783,12.040415,98375,8334.508849,18.65204341,0,0,"{timeout:21600,max_col_multiplier:1,age_limit:7,random_seed:4,replication:5,num_threads:128}",2
c20400.json.gz,c,20,400,Wentges,highs,DantzigFarkas,5,325,4780.003197,inf,nan,4780.184668,0.18147174,99,456,11.803335,0.182783,12.040416,98375,8334.508849,18.65204341,0,0,"{timeout:21600,max_col_multiplier:1,age_limit:7,random_seed:4,replication:5,num_threads:128}",1
c30900.json.gz,c,30,900,Wentges,highs,DantzigFarkas,1,4,9974.681661,inf,,50014.33929,,75,90,0.06124,0.002111,0.154134,3051,49820.37884,33.9,0,0,"{timeout:21600,max_col_multiplier:1,age_limit:10,random_seed:0,replication:1,num_threads:128}",-1
c30900.json.gz,c,30,900,Wentges,highs,DantzigFarkas,1,564,9981.003495,inf,nan,9981.164061,0.160565757,163,996,351.913711,0.538299,352.659854,625900,1778.560995,44.89670193,0,0,"{timeout:21600,max_col_multiplier:1,age_limit:10,random_seed:0,replication:1,num_threads:128}",2
c30900.json.gz,c,30,900,Wentges,highs,DantzigFarkas,1,564,9981.003495,inf,nan,9981.164061,0.160565757,163,996,351.913711,0.538299,352.659855,625900,1778.560995,44.89670193,0,0,"{timeout:21600,max_col_multiplier:1,age_limit:10,random_seed:0,replication:1,num_threads:128}",1
c30900.json.gz,c,30,900,Wentges,highs,DantzigFarkas,2,4,9974.681661,inf,,50947.5,,55,90,0.061413,0.001642,0.147851,3164,51520.03647,35.15555556,0,0,"{timeout:21600,max_col_multiplier:1,age_limit:10,random_seed:1,replication:2,num_threads:128}",-1
c30900.json.gz,c,30,900,Wentges,highs,DantzigFarkas,2,575,9981.008323,inf,nan,9981.163932,0.155609035,163,956,369.344595,0.546661,370.097977,654434,1771.879185,44.84155979,0,0,"{timeout:21600,max_col_multiplier:1,age_limit:10,random_seed:1,replication:2,num_threads:128}",2
c30900.json.gz,c,30,900,Wentges,highs,DantzigFarkas,2,575,9981.008323,inf,nan,9981.163932,0.155609035,163,956,369.344595,0.546661,370.097978,654434,1771.879185,44.84155979,0,0,"{timeout:21600,max_col_multiplier:1,age_limit:10,random_seed:1,replication:2,num_threads:128}",1
c30900.json.gz,c,30,900,Wentges,highs,DantzigFarkas,3,4,9974.681661,inf,,51007.25,,67,90,0.056329,0.001704,0.142832,3014,53507.07451,33.48888889,0,0,"{timeout:21600,max_col_multiplier:1,age_limit:10,random_seed:2,replication:3,num_threads:128}",-1
c30900.json.gz,c,30,900,Wentges,highs,DantzigFarkas,3,552,9981.033447,inf,nan,9981.164413,0.130966048,161,1036,395.986113,0.513282,396.701324,642109,1621.544238,45.40261683,0,0,"{timeout:21600,max_col_multiplier:1,age_limit:10,random_seed:2,replication:3,num_threads:128}",2
c30900.json.gz,c,30,900,Wentges,highs,DantzigFarkas,3,552,9981.033447,inf,nan,9981.164413,0.130966048,161,1036,395.986113,0.513282,396.701325,642109,1621.544238,45.40261683,0,0,"{timeout:21600,max_col_multiplier:1,age_limit:10,random_seed:2,replication:3,num_threads:128}",1
c30900.json.gz,c,30,900,Wentges,highs,DantzigFarkas,4,5,9974.681661,inf,,46774.11558,,92,120,0.055088,0.002031,0.147899,3029,54984.75167,25.24166667,0,0,"{timeout:21600,max_col_multiplier:1,age_limit:10,random_seed:3,replication:4,num_threads:128}",-1
c30900.json.gz,c,30,900,Wentges,highs,DantzigFarkas,4,598,9981.015428,inf,nan,9981.163534,0.148106267,165,983,419.626107,0.570209,420.417515,702475,1674.049799,46.57792031,0,0,"{timeout:21600,max_col_multiplier:1,age_limit:10,random_seed:3,replication:4,num_threads:128}",2
c30900.json.gz,c,30,900,Wentges,highs,DantzigFarkas,4,598,9981.015428,inf,nan,9981.163534,0.148106267,165,983,419.626107,0.570209,420.417516,702475,1674.049799,46.57792031,0,0,"{timeout:21600,max_col_multiplier:1,age_limit:10,random_seed:3,replication:4,num_threads:128}",1
c30900.json.gz,c,30,900,Wentges,highs,DantzigFarkas,5,4,9974.681661,inf,,51226,,62,90,0.059539,0.001476,0.148873,3035,50974.99118,33.72222222,0,0,"{timeout:21600,max_col_multiplier:1,age_limit:10,random_seed:4,replication:5,num_threads:128}",-1
c30900.json.gz,c,30,900,Wentges,highs,DantzigFarkas,5,550,9981.017222,inf,nan,9981.164413,0.147191791,163,1028,416.516364,0.517919,417.248286,695467,1669.723113,49.74240226,0,0,"{timeout:21600,max_col_multiplier:1,age_limit:10,random_seed:4,replication:5,num_threads:128}",2
c30900.json.gz,c,30,900,Wentges,highs,DantzigFarkas,5,550,9981.017222,inf,nan,9981.164413,0.147191791,163,1028,416.516364,0.517919,417.248287,695467,1669.723113,49.74240226,0,0,"{timeout:21600,max_col_multiplier:1,age_limit:10,random_seed:4,replication:5,num_threads:128}",1
c401600.json.gz,c,40,1600,Wentges,highs,DantzigFarkas,1,4,17139.32464,inf,,94412.14286,,102,120,0.164818,0.0037,0.393682,5390,32702.73878,44.91666667,0,0,"{timeout:21600,max_col_multiplier:1,age_limit:13,random_seed:0,replication:1,num_threads:128}",-1
c401600.json.gz,c,40,1600,Wentges,highs,DantzigFarkas,1,860,17143.08426,inf,nan,17143.4676,0.383341285,218,1781,9101.285229,1.348206,9103.245285,3398991,373.4627489,115.3471985,0,0,"{timeout:21600,max_col_multiplier:1,age_limit:13,random_seed:0,replication:1,num_threads:128}",2
c401600.json.gz,c,40,1600,Wentges,highs,DantzigFarkas,1,860,17143.08426,inf,nan,17143.4676,0.383341285,218,1781,9101.285229,1.348206,9103.245286,3398991,373.4627489,115.3471985,0,0,"{timeout:21600,max_col_multiplier:1,age_limit:13,random_seed:0,replication:1,num_threads:128}",1
c401600.json.gz,c,40,1600,Wentges,highs,DantzigFarkas,2,4,17139.32464,inf,,95285.83735,,97,120,0.200099,0.002828,0.424143,5933,29650.32309,49.44166667,0,0,"{timeout:21600,max_col_multiplier:1,age_limit:13,random_seed:1,replication:2,num_threads:128}",-1
c401600.json.gz,c,40,1600,Wentges,highs,DantzigFarkas,2,882,17143.04015,inf,nan,17143.46822,0.428069134,232,1816,9297.691164,1.376519,9299.661094,3103864,333.8316949,101.686528,0,0,"{timeout:21600,max_col_multiplier:1,age_limit:13,random_seed:1,replication:2,num_threads:128}",2
c401600.json.gz,c,40,1600,Wentges,highs,DantzigFarkas,2,882,17143.04015,inf,nan,17143.46822,0.428069134,232,1816,9297.691164,1.376519,9299.661095,3103864,333.8316949,101.686528,0,0,"{timeout:21600,max_col_multiplier:1,age_limit:13,random_seed:1,replication:2,num_threads:128}",1
c401600.json.gz,c,40,1600,Wentges,highs,DantzigFarkas,3,4,17139.32464,inf,,95466.53409,,100,120,0.185898,0.002814,0.409567,5703,30678.1138,47.525,0,0,"{timeout:21600,max_col_multiplier:1,age_limit:13,random_seed:2,replication:3,num_threads:128}",-1
c401600.json.gz,c,40,1600,Wentges,highs,DantzigFarkas,3,855,17143.00251,inf,nan,17143.4678,0.46529105,228,1730,9035.430355,1.348269,9037.385187,3273864,362.3362553,112.2813159,0,0,"{timeout:21600,max_col_multiplier:1,age_limit:13,random_seed:2,replication:3,num_threads:128}",2
c401600.json.gz,c,40,1600,Wentges,highs,DantzigFarkas,3,855,17143.00251,inf,nan,17143.4678,0.46529105,228,1730,9035.430355,1.348269,9037.385188,3273864,362.3362553,112.2813159,0,0,"{timeout:21600,max_col_multiplier:1,age_limit:13,random_seed:2,replication:3,num_threads:128}",1
c401600.json.gz,c,40,1600,Wentges,highs,DantzigFarkas,4,4,17139.32464,inf,,95798.94444,,95,120,0.169458,0.002541,0.393446,5420,31984.3265,45.16666667,0,0,"{timeout:21600,max_col_multiplier:1,age_limit:13,random_seed:3,replication:4,num_threads:128}",-1
c401600.json.gz,c,40,1600,Wentges,highs,DantzigFarkas,4,858,17143.10671,inf,nan,17143.47108,0.364373442,230,1800,8842.339315,1.319062,8844.258909,3261158,368.811678,111.4656772,0,0,"{timeout:21600,max_col_multiplier:1,age_limit:13,random_seed:3,replication:4,num_threads:128}",2
c401600.json.gz,c,40,1600,Wentges,highs,DantzigFarkas,4,858,17143.10671,inf,nan,17143.47108,0.364373442,230,1800,8842.339315,1.319062,8844.25891,3261158,368.811678,111.4656772,0,0,"{timeout:21600,max_col_multiplier:1,age_limit:13,random_seed:3,replication:4,num_threads:128}",1
c401600.json.gz,c,40,1600,Wentges,highs,DantzigFarkas,5,4,17139.32464,inf,,94033.26667,,101,120,0.18763,0.00275,0.412753,5638,30048.49971,46.98333333,0,0,"{timeout:21600,max_col_multiplier:1,age_limit:13,random_seed:4,replication:5,num_threads:128}",-1
c401600.json.gz,c,40,1600,Wentges,highs,DantzigFarkas,5,860,17143.01448,inf,nan,17143.46904,0.454561511,234,1694,9266.295896,1.361816,9268.269077,3395046,366.3865301,113.8093773,0,0,"{timeout:21600,max_col_multiplier:1,age_limit:13,random_seed:4,replication:5,num_threads:128}",2
c401600.json.gz,c,40,1600,Wentges,highs,DantzigFarkas,5,860,17143.01448,inf,nan,17143.46904,0.454561511,234,1694,9266.295896,1.361816,9268.269078,3395046,366.3865301,113.8093773,0,0,"{timeout:21600,max_col_multiplier:1,age_limit:13,random_seed:4,replication:5,num_threads:128}",1
c40400.json.gz,c,40,400,Wentges,highs,DantzigFarkas,1,4,4231.982216,inf,,24100.5,,66,120,0.01595,0.001731,0.05987,1438,90156.73981,11.98333333,0,0,"{timeout:21600,max_col_multiplier:1,age_limit:4,random_seed:0,replication:1,num_threads:128}",-1
c40400.json.gz,c,40,400,Wentges,highs,DantzigFarkas,1,150,4243.056651,inf,nan,4243.450683,0.394031361,153,462,4.432773,0.076747,4.569695,61548,13884.76243,13.0198339,0,0,"{timeout:21600,max_col_multiplier:1,age_limit:4,random_seed:0,replication:1,num_threads:128}",2
c40400.json.gz,c,40,400,Wentges,highs,DantzigFarkas,1,150,4243.056651,inf,nan,4243.450683,0.394031361,153,462,4.432773,0.076747,4.569696,61548,13884.76243,13.0198339,0,0,"{timeout:21600,max_col_multiplier:1,age_limit:4,random_seed:0,replication:1,num_threads:128}",1
c40400.json.gz,c,40,400,Wentges,highs,DantzigFarkas,2,4,4231.982216,inf,,23709.16667,,81,120,0.01134,0.001704,0.055003,1252,110405.6437,10.43333333,0,0,"{timeout:21600,max_col_multiplier:1,age_limit:4,random_seed:1,replication:2,num_threads:128}",-1
c40400.json.gz,c,40,400,Wentges,highs,DantzigFarkas,2,147,4243.144595,inf,nan,4243.450416,0.305821025,152,465,4.130001,0.075573,4.2646,59037,14294.66966,12.92795779,0,0,"{timeout:21600,max_col_multiplier:1,age_limit:4,random_seed:1,replication:2,num_threads:128}",2
c40400.json.gz,c,40,400,Wentges,highs,DantzigFarkas,2,147,4243.144595,inf,nan,4243.450416,0.305821025,152,465,4.130001,0.075573,4.264601,59037,14294.66966,12.92795779,0,0,"{timeout:21600,max_col_multiplier:1,age_limit:4,random_seed:1,replication:2,num_threads:128}",1
c40400.json.gz,c,40,400,Wentges,highs,DantzigFarkas,3,4,4231.982216,inf,,23985.5,,63,120,0.013587,0.00148,0.056766,1384,101862.074,11.53333333,0,0,"{timeout:21600,max_col_multiplier:1,age_limit:4,random_seed:2,replication:3,num_threads:128}",-1
c40400.json.gz,c,40,400,Wentges,highs,DantzigFarkas,3,148,4243.119017,inf,nan,4243.4569,0.337882924,152,490,4.180605,0.074501,4.314822,59409,14210.62263,13.01308844,0,0,"{timeout:21600,max_col_multiplier:1,age_limit:4,random_seed:2,replication:3,num_threads:128}",2
c40400.json.gz,c,40,400,Wentges,highs,DantzigFarkas,3,148,4243.119017,inf,nan,4243.4569,0.337882924,152,490,4.180605,0.074501,4.314823,59409,14210.62263,13.01308844,0,0,"{timeout:21600,max_col_multiplier:1,age_limit:4,random_seed:2,replication:3,num_threads:128}",1
c40400.json.gz,c,40,400,Wentges,highs,DantzigFarkas,4,4,4231.982216,inf,,23458.5,,72,120,0.01585,0.001817,0.059739,1389,87634.0694,11.575,0,0,"{timeout:21600,max_col_multiplier:1,age_limit:4,random_seed:3,replication:4,num_threads:128}",-1
c40400.json.gz,c,40,400,Wentges,highs,DantzigFarkas,4,183,4243.044444,inf,nan,4243.449249,0.404804805,151,463,4.544194,0.092285,4.69938,63238,13916.21925,11.70259994,0,0,"{timeout:21600,max_col_multiplier:1,age_limit:4,random_seed:3,replication:4,num_threads:128}",2
c40400.json.gz,c,40,400,Wentges,highs,DantzigFarkas,4,183,4243.044444,inf,nan,4243.449249,0.404804805,151,463,4.544194,0.092285,4.699381,63238,13916.21925,11.70259994,0,0,"{timeout:21600,max_col_multiplier:1,age_limit:4,random_seed:3,replication:4,num_threads:128}",1
c40400.json.gz,c,40,400,Wentges,highs,DantzigFarkas,5,4,4231.982216,inf,,23604.25,,74,120,0.015413,0.001436,0.059001,1398,90702.6536,11.65,0,0,"{timeout:21600,max_col_multiplier:1,age_limit:4,random_seed:4,replication:5,num_threads:128}",-1
c40400.json.gz,c,40,400,Wentges,highs,DantzigFarkas,5,167,4243.001496,inf,nan,4243.44989,0.448394193,153,448,4.404807,0.084312,4.550866,62809,14259.19456,12.06488158,0,0,"{timeout:21600,max_col_multiplier:1,age_limit:4,random_seed:4,replication:5,num_threads:128}",2
c40400.json.gz,c,40,400,Wentges,highs,DantzigFarkas,5,167,4243.001496,inf,nan,4243.44989,0.448394193,153,448,4.404807,0.084312,4.550867,62809,14259.19456,12.06488158,0,0,"{timeout:21600,max_col_multiplier:1,age_limit:4,random_seed:4,replication:5,num_threads:128}",1
c60900.json.gz,c,60,900,Wentges,highs,DantzigFarkas,1,4,9315.038004,inf,,56055.22222,,130,180,0.074774,0.002185,0.259415,3641,48693.3961,20.22777778,0,0,"{timeout:21600,max_col_multiplier:1,age_limit:6,random_seed:0,replication:1,num_threads:128}",-1
c60900.json.gz,c,60,900,Wentges,highs,DantzigFarkas,1,267,9324.062986,inf,nan,9324.654763,0.591776434,282,1023,101.60075,0.214751,102.060794,321653,3165.852614,25.84445379,0,0,"{timeout:21600,max_col_multiplier:1,age_limit:6,random_seed:0,replication:1,num_threads:128}",2
c60900.json.gz,c,60,900,Wentges,highs,DantzigFarkas,1,267,9324.062986,inf,nan,9324.654763,0.591776434,282,1023,101.60075,0.214751,102.060795,321653,3165.852614,25.84445379,0,0,"{timeout:21600,max_col_multiplier:1,age_limit:6,random_seed:0,replication:1,num_threads:128}",1
c60900.json.gz,c,60,900,Wentges,highs,DantzigFarkas,2,4,9315.038004,inf,,56151.22837,,133,180,0.06074,0.002312,0.243279,3386,55745.80178,18.81111111,0,0,"{timeout:21600,max_col_multiplier:1,age_limit:6,random_seed:1,replication:2,num_threads:128}",-1
c60900.json.gz,c,60,900,Wentges,highs,DantzigFarkas,2,264,9324.004196,inf,nan,9324.654057,0.649861129,281,1012,95.631196,0.205979,96.081967,348533,3644.553394,28.6063152,0,0,"{timeout:21600,max_col_multiplier:1,age_limit:6,random_seed:1,replication:2,num_threads:128}",2
c60900.json.gz,c,60,900,Wentges,highs,DantzigFarkas,2,264,9324.004196,inf,nan,9324.654057,0.649861129,281,1012,95.631196,0.205979,96.081968,348533,3644.553394,28.6063152,0,0,"{timeout:21600,max_col_multiplier:1,age_limit:6,random_seed:1,replication:2,num_threads:128}",1
c60900.json.gz,c,60,900,Wentges,highs,DantzigFarkas,3,4,9315.038004,inf,,55793.04701,,135,180,0.064062,0.002003,0.248423,3533,55149.69873,19.62777778,0,0,"{timeout:21600,max_col_multiplier:1,age_limit:6,random_seed:2,replication:3,num_threads:128}",-1
c60900.json.gz,c,60,900,Wentges,highs,DantzigFarkas,3,268,9324.081905,inf,nan,9324.65386,0.571954896,278,1027,96.435966,0.211988,96.894684,321078,3329.442461,26.00976311,0,0,"{timeout:21600,max_col_multiplier:1,age_limit:6,random_seed:2,replication:3,num_threads:128}",2
c60900.json.gz,c,60,900,Wentges,highs,DantzigFarkas,3,268,9324.081905,inf,nan,9324.65386,0.571954896,278,1027,96.435966,0.211988,96.894685,321078,3329.442461,26.00976311,0,0,"{timeout:21600,max_col_multiplier:1,age_limit:6,random_seed:2,replication:3,num_threads:128}",1
c60900.json.gz,c,60,900,Wentges,highs,DantzigFarkas,4,4,9315.038004,inf,,56626.32051,,123,180,0.070501,0.002161,0.252257,3599,51048.92129,19.99444444,0,0,"{timeout:21600,max_col_multiplier:1,age_limit:6,random_seed:3,replication:4,num_threads:128}",-1
c60900.json.gz,c,60,900,Wentges,highs,DantzigFarkas,4,259,9324.192251,inf,nan,9324.654751,0.462499846,280,1025,81.939731,0.193556,82.375982,340888,4160.228449,28.74986461,0,0,"{timeout:21600,max_col_multiplier:1,age_limit:6,random_seed:3,replication:4,num_threads:128}",2
c60900.json.gz,c,60,900,Wentges,highs,DantzigFarkas,4,259,9324.192251,inf,nan,9324.654751,0.462499846,280,1025,81.939731,0.193556,82.375983,340888,4160.228449,28.74986461,0,0,"{timeout:21600,max_col_multiplier:1,age_limit:6,random_seed:3,replication:4,num_threads:128}",1
c60900.json.gz,c,60,900,Wentges,highs,DantzigFarkas,5,4,9315.038004,inf,,55891.54412,,133,180,0.065315,0.002684,0.247632,3426,52453.4946,19.03333333,0,0,"{timeout:21600,max_col_multiplier:1,age_limit:6,random_seed:4,replication:5,num_threads:128}",-1
c60900.json.gz,c,60,900,Wentges,highs,DantzigFarkas,5,250,9324.182469,inf,nan,9324.654083,0.471613788,276,1033,90.080899,0.198101,90.520533,323440,3590.550312,27.5702363,0,0,"{timeout:21600,max_col_multiplier:1,age_limit:6,random_seed:4,replication:5,num_threads:128}",2
c60900.json.gz,c,60,900,Wentges,highs,DantzigFarkas,5,250,9324.182469,inf,nan,9324.654083,0.471613788,276,1033,90.080899,0.198101,90.520534,323440,3590.550312,27.5702363,0,0,"{timeout:21600,max_col_multiplier:1,age_limit:6,random_seed:4,replication:5,num_threads:128}",1
c801600.json.gz,c,80,1600,Wentges,highs,DantzigFarkas,1,4,16283,inf,,103157.7357,,180,240,0.238079,0.003013,0.850199,6857,28801.36425,28.57083333,0,0,"{timeout:21600,max_col_multiplier:1,age_limit:7,random_seed:0,replication:1,num_threads:128}",-1
c801600.json.gz,c,80,1600,Wentges,highs,DantzigFarkas,1,376,16283.14274,inf,nan,16283.60858,0.465837772,379,1782,1064.669047,0.463774,1065.929271,1281297,1203.469758,56.00402959,0,0,"{timeout:21600,max_col_multiplier:1,age_limit:7,random_seed:0,replication:1,num_threads:128}",2
c801600.json.gz,c,80,1600,Wentges,highs,DantzigFarkas,1,376,16283.14274,inf,nan,16283.60858,0.465837772,379,1782,1064.669047,0.463774,1065.929272,1281297,1203.469758,56.00402959,0,0,"{timeout:21600,max_col_multiplier:1,age_limit:7,random_seed:0,replication:1,num_threads:128}",1
c801600.json.gz,c,80,1600,Wentges,highs,DantzigFarkas,2,4,16283,inf,,101429.99,,182,240,0.207602,0.00363,0.815504,6433,30987.17739,26.80416667,0,0,"{timeout:21600,max_col_multiplier:1,age_limit:7,random_seed:1,replication:2,num_threads:128}",-1
c801600.json.gz,c,80,1600,Wentges,highs,DantzigFarkas,2,393,16283.02015,inf,nan,16283.61011,0.589965511,373,1779,1024.00811,0.470924,1025.267191,1233447,1204.528546,53.65360573,0,0,"{timeout:21600,max_col_multiplier:1,age_limit:7,random_seed:1,replication:2,num_threads:128}",2
c801600.json.gz,c,80,1600,Wentges,highs,DantzigFarkas,2,393,16283.02015,inf,nan,16283.61011,0.589965511,373,1779,1024.00811,0.470924,1025.267192,1233447,1204.528546,53.65360573,0,0,"{timeout:21600,max_col_multiplier:1,age_limit:7,random_seed:1,replication:2,num_threads:128}",1
c801600.json.gz,c,80,1600,Wentges,highs,DantzigFarkas,3,4,16283,inf,,102036.0522,,194,240,0.21769,0.003096,0.795382,6562,30143.78244,27.34166667,0,0,"{timeout:21600,max_col_multiplier:1,age_limit:7,random_seed:102,replication:3,num_threads:128}",-1
c801600.json.gz,c,80,1600,Wentges,highs,DantzigFarkas,3,415,16283.05558,inf,nan,16283.60896,0.553379641,376,1810,1062.036577,0.518038,1063.321611,1315525,1238.681443,52.31048271,0,0,"{timeout:21600,max_col_multiplier:1,age_limit:7,random_seed:102,replication:3,num_threads:128}",2
c801600.json.gz,c,80,1600,Wentges,highs,DantzigFarkas,3,415,16283.05558,inf,nan,16283.60896,0.553379641,376,1810,1062.036577,0.518038,1063.321612,1315525,1238.681443,52.31048271,0,0,"{timeout:21600,max_col_multiplier:1,age_limit:7,random_seed:102,replication:3,num_threads:128}",1
c801600.json.gz,c,80,1600,Wentges,highs,DantzigFarkas,4,4,16283,inf,,102759.3333,,181,240,0.192233,0.002557,0.800748,6289,32715.5067,26.20416667,0,0,"{timeout:21600,max_col_multiplier:1,age_limit:7,random_seed:3,replication:4,num_threads:128}",-1
c801600.json.gz,c,80,1600,Wentges,highs,DantzigFarkas,4,426,16283.24396,inf,nan,16283.60852,0.364562754,374,1807,1020.170535,0.486025,1021.45388,1262110,1237.155904,48.11481846,0,0,"{timeout:21600,max_col_multiplier:1,age_limit:7,random_seed:3,replication:4,num_threads:128}",2
c801600.json.gz,c,80,1600,Wentges,highs,DantzigFarkas,4,426,16283.24396,inf,nan,16283.60852,0.364562754,374,1807,1020.170535,0.486025,1021.453881,1262110,1237.155904,48.11481846,0,0,"{timeout:21600,max_col_multiplier:1,age_limit:7,random_seed:3,replication:4,num_threads:128}",1
c801600.json.gz,c,80,1600,Wentges,highs,DantzigFarkas,5,4,16283,inf,,102601.3185,,189,240,0.219051,0.003693,0.797201,6607,30161.92576,27.52916667,0,0,"{timeout:21600,max_col_multiplier:1,age_limit:7,random_seed:4,replication:5,num_threads:128}",-1
c801600.json.gz,c,80,1600,Wentges,highs,DantzigFarkas,5,372,16283.00374,inf,nan,16283.60887,0.605129742,369,1772,939.130307,0.446094,940.325811,1202566,1280.510267,53.15902983,0,0,"{timeout:21600,max_col_multiplier:1,age_limit:7,random_seed:4,replication:5,num_threads:128}",2
c801600.json.gz,c,80,1600,Wentges,highs,DantzigFarkas,5,372,16283.00374,inf,nan,16283.60887,0.605129742,369,1772,939.130307,0.446094,940.325812,1202566,1280.510267,53.15902983,0,0,"{timeout:21600,max_col_multiplier:1,age_limit:7,random_seed:4,replication:5,num_threads:128}",1
d05100.json.gz,d,5,100,Dantzig,highs,DantzigFarkas,1,6,6345.412612,inf,,10938.5,,15,25,0.003597,0.003041,0.012805,404,112315.8187,16.16,0,0,"{timeout:21600,max_col_multiplier:1,age_limit:34,random_seed:0,replication:1,num_threads:128}",-1
d05100.json.gz,d,5,100,Dantzig,highs,DantzigFarkas,1,542,6349.123464,inf,nan,6349.972596,0.849131494,39,362,1.614943,0.205282,1.846044,36751,22756.84033,13.57231242,0,0,"{timeout:21600,max_col_multiplier:1,age_limit:34,random_seed:0,replication:1,num_threads:128}",2
d05100.json.gz,d,5,100,Dantzig,highs,DantzigFarkas,1,542,6349.123464,inf,nan,6349.972596,0.849131494,39,362,1.614943,0.205282,1.846045,36751,22756.84033,13.57231242,0,0,"{timeout:21600,max_col_multiplier:1,age_limit:34,random_seed:0,replication:1,num_threads:128}",1
d05100.json.gz,d,5,100,Dantzig,highs,DantzigFarkas,2,6,6345.412612,inf,,10510,,17,25,0.002404,0.001867,0.007368,392,163061.5641,15.68,0,0,"{timeout:21600,max_col_multiplier:1,age_limit:34,random_seed:1,replication:2,num_threads:128}",-1
d05100.json.gz,d,5,100,Dantzig,highs,DantzigFarkas,2,561,6349.178346,inf,nan,6349.989078,1.930420708,36,315,1.643299,0.193513,1.859543,38131,23203.93306,13.72904932,0,0,"{timeout:21600,max_col_multiplier:1,age_limit:34,random_seed:1,replication:2,num_threads:128}",2
d05100.json.gz,d,5,100,Dantzig,highs,DantzigFarkas,2,561,6349.178346,inf,nan,6349.989078,1.930420708,36,315,1.643299,0.193513,1.859543,38131,23203.93306,13.72904932,0,0,"{timeout:21600,max_col_multiplier:1,age_limit:34,random_seed:1,replication:2,num_threads:128}",1
d05100.json.gz,d,5,100,Dantzig,highs,DantzigFarkas,3,6,6345.412612,inf,,10786.5,,20,25,0.002323,0.002397,0.007595,389,167455.876,15.56,0,0,"{timeout:21600,max_col_multiplier:1,age_limit:34,random_seed:2,replication:3,num_threads:128}",-1
d05100.json.gz,d,5,100,Dantzig,highs,DantzigFarkas,3,537,6349.054638,inf,nan,6349.953378,0.898740389,38,361,1.605414,0.180715,1.809062,36472,22718.12754,13.53639354,0,0,"{timeout:21600,max_col_multiplier:1,age_limit:34,random_seed:2,replication:3,num_threads:128}",2
d05100.json.gz,d,5,100,Dantzig,highs,DantzigFarkas,3,537,6349.054638,inf,nan,6349.953378,0.898740389,38,361,1.605414,0.180715,1.809063,36472,22718.12754,13.53639354,0,0,"{timeout:21600,max_col_multiplier:1,age_limit:34,random_seed:2,replication:3,num_threads:128}",1
d05100.json.gz,d,5,100,Dantzig,highs,DantzigFarkas,4,6,6345.412612,inf,,10777.75,,14,25,0.002425,0.00225,0.007566,388,160000,15.52,0,0,"{timeout:21600,max_col_multiplier:1,age_limit:34,random_seed:3,replication:4,num_threads:128}",-1
d05100.json.gz,d,5,100,Dantzig,highs,DantzigFarkas,4,512,6349.159379,inf,nan,6349.998365,0.838986514,37,348,1.505778,0.181654,1.708367,34542,22939.63652,13.46188802,0,0,"{timeout:21600,max_col_multiplier:1,age_limit:34,random_seed:3,replication:4,num_threads:128}",2
d05100.json.gz,d,5,100,Dantzig,highs,DantzigFarkas,4,512,6349.159379,inf,nan,6349.998365,0.838986514,37,348,1.505778,0.181654,1.708368,34542,22939.63652,13.46188802,0,0,"{timeout:21600,max_col_multiplier:1,age_limit:34,random_seed:3,replication:4,num_threads:128}",1
d05100.json.gz,d,5,100,Dantzig,highs,DantzigFarkas,5,6,6345.412612,inf,,10320.76923,,17,25,0.002912,0.002009,0.007889,378,129807.6923,15.12,0,0,"{timeout:21600,max_col_multiplier:1,age_limit:34,random_seed:4,replication:5,num_threads:128}",-1
d05100.json.gz,d,5,100,Dantzig,highs,DantzigFarkas,5,569,6349.142235,inf,nan,6349.953733,0.811497939,36,290,1.555246,0.194381,1.772595,34793,22371.38048,12.42481547,0,0,"{timeout:21600,max_col_multiplier:1,age_limit:34,random_seed:4,replication:5,num_threads:128}",2
d05100.json.gz,d,5,100,Dantzig,highs,DantzigFarkas,5,569,6349.142235,inf,nan,6349.953733,0.811497939,36,290,1.555246,0.194381,1.772596,34793,22371.38048,12.42481547,0,0,"{timeout:21600,max_col_multiplier:1,age_limit:34,random_seed:4,replication:5,num_threads:128}",1
d05100.json.gz,d,5,100,Wentges,highs,DantzigFarkas,1,6,6345.412612,inf,,10938.5,,15,25,0.002562,0.00223,0.007944,404,157689.3052,16.16,0,0,"{timeout:21600,max_col_multiplier:1,age_limit:7,random_seed:0,replication:1,num_threads:128}",-1
d05100.json.gz,d,5,100,Wentges,highs,DantzigFarkas,1,179,6349.058809,inf,nan,6349.947049,0.888240353,38,149,0.275261,0.125771,0.409564,6586,23926.3826,8.409832402,0,0,"{timeout:21600,max_col_multiplier:1,age_limit:7,random_seed:0,replication:1,num_threads:128}",2
d05100.json.gz,d,5,100,Wentges,highs,DantzigFarkas,1,179,6349.058809,inf,nan,6349.947049,0.888240353,38,149,0.275261,0.125771,0.409564,6586,23926.3826,8.409832402,0,0,"{timeout:21600,max_col_multiplier:1,age_limit:7,random_seed:0,replication:1,num_threads:128}",1
d05100.json.gz,d,5,100,Wentges,highs,DantzigFarkas,2,6,6345.412612,inf,,10510,,17,25,0.003061,0.002534,0.008604,392,128062.7246,15.68,0,0,"{timeout:21600,max_col_multiplier:1,age_limit:7,random_seed:1,replication:2,num_threads:128}",-1
d05100.json.gz,d,5,100,Wentges,highs,DantzigFarkas,2,256,6349.070958,inf,nan,6349.928796,0.857837405,37,120,0.315872,0.198659,0.52459,6765,21416.90305,6.764309896,0,0,"{timeout:21600,max_col_multiplier:1,age_limit:7,random_seed:1,replication:2,num_threads:128}",2
d05100.json.gz,d,5,100,Wentges,highs,DantzigFarkas,2,256,6349.070958,inf,nan,6349.928796,0.857837405,37,120,0.315872,0.198659,0.524591,6765,21416.90305,6.764309896,0,0,"{timeout:21600,max_col_multiplier:1,age_limit:7,random_seed:1,replication:2,num_threads:128}",1
d05100.json.gz,d,5,100,Wentges,highs,DantzigFarkas,3,6,6345.412612,inf,,10786.5,,20,25,0.002963,0.002506,0.0084,389,131285.8589,15.56,0,0,"{timeout:21600,max_col_multiplier:1,age_limit:7,random_seed:2,replication:3,num_threads:128}",-1
d05100.json.gz,d,5,100,Wentges,highs,DantzigFarkas,3,190,6349.047629,inf,nan,6349.949833,0.902203857,36,128,0.268607,0.163017,0.44012,6275,23361.26758,8.051192982,0,0,"{timeout:21600,max_col_multiplier:1,age_limit:7,random_seed:2,replication:3,num_threads:128}",2
d05100.json.gz,d,5,100,Wentges,highs,DantzigFarkas,3,190,6349.047629,inf,nan,6349.949833,0.902203857,36,128,0.268607,0.163017,0.44012,6275,23361.26758,8.051192982,0,0,"{timeout:21600,max_col_multiplier:1,age_limit:7,random_seed:2,replication:3,num_threads:128}",1
d05100.json.gz,d,5,100,Wentges,highs,DantzigFarkas,4,6,6345.412612,inf,,10777.75,,14,25,0.002415,0.001926,0.007332,388,160662.5259,15.52,0,0,"{timeout:21600,max_col_multiplier:1,age_limit:7,random_seed:3,replication:4,num_threads:128}",-1
d05100.json.gz,d,5,100,Wentges,highs,DantzigFarkas,4,217,6349.099796,inf,nan,6349.928717,0.82892057,39,121,0.291566,0.164827,0.465654,6611,22674.11152,7.069677419,0,0,"{timeout:21600,max_col_multiplier:1,age_limit:7,random_seed:3,replication:4,num_threads:128}",2
d05100.json.gz,d,5,100,Wentges,highs,DantzigFarkas,4,217,6349.099796,inf,nan,6349.928717,0.82892057,39,121,0.291566,0.164827,0.465654,6611,22674.11152,7.069677419,0,0,"{timeout:21600,max_col_multiplier:1,age_limit:7,random_seed:3,replication:4,num_threads:128}",1
d05100.json.gz,d,5,100,Wentges,highs,DantzigFarkas,5,6,6345.412612,inf,,10320.76923,,17,25,0.002486,0.002159,0.007669,378,152051.4883,15.12,0,0,"{timeout:21600,max_col_multiplier:1,age_limit:7,random_seed:4,replication:5,num_threads:128}",-1
d05100.json.gz,d,5,100,Wentges,highs,DantzigFarkas,5,238,6349.423404,inf,nan,6349.922166,0.498761977,38,117,0.294443,0.215151,0.519233,6357,21589.91723,6.412689076,0,0,"{timeout:21600,max_col_multiplier:1,age_limit:7,random_seed:4,replication:5,num_threads:128}",2
d05100.json.gz,d,5,100,Wentges,highs,DantzigFarkas,5,238,6349.423404,inf,nan,6349.922166,0.498761977,38,117,0.294443,0.215151,0.519234,6357,21589.91723,6.412689076,0,0,"{timeout:21600,max_col_multiplier:1,age_limit:7,random_seed:4,replication:5,num_threads:128}",1
d05200.json.gz,d,5,200,Dantzig,highs,DantzigFarkas,1,5,12736.19608,inf,,22433.5,,17,20,0.003862,0.002242,0.012305,710,183842.5686,35.5,0,0,"{timeout:21600,max_col_multiplier:1,age_limit:132,random_seed:0,replication:1,num_threads:128}",-1
d05200.json.gz,d,5,200,Dantzig,highs,DantzigFarkas,1,2567,12740.0025,inf,nan,12740.03939,0.036883175,43,908,80.261651,2.714738,83.204751,476228,5933.443856,37.61025192,0,0,"{timeout:21600,max_col_multiplier:1,age_limit:132,random_seed:0,replication:1,num_threads:128}",2
d05200.json.gz,d,5,200,Dantzig,highs,DantzigFarkas,1,2567,12740.0025,inf,nan,12740.03939,0.036883175,43,908,80.261651,2.714738,83.204751,476228,5933.443856,37.61025192,0,0,"{timeout:21600,max_col_multiplier:1,age_limit:132,random_seed:0,replication:1,num_threads:128}",1
d05200.json.gz,d,5,200,Dantzig,highs,DantzigFarkas,2,5,12736.19608,inf,,21351.25,,15,20,0.003754,0.001727,0.011799,676,180074.5871,33.8,0,0,"{timeout:21600,max_col_multiplier:1,age_limit:132,random_seed:1,replication:2,num_threads:128}",-1
d05200.json.gz,d,5,200,Dantzig,highs,DantzigFarkas,2,2642,12740.00971,inf,nan,12740.03906,0.029354802,44,847,81.411301,2.816648,84.471236,475405,5839.545544,36.25836488,0,0,"{timeout:21600,max_col_multiplier:1,age_limit:132,random_seed:1,replication:2,num_threads:128}",2
d05200.json.gz,d,5,200,Dantzig,highs,DantzigFarkas,2,2642,12740.00971,inf,nan,12740.03906,0.029354802,44,847,81.411301,2.816648,84.471236,475405,5839.545544,36.25836488,0,0,"{timeout:21600,max_col_multiplier:1,age_limit:132,random_seed:1,replication:2,num_threads:128}",1
d05200.json.gz,d,5,200,Dantzig,highs,DantzigFarkas,3,5,12736.19608,inf,,21366.25,,15,20,0.004434,0.002811,0.013379,702,158322.0568,35.1,0,0,"{timeout:21600,max_col_multiplier:1,age_limit:132,random_seed:2,replication:3,num_threads:128}",-1
d05200.json.gz,d,5,200,Dantzig,highs,DantzigFarkas,3,2902,12740.0098,inf,nan,12740.03942,0.029614463,43,862,88.368563,2.919156,91.542306,523562,5924.754033,36.21057891,0,0,"{timeout:21600,max_col_multiplier:1,age_limit:132,random_seed:2,replication:3,num_threads:128}",2
d05200.json.gz,d,5,200,Dantzig,highs,DantzigFarkas,3,2902,12740.0098,inf,nan,12740.03942,0.029614463,43,862,88.368563,2.919156,91.542307,523562,5924.754033,36.21057891,0,0,"{timeout:21600,max_col_multiplier:1,age_limit:132,random_seed:2,replication:3,num_threads:128}",1
d05200.json.gz,d,5,200,Dantzig,highs,DantzigFarkas,4,5,12736.19608,inf,,21348,,15,20,0.004047,0.001744,0.011942,683,168766.9879,34.15,0,0,"{timeout:21600,max_col_multiplier:1,age_limit:132,random_seed:3,replication:4,num_threads:128}",-1
d05200.json.gz,d,5,200,Dantzig,highs,DantzigFarkas,4,2760,12740.00932,inf,nan,12740.03919,0.029861229,43,972,82.739153,2.972627,85.958126,491766,5943.570633,35.82589976,0,0,"{timeout:21600,max_col_multiplier:1,age_limit:132,random_seed:3,replication:4,num_threads:128}",2
d05200.json.gz,d,5,200,Dantzig,highs,DantzigFarkas,4,2760,12740.00932,inf,nan,12740.03919,0.029861229,43,972,82.739153,2.972627,85.958126,491766,5943.570633,35.82589976,0,0,"{timeout:21600,max_col_multiplier:1,age_limit:132,random_seed:3,replication:4,num_threads:128}",1
d05200.json.gz,d,5,200,Dantzig,highs,DantzigFarkas,5,6,12736.19608,inf,,21236.6875,,19,25,0.003943,0.002065,0.012189,716,181587.6236,28.64,0,0,"{timeout:21600,max_col_multiplier:1,age_limit:132,random_seed:4,replication:5,num_threads:128}",-1
d05200.json.gz,d,5,200,Dantzig,highs,DantzigFarkas,5,2735,12740.00563,inf,nan,12740.03939,0.033761859,43,801,84.825275,2.924392,87.997994,503983,5941.424888,37.06730286,0,0,"{timeout:21600,max_col_multiplier:1,age_limit:132,random_seed:4,replication:5,num_threads:128}",2
d05200.json.gz,d,5,200,Dantzig,highs,DantzigFarkas,5,2735,12740.00563,inf,nan,12740.03939,0.033761859,43,801,84.825275,2.924392,87.997994,503983,5941.424888,37.06730286,0,0,"{timeout:21600,max_col_multiplier:1,age_limit:132,random_seed:4,replication:5,num_threads:128}",1
d05200.json.gz,d,5,200,Wentges,highs,DantzigFarkas,1,5,12736.19608,inf,,22433.5,,17,20,0.004024,0.001532,0.011666,710,176441.3519,35.5,0,0,"{timeout:21600,max_col_multiplier:1,age_limit:13,random_seed:0,replication:1,num_threads:128}",-1
d05200.json.gz,d,5,200,Wentges,highs,DantzigFarkas,1,541,12740.00639,inf,nan,12740.03903,0.032641034,43,237,4.593394,1.347785,5.972085,31065,6762.973087,13.09944547,0,0,"{timeout:21600,max_col_multiplier:1,age_limit:13,random_seed:0,replication:1,num_threads:128}",2
d05200.json.gz,d,5,200,Wentges,highs,DantzigFarkas,1,541,12740.00639,inf,nan,12740.03903,0.032641034,43,237,4.593394,1.347785,5.972086,31065,6762.973087,13.09944547,0,0,"{timeout:21600,max_col_multiplier:1,age_limit:13,random_seed:0,replication:1,num_threads:128}",1
d05200.json.gz,d,5,200,Wentges,highs,DantzigFarkas,2,5,12736.19608,inf,,21351.25,,15,20,0.003596,0.001661,0.011822,676,187986.6518,33.8,0,0,"{timeout:21600,max_col_multiplier:1,age_limit:13,random_seed:1,replication:2,num_threads:128}",-1
d05200.json.gz,d,5,200,Wentges,highs,DantzigFarkas,2,435,12740.01764,inf,nan,12740.03906,0.021418649,44,258,4.503182,0.970118,5.500151,34093,7570.868777,17.92643678,0,0,"{timeout:21600,max_col_multiplier:1,age_limit:13,random_seed:1,replication:2,num_threads:128}",2
d05200.json.gz,d,5,200,Wentges,highs,DantzigFarkas,2,435,12740.01764,inf,nan,12740.03906,0.021418649,44,258,4.503182,0.970118,5.500152,34093,7570.868777,17.92643678,0,0,"{timeout:21600,max_col_multiplier:1,age_limit:13,random_seed:1,replication:2,num_threads:128}",1
d05200.json.gz,d,5,200,Wentges,highs,DantzigFarkas,3,5,12736.19608,inf,,21366.25,,15,20,0.004398,0.001853,0.012682,702,159618.0082,35.1,0,0,"{timeout:21600,max_col_multiplier:1,age_limit:13,random_seed:2,replication:3,num_threads:128}",-1
d05200.json.gz,d,5,200,Wentges,highs,DantzigFarkas,3,709,12740.03233,inf,nan,12740.03903,0.006708433,43,230,5.240023,1.58942,6.865852,36957,7052.831638,13.19381758,0,0,"{timeout:21600,max_col_multiplier:1,age_limit:13,random_seed:2,replication:3,num_threads:128}",2
d05200.json.gz,d,5,200,Wentges,highs,DantzigFarkas,3,709,12740.03233,inf,nan,12740.03903,0.006708433,43,230,5.240023,1.58942,6.865853,36957,7052.831638,13.19381758,0,0,"{timeout:21600,max_col_multiplier:1,age_limit:13,random_seed:2,replication:3,num_threads:128}",1
d05200.json.gz,d,5,200,Wentges,highs,DantzigFarkas,4,5,12736.19608,inf,,21348,,15,20,0.003999,0.001889,0.012185,683,170792.6982,34.15,0,0,"{timeout:21600,max_col_multiplier:1,age_limit:13,random_seed:3,replication:4,num_threads:128}",-1
d05200.json.gz,d,5,200,Wentges,highs,DantzigFarkas,4,500,12740.01999,inf,nan,12740.03942,0.019426688,43,231,4.654819,1.164431,5.849074,33023,7094.368224,15.78236667,0,0,"{timeout:21600,max_col_multiplier:1,age_limit:13,random_seed:3,replication:4,num_threads:128}",2
d05200.json.gz,d,5,200,Wentges,highs,DantzigFarkas,4,500,12740.01999,inf,nan,12740.03942,0.019426688,43,231,4.654819,1.164431,5.849075,33023,7094.368224,15.78236667,0,0,"{timeout:21600,max_col_multiplier:1,age_limit:13,random_seed:3,replication:4,num_threads:128}",1
d05200.json.gz,d,5,200,Wentges,highs,DantzigFarkas,5,6,12736.19608,inf,,21236.6875,,19,25,0.004301,0.002115,0.01313,716,166472.9133,28.64,0,0,"{timeout:21600,max_col_multiplier:1,age_limit:13,random_seed:4,replication:5,num_threads:128}",-1
d05200.json.gz,d,5,200,Wentges,highs,DantzigFarkas,5,528,12740.0172,inf,nan,12740.03918,0.021985538,44,243,5.025742,1.298902,6.35551,36478,7258.23172,15.7925,0,0,"{timeout:21600,max_col_multiplier:1,age_limit:13,random_seed:4,replication:5,num_threads:128}",2
d05200.json.gz,d,5,200,Wentges,highs,DantzigFarkas,5,528,12740.0172,inf,nan,12740.03918,0.021985538,44,243,5.025742,1.298902,6.355511,36478,7258.23172,15.7925,0,0,"{timeout:21600,max_col_multiplier:1,age_limit:13,random_seed:4,replication:5,num_threads:128}",1
d10100.json.gz,d,10,100,Dantzig,highs,DantzigFarkas,1,3,6323.456043,8944,,8944,,10,30,0.001817,0.002267,0.013987,372,204733.0765,12.4,1,0,"{timeout:21600,max_col_multiplier:1,age_limit:10,random_seed:0,replication:1,num_threads:128}",-1
d10100.json.gz,d,10,100,Dantzig,highs,DantzigFarkas,1,168,6341.050907,8944,29.0921288,6341.455167,0.404260737,66,227,0.440809,0.065061,0.522931,13620,30897.73575,8.037903912,1,0,"{timeout:21600,max_col_multiplier:1,age_limit:10,random_seed:0,replication:1,num_threads:128}",2
d10100.json.gz,d,10,100,Dantzig,highs,DantzigFarkas,1,168,6341.050907,8944,29.0921288,6341.455167,0.404260737,66,227,0.440809,0.065061,0.522932,13620,30897.73575,8.037903912,1,0,"{timeout:21600,max_col_multiplier:1,age_limit:10,random_seed:0,replication:1,num_threads:128}",1
d10100.json.gz,d,10,100,Dantzig,highs,DantzigFarkas,2,3,6323.456043,inf,,19549.5,,17,20,0.001504,0.001116,0.007556,364,242021.2766,18.2,0,0,"{timeout:21600,max_col_multiplier:1,age_limit:10,random_seed:1,replication:2,num_threads:128}",-1
d10100.json.gz,d,10,100,Dantzig,highs,DantzigFarkas,2,171,6341.037409,inf,nan,6341.450009,0.412599857,66,214,0.402523,0.053595,0.468511,12751,31677.69295,7.459171076,0,0,"{timeout:21600,max_col_multiplier:1,age_limit:10,random_seed:1,replication:2,num_threads:128}",2
d10100.json.gz,d,10,100,Dantzig,highs,DantzigFarkas,2,171,6341.037409,inf,nan,6341.450009,0.412599857,66,214,0.402523,0.053595,0.468511,12751,31677.69295,7.459171076,0,0,"{timeout:21600,max_col_multiplier:1,age_limit:10,random_seed:1,replication:2,num_threads:128}",1
d10100.json.gz,d,10,100,Dantzig,highs,DantzigFarkas,3,3,6323.456043,inf,,20271.5,,16,20,0.001614,0.001341,0.007709,380,235439.9009,19,0,0,"{timeout:21600,max_col_multiplier:1,age_limit:10,random_seed:2,replication:3,num_threads:128}",-1
d10100.json.gz,d,10,100,Dantzig,highs,DantzigFarkas,3,169,6341.068378,inf,nan,6341.455549,0.387171054,67,230,0.412506,0.05643,0.481084,13065,31672.26659,7.657626561,0,0,"{timeout:21600,max_col_multiplier:1,age_limit:10,random_seed:2,replication:3,num_threads:128}",2
d10100.json.gz,d,10,100,Dantzig,highs,DantzigFarkas,3,169,6341.068378,inf,nan,6341.455549,0.387171054,67,230,0.412506,0.05643,0.481085,13065,31672.26659,7.657626561,0,0,"{timeout:21600,max_col_multiplier:1,age_limit:10,random_seed:2,replication:3,num_threads:128}",1
d10100.json.gz,d,10,100,Dantzig,highs,DantzigFarkas,4,3,6323.456043,8962,,8962,,10,30,0.001302,0.001085,0.007567,395,303379.4163,13.16666667,1,0,"{timeout:21600,max_col_multiplier:1,age_limit:10,random_seed:3,replication:4,num_threads:128}",-1
d10100.json.gz,d,10,100,Dantzig,highs,DantzigFarkas,4,168,6341.090415,8962,29.23454586,6341.449876,0.359460946,62,216,0.414923,0.051577,0.479428,13030,31403.41702,7.668525605,1,0,"{timeout:21600,max_col_multiplier:1,age_limit:10,random_seed:3,replication:4,num_threads:128}",2
d10100.json.gz,d,10,100,Dantzig,highs,DantzigFarkas,4,168,6341.090415,8962,29.23454586,6341.449876,0.359460946,62,216,0.414923,0.051577,0.479428,13030,31403.41702,7.668525605,1,0,"{timeout:21600,max_col_multiplier:1,age_limit:10,random_seed:3,replication:4,num_threads:128}",1
d10100.json.gz,d,10,100,Dantzig,highs,DantzigFarkas,5,3,6323.456043,inf,,18444.5,,18,20,0.001511,0.001278,0.007554,364,240900.0662,18.2,0,0,"{timeout:21600,max_col_multiplier:1,age_limit:10,random_seed:4,replication:5,num_threads:128}",-1
d10100.json.gz,d,10,100,Dantzig,highs,DantzigFarkas,5,166,6341.096871,inf,nan,6341.463084,0.36621334,64,217,0.400285,0.054205,0.467076,12366,30892.98875,7.457233697,0,0,"{timeout:21600,max_col_multiplier:1,age_limit:10,random_seed:4,replication:5,num_threads:128}",2
d10100.json.gz,d,10,100,Dantzig,highs,DantzigFarkas,5,166,6341.096871,inf,nan,6341.463084,0.36621334,64,217,0.400285,0.054205,0.467076,12366,30892.98875,7.457233697,0,0,"{timeout:21600,max_col_multiplier:1,age_limit:10,random_seed:4,replication:5,num_threads:128}",1
d10100.json.gz,d,10,100,Wentges,highs,DantzigFarkas,1,3,6323.456043,8944,,8944,,10,30,0.002051,0.001605,0.014944,372,181374.9391,12.4,1,0,"{timeout:21600,max_col_multiplier:1,age_limit:4,random_seed:0,replication:1,num_threads:128}",-1
d10100.json.gz,d,10,100,Wentges,highs,DantzigFarkas,1,100,6341.288594,8944,29.0921288,6341.450009,0.161415114,66,137,0.15705,0.051848,0.22486,5133,32683.85864,6.181289683,1,0,"{timeout:21600,max_col_multiplier:1,age_limit:4,random_seed:0,replication:1,num_threads:128}",2
d10100.json.gz,d,10,100,Wentges,highs,DantzigFarkas,1,100,6341.288594,8944,29.0921288,6341.450009,0.161415114,66,137,0.15705,0.051848,0.224861,5133,32683.85864,6.181289683,1,0,"{timeout:21600,max_col_multiplier:1,age_limit:4,random_seed:0,replication:1,num_threads:128}",1
d10100.json.gz,d,10,100,Wentges,highs,DantzigFarkas,2,3,6323.456043,inf,,19549.5,,17,20,0.001063,0.000857,0.008652,364,342427.0931,18.2,0,0,"{timeout:21600,max_col_multiplier:1,age_limit:4,random_seed:1,replication:2,num_threads:128}",-1
d10100.json.gz,d,10,100,Wentges,highs,DantzigFarkas,2,118,6341.11628,inf,nan,6341.45045,0.334169742,66,124,0.142319,0.066829,0.220948,4711,33101.69408,5.333807506,0,0,"{timeout:21600,max_col_multiplier:1,age_limit:4,random_seed:1,replication:2,num_threads:128}",2
d10100.json.gz,d,10,100,Wentges,highs,DantzigFarkas,2,118,6341.11628,inf,nan,6341.45045,0.334169742,66,124,0.142319,0.066829,0.220949,4711,33101.69408,5.333807506,0,0,"{timeout:21600,max_col_multiplier:1,age_limit:4,random_seed:1,replication:2,num_threads:128}",1
d10100.json.gz,d,10,100,Wentges,highs,DantzigFarkas,3,3,6323.456043,inf,,20271.5,,16,20,0.001773,0.001376,0.008078,380,214326.0011,19,0,0,"{timeout:21600,max_col_multiplier:1,age_limit:4,random_seed:2,replication:3,num_threads:128}",-1
d10100.json.gz,d,10,100,Wentges,highs,DantzigFarkas,3,108,6341.167369,inf,nan,6341.450347,0.282977995,66,135,0.148045,0.058552,0.216645,4997,33753.2507,5.809453998,0,0,"{timeout:21600,max_col_multiplier:1,age_limit:4,random_seed:2,replication:3,num_threads:128}",2
d10100.json.gz,d,10,100,Wentges,highs,DantzigFarkas,3,108,6341.167369,inf,nan,6341.450347,0.282977995,66,135,0.148045,0.058552,0.216645,4997,33753.2507,5.809453998,0,0,"{timeout:21600,max_col_multiplier:1,age_limit:4,random_seed:2,replication:3,num_threads:128}",1
d10100.json.gz,d,10,100,Wentges,highs,DantzigFarkas,4,3,6323.456043,8962,,8962,,10,30,0.001433,0.001058,0.014784,395,275645.499,13.16666667,1,0,"{timeout:21600,max_col_multiplier:1,age_limit:4,random_seed:3,replication:4,num_threads:128}",-1
d10100.json.gz,d,10,100,Wentges,highs,DantzigFarkas,4,103,6341.003018,8962,29.23454586,6341.457252,0.45423456,66,121,0.148134,0.051933,0.216477,5206,35143.85624,6.078675451,1,0,"{timeout:21600,max_col_multiplier:1,age_limit:4,random_seed:3,replication:4,num_threads:128}",2
d10100.json.gz,d,10,100,Wentges,highs,DantzigFarkas,4,103,6341.003018,8962,29.23454586,6341.457252,0.45423456,66,121,0.148134,0.051933,0.216478,5206,35143.85624,6.078675451,1,0,"{timeout:21600,max_col_multiplier:1,age_limit:4,random_seed:3,replication:4,num_threads:128}",1
d10100.json.gz,d,10,100,Wentges,highs,DantzigFarkas,5,3,6323.456043,inf,,18444.5,,18,20,0.001303,0.001319,0.010223,364,279355.3338,18.2,0,0,"{timeout:21600,max_col_multiplier:1,age_limit:4,random_seed:4,replication:5,num_threads:128}",-1
d10100.json.gz,d,10,100,Wentges,highs,DantzigFarkas,5,106,6341.056809,inf,nan,6341.450261,0.393452596,66,124,0.139257,0.062483,0.213674,4654,33420.22304,5.435485924,0,0,"{timeout:21600,max_col_multiplier:1,age_limit:4,random_seed:4,replication:5,num_threads:128}",2
d10100.json.gz,d,10,100,Wentges,highs,DantzigFarkas,5,106,6341.056809,inf,nan,6341.450261,0.393452596,66,124,0.139257,0.062483,0.213674,4654,33420.22304,5.435485924,0,0,"{timeout:21600,max_col_multiplier:1,age_limit:4,random_seed:4,replication:5,num_threads:128}",1
d10200.json.gz,d,10,200,Dantzig,highs,DantzigFarkas,1,4,12418.3621,inf,,32793,,19,30,0.00309,0.001487,0.014809,728,235598.7055,24.26666667,0,0,"{timeout:21600,max_col_multiplier:1,age_limit:34,random_seed:0,replication:1,num_threads:128}",-1
d10200.json.gz,d,10,200,Dantzig,highs,DantzigFarkas,1,684,12425.05607,inf,nan,12425.62515,0.569085277,80,540,13.782001,0.520134,14.357828,135029,9797.488768,20.02539102,0,0,"{timeout:21600,max_col_multiplier:1,age_limit:34,random_seed:0,replication:1,num_threads:128}",2
d10200.json.gz,d,10,200,Dantzig,highs,DantzigFarkas,1,684,12425.05607,inf,nan,12425.62515,0.569085277,80,540,13.782001,0.520134,14.357829,135029,9797.488768,20.02539102,0,0,"{timeout:21600,max_col_multiplier:1,age_limit:34,random_seed:0,replication:1,num_threads:128}",1
d10200.json.gz,d,10,200,Dantzig,highs,DantzigFarkas,2,4,12418.3621,inf,,34746.5,,18,30,0.003372,0.00135,0.015104,734,217674.9703,24.46666667,0,0,"{timeout:21600,max_col_multiplier:1,age_limit:34,random_seed:1,replication:2,num_threads:128}",-1
d10200.json.gz,d,10,200,Dantzig,highs,DantzigFarkas,2,644,12425.00144,inf,nan,12425.61721,0.615761198,78,694,13.212494,0.486217,13.75187,131320,9939.077361,20.45986641,0,0,"{timeout:21600,max_col_multiplier:1,age_limit:34,random_seed:1,replication:2,num_threads:128}",2
d10200.json.gz,d,10,200,Dantzig,highs,DantzigFarkas,2,644,12425.00144,inf,nan,12425.61721,0.615761198,78,694,13.212494,0.486217,13.751871,131320,9939.077361,20.45986641,0,0,"{timeout:21600,max_col_multiplier:1,age_limit:34,random_seed:1,replication:2,num_threads:128}",1
d10200.json.gz,d,10,200,Dantzig,highs,DantzigFarkas,3,3,12418.3621,17444,,17444,,10,30,0.003054,0.001202,0.014872,713,233464.3091,23.76666667,1,0,"{timeout:21600,max_col_multiplier:1,age_limit:34,random_seed:2,replication:3,num_threads:128}",-1
d10200.json.gz,d,10,200,Dantzig,highs,DantzigFarkas,3,642,12425.0553,17444,28.766338,12425.61512,0.559826587,76,522,13.376807,0.480426,13.911591,129322,9667.628456,20.50621322,1,0,"{timeout:21600,max_col_multiplier:1,age_limit:34,random_seed:2,replication:3,num_threads:128}",2
d10200.json.gz,d,10,200,Dantzig,highs,DantzigFarkas,3,642,12425.0553,17444,28.766338,12425.61512,0.559826587,76,522,13.376807,0.480426,13.911592,129322,9667.628456,20.50621322,1,0,"{timeout:21600,max_col_multiplier:1,age_limit:34,random_seed:2,replication:3,num_threads:128}",1
d10200.json.gz,d,10,200,Dantzig,highs,DantzigFarkas,4,3,12418.3621,inf,,44536,,14,20,0.002926,0.001025,0.014108,730,249487.3548,36.5,0,0,"{timeout:21600,max_col_multiplier:1,age_limit:34,random_seed:3,replication:4,num_threads:128}",-1
d10200.json.gz,d,10,200,Dantzig,highs,DantzigFarkas,4,644,12425.05773,inf,nan,12425.65278,0.595049694,78,687,13.979244,0.481594,14.514508,137791,9856.827737,21.43429089,0,0,"{timeout:21600,max_col_multiplier:1,age_limit:34,random_seed:3,replication:4,num_threads:128}",2
d10200.json.gz,d,10,200,Dantzig,highs,DantzigFarkas,4,644,12425.05773,inf,nan,12425.65278,0.595049694,78,687,13.979244,0.481594,14.514508,137791,9856.827737,21.43429089,0,0,"{timeout:21600,max_col_multiplier:1,age_limit:34,random_seed:3,replication:4,num_threads:128}",1
d10200.json.gz,d,10,200,Dantzig,highs,DantzigFarkas,5,3,12418.3621,inf,,42542,,15,20,0.003427,0.001101,0.014912,753,219725.7076,37.65,0,0,"{timeout:21600,max_col_multiplier:1,age_limit:34,random_seed:4,replication:5,num_threads:128}",-1
d10200.json.gz,d,10,200,Dantzig,highs,DantzigFarkas,5,615,12425.02326,inf,nan,12425.62435,0.601093132,78,670,12.892084,0.458014,13.403614,124537,9659.958778,20.36007485,0,0,"{timeout:21600,max_col_multiplier:1,age_limit:34,random_seed:4,replication:5,num_threads:128}",2
d10200.json.gz,d,10,200,Dantzig,highs,DantzigFarkas,5,615,12425.02326,inf,nan,12425.62435,0.601093132,78,670,12.892084,0.458014,13.403614,124537,9659.958778,20.36007485,0,0,"{timeout:21600,max_col_multiplier:1,age_limit:34,random_seed:4,replication:5,num_threads:128}",1
d10200.json.gz,d,10,200,Wentges,highs,DantzigFarkas,1,4,12418.3621,inf,,32793,,19,30,0.002769,0.001307,0.014272,728,262910.7981,24.26666667,0,0,"{timeout:21600,max_col_multiplier:1,age_limit:7,random_seed:0,replication:1,num_threads:128}",-1
d10200.json.gz,d,10,200,Wentges,highs,DantzigFarkas,1,308,12425.15092,inf,nan,12425.61729,0.466370894,75,249,1.986409,0.480526,2.490538,23741,11951.7179,9.423604669,0,0,"{timeout:21600,max_col_multiplier:1,age_limit:7,random_seed:0,replication:1,num_threads:128}",2
d10200.json.gz,d,10,200,Wentges,highs,DantzigFarkas,1,308,12425.15092,inf,nan,12425.61729,0.466370894,75,249,1.986409,0.480526,2.490539,23741,11951.7179,9.423604669,0,0,"{timeout:21600,max_col_multiplier:1,age_limit:7,random_seed:0,replication:1,num_threads:128}",1
d10200.json.gz,d,10,200,Wentges,highs,DantzigFarkas,2,4,12418.3621,inf,,34746.5,,18,30,0.00305,0.001284,0.014697,734,240655.7377,24.46666667,0,0,"{timeout:21600,max_col_multiplier:1,age_limit:7,random_seed:1,replication:2,num_threads:128}",-1
d10200.json.gz,d,10,200,Wentges,highs,DantzigFarkas,2,259,12425.26832,inf,nan,12425.63161,0.363294452,80,254,1.736135,0.344933,2.102933,20924,12052.05816,10.08029662,0,0,"{timeout:21600,max_col_multiplier:1,age_limit:7,random_seed:1,replication:2,num_threads:128}",2
d10200.json.gz,d,10,200,Wentges,highs,DantzigFarkas,2,259,12425.26832,inf,nan,12425.63161,0.363294452,80,254,1.736135,0.344933,2.102933,20924,12052.05816,10.08029662,0,0,"{timeout:21600,max_col_multiplier:1,age_limit:7,random_seed:1,replication:2,num_threads:128}",1
d10200.json.gz,d,10,200,Wentges,highs,DantzigFarkas,3,3,12418.3621,17444,,17444,,10,30,0.003001,0.001083,0.014892,713,237587.4708,23.76666667,1,0,"{timeout:21600,max_col_multiplier:1,age_limit:7,random_seed:2,replication:3,num_threads:128}",-1
d10200.json.gz,d,10,200,Wentges,highs,DantzigFarkas,3,292,12425.17121,17444,28.766338,12425.61766,0.44645401,77,251,1.750289,0.427371,2.201502,22072,12610.4889,9.380419656,1,0,"{timeout:21600,max_col_multiplier:1,age_limit:7,random_seed:2,replication:3,num_threads:128}",2
d10200.json.gz,d,10,200,Wentges,highs,DantzigFarkas,3,292,12425.17121,17444,28.766338,12425.61766,0.44645401,77,251,1.750289,0.427371,2.201503,22072,12610.4889,9.380419656,1,0,"{timeout:21600,max_col_multiplier:1,age_limit:7,random_seed:2,replication:3,num_threads:128}",1
d10200.json.gz,d,10,200,Wentges,highs,DantzigFarkas,4,3,12418.3621,inf,,44536,,14,20,0.003128,0.001074,0.014318,730,233375.9591,36.5,0,0,"{timeout:21600,max_col_multiplier:1,age_limit:7,random_seed:3,replication:4,num_threads:128}",-1
d10200.json.gz,d,10,200,Wentges,highs,DantzigFarkas,4,321,12425.00636,inf,nan,12425.61978,0.613419783,80,229,1.774045,0.551404,2.348101,20907,11784.93217,8.806213223,0,0,"{timeout:21600,max_col_multiplier:1,age_limit:7,random_seed:3,replication:4,num_threads:128}",2
d10200.json.gz,d,10,200,Wentges,highs,DantzigFarkas,4,321,12425.00636,inf,nan,12425.61978,0.613419783,80,229,1.774045,0.551404,2.348102,20907,11784.93217,8.806213223,0,0,"{timeout:21600,max_col_multiplier:1,age_limit:7,random_seed:3,replication:4,num_threads:128}",1
d10200.json.gz,d,10,200,Wentges,highs,DantzigFarkas,5,3,12418.3621,inf,,42542,,15,20,0.003175,0.001375,0.014735,753,237165.3543,37.65,0,0,"{timeout:21600,max_col_multiplier:1,age_limit:7,random_seed:4,replication:5,num_threads:128}",-1
d10200.json.gz,d,10,200,Wentges,highs,DantzigFarkas,5,282,12425.10511,inf,nan,12425.618,0.512889061,80,239,1.785121,0.420295,2.227687,20708,11600.33409,9.700598052,0,0,"{timeout:21600,max_col_multiplier:1,age_limit:7,random_seed:4,replication:5,num_threads:128}",2
d10200.json.gz,d,10,200,Wentges,highs,DantzigFarkas,5,282,12425.10511,inf,nan,12425.618,0.512889061,80,239,1.785121,0.420295,2.227687,20708,11600.33409,9.700598052,0,0,"{timeout:21600,max_col_multiplier:1,age_limit:7,random_seed:4,replication:5,num_threads:128}",1
d10400.json.gz,d,10,400,Dantzig,highs,DantzigFarkas,1,4,24955.99482,inf,,65885.5,,24,30,0.008244,0.001549,0.032752,1366,165696.2639,45.53333333,0,0,"{timeout:21600,max_col_multiplier:1,age_limit:132,random_seed:0,replication:1,num_threads:128}",-1
d10400.json.gz,d,10,400,Dantzig,highs,DantzigFarkas,1,3369,24958.0415,inf,nan,24958.70558,0.664088313,82,2310,1032.14153,8.176267,1041.071711,2391888,2317.403118,71.23275653,0,0,"{timeout:21600,max_col_multiplier:1,age_limit:132,random_seed:0,replication:1,num_threads:128}",2
d10400.json.gz,d,10,400,Dantzig,highs,DantzigFarkas,1,3369,24958.0415,inf,nan,24958.70558,0.664088313,82,2310,1032.14153,8.176267,1041.071713,2391888,2317.403118,71.23275653,0,0,"{timeout:21600,max_col_multiplier:1,age_limit:132,random_seed:0,replication:1,num_threads:128}",1
d10400.json.gz,d,10,400,Dantzig,highs,DantzigFarkas,2,4,24955.99482,inf,,75876.66667,,23,30,0.008735,0.001603,0.032964,1326,151803.091,44.2,0,0,"{timeout:21600,max_col_multiplier:1,age_limit:132,random_seed:1,replication:2,num_threads:128}",-1
d10400.json.gz,d,10,400,Dantzig,highs,DantzigFarkas,2,3451,24958.06619,inf,nan,24958.6457,0.579509266,82,2489,1070.793769,8.289372,1079.862497,2453738,2291.513148,71.2286165,0,0,"{timeout:21600,max_col_multiplier:1,age_limit:132,random_seed:1,replication:2,num_threads:128}",2
d10400.json.gz,d,10,400,Dantzig,highs,DantzigFarkas,2,3451,24958.06619,inf,nan,24958.6457,0.579509266,82,2489,1070.793769,8.289372,1079.862499,2453738,2291.513148,71.2286165,0,0,"{timeout:21600,max_col_multiplier:1,age_limit:132,random_seed:1,replication:2,num_threads:128}",1
d10400.json.gz,d,10,400,Dantzig,highs,DantzigFarkas,3,4,24955.99482,inf,,80869.5,,16,30,0.00804,0.001718,0.032327,1334,165920.398,44.46666667,0,0,"{timeout:21600,max_col_multiplier:1,age_limit:132,random_seed:302,replication:3,num_threads:128}",-1
d10400.json.gz,d,10,400,Dantzig,highs,DantzigFarkas,3,3187,24958.00266,inf,nan,24958.65965,0.656987451,77,2025,999.386945,7.668515,1007.756484,2250209,2251.589348,70.79675965,0,0,"{timeout:21600,max_col_multiplier:1,age_limit:132,random_seed:302,replication:3,num_threads:128}",2
d10400.json.gz,d,10,400,Dantzig,highs,DantzigFarkas,3,3187,24958.00266,inf,nan,24958.65965,0.656987451,77,2025,999.386945,7.668515,1007.756485,2250209,2251.589348,70.79675965,0,0,"{timeout:21600,max_col_multiplier:1,age_limit:132,random_seed:302,replication:3,num_threads:128}",1
d10400.json.gz,d,10,400,Dantzig,highs,DantzigFarkas,4,4,24955.99482,inf,,85722,,15,30,0.007661,0.00169,0.031722,1329,173476.0475,44.3,0,0,"{timeout:21600,max_col_multiplier:1,age_limit:132,random_seed:103,replication:4,num_threads:128}",-1
d10400.json.gz,d,10,400,Dantzig,highs,DantzigFarkas,4,3272,24958.00504,inf,nan,24958.65939,0.654350227,80,2165,1020.498046,7.860272,1029.094447,2313048,2266.587387,70.91365409,0,0,"{timeout:21600,max_col_multiplier:1,age_limit:132,random_seed:103,replication:4,num_threads:128}",2
d10400.json.gz,d,10,400,Dantzig,highs,DantzigFarkas,4,3272,24958.00504,inf,nan,24958.65939,0.654350227,80,2165,1020.498046,7.860272,1029.094448,2313048,2266.587387,70.91365409,0,0,"{timeout:21600,max_col_multiplier:1,age_limit:132,random_seed:103,replication:4,num_threads:128}",1
d10400.json.gz,d,10,400,Dantzig,highs,DantzigFarkas,5,4,24955.99482,inf,,75530,,17,30,0.011647,0.001318,0.035351,1420,121919.8077,47.33333333,0,0,"{timeout:21600,max_col_multiplier:1,age_limit:132,random_seed:104,replication:5,num_threads:128}",-1
d10400.json.gz,d,10,400,Dantzig,highs,DantzigFarkas,5,3239,24958.0453,inf,nan,24958.64847,0.603173912,82,2355,1017.249575,7.727672,1025.712757,2276297,2237.697666,70.32468195,0,0,"{timeout:21600,max_col_multiplier:1,age_limit:132,random_seed:104,replication:5,num_threads:128}",2
d10400.json.gz,d,10,400,Dantzig,highs,DantzigFarkas,5,3239,24958.0453,inf,nan,24958.64847,0.603173912,82,2355,1017.249575,7.727672,1025.712758,2276297,2237.697666,70.32468195,0,0,"{timeout:21600,max_col_multiplier:1,age_limit:132,random_seed:104,replication:5,num_threads:128}",1
d10400.json.gz,d,10,400,Wentges,highs,DantzigFarkas,1,4,24955.99482,inf,,65885.5,,24,30,0.008166,0.001527,0.032528,1366,167278.9615,45.53333333,0,0,"{timeout:21600,max_col_multiplier:1,age_limit:13,random_seed:0,replication:1,num_threads:128}",-1
d10400.json.gz,d,10,400,Wentges,highs,DantzigFarkas,1,958,24958.07055,inf,nan,24958.61079,0.540233908,80,514,43.362804,5.195338,48.664297,114522,2641.019248,16.08324428,0,0,"{timeout:21600,max_col_multiplier:1,age_limit:13,random_seed:0,replication:1,num_threads:128}",2
d10400.json.gz,d,10,400,Wentges,highs,DantzigFarkas,1,958,24958.07055,inf,nan,24958.61079,0.540233908,80,514,43.362804,5.195338,48.664298,114522,2641.019248,16.08324428,0,0,"{timeout:21600,max_col_multiplier:1,age_limit:13,random_seed:0,replication:1,num_threads:128}",1
d10400.json.gz,d,10,400,Wentges,highs,DantzigFarkas,2,4,24955.99482,inf,,75876.66667,,23,30,0.007701,0.001671,0.031781,1326,172185.4305,44.2,0,0,"{timeout:21600,max_col_multiplier:1,age_limit:13,random_seed:1,replication:2,num_threads:128}",-1
d10400.json.gz,d,10,400,Wentges,highs,DantzigFarkas,2,1238,24958.05503,inf,nan,24958.61067,0.555635455,80,482,48.343169,7.262364,55.735652,122763,2539.407377,13.24088263,0,0,"{timeout:21600,max_col_multiplier:1,age_limit:13,random_seed:1,replication:2,num_threads:128}",2
d10400.json.gz,d,10,400,Wentges,highs,DantzigFarkas,2,1238,24958.05503,inf,nan,24958.61067,0.555635455,80,482,48.343169,7.262364,55.735653,122763,2539.407377,13.24088263,0,0,"{timeout:21600,max_col_multiplier:1,age_limit:13,random_seed:1,replication:2,num_threads:128}",1
d10400.json.gz,d,10,400,Wentges,highs,DantzigFarkas,3,4,24955.99482,inf,,75297,,17,30,0.011678,0.001553,0.035973,1407,120482.9594,46.9,0,0,"{timeout:21600,max_col_multiplier:1,age_limit:13,random_seed:2,replication:3,num_threads:128}",-1
d10400.json.gz,d,10,400,Wentges,highs,DantzigFarkas,3,1302,24958.00634,inf,nan,24958.61299,0.606648244,79,472,49.284552,8.018864,57.431073,125593,2548.323864,14.28749878,0,0,"{timeout:21600,max_col_multiplier:1,age_limit:13,random_seed:2,replication:3,num_threads:128}",2
d10400.json.gz,d,10,400,Wentges,highs,DantzigFarkas,3,1302,24958.00634,inf,nan,24958.61299,0.606648244,79,472,49.284552,8.018864,57.431074,125593,2548.323864,14.28749878,0,0,"{timeout:21600,max_col_multiplier:1,age_limit:13,random_seed:2,replication:3,num_threads:128}",1
d10400.json.gz,d,10,400,Wentges,highs,DantzigFarkas,4,4,24955.99482,inf,,76010,,17,30,0.011758,0.00193,0.036215,1400,119067.8687,46.66666667,0,0,"{timeout:21600,max_col_multiplier:1,age_limit:13,random_seed:3,replication:4,num_threads:128}",-1
d10400.json.gz,d,10,400,Wentges,highs,DantzigFarkas,4,1244,24958.02228,inf,nan,24958.61596,0.593686687,78,480,47.944175,7.440892,55.505085,124420,2595.10149,13.94181723,0,0,"{timeout:21600,max_col_multiplier:1,age_limit:13,random_seed:3,replication:4,num_threads:128}",2
d10400.json.gz,d,10,400,Wentges,highs,DantzigFarkas,4,1244,24958.02228,inf,nan,24958.61596,0.593686687,78,480,47.944175,7.440892,55.505085,124420,2595.10149,13.94181723,0,0,"{timeout:21600,max_col_multiplier:1,age_limit:13,random_seed:3,replication:4,num_threads:128}",1
d10400.json.gz,d,10,400,Wentges,highs,DantzigFarkas,5,4,24955.99482,inf,,71095.5,,24,30,0.008666,0.001436,0.032909,1376,158781.4447,45.86666667,0,0,"{timeout:21600,max_col_multiplier:1,age_limit:13,random_seed:4,replication:5,num_threads:128}",-1
d10400.json.gz,d,10,400,Wentges,highs,DantzigFarkas,5,1376,24958.00264,inf,nan,24958.61038,0.607733846,80,441,48.583749,7.375327,56.080958,126723,2608.34132,13.48265735,0,0,"{timeout:21600,max_col_multiplier:1,age_limit:13,random_seed:4,replication:5,num_threads:128}",2
d10400.json.gz,d,10,400,Wentges,highs,DantzigFarkas,5,1376,24958.00264,inf,nan,24958.61038,0.607733846,80,441,48.583749,7.375327,56.08096,126723,2608.34132,13.48265735,0,0,"{timeout:21600,max_col_multiplier:1,age_limit:13,random_seed:4,replication:5,num_threads:128}",1
d15900.json.gz,d,15,900,Dantzig,highs,DantzigFarkas,1,4,55400.46714,inf,,221258,,24,45,0.03744,0.003161,0.140191,3161,84428.4188,70.24444444,0,0,"{timeout:21600,max_col_multiplier:1,age_limit:296,random_seed:0,replication:1,num_threads:128}",-1
d15900.json.gz,d,15,900,Dantzig,highs,DantzigFarkas,1,1033,55400.46714,inf,nan,57498.58683,7927.609244,915,7893,21614.15642,6.902706,21621.9035,2303001,106.5505845,148.4926535,0,1,"{timeout:21600,max_col_multiplier:1,age_limit:296,random_seed:0,replication:1,num_threads:128}",-4
d15900.json.gz,d,15,900,Dantzig,highs,DantzigFarkas,1,1033,55400.46714,inf,nan,57498.58683,7927.609244,915,7893,21614.15642,6.902706,21621.9035,2303001,106.5505845,148.4926535,0,1,"{timeout:21600,max_col_multiplier:1,age_limit:296,random_seed:0,replication:1,num_threads:128}",1
d15900.json.gz,d,15,900,Dantzig,highs,DantzigFarkas,2,4,55400.46714,inf,,211872.5625,,35,45,0.048404,0.001614,0.140253,3255,67246.50855,72.33333333,0,0,"{timeout:21600,max_col_multiplier:1,age_limit:296,random_seed:1,replication:2,num_threads:128}",-1
d15900.json.gz,d,15,900,Dantzig,highs,DantzigFarkas,2,1019,55400.46714,inf,nan,57622.75895,8917.807958,915,7958,21593.28478,6.458115,21600.5591,2303636,106.6829815,150.5702323,0,1,"{timeout:21600,max_col_multiplier:1,age_limit:296,random_seed:1,replication:2,num_threads:128}",-4
d15900.json.gz,d,15,900,Dantzig,highs,DantzigFarkas,2,1019,55400.46714,inf,nan,57622.75895,8917.807958,915,7958,21593.28478,6.458115,21600.5591,2303636,106.6829815,150.5702323,0,1,"{timeout:21600,max_col_multiplier:1,age_limit:296,random_seed:1,replication:2,num_threads:128}",1
d15900.json.gz,d,15,900,Dantzig,highs,DantzigFarkas,3,4,55400.46714,inf,,205817.1667,,32,45,0.041255,0.001619,0.133425,3236,78438.97709,71.91111111,0,0,"{timeout:21600,max_col_multiplier:1,age_limit:296,random_seed:2,replication:3,num_threads:128}",-1
d15900.json.gz,d,15,900,Dantzig,highs,DantzigFarkas,3,1007,55400.46714,inf,nan,57699.5373,10130.66118,915,8061,21598.44118,6.38669,21605.62738,2257290,104.511709,149.2970981,0,1,"{timeout:21600,max_col_multiplier:1,age_limit:296,random_seed:2,replication:3,num_threads:128}",-4
d15900.json.gz,d,15,900,Dantzig,highs,DantzigFarkas,3,1007,55400.46714,inf,nan,57699.5373,10130.66118,915,8061,21598.44118,6.38669,21605.62738,2257290,104.511709,149.2970981,0,1,"{timeout:21600,max_col_multiplier:1,age_limit:296,random_seed:2,replication:3,num_threads:128}",1
d15900.json.gz,d,15,900,Dantzig,highs,DantzigFarkas,4,4,55400.46714,inf,,251206.6667,,24,45,0.036546,0.001812,0.127672,3191,87314.61719,70.91111111,0,0,"{timeout:21600,max_col_multiplier:1,age_limit:296,random_seed:3,replication:4,num_threads:128}",-1
d15900.json.gz,d,15,900,Dantzig,highs,DantzigFarkas,4,1027,55400.46714,inf,nan,57522.4567,9066.113395,915,7907,21616.51038,6.554605,21623.87607,2298938,106.3510233,149.0951423,0,1,"{timeout:21600,max_col_multiplier:1,age_limit:296,random_seed:3,replication:4,num_threads:128}",-4
d15900.json.gz,d,15,900,Dantzig,highs,DantzigFarkas,4,1027,55400.46714,inf,nan,57522.4567,9066.113395,915,7907,21616.51038,6.554605,21623.87607,2298938,106.3510233,149.0951423,0,1,"{timeout:21600,max_col_multiplier:1,age_limit:296,random_seed:3,replication:4,num_threads:128}",1
d15900.json.gz,d,15,900,Dantzig,highs,DantzigFarkas,5,4,55400.46714,inf,,240332,,22,45,0.040811,0.001395,0.131294,3235,79267.84445,71.88888889,0,0,"{timeout:21600,max_col_multiplier:1,age_limit:296,random_seed:4,replication:5,num_threads:128}",-1
d15900.json.gz,d,15,900,Dantzig,highs,DantzigFarkas,5,1028,55400.46714,inf,nan,57519.14166,8176.857034,914,8054,21608.9248,6.583441,21616.34926,2314377,107.1028301,149.949438,0,1,"{timeout:21600,max_col_multiplier:1,age_limit:296,random_seed:4,replication:5,num_threads:128}",-4
d15900.json.gz,d,15,900,Dantzig,highs,DantzigFarkas,5,1028,55400.46714,inf,nan,57519.14166,8176.857034,914,8054,21608.9248,6.583441,21616.34926,2314377,107.1028301,149.949438,0,1,"{timeout:21600,max_col_multiplier:1,age_limit:296,random_seed:4,replication:5,num_threads:128}",1
d15900.json.gz,d,15,900,Wentges,highs,DantzigFarkas,1,4,55400.46714,inf,,221258,,24,45,0.036921,0.001263,0.130469,3161,85615.23252,70.24444444,0,0,"{timeout:21600,max_col_multiplier:1,age_limit:19,random_seed:0,replication:1,num_threads:128}",-1
d15900.json.gz,d,15,900,Wentges,highs,DantzigFarkas,1,2610,55402.02438,inf,nan,55402.41363,0.389252062,122,1036,1863.726422,55.83781,1920.111085,686344,368.2643503,23.34165484,0,0,"{timeout:21600,max_col_multiplier:1,age_limit:19,random_seed:0,replication:1,num_threads:128}",2
d15900.json.gz,d,15,900,Wentges,highs,DantzigFarkas,1,2610,55402.02438,inf,nan,55402.41363,0.389252062,122,1036,1863.726422,55.83781,1920.111086,686344,368.2643503,23.34165484,0,0,"{timeout:21600,max_col_multiplier:1,age_limit:19,random_seed:0,replication:1,num_threads:128}",1
d15900.json.gz,d,15,900,Wentges,highs,DantzigFarkas,2,4,55400.46714,inf,,211872.5625,,35,45,0.047848,0.001217,0.147737,3255,68027.92175,72.33333333,0,0,"{timeout:21600,max_col_multiplier:1,age_limit:19,random_seed:1,replication:2,num_threads:128}",-1
d15900.json.gz,d,15,900,Wentges,highs,DantzigFarkas,2,2871,55402.10975,inf,nan,55402.4113,0.301544427,121,1029,1782.966219,57.438879,1840.995175,648237,363.5722276,23.66517696,0,0,"{timeout:21600,max_col_multiplier:1,age_limit:19,random_seed:1,replication:2,num_threads:128}",2
d15900.json.gz,d,15,900,Wentges,highs,DantzigFarkas,2,2871,55402.10975,inf,nan,55402.4113,0.301544427,121,1029,1782.966219,57.438879,1840.995177,648237,363.5722276,23.66517696,0,0,"{timeout:21600,max_col_multiplier:1,age_limit:19,random_seed:1,replication:2,num_threads:128}",1
d15900.json.gz,d,15,900,Wentges,highs,DantzigFarkas,3,4,55400.46714,inf,,205817.1667,,32,45,0.041552,0.001951,0.138317,3236,77878.32114,71.91111111,0,0,"{timeout:21600,max_col_multiplier:1,age_limit:19,random_seed:2,replication:3,num_threads:128}",-1
d15900.json.gz,d,15,900,Wentges,highs,DantzigFarkas,3,2552,55402.02711,inf,nan,55402.41494,0.38783305,122,973,1890.151579,46.511131,1937.222971,728489,385.413005,25.75711497,0,0,"{timeout:21600,max_col_multiplier:1,age_limit:19,random_seed:2,replication:3,num_threads:128}",2
d15900.json.gz,d,15,900,Wentges,highs,DantzigFarkas,3,2552,55402.02711,inf,nan,55402.41494,0.38783305,122,973,1890.151579,46.511131,1937.222972,728489,385.413005,25.75711497,0,0,"{timeout:21600,max_col_multiplier:1,age_limit:19,random_seed:2,replication:3,num_threads:128}",1
d15900.json.gz,d,15,900,Wentges,highs,DantzigFarkas,4,4,55400.46714,inf,,251206.6667,,24,45,0.036699,0.001371,0.128566,3191,86950.59811,70.91111111,0,0,"{timeout:21600,max_col_multiplier:1,age_limit:19,random_seed:3,replication:4,num_threads:128}",-1
d15900.json.gz,d,15,900,Wentges,highs,DantzigFarkas,4,2665,55402.0122,inf,nan,55402.41209,0.399892775,127,1002,1894.23656,51.637052,1946.443262,694275,366.5196917,23.34685773,0,0,"{timeout:21600,max_col_multiplier:1,age_limit:19,random_seed:3,replication:4,num_threads:128}",2
d15900.json.gz,d,15,900,Wentges,highs,DantzigFarkas,4,2665,55402.0122,inf,nan,55402.41209,0.399892775,127,1002,1894.23656,51.637052,1946.443264,694275,366.5196917,23.34685773,0,0,"{timeout:21600,max_col_multiplier:1,age_limit:19,random_seed:3,replication:4,num_threads:128}",1
d15900.json.gz,d,15,900,Wentges,highs,DantzigFarkas,5,4,55400.46714,inf,,240332,,22,45,0.040717,0.001293,0.140376,3235,79450.84363,71.88888889,0,0,"{timeout:21600,max_col_multiplier:1,age_limit:19,random_seed:4,replication:5,num_threads:128}",-1
d15900.json.gz,d,15,900,Wentges,highs,DantzigFarkas,5,3036,55402.13069,inf,nan,55402.41219,0.28149696,123,1090,1707.92881,59.246773,1767.792886,617541,361.573033,20.68724818,0,0,"{timeout:21600,max_col_multiplier:1,age_limit:19,random_seed:4,replication:5,num_threads:128}",2
d15900.json.gz,d,15,900,Wentges,highs,DantzigFarkas,5,3036,55402.13069,inf,nan,55402.41219,0.28149696,123,1090,1707.92881,59.246773,1767.792887,617541,361.573033,20.68724818,0,0,"{timeout:21600,max_col_multiplier:1,age_limit:19,random_seed:4,replication:5,num_threads:128}",1
d20100.json.gz,d,20,100,Dantzig,highs,DantzigFarkas,1,3,6142.530217,inf,,19136,,36,40,0.001343,0.001837,0.01852,485,361131.7945,12.125,0,0,"{timeout:21600,max_col_multiplier:1,age_limit:4,random_seed:0,replication:1,num_threads:128}",-1
d20100.json.gz,d,20,100,Dantzig,highs,DantzigFarkas,1,89,6176.142063,inf,nan,6176.142063,0,111,161,0.212981,0.035162,0.269518,8205,38524.56322,4.63070576,0,0,"{timeout:21600,max_col_multiplier:1,age_limit:4,random_seed:0,replication:1,num_threads:128}",2
d20100.json.gz,d,20,100,Dantzig,highs,DantzigFarkas,1,89,6176.142063,inf,nan,6176.142063,0,111,161,0.212981,0.035162,0.269519,8205,38524.56322,4.63070576,0,0,"{timeout:21600,max_col_multiplier:1,age_limit:4,random_seed:0,replication:1,num_threads:128}",1
d20100.json.gz,d,20,100,Dantzig,highs,DantzigFarkas,2,3,6142.530217,inf,,18424.33333,,38,40,0.001335,0.000966,0.01204,493,369288.3895,12.325,0,0,"{timeout:21600,max_col_multiplier:1,age_limit:4,random_seed:1,replication:2,num_threads:128}",-1
d20100.json.gz,d,20,100,Dantzig,highs,DantzigFarkas,2,88,6176.004965,inf,nan,6176.144608,0.139643346,111,176,0.209914,0.02666,0.251857,8302,39549.52981,4.769653958,0,0,"{timeout:21600,max_col_multiplier:1,age_limit:4,random_seed:1,replication:2,num_threads:128}",2
d20100.json.gz,d,20,100,Dantzig,highs,DantzigFarkas,2,88,6176.004965,inf,nan,6176.144608,0.139643346,111,176,0.209914,0.02666,0.251858,8302,39549.52981,4.769653958,0,0,"{timeout:21600,max_col_multiplier:1,age_limit:4,random_seed:1,replication:2,num_threads:128}",1
d20100.json.gz,d,20,100,Dantzig,highs,DantzigFarkas,3,3,6142.530217,inf,,19303,,36,40,0.002025,0.001104,0.012535,501,247407.4074,12.525,0,0,"{timeout:21600,max_col_multiplier:1,age_limit:4,random_seed:2,replication:3,num_threads:128}",-1
d20100.json.gz,d,20,100,Dantzig,highs,DantzigFarkas,3,83,6176.142063,inf,nan,6176.142063,0,111,177,0.209866,0.025067,0.250043,8342,39749.17328,5.01087639,0,0,"{timeout:21600,max_col_multiplier:1,age_limit:4,random_seed:2,replication:3,num_threads:128}",2
d20100.json.gz,d,20,100,Dantzig,highs,DantzigFarkas,3,83,6176.142063,inf,nan,6176.142063,0,111,177,0.209866,0.025067,0.250044,8342,39749.17328,5.01087639,0,0,"{timeout:21600,max_col_multiplier:1,age_limit:4,random_seed:2,replication:3,num_threads:128}",1
d20100.json.gz,d,20,100,Dantzig,highs,DantzigFarkas,4,3,6142.530217,inf,,19136,,36,40,0.001886,0.001035,0.012353,526,278897.1368,13.15,0,0,"{timeout:21600,max_col_multiplier:1,age_limit:4,random_seed:3,replication:4,num_threads:128}",-1
d20100.json.gz,d,20,100,Dantzig,highs,DantzigFarkas,4,85,6176.142063,inf,nan,6176.142063,0,111,164,0.20349,0.026574,0.244739,8345,41009.38621,4.900715569,0,0,"{timeout:21600,max_col_multiplier:1,age_limit:4,random_seed:3,replication:4,num_threads:128}",2
d20100.json.gz,d,20,100,Dantzig,highs,DantzigFarkas,4,85,6176.142063,inf,nan,6176.142063,0,111,164,0.20349,0.026574,0.24474,8345,41009.38621,4.900715569,0,0,"{timeout:21600,max_col_multiplier:1,age_limit:4,random_seed:3,replication:4,num_threads:128}",1
d20100.json.gz,d,20,100,Dantzig,highs,DantzigFarkas,5,3,6142.530217,inf,,19730,,35,40,0.001559,0.000938,0.0119,509,326491.3406,12.725,0,0,"{timeout:21600,max_col_multiplier:1,age_limit:4,random_seed:4,replication:5,num_threads:128}",-1
d20100.json.gz,d,20,100,Dantzig,highs,DantzigFarkas,5,85,6176.142063,inf,nan,6176.142063,0,111,177,0.213953,0.028106,0.257259,8189,38274.76128,4.810224502,0,0,"{timeout:21600,max_col_multiplier:1,age_limit:4,random_seed:4,replication:5,num_threads:128}",2
d20100.json.gz,d,20,100,Dantzig,highs,DantzigFarkas,5,85,6176.142063,inf,nan,6176.142063,0,111,177,0.213953,0.028106,0.257259,8189,38274.76128,4.810224502,0,0,"{timeout:21600,max_col_multiplier:1,age_limit:4,random_seed:4,replication:5,num_threads:128}",1
d20100.json.gz,d,20,100,Wentges,highs,DantzigFarkas,1,3,6142.530217,inf,,19136,,36,40,0.001783,0.00153,0.012724,485,272013.4605,12.125,0,0,"{timeout:21600,max_col_multiplier:1,age_limit:3,random_seed:0,replication:1,num_threads:128}",-1
d20100.json.gz,d,20,100,Wentges,highs,DantzigFarkas,1,70,6176.002155,inf,nan,6176.142149,0.139993973,111,129,0.116545,0.034051,0.164422,5113,43871.46596,5.135946115,0,0,"{timeout:21600,max_col_multiplier:1,age_limit:3,random_seed:0,replication:1,num_threads:128}",2
d20100.json.gz,d,20,100,Wentges,highs,DantzigFarkas,1,70,6176.002155,inf,nan,6176.142149,0.139993973,111,129,0.116545,0.034051,0.164423,5113,43871.46596,5.135946115,0,0,"{timeout:21600,max_col_multiplier:1,age_limit:3,random_seed:0,replication:1,num_threads:128}",1
d20100.json.gz,d,20,100,Wentges,highs,DantzigFarkas,2,3,6142.530217,inf,,18424.33333,,38,40,0.001862,0.001767,0.019065,493,264769.0655,12.325,0,0,"{timeout:21600,max_col_multiplier:1,age_limit:3,random_seed:1,replication:2,num_threads:128}",-1
d20100.json.gz,d,20,100,Wentges,highs,DantzigFarkas,2,88,6176.089868,inf,nan,6176.142799,0.052931389,111,127,0.125515,0.050257,0.19648,4928,39262.23957,4.558599743,0,0,"{timeout:21600,max_col_multiplier:1,age_limit:3,random_seed:1,replication:2,num_threads:128}",2
d20100.json.gz,d,20,100,Wentges,highs,DantzigFarkas,2,88,6176.089868,inf,nan,6176.142799,0.052931389,111,127,0.125515,0.050257,0.196481,4928,39262.23957,4.558599743,0,0,"{timeout:21600,max_col_multiplier:1,age_limit:3,random_seed:1,replication:2,num_threads:128}",1
d20100.json.gz,d,20,100,Wentges,highs,DantzigFarkas,3,3,6142.530217,inf,,19303,,36,40,0.001558,0.001087,0.012146,501,321566.1104,12.525,0,0,"{timeout:21600,max_col_multiplier:1,age_limit:3,random_seed:2,replication:3,num_threads:128}",-1
d20100.json.gz,d,20,100,Wentges,highs,DantzigFarkas,3,75,6176.042733,inf,nan,6176.14297,0.100237425,111,132,0.121148,0.034601,0.169537,5243,43277.64387,4.994408321,0,0,"{timeout:21600,max_col_multiplier:1,age_limit:3,random_seed:2,replication:3,num_threads:128}",2
d20100.json.gz,d,20,100,Wentges,highs,DantzigFarkas,3,75,6176.042733,inf,nan,6176.14297,0.100237425,111,132,0.121148,0.034601,0.169538,5243,43277.64387,4.994408321,0,0,"{timeout:21600,max_col_multiplier:1,age_limit:3,random_seed:2,replication:3,num_threads:128}",1
d20100.json.gz,d,20,100,Wentges,highs,DantzigFarkas,4,3,6142.530217,inf,,19136,,36,40,0.00176,0.001582,0.018634,526,298863.6364,13.15,0,0,"{timeout:21600,max_col_multiplier:1,age_limit:3,random_seed:3,replication:4,num_threads:128}",-1
d20100.json.gz,d,20,100,Wentges,highs,DantzigFarkas,4,70,6176.077238,inf,nan,6176.142364,0.065126077,111,130,0.121398,0.038244,0.179517,5271,43419.16671,5.878518779,0,0,"{timeout:21600,max_col_multiplier:1,age_limit:3,random_seed:3,replication:4,num_threads:128}",2
d20100.json.gz,d,20,100,Wentges,highs,DantzigFarkas,4,70,6176.077238,inf,nan,6176.142364,0.065126077,111,130,0.121398,0.038244,0.179518,5271,43419.16671,5.878518779,0,0,"{timeout:21600,max_col_multiplier:1,age_limit:3,random_seed:3,replication:4,num_threads:128}",1
d20100.json.gz,d,20,100,Wentges,highs,DantzigFarkas,5,3,6142.530217,inf,,19730,,35,40,0.001633,0.000952,0.012003,509,311696.2645,12.725,0,0,"{timeout:21600,max_col_multiplier:1,age_limit:3,random_seed:4,replication:5,num_threads:128}",-1
d20100.json.gz,d,20,100,Wentges,highs,DantzigFarkas,5,69,6176.142063,inf,nan,6176.142063,0,111,130,0.119651,0.03501,0.168435,5177,43267.50299,5.18931064,0,0,"{timeout:21600,max_col_multiplier:1,age_limit:3,random_seed:4,replication:5,num_threads:128}",2
d20100.json.gz,d,20,100,Wentges,highs,DantzigFarkas,5,69,6176.142063,inf,nan,6176.142063,0,111,130,0.119651,0.03501,0.168436,5177,43267.50299,5.18931064,0,0,"{timeout:21600,max_col_multiplier:1,age_limit:3,random_seed:4,replication:5,num_threads:128}",1
d201600.json.gz,d,20,1600,Dantzig,highs,DantzigFarkas,1,4,97821.35001,inf,,482761.5,,35,60,0.141912,0.001709,0.412554,6138,43252.15627,102.3,0,0,"{timeout:21600,max_col_multiplier:1,age_limit:525,random_seed:0,replication:1,num_threads:128}",-1
d201600.json.gz,d,20,1600,Dantzig,highs,DantzigFarkas,1,288,97821.35001,inf,nan,113330.0265,118037.1742,1605,5740,21799.19747,3.045919,21802.65864,839257,38.49944481,144.9939236,0,1,"{timeout:21600,max_col_multiplier:1,age_limit:525,random_seed:0,replication:1,num_threads:128}",-4
d201600.json.gz,d,20,1600,Dantzig,highs,DantzigFarkas,1,288,97821.35001,inf,nan,113330.0265,118037.1742,1605,5740,21799.19747,3.045919,21802.65864,839257,38.49944481,144.9939236,0,1,"{timeout:21600,max_col_multiplier:1,age_limit:525,random_seed:0,replication:1,num_threads:128}",1
d201600.json.gz,d,20,1600,Dantzig,highs,DantzigFarkas,2,4,97821.35001,inf,,530385.7,,33,60,0.142706,0.002321,0.407752,6328,44342.9148,105.4666667,0,0,"{timeout:21600,max_col_multiplier:1,age_limit:525,random_seed:1,replication:2,num_threads:128}",-1
d201600.json.gz,d,20,1600,Dantzig,highs,DantzigFarkas,2,290,97821.35001,inf,nan,112089.38,112533.7613,1614,5780,21625.02172,3.137343,21628.56875,809012,37.41092197,138.7574713,0,1,"{timeout:21600,max_col_multiplier:1,age_limit:525,random_seed:1,replication:2,num_threads:128}",-4
d201600.json.gz,d,20,1600,Dantzig,highs,DantzigFarkas,2,290,97821.35001,inf,nan,112089.38,112533.7613,1614,5780,21625.02172,3.137343,21628.56875,809012,37.41092197,138.7574713,0,1,"{timeout:21600,max_col_multiplier:1,age_limit:525,random_seed:1,replication:2,num_threads:128}",1
d201600.json.gz,d,20,1600,Dantzig,highs,DantzigFarkas,3,3,97821.35001,inf,,590479,,23,40,0.172968,0.002188,0.437255,6426,37151.3806,160.65,0,0,"{timeout:21600,max_col_multiplier:1,age_limit:525,random_seed:2,replication:3,num_threads:128}",-1
d201600.json.gz,d,20,1600,Dantzig,highs,DantzigFarkas,3,292,97821.35001,inf,nan,112822.5462,114197.7198,1603,5820,21681.50273,2.983244,21684.89774,827395,38.16133089,141.1270548,0,1,"{timeout:21600,max_col_multiplier:1,age_limit:525,random_seed:2,replication:3,num_threads:128}",-4
d201600.json.gz,d,20,1600,Dantzig,highs,DantzigFarkas,3,292,97821.35001,inf,nan,112822.5462,114197.7198,1603,5820,21681.50273,2.983244,21684.89774,827395,38.16133089,141.1270548,0,1,"{timeout:21600,max_col_multiplier:1,age_limit:525,random_seed:2,replication:3,num_threads:128}",1
d201600.json.gz,d,20,1600,Dantzig,highs,DantzigFarkas,4,3,97821.35001,inf,,576847,,24,40,0.183219,0.001546,0.445476,6434,35116.44535,160.85,0,0,"{timeout:21600,max_col_multiplier:1,age_limit:525,random_seed:3,replication:4,num_threads:128}",-1
d201600.json.gz,d,20,1600,Dantzig,highs,DantzigFarkas,4,247,97821.35001,inf,nan,113005.1834,136311.9631,1605,4920,21752.95618,2.27786,21755.61334,626003,28.77783575,126.0700405,0,1,"{timeout:21600,max_col_multiplier:1,age_limit:525,random_seed:3,replication:4,num_threads:128}",-4
d201600.json.gz,d,20,1600,Dantzig,highs,DantzigFarkas,4,247,97821.35001,inf,nan,113005.1834,136311.9631,1605,4920,21752.95618,2.27786,21755.61334,626003,28.77783575,126.0700405,0,1,"{timeout:21600,max_col_multiplier:1,age_limit:525,random_seed:3,replication:4,num_threads:128}",1
d201600.json.gz,d,20,1600,Dantzig,highs,DantzigFarkas,5,3,97821.35001,inf,,563746,,25,40,0.14974,0.002109,0.416318,6350,42406.83852,158.75,0,0,"{timeout:21600,max_col_multiplier:1,age_limit:525,random_seed:4,replication:5,num_threads:128}",-1
d201600.json.gz,d,20,1600,Dantzig,highs,DantzigFarkas,5,293,97821.35001,inf,nan,112269.6988,103578.01,1612,5840,21698.34472,2.996938,21701.75658,802456,36.9823602,136.3960751,0,1,"{timeout:21600,max_col_multiplier:1,age_limit:525,random_seed:4,replication:5,num_threads:128}",-4
d201600.json.gz,d,20,1600,Dantzig,highs,DantzigFarkas,5,293,97821.35001,inf,nan,112269.6988,103578.01,1612,5840,21698.34472,2.996938,21701.75658,802456,36.9823602,136.3960751,0,1,"{timeout:21600,max_col_multiplier:1,age_limit:525,random_seed:4,replication:5,num_threads:128}",1
d201600.json.gz,d,20,1600,Wentges,highs,DantzigFarkas,1,4,97821.35001,inf,,482761.5,,35,60,0.141949,0.001677,0.407878,6138,43240.88229,102.3,0,0,"{timeout:21600,max_col_multiplier:1,age_limit:25,random_seed:0,replication:1,num_threads:128}",-1
d201600.json.gz,d,20,1600,Wentges,highs,DantzigFarkas,1,265,97821.35001,inf,nan,99147.26478,45948.61455,1620,3224,21621.33421,7.413555,21629.20872,1063338,49.18003624,199.8577358,0,1,"{timeout:21600,max_col_multiplier:1,age_limit:25,random_seed:0,replication:1,num_threads:128}",-4
d201600.json.gz,d,20,1600,Wentges,highs,DantzigFarkas,1,265,97821.35001,inf,nan,99147.26478,45948.61455,1620,3224,21621.33421,7.413555,21629.20872,1063338,49.18003624,199.8577358,0,1,"{timeout:21600,max_col_multiplier:1,age_limit:25,random_seed:0,replication:1,num_threads:128}",1
d201600.json.gz,d,20,1600,Wentges,highs,DantzigFarkas,2,4,97821.35001,inf,,530385.7,,33,60,0.142999,0.002023,0.409736,6328,44252.05771,105.4666667,0,0,"{timeout:21600,max_col_multiplier:1,age_limit:25,random_seed:1,replication:2,num_threads:128}",-1
d201600.json.gz,d,20,1600,Wentges,highs,DantzigFarkas,2,274,97821.35001,inf,nan,99480.08652,69184.43672,1619,3468,21668.15096,7.589264,21676.21075,1155733,53.33786913,210.1303528,0,1,"{timeout:21600,max_col_multiplier:1,age_limit:25,random_seed:1,replication:2,num_threads:128}",-4
d201600.json.gz,d,20,1600,Wentges,highs,DantzigFarkas,2,274,97821.35001,inf,nan,99480.08652,69184.43672,1619,3468,21668.15096,7.589264,21676.21075,1155733,53.33786913,210.1303528,0,1,"{timeout:21600,max_col_multiplier:1,age_limit:25,random_seed:1,replication:2,num_threads:128}",1
d201600.json.gz,d,20,1600,Wentges,highs,DantzigFarkas,3,3,97821.35001,inf,,590479,,23,40,0.172755,0.001535,0.435767,6426,37197.18677,160.65,0,0,"{timeout:21600,max_col_multiplier:1,age_limit:25,random_seed:2,replication:3,num_threads:128}",-1
d201600.json.gz,d,20,1600,Wentges,highs,DantzigFarkas,3,281,97821.35001,inf,nan,99280.5429,46633.64823,1619,3315,21688.16268,7.837035,21696.4709,1151436,53.09052764,204.3101423,0,1,"{timeout:21600,max_col_multiplier:1,age_limit:25,random_seed:2,replication:3,num_threads:128}",-4
d201600.json.gz,d,20,1600,Wentges,highs,DantzigFarkas,3,281,97821.35001,inf,nan,99280.5429,46633.64823,1619,3315,21688.16268,7.837035,21696.4709,1151436,53.09052764,204.3101423,0,1,"{timeout:21600,max_col_multiplier:1,age_limit:25,random_seed:2,replication:3,num_threads:128}",1
d201600.json.gz,d,20,1600,Wentges,highs,DantzigFarkas,4,3,97821.35001,inf,,576847,,24,40,0.182374,0.001527,0.447008,6434,35279.15163,160.85,0,0,"{timeout:21600,max_col_multiplier:1,age_limit:25,random_seed:3,replication:4,num_threads:128}",-1
d201600.json.gz,d,20,1600,Wentges,highs,DantzigFarkas,4,289,97821.35001,inf,nan,99175.50444,43866.06648,1620,3336,21739.74034,8.073304,21748.28865,1168231,53.73711837,201.5595156,0,1,"{timeout:21600,max_col_multiplier:1,age_limit:25,random_seed:3,replication:4,num_threads:128}",-4
d201600.json.gz,d,20,1600,Wentges,highs,DantzigFarkas,4,289,97821.35001,inf,nan,99175.50444,43866.06648,1620,3336,21739.74034,8.073304,21748.28865,1168231,53.73711837,201.5595156,0,1,"{timeout:21600,max_col_multiplier:1,age_limit:25,random_seed:3,replication:4,num_threads:128}",1
d201600.json.gz,d,20,1600,Wentges,highs,DantzigFarkas,5,3,97821.35001,inf,,563746,,25,40,0.149812,0.001602,0.41586,6350,42386.45769,158.75,0,0,"{timeout:21600,max_col_multiplier:1,age_limit:25,random_seed:4,replication:5,num_threads:128}",-1
d201600.json.gz,d,20,1600,Wentges,highs,DantzigFarkas,5,281,97821.35001,inf,nan,99157.88203,41077.34696,1620,3345,21718.99066,7.891886,21727.35437,1166697,53.71782779,207.0323843,0,1,"{timeout:21600,max_col_multiplier:1,age_limit:25,random_seed:4,replication:5,num_threads:128}",-4
d201600.json.gz,d,20,1600,Wentges,highs,DantzigFarkas,5,281,97821.35001,inf,nan,99157.88203,41077.34696,1620,3345,21718.99066,7.891886,21727.35437,1166697,53.71782779,207.0323843,0,1,"{timeout:21600,max_col_multiplier:1,age_limit:25,random_seed:4,replication:5,num_threads:128}",1
d20200.json.gz,d,20,200,Dantzig,highs,DantzigFarkas,1,3,12217.69342,inf,,47245,,35,40,0.003131,0.002039,0.030854,846,270201.2137,21.15,0,0,"{timeout:21600,max_col_multiplier:1,age_limit:10,random_seed:0,replication:1,num_threads:128}",-1
d20200.json.gz,d,20,200,Dantzig,highs,DantzigFarkas,1,220,12229.05712,inf,nan,12229.6748,0.617678902,133,462,3.367855,0.140986,3.551688,47932,14232.20418,10.99434186,0,0,"{timeout:21600,max_col_multiplier:1,age_limit:10,random_seed:0,replication:1,num_threads:128}",2
d20200.json.gz,d,20,200,Dantzig,highs,DantzigFarkas,1,220,12229.05712,inf,nan,12229.6748,0.617678902,133,462,3.367855,0.140986,3.551689,47932,14232.20418,10.99434186,0,0,"{timeout:21600,max_col_multiplier:1,age_limit:10,random_seed:0,replication:1,num_threads:128}",1
d20200.json.gz,d,20,200,Dantzig,highs,DantzigFarkas,2,3,12217.69342,inf,,46605,,35,40,0.003019,0.001182,0.023404,831,275256.7075,20.775,0,0,"{timeout:21600,max_col_multiplier:1,age_limit:10,random_seed:1,replication:2,num_threads:128}",-1
d20200.json.gz,d,20,200,Dantzig,highs,DantzigFarkas,2,219,12229.15654,inf,nan,12229.68303,0.526484331,138,446,3.438895,0.132816,3.608527,48155,14003.04458,10.99236848,0,0,"{timeout:21600,max_col_multiplier:1,age_limit:10,random_seed:1,replication:2,num_threads:128}",2
d20200.json.gz,d,20,200,Dantzig,highs,DantzigFarkas,2,219,12229.15654,inf,nan,12229.68303,0.526484331,138,446,3.438895,0.132816,3.608527,48155,14003.04458,10.99236848,0,0,"{timeout:21600,max_col_multiplier:1,age_limit:10,random_seed:1,replication:2,num_threads:128}",1
d20200.json.gz,d,20,200,Dantzig,highs,DantzigFarkas,3,3,12217.69342,inf,,44198.5,,37,40,0.003548,0.001112,0.02393,853,240417.1364,21.325,0,0,"{timeout:21600,max_col_multiplier:1,age_limit:10,random_seed:2,replication:3,num_threads:128}",-1
d20200.json.gz,d,20,200,Dantzig,highs,DantzigFarkas,3,220,12229.10468,inf,nan,12229.66428,0.559598037,133,447,3.520785,0.127277,3.685139,48355,13734.15304,10.96119028,0,0,"{timeout:21600,max_col_multiplier:1,age_limit:10,random_seed:2,replication:3,num_threads:128}",2
d20200.json.gz,d,20,200,Dantzig,highs,DantzigFarkas,3,220,12229.10468,inf,nan,12229.66428,0.559598037,133,447,3.520785,0.127277,3.68514,48355,13734.15304,10.96119028,0,0,"{timeout:21600,max_col_multiplier:1,age_limit:10,random_seed:2,replication:3,num_threads:128}",1
d20200.json.gz,d,20,200,Dantzig,highs,DantzigFarkas,4,3,12217.69342,inf,,44081.5,,37,40,0.003055,0.001137,0.024255,853,279214.4026,21.325,0,0,"{timeout:21600,max_col_multiplier:1,age_limit:10,random_seed:3,replication:4,num_threads:128}",-1
d20200.json.gz,d,20,200,Dantzig,highs,DantzigFarkas,4,213,12229.1293,inf,nan,12229.6803,0.551001474,140,494,3.261735,0.122915,3.421809,46786,14343.8998,10.9261409,0,0,"{timeout:21600,max_col_multiplier:1,age_limit:10,random_seed:3,replication:4,num_threads:128}",2
d20200.json.gz,d,20,200,Dantzig,highs,DantzigFarkas,4,213,12229.1293,inf,nan,12229.6803,0.551001474,140,494,3.261735,0.122915,3.42181,46786,14343.8998,10.9261409,0,0,"{timeout:21600,max_col_multiplier:1,age_limit:10,random_seed:3,replication:4,num_threads:128}",1
d20200.json.gz,d,20,200,Dantzig,highs,DantzigFarkas,5,3,12217.69342,inf,,44335,,37,40,0.003666,0.000976,0.023827,874,238406.9831,21.85,0,0,"{timeout:21600,max_col_multiplier:1,age_limit:10,random_seed:4,replication:5,num_threads:128}",-1
d20200.json.gz,d,20,200,Dantzig,highs,DantzigFarkas,5,215,12229.23294,inf,nan,12229.68253,0.449594012,139,490,3.311986,0.127127,3.475499,46987,14186.9561,10.88104073,0,0,"{timeout:21600,max_col_multiplier:1,age_limit:10,random_seed:4,replication:5,num_threads:128}",2
d20200.json.gz,d,20,200,Dantzig,highs,DantzigFarkas,5,215,12229.23294,inf,nan,12229.68253,0.449594012,139,490,3.311986,0.127127,3.4755,46987,14186.9561,10.88104073,0,0,"{timeout:21600,max_col_multiplier:1,age_limit:10,random_seed:4,replication:5,num_threads:128}",1
d20200.json.gz,d,20,200,Wentges,highs,DantzigFarkas,1,3,12217.69342,inf,,47245,,35,40,0.003033,0.001373,0.022914,846,278931.7507,21.15,0,0,"{timeout:21600,max_col_multiplier:1,age_limit:4,random_seed:0,replication:1,num_threads:128}",-1
d20200.json.gz,d,20,200,Wentges,highs,DantzigFarkas,1,167,12229.28453,inf,nan,12229.66436,0.379823507,138,247,0.982443,0.152991,1.163834,17728,18044.81278,7.324180752,0,0,"{timeout:21600,max_col_multiplier:1,age_limit:4,random_seed:0,replication:1,num_threads:128}",2
d20200.json.gz,d,20,200,Wentges,highs,DantzigFarkas,1,167,12229.28453,inf,nan,12229.66436,0.379823507,138,247,0.982443,0.152991,1.163835,17728,18044.81278,7.324180752,0,0,"{timeout:21600,max_col_multiplier:1,age_limit:4,random_seed:0,replication:1,num_threads:128}",1
d20200.json.gz,d,20,200,Wentges,highs,DantzigFarkas,2,3,12217.69342,inf,,46605,,35,40,0.002882,0.001122,0.022901,831,288341.4296,20.775,0,0,"{timeout:21600,max_col_multiplier:1,age_limit:4,random_seed:1,replication:2,num_threads:128}",-1
d20200.json.gz,d,20,200,Wentges,highs,DantzigFarkas,2,198,12229.23228,inf,nan,12229.66468,0.432406766,134,237,1.072874,0.18849,1.292388,18750,17476.42314,6.957485705,0,0,"{timeout:21600,max_col_multiplier:1,age_limit:4,random_seed:1,replication:2,num_threads:128}",2
d20200.json.gz,d,20,200,Wentges,highs,DantzigFarkas,2,198,12229.23228,inf,nan,12229.66468,0.432406766,134,237,1.072874,0.18849,1.292388,18750,17476.42314,6.957485705,0,0,"{timeout:21600,max_col_multiplier:1,age_limit:4,random_seed:1,replication:2,num_threads:128}",1
d20200.json.gz,d,20,200,Wentges,highs,DantzigFarkas,3,3,12217.69342,inf,,44198.5,,37,40,0.003103,0.001413,0.023534,853,274895.2626,21.325,0,0,"{timeout:21600,max_col_multiplier:1,age_limit:4,random_seed:2,replication:3,num_threads:128}",-1
d20200.json.gz,d,20,200,Wentges,highs,DantzigFarkas,3,179,12229.15993,inf,nan,12229.66747,0.507534369,135,239,0.996524,0.158455,1.184255,17839,17901.22466,6.734004888,0,0,"{timeout:21600,max_col_multiplier:1,age_limit:4,random_seed:2,replication:3,num_threads:128}",2
d20200.json.gz,d,20,200,Wentges,highs,DantzigFarkas,3,179,12229.15993,inf,nan,12229.66747,0.507534369,135,239,0.996524,0.158455,1.184255,17839,17901.22466,6.734004888,0,0,"{timeout:21600,max_col_multiplier:1,age_limit:4,random_seed:2,replication:3,num_threads:128}",1
d20200.json.gz,d,20,200,Wentges,highs,DantzigFarkas,4,3,12217.69342,inf,,44081.5,,37,40,0.003609,0.00126,0.023882,853,236353.5605,21.325,0,0,"{timeout:21600,max_col_multiplier:1,age_limit:4,random_seed:3,replication:4,num_threads:128}",-1
d20200.json.gz,d,20,200,Wentges,highs,DantzigFarkas,4,168,12229.17311,inf,nan,12229.66498,0.491861901,136,246,0.954851,0.154277,1.137508,17668,18503.41048,7.415411304,0,0,"{timeout:21600,max_col_multiplier:1,age_limit:4,random_seed:3,replication:4,num_threads:128}",2
d20200.json.gz,d,20,200,Wentges,highs,DantzigFarkas,4,168,12229.17311,inf,nan,12229.66498,0.491861901,136,246,0.954851,0.154277,1.137508,17668,18503.41048,7.415411304,0,0,"{timeout:21600,max_col_multiplier:1,age_limit:4,random_seed:3,replication:4,num_threads:128}",1
d20200.json.gz,d,20,200,Wentges,highs,DantzigFarkas,5,3,12217.69342,inf,,44335,,37,40,0.003991,0.001272,0.024399,874,218992.7337,21.85,0,0,"{timeout:21600,max_col_multiplier:1,age_limit:4,random_seed:4,replication:5,num_threads:128}",-1
d20200.json.gz,d,20,200,Wentges,highs,DantzigFarkas,5,181,12229.02525,inf,nan,12229.67432,0.64907219,136,236,0.956118,0.15835,1.143403,17349,18145.24985,6.866974995,0,0,"{timeout:21600,max_col_multiplier:1,age_limit:4,random_seed:4,replication:5,num_threads:128}",2
d20200.json.gz,d,20,200,Wentges,highs,DantzigFarkas,5,181,12229.02525,inf,nan,12229.67432,0.64907219,136,236,0.956118,0.15835,1.143403,17349,18145.24985,6.866974995,0,0,"{timeout:21600,max_col_multiplier:1,age_limit:4,random_seed:4,replication:5,num_threads:128}",1
d20400.json.gz,d,20,400,Dantzig,highs,DantzigFarkas,1,3,24552.43633,inf,,108970,,34,40,0.008583,0.003939,0.066045,1618,188512.1752,40.45,0,0,"{timeout:21600,max_col_multiplier:1,age_limit:34,random_seed:0,replication:1,num_threads:128}",-1
d20400.json.gz,d,20,400,Dantzig,highs,DantzigFarkas,1,760,24560.01078,inf,nan,24560.21891,0.208129163,151,1149,150.977313,1.232797,152.389092,495219,3280.088844,32.80324879,0,0,"{timeout:21600,max_col_multiplier:1,age_limit:34,random_seed:0,replication:1,num_threads:128}",2
d20400.json.gz,d,20,400,Dantzig,highs,DantzigFarkas,1,760,24560.01078,inf,nan,24560.21891,0.208129163,151,1149,150.977313,1.232797,152.389093,495219,3280.088844,32.80324879,0,0,"{timeout:21600,max_col_multiplier:1,age_limit:34,random_seed:0,replication:1,num_threads:128}",1
d20400.json.gz,d,20,400,Dantzig,highs,DantzigFarkas,2,3,24552.43633,inf,,111793,,33,40,0.008354,0.000806,0.056585,1622,194158.487,40.55,0,0,"{timeout:21600,max_col_multiplier:1,age_limit:34,random_seed:1,replication:2,num_threads:128}",-1
d20400.json.gz,d,20,400,Dantzig,highs,DantzigFarkas,2,769,24560.01991,inf,nan,24560.22068,0.200769992,150,1273,151.200827,1.210089,152.583553,508013,3359.855962,33.17874167,0,0,"{timeout:21600,max_col_multiplier:1,age_limit:34,random_seed:1,replication:2,num_threads:128}",2
d20400.json.gz,d,20,400,Dantzig,highs,DantzigFarkas,2,769,24560.01991,inf,nan,24560.22068,0.200769992,150,1273,151.200827,1.210089,152.583554,508013,3359.855962,33.17874167,0,0,"{timeout:21600,max_col_multiplier:1,age_limit:34,random_seed:1,replication:2,num_threads:128}",1
d20400.json.gz,d,20,400,Dantzig,highs,DantzigFarkas,3,3,24552.43633,inf,,106217,,35,40,0.009045,0.000803,0.056883,1635,180762.8524,40.875,0,0,"{timeout:21600,max_col_multiplier:1,age_limit:34,random_seed:202,replication:3,num_threads:128}",-1
d20400.json.gz,d,20,400,Dantzig,highs,DantzigFarkas,3,777,24560.04177,inf,nan,24560.2045,0.16273236,148,1328,154.641924,1.221936,156.042766,504426,3261.896819,32.53846652,0,0,"{timeout:21600,max_col_multiplier:1,age_limit:34,random_seed:202,replication:3,num_threads:128}",2
d20400.json.gz,d,20,400,Dantzig,highs,DantzigFarkas,3,777,24560.04177,inf,nan,24560.2045,0.16273236,148,1328,154.641924,1.221936,156.042767,504426,3261.896819,32.53846652,0,0,"{timeout:21600,max_col_multiplier:1,age_limit:34,random_seed:202,replication:3,num_threads:128}",1
d20400.json.gz,d,20,400,Dantzig,highs,DantzigFarkas,4,3,24552.43633,inf,,115090.5,,32,40,0.008013,0.000882,0.056624,1614,201422.6881,40.35,0,0,"{timeout:21600,max_col_multiplier:1,age_limit:34,random_seed:3,replication:4,num_threads:128}",-1
d20400.json.gz,d,20,400,Dantzig,highs,DantzigFarkas,4,778,24560.08152,inf,nan,24560.20494,0.123416562,147,1215,157.290631,1.212038,158.676973,517304,3288.841787,33.44550303,0,0,"{timeout:21600,max_col_multiplier:1,age_limit:34,random_seed:3,replication:4,num_threads:128}",2
d20400.json.gz,d,20,400,Dantzig,highs,DantzigFarkas,4,778,24560.08152,inf,nan,24560.20494,0.123416562,147,1215,157.290631,1.212038,158.676974,517304,3288.841787,33.44550303,0,0,"{timeout:21600,max_col_multiplier:1,age_limit:34,random_seed:3,replication:4,num_threads:128}",1
d20400.json.gz,d,20,400,Dantzig,highs,DantzigFarkas,5,3,24552.43633,inf,,111629.5,,33,40,0.009933,0.000975,0.058624,1652,166314.3058,41.3,0,0,"{timeout:21600,max_col_multiplier:1,age_limit:34,random_seed:4,replication:5,num_threads:128}",-1
d20400.json.gz,d,20,400,Dantzig,highs,DantzigFarkas,5,799,24560.05984,inf,nan,24560.21381,0.153968797,148,1069,161.694173,1.245618,163.119982,521421,3224.735872,32.91342329,0,0,"{timeout:21600,max_col_multiplier:1,age_limit:34,random_seed:4,replication:5,num_threads:128}",2
d20400.json.gz,d,20,400,Dantzig,highs,DantzigFarkas,5,799,24560.05984,inf,nan,24560.21381,0.153968797,148,1069,161.694173,1.245618,163.119983,521421,3224.735872,32.91342329,0,0,"{timeout:21600,max_col_multiplier:1,age_limit:34,random_seed:4,replication:5,num_threads:128}",1
d20400.json.gz,d,20,400,Wentges,highs,DantzigFarkas,1,3,24552.43633,inf,,108970,,34,40,0.008652,0.000871,0.057401,1618,187008.7841,40.45,0,0,"{timeout:21600,max_col_multiplier:1,age_limit:7,random_seed:0,replication:1,num_threads:128}",-1
d20400.json.gz,d,20,400,Wentges,highs,DantzigFarkas,1,487,24560.1101,inf,nan,24560.20449,0.094381313,147,465,17.73489,1.49467,19.321021,79908,4505.694707,10.82698288,0,0,"{timeout:21600,max_col_multiplier:1,age_limit:7,random_seed:0,replication:1,num_threads:128}",2
d20400.json.gz,d,20,400,Wentges,highs,DantzigFarkas,1,487,24560.1101,inf,nan,24560.20449,0.094381313,147,465,17.73489,1.49467,19.321022,79908,4505.694707,10.82698288,0,0,"{timeout:21600,max_col_multiplier:1,age_limit:7,random_seed:0,replication:1,num_threads:128}",1
d20400.json.gz,d,20,400,Wentges,highs,DantzigFarkas,2,3,24552.43633,inf,,111793,,33,40,0.008436,0.000849,0.057509,1622,192271.2186,40.55,0,0,"{timeout:21600,max_col_multiplier:1,age_limit:7,random_seed:1,replication:2,num_threads:128}",-1
d20400.json.gz,d,20,400,Wentges,highs,DantzigFarkas,2,415,24560.06941,inf,nan,24560.20523,0.135819671,145,482,17.150831,1.30549,18.544027,78093,4553.307067,13.01695899,0,0,"{timeout:21600,max_col_multiplier:1,age_limit:7,random_seed:1,replication:2,num_threads:128}",2
d20400.json.gz,d,20,400,Wentges,highs,DantzigFarkas,2,415,24560.06941,inf,nan,24560.20523,0.135819671,145,482,17.150831,1.30549,18.544028,78093,4553.307067,13.01695899,0,0,"{timeout:21600,max_col_multiplier:1,age_limit:7,random_seed:1,replication:2,num_threads:128}",1
d20400.json.gz,d,20,400,Wentges,highs,DantzigFarkas,3,3,24552.43633,inf,,105016.5,,35,40,0.009272,0.000846,0.059107,1620,174719.5858,40.5,0,0,"{timeout:21600,max_col_multiplier:1,age_limit:7,random_seed:2,replication:3,num_threads:128}",-1
d20400.json.gz,d,20,400,Wentges,highs,DantzigFarkas,3,543,24560.01214,inf,nan,24560.20554,0.19340158,148,465,18.021188,1.696855,19.813546,75255,4175.917814,10.58911029,0,0,"{timeout:21600,max_col_multiplier:1,age_limit:7,random_seed:2,replication:3,num_threads:128}",2
d20400.json.gz,d,20,400,Wentges,highs,DantzigFarkas,3,543,24560.01214,inf,nan,24560.20554,0.19340158,148,465,18.021188,1.696855,19.813547,75255,4175.917814,10.58911029,0,0,"{timeout:21600,max_col_multiplier:1,age_limit:7,random_seed:2,replication:3,num_threads:128}",1
d20400.json.gz,d,20,400,Wentges,highs,DantzigFarkas,4,3,24552.43633,inf,,115090.5,,32,40,0.007946,0.000845,0.057172,1614,203121.0672,40.35,0,0,"{timeout:21600,max_col_multiplier:1,age_limit:7,random_seed:3,replication:4,num_threads:128}",-1
d20400.json.gz,d,20,400,Wentges,highs,DantzigFarkas,4,475,24560.05084,inf,nan,24560.20491,0.154064646,148,445,17.875709,1.483763,19.450857,85361,4775.251152,11.68100233,0,0,"{timeout:21600,max_col_multiplier:1,age_limit:7,random_seed:3,replication:4,num_threads:128}",2
d20400.json.gz,d,20,400,Wentges,highs,DantzigFarkas,4,475,24560.05084,inf,nan,24560.20491,0.154064646,148,445,17.875709,1.483763,19.450859,85361,4775.251152,11.68100233,0,0,"{timeout:21600,max_col_multiplier:1,age_limit:7,random_seed:3,replication:4,num_threads:128}",1
d20400.json.gz,d,20,400,Wentges,highs,DantzigFarkas,5,3,24552.43633,inf,,111629.5,,33,40,0.009897,0.000997,0.058882,1652,166919.2685,41.3,0,0,"{timeout:21600,max_col_multiplier:1,age_limit:7,random_seed:4,replication:5,num_threads:128}",-1
d20400.json.gz,d,20,400,Wentges,highs,DantzigFarkas,5,497,24560.00258,inf,nan,24560.20552,0.202934755,147,511,17.890669,1.514314,19.497783,79385,4437.229262,11.23644288,0,0,"{timeout:21600,max_col_multiplier:1,age_limit:7,random_seed:4,replication:5,num_threads:128}",2
d20400.json.gz,d,20,400,Wentges,highs,DantzigFarkas,5,497,24560.00258,inf,nan,24560.20552,0.202934755,147,511,17.890669,1.514314,19.497784,79385,4437.229262,11.23644288,0,0,"{timeout:21600,max_col_multiplier:1,age_limit:7,random_seed:4,replication:5,num_threads:128}",1
d30900.json.gz,d,30,900,Dantzig,highs,DantzigFarkas,1,3,54828.75354,inf,,287212,,51,60,0.041682,0.001612,0.245311,3817,91574.30066,63.61666667,0,0,"{timeout:21600,max_col_multiplier:1,age_limit:75,random_seed:200,replication:1,num_threads:128}",-1
d30900.json.gz,d,30,900,Dantzig,highs,DantzigFarkas,1,2131,54832.03833,inf,nan,54832.41253,0.374197384,244,3715,13327.02698,10.473318,13338.79421,6842091,513.399651,107.4324254,0,0,"{timeout:21600,max_col_multiplier:1,age_limit:75,random_seed:200,replication:1,num_threads:128}",2
d30900.json.gz,d,30,900,Dantzig,highs,DantzigFarkas,1,2131,54832.03833,inf,nan,54832.41253,0.374197384,244,3715,13327.02698,10.473318,13338.79421,6842091,513.399651,107.4324254,0,0,"{timeout:21600,max_col_multiplier:1,age_limit:75,random_seed:200,replication:1,num_threads:128}",1
d30900.json.gz,d,30,900,Dantzig,highs,DantzigFarkas,2,3,54828.75354,inf,,293337.6667,,52,60,0.043609,0.001179,0.247932,3820,87596.59703,63.66666667,0,0,"{timeout:21600,max_col_multiplier:1,age_limit:75,random_seed:401,replication:2,num_threads:128}",-1
d30900.json.gz,d,30,900,Dantzig,highs,DantzigFarkas,2,2154,54832.00712,inf,nan,54832.40949,0.402366986,247,3543,13472.99617,10.524831,13484.83478,6872682,510.1079162,107.0952081,0,0,"{timeout:21600,max_col_multiplier:1,age_limit:75,random_seed:401,replication:2,num_threads:128}",2
d30900.json.gz,d,30,900,Dantzig,highs,DantzigFarkas,2,2154,54832.00712,inf,nan,54832.40949,0.402366986,247,3543,13472.99617,10.524831,13484.83478,6872682,510.1079162,107.0952081,0,0,"{timeout:21600,max_col_multiplier:1,age_limit:75,random_seed:401,replication:2,num_threads:128}",1
d30900.json.gz,d,30,900,Dantzig,highs,DantzigFarkas,3,3,54828.75354,inf,,280916,,52,60,0.055613,0.001207,0.258031,3972,71422.1495,66.2,0,0,"{timeout:21600,max_col_multiplier:1,age_limit:75,random_seed:102,replication:3,num_threads:128}",-1
d30900.json.gz,d,30,900,Dantzig,highs,DantzigFarkas,3,2115,54832.02968,inf,nan,54832.39965,0.369969976,236,3915,13616.85428,10.309978,13628.47678,6890028,505.9926367,108.8816502,0,0,"{timeout:21600,max_col_multiplier:1,age_limit:75,random_seed:102,replication:3,num_threads:128}",2
d30900.json.gz,d,30,900,Dantzig,highs,DantzigFarkas,3,2115,54832.02968,inf,nan,54832.39965,0.369969976,236,3915,13616.85428,10.309978,13628.47678,6890028,505.9926367,108.8816502,0,0,"{timeout:21600,max_col_multiplier:1,age_limit:75,random_seed:102,replication:3,num_threads:128}",1
d30900.json.gz,d,30,900,Dantzig,highs,DantzigFarkas,4,3,54828.75354,inf,,289024,,53,60,0.070116,0.001378,0.27522,4149,59173.36984,69.15,0,0,"{timeout:21600,max_col_multiplier:1,age_limit:75,random_seed:103,replication:4,num_threads:128}",-1
d30900.json.gz,d,30,900,Dantzig,highs,DantzigFarkas,4,2111,54832.00333,inf,nan,54832.39845,0.395122473,242,4137,13267.362,10.317044,13279.0025,6880553,518.6074668,108.9372098,0,0,"{timeout:21600,max_col_multiplier:1,age_limit:75,random_seed:103,replication:4,num_threads:128}",2
d30900.json.gz,d,30,900,Dantzig,highs,DantzigFarkas,4,2111,54832.00333,inf,nan,54832.39845,0.395122473,242,4137,13267.362,10.317044,13279.0025,6880553,518.6074668,108.9372098,0,0,"{timeout:21600,max_col_multiplier:1,age_limit:75,random_seed:103,replication:4,num_threads:128}",1
d30900.json.gz,d,30,900,Dantzig,highs,DantzigFarkas,5,3,54828.75354,inf,,288284,,53,60,0.051323,0.001295,0.256481,3931,76593.34022,65.51666667,0,0,"{timeout:21600,max_col_multiplier:1,age_limit:75,random_seed:4,replication:5,num_threads:128}",-1
d30900.json.gz,d,30,900,Dantzig,highs,DantzigFarkas,5,2129,54832.03142,inf,nan,54832.39455,0.363134082,236,3576,13390.81958,10.35138,13402.50988,6815008,508.9313586,107.1639469,0,0,"{timeout:21600,max_col_multiplier:1,age_limit:75,random_seed:4,replication:5,num_threads:128}",2
d30900.json.gz,d,30,900,Dantzig,highs,DantzigFarkas,5,2129,54832.03142,inf,nan,54832.39455,0.363134082,236,3576,13390.81958,10.35138,13402.50988,6815008,508.9313586,107.1639469,0,0,"{timeout:21600,max_col_multiplier:1,age_limit:75,random_seed:4,replication:5,num_threads:128}",1
d30900.json.gz,d,30,900,Wentges,highs,DantzigFarkas,1,3,54828.75354,inf,,282919,,52,60,0.049065,0.001123,0.253448,3908,79649.44461,65.13333333,0,0,"{timeout:21600,max_col_multiplier:1,age_limit:10,random_seed:0,replication:1,num_threads:128}",-1
d30900.json.gz,d,30,900,Wentges,highs,DantzigFarkas,1,1513,54832.04406,inf,nan,54832.38136,0.337304116,233,994,659.882953,22.153732,682.560115,431783,654.3327086,13.95435172,0,0,"{timeout:21600,max_col_multiplier:1,age_limit:10,random_seed:0,replication:1,num_threads:128}",2
d30900.json.gz,d,30,900,Wentges,highs,DantzigFarkas,1,1513,54832.04406,inf,nan,54832.38136,0.337304116,233,994,659.882953,22.153732,682.560116,431783,654.3327086,13.95435172,0,0,"{timeout:21600,max_col_multiplier:1,age_limit:10,random_seed:0,replication:1,num_threads:128}",1
d30900.json.gz,d,30,900,Wentges,highs,DantzigFarkas,2,3,54828.75354,inf,,287893.25,,53,60,0.056788,0.00125,0.261225,4097,72145.5237,68.28333333,0,0,"{timeout:21600,max_col_multiplier:1,age_limit:10,random_seed:1,replication:2,num_threads:128}",-1
d30900.json.gz,d,30,900,Wentges,highs,DantzigFarkas,2,1620,54832.04073,inf,nan,54832.38125,0.340518539,231,994,673.722623,22.743163,696.993347,441875,655.8708063,13.79399434,0,0,"{timeout:21600,max_col_multiplier:1,age_limit:10,random_seed:1,replication:2,num_threads:128}",2
d30900.json.gz,d,30,900,Wentges,highs,DantzigFarkas,2,1620,54832.04073,inf,nan,54832.38125,0.340518539,231,994,673.722623,22.743163,696.993349,441875,655.8708063,13.79399434,0,0,"{timeout:21600,max_col_multiplier:1,age_limit:10,random_seed:1,replication:2,num_threads:128}",1
d30900.json.gz,d,30,900,Wentges,highs,DantzigFarkas,3,3,54828.75354,inf,,307354.5,,50,60,0.069823,0.001107,0.273157,4177,59822.69453,69.61666667,0,0,"{timeout:21600,max_col_multiplier:1,age_limit:10,random_seed:2,replication:3,num_threads:128}",-1
d30900.json.gz,d,30,900,Wentges,highs,DantzigFarkas,3,2649,54832.14669,inf,nan,54832.38623,0.239545951,235,1067,880.990667,31.930609,913.620257,739688,839.6093486,16.68665555,0,0,"{timeout:21600,max_col_multiplier:1,age_limit:10,random_seed:2,replication:3,num_threads:128}",2
d30900.json.gz,d,30,900,Wentges,highs,DantzigFarkas,3,2649,54832.14669,inf,nan,54832.38623,0.239545951,235,1067,880.990667,31.930609,913.620258,739688,839.6093486,16.68665555,0,0,"{timeout:21600,max_col_multiplier:1,age_limit:10,random_seed:2,replication:3,num_threads:128}",1
d30900.json.gz,d,30,900,Wentges,highs,DantzigFarkas,4,3,54828.75354,inf,,282960,,52,60,0.057187,0.001231,0.26187,4068,71135.04818,67.8,0,0,"{timeout:21600,max_col_multiplier:1,age_limit:10,random_seed:3,replication:4,num_threads:128}",-1
d30900.json.gz,d,30,900,Wentges,highs,DantzigFarkas,4,1459,54832.05633,inf,nan,54832.38423,0.327901722,237,1054,764.664053,18.867069,784.03965,477402,624.3290738,16.39120349,0,0,"{timeout:21600,max_col_multiplier:1,age_limit:10,random_seed:3,replication:4,num_threads:128}",2
d30900.json.gz,d,30,900,Wentges,highs,DantzigFarkas,4,1459,54832.05633,inf,nan,54832.38423,0.327901722,237,1054,764.664053,18.867069,784.039652,477402,624.3290738,16.39120349,0,0,"{timeout:21600,max_col_multiplier:1,age_limit:10,random_seed:3,replication:4,num_threads:128}",1
d30900.json.gz,d,30,900,Wentges,highs,DantzigFarkas,5,3,54828.75354,inf,,288284,,53,60,0.050408,0.001504,0.253293,3931,77983.65339,65.51666667,0,0,"{timeout:21600,max_col_multiplier:1,age_limit:10,random_seed:4,replication:5,num_threads:128}",-1
d30900.json.gz,d,30,900,Wentges,highs,DantzigFarkas,5,1578,54832.05973,inf,nan,54832.38105,0.321319417,235,1045,710.878183,22.301833,733.707982,457902,644.1356775,14.44153616,0,0,"{timeout:21600,max_col_multiplier:1,age_limit:10,random_seed:4,replication:5,num_threads:128}",2
d30900.json.gz,d,30,900,Wentges,highs,DantzigFarkas,5,1578,54832.05973,inf,nan,54832.38105,0.321319417,235,1045,710.878183,22.301833,733.707983,457902,644.1356775,14.44153616,0,0,"{timeout:21600,max_col_multiplier:1,age_limit:10,random_seed:4,replication:5,num_threads:128}",1
d401600.json.gz,d,40,1600,Dantzig,highs,DantzigFarkas,1,3,97105,inf,,551130.5,,71,80,0.238383,0.002403,0.794696,7532,31596.21282,94.15,0,0,"{timeout:21600,max_col_multiplier:1,age_limit:132,random_seed:0,replication:1,num_threads:128}",-1
d401600.json.gz,d,40,1600,Dantzig,highs,DantzigFarkas,1,333,97105,inf,nan,110361.2205,86732.69439,1584,9713,21646.19242,3.331313,21650.46587,1490477,68.85631298,111.6149399,0,1,"{timeout:21600,max_col_multiplier:1,age_limit:132,random_seed:0,replication:1,num_threads:128}",-4
d401600.json.gz,d,40,1600,Dantzig,highs,DantzigFarkas,1,333,97105,inf,nan,110361.2205,86732.69439,1584,9713,21646.19242,3.331313,21650.46587,1490477,68.85631298,111.6149399,0,1,"{timeout:21600,max_col_multiplier:1,age_limit:132,random_seed:0,replication:1,num_threads:128}",1
d401600.json.gz,d,40,1600,Dantzig,highs,DantzigFarkas,2,3,97105,inf,,539206.5,,74,80,0.235493,0.002308,0.792618,7665,32548.73818,95.8125,0,0,"{timeout:21600,max_col_multiplier:1,age_limit:132,random_seed:1,replication:2,num_threads:128}",-1
d401600.json.gz,d,40,1600,Dantzig,highs,DantzigFarkas,2,339,97105,inf,nan,110497.3332,89467.71226,1585,9886,21677.50231,3.189692,21681.64562,1534498,70.78758326,112.8809366,0,1,"{timeout:21600,max_col_multiplier:1,age_limit:132,random_seed:1,replication:2,num_threads:128}",-4
d401600.json.gz,d,40,1600,Dantzig,highs,DantzigFarkas,2,339,97105,inf,nan,110497.3332,89467.71226,1585,9886,21677.50231,3.189692,21681.64562,1534498,70.78758326,112.8809366,0,1,"{timeout:21600,max_col_multiplier:1,age_limit:132,random_seed:1,replication:2,num_threads:128}",1
d401600.json.gz,d,40,1600,Dantzig,highs,DantzigFarkas,3,3,97105,inf,,591912.375,,69,80,0.184453,0.002405,0.744281,7217,39126.49835,90.2125,0,0,"{timeout:21600,max_col_multiplier:1,age_limit:132,random_seed:2,replication:3,num_threads:128}",-1
d401600.json.gz,d,40,1600,Dantzig,highs,DantzigFarkas,3,376,97105,inf,nan,110251.6357,77084.03576,1590,10025,21680.14563,3.393441,21684.53303,1653992,76.29063146,109.7329455,0,1,"{timeout:21600,max_col_multiplier:1,age_limit:132,random_seed:2,replication:3,num_threads:128}",-4
d401600.json.gz,d,40,1600,Dantzig,highs,DantzigFarkas,3,376,97105,inf,nan,110251.6357,77084.03576,1590,10025,21680.14563,3.393441,21684.53303,1653992,76.29063146,109.7329455,0,1,"{timeout:21600,max_col_multiplier:1,age_limit:132,random_seed:2,replication:3,num_threads:128}",1
d401600.json.gz,d,40,1600,Dantzig,highs,DantzigFarkas,4,3,97105,inf,,581675,,70,80,0.210802,0.002168,0.773121,7359,34909.53596,91.9875,0,0,"{timeout:21600,max_col_multiplier:1,age_limit:132,random_seed:3,replication:4,num_threads:128}",-1
d401600.json.gz,d,40,1600,Dantzig,highs,DantzigFarkas,4,361,97105,inf,nan,110455.3324,86767.56866,1582,10008,21690.14138,3.271462,21694.39364,1624461,74.89397933,112.2424861,0,1,"{timeout:21600,max_col_multiplier:1,age_limit:132,random_seed:3,replication:4,num_threads:128}",-4
d401600.json.gz,d,40,1600,Dantzig,highs,DantzigFarkas,4,361,97105,inf,nan,110455.3324,86767.56866,1582,10008,21690.14138,3.271462,21694.39364,1624461,74.89397933,112.2424861,0,1,"{timeout:21600,max_col_multiplier:1,age_limit:132,random_seed:3,replication:4,num_threads:128}",1
d401600.json.gz,d,40,1600,Dantzig,highs,DantzigFarkas,5,3,97105,inf,,575665.75,,68,80,0.212976,0.002505,0.769898,7548,35440.61303,94.35,0,0,"{timeout:21600,max_col_multiplier:1,age_limit:132,random_seed:4,replication:5,num_threads:128}",-1
d401600.json.gz,d,40,1600,Dantzig,highs,DantzigFarkas,5,395,97105,inf,nan,110085.9242,79917.98845,1603,10153,21597.13144,3.464874,21601.59798,1714095,79.3667902,108.2481646,0,1,"{timeout:21600,max_col_multiplier:1,age_limit:132,random_seed:4,replication:5,num_threads:128}",-4
d401600.json.gz,d,40,1600,Dantzig,highs,DantzigFarkas,5,395,97105,inf,nan,110085.9242,79917.98845,1603,10153,21597.13144,3.464874,21601.59798,1714095,79.3667902,108.2481646,0,1,"{timeout:21600,max_col_multiplier:1,age_limit:132,random_seed:4,replication:5,num_threads:128}",1
d401600.json.gz,d,40,1600,Wentges,highs,DantzigFarkas,1,3,97105,inf,,551130.5,,71,80,0.238097,0.002328,0.79607,7532,31634.16591,94.15,0,0,"{timeout:21600,max_col_multiplier:1,age_limit:13,random_seed:0,replication:1,num_threads:128}",-1
d401600.json.gz,d,40,1600,Wentges,highs,DantzigFarkas,1,377,97105,inf,nan,97105,436.0000011,1107,2828,16093.72029,8.558973,16103.12253,1653882,102.7656732,112.7489673,0,0,"{timeout:21600,max_col_multiplier:1,age_limit:13,random_seed:0,replication:1,num_threads:128}",2
d401600.json.gz,d,40,1600,Wentges,highs,DantzigFarkas,1,377,97105,inf,nan,97105,436.0000011,1107,2828,16093.72029,8.558973,16103.12253,1653882,102.7656732,112.7489673,0,0,"{timeout:21600,max_col_multiplier:1,age_limit:13,random_seed:0,replication:1,num_threads:128}",1
d401600.json.gz,d,40,1600,Wentges,highs,DantzigFarkas,2,3,97105,inf,,539206.5,,74,80,0.236042,0.001652,0.802803,7665,32473.03446,95.8125,0,0,"{timeout:21600,max_col_multiplier:1,age_limit:13,random_seed:1,replication:2,num_threads:128}",-1
d401600.json.gz,d,40,1600,Wentges,highs,DantzigFarkas,2,316,97105,inf,nan,97105,276.5000102,1105,2815,17609.33162,7.499718,17617.64769,1463639,83.11723758,119.0162162,0,0,"{timeout:21600,max_col_multiplier:1,age_limit:13,random_seed:1,replication:2,num_threads:128}",2
d401600.json.gz,d,40,1600,Wentges,highs,DantzigFarkas,2,316,97105,inf,nan,97105,276.5000102,1105,2815,17609.33162,7.499718,17617.64769,1463639,83.11723758,119.0162162,0,0,"{timeout:21600,max_col_multiplier:1,age_limit:13,random_seed:1,replication:2,num_threads:128}",1
d401600.json.gz,d,40,1600,Wentges,highs,DantzigFarkas,3,3,97105,inf,,572767,,69,80,0.202387,0.002539,0.760094,7193,35540.82031,89.9125,0,0,"{timeout:21600,max_col_multiplier:1,age_limit:13,random_seed:202,replication:3,num_threads:128}",-1
d401600.json.gz,d,40,1600,Wentges,highs,DantzigFarkas,3,345,97105,inf,nan,97105,388.4285724,1107,2711,17795.99641,8.110418,17804.92941,1608371,90.37824931,120.177439,0,0,"{timeout:21600,max_col_multiplier:1,age_limit:13,random_seed:202,replication:3,num_threads:128}",2
d401600.json.gz,d,40,1600,Wentges,highs,DantzigFarkas,3,345,97105,inf,nan,97105,388.4285724,1107,2711,17795.99641,8.110418,17804.92942,1608371,90.37824931,120.177439,0,0,"{timeout:21600,max_col_multiplier:1,age_limit:13,random_seed:202,replication:3,num_threads:128}",1
d401600.json.gz,d,40,1600,Wentges,highs,DantzigFarkas,4,3,97105,inf,,581675,,70,80,0.211314,0.001921,0.775311,7359,34824.95244,91.9875,0,0,"{timeout:21600,max_col_multiplier:1,age_limit:13,random_seed:3,replication:4,num_threads:128}",-1
d401600.json.gz,d,40,1600,Wentges,highs,DantzigFarkas,4,290,97105,inf,nan,97105,3968.462312,1114,3047,17661.58867,6.746062,17669.13823,1372415,77.7062033,118.0034874,0,0,"{timeout:21600,max_col_multiplier:1,age_limit:13,random_seed:3,replication:4,num_threads:128}",2
d401600.json.gz,d,40,1600,Wentges,highs,DantzigFarkas,4,290,97105,inf,nan,97105,3968.462312,1114,3047,17661.58867,6.746062,17669.13824,1372415,77.7062033,118.0034874,0,0,"{timeout:21600,max_col_multiplier:1,age_limit:13,random_seed:3,replication:4,num_threads:128}",1
d401600.json.gz,d,40,1600,Wentges,highs,DantzigFarkas,5,3,97105,inf,,575665.75,,68,80,0.212327,0.001975,0.771664,7548,35548.94102,94.35,0,0,"{timeout:21600,max_col_multiplier:1,age_limit:13,random_seed:4,replication:5,num_threads:128}",-1
d401600.json.gz,d,40,1600,Wentges,highs,DantzigFarkas,5,388,97105,inf,nan,97105,295.0277796,1111,2720,18763.71458,8.805471,18773.38262,1777382,94.72442104,118.0829145,0,0,"{timeout:21600,max_col_multiplier:1,age_limit:13,random_seed:4,replication:5,num_threads:128}",2
d401600.json.gz,d,40,1600,Wentges,highs,DantzigFarkas,5,388,97105,inf,nan,97105,295.0277796,1111,2720,18763.71458,8.805471,18773.38262,1777382,94.72442104,118.0829145,0,0,"{timeout:21600,max_col_multiplier:1,age_limit:13,random_seed:4,replication:5,num_threads:128}",1
d40400.json.gz,d,40,400,Dantzig,highs,DantzigFarkas,1,3,24347.60829,inf,,108948.2857,,73,80,0.014789,0.000927,0.115298,2118,143214.5514,26.475,0,0,"{timeout:21600,max_col_multiplier:1,age_limit:10,random_seed:0,replication:1,num_threads:128}",-1
d40400.json.gz,d,40,400,Dantzig,highs,DantzigFarkas,1,318,24349.5,inf,nan,24349.5,0,263,1036,41.482653,0.347813,41.987945,202326,4877.364039,15.87063888,0,0,"{timeout:21600,max_col_multiplier:1,age_limit:10,random_seed:0,replication:1,num_threads:128}",2
d40400.json.gz,d,40,400,Dantzig,highs,DantzigFarkas,1,318,24349.5,inf,nan,24349.5,0,263,1036,41.482653,0.347813,41.987946,202326,4877.364039,15.87063888,0,0,"{timeout:21600,max_col_multiplier:1,age_limit:10,random_seed:0,replication:1,num_threads:128}",1
d40400.json.gz,d,40,400,Dantzig,highs,DantzigFarkas,2,3,24347.60829,inf,,104789.1875,,76,80,0.01252,0.000913,0.112017,2051,163817.8914,25.6375,0,0,"{timeout:21600,max_col_multiplier:1,age_limit:10,random_seed:1,replication:2,num_threads:128}",-1
d40400.json.gz,d,40,400,Dantzig,highs,DantzigFarkas,2,308,24349.5,inf,nan,24349.5,0,261,1104,39.04172,0.346255,39.542997,194952,4993.427544,15.79018876,0,0,"{timeout:21600,max_col_multiplier:1,age_limit:10,random_seed:1,replication:2,num_threads:128}",2
d40400.json.gz,d,40,400,Dantzig,highs,DantzigFarkas,2,308,24349.5,inf,nan,24349.5,0,261,1104,39.04172,0.346255,39.542998,194952,4993.427544,15.79018876,0,0,"{timeout:21600,max_col_multiplier:1,age_limit:10,random_seed:1,replication:2,num_threads:128}",1
d40400.json.gz,d,40,400,Dantzig,highs,DantzigFarkas,3,3,24347.60829,inf,,107688.125,,73,80,0.016842,0.000876,0.11608,2143,127241.4203,26.7875,0,0,"{timeout:21600,max_col_multiplier:1,age_limit:10,random_seed:2,replication:3,num_threads:128}",-1
d40400.json.gz,d,40,400,Dantzig,highs,DantzigFarkas,3,306,24349.5,inf,nan,24349.5,0,265,1111,38.730753,0.332991,39.217262,194427,5019.964368,15.82444465,0,0,"{timeout:21600,max_col_multiplier:1,age_limit:10,random_seed:2,replication:3,num_threads:128}",2
d40400.json.gz,d,40,400,Dantzig,highs,DantzigFarkas,3,306,24349.5,inf,nan,24349.5,0,265,1111,38.730753,0.332991,39.217263,194427,5019.964368,15.82444465,0,0,"{timeout:21600,max_col_multiplier:1,age_limit:10,random_seed:2,replication:3,num_threads:128}",1
d40400.json.gz,d,40,400,Dantzig,highs,DantzigFarkas,4,3,24347.60829,inf,,108108,,73,80,0.014219,0.001303,0.114342,2114,148674.309,26.425,0,0,"{timeout:21600,max_col_multiplier:1,age_limit:10,random_seed:3,replication:4,num_threads:128}",-1
d40400.json.gz,d,40,400,Dantzig,highs,DantzigFarkas,4,317,24349.5,inf,nan,24349.5,0,264,1072,40.873701,0.345374,41.377697,197786,4838.955004,15.56761137,0,0,"{timeout:21600,max_col_multiplier:1,age_limit:10,random_seed:3,replication:4,num_threads:128}",2
d40400.json.gz,d,40,400,Dantzig,highs,DantzigFarkas,4,317,24349.5,inf,nan,24349.5,0,264,1072,40.873701,0.345374,41.377698,197786,4838.955004,15.56761137,0,0,"{timeout:21600,max_col_multiplier:1,age_limit:10,random_seed:3,replication:4,num_threads:128}",1
d40400.json.gz,d,40,400,Dantzig,highs,DantzigFarkas,5,3,24347.60829,inf,,106590.1111,,75,80,0.015998,0.001145,0.116044,2127,132954.1193,26.5875,0,0,"{timeout:21600,max_col_multiplier:1,age_limit:10,random_seed:4,replication:5,num_threads:128}",-1
d40400.json.gz,d,40,400,Dantzig,highs,DantzigFarkas,5,304,24349.5,inf,nan,24349.5,0,264,1078,37.816978,0.324658,38.296352,194050,5131.293146,15.91349547,0,0,"{timeout:21600,max_col_multiplier:1,age_limit:10,random_seed:4,replication:5,num_threads:128}",2
d40400.json.gz,d,40,400,Dantzig,highs,DantzigFarkas,5,304,24349.5,inf,nan,24349.5,0,264,1078,37.816978,0.324658,38.296353,194050,5131.293146,15.91349547,0,0,"{timeout:21600,max_col_multiplier:1,age_limit:10,random_seed:4,replication:5,num_threads:128}",1
d40400.json.gz,d,40,400,Wentges,highs,DantzigFarkas,1,3,24347.60829,inf,,108948.2857,,73,80,0.014836,0.000937,0.115366,2118,142760.852,26.475,0,0,"{timeout:21600,max_col_multiplier:1,age_limit:4,random_seed:0,replication:1,num_threads:128}",-1
d40400.json.gz,d,40,400,Wentges,highs,DantzigFarkas,1,138,24349.25,inf,nan,24349.5,0.25,261,451,8.83084,0.308141,9.258065,69578,7878.97867,14.74141213,0,0,"{timeout:21600,max_col_multiplier:1,age_limit:4,random_seed:0,replication:1,num_threads:128}",2
d40400.json.gz,d,40,400,Wentges,highs,DantzigFarkas,1,138,24349.25,inf,nan,24349.5,0.25,261,451,8.83084,0.308141,9.258066,69578,7878.97867,14.74141213,0,0,"{timeout:21600,max_col_multiplier:1,age_limit:4,random_seed:0,replication:1,num_threads:128}",1
d40400.json.gz,d,40,400,Wentges,highs,DantzigFarkas,2,3,24347.60829,inf,,104789.1875,,76,80,0.012808,0.001555,0.113556,2051,160134.2911,25.6375,0,0,"{timeout:21600,max_col_multiplier:1,age_limit:4,random_seed:1,replication:2,num_threads:128}",-1
d40400.json.gz,d,40,400,Wentges,highs,DantzigFarkas,2,143,24349.5,inf,nan,24349.5,0,254,453,8.384438,0.372592,8.875064,63478,7570.930813,13.20019066,0,0,"{timeout:21600,max_col_multiplier:1,age_limit:4,random_seed:1,replication:2,num_threads:128}",2
d40400.json.gz,d,40,400,Wentges,highs,DantzigFarkas,2,143,24349.5,inf,nan,24349.5,0,254,453,8.384438,0.372592,8.875065,63478,7570.930813,13.20019066,0,0,"{timeout:21600,max_col_multiplier:1,age_limit:4,random_seed:1,replication:2,num_threads:128}",1
d40400.json.gz,d,40,400,Wentges,highs,DantzigFarkas,3,3,24347.60829,inf,,107688.125,,73,80,0.016988,0.001385,0.116306,2143,126147.8691,26.7875,0,0,"{timeout:21600,max_col_multiplier:1,age_limit:4,random_seed:2,replication:3,num_threads:128}",-1
d40400.json.gz,d,40,400,Wentges,highs,DantzigFarkas,3,147,24349.16667,inf,nan,24349.5,0.333333333,256,447,9.050372,0.388676,9.556378,63820,7051.643844,12.99361994,0,0,"{timeout:21600,max_col_multiplier:1,age_limit:4,random_seed:2,replication:3,num_threads:128}",2
d40400.json.gz,d,40,400,Wentges,highs,DantzigFarkas,3,147,24349.16667,inf,nan,24349.5,0.333333333,256,447,9.050372,0.388676,9.556378,63820,7051.643844,12.99361994,0,0,"{timeout:21600,max_col_multiplier:1,age_limit:4,random_seed:2,replication:3,num_threads:128}",1
d40400.json.gz,d,40,400,Wentges,highs,DantzigFarkas,4,3,24347.60829,inf,,108108,,73,80,0.014502,0.001168,0.113904,2114,145772.9968,26.425,0,0,"{timeout:21600,max_col_multiplier:1,age_limit:4,random_seed:3,replication:4,num_threads:128}",-1
d40400.json.gz,d,40,400,Wentges,highs,DantzigFarkas,4,143,24349.5,inf,nan,24349.5,0,258,446,8.897425,0.296918,9.312729,63990,7191.968463,13.01683964,0,0,"{timeout:21600,max_col_multiplier:1,age_limit:4,random_seed:3,replication:4,num_threads:128}",2
d40400.json.gz,d,40,400,Wentges,highs,DantzigFarkas,4,143,24349.5,inf,nan,24349.5,0,258,446,8.897425,0.296918,9.312729,63990,7191.968463,13.01683964,0,0,"{timeout:21600,max_col_multiplier:1,age_limit:4,random_seed:3,replication:4,num_threads:128}",1
d40400.json.gz,d,40,400,Wentges,highs,DantzigFarkas,5,3,24347.60829,inf,,106590.1111,,75,80,0.016115,0.000945,0.115606,2127,131988.8303,26.5875,0,0,"{timeout:21600,max_col_multiplier:1,age_limit:4,random_seed:4,replication:5,num_threads:128}",-1
d40400.json.gz,d,40,400,Wentges,highs,DantzigFarkas,5,133,24349.5,inf,nan,24349.5,0,257,447,8.343264,0.26905,8.729571,62873,7535.779762,14.19407408,0,0,"{timeout:21600,max_col_multiplier:1,age_limit:4,random_seed:4,replication:5,num_threads:128}",2
d40400.json.gz,d,40,400,Wentges,highs,DantzigFarkas,5,133,24349.5,inf,nan,24349.5,0,257,447,8.343264,0.26905,8.729572,62873,7535.779762,14.19407408,0,0,"{timeout:21600,max_col_multiplier:1,age_limit:4,random_seed:4,replication:5,num_threads:128}",1
d60900.json.gz,d,60,900,Dantzig,highs,DantzigFarkas,1,2,54551,86840,,86840,,60,120,0.091664,0.001504,0.534018,4885,53292.45942,40.70833333,1,0,"{timeout:21600,max_col_multiplier:1,age_limit:20,random_seed:0,replication:1,num_threads:128}",-1
d60900.json.gz,d,60,900,Dantzig,highs,DantzigFarkas,1,628,54551,86840,37.1821741,54551,0,807,2938,3290.597489,2.138726,3293.477176,1334989,405.6980547,35.36253981,1,0,"{timeout:21600,max_col_multiplier:1,age_limit:20,random_seed:0,replication:1,num_threads:128}",2
d60900.json.gz,d,60,900,Dantzig,highs,DantzigFarkas,1,628,54551,86840,37.1821741,54551,0,807,2938,3290.597489,2.138726,3293.477177,1334989,405.6980547,35.36253981,1,0,"{timeout:21600,max_col_multiplier:1,age_limit:20,random_seed:0,replication:1,num_threads:128}",1
d60900.json.gz,d,60,900,Dantzig,highs,DantzigFarkas,2,2,54551,86840,,86840,,60,120,0.066782,0.001415,0.509862,4545,68057.26094,37.875,1,0,"{timeout:21600,max_col_multiplier:1,age_limit:20,random_seed:1,replication:2,num_threads:128}",-1
d60900.json.gz,d,60,900,Dantzig,highs,DantzigFarkas,2,634,54551,86840,37.18217411,54551,0,809,2911,3303.677797,2.184422,3306.606471,1352367,409.3519656,35.41105415,1,0,"{timeout:21600,max_col_multiplier:1,age_limit:20,random_seed:1,replication:2,num_threads:128}",2
d60900.json.gz,d,60,900,Dantzig,highs,DantzigFarkas,2,634,54551,86840,37.18217411,54551,0,809,2911,3303.677797,2.184422,3306.606472,1352367,409.3519656,35.41105415,1,0,"{timeout:21600,max_col_multiplier:1,age_limit:20,random_seed:1,replication:2,num_threads:128}",1
d60900.json.gz,d,60,900,Dantzig,highs,DantzigFarkas,3,2,54551,86840,,86840,,60,120,0.076493,0.00159,0.516292,4603,60175.44089,38.35833333,1,0,"{timeout:21600,max_col_multiplier:1,age_limit:20,random_seed:2,replication:3,num_threads:128}",-1
d60900.json.gz,d,60,900,Dantzig,highs,DantzigFarkas,3,633,54551,86840,37.18217408,54551,0,808,2912,3238.447885,2.197614,3241.39335,1347876,416.2104958,35.35040811,1,0,"{timeout:21600,max_col_multiplier:1,age_limit:20,random_seed:2,replication:3,num_threads:128}",2
d60900.json.gz,d,60,900,Dantzig,highs,DantzigFarkas,3,633,54551,86840,37.18217408,54551,0,808,2912,3238.447885,2.197614,3241.393352,1347876,416.2104958,35.35040811,1,0,"{timeout:21600,max_col_multiplier:1,age_limit:20,random_seed:2,replication:3,num_threads:128}",1
d60900.json.gz,d,60,900,Dantzig,highs,DantzigFarkas,4,2,54551,86840,,86840,,60,120,0.094873,0.001632,0.535696,4917,51827.17949,40.975,1,0,"{timeout:21600,max_col_multiplier:1,age_limit:20,random_seed:3,replication:4,num_threads:128}",-1
d60900.json.gz,d,60,900,Dantzig,highs,DantzigFarkas,4,619,54551,86840,37.18217409,54551,0,807,2928,3335.124526,2.130453,3337.997419,1329450,398.620798,35.71234518,1,0,"{timeout:21600,max_col_multiplier:1,age_limit:20,random_seed:3,replication:4,num_threads:128}",2
d60900.json.gz,d,60,900,Dantzig,highs,DantzigFarkas,4,619,54551,86840,37.18217409,54551,0,807,2928,3335.124526,2.130453,3337.99742,1329450,398.620798,35.71234518,1,0,"{timeout:21600,max_col_multiplier:1,age_limit:20,random_seed:3,replication:4,num_threads:128}",1
d60900.json.gz,d,60,900,Dantzig,highs,DantzigFarkas,5,2,54551,86840,,86840,,60,120,0.089932,0.001507,0.5331,4902,54507.85038,40.85,1,0,"{timeout:21600,max_col_multiplier:1,age_limit:20,random_seed:4,replication:5,num_threads:128}",-1
d60900.json.gz,d,60,900,Dantzig,highs,DantzigFarkas,5,614,54551,86840,37.18217409,54551,0,809,2958,3081.30849,2.114779,3084.159315,1314851,426.7183907,35.60627036,1,0,"{timeout:21600,max_col_multiplier:1,age_limit:20,random_seed:4,replication:5,num_threads:128}",2
d60900.json.gz,d,60,900,Dantzig,highs,DantzigFarkas,5,614,54551,86840,37.18217409,54551,0,809,2958,3081.30849,2.114779,3084.159316,1314851,426.7183907,35.60627036,1,0,"{timeout:21600,max_col_multiplier:1,age_limit:20,random_seed:4,replication:5,num_threads:128}",1
d60900.json.gz,d,60,900,Wentges,highs,DantzigFarkas,1,2,54551,86840,,86840,,60,120,0.091516,0.001483,0.533516,4885,53378.64417,40.70833333,1,0,"{timeout:21600,max_col_multiplier:1,age_limit:6,random_seed:0,replication:1,num_threads:128}",-1
d60900.json.gz,d,60,900,Wentges,highs,DantzigFarkas,1,118,54551,86840,37.18217411,54551,7.500000009,807,1423,235.686841,1.106445,237.285482,227235,964.1395295,34.64093584,1,0,"{timeout:21600,max_col_multiplier:1,age_limit:6,random_seed:0,replication:1,num_threads:128}",2
d60900.json.gz,d,60,900,Wentges,highs,DantzigFarkas,1,118,54551,86840,37.18217411,54551,7.500000009,807,1423,235.686841,1.106445,237.285484,227235,964.1395295,34.64093584,1,0,"{timeout:21600,max_col_multiplier:1,age_limit:6,random_seed:0,replication:1,num_threads:128}",1
d60900.json.gz,d,60,900,Wentges,highs,DantzigFarkas,2,2,54551,86840,,86840,,60,120,0.066883,0.001249,0.51051,4545,67954.48769,37.875,1,0,"{timeout:21600,max_col_multiplier:1,age_limit:6,random_seed:1,replication:2,num_threads:128}",-1
d60900.json.gz,d,60,900,Wentges,highs,DantzigFarkas,2,135,54551,86840,37.18217411,54551,0,809,1613,253.730311,1.26565,255.495342,237250,935.0479218,32.02314743,1,0,"{timeout:21600,max_col_multiplier:1,age_limit:6,random_seed:1,replication:2,num_threads:128}",2
d60900.json.gz,d,60,900,Wentges,highs,DantzigFarkas,2,135,54551,86840,37.18217411,54551,0,809,1613,253.730311,1.26565,255.495343,237250,935.0479218,32.02314743,1,0,"{timeout:21600,max_col_multiplier:1,age_limit:6,random_seed:1,replication:2,num_threads:128}",1
d60900.json.gz,d,60,900,Wentges,highs,DantzigFarkas,3,2,54551,86840,,86840,,60,120,0.076132,0.001107,0.519414,4603,60460.77865,38.35833333,1,0,"{timeout:21600,max_col_multiplier:1,age_limit:6,random_seed:2,replication:3,num_threads:128}",-1
d60900.json.gz,d,60,900,Wentges,highs,DantzigFarkas,3,283,54551,86840,37.1821741,54551,137.0000003,807,1645,515.439346,2.352609,518.358113,494304,958.9954741,31.66602232,1,0,"{timeout:21600,max_col_multiplier:1,age_limit:6,random_seed:2,replication:3,num_threads:128}",2
d60900.json.gz,d,60,900,Wentges,highs,DantzigFarkas,3,283,54551,86840,37.1821741,54551,137.0000003,807,1645,515.439346,2.352609,518.358114,494304,958.9954741,31.66602232,1,0,"{timeout:21600,max_col_multiplier:1,age_limit:6,random_seed:2,replication:3,num_threads:128}",1
d60900.json.gz,d,60,900,Wentges,highs,DantzigFarkas,4,2,54551,86840,,86840,,60,120,0.094425,0.001141,0.534539,4917,52073.07387,40.975,1,0,"{timeout:21600,max_col_multiplier:1,age_limit:6,random_seed:3,replication:4,num_threads:128}",-1
d60900.json.gz,d,60,900,Wentges,highs,DantzigFarkas,4,126,54551,86840,37.18217411,54551,18.00000003,806,1392,251.09006,1.183816,252.767671,236859,943.3228858,33.93289311,1,0,"{timeout:21600,max_col_multiplier:1,age_limit:6,random_seed:3,replication:4,num_threads:128}",2
d60900.json.gz,d,60,900,Wentges,highs,DantzigFarkas,4,126,54551,86840,37.18217411,54551,18.00000003,806,1392,251.09006,1.183816,252.76768,236859,943.3228858,33.93289311,1,0,"{timeout:21600,max_col_multiplier:1,age_limit:6,random_seed:3,replication:4,num_threads:128}",1
d60900.json.gz,d,60,900,Wentges,highs,DantzigFarkas,5,2,54551,86840,,86840,,60,120,0.090022,0.000927,0.532207,4902,54453.35585,40.85,1,0,"{timeout:21600,max_col_multiplier:1,age_limit:6,random_seed:4,replication:5,num_threads:128}",-1
d60900.json.gz,d,60,900,Wentges,highs,DantzigFarkas,5,252,54551,86840,37.18217407,54551,1.000000006,808,1378,474.32554,2.232517,477.111882,425657,897.3942242,29.85816084,1,0,"{timeout:21600,max_col_multiplier:1,age_limit:6,random_seed:4,replication:5,num_threads:128}",2
d60900.json.gz,d,60,900,Wentges,highs,DantzigFarkas,5,252,54551,86840,37.18217407,54551,1.000000006,808,1378,474.32554,2.232517,477.111884,425657,897.3942242,29.85816084,1,0,"{timeout:21600,max_col_multiplier:1,age_limit:6,random_seed:4,replication:5,num_threads:128}",1
d801600.json.gz,d,80,1600,Dantzig,highs,DantzigFarkas,1,2,97034,155231,,155231,,80,160,0.353557,0.001855,1.578282,8605,24338.36694,53.78125,1,0,"{timeout:21600,max_col_multiplier:1,age_limit:34,random_seed:0,replication:1,num_threads:128}",-1
d801600.json.gz,d,80,1600,Dantzig,highs,DantzigFarkas,1,101,97034,155231,37.49057855,155231,173504.4957,80,6828,21697.58013,0.827314,21699.72199,500787,23.08031573,61.44610149,1,1,"{timeout:21600,max_col_multiplier:1,age_limit:34,random_seed:0,replication:1,num_threads:128}",-4
d801600.json.gz,d,80,1600,Dantzig,highs,DantzigFarkas,1,101,97034,155231,37.49057855,155231,173504.4957,80,6828,21697.58013,0.827314,21699.72199,500787,23.08031573,61.44610149,1,1,"{timeout:21600,max_col_multiplier:1,age_limit:34,random_seed:0,replication:1,num_threads:128}",1
d801600.json.gz,d,80,1600,Dantzig,highs,DantzigFarkas,2,2,97034,155231,,155231,,80,160,0.305188,0.001833,1.522452,8399,27520.74131,52.49375,1,0,"{timeout:21600,max_col_multiplier:1,age_limit:34,random_seed:1,replication:2,num_threads:128}",-1
d801600.json.gz,d,80,1600,Dantzig,highs,DantzigFarkas,2,98,97034,155231,37.49057855,155231,180604.1038,80,6789,22011.14623,0.818365,22013.27129,470646,21.38216679,59.49572704,1,1,"{timeout:21600,max_col_multiplier:1,age_limit:34,random_seed:1,replication:2,num_threads:128}",-4
d801600.json.gz,d,80,1600,Dantzig,highs,DantzigFarkas,2,98,97034,155231,37.49057855,155231,180604.1038,80,6789,22011.14623,0.818365,22013.27129,470646,21.38216679,59.49572704,1,1,"{timeout:21600,max_col_multiplier:1,age_limit:34,random_seed:1,replication:2,num_threads:128}",1
d801600.json.gz,d,80,1600,Dantzig,highs,DantzigFarkas,3,2,97034,155231,,155231,,80,160,0.324006,0.001864,1.5425,8418,25981.00035,52.6125,1,0,"{timeout:21600,max_col_multiplier:1,age_limit:34,random_seed:2,replication:3,num_threads:128}",-1
d801600.json.gz,d,80,1600,Dantzig,highs,DantzigFarkas,3,101,97034,155231,37.49057855,155231,195159.7386,80,6871,21789.44979,0.797671,21791.55618,503125,23.0903031,61.7470297,1,1,"{timeout:21600,max_col_multiplier:1,age_limit:34,random_seed:2,replication:3,num_threads:128}",-4
d801600.json.gz,d,80,1600,Dantzig,highs,DantzigFarkas,3,101,97034,155231,37.49057855,155231,195159.7386,80,6871,21789.44979,0.797671,21791.55618,503125,23.0903031,61.7470297,1,1,"{timeout:21600,max_col_multiplier:1,age_limit:34,random_seed:2,replication:3,num_threads:128}",1
d801600.json.gz,d,80,1600,Dantzig,highs,DantzigFarkas,4,2,97034,155231,,155231,,80,160,0.337131,0.00257,1.563148,8515,25257.24422,53.21875,1,0,"{timeout:21600,max_col_multiplier:1,age_limit:34,random_seed:3,replication:4,num_threads:128}",-1
d801600.json.gz,d,80,1600,Dantzig,highs,DantzigFarkas,4,101,97034,155231,37.49057855,155231,185794.9932,80,6808,21920.47946,0.811862,21922.60864,480187,21.9058621,58.90216584,1,1,"{timeout:21600,max_col_multiplier:1,age_limit:34,random_seed:3,replication:4,num_threads:128}",-4
d801600.json.gz,d,80,1600,Dantzig,highs,DantzigFarkas,4,101,97034,155231,37.49057855,155231,185794.9932,80,6808,21920.47946,0.811862,21922.60864,480187,21.9058621,58.90216584,1,1,"{timeout:21600,max_col_multiplier:1,age_limit:34,random_seed:3,replication:4,num_threads:128}",1
d801600.json.gz,d,80,1600,Dantzig,highs,DantzigFarkas,5,2,97034,155231,,155231,,80,160,0.32225,0.001833,1.539529,8312,25793.63848,51.95,1,0,"{timeout:21600,max_col_multiplier:1,age_limit:34,random_seed:4,replication:5,num_threads:128}",-1
d801600.json.gz,d,80,1600,Dantzig,highs,DantzigFarkas,5,101,97034,155231,37.49057854,155231,178272.6366,80,6825,21861.16643,0.796107,21863.26964,489588,22.39532834,60.07821782,1,1,"{timeout:21600,max_col_multiplier:1,age_limit:34,random_seed:4,replication:5,num_threads:128}",-4
d801600.json.gz,d,80,1600,Dantzig,highs,DantzigFarkas,5,101,97034,155231,37.49057854,155231,178272.6366,80,6825,21861.16643,0.796107,21863.26964,489588,22.39532834,60.07821782,1,1,"{timeout:21600,max_col_multiplier:1,age_limit:34,random_seed:4,replication:5,num_threads:128}",1
d801600.json.gz,d,80,1600,Wentges,highs,DantzigFarkas,1,2,97034,155231,,155231,,80,160,0.352411,0.002444,1.605572,8605,24417.51251,53.78125,1,0,"{timeout:21600,max_col_multiplier:1,age_limit:7,random_seed:0,replication:1,num_threads:128}",-1
d801600.json.gz,d,80,1600,Wentges,highs,DantzigFarkas,1,369,97034,155231,37.49057854,97034,0,1561,2443,11108.20288,6.263107,11116.00517,1494837,134.5705527,52.01280745,1,0,"{timeout:21600,max_col_multiplier:1,age_limit:7,random_seed:0,replication:1,num_threads:128}",2
d801600.json.gz,d,80,1600,Wentges,highs,DantzigFarkas,1,369,97034,155231,37.49057854,97034,0,1561,2443,11108.20288,6.263107,11116.00517,1494837,134.5705527,52.01280745,1,0,"{timeout:21600,max_col_multiplier:1,age_limit:7,random_seed:0,replication:1,num_threads:128}",1
d801600.json.gz,d,80,1600,Wentges,highs,DantzigFarkas,2,2,97034,155231,,155231,,80,160,0.309132,0.003066,1.556462,8399,27169.62333,52.49375,1,0,"{timeout:21600,max_col_multiplier:1,age_limit:7,random_seed:1,replication:2,num_threads:128}",-1
d801600.json.gz,d,80,1600,Wentges,highs,DantzigFarkas,2,170,97034,155231,37.49057856,97034,1.000000008,1561,2838,5823.911745,3.391258,5828.679912,714402,122.6670374,54.41906901,1,0,"{timeout:21600,max_col_multiplier:1,age_limit:7,random_seed:1,replication:2,num_threads:128}",2
d801600.json.gz,d,80,1600,Wentges,highs,DantzigFarkas,2,170,97034,155231,37.49057856,97034,1.000000008,1561,2838,5823.911745,3.391258,5828.679913,714402,122.6670374,54.41906901,1,0,"{timeout:21600,max_col_multiplier:1,age_limit:7,random_seed:1,replication:2,num_threads:128}",1
d801600.json.gz,d,80,1600,Wentges,highs,DantzigFarkas,3,2,97034,155231,,155231,,80,160,0.324136,0.002122,1.546773,8418,25970.58025,52.6125,1,0,"{timeout:21600,max_col_multiplier:1,age_limit:7,random_seed:2,replication:3,num_threads:128}",-1
d801600.json.gz,d,80,1600,Wentges,highs,DantzigFarkas,3,361,97034,155231,37.49057854,97034,1.000000041,1561,2272,13004.09665,6.039589,13011.64505,1434525,110.3133142,51.88772361,1,0,"{timeout:21600,max_col_multiplier:1,age_limit:7,random_seed:2,replication:3,num_threads:128}",2
d801600.json.gz,d,80,1600,Wentges,highs,DantzigFarkas,3,361,97034,155231,37.49057854,97034,1.000000041,1561,2272,13004.09665,6.039589,13011.64505,1434525,110.3133142,51.88772361,1,0,"{timeout:21600,max_col_multiplier:1,age_limit:7,random_seed:2,replication:3,num_threads:128}",1
d801600.json.gz,d,80,1600,Wentges,highs,DantzigFarkas,4,2,97034,155231,,155231,,80,160,0.336019,0.002476,1.577807,8515,25340.82894,53.21875,1,0,"{timeout:21600,max_col_multiplier:1,age_limit:7,random_seed:3,replication:4,num_threads:128}",-1
d801600.json.gz,d,80,1600,Wentges,highs,DantzigFarkas,4,2320,97034,155231,37.49057853,155231,409111.9309,80,2551,21567.13847,33.288684,21603.15294,5036622,233.5322328,88.9763022,1,1,"{timeout:21600,max_col_multiplier:1,age_limit:7,random_seed:3,replication:4,num_threads:128}",-4
d801600.json.gz,d,80,1600,Wentges,highs,DantzigFarkas,4,2320,97034,155231,37.49057853,155231,409111.9309,80,2551,21567.13847,33.288684,21603.15294,5036622,233.5322328,88.9763022,1,1,"{timeout:21600,max_col_multiplier:1,age_limit:7,random_seed:3,replication:4,num_threads:128}",1
d801600.json.gz,d,80,1600,Wentges,highs,DantzigFarkas,5,2,97034,155231,,155231,,80,160,0.322023,0.002864,1.541629,8312,25811.82089,51.95,1,0,"{timeout:21600,max_col_multiplier:1,age_limit:7,random_seed:4,replication:5,num_threads:128}",-1
d801600.json.gz,d,80,1600,Wentges,highs,DantzigFarkas,5,238,97034,155231,37.49057856,97034,9.000000285,1561,2799,7480.316089,4.517842,7486.241348,960313,128.3786659,50.76674681,1,0,"{timeout:21600,max_col_multiplier:1,age_limit:7,random_seed:4,replication:5,num_threads:128}",2
d801600.json.gz,d,80,1600,Wentges,highs,DantzigFarkas,5,238,97034,155231,37.49057856,97034,9.000000285,1561,2799,7480.316089,4.517842,7486.241349,960313,128.3786659,50.76674681,1,0,"{timeout:21600,max_col_multiplier:1,age_limit:7,random_seed:4,replication:5,num_threads:128}",1
e05100.json.gz,e,5,100,Wentges,highs,DantzigFarkas,1,3,12641.41913,27540,,27540,,5,14,0.001474,0.001297,0.006158,332,225237.4491,23.71428571,1,0,"{timeout:21600,max_col_multiplier:1,age_limit:7,random_seed:0,replication:1,num_threads:128}",-1
e05100.json.gz,e,5,100,Wentges,highs,DantzigFarkas,1,205,12673.04695,27540,53.97966594,12673.04695,0,34,117,0.313682,0.076072,0.400005,8370,26683.07394,8.708118467,1,0,"{timeout:21600,max_col_multiplier:1,age_limit:7,random_seed:0,replication:1,num_threads:128}",2
e05100.json.gz,e,5,100,Wentges,highs,DantzigFarkas,1,205,12673.04695,27540,53.97966594,12673.04695,0,34,117,0.313682,0.076072,0.400006,8370,26683.07394,8.708118467,1,0,"{timeout:21600,max_col_multiplier:1,age_limit:7,random_seed:0,replication:1,num_threads:128}",1
e05100.json.gz,e,5,100,Wentges,highs,DantzigFarkas,2,3,12641.41913,inf,,71331.5,,9,10,0.001339,0.001013,0.005526,326,243465.2726,32.6,0,0,"{timeout:21600,max_col_multiplier:1,age_limit:7,random_seed:1,replication:2,num_threads:128}",-1
e05100.json.gz,e,5,100,Wentges,highs,DantzigFarkas,2,191,12673.04695,inf,nan,12673.04695,0,34,123,0.267253,0.067945,0.344524,7035,26323.37149,8.359685864,0,0,"{timeout:21600,max_col_multiplier:1,age_limit:7,random_seed:1,replication:2,num_threads:128}",2
e05100.json.gz,e,5,100,Wentges,highs,DantzigFarkas,2,191,12673.04695,inf,nan,12673.04695,0,34,123,0.267253,0.067945,0.344525,7035,26323.37149,8.359685864,0,0,"{timeout:21600,max_col_multiplier:1,age_limit:7,random_seed:1,replication:2,num_threads:128}",1
e05100.json.gz,e,5,100,Wentges,highs,DantzigFarkas,3,3,12641.41913,28210,,28210,,5,14,0.002337,0.000966,0.007126,329,140778.7762,23.5,1,0,"{timeout:21600,max_col_multiplier:1,age_limit:7,random_seed:2,replication:3,num_threads:128}",-1
e05100.json.gz,e,5,100,Wentges,highs,DantzigFarkas,3,215,12673.04695,28210,55.07266927,12673.04695,0,34,121,0.310859,0.079456,0.401285,7904,25426.31868,8.286124031,1,0,"{timeout:21600,max_col_multiplier:1,age_limit:7,random_seed:2,replication:3,num_threads:128}",2
e05100.json.gz,e,5,100,Wentges,highs,DantzigFarkas,3,215,12673.04695,28210,55.07266927,12673.04695,0,34,121,0.310859,0.079456,0.401285,7904,25426.31868,8.286124031,1,0,"{timeout:21600,max_col_multiplier:1,age_limit:7,random_seed:2,replication:3,num_threads:128}",1
e05100.json.gz,e,5,100,Wentges,highs,DantzigFarkas,4,3,12641.41913,25135,,25135,,5,14,0.001162,0.001254,0.005841,331,284853.7005,23.64285714,1,0,"{timeout:21600,max_col_multiplier:1,age_limit:7,random_seed:3,replication:4,num_threads:128}",-1
e05100.json.gz,e,5,100,Wentges,highs,DantzigFarkas,4,233,12673.02817,25135,49.57628804,12673.04695,0.018779343,34,129,0.372193,0.082431,0.466033,9504,25535.13903,9.047537298,1,0,"{timeout:21600,max_col_multiplier:1,age_limit:7,random_seed:3,replication:4,num_threads:128}",2
e05100.json.gz,e,5,100,Wentges,highs,DantzigFarkas,4,233,12673.02817,25135,49.57628804,12673.04695,0.018779343,34,129,0.372193,0.082431,0.466034,9504,25535.13903,9.047537298,1,0,"{timeout:21600,max_col_multiplier:1,age_limit:7,random_seed:3,replication:4,num_threads:128}",1
e05100.json.gz,e,5,100,Wentges,highs,DantzigFarkas,5,4,12641.41913,inf,,80391,,8,15,0.001352,0.001479,0.005977,332,245562.1302,22.13333333,0,0,"{timeout:21600,max_col_multiplier:1,age_limit:7,random_seed:4,replication:5,num_threads:128}",-1
e05100.json.gz,e,5,100,Wentges,highs,DantzigFarkas,5,222,12673.04695,inf,nan,12673.04695,0,34,120,0.300627,0.082266,0.392916,7715,25663.03093,8.579504505,0,0,"{timeout:21600,max_col_multiplier:1,age_limit:7,random_seed:4,replication:5,num_threads:128}",2
e05100.json.gz,e,5,100,Wentges,highs,DantzigFarkas,5,222,12673.04695,inf,nan,12673.04695,0,34,120,0.300627,0.082266,0.392916,7715,25663.03093,8.579504505,0,0,"{timeout:21600,max_col_multiplier:1,age_limit:7,random_seed:4,replication:5,num_threads:128}",1
e05200.json.gz,e,5,200,Wentges,highs,DantzigFarkas,1,4,24922,inf,,156769.5,,8,15,0.002984,0.001161,0.010606,678,227211.7962,45.2,0,0,"{timeout:21600,max_col_multiplier:1,age_limit:13,random_seed:0,replication:1,num_threads:128}",-1
e05200.json.gz,e,5,200,Wentges,highs,DantzigFarkas,1,570,24926.03571,inf,nan,24926.64286,0.607142857,27,235,4.473215,0.44451,4.949397,41218,9214.401722,16.62716374,0,0,"{timeout:21600,max_col_multiplier:1,age_limit:13,random_seed:0,replication:1,num_threads:128}",2
e05200.json.gz,e,5,200,Wentges,highs,DantzigFarkas,1,570,24926.03571,inf,nan,24926.64286,0.607142857,27,235,4.473215,0.44451,4.949398,41218,9214.401722,16.62716374,0,0,"{timeout:21600,max_col_multiplier:1,age_limit:13,random_seed:0,replication:1,num_threads:128}",1
e05200.json.gz,e,5,200,Wentges,highs,DantzigFarkas,2,6,24922,inf,,112794,,10,25,0.003394,0.002093,0.012128,693,204183.8539,27.72,0,0,"{timeout:21600,max_col_multiplier:1,age_limit:13,random_seed:1,replication:2,num_threads:128}",-1
e05200.json.gz,e,5,200,Wentges,highs,DantzigFarkas,2,524,24926.07143,inf,nan,24926.64286,0.571428571,28,232,4.360099,0.359438,4.749174,41506,9519.508617,17.87478372,0,0,"{timeout:21600,max_col_multiplier:1,age_limit:13,random_seed:1,replication:2,num_threads:128}",2
e05200.json.gz,e,5,200,Wentges,highs,DantzigFarkas,2,524,24926.07143,inf,nan,24926.64286,0.571428571,28,232,4.360099,0.359438,4.749175,41506,9519.508617,17.87478372,0,0,"{timeout:21600,max_col_multiplier:1,age_limit:13,random_seed:1,replication:2,num_threads:128}",1
e05200.json.gz,e,5,200,Wentges,highs,DantzigFarkas,3,4,24922,inf,,136241,,9,15,0.003044,0.001499,0.011209,667,219119.5795,44.46666667,0,0,"{timeout:21600,max_col_multiplier:1,age_limit:13,random_seed:2,replication:3,num_threads:128}",-1
e05200.json.gz,e,5,200,Wentges,highs,DantzigFarkas,3,507,24926.35714,inf,nan,24926.64286,0.285714286,29,238,4.437606,0.355683,4.823579,41252,9296.003295,18.45013149,0,0,"{timeout:21600,max_col_multiplier:1,age_limit:13,random_seed:2,replication:3,num_threads:128}",2
e05200.json.gz,e,5,200,Wentges,highs,DantzigFarkas,3,507,24926.35714,inf,nan,24926.64286,0.285714286,29,238,4.437606,0.355683,4.823579,41252,9296.003295,18.45013149,0,0,"{timeout:21600,max_col_multiplier:1,age_limit:13,random_seed:2,replication:3,num_threads:128}",1
e05200.json.gz,e,5,200,Wentges,highs,DantzigFarkas,4,3,24922,48986,,48986,,5,14,0.002621,0.000997,0.01042,660,251812.2854,47.14285714,1,0,"{timeout:21600,max_col_multiplier:1,age_limit:13,random_seed:3,replication:4,num_threads:128}",-1
e05200.json.gz,e,5,200,Wentges,highs,DantzigFarkas,4,872,24926.02381,48986,49.11403258,24926.64286,0.619047619,28,242,12.63101,0.488199,13.169724,111024,8789.795907,26.76493829,1,0,"{timeout:21600,max_col_multiplier:1,age_limit:13,random_seed:3,replication:4,num_threads:128}",2
e05200.json.gz,e,5,200,Wentges,highs,DantzigFarkas,4,872,24926.02381,48986,49.11403258,24926.64286,0.619047619,28,242,12.63101,0.488199,13.169724,111024,8789.795907,26.76493829,1,0,"{timeout:21600,max_col_multiplier:1,age_limit:13,random_seed:3,replication:4,num_threads:128}",1
e05200.json.gz,e,5,200,Wentges,highs,DantzigFarkas,5,4,24922,inf,,155849.5,,8,15,0.003274,0.001347,0.011319,677,206780.6964,45.13333333,0,0,"{timeout:21600,max_col_multiplier:1,age_limit:13,random_seed:4,replication:5,num_threads:128}",-1
e05200.json.gz,e,5,200,Wentges,highs,DantzigFarkas,5,528,24926.28571,inf,nan,24926.64286,0.357142857,29,257,4.628199,0.329136,4.987882,46675,10084.9164,20.33301768,0,0,"{timeout:21600,max_col_multiplier:1,age_limit:13,random_seed:4,replication:5,num_threads:128}",2
e05200.json.gz,e,5,200,Wentges,highs,DantzigFarkas,5,528,24926.28571,inf,nan,24926.64286,0.357142857,29,257,4.628199,0.329136,4.987882,46675,10084.9164,20.33301768,0,0,"{timeout:21600,max_col_multiplier:1,age_limit:13,random_seed:4,replication:5,num_threads:128}",1
e10100.json.gz,e,10,100,Wentges,highs,DantzigFarkas,1,3,11543.05425,inf,,128908.5,,17,20,0.001336,0.001431,0.010244,532,398203.5928,26.6,0,0,"{timeout:21600,max_col_multiplier:1,age_limit:4,random_seed:0,replication:1,num_threads:128}",-1
e10100.json.gz,e,10,100,Wentges,highs,DantzigFarkas,1,122,11568.02252,inf,nan,11568.02252,0,58,115,0.181223,0.053112,0.247475,6378,35194.20824,6.116777257,0,0,"{timeout:21600,max_col_multiplier:1,age_limit:4,random_seed:0,replication:1,num_threads:128}",2
e10100.json.gz,e,10,100,Wentges,highs,DantzigFarkas,1,122,11568.02252,inf,nan,11568.02252,0,58,115,0.181223,0.053112,0.247476,6378,35194.20824,6.116777257,0,0,"{timeout:21600,max_col_multiplier:1,age_limit:4,random_seed:0,replication:1,num_threads:128}",1
e10100.json.gz,e,10,100,Wentges,highs,DantzigFarkas,2,3,11543.05425,inf,,106092.8,,19,20,0.001113,0.001074,0.009401,532,477987.4214,26.6,0,0,"{timeout:21600,max_col_multiplier:1,age_limit:4,random_seed:1,replication:2,num_threads:128}",-1
e10100.json.gz,e,10,100,Wentges,highs,DantzigFarkas,2,126,11568.02252,inf,nan,11568.02252,0,57,119,0.172934,0.05302,0.23894,6162,35632.09086,5.872685185,0,0,"{timeout:21600,max_col_multiplier:1,age_limit:4,random_seed:1,replication:2,num_threads:128}",2
e10100.json.gz,e,10,100,Wentges,highs,DantzigFarkas,2,126,11568.02252,inf,nan,11568.02252,0,57,119,0.172934,0.05302,0.238941,6162,35632.09086,5.872685185,0,0,"{timeout:21600,max_col_multiplier:1,age_limit:4,random_seed:1,replication:2,num_threads:128}",1
e10100.json.gz,e,10,100,Wentges,highs,DantzigFarkas,3,3,11543.05425,41279,,41279,,10,30,0.00206,0.0011,0.011064,544,264077.6699,18.13333333,1,0,"{timeout:21600,max_col_multiplier:1,age_limit:4,random_seed:2,replication:3,num_threads:128}",-1
e10100.json.gz,e,10,100,Wentges,highs,DantzigFarkas,3,143,11568.02252,41279,71.97364277,11568.02252,0,57,117,0.195273,0.06287,0.272075,6687,34244.36558,5.690917416,1,0,"{timeout:21600,max_col_multiplier:1,age_limit:4,random_seed:2,replication:3,num_threads:128}",2
e10100.json.gz,e,10,100,Wentges,highs,DantzigFarkas,3,143,11568.02252,41279,71.97364277,11568.02252,0,57,117,0.195273,0.06287,0.272076,6687,34244.36558,5.690917416,1,0,"{timeout:21600,max_col_multiplier:1,age_limit:4,random_seed:2,replication:3,num_threads:128}",1
e10100.json.gz,e,10,100,Wentges,highs,DantzigFarkas,4,3,11543.05425,35766,,35766,,10,30,0.001592,0.001272,0.010823,551,346105.5276,18.36666667,1,0,"{timeout:21600,max_col_multiplier:1,age_limit:4,random_seed:3,replication:4,num_threads:128}",-1
e10100.json.gz,e,10,100,Wentges,highs,DantzigFarkas,4,152,11568.02252,35766,67.65363753,11568.02252,0,57,114,0.206228,0.059752,0.280163,7116,34505.49877,5.486267753,1,0,"{timeout:21600,max_col_multiplier:1,age_limit:4,random_seed:3,replication:4,num_threads:128}",2
e10100.json.gz,e,10,100,Wentges,highs,DantzigFarkas,4,152,11568.02252,35766,67.65363753,11568.02252,0,57,114,0.206228,0.059752,0.280164,7116,34505.49877,5.486267753,1,0,"{timeout:21600,max_col_multiplier:1,age_limit:4,random_seed:3,replication:4,num_threads:128}",1
e10100.json.gz,e,10,100,Wentges,highs,DantzigFarkas,5,3,11543.05425,inf,,113574.4,,18,20,0.001095,0.001025,0.009363,527,481278.5388,26.35,0,0,"{timeout:21600,max_col_multiplier:1,age_limit:4,random_seed:4,replication:5,num_threads:128}",-1
e10100.json.gz,e,10,100,Wentges,highs,DantzigFarkas,5,129,11568.02252,inf,nan,11568.02252,0,58,116,0.175739,0.053994,0.242656,6089,34647.97228,5.818924572,0,0,"{timeout:21600,max_col_multiplier:1,age_limit:4,random_seed:4,replication:5,num_threads:128}",2
e10100.json.gz,e,10,100,Wentges,highs,DantzigFarkas,5,129,11568.02252,inf,nan,11568.02252,0,58,116,0.175739,0.053994,0.242657,6089,34647.97228,5.818924572,0,0,"{timeout:21600,max_col_multiplier:1,age_limit:4,random_seed:4,replication:5,num_threads:128}",1
e10200.json.gz,e,10,200,Wentges,highs,DantzigFarkas,1,3,23293.85615,74743,,74743,,10,30,0.002656,0.001333,0.02039,963,362575.3012,32.1,1,0,"{timeout:21600,max_col_multiplier:1,age_limit:7,random_seed:0,replication:1,num_threads:128}",-1
e10200.json.gz,e,10,200,Wentges,highs,DantzigFarkas,1,324,23302.03546,74743,68.82249843,23302.04965,0.014184397,61,221,2.637385,0.167311,2.837879,32990,12508.60227,11.5919006,1,0,"{timeout:21600,max_col_multiplier:1,age_limit:7,random_seed:0,replication:1,num_threads:128}",2
e10200.json.gz,e,10,200,Wentges,highs,DantzigFarkas,1,324,23302.03546,74743,68.82249843,23302.04965,0.014184397,61,221,2.637385,0.167311,2.83788,32990,12508.60227,11.5919006,1,0,"{timeout:21600,max_col_multiplier:1,age_limit:7,random_seed:0,replication:1,num_threads:128}",1
e10200.json.gz,e,10,200,Wentges,highs,DantzigFarkas,2,3,23293.85615,inf,,286169,,15,20,0.002366,0.00116,0.019391,970,409974.6407,48.5,0,0,"{timeout:21600,max_col_multiplier:1,age_limit:7,random_seed:1,replication:2,num_threads:128}",-1
e10200.json.gz,e,10,200,Wentges,highs,DantzigFarkas,2,392,23302.03123,inf,nan,23302.04956,0.018329939,60,221,2.242947,0.257723,2.534087,29073,12961.96477,9.342744776,0,0,"{timeout:21600,max_col_multiplier:1,age_limit:7,random_seed:1,replication:2,num_threads:128}",2
e10200.json.gz,e,10,200,Wentges,highs,DantzigFarkas,2,392,23302.03123,inf,nan,23302.04956,0.018329939,60,221,2.242947,0.257723,2.534088,29073,12961.96477,9.342744776,0,0,"{timeout:21600,max_col_multiplier:1,age_limit:7,random_seed:1,replication:2,num_threads:128}",1
e10200.json.gz,e,10,200,Wentges,highs,DantzigFarkas,3,3,23293.85615,73604,,73604,,10,30,0.002786,0.001122,0.020477,978,351040.9189,32.6,1,0,"{timeout:21600,max_col_multiplier:1,age_limit:7,random_seed:2,replication:3,num_threads:128}",-1
e10200.json.gz,e,10,200,Wentges,highs,DantzigFarkas,3,333,23302.0345,73604,68.34003587,23302.04959,0.015092712,61,230,2.552661,0.181601,2.767519,31860,12481.09326,11.23384456,1,0,"{timeout:21600,max_col_multiplier:1,age_limit:7,random_seed:2,replication:3,num_threads:128}",2
e10200.json.gz,e,10,200,Wentges,highs,DantzigFarkas,3,333,23302.0345,73604,68.34003587,23302.04959,0.015092712,61,230,2.552661,0.181601,2.76752,31860,12481.09326,11.23384456,1,0,"{timeout:21600,max_col_multiplier:1,age_limit:7,random_seed:2,replication:3,num_threads:128}",1
e10200.json.gz,e,10,200,Wentges,highs,DantzigFarkas,4,3,23293.85615,inf,,269610.5,,16,20,0.002856,0.001342,0.020098,984,344537.8151,49.2,0,0,"{timeout:21600,max_col_multiplier:1,age_limit:7,random_seed:3,replication:4,num_threads:128}",-1
e10200.json.gz,e,10,200,Wentges,highs,DantzigFarkas,4,386,23302.04571,inf,nan,23302.04959,0.003880983,61,220,2.123962,0.238748,2.397159,28602,13466.34262,8.925298133,0,0,"{timeout:21600,max_col_multiplier:1,age_limit:7,random_seed:3,replication:4,num_threads:128}",2
e10200.json.gz,e,10,200,Wentges,highs,DantzigFarkas,4,386,23302.04571,inf,nan,23302.04959,0.003880983,61,220,2.123962,0.238748,2.39716,28602,13466.34262,8.925298133,0,0,"{timeout:21600,max_col_multiplier:1,age_limit:7,random_seed:3,replication:4,num_threads:128}",1
e10200.json.gz,e,10,200,Wentges,highs,DantzigFarkas,5,3,23293.85615,inf,,216251,,19,20,0.002959,0.001246,0.028167,985,332882.7307,49.25,0,0,"{timeout:21600,max_col_multiplier:1,age_limit:7,random_seed:4,replication:5,num_threads:128}",-1
e10200.json.gz,e,10,200,Wentges,highs,DantzigFarkas,5,317,23302.03795,inf,nan,23302.04959,0.01164295,61,226,2.03932,0.177327,2.256479,27303,13388.28629,10.41069676,0,0,"{timeout:21600,max_col_multiplier:1,age_limit:7,random_seed:4,replication:5,num_threads:128}",2
e10200.json.gz,e,10,200,Wentges,highs,DantzigFarkas,5,317,23302.03795,inf,nan,23302.04959,0.01164295,61,226,2.03932,0.177327,2.25648,27303,13388.28629,10.41069676,0,0,"{timeout:21600,max_col_multiplier:1,age_limit:7,random_seed:4,replication:5,num_threads:128}",1
e10400.json.gz,e,10,400,Wentges,highs,DantzigFarkas,1,3,45739.20722,131899,,131899,,10,30,0.007034,0.001022,0.04463,1843,262013.0793,61.43333333,1,0,"{timeout:21600,max_col_multiplier:1,age_limit:13,random_seed:0,replication:1,num_threads:128}",-1
e10400.json.gz,e,10,400,Wentges,highs,DantzigFarkas,1,953,45744.04241,131899,65.31816011,45744.21135,0.168946648,53,471,44.409061,1.323783,45.830565,143032,3220.784155,18.89113618,1,0,"{timeout:21600,max_col_multiplier:1,age_limit:13,random_seed:0,replication:1,num_threads:128}",2
e10400.json.gz,e,10,400,Wentges,highs,DantzigFarkas,1,953,45744.04241,131899,65.31816011,45744.21135,0.168946648,53,471,44.409061,1.323783,45.830566,143032,3220.784155,18.89113618,1,0,"{timeout:21600,max_col_multiplier:1,age_limit:13,random_seed:0,replication:1,num_threads:128}",1
e10400.json.gz,e,10,400,Wentges,highs,DantzigFarkas,2,3,45739.20722,124963,,124963,,10,29,0.006232,0.001202,0.044521,1825,292843.389,62.93103448,1,0,"{timeout:21600,max_col_multiplier:1,age_limit:13,random_seed:1,replication:2,num_threads:128}",-1
e10400.json.gz,e,10,400,Wentges,highs,DantzigFarkas,2,1141,45744.03742,124963,63.39316438,45744.21279,0.175369887,55,441,51.733872,1.704409,53.544726,160561,3103.595262,16.74631805,1,0,"{timeout:21600,max_col_multiplier:1,age_limit:13,random_seed:1,replication:2,num_threads:128}",2
e10400.json.gz,e,10,400,Wentges,highs,DantzigFarkas,2,1141,45744.03742,124963,63.39316438,45744.21279,0.175369887,55,441,51.733872,1.704409,53.544727,160561,3103.595262,16.74631805,1,0,"{timeout:21600,max_col_multiplier:1,age_limit:13,random_seed:1,replication:2,num_threads:128}",1
e10400.json.gz,e,10,400,Wentges,highs,DantzigFarkas,3,3,45739.20722,inf,,630257,,13,20,0.010104,0.001097,0.047205,1871,185174.1884,93.55,0,0,"{timeout:21600,max_col_multiplier:1,age_limit:13,random_seed:2,replication:3,num_threads:128}",-1
e10400.json.gz,e,10,400,Wentges,highs,DantzigFarkas,3,1180,45744.02663,inf,nan,45744.21134,0.184707904,54,444,44.234617,1.865442,46.205048,148475,3356.534092,15.8864474,0,0,"{timeout:21600,max_col_multiplier:1,age_limit:13,random_seed:2,replication:3,num_threads:128}",2
e10400.json.gz,e,10,400,Wentges,highs,DantzigFarkas,3,1180,45744.02663,inf,nan,45744.21134,0.184707904,54,444,44.234617,1.865442,46.205049,148475,3356.534092,15.8864474,0,0,"{timeout:21600,max_col_multiplier:1,age_limit:13,random_seed:2,replication:3,num_threads:128}",1
e10400.json.gz,e,10,400,Wentges,highs,DantzigFarkas,4,3,45739.20722,inf,,623179.5,,13,20,0.010135,0.00102,0.047411,1915,188949.186,95.75,0,0,"{timeout:21600,max_col_multiplier:1,age_limit:13,random_seed:3,replication:4,num_threads:128}",-1
e10400.json.gz,e,10,400,Wentges,highs,DantzigFarkas,4,1288,45744.0198,inf,nan,45744.2173,0.197499344,56,449,44.038326,1.849372,45.999684,144112,3272.422299,14.52945165,0,0,"{timeout:21600,max_col_multiplier:1,age_limit:13,random_seed:3,replication:4,num_threads:128}",2
e10400.json.gz,e,10,400,Wentges,highs,DantzigFarkas,4,1288,45744.0198,inf,nan,45744.2173,0.197499344,56,449,44.038326,1.849372,45.999685,144112,3272.422299,14.52945165,0,0,"{timeout:21600,max_col_multiplier:1,age_limit:13,random_seed:3,replication:4,num_threads:128}",1
e10400.json.gz,e,10,400,Wentges,highs,DantzigFarkas,5,3,45739.20722,122782,,122782,,10,29,0.007579,0.001269,0.045537,1845,243435.8095,63.62068966,1,0,"{timeout:21600,max_col_multiplier:1,age_limit:13,random_seed:104,replication:5,num_threads:128}",-1
e10400.json.gz,e,10,400,Wentges,highs,DantzigFarkas,5,1588,45744.02439,122782,62.7429102,45744.21341,0.18902439,54,448,58.429313,2.689828,61.24578,169877,2907.393417,13.51703404,1,0,"{timeout:21600,max_col_multiplier:1,age_limit:13,random_seed:104,replication:5,num_threads:128}",2
e10400.json.gz,e,10,400,Wentges,highs,DantzigFarkas,5,1588,45744.02439,122782,62.7429102,45744.21341,0.18902439,54,448,58.429313,2.689828,61.24578,169877,2907.393417,13.51703404,1,0,"{timeout:21600,max_col_multiplier:1,age_limit:13,random_seed:104,replication:5,num_threads:128}",1
e15900.json.gz,e,15,900,Wentges,highs,DantzigFarkas,1,3,102416.6097,inf,,1876947.333,,20,30,0.046269,0.001066,0.215113,5003,108128.5526,166.7666667,0,0,"{timeout:21600,max_col_multiplier:1,age_limit:19,random_seed:0,replication:1,num_threads:128}",-1
e15900.json.gz,e,15,900,Wentges,highs,DantzigFarkas,1,2843,102419.0482,inf,nan,102419.8992,0.850962885,81,992,1872.07471,13.234868,1885.901129,959662,512.619499,33.55447923,0,0,"{timeout:21600,max_col_multiplier:1,age_limit:19,random_seed:0,replication:1,num_threads:128}",2
e15900.json.gz,e,15,900,Wentges,highs,DantzigFarkas,1,2843,102419.0482,inf,nan,102419.8992,0.850962885,81,992,1872.07471,13.234868,1885.90113,959662,512.619499,33.55447923,0,0,"{timeout:21600,max_col_multiplier:1,age_limit:19,random_seed:0,replication:1,num_threads:128}",1
e15900.json.gz,e,15,900,Wentges,highs,DantzigFarkas,2,3,102416.6097,341520,,341520,,15,45,0.050287,0.001006,0.22224,4984,99111.10227,110.7555556,1,0,"{timeout:21600,max_col_multiplier:1,age_limit:19,random_seed:1,replication:2,num_threads:128}",-1
e15900.json.gz,e,15,900,Wentges,highs,DantzigFarkas,2,3483,102419.1559,341520,70.01054111,102419.8992,0.743277312,80,945,2098.79053,18.314405,2117.772526,1050385,500.471574,29.44248505,1,0,"{timeout:21600,max_col_multiplier:1,age_limit:19,random_seed:1,replication:2,num_threads:128}",2
e15900.json.gz,e,15,900,Wentges,highs,DantzigFarkas,2,3483,102419.1559,341520,70.01054111,102419.8992,0.743277312,80,945,2098.79053,18.314405,2117.772527,1050385,500.471574,29.44248505,1,0,"{timeout:21600,max_col_multiplier:1,age_limit:19,random_seed:1,replication:2,num_threads:128}",1
e15900.json.gz,e,15,900,Wentges,highs,DantzigFarkas,3,3,102416.6097,inf,,1830585,,21,30,0.04523,0.00142,0.215939,4976,110015.4765,165.8666667,0,0,"{timeout:21600,max_col_multiplier:1,age_limit:19,random_seed:2,replication:3,num_threads:128}",-1
e15900.json.gz,e,15,900,Wentges,highs,DantzigFarkas,3,3303,102419.082,inf,nan,102419.8992,0.817171898,80,1052,1878.727564,14.61724,1893.981405,948257,504.733639,28.05902939,0,0,"{timeout:21600,max_col_multiplier:1,age_limit:19,random_seed:2,replication:3,num_threads:128}",2
e15900.json.gz,e,15,900,Wentges,highs,DantzigFarkas,3,3303,102419.082,inf,nan,102419.8992,0.817171898,80,1052,1878.727564,14.61724,1893.981406,948257,504.733639,28.05902939,0,0,"{timeout:21600,max_col_multiplier:1,age_limit:19,random_seed:2,replication:3,num_threads:128}",1
e15900.json.gz,e,15,900,Wentges,highs,DantzigFarkas,4,3,102416.6097,inf,,1829743.333,,21,30,0.036896,0.001238,0.205882,4888,132480.4857,162.9333333,0,0,"{timeout:21600,max_col_multiplier:1,age_limit:19,random_seed:3,replication:4,num_threads:128}",-1
e15900.json.gz,e,15,900,Wentges,highs,DantzigFarkas,4,3408,102419.0531,inf,nan,102419.9016,0.848535122,81,1118,2058.101572,14.7827,2073.525551,1073800,521.742957,30.44621364,0,0,"{timeout:21600,max_col_multiplier:1,age_limit:19,random_seed:3,replication:4,num_threads:128}",2
e15900.json.gz,e,15,900,Wentges,highs,DantzigFarkas,4,3408,102419.0531,inf,nan,102419.9016,0.848535122,81,1118,2058.101572,14.7827,2073.525552,1073800,521.742957,30.44621364,0,0,"{timeout:21600,max_col_multiplier:1,age_limit:19,random_seed:3,replication:4,num_threads:128}",1
e15900.json.gz,e,15,900,Wentges,highs,DantzigFarkas,5,3,102416.6097,inf,,1814701,,21,30,0.044171,0.000998,0.216288,4983,112811.5732,166.1,0,0,"{timeout:21600,max_col_multiplier:1,age_limit:19,random_seed:4,replication:5,num_threads:128}",-1
e15900.json.gz,e,15,900,Wentges,highs,DantzigFarkas,5,4165,102419.0297,inf,nan,102419.8995,0.869812058,81,971,2003.829283,19.242768,2023.827909,1015533,506.796167,25.06714209,0,0,"{timeout:21600,max_col_multiplier:1,age_limit:19,random_seed:4,replication:5,num_threads:128}",2
e15900.json.gz,e,15,900,Wentges,highs,DantzigFarkas,5,4165,102419.0297,inf,nan,102419.8995,0.869812058,81,971,2003.829283,19.242768,2023.82791,1015533,506.796167,25.06714209,0,0,"{timeout:21600,max_col_multiplier:1,age_limit:19,random_seed:4,replication:5,num_threads:128}",1
e20100.json.gz,e,20,100,Wentges,highs,DantzigFarkas,1,2,8359.58204,33797,,33797,,20,40,0.001574,0.000607,0.016184,699,444091.4867,17.475,1,0,"{timeout:21600,max_col_multiplier:1,age_limit:3,random_seed:0,replication:1,num_threads:128}",-1
e20100.json.gz,e,20,100,Wentges,highs,DantzigFarkas,1,88,8431.492973,33797,75.05104003,8431.510221,0.017248722,93,130,0.138112,0.039406,0.196773,6703,48533.07461,5.202858326,1,0,"{timeout:21600,max_col_multiplier:1,age_limit:3,random_seed:0,replication:1,num_threads:128}",2
e20100.json.gz,e,20,100,Wentges,highs,DantzigFarkas,1,88,8431.492973,33797,75.05104003,8431.510221,0.017248722,93,130,0.138112,0.039406,0.196773,6703,48533.07461,5.202858326,1,0,"{timeout:21600,max_col_multiplier:1,age_limit:3,random_seed:0,replication:1,num_threads:128}",1
e20100.json.gz,e,20,100,Wentges,highs,DantzigFarkas,2,2,8359.58204,33797,,33797,,20,40,0.001283,0.000783,0.016886,678,528448.9478,16.95,1,0,"{timeout:21600,max_col_multiplier:1,age_limit:3,random_seed:1,replication:2,num_threads:128}",-1
e20100.json.gz,e,20,100,Wentges,highs,DantzigFarkas,2,89,8431.447284,33797,75.05104003,8431.510788,0.063504208,93,135,0.137954,0.034557,0.192539,6393,46341.53413,4.83358248,1,0,"{timeout:21600,max_col_multiplier:1,age_limit:3,random_seed:1,replication:2,num_threads:128}",2
e20100.json.gz,e,20,100,Wentges,highs,DantzigFarkas,2,89,8431.447284,33797,75.05104003,8431.510788,0.063504208,93,135,0.137954,0.034557,0.19254,6393,46341.53413,4.83358248,1,0,"{timeout:21600,max_col_multiplier:1,age_limit:3,random_seed:1,replication:2,num_threads:128}",1
e20100.json.gz,e,20,100,Wentges,highs,DantzigFarkas,3,2,8359.58204,33797,,33797,,20,40,0.001313,0.00067,0.016106,681,518659.5583,17.025,1,0,"{timeout:21600,max_col_multiplier:1,age_limit:3,random_seed:2,replication:3,num_threads:128}",-1
e20100.json.gz,e,20,100,Wentges,highs,DantzigFarkas,3,88,8431.081062,33797,75.05104003,8431.548915,0.467853102,94,132,0.135051,0.039966,0.1944,6484,48011.49195,5.066079,1,0,"{timeout:21600,max_col_multiplier:1,age_limit:3,random_seed:2,replication:3,num_threads:128}",2
e20100.json.gz,e,20,100,Wentges,highs,DantzigFarkas,3,88,8431.081062,33797,75.05104003,8431.548915,0.467853102,94,132,0.135051,0.039966,0.194401,6484,48011.49195,5.066079,1,0,"{timeout:21600,max_col_multiplier:1,age_limit:3,random_seed:2,replication:3,num_threads:128}",1
e20100.json.gz,e,20,100,Wentges,highs,DantzigFarkas,4,2,8359.58204,33797,,33797,,20,40,0.002212,0.001032,0.01727,710,320976.4919,17.75,1,0,"{timeout:21600,max_col_multiplier:1,age_limit:3,random_seed:3,replication:4,num_threads:128}",-1
e20100.json.gz,e,20,100,Wentges,highs,DantzigFarkas,4,83,8431.50357,33797,75.05104003,8431.509995,0.006425512,93,135,0.135236,0.036855,0.191039,6274,46392.97229,4.811684683,1,0,"{timeout:21600,max_col_multiplier:1,age_limit:3,random_seed:3,replication:4,num_threads:128}",2
e20100.json.gz,e,20,100,Wentges,highs,DantzigFarkas,4,83,8431.50357,33797,75.05104003,8431.509995,0.006425512,93,135,0.135236,0.036855,0.19104,6274,46392.97229,4.811684683,1,0,"{timeout:21600,max_col_multiplier:1,age_limit:3,random_seed:3,replication:4,num_threads:128}",1
e20100.json.gz,e,20,100,Wentges,highs,DantzigFarkas,5,2,8359.58204,33797,,33797,,20,40,0.001416,0.000662,0.016327,686,484463.2768,17.15,1,0,"{timeout:21600,max_col_multiplier:1,age_limit:3,random_seed:4,replication:5,num_threads:128}",-1
e20100.json.gz,e,20,100,Wentges,highs,DantzigFarkas,5,96,8431.505051,33797,75.05104003,8431.510101,0.005050505,93,132,0.142557,0.042411,0.204454,6570,46086.82843,4.575631435,1,0,"{timeout:21600,max_col_multiplier:1,age_limit:3,random_seed:4,replication:5,num_threads:128}",2
e20100.json.gz,e,20,100,Wentges,highs,DantzigFarkas,5,96,8431.505051,33797,75.05104003,8431.510101,0.005050505,93,132,0.142557,0.042411,0.204454,6570,46086.82843,4.575631435,1,0,"{timeout:21600,max_col_multiplier:1,age_limit:3,random_seed:4,replication:5,num_threads:128}",1
e201600.json.gz,e,20,1600,Wentges,highs,DantzigFarkas,1,3,180640.2918,inf,,3734376.5,,30,40,0.173582,0.00141,0.688341,9834,56653.33963,245.85,0,0,"{timeout:21600,max_col_multiplier:1,age_limit:25,random_seed:0,replication:1,num_threads:128}",-1
e201600.json.gz,e,20,1600,Wentges,highs,DantzigFarkas,1,345,180640.2918,inf,nan,181508.519,56632.82469,1620,3339,21653.33524,2.04879,21656.12991,1373660,63.43872594,198.3685507,0,1,"{timeout:21600,max_col_multiplier:1,age_limit:25,random_seed:0,replication:1,num_threads:128}",-4
e201600.json.gz,e,20,1600,Wentges,highs,DantzigFarkas,1,345,180640.2918,inf,nan,181508.519,56632.82469,1620,3339,21653.33524,2.04879,21656.12991,1373660,63.43872594,198.3685507,0,1,"{timeout:21600,max_col_multiplier:1,age_limit:25,random_seed:0,replication:1,num_threads:128}",1
e201600.json.gz,e,20,1600,Wentges,highs,DantzigFarkas,2,3,180640.2918,inf,,3851810,,29,40,0.150108,0.001833,0.664431,9664,64380.31284,241.6,0,0,"{timeout:21600,max_col_multiplier:1,age_limit:25,random_seed:1,replication:2,num_threads:128}",-1
e201600.json.gz,e,20,1600,Wentges,highs,DantzigFarkas,2,351,180640.2918,inf,nan,181809.2521,66200.94184,1620,3348,21635.55285,2.081656,21638.39299,1411237,65.22768379,200.3425926,0,1,"{timeout:21600,max_col_multiplier:1,age_limit:25,random_seed:1,replication:2,num_threads:128}",-4
e201600.json.gz,e,20,1600,Wentges,highs,DantzigFarkas,2,351,180640.2918,inf,nan,181809.2521,66200.94184,1620,3348,21635.55285,2.081656,21638.39299,1411237,65.22768379,200.3425926,0,1,"{timeout:21600,max_col_multiplier:1,age_limit:25,random_seed:1,replication:2,num_threads:128}",1
e201600.json.gz,e,20,1600,Wentges,highs,DantzigFarkas,3,3,180640.2918,668808,,668808,,20,60,0.126056,0.001411,0.650576,9416,74696.96008,156.9333333,1,0,"{timeout:21600,max_col_multiplier:1,age_limit:25,random_seed:2,replication:3,num_threads:128}",-1
e201600.json.gz,e,20,1600,Wentges,highs,DantzigFarkas,3,361,180640.2918,668808,72.99060418,183674.191,102145.7089,1620,3628,21708.69944,1.88438,21711.32544,1415281,65.1941865,195.3188239,1,1,"{timeout:21600,max_col_multiplier:1,age_limit:25,random_seed:2,replication:3,num_threads:128}",-4
e201600.json.gz,e,20,1600,Wentges,highs,DantzigFarkas,3,361,180640.2918,668808,72.99060418,183674.191,102145.7089,1620,3628,21708.69944,1.88438,21711.32544,1415281,65.1941865,195.3188239,1,1,"{timeout:21600,max_col_multiplier:1,age_limit:25,random_seed:2,replication:3,num_threads:128}",1
e201600.json.gz,e,20,1600,Wentges,highs,DantzigFarkas,4,3,180640.2918,inf,,3965587,,28,40,0.212428,0.001502,0.724564,9973,46947.67168,249.325,0,0,"{timeout:21600,max_col_multiplier:1,age_limit:25,random_seed:3,replication:4,num_threads:128}",-1
e201600.json.gz,e,20,1600,Wentges,highs,DantzigFarkas,4,350,180640.2918,inf,nan,181803.6433,80247.2349,1620,3350,21597.9532,2.064317,21600.76521,1399448,64.79539923,199.2308985,0,1,"{timeout:21600,max_col_multiplier:1,age_limit:25,random_seed:3,replication:4,num_threads:128}",-4
e201600.json.gz,e,20,1600,Wentges,highs,DantzigFarkas,4,350,180640.2918,inf,nan,181803.6433,80247.2349,1620,3350,21597.9532,2.064317,21600.76521,1399448,64.79539923,199.2308985,0,1,"{timeout:21600,max_col_multiplier:1,age_limit:25,random_seed:3,replication:4,num_threads:128}",1
e201600.json.gz,e,20,1600,Wentges,highs,DantzigFarkas,5,3,180640.2918,inf,,3612759.5,,31,40,0.157271,0.001539,0.675672,9720,61804.14698,243,0,0,"{timeout:21600,max_col_multiplier:1,age_limit:25,random_seed:4,replication:5,num_threads:128}",-1
e201600.json.gz,e,20,1600,Wentges,highs,DantzigFarkas,5,350,180640.2918,inf,nan,182028.4417,59802.8478,1619,3467,21620.50463,2.019062,21623.28513,1408343,65.13922889,200.4975714,0,1,"{timeout:21600,max_col_multiplier:1,age_limit:25,random_seed:4,replication:5,num_threads:128}",-4
e201600.json.gz,e,20,1600,Wentges,highs,DantzigFarkas,5,350,180640.2918,inf,nan,182028.4417,59802.8478,1619,3467,21620.50463,2.019062,21623.28513,1408343,65.13922889,200.4975714,0,1,"{timeout:21600,max_col_multiplier:1,age_limit:25,random_seed:4,replication:5,num_threads:128}",1
e20200.json.gz,e,20,200,Wentges,highs,DantzigFarkas,1,2,22355.93385,82960,,82960,,20,40,0.003849,0.00076,0.041482,1466,380878.1502,36.65,1,0,"{timeout:21600,max_col_multiplier:1,age_limit:4,random_seed:0,replication:1,num_threads:128}",-1
e20200.json.gz,e,20,200,Wentges,highs,DantzigFarkas,1,189,22376.11111,82960,73.02675988,22376.76889,0.657777778,92,233,1.113345,0.093161,1.255531,23226,20861.45804,7.587317931,1,0,"{timeout:21600,max_col_multiplier:1,age_limit:4,random_seed:0,replication:1,num_threads:128}",2
e20200.json.gz,e,20,200,Wentges,highs,DantzigFarkas,1,189,22376.11111,82960,73.02675988,22376.76889,0.657777778,92,233,1.113345,0.093161,1.255531,23226,20861.45804,7.587317931,1,0,"{timeout:21600,max_col_multiplier:1,age_limit:4,random_seed:0,replication:1,num_threads:128}",1
e20200.json.gz,e,20,200,Wentges,highs,DantzigFarkas,2,2,22355.93385,82960,,82960,,20,40,0.003703,0.000574,0.041242,1478,399135.8358,36.95,1,0,"{timeout:21600,max_col_multiplier:1,age_limit:4,random_seed:1,replication:2,num_threads:128}",-1
e20200.json.gz,e,20,200,Wentges,highs,DantzigFarkas,2,204,22376.02052,82960,73.02675988,22376.76566,0.745140389,92,231,1.121568,0.096261,1.266843,23217,20700.48361,7.430398658,1,0,"{timeout:21600,max_col_multiplier:1,age_limit:4,random_seed:1,replication:2,num_threads:128}",2
e20200.json.gz,e,20,200,Wentges,highs,DantzigFarkas,2,204,22376.02052,82960,73.02675988,22376.76566,0.745140389,92,231,1.121568,0.096261,1.266844,23217,20700.48361,7.430398658,1,0,"{timeout:21600,max_col_multiplier:1,age_limit:4,random_seed:1,replication:2,num_threads:128}",1
e20200.json.gz,e,20,200,Wentges,highs,DantzigFarkas,3,2,22355.93385,82960,,82960,,20,40,0.003468,0.000506,0.040862,1482,427335.6401,37.05,1,0,"{timeout:21600,max_col_multiplier:1,age_limit:4,random_seed:2,replication:3,num_threads:128}",-1
e20200.json.gz,e,20,200,Wentges,highs,DantzigFarkas,3,194,22376.30108,82960,73.02675988,22376.76344,0.462365591,88,238,1.088323,0.10213,1.238679,22445,20623.47299,7.097545047,1,0,"{timeout:21600,max_col_multiplier:1,age_limit:4,random_seed:2,replication:3,num_threads:128}",2
e20200.json.gz,e,20,200,Wentges,highs,DantzigFarkas,3,194,22376.30108,82960,73.02675988,22376.76344,0.462365591,88,238,1.088323,0.10213,1.238679,22445,20623.47299,7.097545047,1,0,"{timeout:21600,max_col_multiplier:1,age_limit:4,random_seed:2,replication:3,num_threads:128}",1
e20200.json.gz,e,20,200,Wentges,highs,DantzigFarkas,4,2,22355.93385,82960,,82960,,20,40,0.004815,0.000663,0.042062,1507,312980.27,37.675,1,0,"{timeout:21600,max_col_multiplier:1,age_limit:4,random_seed:3,replication:4,num_threads:128}",-1
e20200.json.gz,e,20,200,Wentges,highs,DantzigFarkas,4,203,22376.01372,82960,73.02675988,22376.77401,0.760290557,93,256,1.147282,0.097845,1.294086,23148,20176.38209,6.9416451,1,0,"{timeout:21600,max_col_multiplier:1,age_limit:4,random_seed:3,replication:4,num_threads:128}",2
e20200.json.gz,e,20,200,Wentges,highs,DantzigFarkas,4,203,22376.01372,82960,73.02675988,22376.77401,0.760290557,93,256,1.147282,0.097845,1.294087,23148,20176.38209,6.9416451,1,0,"{timeout:21600,max_col_multiplier:1,age_limit:4,random_seed:3,replication:4,num_threads:128}",1
e20200.json.gz,e,20,200,Wentges,highs,DantzigFarkas,5,2,22355.93385,82960,,82960,,20,40,0.00392,0.000663,0.041309,1493,380867.3469,37.325,1,0,"{timeout:21600,max_col_multiplier:1,age_limit:4,random_seed:4,replication:5,num_threads:128}",-1
e20200.json.gz,e,20,200,Wentges,highs,DantzigFarkas,5,190,22376.26514,82960,73.02675988,22376.76365,0.498510427,90,226,1.064404,0.107548,1.219916,21835,20513.82746,7.298007894,1,0,"{timeout:21600,max_col_multiplier:1,age_limit:4,random_seed:4,replication:5,num_threads:128}",2
e20200.json.gz,e,20,200,Wentges,highs,DantzigFarkas,5,190,22376.26514,82960,73.02675988,22376.76365,0.498510427,90,226,1.064404,0.107548,1.219917,21835,20513.82746,7.298007894,1,0,"{timeout:21600,max_col_multiplier:1,age_limit:4,random_seed:4,replication:5,num_threads:128}",1
e20400.json.gz,e,20,400,Wentges,highs,DantzigFarkas,1,3,44861.76164,inf,,699213.5,,38,40,0.009086,0.000824,0.093082,2608,287034.9989,65.2,0,0,"{timeout:21600,max_col_multiplier:1,age_limit:7,random_seed:0,replication:1,num_threads:128}",-1
e20400.json.gz,e,20,400,Wentges,highs,DantzigFarkas,1,732,44875.0619,inf,nan,44875.47857,0.416666667,92,445,19.232703,0.710284,20.073386,104885,5453.471621,10.10657104,0,0,"{timeout:21600,max_col_multiplier:1,age_limit:7,random_seed:0,replication:1,num_threads:128}",2
e20400.json.gz,e,20,400,Wentges,highs,DantzigFarkas,1,732,44875.0619,inf,nan,44875.47857,0.416666667,92,445,19.232703,0.710284,20.073386,104885,5453.471621,10.10657104,0,0,"{timeout:21600,max_col_multiplier:1,age_limit:7,random_seed:0,replication:1,num_threads:128}",1
e20400.json.gz,e,20,400,Wentges,highs,DantzigFarkas,2,3,44861.76164,inf,,691869.5,,38,40,0.012713,0.000846,0.09538,2691,211673.0905,67.275,0,0,"{timeout:21600,max_col_multiplier:1,age_limit:7,random_seed:1,replication:2,num_threads:128}",-1
e20400.json.gz,e,20,400,Wentges,highs,DantzigFarkas,2,593,44875.05144,inf,nan,44875.48206,0.43062201,93,433,19.407769,0.565306,20.098232,107049,5515.78082,10.97969954,0,0,"{timeout:21600,max_col_multiplier:1,age_limit:7,random_seed:1,replication:2,num_threads:128}",2
e20400.json.gz,e,20,400,Wentges,highs,DantzigFarkas,2,593,44875.05144,inf,nan,44875.48206,0.43062201,93,433,19.407769,0.565306,20.098233,107049,5515.78082,10.97969954,0,0,"{timeout:21600,max_col_multiplier:1,age_limit:7,random_seed:1,replication:2,num_threads:128}",1
e20400.json.gz,e,20,400,Wentges,highs,DantzigFarkas,3,3,44861.76164,inf,,756798.5,,32,40,0.010143,0.000814,0.093681,2615,257813.2702,65.375,0,0,"{timeout:21600,max_col_multiplier:1,age_limit:7,random_seed:2,replication:3,num_threads:128}",-1
e20400.json.gz,e,20,400,Wentges,highs,DantzigFarkas,3,782,44875.10691,inf,nan,44875.48556,0.378652668,94,440,20.975289,0.766215,21.876845,110801,5282.454034,9.624599174,0,0,"{timeout:21600,max_col_multiplier:1,age_limit:7,random_seed:2,replication:3,num_threads:128}",2
e20400.json.gz,e,20,400,Wentges,highs,DantzigFarkas,3,782,44875.10691,inf,nan,44875.48556,0.378652668,94,440,20.975289,0.766215,21.876845,110801,5282.454034,9.624599174,0,0,"{timeout:21600,max_col_multiplier:1,age_limit:7,random_seed:2,replication:3,num_threads:128}",1
e20400.json.gz,e,20,400,Wentges,highs,DantzigFarkas,4,3,44861.76164,inf,,754654,,32,40,0.008863,0.000905,0.093017,2607,294144.195,65.175,0,0,"{timeout:21600,max_col_multiplier:1,age_limit:7,random_seed:3,replication:4,num_threads:128}",-1
e20400.json.gz,e,20,400,Wentges,highs,DantzigFarkas,4,747,44875.0147,inf,nan,44875.4788,0.464104014,93,433,21.009733,0.733071,21.875866,114058,5428.817206,10.11756269,0,0,"{timeout:21600,max_col_multiplier:1,age_limit:7,random_seed:3,replication:4,num_threads:128}",2
e20400.json.gz,e,20,400,Wentges,highs,DantzigFarkas,4,747,44875.0147,inf,nan,44875.4788,0.464104014,93,433,21.009733,0.733071,21.875866,114058,5428.817206,10.11756269,0,0,"{timeout:21600,max_col_multiplier:1,age_limit:7,random_seed:3,replication:4,num_threads:128}",1
e20400.json.gz,e,20,400,Wentges,highs,DantzigFarkas,5,3,44861.76164,inf,,691534.5,,38,40,0.012358,0.000846,0.09662,2693,217915.5203,67.325,0,0,"{timeout:21600,max_col_multiplier:1,age_limit:7,random_seed:4,replication:5,num_threads:128}",-1
e20400.json.gz,e,20,400,Wentges,highs,DantzigFarkas,5,727,44875.08451,inf,nan,44875.47877,0.394261006,92,437,19.455728,0.732972,20.320106,106313,5464.354765,9.358195663,0,0,"{timeout:21600,max_col_multiplier:1,age_limit:7,random_seed:4,replication:5,num_threads:128}",2
e20400.json.gz,e,20,400,Wentges,highs,DantzigFarkas,5,727,44875.08451,inf,nan,44875.47877,0.394261006,92,437,19.455728,0.732972,20.320107,106313,5464.354765,9.358195663,0,0,"{timeout:21600,max_col_multiplier:1,age_limit:7,random_seed:4,replication:5,num_threads:128}",1
e30900.json.gz,e,30,900,Wentges,highs,DantzigFarkas,1,3,100413.3227,inf,,1940822.667,,57,60,0.053497,0.001433,0.477988,6903,129035.273,115.05,0,0,"{timeout:21600,max_col_multiplier:1,age_limit:10,random_seed:0,replication:1,num_threads:128}",-1
e30900.json.gz,e,30,900,Wentges,highs,DantzigFarkas,1,2729,100426.1262,inf,nan,100426.7083,0.582094907,111,980,758.832882,7.128347,766.692182,693680,914.1406711,16.10722885,0,0,"{timeout:21600,max_col_multiplier:1,age_limit:10,random_seed:0,replication:1,num_threads:128}",2
e30900.json.gz,e,30,900,Wentges,highs,DantzigFarkas,1,2729,100426.1262,inf,nan,100426.7083,0.582094907,111,980,758.832882,7.128347,766.692183,693680,914.1406711,16.10722885,0,0,"{timeout:21600,max_col_multiplier:1,age_limit:10,random_seed:0,replication:1,num_threads:128}",1
e30900.json.gz,e,30,900,Wentges,highs,DantzigFarkas,2,3,100413.3227,inf,,1936049.5,,53,60,0.050962,0.001158,0.470152,6863,134668.969,114.3833333,0,0,"{timeout:21600,max_col_multiplier:1,age_limit:10,random_seed:1,replication:2,num_threads:128}",-1
e30900.json.gz,e,30,900,Wentges,highs,DantzigFarkas,2,4142,100426.0542,inf,nan,100426.7109,0.656671866,119,1032,788.716704,11.126231,800.694013,729297,924.6628052,9.717100976,0,0,"{timeout:21600,max_col_multiplier:1,age_limit:10,random_seed:1,replication:2,num_threads:128}",2
e30900.json.gz,e,30,900,Wentges,highs,DantzigFarkas,2,4142,100426.0542,inf,nan,100426.7109,0.656671866,119,1032,788.716704,11.126231,800.694014,729297,924.6628052,9.717100976,0,0,"{timeout:21600,max_col_multiplier:1,age_limit:10,random_seed:1,replication:2,num_threads:128}",1
e30900.json.gz,e,30,900,Wentges,highs,DantzigFarkas,3,3,100413.3227,inf,,1994372,,56,60,0.054314,0.001603,0.481458,6888,126818.1316,114.8,0,0,"{timeout:21600,max_col_multiplier:1,age_limit:10,random_seed:2,replication:3,num_threads:128}",-1
e30900.json.gz,e,30,900,Wentges,highs,DantzigFarkas,3,2897,100426.1215,inf,nan,100426.7078,0.586270871,113,960,770.851595,8.43708,780.041774,718162,931.6475501,13.27243885,0,0,"{timeout:21600,max_col_multiplier:1,age_limit:10,random_seed:2,replication:3,num_threads:128}",2
e30900.json.gz,e,30,900,Wentges,highs,DantzigFarkas,3,2897,100426.1215,inf,nan,100426.7078,0.586270871,113,960,770.851595,8.43708,780.041775,718162,931.6475501,13.27243885,0,0,"{timeout:21600,max_col_multiplier:1,age_limit:10,random_seed:2,replication:3,num_threads:128}",1
e30900.json.gz,e,30,900,Wentges,highs,DantzigFarkas,4,3,100413.3227,inf,,1881000,,56,60,0.062704,0.00122,0.481434,7028,112082.1638,117.1333333,0,0,"{timeout:21600,max_col_multiplier:1,age_limit:10,random_seed:3,replication:4,num_threads:128}",-1
e30900.json.gz,e,30,900,Wentges,highs,DantzigFarkas,4,3996,100426.0895,inf,nan,100426.7094,0.619911026,119,1018,776.911366,9.963535,787.71627,728519,937.7118573,10.93511746,0,0,"{timeout:21600,max_col_multiplier:1,age_limit:10,random_seed:3,replication:4,num_threads:128}",2
e30900.json.gz,e,30,900,Wentges,highs,DantzigFarkas,4,3996,100426.0895,inf,nan,100426.7094,0.619911026,119,1018,776.911366,9.963535,787.716271,728519,937.7118573,10.93511746,0,0,"{timeout:21600,max_col_multiplier:1,age_limit:10,random_seed:3,replication:4,num_threads:128}",1
e30900.json.gz,e,30,900,Wentges,highs,DantzigFarkas,5,3,100413.3227,inf,,2059583,,51,60,0.064666,0.00125,0.483409,7047,108975.3503,117.45,0,0,"{timeout:21600,max_col_multiplier:1,age_limit:10,random_seed:4,replication:5,num_threads:128}",-1
e30900.json.gz,e,30,900,Wentges,highs,DantzigFarkas,5,37184,100426.1654,inf,nan,100426.7098,0.544341574,115,1191,1136.873905,104.717826,1244.810059,1078057,948.2643548,4.836344103,0,0,"{timeout:21600,max_col_multiplier:1,age_limit:10,random_seed:4,replication:5,num_threads:128}",2
e30900.json.gz,e,30,900,Wentges,highs,DantzigFarkas,5,37184,100426.1654,inf,nan,100426.7098,0.544341574,115,1191,1136.873905,104.717826,1244.81006,1078057,948.2643548,4.836344103,0,0,"{timeout:21600,max_col_multiplier:1,age_limit:10,random_seed:4,replication:5,num_threads:128}",1
e401600.json.gz,e,40,1600,Wentges,highs,DantzigFarkas,1,2,178282.6193,870990,,870990,,40,80,0.206711,0.001868,1.52336,12728,61573.88818,159.1,1,0,"{timeout:21600,max_col_multiplier:1,age_limit:13,random_seed:0,replication:1,num_threads:128}",-1
e401600.json.gz,e,40,1600,Wentges,highs,DantzigFarkas,1,8819,178292.0334,870990,79.52984535,178292.2407,0.207279965,202,1735,13783.48985,81.463683,13868.31495,3001914,217.790562,20.41074612,1,0,"{timeout:21600,max_col_multiplier:1,age_limit:13,random_seed:0,replication:1,num_threads:128}",2
e401600.json.gz,e,40,1600,Wentges,highs,DantzigFarkas,1,8819,178292.0334,870990,79.52984535,178292.2407,0.207279965,202,1735,13783.48985,81.463683,13868.31495,3001914,217.790562,20.41074612,1,0,"{timeout:21600,max_col_multiplier:1,age_limit:13,random_seed:0,replication:1,num_threads:128}",1
e401600.json.gz,e,40,1600,Wentges,highs,DantzigFarkas,2,2,178282.6193,870990,,870990,,40,80,0.188655,0.001946,1.523245,12589,66730.27484,157.3625,1,0,"{timeout:21600,max_col_multiplier:1,age_limit:13,random_seed:1,replication:2,num_threads:128}",-1
e401600.json.gz,e,40,1600,Wentges,highs,DantzigFarkas,2,11069,178292.0041,870990,79.52984534,178292.2407,0.23665049,205,1742,13527.9183,109.852716,13641.51505,2483848,183.6090332,14.44866558,1,0,"{timeout:21600,max_col_multiplier:1,age_limit:13,random_seed:1,replication:2,num_threads:128}",2
e401600.json.gz,e,40,1600,Wentges,highs,DantzigFarkas,2,11069,178292.0041,870990,79.52984534,178292.2407,0.23665049,205,1742,13527.9183,109.852716,13641.51505,2483848,183.6090332,14.44866558,1,0,"{timeout:21600,max_col_multiplier:1,age_limit:13,random_seed:1,replication:2,num_threads:128}",1
e401600.json.gz,e,40,1600,Wentges,highs,DantzigFarkas,3,2,178282.6193,870990,,870990,,40,80,0.279173,0.002021,1.612642,13237,47415.04372,165.4625,1,0,"{timeout:21600,max_col_multiplier:1,age_limit:13,random_seed:2,replication:3,num_threads:128}",-1
e401600.json.gz,e,40,1600,Wentges,highs,DantzigFarkas,3,11004,178292.0092,870990,79.52984535,178292.2408,0.231659762,203,1709,13699.82287,109.151163,13812.55476,2462020,179.7118126,12.70285276,1,0,"{timeout:21600,max_col_multiplier:1,age_limit:13,random_seed:2,replication:3,num_threads:128}",2
e401600.json.gz,e,40,1600,Wentges,highs,DantzigFarkas,3,11004,178292.0092,870990,79.52984535,178292.2408,0.231659762,203,1709,13699.82287,109.151163,13812.55476,2462020,179.7118126,12.70285276,1,0,"{timeout:21600,max_col_multiplier:1,age_limit:13,random_seed:2,replication:3,num_threads:128}",1
e401600.json.gz,e,40,1600,Wentges,highs,DantzigFarkas,4,2,178282.6193,870990,,870990,,40,80,0.2108,0.001936,1.521939,12925,61314.04175,161.5625,1,0,"{timeout:21600,max_col_multiplier:1,age_limit:13,random_seed:3,replication:4,num_threads:128}",-1
e401600.json.gz,e,40,1600,Wentges,highs,DantzigFarkas,4,11553,178292.073,870990,79.52984535,178292.2426,0.169605744,204,1670,15735.00302,101.093688,15839.90313,2730710,173.5436591,13.81889302,1,0,"{timeout:21600,max_col_multiplier:1,age_limit:13,random_seed:3,replication:4,num_threads:128}",2
e401600.json.gz,e,40,1600,Wentges,highs,DantzigFarkas,4,11553,178292.073,870990,79.52984535,178292.2426,0.169605744,204,1670,15735.00302,101.093688,15839.90313,2730710,173.5436591,13.81889302,1,0,"{timeout:21600,max_col_multiplier:1,age_limit:13,random_seed:3,replication:4,num_threads:128}",1
e401600.json.gz,e,40,1600,Wentges,highs,DantzigFarkas,5,2,178282.6193,870990,,870990,,40,80,0.264563,0.001549,1.576001,13139,49663.02922,164.2375,1,0,"{timeout:21600,max_col_multiplier:1,age_limit:13,random_seed:4,replication:5,num_threads:128}",-1
e401600.json.gz,e,40,1600,Wentges,highs,DantzigFarkas,5,7730,178292.0629,870990,79.52984535,178292.2415,0.178596418,203,1929,12823.24554,69.135677,12895.43237,2215976,172.8092933,17.32768559,1,0,"{timeout:21600,max_col_multiplier:1,age_limit:13,random_seed:4,replication:5,num_threads:128}",2
e401600.json.gz,e,40,1600,Wentges,highs,DantzigFarkas,5,7730,178292.0629,870990,79.52984535,178292.2415,0.178596418,203,1929,12823.24554,69.135677,12895.43237,2215976,172.8092933,17.32768559,1,0,"{timeout:21600,max_col_multiplier:1,age_limit:13,random_seed:4,replication:5,num_threads:128}",1
e40400.json.gz,e,40,400,Wentges,highs,DantzigFarkas,1,2,44523.4286,214085,,214085,,40,80,0.018248,0.000586,0.21209,3909,214215.2565,48.8625,1,0,"{timeout:21600,max_col_multiplier:1,age_limit:4,random_seed:0,replication:1,num_threads:128}",-1
e40400.json.gz,e,40,400,Wentges,highs,DantzigFarkas,1,320,44556.06237,214085,79.18723871,44556.88904,0.826669126,173,451,9.273958,0.243563,9.742023,85767,9248.154887,8.395443411,1,0,"{timeout:21600,max_col_multiplier:1,age_limit:4,random_seed:0,replication:1,num_threads:128}",2
e40400.json.gz,e,40,400,Wentges,highs,DantzigFarkas,1,320,44556.06237,214085,79.18723871,44556.88904,0.826669126,173,451,9.273958,0.243563,9.742024,85767,9248.154887,8.395443411,1,0,"{timeout:21600,max_col_multiplier:1,age_limit:4,random_seed:0,replication:1,num_threads:128}",1
e40400.json.gz,e,40,400,Wentges,highs,DantzigFarkas,2,2,44523.4286,214085,,214085,,40,80,0.018489,0.000905,0.219766,3951,213694.6292,49.3875,1,0,"{timeout:21600,max_col_multiplier:1,age_limit:4,random_seed:1,replication:2,num_threads:128}",-1
e40400.json.gz,e,40,400,Wentges,highs,DantzigFarkas,2,335,44556.06639,214085,79.18723871,44556.88773,0.821337306,175,447,9.297949,0.261889,9.791408,85258,9169.549112,9.325729396,1,0,"{timeout:21600,max_col_multiplier:1,age_limit:4,random_seed:1,replication:2,num_threads:128}",2
e40400.json.gz,e,40,400,Wentges,highs,DantzigFarkas,2,335,44556.06639,214085,79.18723871,44556.88773,0.821337306,175,447,9.297949,0.261889,9.791409,85258,9169.549112,9.325729396,1,0,"{timeout:21600,max_col_multiplier:1,age_limit:4,random_seed:1,replication:2,num_threads:128}",1
e40400.json.gz,e,40,400,Wentges,highs,DantzigFarkas,3,2,44523.4286,214085,,214085,,40,80,0.014439,0.000815,0.209392,3786,262206.524,47.325,1,0,"{timeout:21600,max_col_multiplier:1,age_limit:4,random_seed:2,replication:3,num_threads:128}",-1
e40400.json.gz,e,40,400,Wentges,highs,DantzigFarkas,3,381,44556.10011,214085,79.18723871,44556.88463,0.78451805,170,449,8.924074,0.28778,9.440532,81744,9159.941973,7.314318465,1,0,"{timeout:21600,max_col_multiplier:1,age_limit:4,random_seed:2,replication:3,num_threads:128}",2
e40400.json.gz,e,40,400,Wentges,highs,DantzigFarkas,3,381,44556.10011,214085,79.18723871,44556.88463,0.78451805,170,449,8.924074,0.28778,9.440533,81744,9159.941973,7.314318465,1,0,"{timeout:21600,max_col_multiplier:1,age_limit:4,random_seed:2,replication:3,num_threads:128}",1
e40400.json.gz,e,40,400,Wentges,highs,DantzigFarkas,4,2,44523.4286,214085,,214085,,40,80,0.015071,0.000562,0.209347,3831,254196.8018,47.8875,1,0,"{timeout:21600,max_col_multiplier:1,age_limit:4,random_seed:3,replication:4,num_threads:128}",-1
e40400.json.gz,e,40,400,Wentges,highs,DantzigFarkas,4,285,44556.00199,214085,79.18723871,44556.88319,0.881193279,169,451,9.469289,0.199317,9.890756,83994,8870.14854,9.744531045,1,0,"{timeout:21600,max_col_multiplier:1,age_limit:4,random_seed:3,replication:4,num_threads:128}",2
e40400.json.gz,e,40,400,Wentges,highs,DantzigFarkas,4,285,44556.00199,214085,79.18723871,44556.88319,0.881193279,169,451,9.469289,0.199317,9.890757,83994,8870.14854,9.744531045,1,0,"{timeout:21600,max_col_multiplier:1,age_limit:4,random_seed:3,replication:4,num_threads:128}",1
e40400.json.gz,e,40,400,Wentges,highs,DantzigFarkas,5,2,44523.4286,214085,,214085,,40,80,0.014674,0.00097,0.213736,3806,259370.3148,47.575,1,0,"{timeout:21600,max_col_multiplier:1,age_limit:4,random_seed:4,replication:5,num_threads:128}",-1
e40400.json.gz,e,40,400,Wentges,highs,DantzigFarkas,5,286,44556.55008,214085,79.18723871,44556.88419,0.334115806,170,475,9.110515,0.209103,9.547262,84126,9233.945611,9.309017072,1,0,"{timeout:21600,max_col_multiplier:1,age_limit:4,random_seed:4,replication:5,num_threads:128}",2
e40400.json.gz,e,40,400,Wentges,highs,DantzigFarkas,5,286,44556.55008,214085,79.18723871,44556.88419,0.334115806,170,475,9.110515,0.209103,9.547263,84126,9233.945611,9.309017072,1,0,"{timeout:21600,max_col_multiplier:1,age_limit:4,random_seed:4,replication:5,num_threads:128}",1
e60900.json.gz,e,60,900,Wentges,highs,DantzigFarkas,1,2,100103.2598,571478,,571478,,60,120,0.089447,0.001057,1.095273,9647,107851.5769,80.39166667,1,0,"{timeout:21600,max_col_multiplier:1,age_limit:6,random_seed:0,replication:1,num_threads:128}",-1
e60900.json.gz,e,60,900,Wentges,highs,DantzigFarkas,1,1078,100146.0101,571478,82.47579084,100146.6486,0.63846274,266,969,267.783188,2.281063,271.23372,448065,1673.237978,9.884566359,1,0,"{timeout:21600,max_col_multiplier:1,age_limit:6,random_seed:0,replication:1,num_threads:128}",2
e60900.json.gz,e,60,900,Wentges,highs,DantzigFarkas,1,1078,100146.0101,571478,82.47579084,100146.6486,0.63846274,266,969,267.783188,2.281063,271.233721,448065,1673.237978,9.884566359,1,0,"{timeout:21600,max_col_multiplier:1,age_limit:6,random_seed:0,replication:1,num_threads:128}",1
e60900.json.gz,e,60,900,Wentges,highs,DantzigFarkas,2,2,100103.2598,571478,,571478,,60,120,0.079579,0.001087,1.085631,9477,119089.207,78.975,1,0,"{timeout:21600,max_col_multiplier:1,age_limit:6,random_seed:1,replication:2,num_threads:128}",-1
e60900.json.gz,e,60,900,Wentges,highs,DantzigFarkas,2,927,100146.2881,571478,82.47579084,100146.65,0.36182976,292,1038,275.22267,1.907626,278.283931,444107,1613.627976,11.36100013,1,0,"{timeout:21600,max_col_multiplier:1,age_limit:6,random_seed:1,replication:2,num_threads:128}",2
e60900.json.gz,e,60,900,Wentges,highs,DantzigFarkas,2,927,100146.2881,571478,82.47579084,100146.65,0.36182976,292,1038,275.22267,1.907626,278.283931,444107,1613.627976,11.36100013,1,0,"{timeout:21600,max_col_multiplier:1,age_limit:6,random_seed:1,replication:2,num_threads:128}",1
e60900.json.gz,e,60,900,Wentges,highs,DantzigFarkas,3,2,100103.2598,571478,,571478,,60,120,0.08504,0.001096,1.097836,9587,112735.1834,79.89166667,1,0,"{timeout:21600,max_col_multiplier:1,age_limit:6,random_seed:2,replication:3,num_threads:128}",-1
e60900.json.gz,e,60,900,Wentges,highs,DantzigFarkas,3,891,100146.0704,571478,82.47579084,100146.6472,0.57679465,263,1044,256.947359,1.740164,259.840089,428374,1667.166386,10.94265947,1,0,"{timeout:21600,max_col_multiplier:1,age_limit:6,random_seed:2,replication:3,num_threads:128}",2
e60900.json.gz,e,60,900,Wentges,highs,DantzigFarkas,3,891,100146.0704,571478,82.47579084,100146.6472,0.57679465,263,1044,256.947359,1.740164,259.84009,428374,1667.166386,10.94265947,1,0,"{timeout:21600,max_col_multiplier:1,age_limit:6,random_seed:2,replication:3,num_threads:128}",1
e60900.json.gz,e,60,900,Wentges,highs,DantzigFarkas,4,2,100103.2598,571478,,571478,,60,120,0.08048,0.001456,1.087948,9528,118389.662,79.4,1,0,"{timeout:21600,max_col_multiplier:1,age_limit:6,random_seed:3,replication:4,num_threads:128}",-1
e60900.json.gz,e,60,900,Wentges,highs,DantzigFarkas,4,1117,100146.0325,571478,82.47579083,100146.6472,0.614698576,262,972,263.704833,2.293023,267.172691,437462,1658.907783,9.579086059,1,0,"{timeout:21600,max_col_multiplier:1,age_limit:6,random_seed:3,replication:4,num_threads:128}",2
e60900.json.gz,e,60,900,Wentges,highs,DantzigFarkas,4,1117,100146.0325,571478,82.47579083,100146.6472,0.614698576,262,972,263.704833,2.293023,267.172692,437462,1658.907783,9.579086059,1,0,"{timeout:21600,max_col_multiplier:1,age_limit:6,random_seed:3,replication:4,num_threads:128}",1
e60900.json.gz,e,60,900,Wentges,highs,DantzigFarkas,5,2,100103.2598,571478,,571478,,60,120,0.094479,0.001073,1.103413,9735,103038.7705,81.125,1,0,"{timeout:21600,max_col_multiplier:1,age_limit:6,random_seed:4,replication:5,num_threads:128}",-1
e60900.json.gz,e,60,900,Wentges,highs,DantzigFarkas,5,940,100146.0169,571478,82.47579084,100146.648,0.63103485,263,986,252.045607,1.897193,255.100147,437645,1736.372259,11.32527307,1,0,"{timeout:21600,max_col_multiplier:1,age_limit:6,random_seed:4,replication:5,num_threads:128}",2
e60900.json.gz,e,60,900,Wentges,highs,DantzigFarkas,5,940,100146.0169,571478,82.47579084,100146.648,0.63103485,263,986,252.045607,1.897193,255.100148,437645,1736.372259,11.32527307,1,0,"{timeout:21600,max_col_multiplier:1,age_limit:6,random_seed:4,replication:5,num_threads:128}",1
e801600.json.gz,e,80,1600,Wentges,highs,DantzigFarkas,1,2,176780.9892,1326205,,1326205,,80,160,0.305611,0.002139,3.806824,18471,60439.57842,115.44375,1,0,"{timeout:21600,max_col_multiplier:1,age_limit:7,random_seed:0,replication:1,num_threads:128}",-1
e801600.json.gz,e,80,1600,Wentges,highs,DantzigFarkas,1,7161,176818.0162,1326205,86.66729503,176818.942,0.925792766,331,1720,4424.876762,51.062742,4481.477076,1992448,450.283275,10.1451199,1,0,"{timeout:21600,max_col_multiplier:1,age_limit:7,random_seed:0,replication:1,num_threads:128}",2
e801600.json.gz,e,80,1600,Wentges,highs,DantzigFarkas,1,7161,176818.0162,1326205,86.66729503,176818.942,0.925792766,331,1720,4424.876762,51.062742,4481.477077,1992448,450.283275,10.1451199,1,0,"{timeout:21600,max_col_multiplier:1,age_limit:7,random_seed:0,replication:1,num_threads:128}",1
e801600.json.gz,e,80,1600,Wentges,highs,DantzigFarkas,2,2,176780.9892,1326205,,1326205,,80,160,0.301487,0.001804,3.874764,18348,60858.34547,114.675,1,0,"{timeout:21600,max_col_multiplier:1,age_limit:7,random_seed:1,replication:2,num_threads:128}",-1
e801600.json.gz,e,80,1600,Wentges,highs,DantzigFarkas,2,17665,176818.108,1326205,86.66729502,176818.9426,0.834553979,335,1723,4167.168643,141.806906,4317.282377,1818309,436.341592,4.816891946,1,0,"{timeout:21600,max_col_multiplier:1,age_limit:7,random_seed:1,replication:2,num_threads:128}",2
e801600.json.gz,e,80,1600,Wentges,highs,DantzigFarkas,2,17665,176818.108,1326205,86.66729502,176818.9426,0.834553979,335,1723,4167.168643,141.806906,4317.282378,1818309,436.341592,4.816891946,1,0,"{timeout:21600,max_col_multiplier:1,age_limit:7,random_seed:1,replication:2,num_threads:128}",1
e801600.json.gz,e,80,1600,Wentges,highs,DantzigFarkas,3,2,176780.9892,1326205,,1326205,,80,160,0.297988,0.001882,3.840406,18318,61472.27405,114.4875,1,0,"{timeout:21600,max_col_multiplier:1,age_limit:7,random_seed:2,replication:3,num_threads:128}",-1
e801600.json.gz,e,80,1600,Wentges,highs,DantzigFarkas,3,3765,176818.0749,1326205,86.66729502,176818.947,0.872121025,332,1766,4126.648064,26.283939,4157.568977,1571031,380.7038971,13.00024056,1,0,"{timeout:21600,max_col_multiplier:1,age_limit:7,random_seed:2,replication:3,num_threads:128}",2
e801600.json.gz,e,80,1600,Wentges,highs,DantzigFarkas,3,3765,176818.0749,1326205,86.66729502,176818.947,0.872121025,332,1766,4126.648064,26.283939,4157.568978,1571031,380.7038971,13.00024056,1,0,"{timeout:21600,max_col_multiplier:1,age_limit:7,random_seed:2,replication:3,num_threads:128}",1
e801600.json.gz,e,80,1600,Wentges,highs,DantzigFarkas,4,2,176780.9892,1326205,,1326205,,80,160,0.285332,0.001782,3.792757,18115,63487.4462,113.21875,1,0,"{timeout:21600,max_col_multiplier:1,age_limit:7,random_seed:3,replication:4,num_threads:128}",-1
e801600.json.gz,e,80,1600,Wentges,highs,DantzigFarkas,4,9268,176818.1018,1326205,86.66729503,176818.9422,0.840346696,327,1713,4019.165998,65.415621,4090.672343,1913560,476.1087253,8.172943651,1,0,"{timeout:21600,max_col_multiplier:1,age_limit:7,random_seed:3,replication:4,num_threads:128}",2
e801600.json.gz,e,80,1600,Wentges,highs,DantzigFarkas,4,9268,176818.1018,1326205,86.66729503,176818.9422,0.840346696,327,1713,4019.165998,65.415621,4090.672344,1913560,476.1087253,8.172943651,1,0,"{timeout:21600,max_col_multiplier:1,age_limit:7,random_seed:3,replication:4,num_threads:128}",1
e801600.json.gz,e,80,1600,Wentges,highs,DantzigFarkas,5,2,176780.9892,1326205,,1326205,,80,160,0.277853,0.001955,3.827737,18300,65862.16453,114.375,1,0,"{timeout:21600,max_col_multiplier:1,age_limit:7,random_seed:4,replication:5,num_threads:128}",-1
e801600.json.gz,e,80,1600,Wentges,highs,DantzigFarkas,5,6322,176818.3114,1326205,86.66729503,176818.9422,0.630726532,332,1961,4304.720625,46.706028,4356.761535,1597055,371.0008475,7.873605017,1,0,"{timeout:21600,max_col_multiplier:1,age_limit:7,random_seed:4,replication:5,num_threads:128}",2
e801600.json.gz,e,80,1600,Wentges,highs,DantzigFarkas,5,6322,176818.3114,1326205,86.66729503,176818.9422,0.630726532,332,1961,4304.720625,46.706028,4356.761536,1597055,371.0008475,7.873605017,1,0,"{timeout:21600,max_col_multiplier:1,age_limit:7,random_seed:4,replication:5,num_threads:128}",1
b05100.json.gz,b,5,100,Dantzig,highs,DantzigFarkas,1,19,1831.32945,inf,,2959.838011,,77,90,0.019849,0.008174,0.034316,1198,60355.68542,13.31111111,0,0,"{timeout:21600,max_col_multiplier:1,age_limit:34,random_seed:0,replication:1,num_threads:128}",-1
b05100.json.gz,b,5,100,Dantzig,highs,DantzigFarkas,1,560,1838.287879,inf,nan,1838.840909,0.553030303,24,391,1.571143,0.161125,1.758839,38630,24587.19544,13.38975198,0,0,"{timeout:21600,max_col_multiplier:1,age_limit:34,random_seed:0,replication:1,num_threads:128}",2
b05100.json.gz,b,5,100,Dantzig,highs,DantzigFarkas,1,560,1838.287879,inf,nan,1838.840909,0.553030303,24,391,1.571143,0.161125,1.758839,38630,24587.19544,13.38975198,0,0,"{timeout:21600,max_col_multiplier:1,age_limit:34,random_seed:0,replication:1,num_threads:128}",1
b05100.json.gz,b,5,100,Dantzig,highs,DantzigFarkas,2,17,1831.32945,inf,,2960.78581,,71,80,0.01636,0.005628,0.025446,1103,67420.5379,13.7875,0,0,"{timeout:21600,max_col_multiplier:1,age_limit:34,random_seed:1,replication:2,num_threads:128}",-1
b05100.json.gz,b,5,100,Dantzig,highs,DantzigFarkas,2,591,1838.296512,inf,nan,1838.837209,0.540697674,24,341,1.657072,0.164583,1.846944,39951,24109.39295,13.18661168,0,0,"{timeout:21600,max_col_multiplier:1,age_limit:34,random_seed:1,replication:2,num_threads:128}",2
b05100.json.gz,b,5,100,Dantzig,highs,DantzigFarkas,2,591,1838.296512,inf,nan,1838.837209,0.540697674,24,341,1.657072,0.164583,1.846945,39951,24109.39295,13.18661168,0,0,"{timeout:21600,max_col_multiplier:1,age_limit:34,random_seed:1,replication:2,num_threads:128}",1
b05100.json.gz,b,5,100,Dantzig,highs,DantzigFarkas,3,21,1831.32945,inf,,2957.136834,,75,100,0.022178,0.007213,0.033173,1291,58210.83957,12.91,0,0,"{timeout:21600,max_col_multiplier:1,age_limit:34,random_seed:2,replication:3,num_threads:128}",-1
b05100.json.gz,b,5,100,Dantzig,highs,DantzigFarkas,3,587,1838.534884,inf,nan,1838.837209,0.302325581,23,292,1.607232,0.170578,1.803301,37731,23475.76454,12.5949347,0,0,"{timeout:21600,max_col_multiplier:1,age_limit:34,random_seed:2,replication:3,num_threads:128}",2
b05100.json.gz,b,5,100,Dantzig,highs,DantzigFarkas,3,587,1838.534884,inf,nan,1838.837209,0.302325581,23,292,1.607232,0.170578,1.803301,37731,23475.76454,12.5949347,0,0,"{timeout:21600,max_col_multiplier:1,age_limit:34,random_seed:2,replication:3,num_threads:128}",1
b05100.json.gz,b,5,100,Dantzig,highs,DantzigFarkas,4,18,1831.32945,inf,,2959.300485,,71,85,0.01757,0.005426,0.025811,1111,63232.78315,13.07058824,0,0,"{timeout:21600,max_col_multiplier:1,age_limit:34,random_seed:3,replication:4,num_threads:128}",-1
b05100.json.gz,b,5,100,Dantzig,highs,DantzigFarkas,4,542,1838.534884,inf,nan,1838.837209,0.302325581,23,323,1.424189,0.141962,1.587141,34929,24525.53699,12.60440453,0,0,"{timeout:21600,max_col_multiplier:1,age_limit:34,random_seed:3,replication:4,num_threads:128}",2
b05100.json.gz,b,5,100,Dantzig,highs,DantzigFarkas,4,542,1838.534884,inf,nan,1838.837209,0.302325581,23,323,1.424189,0.141962,1.587141,34929,24525.53699,12.60440453,0,0,"{timeout:21600,max_col_multiplier:1,age_limit:34,random_seed:3,replication:4,num_threads:128}",1
b05100.json.gz,b,5,100,Dantzig,highs,DantzigFarkas,5,19,1831.32945,inf,,2958.841291,,72,90,0.019363,0.006131,0.028927,1213,62645.25125,13.47777778,0,0,"{timeout:21600,max_col_multiplier:1,age_limit:34,random_seed:4,replication:5,num_threads:128}",-1
b05100.json.gz,b,5,100,Dantzig,highs,DantzigFarkas,5,671,1838.264286,inf,nan,1838.857143,0.592857143,18,248,1.672106,0.171432,1.870378,40004,23924.32059,12.41382679,0,0,"{timeout:21600,max_col_multiplier:1,age_limit:34,random_seed:4,replication:5,num_threads:128}",2
b05100.json.gz,b,5,100,Dantzig,highs,DantzigFarkas,5,671,1838.264286,inf,nan,1838.857143,0.592857143,18,248,1.672106,0.171432,1.870378,40004,23924.32059,12.41382679,0,0,"{timeout:21600,max_col_multiplier:1,age_limit:34,random_seed:4,replication:5,num_threads:128}",1
b05200.json.gz,b,5,200,Dantzig,highs,DantzigFarkas,1,7,3547.411575,inf,,7130.75,,20,30,0.00619,0.00256,0.013043,714,115347.3344,23.8,0,0,"{timeout:21600,max_col_multiplier:1,age_limit:132,random_seed:0,replication:1,num_threads:128}",-1
b05200.json.gz,b,5,200,Dantzig,highs,DantzigFarkas,1,3097,3549.009049,inf,nan,3549.347395,0.338345493,32,1193,94.204899,0.999301,95.498287,570410,6054.992957,36.82181143,0,0,"{timeout:21600,max_col_multiplier:1,age_limit:132,random_seed:0,replication:1,num_threads:128}",2
b05200.json.gz,b,5,200,Dantzig,highs,DantzigFarkas,1,3097,3549.009049,inf,nan,3549.347395,0.338345493,32,1193,94.204899,0.999301,95.498287,570410,6054.992957,36.82181143,0,0,"{timeout:21600,max_col_multiplier:1,age_limit:132,random_seed:0,replication:1,num_threads:128}",1
b05200.json.gz,b,5,200,Dantzig,highs,DantzigFarkas,2,9,3547.411575,inf,,7117.45,,24,40,0.007834,0.003234,0.015283,785,100204.2379,19.625,0,0,"{timeout:21600,max_col_multiplier:1,age_limit:132,random_seed:1,replication:2,num_threads:128}",-1
b05200.json.gz,b,5,200,Dantzig,highs,DantzigFarkas,2,3022,3549.005058,inf,nan,3549.339595,0.334537572,30,1176,84.544195,0.963155,85.786478,526712,6230.019696,34.85875524,0,0,"{timeout:21600,max_col_multiplier:1,age_limit:132,random_seed:1,replication:2,num_threads:128}",2
b05200.json.gz,b,5,200,Dantzig,highs,DantzigFarkas,2,3022,3549.005058,inf,nan,3549.339595,0.334537572,30,1176,84.544195,0.963155,85.786479,526712,6230.019696,34.85875524,0,0,"{timeout:21600,max_col_multiplier:1,age_limit:132,random_seed:1,replication:2,num_threads:128}",1
b05200.json.gz,b,5,200,Dantzig,highs,DantzigFarkas,3,6,3547.411575,inf,,7279.416667,,18,25,0.00575,0.002327,0.012297,684,118956.5217,27.36,0,0,"{timeout:21600,max_col_multiplier:1,age_limit:132,random_seed:2,replication:3,num_threads:128}",-1
b05200.json.gz,b,5,200,Dantzig,highs,DantzigFarkas,3,3236,3549.151198,inf,nan,3549.337691,0.186492375,30,1062,102.407192,1.039496,103.755582,621413,6068.060142,38.39990523,0,0,"{timeout:21600,max_col_multiplier:1,age_limit:132,random_seed:2,replication:3,num_threads:128}",2
b05200.json.gz,b,5,200,Dantzig,highs,DantzigFarkas,3,3236,3549.151198,inf,nan,3549.337691,0.186492375,30,1062,102.407192,1.039496,103.755583,621413,6068.060142,38.39990523,0,0,"{timeout:21600,max_col_multiplier:1,age_limit:132,random_seed:2,replication:3,num_threads:128}",1
b05200.json.gz,b,5,200,Dantzig,highs,DantzigFarkas,4,6,3547.411575,inf,,7555.5,,14,25,0.005976,0.00218,0.012262,667,111613.1191,26.68,0,0,"{timeout:21600,max_col_multiplier:1,age_limit:132,random_seed:3,replication:4,num_threads:128}",-1
b05200.json.gz,b,5,200,Dantzig,highs,DantzigFarkas,4,2999,3549.065733,inf,nan,3549.37931,0.313577586,24,768,88.968123,0.971025,90.219686,532268,5982.682134,35.63511615,0,0,"{timeout:21600,max_col_multiplier:1,age_limit:132,random_seed:3,replication:4,num_threads:128}",2
b05200.json.gz,b,5,200,Dantzig,highs,DantzigFarkas,4,2999,3549.065733,inf,nan,3549.37931,0.313577586,24,768,88.968123,0.971025,90.219686,532268,5982.682134,35.63511615,0,0,"{timeout:21600,max_col_multiplier:1,age_limit:132,random_seed:3,replication:4,num_threads:128}",1
b05200.json.gz,b,5,200,Dantzig,highs,DantzigFarkas,5,8,3547.411575,inf,,7079.590909,,24,35,0.006376,0.002581,0.013614,732,114805.5207,20.91428571,0,0,"{timeout:21600,max_col_multiplier:1,age_limit:132,random_seed:4,replication:5,num_threads:128}",-1
b05200.json.gz,b,5,200,Dantzig,highs,DantzigFarkas,5,3419,3549.018204,inf,nan,3549.338188,0.319983819,31,1113,100.415655,1.096603,101.83235,620794,6182.243197,36.28287441,0,0,"{timeout:21600,max_col_multiplier:1,age_limit:132,random_seed:4,replication:5,num_threads:128}",2
b05200.json.gz,b,5,200,Dantzig,highs,DantzigFarkas,5,3419,3549.018204,inf,nan,3549.338188,0.319983819,31,1113,100.415655,1.096603,101.832351,620794,6182.243197,36.28287441,0,0,"{timeout:21600,max_col_multiplier:1,age_limit:132,random_seed:4,replication:5,num_threads:128}",1
b10100.json.gz,b,10,100,Dantzig,highs,DantzigFarkas,1,4,1400.671958,inf,,4546,,18,30,0.002041,0.001325,0.006264,314,153846.1538,10.46666667,0,0,"{timeout:21600,max_col_multiplier:1,age_limit:10,random_seed:0,replication:1,num_threads:128}",-1
b10100.json.gz,b,10,100,Dantzig,highs,DantzigFarkas,1,186,1406.385542,1407,0,1407,0.614457831,10,184,0.418461,0.054247,0.483334,15506,37054.82709,8.458190391,1,0,"{timeout:21600,max_col_multiplier:1,age_limit:10,random_seed:0,replication:1,num_threads:128}",2
b10100.json.gz,b,10,100,Dantzig,highs,DantzigFarkas,1,186,1406.385542,1407,0,1407,0.614457831,10,184,0.418461,0.054247,0.483334,15506,37054.82709,8.458190391,1,0,"{timeout:21600,max_col_multiplier:1,age_limit:10,random_seed:0,replication:1,num_threads:128}",1
b10100.json.gz,b,10,100,Dantzig,highs,DantzigFarkas,2,4,1400.671958,inf,,4532,,18,30,0.001474,0.001312,0.005733,269,182496.6079,8.966666667,0,0,"{timeout:21600,max_col_multiplier:1,age_limit:10,random_seed:1,replication:2,num_threads:128}",-1
b10100.json.gz,b,10,100,Dantzig,highs,DantzigFarkas,2,182,1406.622642,inf,nan,1407,0.377358491,19,195,0.396508,0.049747,0.456472,14667,36990.42642,8.077939124,0,0,"{timeout:21600,max_col_multiplier:1,age_limit:10,random_seed:1,replication:2,num_threads:128}",2
b10100.json.gz,b,10,100,Dantzig,highs,DantzigFarkas,2,182,1406.622642,inf,nan,1407,0.377358491,19,195,0.396508,0.049747,0.456472,14667,36990.42642,8.077939124,0,0,"{timeout:21600,max_col_multiplier:1,age_limit:10,random_seed:1,replication:2,num_threads:128}",1
b10100.json.gz,b,10,100,Dantzig,highs,DantzigFarkas,3,5,1400.671958,inf,,4221.5,,24,40,0.002739,0.001833,0.007722,310,113179.9927,7.75,0,0,"{timeout:21600,max_col_multiplier:1,age_limit:10,random_seed:2,replication:3,num_threads:128}",-1
b10100.json.gz,b,10,100,Dantzig,highs,DantzigFarkas,3,168,1406.361905,1407,0,1407,0.638095238,10,232,0.364984,0.04745,0.422649,13252,36308.44092,7.919964097,1,0,"{timeout:21600,max_col_multiplier:1,age_limit:10,random_seed:2,replication:3,num_threads:128}",2
b10100.json.gz,b,10,100,Dantzig,highs,DantzigFarkas,3,168,1406.361905,1407,0,1407,0.638095238,10,232,0.364984,0.04745,0.422649,13252,36308.44092,7.919964097,1,0,"{timeout:21600,max_col_multiplier:1,age_limit:10,random_seed:2,replication:3,num_threads:128}",1
b10100.json.gz,b,10,100,Dantzig,highs,DantzigFarkas,4,5,1400.671958,inf,,4268.5,,18,40,0.002421,0.001663,0.007147,324,133828.9963,8.1,0,0,"{timeout:21600,max_col_multiplier:1,age_limit:10,random_seed:3,replication:4,num_threads:128}",-1
b10100.json.gz,b,10,100,Dantzig,highs,DantzigFarkas,4,189,1406.197368,inf,nan,1407,0.802631579,19,190,0.399272,0.051486,0.461349,14195,35552.20501,7.710201982,0,0,"{timeout:21600,max_col_multiplier:1,age_limit:10,random_seed:3,replication:4,num_threads:128}",2
b10100.json.gz,b,10,100,Dantzig,highs,DantzigFarkas,4,189,1406.197368,inf,nan,1407,0.802631579,19,190,0.399272,0.051486,0.46135,14195,35552.20501,7.710201982,0,0,"{timeout:21600,max_col_multiplier:1,age_limit:10,random_seed:3,replication:4,num_threads:128}",1
b10100.json.gz,b,10,100,Dantzig,highs,DantzigFarkas,5,4,1400.671958,inf,,4579,,18,30,0.002063,0.001478,0.006511,317,153659.7189,10.56666667,0,0,"{timeout:21600,max_col_multiplier:1,age_limit:10,random_seed:4,replication:5,num_threads:128}",-1
b10100.json.gz,b,10,100,Dantzig,highs,DantzigFarkas,5,189,1406.319498,inf,nan,1407,0.680501931,19,208,0.40551,0.053349,0.469478,14846,36610.68778,8.048112455,0,0,"{timeout:21600,max_col_multiplier:1,age_limit:10,random_seed:4,replication:5,num_threads:128}",2
b10100.json.gz,b,10,100,Dantzig,highs,DantzigFarkas,5,189,1406.319498,inf,nan,1407,0.680501931,19,208,0.40551,0.053349,0.469479,14846,36610.68778,8.048112455,0,0,"{timeout:21600,max_col_multiplier:1,age_limit:10,random_seed:4,replication:5,num_threads:128}",1
b10200.json.gz,b,10,200,Dantzig,highs,DantzigFarkas,1,5,2815.050673,inf,,8651.318182,,32,40,0.005818,0.001677,0.014222,652,112066.0021,16.3,0,0,"{timeout:21600,max_col_multiplier:1,age_limit:34,random_seed:0,replication:1,num_threads:128}",-1
b10200.json.gz,b,10,200,Dantzig,highs,DantzigFarkas,1,632,2825.165163,inf,nan,2825.525424,0.360260944,52,538,11.399662,0.164781,11.615275,133748,11732.62856,21.30262646,0,0,"{timeout:21600,max_col_multiplier:1,age_limit:34,random_seed:0,replication:1,num_threads:128}",2
b10200.json.gz,b,10,200,Dantzig,highs,DantzigFarkas,1,632,2825.165163,inf,nan,2825.525424,0.360260944,52,538,11.399662,0.164781,11.615276,133748,11732.62856,21.30262646,0,0,"{timeout:21600,max_col_multiplier:1,age_limit:34,random_seed:0,replication:1,num_threads:128}",1
b10200.json.gz,b,10,200,Dantzig,highs,DantzigFarkas,2,5,2815.050673,inf,,8639.25,,31,40,0.005306,0.001813,0.013955,659,124199.02,16.475,0,0,"{timeout:21600,max_col_multiplier:1,age_limit:34,random_seed:1,replication:2,num_threads:128}",-1
b10200.json.gz,b,10,200,Dantzig,highs,DantzigFarkas,2,647,2825.066459,inf,nan,2825.538941,0.472481828,50,485,11.453002,0.171816,11.676526,132681,11584.82291,20.68735433,0,0,"{timeout:21600,max_col_multiplier:1,age_limit:34,random_seed:1,replication:2,num_threads:128}",2
b10200.json.gz,b,10,200,Dantzig,highs,DantzigFarkas,2,647,2825.066459,inf,nan,2825.538941,0.472481828,50,485,11.453002,0.171816,11.676526,132681,11584.82291,20.68735433,0,0,"{timeout:21600,max_col_multiplier:1,age_limit:34,random_seed:1,replication:2,num_threads:128}",1
b10200.json.gz,b,10,200,Dantzig,highs,DantzigFarkas,3,5,2815.050673,inf,,8683,,28,40,0.004631,0.001796,0.01335,636,137335.3487,15.9,0,0,"{timeout:21600,max_col_multiplier:1,age_limit:34,random_seed:2,replication:3,num_threads:128}",-1
b10200.json.gz,b,10,200,Dantzig,highs,DantzigFarkas,3,636,2825.000098,inf,nan,2825.509375,0.509276605,45,546,11.93953,0.168076,12.160606,133579,11187.96134,21.14987833,0,0,"{timeout:21600,max_col_multiplier:1,age_limit:34,random_seed:2,replication:3,num_threads:128}",2
b10200.json.gz,b,10,200,Dantzig,highs,DantzigFarkas,3,636,2825.000098,inf,nan,2825.509375,0.509276605,45,546,11.93953,0.168076,12.160606,133579,11187.96134,21.14987833,0,0,"{timeout:21600,max_col_multiplier:1,age_limit:34,random_seed:2,replication:3,num_threads:128}",1
b10200.json.gz,b,10,200,Dantzig,highs,DantzigFarkas,4,5,2815.050673,inf,,8573.5,,20,40,0.004454,0.001716,0.012756,605,135832.9591,15.125,0,0,"{timeout:21600,max_col_multiplier:1,age_limit:34,random_seed:3,replication:4,num_threads:128}",-1
b10200.json.gz,b,10,200,Dantzig,highs,DantzigFarkas,4,601,2825.197301,inf,nan,2825.509375,0.312074275,47,545,10.588833,0.159669,10.798329,120703,11399.0843,20.22270885,0,0,"{timeout:21600,max_col_multiplier:1,age_limit:34,random_seed:3,replication:4,num_threads:128}",2
b10200.json.gz,b,10,200,Dantzig,highs,DantzigFarkas,4,601,2825.197301,inf,nan,2825.509375,0.312074275,47,545,10.588833,0.159669,10.79833,120703,11399.0843,20.22270885,0,0,"{timeout:21600,max_col_multiplier:1,age_limit:34,random_seed:3,replication:4,num_threads:128}",1
b10200.json.gz,b,10,200,Dantzig,highs,DantzigFarkas,5,5,2815.050673,inf,,8633,,28,40,0.004852,0.002009,0.013762,651,134171.4757,16.275,0,0,"{timeout:21600,max_col_multiplier:1,age_limit:34,random_seed:4,replication:5,num_threads:128}",-1
b10200.json.gz,b,10,200,Dantzig,highs,DantzigFarkas,5,636,2825.169216,inf,nan,2825.521127,0.351910312,48,575,11.565162,0.163098,11.780872,134712,11648.08586,21.33660901,0,0,"{timeout:21600,max_col_multiplier:1,age_limit:34,random_seed:4,replication:5,num_threads:128}",2
b10200.json.gz,b,10,200,Dantzig,highs,DantzigFarkas,5,636,2825.169216,inf,nan,2825.521127,0.351910312,48,575,11.565162,0.163098,11.780873,134712,11648.08586,21.33660901,0,0,"{timeout:21600,max_col_multiplier:1,age_limit:34,random_seed:4,replication:5,num_threads:128}",1
b20100.json.gz,b,20,100,Dantzig,highs,DantzigFarkas,1,3,1155.181433,2309,,2309,,20,60,0.001575,0.001202,0.00818,313,198730.1587,5.216666667,1,0,"{timeout:21600,max_col_multiplier:1,age_limit:4,random_seed:0,replication:1,num_threads:128}",-1
b20100.json.gz,b,20,100,Dantzig,highs,DantzigFarkas,1,74,1166,2309,49.5019489,1166,0,22,195,0.161842,0.021252,0.192813,7543,46607.18479,5.148841458,1,0,"{timeout:21600,max_col_multiplier:1,age_limit:4,random_seed:0,replication:1,num_threads:128}",2
b20100.json.gz,b,20,100,Dantzig,highs,DantzigFarkas,1,74,1166,2309,49.5019489,1166,0,22,195,0.161842,0.021252,0.192813,7543,46607.18479,5.148841458,1,0,"{timeout:21600,max_col_multiplier:1,age_limit:4,random_seed:0,replication:1,num_threads:128}",1
b20100.json.gz,b,20,100,Dantzig,highs,DantzigFarkas,2,3,1155.181433,2339,,2339,,20,60,0.001277,0.001165,0.008232,293,229444.0094,4.883333333,1,0,"{timeout:21600,max_col_multiplier:1,age_limit:4,random_seed:1,replication:2,num_threads:128}",-1
b20100.json.gz,b,20,100,Dantzig,highs,DantzigFarkas,2,70,1165.5,2339,50.1496366,1166,0.5,32,168,0.162916,0.02114,0.194629,7240,44440.07955,5.16824006,1,0,"{timeout:21600,max_col_multiplier:1,age_limit:4,random_seed:1,replication:2,num_threads:128}",2
b20100.json.gz,b,20,100,Dantzig,highs,DantzigFarkas,2,70,1165.5,2339,50.1496366,1166,0.5,32,168,0.162916,0.02114,0.194629,7240,44440.07955,5.16824006,1,0,"{timeout:21600,max_col_multiplier:1,age_limit:4,random_seed:1,replication:2,num_threads:128}",1
b20100.json.gz,b,20,100,Dantzig,highs,DantzigFarkas,3,3,1155.181433,inf,,5627.333333,,34,40,0.001541,0.001002,0.007177,296,192083.0629,7.4,0,0,"{timeout:21600,max_col_multiplier:1,age_limit:4,random_seed:2,replication:3,num_threads:128}",-1
b20100.json.gz,b,20,100,Dantzig,highs,DantzigFarkas,3,74,1165.25,1166,0,1166,0.75,20,176,0.153399,0.022566,0.185166,7183,46825.5986,5.018990174,1,0,"{timeout:21600,max_col_multiplier:1,age_limit:4,random_seed:2,replication:3,num_threads:128}",2
b20100.json.gz,b,20,100,Dantzig,highs,DantzigFarkas,3,74,1165.25,1166,0,1166,0.75,20,176,0.153399,0.022566,0.185166,7183,46825.5986,5.018990174,1,0,"{timeout:21600,max_col_multiplier:1,age_limit:4,random_seed:2,replication:3,num_threads:128}",1
b20100.json.gz,b,20,100,Dantzig,highs,DantzigFarkas,4,3,1155.181433,inf,,5573.333333,,36,40,0.001507,0.001105,0.007252,302,200398.142,7.55,0,0,"{timeout:21600,max_col_multiplier:1,age_limit:4,random_seed:3,replication:4,num_threads:128}",-1
b20100.json.gz,b,20,100,Dantzig,highs,DantzigFarkas,4,72,1165.5,1166,0,1166,0.5,20,171,0.160793,0.022203,0.192647,7478,46506.99968,5.246070393,1,0,"{timeout:21600,max_col_multiplier:1,age_limit:4,random_seed:3,replication:4,num_threads:128}",2
b20100.json.gz,b,20,100,Dantzig,highs,DantzigFarkas,4,72,1165.5,1166,0,1166,0.5,20,171,0.160793,0.022203,0.192648,7478,46506.99968,5.246070393,1,0,"{timeout:21600,max_col_multiplier:1,age_limit:4,random_seed:3,replication:4,num_threads:128}",1
b20100.json.gz,b,20,100,Dantzig,highs,DantzigFarkas,5,3,1155.181433,2345,,2345,,20,60,0.001652,0.001097,0.008264,290,175544.7942,4.833333333,1,0,"{timeout:21600,max_col_multiplier:1,age_limit:4,random_seed:4,replication:5,num_threads:128}",-1
b20100.json.gz,b,20,100,Dantzig,highs,DantzigFarkas,5,75,1165.504032,1166,0,1166,0.495967742,20,190,0.172711,0.023152,0.206265,7907,45781.68154,5.332649257,1,0,"{timeout:21600,max_col_multiplier:1,age_limit:4,random_seed:4,replication:5,num_threads:128}",2
b20100.json.gz,b,20,100,Dantzig,highs,DantzigFarkas,5,75,1165.504032,1166,0,1166,0.495967742,20,190,0.172711,0.023152,0.206265,7907,45781.68154,5.332649257,1,0,"{timeout:21600,max_col_multiplier:1,age_limit:4,random_seed:4,replication:5,num_threads:128}",1
b20200.json.gz,b,20,200,Dantzig,highs,DantzigFarkas,1,4,2331.137984,inf,,10807,,44,60,0.003885,0.001794,0.015382,564,145173.7452,9.4,0,0,"{timeout:21600,max_col_multiplier:1,age_limit:10,random_seed:0,replication:1,num_threads:128}",-1
b20200.json.gz,b,20,200,Dantzig,highs,DantzigFarkas,1,229,2338.072464,inf,nan,2338.521739,0.449275362,51,363,2.662877,0.061728,2.754,51895,19488.32034,11.71986845,0,0,"{timeout:21600,max_col_multiplier:1,age_limit:10,random_seed:0,replication:1,num_threads:128}",2
b20200.json.gz,b,20,200,Dantzig,highs,DantzigFarkas,1,229,2338.072464,inf,nan,2338.521739,0.449275362,51,363,2.662877,0.061728,2.754001,51895,19488.32034,11.71986845,0,0,"{timeout:21600,max_col_multiplier:1,age_limit:10,random_seed:0,replication:1,num_threads:128}",1
b20200.json.gz,b,20,200,Dantzig,highs,DantzigFarkas,2,4,2331.137984,inf,,10619,,44,60,0.004774,0.001498,0.016105,578,121072.4759,9.633333333,0,0,"{timeout:21600,max_col_multiplier:1,age_limit:10,random_seed:1,replication:2,num_threads:128}",-1
b20200.json.gz,b,20,200,Dantzig,highs,DantzigFarkas,2,218,2338.127083,inf,nan,2338.55,0.422916667,51,380,2.598925,0.054936,2.681728,51278,19730.46548,11.93878861,0,0,"{timeout:21600,max_col_multiplier:1,age_limit:10,random_seed:1,replication:2,num_threads:128}",2
b20200.json.gz,b,20,200,Dantzig,highs,DantzigFarkas,2,218,2338.127083,inf,nan,2338.55,0.422916667,51,380,2.598925,0.054936,2.681728,51278,19730.46548,11.93878861,0,0,"{timeout:21600,max_col_multiplier:1,age_limit:10,random_seed:1,replication:2,num_threads:128}",1
b20200.json.gz,b,20,200,Dantzig,highs,DantzigFarkas,3,4,2331.137984,inf,,10251,,39,60,0.003723,0.001507,0.015152,564,151490.7333,9.4,0,0,"{timeout:21600,max_col_multiplier:1,age_limit:10,random_seed:2,replication:3,num_threads:128}",-1
b20200.json.gz,b,20,200,Dantzig,highs,DantzigFarkas,3,222,2338.206349,inf,nan,2338.52381,0.317460317,45,400,2.568539,0.056676,2.65263,49800,19388.4539,11.68762464,0,0,"{timeout:21600,max_col_multiplier:1,age_limit:10,random_seed:2,replication:3,num_threads:128}",2
b20200.json.gz,b,20,200,Dantzig,highs,DantzigFarkas,3,222,2338.206349,inf,nan,2338.52381,0.317460317,45,400,2.568539,0.056676,2.652631,49800,19388.4539,11.68762464,0,0,"{timeout:21600,max_col_multiplier:1,age_limit:10,random_seed:2,replication:3,num_threads:128}",1
b20200.json.gz,b,20,200,Dantzig,highs,DantzigFarkas,4,4,2331.137984,inf,,10762.5,,37,60,0.003918,0.001618,0.01501,579,147779.4793,9.65,0,0,"{timeout:21600,max_col_multiplier:1,age_limit:10,random_seed:3,replication:4,num_threads:128}",-1
b20200.json.gz,b,20,200,Dantzig,highs,DantzigFarkas,4,229,2338.024575,2339,1.36E-13,2338.521739,0.497164461,51,383,2.538358,0.059282,2.625431,51221,20178.79275,11.53797643,1,0,"{timeout:21600,max_col_multiplier:1,age_limit:10,random_seed:3,replication:4,num_threads:128}",2
b20200.json.gz,b,20,200,Dantzig,highs,DantzigFarkas,4,229,2338.024575,2339,1.36E-13,2338.521739,0.497164461,51,383,2.538358,0.059282,2.625432,51221,20178.79275,11.53797643,1,0,"{timeout:21600,max_col_multiplier:1,age_limit:10,random_seed:3,replication:4,num_threads:128}",1
b20200.json.gz,b,20,200,Dantzig,highs,DantzigFarkas,5,4,2331.137984,inf,,10237.25,,43,60,0.004539,0.001598,0.015876,604,133068.9579,10.06666667,0,0,"{timeout:21600,max_col_multiplier:1,age_limit:10,random_seed:4,replication:5,num_threads:128}",-1
b20200.json.gz,b,20,200,Dantzig,highs,DantzigFarkas,5,230,2338.092063,inf,nan,2338.52381,0.431746032,45,367,2.685081,0.057977,2.771476,52016,19372.2275,11.52601046,0,0,"{timeout:21600,max_col_multiplier:1,age_limit:10,random_seed:4,replication:5,num_threads:128}",2
b20200.json.gz,b,20,200,Dantzig,highs,DantzigFarkas,5,230,2338.092063,inf,nan,2338.52381,0.431746032,45,367,2.685081,0.057977,2.771476,52016,19372.2275,11.52601046,0,0,"{timeout:21600,max_col_multiplier:1,age_limit:10,random_seed:4,replication:5,num_threads:128}",1
c05100.json.gz,c,5,100,Dantzig,highs,DantzigFarkas,1,7,1923.975026,inf,,3801.375,,19,30,0.00458,0.003851,0.013405,404,88209.60699,13.46666667,0,0,"{timeout:21600,max_col_multiplier:1,age_limit:34,random_seed:0,replication:1,num_threads:128}",-1
c05100.json.gz,c,5,100,Dantzig,highs,DantzigFarkas,1,515,1929.018519,inf,nan,1929.666667,0.648148148,11,328,1.551846,0.148634,1.724441,36843,23741.40218,14.23925566,0,0,"{timeout:21600,max_col_multiplier:1,age_limit:34,random_seed:0,replication:1,num_threads:128}",2
c05100.json.gz,c,5,100,Dantzig,highs,DantzigFarkas,1,515,1929.018519,inf,nan,1929.666667,0.648148148,11,328,1.551846,0.148634,1.724441,36843,23741.40218,14.23925566,0,0,"{timeout:21600,max_col_multiplier:1,age_limit:34,random_seed:0,replication:1,num_threads:128}",1
c05100.json.gz,c,5,100,Dantzig,highs,DantzigFarkas,2,6,1923.975026,inf,,3861.25,,15,25,0.003818,0.00194,0.00815,395,103457.3075,15.8,0,0,"{timeout:21600,max_col_multiplier:1,age_limit:34,random_seed:1,replication:2,num_threads:128}",-1
c05100.json.gz,c,5,100,Dantzig,highs,DantzigFarkas,2,618,1929.197531,inf,nan,1929.666667,0.469135802,12,329,1.699211,0.173527,1.898435,40615,23902.26994,13.18362999,0,0,"{timeout:21600,max_col_multiplier:1,age_limit:34,random_seed:1,replication:2,num_threads:128}",2
c05100.json.gz,c,5,100,Dantzig,highs,DantzigFarkas,2,618,1929.197531,inf,nan,1929.666667,0.469135802,12,329,1.699211,0.173527,1.898436,40615,23902.26994,13.18362999,0,0,"{timeout:21600,max_col_multiplier:1,age_limit:34,random_seed:1,replication:2,num_threads:128}",1
c05100.json.gz,c,5,100,Dantzig,highs,DantzigFarkas,3,8,1923.975026,inf,,3788.2,,22,35,0.004081,0.002478,0.00929,438,107326.6356,12.51428571,0,0,"{timeout:21600,max_col_multiplier:1,age_limit:34,random_seed:2,replication:3,num_threads:128}",-1
c05100.json.gz,c,5,100,Dantzig,highs,DantzigFarkas,3,563,1929.142857,inf,nan,1929.909091,0.766233766,25,298,1.566006,0.160704,1.750138,37963,24241.925,13.45325214,0,0,"{timeout:21600,max_col_multiplier:1,age_limit:34,random_seed:2,replication:3,num_threads:128}",2
c05100.json.gz,c,5,100,Dantzig,highs,DantzigFarkas,3,563,1929.142857,inf,nan,1929.909091,0.766233766,25,298,1.566006,0.160704,1.750138,37963,24241.925,13.45325214,0,0,"{timeout:21600,max_col_multiplier:1,age_limit:34,random_seed:2,replication:3,num_threads:128}",1
c05100.json.gz,c,5,100,Dantzig,highs,DantzigFarkas,4,6,1923.975026,inf,,3929.95,,23,25,0.002401,0.001942,0.006546,371,154518.9504,14.84,0,0,"{timeout:21600,max_col_multiplier:1,age_limit:34,random_seed:3,replication:4,num_threads:128}",-1
c05100.json.gz,c,5,100,Dantzig,highs,DantzigFarkas,4,622,1929.171212,inf,nan,1929.666667,0.495454545,11,360,1.7494,0.164584,1.938026,42202,24123.69955,13.51874062,0,0,"{timeout:21600,max_col_multiplier:1,age_limit:34,random_seed:3,replication:4,num_threads:128}",2
c05100.json.gz,c,5,100,Dantzig,highs,DantzigFarkas,4,622,1929.171212,inf,nan,1929.666667,0.495454545,11,360,1.7494,0.164584,1.938027,42202,24123.69955,13.51874062,0,0,"{timeout:21600,max_col_multiplier:1,age_limit:34,random_seed:3,replication:4,num_threads:128}",1
c05100.json.gz,c,5,100,Dantzig,highs,DantzigFarkas,5,7,1923.975026,inf,,3744.5625,,20,30,0.002976,0.001946,0.007377,386,129704.3011,12.86666667,0,0,"{timeout:21600,max_col_multiplier:1,age_limit:34,random_seed:4,replication:5,num_threads:128}",-1
c05100.json.gz,c,5,100,Dantzig,highs,DantzigFarkas,5,553,1929.011842,inf,nan,1929.826316,0.814473684,28,358,1.534314,0.14446,1.701201,37263,24286.42377,13.38179626,0,0,"{timeout:21600,max_col_multiplier:1,age_limit:34,random_seed:4,replication:5,num_threads:128}",2
c05100.json.gz,c,5,100,Dantzig,highs,DantzigFarkas,5,553,1929.011842,inf,nan,1929.826316,0.814473684,28,358,1.534314,0.14446,1.701202,37263,24286.42377,13.38179626,0,0,"{timeout:21600,max_col_multiplier:1,age_limit:34,random_seed:4,replication:5,num_threads:128}",1
c05200.json.gz,c,5,200,Dantzig,highs,DantzigFarkas,1,8,3450.765286,inf,,6881.130435,,29,35,0.009069,0.002821,0.016222,845,93174.55067,24.14285714,0,0,"{timeout:21600,max_col_multiplier:1,age_limit:132,random_seed:0,replication:1,num_threads:128}",-1
c05200.json.gz,c,5,200,Dantzig,highs,DantzigFarkas,1,3046,3454.023508,inf,nan,3454.507634,0.484125607,28,1159,93.864315,0.99503,95.145918,574607,6121.676806,37.70217537,0,0,"{timeout:21600,max_col_multiplier:1,age_limit:132,random_seed:0,replication:1,num_threads:128}",2
c05200.json.gz,c,5,200,Dantzig,highs,DantzigFarkas,1,3046,3454.023508,inf,nan,3454.507634,0.484125607,28,1159,93.864315,0.99503,95.145919,574607,6121.676806,37.70217537,0,0,"{timeout:21600,max_col_multiplier:1,age_limit:132,random_seed:0,replication:1,num_threads:128}",1
c05200.json.gz,c,5,200,Dantzig,highs,DantzigFarkas,2,8,3450.765286,inf,,6878.928571,,23,35,0.008128,0.002619,0.015908,808,99409.44882,23.08571429,0,0,"{timeout:21600,max_col_multiplier:1,age_limit:132,random_seed:1,replication:2,num_threads:128}",-1
c05200.json.gz,c,5,200,Dantzig,highs,DantzigFarkas,2,3437,3454.098563,inf,nan,3454.517454,0.41889117,28,1112,108.584804,1.130868,110.04011,670812,6177.77051,39.14799313,0,0,"{timeout:21600,max_col_multiplier:1,age_limit:132,random_seed:1,replication:2,num_threads:128}",2
c05200.json.gz,c,5,200,Dantzig,highs,DantzigFarkas,2,3437,3454.098563,inf,nan,3454.517454,0.41889117,28,1112,108.584804,1.130868,110.040111,670812,6177.77051,39.14799313,0,0,"{timeout:21600,max_col_multiplier:1,age_limit:132,random_seed:1,replication:2,num_threads:128}",1
c05200.json.gz,c,5,200,Dantzig,highs,DantzigFarkas,3,8,3450.765286,inf,,6870.951902,,27,35,0.010147,0.002656,0.017162,931,91751.25653,26.6,0,0,"{timeout:21600,max_col_multiplier:1,age_limit:132,random_seed:2,replication:3,num_threads:128}",-1
c05200.json.gz,c,5,200,Dantzig,highs,DantzigFarkas,3,3111,3454.027273,inf,nan,3454.568182,0.540909091,27,1117,94.376034,1.010297,95.680531,590793,6259.989692,37.98803707,0,0,"{timeout:21600,max_col_multiplier:1,age_limit:132,random_seed:2,replication:3,num_threads:128}",2
c05200.json.gz,c,5,200,Dantzig,highs,DantzigFarkas,3,3111,3454.027273,inf,nan,3454.568182,0.540909091,27,1117,94.376034,1.010297,95.680531,590793,6259.989692,37.98803707,0,0,"{timeout:21600,max_col_multiplier:1,age_limit:132,random_seed:2,replication:3,num_threads:128}",1
c05200.json.gz,c,5,200,Dantzig,highs,DantzigFarkas,4,8,3450.765286,inf,,6980.5,,22,35,0.010361,0.002977,0.018196,931,89856.19149,26.6,0,0,"{timeout:21600,max_col_multiplier:1,age_limit:132,random_seed:3,replication:4,num_threads:128}",-1
c05200.json.gz,c,5,200,Dantzig,highs,DantzigFarkas,4,3192,3454.049645,inf,nan,3454.510638,0.460992908,26,1000,104.643922,1.045803,105.991214,637570,6092.757112,40.06874478,0,0,"{timeout:21600,max_col_multiplier:1,age_limit:132,random_seed:3,replication:4,num_threads:128}",2
c05200.json.gz,c,5,200,Dantzig,highs,DantzigFarkas,4,3192,3454.049645,inf,nan,3454.510638,0.460992908,26,1000,104.643922,1.045803,105.991214,637570,6092.757112,40.06874478,0,0,"{timeout:21600,max_col_multiplier:1,age_limit:132,random_seed:3,replication:4,num_threads:128}",1
c05200.json.gz,c,5,200,Dantzig,highs,DantzigFarkas,5,7,3450.765286,inf,,6978.166667,,22,30,0.007117,0.002352,0.013588,767,107770.1279,25.56666667,0,0,"{timeout:21600,max_col_multiplier:1,age_limit:132,random_seed:4,replication:5,num_threads:128}",-1
c05200.json.gz,c,5,200,Dantzig,highs,DantzigFarkas,5,3173,3454.052632,inf,nan,3454.526316,0.473684211,28,1040,92.099528,0.96577,93.369082,581283,6311.46557,36.69569808,0,0,"{timeout:21600,max_col_multiplier:1,age_limit:132,random_seed:4,replication:5,num_threads:128}",2
c05200.json.gz,c,5,200,Dantzig,highs,DantzigFarkas,5,3173,3454.052632,inf,nan,3454.526316,0.473684211,28,1040,92.099528,0.96577,93.369082,581283,6311.46557,36.69569808,0,0,"{timeout:21600,max_col_multiplier:1,age_limit:132,random_seed:4,replication:5,num_threads:128}",1
c10100.json.gz,c,10,100,Dantzig,highs,DantzigFarkas,1,5,1387.009711,inf,,4207.5,,20,40,0.003637,0.003058,0.013469,345,94858.39978,8.625,0,0,"{timeout:21600,max_col_multiplier:1,age_limit:10,random_seed:0,replication:1,num_threads:128}",-1
c10100.json.gz,c,10,100,Dantzig,highs,DantzigFarkas,1,193,1399.194444,inf,nan,1399.916667,0.722222222,35,196,0.402408,0.067154,0.484785,14323,35593.22876,7.498867094,0,0,"{timeout:21600,max_col_multiplier:1,age_limit:10,random_seed:0,replication:1,num_threads:128}",2
c10100.json.gz,c,10,100,Dantzig,highs,DantzigFarkas,1,193,1399.194444,inf,nan,1399.916667,0.722222222,35,196,0.402408,0.067154,0.484786,14323,35593.22876,7.498867094,0,0,"{timeout:21600,max_col_multiplier:1,age_limit:10,random_seed:0,replication:1,num_threads:128}",1
c10100.json.gz,c,10,100,Dantzig,highs,DantzigFarkas,2,5,1387.009711,inf,,4390.166667,,26,40,0.002823,0.001945,0.007948,356,126106.9784,8.9,0,0,"{timeout:21600,max_col_multiplier:1,age_limit:10,random_seed:1,replication:2,num_threads:128}",-1
c10100.json.gz,c,10,100,Dantzig,highs,DantzigFarkas,2,175,1399.333333,inf,nan,1399.866667,0.533333333,32,193,0.402626,0.051335,0.46498,13889,34496.03354,7.967283447,0,0,"{timeout:21600,max_col_multiplier:1,age_limit:10,random_seed:1,replication:2,num_threads:128}",2
c10100.json.gz,c,10,100,Dantzig,highs,DantzigFarkas,2,175,1399.333333,inf,nan,1399.866667,0.533333333,32,193,0.402626,0.051335,0.46498,13889,34496.03354,7.967283447,0,0,"{timeout:21600,max_col_multiplier:1,age_limit:10,random_seed:1,replication:2,num_threads:128}",1
c10100.json.gz,c,10,100,Dantzig,highs,DantzigFarkas,3,5,1387.009711,inf,,4261.25,,26,40,0.002094,0.001532,0.006963,324,154727.7937,8.1,0,0,"{timeout:21600,max_col_multiplier:1,age_limit:10,random_seed:2,replication:3,num_threads:128}",-1
c10100.json.gz,c,10,100,Dantzig,highs,DantzigFarkas,3,185,1399.05102,inf,nan,1399.923469,0.87244898,40,199,0.407743,0.054346,0.473178,14567,35725.93521,7.894791935,0,0,"{timeout:21600,max_col_multiplier:1,age_limit:10,random_seed:2,replication:3,num_threads:128}",2
c10100.json.gz,c,10,100,Dantzig,highs,DantzigFarkas,3,185,1399.05102,inf,nan,1399.923469,0.87244898,40,199,0.407743,0.054346,0.473178,14567,35725.93521,7.894791935,0,0,"{timeout:21600,max_col_multiplier:1,age_limit:10,random_seed:2,replication:3,num_threads:128}",1
c10100.json.gz,c,10,100,Dantzig,highs,DantzigFarkas,4,5,1387.009711,inf,,4249.833333,,26,40,0.002229,0.001823,0.007305,344,154329.2956,8.6,0,0,"{timeout:21600,max_col_multiplier:1,age_limit:10,random_seed:3,replication:4,num_threads:128}",-1
c10100.json.gz,c,10,100,Dantzig,highs,DantzigFarkas,4,173,1399.619048,inf,nan,1399.857143,0.238095238,30,219,0.372928,0.048853,0.432879,13280,35610.09096,7.633576475,0,0,"{timeout:21600,max_col_multiplier:1,age_limit:10,random_seed:3,replication:4,num_threads:128}",2
c10100.json.gz,c,10,100,Dantzig,highs,DantzigFarkas,4,173,1399.619048,inf,nan,1399.857143,0.238095238,30,219,0.372928,0.048853,0.432879,13280,35610.09096,7.633576475,0,0,"{timeout:21600,max_col_multiplier:1,age_limit:10,random_seed:3,replication:4,num_threads:128}",1
c10100.json.gz,c,10,100,Dantzig,highs,DantzigFarkas,5,5,1387.009711,inf,,4330.8125,,29,40,0.002456,0.001775,0.007441,318,129478.8274,7.95,0,0,"{timeout:21600,max_col_multiplier:1,age_limit:10,random_seed:4,replication:5,num_threads:128}",-1
c10100.json.gz,c,10,100,Dantzig,highs,DantzigFarkas,5,174,1399.159091,inf,nan,1400,0.840909091,28,218,0.357558,0.049043,0.416914,13084,36592.66469,7.555113118,0,0,"{timeout:21600,max_col_multiplier:1,age_limit:10,random_seed:4,replication:5,num_threads:128}",2
c10100.json.gz,c,10,100,Dantzig,highs,DantzigFarkas,5,174,1399.159091,inf,nan,1400,0.840909091,28,218,0.357558,0.049043,0.416914,13084,36592.66469,7.555113118,0,0,"{timeout:21600,max_col_multiplier:1,age_limit:10,random_seed:4,replication:5,num_threads:128}",1
c10200.json.gz,c,10,200,Dantzig,highs,DantzigFarkas,1,6,2795.407916,inf,,8520.25,,28,50,0.006027,0.002191,0.015341,705,116973.6187,14.1,0,0,"{timeout:21600,max_col_multiplier:1,age_limit:34,random_seed:0,replication:1,num_threads:128}",-1
c10200.json.gz,c,10,200,Dantzig,highs,DantzigFarkas,1,629,2803.470878,inf,nan,2803.956106,0.485227912,53,665,11.015637,0.167309,11.235185,128314,11648.35043,20.49761905,0,0,"{timeout:21600,max_col_multiplier:1,age_limit:34,random_seed:0,replication:1,num_threads:128}",2
c10200.json.gz,c,10,200,Dantzig,highs,DantzigFarkas,1,629,2803.470878,inf,nan,2803.956106,0.485227912,53,665,11.015637,0.167309,11.235185,128314,11648.35043,20.49761905,0,0,"{timeout:21600,max_col_multiplier:1,age_limit:34,random_seed:0,replication:1,num_threads:128}",1
c10200.json.gz,c,10,200,Dantzig,highs,DantzigFarkas,2,5,2795.407916,inf,,8587.388889,,32,40,0.005624,0.001727,0.01399,661,117532.0057,16.525,0,0,"{timeout:21600,max_col_multiplier:1,age_limit:34,random_seed:1,replication:2,num_threads:128}",-1
c10200.json.gz,c,10,200,Dantzig,highs,DantzigFarkas,2,639,2803.666667,inf,nan,2803.977477,0.310810811,52,632,11.530547,0.167467,11.749611,133582,11585.05316,20.98521313,0,0,"{timeout:21600,max_col_multiplier:1,age_limit:34,random_seed:1,replication:2,num_threads:128}",2
c10200.json.gz,c,10,200,Dantzig,highs,DantzigFarkas,2,639,2803.666667,inf,nan,2803.977477,0.310810811,52,632,11.530547,0.167467,11.749611,133582,11585.05316,20.98521313,0,0,"{timeout:21600,max_col_multiplier:1,age_limit:34,random_seed:1,replication:2,num_threads:128}",1
c10200.json.gz,c,10,200,Dantzig,highs,DantzigFarkas,3,5,2795.407916,inf,,8666.5,,29,40,0.006107,0.001754,0.014791,700,114622.5643,17.5,0,0,"{timeout:21600,max_col_multiplier:1,age_limit:34,random_seed:2,replication:3,num_threads:128}",-1
c10200.json.gz,c,10,200,Dantzig,highs,DantzigFarkas,3,653,2803.145426,inf,nan,2803.958991,0.813564669,53,705,11.752584,0.170493,11.976484,138304,11767.96524,21.21381718,0,0,"{timeout:21600,max_col_multiplier:1,age_limit:34,random_seed:2,replication:3,num_threads:128}",2
c10200.json.gz,c,10,200,Dantzig,highs,DantzigFarkas,3,653,2803.145426,inf,nan,2803.958991,0.813564669,53,705,11.752584,0.170493,11.976484,138304,11767.96524,21.21381718,0,0,"{timeout:21600,max_col_multiplier:1,age_limit:34,random_seed:2,replication:3,num_threads:128}",1
c10200.json.gz,c,10,200,Dantzig,highs,DantzigFarkas,4,5,2795.407916,inf,,8486,,26,40,0.0054,0.001742,0.014156,678,125555.5556,16.95,0,0,"{timeout:21600,max_col_multiplier:1,age_limit:34,random_seed:3,replication:4,num_threads:128}",-1
c10200.json.gz,c,10,200,Dantzig,highs,DantzigFarkas,4,636,2803.072835,inf,nan,2803.950972,0.878136522,52,627,11.502672,0.165121,11.721423,131582,11439.25516,20.74044063,0,0,"{timeout:21600,max_col_multiplier:1,age_limit:34,random_seed:3,replication:4,num_threads:128}",2
c10200.json.gz,c,10,200,Dantzig,highs,DantzigFarkas,4,636,2803.072835,inf,nan,2803.950972,0.878136522,52,627,11.502672,0.165121,11.721423,131582,11439.25516,20.74044063,0,0,"{timeout:21600,max_col_multiplier:1,age_limit:34,random_seed:3,replication:4,num_threads:128}",1
c10200.json.gz,c,10,200,Dantzig,highs,DantzigFarkas,5,5,2795.407916,inf,,8568.25,,28,40,0.006068,0.002003,0.017906,688,113381.6744,17.2,0,0,"{timeout:21600,max_col_multiplier:1,age_limit:34,random_seed:4,replication:5,num_threads:128}",-1
c10200.json.gz,c,10,200,Dantzig,highs,DantzigFarkas,5,654,2803.094017,inf,nan,2803.958974,0.864957265,51,628,11.913603,0.17004,12.139595,137035,11502.39772,21.12759514,0,0,"{timeout:21600,max_col_multiplier:1,age_limit:34,random_seed:4,replication:5,num_threads:128}",2
c10200.json.gz,c,10,200,Dantzig,highs,DantzigFarkas,5,654,2803.094017,inf,nan,2803.958974,0.864957265,51,628,11.913603,0.17004,12.139596,137035,11502.39772,21.12759514,0,0,"{timeout:21600,max_col_multiplier:1,age_limit:34,random_seed:4,replication:5,num_threads:128}",1
c10400.json.gz,c,10,400,Dantzig,highs,DantzigFarkas,1,5,5591.103879,inf,,17173.95833,,35,40,0.011792,0.00181,0.026755,1232,104477.6119,30.8,0,0,"{timeout:21600,max_col_multiplier:1,age_limit:132,random_seed:0,replication:1,num_threads:128}",-1
c10400.json.gz,c,10,400,Dantzig,highs,DantzigFarkas,1,3741,5595.01343,inf,nan,5595.371901,0.358471074,53,1997,980.431329,1.47754,982.676012,2596320,2648.140592,69.60841162,0,0,"{timeout:21600,max_col_multiplier:1,age_limit:132,random_seed:0,replication:1,num_threads:128}",2
c10400.json.gz,c,10,400,Dantzig,highs,DantzigFarkas,1,3741,5595.01343,inf,nan,5595.371901,0.358471074,53,1997,980.431329,1.47754,982.676012,2596320,2648.140592,69.60841162,0,0,"{timeout:21600,max_col_multiplier:1,age_limit:132,random_seed:0,replication:1,num_threads:128}",1
c10400.json.gz,c,10,400,Dantzig,highs,DantzigFarkas,2,5,5591.103879,inf,,17126.05556,,37,40,0.012749,0.002592,0.029001,1274,99929.40623,31.85,0,0,"{timeout:21600,max_col_multiplier:1,age_limit:132,random_seed:201,replication:2,num_threads:128}",-1
c10400.json.gz,c,10,400,Dantzig,highs,DantzigFarkas,2,3568,5595.029814,inf,nan,5595.336181,0.306367314,55,2135,943.364507,1.407747,945.498387,2510396,2661.109233,70.7727405,0,0,"{timeout:21600,max_col_multiplier:1,age_limit:132,random_seed:201,replication:2,num_threads:128}",2
c10400.json.gz,c,10,400,Dantzig,highs,DantzigFarkas,2,3568,5595.029814,inf,nan,5595.336181,0.306367314,55,2135,943.364507,1.407747,945.498387,2510396,2661.109233,70.7727405,0,0,"{timeout:21600,max_col_multiplier:1,age_limit:132,random_seed:201,replication:2,num_threads:128}",1
c10400.json.gz,c,10,400,Dantzig,highs,DantzigFarkas,3,5,5591.103879,inf,,17043.13333,,35,40,0.013609,0.001851,0.028608,1239,91042.69234,30.975,0,0,"{timeout:21600,max_col_multiplier:1,age_limit:132,random_seed:2,replication:3,num_threads:128}",-1
c10400.json.gz,c,10,400,Dantzig,highs,DantzigFarkas,3,3715,5595.114604,inf,nan,5595.336181,0.221577402,55,1423,997.674402,1.488179,999.92474,2644510,2650.674403,71.62464195,0,0,"{timeout:21600,max_col_multiplier:1,age_limit:132,random_seed:2,replication:3,num_threads:128}",2
c10400.json.gz,c,10,400,Dantzig,highs,DantzigFarkas,3,3715,5595.114604,inf,nan,5595.336181,0.221577402,55,1423,997.674402,1.488179,999.924741,2644510,2650.674403,71.62464195,0,0,"{timeout:21600,max_col_multiplier:1,age_limit:132,random_seed:2,replication:3,num_threads:128}",1
c10400.json.gz,c,10,400,Dantzig,highs,DantzigFarkas,4,5,5591.103879,inf,,17184.85897,,36,40,0.01531,0.002171,0.030794,1280,83605.48661,32,0,0,"{timeout:21600,max_col_multiplier:1,age_limit:132,random_seed:3,replication:4,num_threads:128}",-1
c10400.json.gz,c,10,400,Dantzig,highs,DantzigFarkas,4,3543,5595.022309,inf,nan,5595.33516,0.31285062,51,2190,967.270534,1.423564,969.429998,2584219,2671.661039,73.01270144,0,0,"{timeout:21600,max_col_multiplier:1,age_limit:132,random_seed:3,replication:4,num_threads:128}",2
c10400.json.gz,c,10,400,Dantzig,highs,DantzigFarkas,4,3543,5595.022309,inf,nan,5595.33516,0.31285062,51,2190,967.270534,1.423564,969.429998,2584219,2671.661039,73.01270144,0,0,"{timeout:21600,max_col_multiplier:1,age_limit:132,random_seed:3,replication:4,num_threads:128}",1
c10400.json.gz,c,10,400,Dantzig,highs,DantzigFarkas,5,5,5591.103879,inf,,16892.66667,,31,40,0.012358,0.001632,0.02817,1285,103981.2267,32.125,0,0,"{timeout:21600,max_col_multiplier:1,age_limit:132,random_seed:4,replication:5,num_threads:128}",-1
c10400.json.gz,c,10,400,Dantzig,highs,DantzigFarkas,5,3706,5595.004696,inf,nan,5595.364455,0.359759756,56,2180,968.723763,1.488734,970.971319,2556446,2638.983473,69.36577226,0,0,"{timeout:21600,max_col_multiplier:1,age_limit:132,random_seed:4,replication:5,num_threads:128}",2
c10400.json.gz,c,10,400,Dantzig,highs,DantzigFarkas,5,3706,5595.004696,inf,nan,5595.364455,0.359759756,56,2180,968.723763,1.488734,970.971319,2556446,2638.983473,69.36577226,0,0,"{timeout:21600,max_col_multiplier:1,age_limit:132,random_seed:4,replication:5,num_threads:128}",1
c15900.json.gz,c,15,900,Dantzig,highs,DantzigFarkas,1,5,11336.57438,inf,,41560.27273,,53,60,0.052353,0.00287,0.112196,2971,56749.37444,49.51666667,0,0,"{timeout:21600,max_col_multiplier:1,age_limit:296,random_seed:0,replication:1,num_threads:128}",-1
c15900.json.gz,c,15,900,Dantzig,highs,DantzigFarkas,1,1466,11336.57438,inf,nan,11870.70511,1374.070814,915,7458,21598.25712,1.358273,21600.64492,3645938,168.8070468,165.6984879,0,1,"{timeout:21600,max_col_multiplier:1,age_limit:296,random_seed:0,replication:1,num_threads:128}",-4
c15900.json.gz,c,15,900,Dantzig,highs,DantzigFarkas,1,1466,11336.57438,inf,nan,11870.70511,1374.070814,915,7458,21598.25712,1.358273,21600.64492,3645938,168.8070468,165.6984879,0,1,"{timeout:21600,max_col_multiplier:1,age_limit:296,random_seed:0,replication:1,num_threads:128}",1
c15900.json.gz,c,15,900,Dantzig,highs,DantzigFarkas,2,5,11336.57438,inf,,41063.91667,,47,60,0.042371,0.002363,0.090621,2668,62967.59576,44.46666667,0,0,"{timeout:21600,max_col_multiplier:1,age_limit:296,random_seed:1,replication:2,num_threads:128}",-1
c15900.json.gz,c,15,900,Dantzig,highs,DantzigFarkas,2,1434,11336.57438,inf,nan,11910.76993,1527.76717,913,7446,21598.34899,1.27572,21600.56954,3603692,166.8503459,167.4426313,0,1,"{timeout:21600,max_col_multiplier:1,age_limit:296,random_seed:1,replication:2,num_threads:128}",-4
c15900.json.gz,c,15,900,Dantzig,highs,DantzigFarkas,2,1434,11336.57438,inf,nan,11910.76993,1527.76717,913,7446,21598.34899,1.27572,21600.56954,3603692,166.8503459,167.4426313,0,1,"{timeout:21600,max_col_multiplier:1,age_limit:296,random_seed:1,replication:2,num_threads:128}",1
c15900.json.gz,c,15,900,Dantzig,highs,DantzigFarkas,3,5,11336.57438,inf,,41459.6339,,57,60,0.046656,0.001889,0.095218,2815,60335.21948,46.91666667,0,0,"{timeout:21600,max_col_multiplier:1,age_limit:296,random_seed:2,replication:3,num_threads:128}",-1
c15900.json.gz,c,15,900,Dantzig,highs,DantzigFarkas,3,1459,11336.57438,inf,nan,11878.83388,1496.662926,915,7551,21608.7836,1.307063,21611.08773,3650094,168.9171435,166.6887252,0,1,"{timeout:21600,max_col_multiplier:1,age_limit:296,random_seed:2,replication:3,num_threads:128}",-4
c15900.json.gz,c,15,900,Dantzig,highs,DantzigFarkas,3,1459,11336.57438,inf,nan,11878.83388,1496.662926,915,7551,21608.7836,1.307063,21611.08773,3650094,168.9171435,166.6887252,0,1,"{timeout:21600,max_col_multiplier:1,age_limit:296,random_seed:2,replication:3,num_threads:128}",1
c15900.json.gz,c,15,900,Dantzig,highs,DantzigFarkas,4,5,11336.57438,inf,,42076.93125,,58,60,0.052347,0.001477,0.100684,2873,54883.75647,47.88333333,0,0,"{timeout:21600,max_col_multiplier:1,age_limit:296,random_seed:3,replication:4,num_threads:128}",-1
c15900.json.gz,c,15,900,Dantzig,highs,DantzigFarkas,4,1460,11336.57438,inf,nan,11878.46782,1384.90701,914,7429,21600.3115,1.302418,21602.60723,3625385,167.8394777,165.4443037,0,1,"{timeout:21600,max_col_multiplier:1,age_limit:296,random_seed:3,replication:4,num_threads:128}",-4
c15900.json.gz,c,15,900,Dantzig,highs,DantzigFarkas,4,1460,11336.57438,inf,nan,11878.46782,1384.90701,914,7429,21600.3115,1.302418,21602.60723,3625385,167.8394777,165.4443037,0,1,"{timeout:21600,max_col_multiplier:1,age_limit:296,random_seed:3,replication:4,num_threads:128}",1
c15900.json.gz,c,15,900,Dantzig,highs,DantzigFarkas,5,5,11336.57438,inf,,41508.61765,,54,60,0.0468,0.002342,0.096213,2839,60662.39316,47.31666667,0,0,"{timeout:21600,max_col_multiplier:1,age_limit:296,random_seed:4,replication:5,num_threads:128}",-1
c15900.json.gz,c,15,900,Dantzig,highs,DantzigFarkas,5,1456,11336.57438,inf,nan,11865.63493,1374.610996,914,7473,21605.78537,1.312828,21608.03178,3619484,167.5238339,165.6297962,0,1,"{timeout:21600,max_col_multiplier:1,age_limit:296,random_seed:4,replication:5,num_threads:128}",-4
c15900.json.gz,c,15,900,Dantzig,highs,DantzigFarkas,5,1456,11336.57438,inf,nan,11865.63493,1374.610996,914,7473,21605.78537,1.312828,21608.03178,3619484,167.5238339,165.6297962,0,1,"{timeout:21600,max_col_multiplier:1,age_limit:296,random_seed:4,replication:5,num_threads:128}",1
c20100.json.gz,c,20,100,Dantzig,highs,DantzigFarkas,1,4,1218.987259,inf,,5028,,35,60,0.001836,0.003595,0.016346,327,178104.5752,5.45,0,0,"{timeout:21600,max_col_multiplier:1,age_limit:4,random_seed:0,replication:1,num_threads:128}",-1
c20100.json.gz,c,20,100,Dantzig,highs,DantzigFarkas,1,71,1241.111111,1251,0.71942446,1241.666667,0.555555556,50,163,0.148444,0.025717,0.189072,7130,48031.58093,5.044938404,1,0,"{timeout:21600,max_col_multiplier:1,age_limit:4,random_seed:0,replication:1,num_threads:128}",2
c20100.json.gz,c,20,100,Dantzig,highs,DantzigFarkas,1,71,1241.111111,1251,0.71942446,1241.666667,0.555555556,50,163,0.148444,0.025717,0.189072,7130,48031.58093,5.044938404,1,0,"{timeout:21600,max_col_multiplier:1,age_limit:4,random_seed:0,replication:1,num_threads:128}",1
c20100.json.gz,c,20,100,Dantzig,highs,DantzigFarkas,2,4,1218.987259,inf,,4775.333333,,28,60,0.002681,0.001671,0.010024,347,129429.3174,5.783333333,0,0,"{timeout:21600,max_col_multiplier:1,age_limit:4,random_seed:1,replication:2,num_threads:128}",-1
c20100.json.gz,c,20,100,Dantzig,highs,DantzigFarkas,2,71,1241.220588,inf,nan,1241.747967,5.837398374,60,159,0.145655,0.021636,0.177345,6848,47015.20717,5.018288038,0,0,"{timeout:21600,max_col_multiplier:1,age_limit:4,random_seed:1,replication:2,num_threads:128}",2
c20100.json.gz,c,20,100,Dantzig,highs,DantzigFarkas,2,71,1241.220588,inf,nan,1241.747967,5.837398374,60,159,0.145655,0.021636,0.177345,6848,47015.20717,5.018288038,0,0,"{timeout:21600,max_col_multiplier:1,age_limit:4,random_seed:1,replication:2,num_threads:128}",1
c20100.json.gz,c,20,100,Dantzig,highs,DantzigFarkas,3,4,1218.987259,inf,,4947.444444,,39,60,0.001878,0.001616,0.009229,345,183706.0703,5.75,0,0,"{timeout:21600,max_col_multiplier:1,age_limit:4,random_seed:2,replication:3,num_threads:128}",-1
c20100.json.gz,c,20,100,Dantzig,highs,DantzigFarkas,3,72,1241.666667,inf,nan,1241.666667,0,52,167,0.143009,0.021486,0.17487,6989,48871.05007,4.884819859,0,0,"{timeout:21600,max_col_multiplier:1,age_limit:4,random_seed:2,replication:3,num_threads:128}",2
c20100.json.gz,c,20,100,Dantzig,highs,DantzigFarkas,3,72,1241.666667,inf,nan,1241.666667,0,52,167,0.143009,0.021486,0.174871,6989,48871.05007,4.884819859,0,0,"{timeout:21600,max_col_multiplier:1,age_limit:4,random_seed:2,replication:3,num_threads:128}",1
c20100.json.gz,c,20,100,Dantzig,highs,DantzigFarkas,4,4,1218.987259,inf,,4912,,24,60,0.002259,0.001369,0.009266,331,146525.0111,5.516666667,0,0,"{timeout:21600,max_col_multiplier:1,age_limit:4,random_seed:3,replication:4,num_threads:128}",-1
c20100.json.gz,c,20,100,Dantzig,highs,DantzigFarkas,4,69,1241.666667,inf,nan,1241.666667,0,49,154,0.145408,0.02146,0.176959,6909,47514.57967,5.048550434,0,0,"{timeout:21600,max_col_multiplier:1,age_limit:4,random_seed:3,replication:4,num_threads:128}",2
c20100.json.gz,c,20,100,Dantzig,highs,DantzigFarkas,4,69,1241.666667,inf,nan,1241.666667,0,49,154,0.145408,0.02146,0.176959,6909,47514.57967,5.048550434,0,0,"{timeout:21600,max_col_multiplier:1,age_limit:4,random_seed:3,replication:4,num_threads:128}",1
c20100.json.gz,c,20,100,Dantzig,highs,DantzigFarkas,5,4,1218.987259,inf,,4923.090909,,46,60,0.002144,0.001448,0.009177,367,171175.3731,6.116666667,0,0,"{timeout:21600,max_col_multiplier:1,age_limit:4,random_seed:4,replication:5,num_threads:128}",-1
c20100.json.gz,c,20,100,Dantzig,highs,DantzigFarkas,5,68,1241.333333,inf,nan,1241.666667,0.333333333,53,162,0.142438,0.020329,0.172529,6839,48013.8727,5.1482623,0,0,"{timeout:21600,max_col_multiplier:1,age_limit:4,random_seed:4,replication:5,num_threads:128}",2
c20100.json.gz,c,20,100,Dantzig,highs,DantzigFarkas,5,68,1241.333333,inf,nan,1241.666667,0.333333333,53,162,0.142438,0.020329,0.17253,6839,48013.8727,5.1482623,0,0,"{timeout:21600,max_col_multiplier:1,age_limit:4,random_seed:4,replication:5,num_threads:128}",1
c201600.json.gz,c,20,1600,Dantzig,highs,DantzigFarkas,1,4,18798.56503,inf,,82616.26667,,56,60,0.146723,0.001978,0.258324,4846,33028.22325,80.76666667,0,0,"{timeout:21600,max_col_multiplier:1,age_limit:525,random_seed:0,replication:1,num_threads:128}",-1
c201600.json.gz,c,20,1600,Dantzig,highs,DantzigFarkas,1,479,18798.56503,inf,nan,30499.08592,49010.70098,979,9560,21602.14482,0.847586,21603.30804,2891367,133.8462928,301.4756089,0,1,"{timeout:21600,max_col_multiplier:1,age_limit:525,random_seed:0,replication:1,num_threads:128}",-4
c201600.json.gz,c,20,1600,Dantzig,highs,DantzigFarkas,1,479,18798.56503,inf,nan,30499.08592,49010.70098,979,9560,21602.14482,0.847586,21603.30804,2891367,133.8462928,301.4756089,0,1,"{timeout:21600,max_col_multiplier:1,age_limit:525,random_seed:0,replication:1,num_threads:128}",1
c201600.json.gz,c,20,1600,Dantzig,highs,DantzigFarkas,2,4,18798.56503,inf,,84587.47222,,52,60,0.13057,0.003355,0.240501,4812,36853.7949,80.2,0,0,"{timeout:21600,max_col_multiplier:1,age_limit:525,random_seed:1,replication:2,num_threads:128}",-1
c201600.json.gz,c,20,1600,Dantzig,highs,DantzigFarkas,2,479,18798.56503,inf,nan,30646.57945,47610.23075,1000,9560,21700.22235,0.81423,21701.34233,2917289,134.4359036,304.1838205,0,1,"{timeout:21600,max_col_multiplier:1,age_limit:525,random_seed:1,replication:2,num_threads:128}",-4
c201600.json.gz,c,20,1600,Dantzig,highs,DantzigFarkas,2,479,18798.56503,inf,nan,30646.57945,47610.23075,1000,9560,21700.22235,0.81423,21701.34233,2917289,134.4359036,304.1838205,0,1,"{timeout:21600,max_col_multiplier:1,age_limit:525,random_seed:1,replication:2,num_threads:128}",1
c201600.json.gz,c,20,1600,Dantzig,highs,DantzigFarkas,3,4,18798.56503,inf,,82960.75,,50,60,0.168957,0.003066,0.280172,5021,29717.62046,83.68333333,0,0,"{timeout:21600,max_col_multiplier:1,age_limit:525,random_seed:2,replication:3,num_threads:128}",-1
c201600.json.gz,c,20,1600,Dantzig,highs,DantzigFarkas,3,478,18798.56503,inf,nan,30411.47493,48176.46492,1026,9540,21697.04534,0.808775,21698.16506,2878943,132.6882511,300.7945258,0,1,"{timeout:21600,max_col_multiplier:1,age_limit:525,random_seed:2,replication:3,num_threads:128}",-4
c201600.json.gz,c,20,1600,Dantzig,highs,DantzigFarkas,3,478,18798.56503,inf,nan,30411.47493,48176.46492,1026,9540,21697.04534,0.808775,21698.16506,2878943,132.6882511,300.7945258,0,1,"{timeout:21600,max_col_multiplier:1,age_limit:525,random_seed:2,replication:3,num_threads:128}",1
c201600.json.gz,c,20,1600,Dantzig,highs,DantzigFarkas,4,5,18798.56503,inf,,77687.74138,,71,80,0.182111,0.003117,0.298796,5121,28120.2124,64.0125,0,0,"{timeout:21600,max_col_multiplier:1,age_limit:525,random_seed:3,replication:4,num_threads:128}",-1
c201600.json.gz,c,20,1600,Dantzig,highs,DantzigFarkas,4,472,18798.56503,inf,nan,30625.69695,48852.61774,999,9420,21658.38283,0.796706,21659.49301,2864422,132.2546574,303.0276748,0,1,"{timeout:21600,max_col_multiplier:1,age_limit:525,random_seed:3,replication:4,num_threads:128}",-4
c201600.json.gz,c,20,1600,Dantzig,highs,DantzigFarkas,4,472,18798.56503,inf,nan,30625.69695,48852.61774,999,9420,21658.38283,0.796706,21659.49301,2864422,132.2546574,303.0276748,0,1,"{timeout:21600,max_col_multiplier:1,age_limit:525,random_seed:3,replication:4,num_threads:128}",1
c201600.json.gz,c,20,1600,Dantzig,highs,DantzigFarkas,5,5,18798.56503,inf,,82616.25,,57,80,0.127368,0.003425,0.238454,4840,38000.12562,60.5,0,0,"{timeout:21600,max_col_multiplier:1,age_limit:525,random_seed:4,replication:5,num_threads:128}",-1
c201600.json.gz,c,20,1600,Dantzig,highs,DantzigFarkas,5,320,18798.56503,inf,nan,34765.08623,68305.51336,1144,6380,21755.73872,0.662687,21756.64176,1779390,81.7894544,277.4625,0,1,"{timeout:21600,max_col_multiplier:1,age_limit:525,random_seed:4,replication:5,num_threads:128}",-4
c201600.json.gz,c,20,1600,Dantzig,highs,DantzigFarkas,5,320,18798.56503,inf,nan,34765.08623,68305.51336,1144,6380,21755.73872,0.662687,21756.64176,1779390,81.7894544,277.4625,0,1,"{timeout:21600,max_col_multiplier:1,age_limit:525,random_seed:4,replication:5,num_threads:128}",1
c20200.json.gz,c,20,200,Dantzig,highs,DantzigFarkas,1,4,2376.905486,inf,,10415.5,,36,60,0.004338,0.002519,0.023603,631,145458.7367,10.51666667,0,0,"{timeout:21600,max_col_multiplier:1,age_limit:10,random_seed:0,replication:1,num_threads:128}",-1
c20200.json.gz,c,20,200,Dantzig,highs,DantzigFarkas,1,201,2390.091492,inf,nan,2390.171506,0.080013504,75,406,2.557906,0.059054,2.649893,47278,18483.08734,11.82466944,0,0,"{timeout:21600,max_col_multiplier:1,age_limit:10,random_seed:0,replication:1,num_threads:128}",2
c20200.json.gz,c,20,200,Dantzig,highs,DantzigFarkas,1,201,2390.091492,inf,nan,2390.171506,0.080013504,75,406,2.557906,0.059054,2.649893,47278,18483.08734,11.82466944,0,0,"{timeout:21600,max_col_multiplier:1,age_limit:10,random_seed:0,replication:1,num_threads:128}",1
c20200.json.gz,c,20,200,Dantzig,highs,DantzigFarkas,2,4,2376.905486,inf,,10391.5,,34,60,0.004303,0.001693,0.016627,636,147803.8578,10.6,0,0,"{timeout:21600,max_col_multiplier:1,age_limit:10,random_seed:1,replication:2,num_threads:128}",-1
c20200.json.gz,c,20,200,Dantzig,highs,DantzigFarkas,2,212,2390.133356,inf,nan,2390.171506,0.038149899,75,403,2.667861,0.057822,2.753782,50096,18777.58999,11.99478213,0,0,"{timeout:21600,max_col_multiplier:1,age_limit:10,random_seed:1,replication:2,num_threads:128}",2
c20200.json.gz,c,20,200,Dantzig,highs,DantzigFarkas,2,212,2390.133356,inf,nan,2390.171506,0.038149899,75,403,2.667861,0.057822,2.753782,50096,18777.58999,11.99478213,0,0,"{timeout:21600,max_col_multiplier:1,age_limit:10,random_seed:1,replication:2,num_threads:128}",1
c20200.json.gz,c,20,200,Dantzig,highs,DantzigFarkas,3,4,2376.905486,inf,,9874.5,,36,60,0.003728,0.001418,0.015968,602,161480.6867,10.03333333,0,0,"{timeout:21600,max_col_multiplier:1,age_limit:10,random_seed:2,replication:3,num_threads:128}",-1
c20200.json.gz,c,20,200,Dantzig,highs,DantzigFarkas,3,210,2390.026577,inf,nan,2390.17151,0.144932672,76,348,2.522137,0.055001,2.605045,47303,18755.1271,11.53160228,0,0,"{timeout:21600,max_col_multiplier:1,age_limit:10,random_seed:2,replication:3,num_threads:128}",2
c20200.json.gz,c,20,200,Dantzig,highs,DantzigFarkas,3,210,2390.026577,inf,nan,2390.17151,0.144932672,76,348,2.522137,0.055001,2.605046,47303,18755.1271,11.53160228,0,0,"{timeout:21600,max_col_multiplier:1,age_limit:10,random_seed:2,replication:3,num_threads:128}",1
c20200.json.gz,c,20,200,Dantzig,highs,DantzigFarkas,4,4,2376.905486,inf,,10311.5,,36,60,0.004003,0.00164,0.015967,615,153634.7739,10.25,0,0,"{timeout:21600,max_col_multiplier:1,age_limit:10,random_seed:3,replication:4,num_threads:128}",-1
c20200.json.gz,c,20,200,Dantzig,highs,DantzigFarkas,4,202,2390.064327,inf,nan,2390.226121,0.161793372,80,308,2.597365,0.055262,2.67921,47948,18460.24721,12.05317835,0,0,"{timeout:21600,max_col_multiplier:1,age_limit:10,random_seed:3,replication:4,num_threads:128}",2
c20200.json.gz,c,20,200,Dantzig,highs,DantzigFarkas,4,202,2390.064327,inf,nan,2390.226121,0.161793372,80,308,2.597365,0.055262,2.679211,47948,18460.24721,12.05317835,0,0,"{timeout:21600,max_col_multiplier:1,age_limit:10,random_seed:3,replication:4,num_threads:128}",1
c20200.json.gz,c,20,200,Dantzig,highs,DantzigFarkas,5,4,2376.905486,inf,,10325,,35,60,0.005057,0.00145,0.017226,685,135455.8038,11.41666667,0,0,"{timeout:21600,max_col_multiplier:1,age_limit:10,random_seed:4,replication:5,num_threads:128}",-1
c20200.json.gz,c,20,200,Dantzig,highs,DantzigFarkas,5,208,2390.163448,inf,nan,2390.171034,0.007586207,75,347,2.495164,0.05455,2.577125,46440,18612.00306,11.48266756,0,0,"{timeout:21600,max_col_multiplier:1,age_limit:10,random_seed:4,replication:5,num_threads:128}",2
c20200.json.gz,c,20,200,Dantzig,highs,DantzigFarkas,5,208,2390.163448,inf,nan,2390.171034,0.007586207,75,347,2.495164,0.05455,2.577125,46440,18612.00306,11.48266756,0,0,"{timeout:21600,max_col_multiplier:1,age_limit:10,random_seed:4,replication:5,num_threads:128}",1
c20400.json.gz,c,20,400,Dantzig,highs,DantzigFarkas,1,4,4774.150442,inf,,20697.6,,52,60,0.011164,0.004991,0.048386,1269,113668.9359,21.15,0,0,"{timeout:21600,max_col_multiplier:1,age_limit:34,random_seed:0,replication:1,num_threads:128}",-1
c20400.json.gz,c,20,400,Dantzig,highs,DantzigFarkas,1,767,4780.014017,inf,nan,4780.185983,0.171966122,99,895,104.777791,0.216361,105.142127,504867,4818.454323,33.5661728,0,0,"{timeout:21600,max_col_multiplier:1,age_limit:34,random_seed:0,replication:1,num_threads:128}",2
c20400.json.gz,c,20,400,Dantzig,highs,DantzigFarkas,1,767,4780.014017,inf,nan,4780.185983,0.171966122,99,895,104.777791,0.216361,105.142128,504867,4818.454323,33.5661728,0,0,"{timeout:21600,max_col_multiplier:1,age_limit:34,random_seed:0,replication:1,num_threads:128}",1
c20400.json.gz,c,20,400,Dantzig,highs,DantzigFarkas,2,4,4774.150442,inf,,20604.25,,46,60,0.011347,0.001496,0.037469,1263,111306.9534,21.05,0,0,"{timeout:21600,max_col_multiplier:1,age_limit:34,random_seed:1,replication:2,num_threads:128}",-1
c20400.json.gz,c,20,400,Dantzig,highs,DantzigFarkas,2,776,4780.003818,inf,nan,4780.184668,0.180849796,98,638,102.134391,0.206316,102.479524,490438,4801.888915,32.42247566,0,0,"{timeout:21600,max_col_multiplier:1,age_limit:34,random_seed:1,replication:2,num_threads:128}",2
c20400.json.gz,c,20,400,Dantzig,highs,DantzigFarkas,2,776,4780.003818,inf,nan,4780.184668,0.180849796,98,638,102.134391,0.206316,102.479525,490438,4801.888915,32.42247566,0,0,"{timeout:21600,max_col_multiplier:1,age_limit:34,random_seed:1,replication:2,num_threads:128}",1
c20400.json.gz,c,20,400,Dantzig,highs,DantzigFarkas,3,4,4774.150442,inf,,21660.25,,43,60,0.014462,0.001484,0.039783,1340,92656.61734,22.33333333,0,0,"{timeout:21600,max_col_multiplier:1,age_limit:34,random_seed:2,replication:3,num_threads:128}",-1
c20400.json.gz,c,20,400,Dantzig,highs,DantzigFarkas,3,798,4780.002397,inf,nan,4780.184668,0.182271599,99,498,105.397377,0.224412,105.756668,505278,4794.028223,33.13058674,0,0,"{timeout:21600,max_col_multiplier:1,age_limit:34,random_seed:2,replication:3,num_threads:128}",2
c20400.json.gz,c,20,400,Dantzig,highs,DantzigFarkas,3,798,4780.002397,inf,nan,4780.184668,0.182271599,99,498,105.397377,0.224412,105.756669,505278,4794.028223,33.13058674,0,0,"{timeout:21600,max_col_multiplier:1,age_limit:34,random_seed:2,replication:3,num_threads:128}",1
c20400.json.gz,c,20,400,Dantzig,highs,DantzigFarkas,4,5,4774.150442,inf,,20156.36585,,60,80,0.014029,0.002222,0.041506,1356,96656.92494,16.95,0,0,"{timeout:21600,max_col_multiplier:1,age_limit:34,random_seed:3,replication:4,num_threads:128}",-1
c20400.json.gz,c,20,400,Dantzig,highs,DantzigFarkas,4,761,4780.053562,inf,nan,4780.185755,0.132193556,100,929,103.933096,0.217644,104.29043,508102,4888.741119,33.82339882,0,0,"{timeout:21600,max_col_multiplier:1,age_limit:34,random_seed:3,replication:4,num_threads:128}",2
c20400.json.gz,c,20,400,Dantzig,highs,DantzigFarkas,4,761,4780.053562,inf,nan,4780.185755,0.132193556,100,929,103.933096,0.217644,104.29043,508102,4888.741119,33.82339882,0,0,"{timeout:21600,max_col_multiplier:1,age_limit:34,random_seed:3,replication:4,num_threads:128}",1
c20400.json.gz,c,20,400,Dantzig,highs,DantzigFarkas,5,4,4774.150442,inf,,21188.5,,44,60,0.013456,0.001587,0.038894,1333,99063.61474,22.21666667,0,0,"{timeout:21600,max_col_multiplier:1,age_limit:34,random_seed:4,replication:5,num_threads:128}",-1
c20400.json.gz,c,20,400,Dantzig,highs,DantzigFarkas,5,786,4780.044988,inf,nan,4780.184668,0.139680285,99,779,107.27507,0.211112,107.629417,520576,4852.72114,33.70546934,0,0,"{timeout:21600,max_col_multiplier:1,age_limit:34,random_seed:4,replication:5,num_threads:128}",2
c20400.json.gz,c,20,400,Dantzig,highs,DantzigFarkas,5,786,4780.044988,inf,nan,4780.184668,0.139680285,99,779,107.27507,0.211112,107.629418,520576,4852.72114,33.70546934,0,0,"{timeout:21600,max_col_multiplier:1,age_limit:34,random_seed:4,replication:5,num_threads:128}",1
c30900.json.gz,c,30,900,Dantzig,highs,DantzigFarkas,1,4,9974.681661,inf,,49541.32558,,77,90,0.057388,0.002101,0.146063,3104,54087.96264,34.48888889,0,0,"{timeout:21600,max_col_multiplier:1,age_limit:75,random_seed:100,replication:1,num_threads:128}",-1
c30900.json.gz,c,30,900,Dantzig,highs,DantzigFarkas,1,1930,9981.021556,inf,nan,9981.1705,0.148944509,163,2734,7432.605706,1.030494,7434.510843,6476562,871.3716637,112.7381801,0,0,"{timeout:21600,max_col_multiplier:1,age_limit:75,random_seed:100,replication:1,num_threads:128}",2
c30900.json.gz,c,30,900,Dantzig,highs,DantzigFarkas,1,1930,9981.021556,inf,nan,9981.1705,0.148944509,163,2734,7432.605706,1.030494,7434.510843,6476562,871.3716637,112.7381801,0,0,"{timeout:21600,max_col_multiplier:1,age_limit:75,random_seed:100,replication:1,num_threads:128}",1
c30900.json.gz,c,30,900,Dantzig,highs,DantzigFarkas,2,4,9974.681661,inf,,50067.85714,,76,90,0.054089,0.00162,0.142596,2982,55131.35758,33.13333333,0,0,"{timeout:21600,max_col_multiplier:1,age_limit:75,random_seed:101,replication:2,num_threads:128}",-1
c30900.json.gz,c,30,900,Dantzig,highs,DantzigFarkas,2,1925,9981.029288,inf,nan,9981.168076,0.138788393,161,2956,7515.242156,1.016323,7517.142837,6520741,867.6687809,114.2958505,0,0,"{timeout:21600,max_col_multiplier:1,age_limit:75,random_seed:101,replication:2,num_threads:128}",2
c30900.json.gz,c,30,900,Dantzig,highs,DantzigFarkas,2,1925,9981.029288,inf,nan,9981.168076,0.138788393,161,2956,7515.242156,1.016323,7517.142838,6520741,867.6687809,114.2958505,0,0,"{timeout:21600,max_col_multiplier:1,age_limit:75,random_seed:101,replication:2,num_threads:128}",1
c30900.json.gz,c,30,900,Dantzig,highs,DantzigFarkas,3,4,9974.681661,inf,,51007.25,,67,90,0.056268,0.002374,0.143389,3014,53565.0814,33.48888889,0,0,"{timeout:21600,max_col_multiplier:1,age_limit:75,random_seed:2,replication:3,num_threads:128}",-1
c30900.json.gz,c,30,900,Dantzig,highs,DantzigFarkas,3,1988,9981.003945,inf,nan,9981.170118,0.166172886,163,2456,7345.566116,1.035705,7347.465685,6362982,866.2343922,108.1691299,0,0,"{timeout:21600,max_col_multiplier:1,age_limit:75,random_seed:2,replication:3,num_threads:128}",2
c30900.json.gz,c,30,900,Dantzig,highs,DantzigFarkas,3,1988,9981.003945,inf,nan,9981.170118,0.166172886,163,2456,7345.566116,1.035705,7347.465686,6362982,866.2343922,108.1691299,0,0,"{timeout:21600,max_col_multiplier:1,age_limit:75,random_seed:2,replication:3,num_threads:128}",1
c30900.json.gz,c,30,900,Dantzig,highs,DantzigFarkas,4,5,9974.681661,inf,,46774.11558,,92,120,0.055122,0.002172,0.148125,3029,54950.83633,25.24166667,0,0,"{timeout:21600,max_col_multiplier:1,age_limit:75,random_seed:3,replication:4,num_threads:128}",-1
c30900.json.gz,c,30,900,Dantzig,highs,DantzigFarkas,4,1937,9981.028705,inf,nan,9981.165054,0.136348796,164,3007,7543.477056,1.03679,7545.398636,6614004,876.784532,114.9604451,0,0,"{timeout:21600,max_col_multiplier:1,age_limit:75,random_seed:3,replication:4,num_threads:128}",2
c30900.json.gz,c,30,900,Dantzig,highs,DantzigFarkas,4,1937,9981.028705,inf,nan,9981.165054,0.136348796,164,3007,7543.477056,1.03679,7545.398637,6614004,876.784532,114.9604451,0,0,"{timeout:21600,max_col_multiplier:1,age_limit:75,random_seed:3,replication:4,num_threads:128}",1
c30900.json.gz,c,30,900,Dantzig,highs,DantzigFarkas,5,4,9974.681661,inf,,51136.5,,59,90,0.062499,0.001627,0.148353,3132,50112.8018,34.8,0,0,"{timeout:21600,max_col_multiplier:1,age_limit:75,random_seed:204,replication:5,num_threads:128}",-1
c30900.json.gz,c,30,900,Dantzig,highs,DantzigFarkas,5,2065,9981.038695,inf,nan,9981.16597,0.127274722,164,1912,7487.126726,1.114511,7489.135239,6493778,867.3257763,106.6200976,0,0,"{timeout:21600,max_col_multiplier:1,age_limit:75,random_seed:204,replication:5,num_threads:128}",2
c30900.json.gz,c,30,900,Dantzig,highs,DantzigFarkas,5,2065,9981.038695,inf,nan,9981.16597,0.127274722,164,1912,7487.126726,1.114511,7489.13524,6493778,867.3257763,106.6200976,0,0,"{timeout:21600,max_col_multiplier:1,age_limit:75,random_seed:204,replication:5,num_threads:128}",1
c401600.json.gz,c,40,1600,Dantzig,highs,DantzigFarkas,1,4,17139.32464,inf,,94412.14286,,102,120,0.169586,0.004072,0.399529,5390,31783.284,44.91666667,0,0,"{timeout:21600,max_col_multiplier:1,age_limit:132,random_seed:0,replication:1,num_threads:128}",-1
c401600.json.gz,c,40,1600,Dantzig,highs,DantzigFarkas,1,365,17139.32464,inf,nan,21862.94631,19256.6763,1498,7842,21673.41625,0.372789,21674.28943,2211721,102.047641,151.241621,0,1,"{timeout:21600,max_col_multiplier:1,age_limit:132,random_seed:0,replication:1,num_threads:128}",-4
c401600.json.gz,c,40,1600,Dantzig,highs,DantzigFarkas,1,365,17139.32464,inf,nan,21862.94631,19256.6763,1498,7842,21673.41625,0.372789,21674.28944,2211721,102.047641,151.241621,0,1,"{timeout:21600,max_col_multiplier:1,age_limit:132,random_seed:0,replication:1,num_threads:128}",1
c401600.json.gz,c,40,1600,Dantzig,highs,DantzigFarkas,2,4,17139.32464,inf,,95285.83735,,97,120,0.199203,0.003544,0.422314,5933,29783.688,49.44166667,0,0,"{timeout:21600,max_col_multiplier:1,age_limit:132,random_seed:1,replication:2,num_threads:128}",-1
c401600.json.gz,c,40,1600,Dantzig,highs,DantzigFarkas,2,367,17139.32464,inf,nan,21924.69479,20206.88736,1499,7787,21806.32801,0.372499,21807.20439,2253449,103.3392233,153.2352634,0,1,"{timeout:21600,max_col_multiplier:1,age_limit:132,random_seed:1,replication:2,num_threads:128}",-4
c401600.json.gz,c,40,1600,Dantzig,highs,DantzigFarkas,2,367,17139.32464,inf,nan,21924.69479,20206.88736,1499,7787,21806.32801,0.372499,21807.20439,2253449,103.3392233,153.2352634,0,1,"{timeout:21600,max_col_multiplier:1,age_limit:132,random_seed:1,replication:2,num_threads:128}",1
c401600.json.gz,c,40,1600,Dantzig,highs,DantzigFarkas,3,4,17139.32464,inf,,95466.53409,,100,120,0.184541,0.002835,0.408262,5703,30903.70162,47.525,0,0,"{timeout:21600,max_col_multiplier:1,age_limit:132,random_seed:2,replication:3,num_threads:128}",-1
c401600.json.gz,c,40,1600,Dantzig,highs,DantzigFarkas,3,366,17139.32464,inf,nan,21824.09807,19570.68162,1488,7748,21642.32193,0.371316,21643.18341,2216414,102.4111002,151.1346995,0,1,"{timeout:21600,max_col_multiplier:1,age_limit:132,random_seed:2,replication:3,num_threads:128}",-4
c401600.json.gz,c,40,1600,Dantzig,highs,DantzigFarkas,3,366,17139.32464,inf,nan,21824.09807,19570.68162,1488,7748,21642.32193,0.371316,21643.18341,2216414,102.4111002,151.1346995,0,1,"{timeout:21600,max_col_multiplier:1,age_limit:132,random_seed:2,replication:3,num_threads:128}",1
c401600.json.gz,c,40,1600,Dantzig,highs,DantzigFarkas,4,4,17139.32464,inf,,95798.94444,,95,120,0.168791,0.002797,0.391849,5420,32110.7168,45.16666667,0,0,"{timeout:21600,max_col_multiplier:1,age_limit:132,random_seed:3,replication:4,num_threads:128}",-1
c401600.json.gz,c,40,1600,Dantzig,highs,DantzigFarkas,4,369,17139.32464,inf,nan,21878.7721,19127.32741,1461,7861,21811.58872,0.371206,21812.46237,2225738,102.0438277,150.5504517,0,1,"{timeout:21600,max_col_multiplier:1,age_limit:132,random_seed:3,replication:4,num_threads:128}",-4
c401600.json.gz,c,40,1600,Dantzig,highs,DantzigFarkas,4,369,17139.32464,inf,nan,21878.7721,19127.32741,1461,7861,21811.58872,0.371206,21812.46237,2225738,102.0438277,150.5504517,0,1,"{timeout:21600,max_col_multiplier:1,age_limit:132,random_seed:3,replication:4,num_threads:128}",1
c401600.json.gz,c,40,1600,Dantzig,highs,DantzigFarkas,5,4,17139.32464,inf,,94033.26667,,101,120,0.186895,0.002836,0.41129,5638,30166.67113,46.98333333,0,0,"{timeout:21600,max_col_multiplier:1,age_limit:132,random_seed:4,replication:5,num_threads:128}",-1
c401600.json.gz,c,40,1600,Dantzig,highs,DantzigFarkas,5,371,17139.32464,inf,nan,21900.44652,20001.3812,1475,7910,21711.46308,0.371851,21712.33438,2280460,105.0348377,153.4165319,0,1,"{timeout:21600,max_col_multiplier:1,age_limit:132,random_seed:4,replication:5,num_threads:128}",-4
c401600.json.gz,c,40,1600,Dantzig,highs,DantzigFarkas,5,371,17139.32464,inf,nan,21900.44652,20001.3812,1475,7910,21711.46308,0.371851,21712.33438,2280460,105.0348377,153.4165319,0,1,"{timeout:21600,max_col_multiplier:1,age_limit:132,random_seed:4,replication:5,num_threads:128}",1
c40400.json.gz,c,40,400,Dantzig,highs,DantzigFarkas,1,4,4231.982216,inf,,24100.5,,66,120,0.01571,0.001284,0.061387,1438,91534.05474,11.98333333,0,0,"{timeout:21600,max_col_multiplier:1,age_limit:10,random_seed:0,replication:1,num_threads:128}",-1
c40400.json.gz,c,40,400,Dantzig,highs,DantzigFarkas,1,225,4243.144126,inf,nan,4243.468939,0.324812706,153,745,21.015328,0.059331,21.157936,162507,7732.784375,18.23510956,0,0,"{timeout:21600,max_col_multiplier:1,age_limit:10,random_seed:0,replication:1,num_threads:128}",2
c40400.json.gz,c,40,400,Dantzig,highs,DantzigFarkas,1,225,4243.144126,inf,nan,4243.468939,0.324812706,153,745,21.015328,0.059331,21.157937,162507,7732.784375,18.23510956,0,0,"{timeout:21600,max_col_multiplier:1,age_limit:10,random_seed:0,replication:1,num_threads:128}",1
c40400.json.gz,c,40,400,Dantzig,highs,DantzigFarkas,2,4,4231.982216,inf,,23709.16667,,81,120,0.01133,0.001419,0.056875,1252,110503.0891,10.43333333,0,0,"{timeout:21600,max_col_multiplier:1,age_limit:10,random_seed:1,replication:2,num_threads:128}",-1
c40400.json.gz,c,40,400,Dantzig,highs,DantzigFarkas,2,232,4243.139164,inf,nan,4243.455235,0.316071069,150,821,21.606636,0.061085,21.752128,167267,7741.464243,18.3191173,0,0,"{timeout:21600,max_col_multiplier:1,age_limit:10,random_seed:1,replication:2,num_threads:128}",2
c40400.json.gz,c,40,400,Dantzig,highs,DantzigFarkas,2,232,4243.139164,inf,nan,4243.455235,0.316071069,150,821,21.606636,0.061085,21.752128,167267,7741.464243,18.3191173,0,0,"{timeout:21600,max_col_multiplier:1,age_limit:10,random_seed:1,replication:2,num_threads:128}",1
c40400.json.gz,c,40,400,Dantzig,highs,DantzigFarkas,3,4,4231.982216,inf,,23985.5,,63,120,0.013042,0.001316,0.058834,1384,106118.6935,11.53333333,0,0,"{timeout:21600,max_col_multiplier:1,age_limit:10,random_seed:2,replication:3,num_threads:128}",-1
c40400.json.gz,c,40,400,Dantzig,highs,DantzigFarkas,3,232,4243.006491,inf,nan,4243.462456,0.455964912,138,783,21.743896,0.064861,21.892763,166228,7644.812135,18.12693829,0,0,"{timeout:21600,max_col_multiplier:1,age_limit:10,random_seed:2,replication:3,num_threads:128}",2
c40400.json.gz,c,40,400,Dantzig,highs,DantzigFarkas,3,232,4243.006491,inf,nan,4243.462456,0.455964912,138,783,21.743896,0.064861,21.892764,166228,7644.812135,18.12693829,0,0,"{timeout:21600,max_col_multiplier:1,age_limit:10,random_seed:2,replication:3,num_threads:128}",1
c40400.json.gz,c,40,400,Dantzig,highs,DantzigFarkas,4,4,4231.982216,inf,,23458.5,,72,120,0.014267,0.001278,0.058498,1389,97357.53838,11.575,0,0,"{timeout:21600,max_col_multiplier:1,age_limit:10,random_seed:3,replication:4,num_threads:128}",-1
c40400.json.gz,c,40,400,Dantzig,highs,DantzigFarkas,4,233,4243.17826,inf,nan,4243.456221,0.277961275,150,743,21.57516,0.063457,21.721402,163870,7595.308679,17.83660449,0,0,"{timeout:21600,max_col_multiplier:1,age_limit:10,random_seed:3,replication:4,num_threads:128}",2
c40400.json.gz,c,40,400,Dantzig,highs,DantzigFarkas,4,233,4243.17826,inf,nan,4243.456221,0.277961275,150,743,21.57516,0.063457,21.721403,163870,7595.308679,17.83660449,0,0,"{timeout:21600,max_col_multiplier:1,age_limit:10,random_seed:3,replication:4,num_threads:128}",1
c40400.json.gz,c,40,400,Dantzig,highs,DantzigFarkas,5,4,4231.982216,inf,,23604.25,,74,120,0.014952,0.001501,0.058762,1398,93499.19743,11.65,0,0,"{timeout:21600,max_col_multiplier:1,age_limit:10,random_seed:4,replication:5,num_threads:128}",-1
c40400.json.gz,c,40,400,Dantzig,highs,DantzigFarkas,5,236,4243.313103,inf,nan,4243.449419,0.13631555,151,641,21.434426,0.061962,21.578612,165150,7704.89492,17.96049702,0,0,"{timeout:21600,max_col_multiplier:1,age_limit:10,random_seed:4,replication:5,num_threads:128}",2
c40400.json.gz,c,40,400,Dantzig,highs,DantzigFarkas,5,236,4243.313103,inf,nan,4243.449419,0.13631555,151,641,21.434426,0.061962,21.578613,165150,7704.89492,17.96049702,0,0,"{timeout:21600,max_col_multiplier:1,age_limit:10,random_seed:4,replication:5,num_threads:128}",1
c60900.json.gz,c,60,900,Dantzig,highs,DantzigFarkas,1,4,9315.038004,inf,,56055.22222,,130,180,0.074411,0.002548,0.260604,3641,48930.93763,20.22777778,0,0,"{timeout:21600,max_col_multiplier:1,age_limit:20,random_seed:0,replication:1,num_threads:128}",-1
c60900.json.gz,c,60,900,Dantzig,highs,DantzigFarkas,1,492,9324.120908,inf,nan,9324.663451,0.542542864,294,2170,1077.932478,0.204302,1078.509508,1394880,1294.032816,47.85508289,0,0,"{timeout:21600,max_col_multiplier:1,age_limit:20,random_seed:0,replication:1,num_threads:128}",2
c60900.json.gz,c,60,900,Dantzig,highs,DantzigFarkas,1,492,9324.120908,inf,nan,9324.663451,0.542542864,294,2170,1077.932478,0.204302,1078.509508,1394880,1294.032816,47.85508289,0,0,"{timeout:21600,max_col_multiplier:1,age_limit:20,random_seed:0,replication:1,num_threads:128}",1
c60900.json.gz,c,60,900,Dantzig,highs,DantzigFarkas,2,4,9315.038004,inf,,56151.22837,,133,180,0.059882,0.001965,0.243739,3386,56544.53759,18.81111111,0,0,"{timeout:21600,max_col_multiplier:1,age_limit:20,random_seed:1,replication:2,num_threads:128}",-1
c60900.json.gz,c,60,900,Dantzig,highs,DantzigFarkas,2,482,9324.068045,inf,nan,9324.710971,0.642926111,285,2308,1050.64366,0.205968,1051.216998,1358229,1292.758955,47.56219674,0,0,"{timeout:21600,max_col_multiplier:1,age_limit:20,random_seed:1,replication:2,num_threads:128}",2
c60900.json.gz,c,60,900,Dantzig,highs,DantzigFarkas,2,482,9324.068045,inf,nan,9324.710971,0.642926111,285,2308,1050.64366,0.205968,1051.216998,1358229,1292.758955,47.56219674,0,0,"{timeout:21600,max_col_multiplier:1,age_limit:20,random_seed:1,replication:2,num_threads:128}",1
c60900.json.gz,c,60,900,Dantzig,highs,DantzigFarkas,3,4,9315.038004,inf,,55793.04701,,135,180,0.063777,0.002175,0.248984,3533,55396.14595,19.62777778,0,0,"{timeout:21600,max_col_multiplier:1,age_limit:20,random_seed:2,replication:3,num_threads:128}",-1
c60900.json.gz,c,60,900,Dantzig,highs,DantzigFarkas,3,487,9324.085662,inf,nan,9324.681294,0.595632503,285,2242,1070.749028,0.202059,1071.321613,1377908,1286.863648,47.79620211,0,0,"{timeout:21600,max_col_multiplier:1,age_limit:20,random_seed:2,replication:3,num_threads:128}",2
c60900.json.gz,c,60,900,Dantzig,highs,DantzigFarkas,3,487,9324.085662,inf,nan,9324.681294,0.595632503,285,2242,1070.749028,0.202059,1071.321614,1377908,1286.863648,47.79620211,0,0,"{timeout:21600,max_col_multiplier:1,age_limit:20,random_seed:2,replication:3,num_threads:128}",1
c60900.json.gz,c,60,900,Dantzig,highs,DantzigFarkas,4,4,9315.038004,inf,,56626.32051,,123,180,0.069657,0.002576,0.253074,3599,51667.45625,19.99444444,0,0,"{timeout:21600,max_col_multiplier:1,age_limit:20,random_seed:3,replication:4,num_threads:128}",-1
c60900.json.gz,c,60,900,Dantzig,highs,DantzigFarkas,4,502,9324.08563,inf,nan,9324.663429,0.577798806,272,2061,1067.98738,0.214032,1068.57043,1398881,1309.829148,47.35678185,0,0,"{timeout:21600,max_col_multiplier:1,age_limit:20,random_seed:3,replication:4,num_threads:128}",2
c60900.json.gz,c,60,900,Dantzig,highs,DantzigFarkas,4,502,9324.08563,inf,nan,9324.663429,0.577798806,272,2061,1067.98738,0.214032,1068.57043,1398881,1309.829148,47.35678185,0,0,"{timeout:21600,max_col_multiplier:1,age_limit:20,random_seed:3,replication:4,num_threads:128}",1
c60900.json.gz,c,60,900,Dantzig,highs,DantzigFarkas,5,4,9315.038004,inf,,55891.54412,,133,180,0.064251,0.001871,0.246693,3426,53322.12728,19.03333333,0,0,"{timeout:21600,max_col_multiplier:1,age_limit:20,random_seed:4,replication:5,num_threads:128}",-1
c60900.json.gz,c,60,900,Dantzig,highs,DantzigFarkas,5,488,9324.196665,inf,nan,9324.680798,0.484132773,284,1995,1061.575585,0.212097,1062.152226,1365660,1286.446316,47.49078554,0,0,"{timeout:21600,max_col_multiplier:1,age_limit:20,random_seed:4,replication:5,num_threads:128}",2
c60900.json.gz,c,60,900,Dantzig,highs,DantzigFarkas,5,488,9324.196665,inf,nan,9324.680798,0.484132773,284,1995,1061.575585,0.212097,1062.152227,1365660,1286.446316,47.49078554,0,0,"{timeout:21600,max_col_multiplier:1,age_limit:20,random_seed:4,replication:5,num_threads:128}",1
c801600.json.gz,c,80,1600,Dantzig,highs,DantzigFarkas,1,4,16283,inf,,103157.7357,,180,240,0.233742,0.003087,0.856817,6857,29335.76336,28.57083333,0,0,"{timeout:21600,max_col_multiplier:1,age_limit:34,random_seed:0,replication:1,num_threads:128}",-1
c801600.json.gz,c,80,1600,Dantzig,highs,DantzigFarkas,1,367,16283,inf,nan,16515.93277,697.7341728,1673,6247,21617.21795,0.274768,21618.40065,2220365,102.7128008,75.46981153,0,1,"{timeout:21600,max_col_multiplier:1,age_limit:34,random_seed:0,replication:1,num_threads:128}",-4
c801600.json.gz,c,80,1600,Dantzig,highs,DantzigFarkas,1,367,16283,inf,nan,16515.93277,697.7341728,1673,6247,21617.21795,0.274768,21618.40065,2220365,102.7128008,75.46981153,0,1,"{timeout:21600,max_col_multiplier:1,age_limit:34,random_seed:0,replication:1,num_threads:128}",1
c801600.json.gz,c,80,1600,Dantzig,highs,DantzigFarkas,2,4,16283,inf,,101429.99,,182,240,0.203983,0.003152,0.788892,6433,31536.9418,26.80416667,0,0,"{timeout:21600,max_col_multiplier:1,age_limit:34,random_seed:1,replication:2,num_threads:128}",-1
c801600.json.gz,c,80,1600,Dantzig,highs,DantzigFarkas,2,363,16283,inf,nan,16541.75138,773.7550477,1676,6246,21612.60935,0.286302,21613.76298,2202017,101.885754,75.67935032,0,1,"{timeout:21600,max_col_multiplier:1,age_limit:34,random_seed:1,replication:2,num_threads:128}",-4
c801600.json.gz,c,80,1600,Dantzig,highs,DantzigFarkas,2,363,16283,inf,nan,16541.75138,773.7550477,1676,6246,21612.60935,0.286302,21613.76298,2202017,101.885754,75.67935032,0,1,"{timeout:21600,max_col_multiplier:1,age_limit:34,random_seed:1,replication:2,num_threads:128}",1
c801600.json.gz,c,80,1600,Dantzig,highs,DantzigFarkas,3,4,16283,inf,,104208.65,,160,240,0.227696,0.003181,0.807256,6797,29851.20512,28.32083333,0,0,"{timeout:21600,max_col_multiplier:1,age_limit:34,random_seed:2,replication:3,num_threads:128}",-1
c801600.json.gz,c,80,1600,Dantzig,highs,DantzigFarkas,3,366,16283,inf,nan,16526.63476,733.9336297,1674,6271,21623.09032,0.273001,21624.2267,2207644,102.0965998,75.24291894,0,1,"{timeout:21600,max_col_multiplier:1,age_limit:34,random_seed:2,replication:3,num_threads:128}",-4
c801600.json.gz,c,80,1600,Dantzig,highs,DantzigFarkas,3,366,16283,inf,nan,16526.63476,733.9336297,1674,6271,21623.09032,0.273001,21624.2267,2207644,102.0965998,75.24291894,0,1,"{timeout:21600,max_col_multiplier:1,age_limit:34,random_seed:2,replication:3,num_threads:128}",1
c801600.json.gz,c,80,1600,Dantzig,highs,DantzigFarkas,4,4,16283,inf,,102759.3333,,181,240,0.19059,0.002979,0.768126,6289,32997.53397,26.20416667,0,0,"{timeout:21600,max_col_multiplier:1,age_limit:34,random_seed:3,replication:4,num_threads:128}",-1
c801600.json.gz,c,80,1600,Dantzig,highs,DantzigFarkas,4,364,16283,inf,nan,16533.83467,763.6192748,1675,6229,21614.71867,0.279023,21615.85215,2212832,102.3761648,75.84613095,0,1,"{timeout:21600,max_col_multiplier:1,age_limit:34,random_seed:3,replication:4,num_threads:128}",-4
c801600.json.gz,c,80,1600,Dantzig,highs,DantzigFarkas,4,364,16283,inf,nan,16533.83467,763.6192748,1675,6229,21614.71867,0.279023,21615.85215,2212832,102.3761648,75.84613095,0,1,"{timeout:21600,max_col_multiplier:1,age_limit:34,random_seed:3,replication:4,num_threads:128}",1
c801600.json.gz,c,80,1600,Dantzig,highs,DantzigFarkas,5,4,16283,inf,,102601.3185,,189,240,0.218405,0.003174,0.803558,6607,30251.13894,27.52916667,0,0,"{timeout:21600,max_col_multiplier:1,age_limit:34,random_seed:4,replication:5,num_threads:128}",-1
c801600.json.gz,c,80,1600,Dantzig,highs,DantzigFarkas,5,367,16283,inf,nan,16520.28196,730.0315271,1674,6207,21637.03445,0.278223,21638.1806,2229681,103.0492883,75.79279064,0,1,"{timeout:21600,max_col_multiplier:1,age_limit:34,random_seed:4,replication:5,num_threads:128}",-4
c801600.json.gz,c,80,1600,Dantzig,highs,DantzigFarkas,5,367,16283,inf,nan,16520.28196,730.0315271,1674,6207,21637.03445,0.278223,21638.1806,2229681,103.0492883,75.79279064,0,1,"{timeout:21600,max_col_multiplier:1,age_limit:34,random_seed:4,replication:5,num_threads:128}",1
e05100.json.gz,e,5,100,Dantzig,highs,DantzigFarkas,1,3,12641.41913,27540,,27540,,5,14,0.001225,0.000878,0.008869,332,271020.4082,23.71428571,1,0,"{timeout:21600,max_col_multiplier:1,age_limit:34,random_seed:0,replication:1,num_threads:128}",-1
e05100.json.gz,e,5,100,Dantzig,highs,DantzigFarkas,1,490,12673.04695,27540,53.97966594,12673.04695,0,34,266,1.299275,0.151023,1.476725,31425,24186.56558,12.84094752,1,0,"{timeout:21600,max_col_multiplier:1,age_limit:34,random_seed:0,replication:1,num_threads:128}",2
e05100.json.gz,e,5,100,Dantzig,highs,DantzigFarkas,1,490,12673.04695,27540,53.97966594,12673.04695,0,34,266,1.299275,0.151023,1.476726,31425,24186.56558,12.84094752,1,0,"{timeout:21600,max_col_multiplier:1,age_limit:34,random_seed:0,replication:1,num_threads:128}",1
e05100.json.gz,e,5,100,Dantzig,highs,DantzigFarkas,2,3,12641.41913,inf,,71331.5,,9,10,0.001113,0.00104,0.005356,326,292902.0665,32.6,0,0,"{timeout:21600,max_col_multiplier:1,age_limit:34,random_seed:1,replication:2,num_threads:128}",-1
e05100.json.gz,e,5,100,Dantzig,highs,DantzigFarkas,2,493,12673.02817,inf,nan,12673.04695,0.018779343,34,271,1.326267,0.134579,1.48186,31539,23780.27954,12.8484787,0,0,"{timeout:21600,max_col_multiplier:1,age_limit:34,random_seed:1,replication:2,num_threads:128}",2
e05100.json.gz,e,5,100,Dantzig,highs,DantzigFarkas,2,493,12673.02817,inf,nan,12673.04695,0.018779343,34,271,1.326267,0.134579,1.48186,31539,23780.27954,12.8484787,0,0,"{timeout:21600,max_col_multiplier:1,age_limit:34,random_seed:1,replication:2,num_threads:128}",1
e05100.json.gz,e,5,100,Dantzig,highs,DantzigFarkas,3,3,12641.41913,28210,,28210,,5,14,0.001284,0.000835,0.005519,329,256230.5296,23.5,1,0,"{timeout:21600,max_col_multiplier:1,age_limit:34,random_seed:2,replication:3,num_threads:128}",-1
e05100.json.gz,e,5,100,Dantzig,highs,DantzigFarkas,3,493,12673.04695,28210,55.07266927,12673.04695,0,34,261,1.288904,0.112097,1.419772,31038,24080.92457,12.69425287,1,0,"{timeout:21600,max_col_multiplier:1,age_limit:34,random_seed:2,replication:3,num_threads:128}",2
e05100.json.gz,e,5,100,Dantzig,highs,DantzigFarkas,3,493,12673.04695,28210,55.07266927,12673.04695,0,34,261,1.288904,0.112097,1.419773,31038,24080.92457,12.69425287,1,0,"{timeout:21600,max_col_multiplier:1,age_limit:34,random_seed:2,replication:3,num_threads:128}",1
e05100.json.gz,e,5,100,Dantzig,highs,DantzigFarkas,4,3,12641.41913,25135,,25135,,5,14,0.001761,0.001074,0.006117,331,187961.3856,23.64285714,1,0,"{timeout:21600,max_col_multiplier:1,age_limit:34,random_seed:3,replication:4,num_threads:128}",-1
e05100.json.gz,e,5,100,Dantzig,highs,DantzigFarkas,4,529,12673.02817,25135,49.57628804,12673.04695,0.018779343,34,277,1.429131,0.134848,1.587396,33754,23618.54861,12.86192727,1,0,"{timeout:21600,max_col_multiplier:1,age_limit:34,random_seed:3,replication:4,num_threads:128}",2
e05100.json.gz,e,5,100,Dantzig,highs,DantzigFarkas,4,529,12673.02817,25135,49.57628804,12673.04695,0.018779343,34,277,1.429131,0.134848,1.587397,33754,23618.54861,12.86192727,1,0,"{timeout:21600,max_col_multiplier:1,age_limit:34,random_seed:3,replication:4,num_threads:128}",1
e05100.json.gz,e,5,100,Dantzig,highs,DantzigFarkas,5,4,12641.41913,inf,,80391,,8,15,0.001234,0.001365,0.005805,332,269043.7601,22.13333333,0,0,"{timeout:21600,max_col_multiplier:1,age_limit:34,random_seed:4,replication:5,num_threads:128}",-1
e05100.json.gz,e,5,100,Dantzig,highs,DantzigFarkas,5,500,12673.04695,inf,nan,12673.04695,0,34,312,1.300275,0.131423,1.452478,31280,24056.4496,12.63676667,0,0,"{timeout:21600,max_col_multiplier:1,age_limit:34,random_seed:4,replication:5,num_threads:128}",2
e05100.json.gz,e,5,100,Dantzig,highs,DantzigFarkas,5,500,12673.04695,inf,nan,12673.04695,0,34,312,1.300275,0.131423,1.452479,31280,24056.4496,12.63676667,0,0,"{timeout:21600,max_col_multiplier:1,age_limit:34,random_seed:4,replication:5,num_threads:128}",1
e05200.json.gz,e,5,200,Dantzig,highs,DantzigFarkas,1,4,24922,inf,,156769.5,,8,15,0.00345,0.001373,0.016811,678,196521.7391,45.2,0,0,"{timeout:21600,max_col_multiplier:1,age_limit:132,random_seed:0,replication:1,num_threads:128}",-1
e05200.json.gz,e,5,200,Dantzig,highs,DantzigFarkas,1,2921,24926.04517,inf,nan,24926.64286,0.597682861,22,990,89.610815,0.838206,90.746714,563726,6290.825499,38.73468561,0,0,"{timeout:21600,max_col_multiplier:1,age_limit:132,random_seed:0,replication:1,num_threads:128}",2
e05200.json.gz,e,5,200,Dantzig,highs,DantzigFarkas,1,2921,24926.04517,inf,nan,24926.64286,0.597682861,22,990,89.610815,0.838206,90.746714,563726,6290.825499,38.73468561,0,0,"{timeout:21600,max_col_multiplier:1,age_limit:132,random_seed:0,replication:1,num_threads:128}",1
e05200.json.gz,e,5,200,Dantzig,highs,DantzigFarkas,2,6,24922,inf,,112794,,10,25,0.004095,0.002391,0.013179,693,169230.7692,27.72,0,0,"{timeout:21600,max_col_multiplier:1,age_limit:132,random_seed:1,replication:2,num_threads:128}",-1
e05200.json.gz,e,5,200,Dantzig,highs,DantzigFarkas,2,2901,24926.03571,inf,nan,24926.64286,0.607142857,28,818,81.896904,0.825504,83.001479,525065,6411.292422,36.59225095,0,0,"{timeout:21600,max_col_multiplier:1,age_limit:132,random_seed:1,replication:2,num_threads:128}",2
e05200.json.gz,e,5,200,Dantzig,highs,DantzigFarkas,2,2901,24926.03571,inf,nan,24926.64286,0.607142857,28,818,81.896904,0.825504,83.00148,525065,6411.292422,36.59225095,0,0,"{timeout:21600,max_col_multiplier:1,age_limit:132,random_seed:1,replication:2,num_threads:128}",1
e05200.json.gz,e,5,200,Dantzig,highs,DantzigFarkas,3,4,24922,inf,,136241,,9,15,0.002743,0.001252,0.010495,667,243164.4185,44.46666667,0,0,"{timeout:21600,max_col_multiplier:1,age_limit:132,random_seed:2,replication:3,num_threads:128}",-1
e05200.json.gz,e,5,200,Dantzig,highs,DantzigFarkas,3,2742,24926.07341,inf,nan,24926.64286,0.569444445,25,696,80.628894,0.774951,81.675691,510936,6336.884641,37.62721858,0,0,"{timeout:21600,max_col_multiplier:1,age_limit:132,random_seed:2,replication:3,num_threads:128}",2
e05200.json.gz,e,5,200,Dantzig,highs,DantzigFarkas,3,2742,24926.07341,inf,nan,24926.64286,0.569444445,25,696,80.628894,0.774951,81.675692,510936,6336.884641,37.62721858,0,0,"{timeout:21600,max_col_multiplier:1,age_limit:132,random_seed:2,replication:3,num_threads:128}",1
e05200.json.gz,e,5,200,Dantzig,highs,DantzigFarkas,4,3,24922,48986,,48986,,5,14,0.002813,0.000992,0.010523,660,234624.9556,47.14285714,1,0,"{timeout:21600,max_col_multiplier:1,age_limit:132,random_seed:3,replication:4,num_threads:128}",-1
e05200.json.gz,e,5,200,Dantzig,highs,DantzigFarkas,4,2860,24926.16538,48986,49.11403258,24926.76923,0.603846154,31,1121,86.614957,0.807523,87.705892,554207,6398.513827,38.80504995,1,0,"{timeout:21600,max_col_multiplier:1,age_limit:132,random_seed:3,replication:4,num_threads:128}",2
e05200.json.gz,e,5,200,Dantzig,highs,DantzigFarkas,4,2860,24926.16538,48986,49.11403258,24926.76923,0.603846154,31,1121,86.614957,0.807523,87.705892,554207,6398.513827,38.80504995,1,0,"{timeout:21600,max_col_multiplier:1,age_limit:132,random_seed:3,replication:4,num_threads:128}",1
e05200.json.gz,e,5,200,Dantzig,highs,DantzigFarkas,5,4,24922,inf,,155849.5,,8,15,0.003028,0.001475,0.012087,677,223579.9207,45.13333333,0,0,"{timeout:21600,max_col_multiplier:1,age_limit:132,random_seed:4,replication:5,num_threads:128}",-1
e05200.json.gz,e,5,200,Dantzig,highs,DantzigFarkas,5,2622,24926.00729,inf,nan,24926.64286,0.635568513,29,818,76.953037,0.740569,77.951317,489898,6366.194488,37.66350114,0,0,"{timeout:21600,max_col_multiplier:1,age_limit:132,random_seed:4,replication:5,num_threads:128}",2
e05200.json.gz,e,5,200,Dantzig,highs,DantzigFarkas,5,2622,24926.00729,inf,nan,24926.64286,0.635568513,29,818,76.953037,0.740569,77.951318,489898,6366.194488,37.66350114,0,0,"{timeout:21600,max_col_multiplier:1,age_limit:132,random_seed:4,replication:5,num_threads:128}",1
e10100.json.gz,e,10,100,Dantzig,highs,DantzigFarkas,1,3,11543.05425,inf,,128908.5,,17,20,0.001163,0.001005,0.00954,532,457437.6612,26.6,0,0,"{timeout:21600,max_col_multiplier:1,age_limit:10,random_seed:0,replication:1,num_threads:128}",-1
e10100.json.gz,e,10,100,Dantzig,highs,DantzigFarkas,1,181,11568.02252,inf,nan,11568.02252,0,58,209,0.426201,0.054656,0.496809,14179,33268.34052,7.803457423,0,0,"{timeout:21600,max_col_multiplier:1,age_limit:10,random_seed:0,replication:1,num_threads:128}",2
e10100.json.gz,e,10,100,Dantzig,highs,DantzigFarkas,1,181,11568.02252,inf,nan,11568.02252,0,58,209,0.426201,0.054656,0.49681,14179,33268.34052,7.803457423,0,0,"{timeout:21600,max_col_multiplier:1,age_limit:10,random_seed:0,replication:1,num_threads:128}",1
e10100.json.gz,e,10,100,Dantzig,highs,DantzigFarkas,2,3,11543.05425,inf,,106092.8,,19,20,0.00159,0.001143,0.009943,532,334591.195,26.6,0,0,"{timeout:21600,max_col_multiplier:1,age_limit:10,random_seed:1,replication:2,num_threads:128}",-1
e10100.json.gz,e,10,100,Dantzig,highs,DantzigFarkas,2,184,11568.01412,inf,nan,11568.02252,0.008403361,57,150,0.401521,0.052688,0.469267,13851,34496.32771,7.628586525,0,0,"{timeout:21600,max_col_multiplier:1,age_limit:10,random_seed:1,replication:2,num_threads:128}",2
e10100.json.gz,e,10,100,Dantzig,highs,DantzigFarkas,2,184,11568.01412,inf,nan,11568.02252,0.008403361,57,150,0.401521,0.052688,0.469267,13851,34496.32771,7.628586525,0,0,"{timeout:21600,max_col_multiplier:1,age_limit:10,random_seed:1,replication:2,num_threads:128}",1
e10100.json.gz,e,10,100,Dantzig,highs,DantzigFarkas,3,3,11543.05425,41279,,41279,,10,30,0.001582,0.001049,0.0101,544,343868.5209,18.13333333,1,0,"{timeout:21600,max_col_multiplier:1,age_limit:10,random_seed:2,replication:3,num_threads:128}",-1
e10100.json.gz,e,10,100,Dantzig,highs,DantzigFarkas,3,185,11568.02252,41279,71.97364277,11568.02252,0,57,159,0.392252,0.052662,0.459871,13985,35653.10056,7.627891463,1,0,"{timeout:21600,max_col_multiplier:1,age_limit:10,random_seed:2,replication:3,num_threads:128}",2
e10100.json.gz,e,10,100,Dantzig,highs,DantzigFarkas,3,185,11568.02252,41279,71.97364277,11568.02252,0,57,159,0.392252,0.052662,0.459872,13985,35653.10056,7.627891463,1,0,"{timeout:21600,max_col_multiplier:1,age_limit:10,random_seed:2,replication:3,num_threads:128}",1
e10100.json.gz,e,10,100,Dantzig,highs,DantzigFarkas,4,3,11543.05425,35766,,35766,,10,30,0.001292,0.001007,0.010083,551,426470.5882,18.36666667,1,0,"{timeout:21600,max_col_multiplier:1,age_limit:10,random_seed:3,replication:4,num_threads:128}",-1
e10100.json.gz,e,10,100,Dantzig,highs,DantzigFarkas,4,178,11568.02252,35766,67.65363753,11568.02252,0,57,182,0.393853,0.04844,0.457515,13837,35132.39711,7.72576021,1,0,"{timeout:21600,max_col_multiplier:1,age_limit:10,random_seed:3,replication:4,num_threads:128}",2
e10100.json.gz,e,10,100,Dantzig,highs,DantzigFarkas,4,178,11568.02252,35766,67.65363753,11568.02252,0,57,182,0.393853,0.04844,0.457515,13837,35132.39711,7.72576021,1,0,"{timeout:21600,max_col_multiplier:1,age_limit:10,random_seed:3,replication:4,num_threads:128}",1
e10100.json.gz,e,10,100,Dantzig,highs,DantzigFarkas,5,3,11543.05425,inf,,113574.4,,18,20,0.001822,0.001186,0.010201,527,289242.5906,26.35,0,0,"{timeout:21600,max_col_multiplier:1,age_limit:10,random_seed:4,replication:5,num_threads:128}",-1
e10100.json.gz,e,10,100,Dantzig,highs,DantzigFarkas,5,193,11568.02252,inf,nan,11568.02252,0,58,162,0.433995,0.056251,0.506095,14745,33975.0458,7.790208899,0,0,"{timeout:21600,max_col_multiplier:1,age_limit:10,random_seed:4,replication:5,num_threads:128}",2
e10100.json.gz,e,10,100,Dantzig,highs,DantzigFarkas,5,193,11568.02252,inf,nan,11568.02252,0,58,162,0.433995,0.056251,0.506095,14745,33975.0458,7.790208899,0,0,"{timeout:21600,max_col_multiplier:1,age_limit:10,random_seed:4,replication:5,num_threads:128}",1
e10200.json.gz,e,10,200,Dantzig,highs,DantzigFarkas,1,3,23293.85615,74743,,74743,,10,30,0.003854,0.001102,0.021109,963,249870.2647,32.1,1,0,"{timeout:21600,max_col_multiplier:1,age_limit:34,random_seed:0,replication:1,num_threads:128}",-1
e10200.json.gz,e,10,200,Dantzig,highs,DantzigFarkas,1,730,23302.04183,74743,68.82249843,23302.04959,0.007761966,61,500,11.808466,0.188393,12.06605,137313,11628.35207,19.1970374,1,0,"{timeout:21600,max_col_multiplier:1,age_limit:34,random_seed:0,replication:1,num_threads:128}",2
e10200.json.gz,e,10,200,Dantzig,highs,DantzigFarkas,1,730,23302.04183,74743,68.82249843,23302.04959,0.007761966,61,500,11.808466,0.188393,12.066051,137313,11628.35207,19.1970374,1,0,"{timeout:21600,max_col_multiplier:1,age_limit:34,random_seed:0,replication:1,num_threads:128}",1
e10200.json.gz,e,10,200,Dantzig,highs,DantzigFarkas,2,3,23293.85615,inf,,286169,,15,20,0.002443,0.001113,0.019347,970,397052.8039,48.5,0,0,"{timeout:21600,max_col_multiplier:1,age_limit:34,random_seed:1,replication:2,num_threads:128}",-1
e10200.json.gz,e,10,200,Dantzig,highs,DantzigFarkas,2,755,23302.03546,inf,nan,23302.04965,0.014184397,61,565,13.795591,0.196696,14.065061,154194,11177.04925,20.60804215,0,0,"{timeout:21600,max_col_multiplier:1,age_limit:34,random_seed:1,replication:2,num_threads:128}",2
e10200.json.gz,e,10,200,Dantzig,highs,DantzigFarkas,2,755,23302.03546,inf,nan,23302.04965,0.014184397,61,565,13.795591,0.196696,14.065061,154194,11177.04925,20.60804215,0,0,"{timeout:21600,max_col_multiplier:1,age_limit:34,random_seed:1,replication:2,num_threads:128}",1
e10200.json.gz,e,10,200,Dantzig,highs,DantzigFarkas,3,3,23293.85615,73604,,73604,,10,30,0.002727,0.001317,0.02065,978,358635.8636,32.6,1,0,"{timeout:21600,max_col_multiplier:1,age_limit:34,random_seed:2,replication:3,num_threads:128}",-1
e10200.json.gz,e,10,200,Dantzig,highs,DantzigFarkas,3,713,23302.04956,73604,68.34003587,23302.04956,0,60,505,12.308926,0.196562,12.572693,145285,11803.22312,20.60757029,1,0,"{timeout:21600,max_col_multiplier:1,age_limit:34,random_seed:2,replication:3,num_threads:128}",2
e10200.json.gz,e,10,200,Dantzig,highs,DantzigFarkas,3,713,23302.04956,73604,68.34003587,23302.04956,0,60,505,12.308926,0.196562,12.572694,145285,11803.22312,20.60757029,1,0,"{timeout:21600,max_col_multiplier:1,age_limit:34,random_seed:2,replication:3,num_threads:128}",1
e10200.json.gz,e,10,200,Dantzig,highs,DantzigFarkas,4,3,23293.85615,inf,,269610.5,,16,20,0.004127,0.000981,0.020917,984,238429.8522,49.2,0,0,"{timeout:21600,max_col_multiplier:1,age_limit:34,random_seed:3,replication:4,num_threads:128}",-1
e10200.json.gz,e,10,200,Dantzig,highs,DantzigFarkas,4,690,23302.02003,inf,nan,23302.04956,0.029531568,60,481,12.437341,0.182714,12.685121,141392,11368.34634,20.63043076,0,0,"{timeout:21600,max_col_multiplier:1,age_limit:34,random_seed:3,replication:4,num_threads:128}",2
e10200.json.gz,e,10,200,Dantzig,highs,DantzigFarkas,4,690,23302.02003,inf,nan,23302.04956,0.029531568,60,481,12.437341,0.182714,12.685121,141392,11368.34634,20.63043076,0,0,"{timeout:21600,max_col_multiplier:1,age_limit:34,random_seed:3,replication:4,num_threads:128}",1
e10200.json.gz,e,10,200,Dantzig,highs,DantzigFarkas,5,3,23293.85615,inf,,216251,,19,20,0.003517,0.001048,0.020478,985,280068.24,49.25,0,0,"{timeout:21600,max_col_multiplier:1,age_limit:34,random_seed:4,replication:5,num_threads:128}",-1
e10200.json.gz,e,10,200,Dantzig,highs,DantzigFarkas,5,710,23302.04571,inf,nan,23302.04959,0.003880983,61,503,13.000777,0.188155,13.256201,147108,11315.32369,20.87909848,0,0,"{timeout:21600,max_col_multiplier:1,age_limit:34,random_seed:4,replication:5,num_threads:128}",2
e10200.json.gz,e,10,200,Dantzig,highs,DantzigFarkas,5,710,23302.04571,inf,nan,23302.04959,0.003880983,61,503,13.000777,0.188155,13.256202,147108,11315.32369,20.87909848,0,0,"{timeout:21600,max_col_multiplier:1,age_limit:34,random_seed:4,replication:5,num_threads:128}",1
e10400.json.gz,e,10,400,Dantzig,highs,DantzigFarkas,1,3,45739.20722,131899,,131899,,10,30,0.007501,0.001368,0.051749,1843,245700.5733,61.43333333,1,0,"{timeout:21600,max_col_multiplier:1,age_limit:132,random_seed:0,replication:1,num_threads:128}",-1
e10400.json.gz,e,10,400,Dantzig,highs,DantzigFarkas,1,3466,45744.08483,131899,65.31816011,45744.21171,0.126876877,54,1528,869.274852,1.852713,871.840404,2325844,2675.614042,67.62985155,1,0,"{timeout:21600,max_col_multiplier:1,age_limit:132,random_seed:0,replication:1,num_threads:128}",2
e10400.json.gz,e,10,400,Dantzig,highs,DantzigFarkas,1,3466,45744.08483,131899,65.31816011,45744.21171,0.126876877,54,1528,869.274852,1.852713,871.840404,2325844,2675.614042,67.62985155,1,0,"{timeout:21600,max_col_multiplier:1,age_limit:132,random_seed:0,replication:1,num_threads:128}",1
e10400.json.gz,e,10,400,Dantzig,highs,DantzigFarkas,2,3,45739.20722,inf,,497699.5,,17,20,0.00637,0.001005,0.043388,1827,286813.1868,91.35,0,0,"{timeout:21600,max_col_multiplier:1,age_limit:132,random_seed:301,replication:2,num_threads:128}",-1
e10400.json.gz,e,10,400,Dantzig,highs,DantzigFarkas,2,3284,45744.03082,inf,nan,45744.21567,0.184847661,58,1657,889.493494,1.748328,891.896931,2340798,2631.607781,71.53636668,0,0,"{timeout:21600,max_col_multiplier:1,age_limit:132,random_seed:301,replication:2,num_threads:128}",2
e10400.json.gz,e,10,400,Dantzig,highs,DantzigFarkas,2,3284,45744.03082,inf,nan,45744.21567,0.184847661,58,1657,889.493494,1.748328,891.896931,2340798,2631.607781,71.53636668,0,0,"{timeout:21600,max_col_multiplier:1,age_limit:132,random_seed:301,replication:2,num_threads:128}",1
e10400.json.gz,e,10,400,Dantzig,highs,DantzigFarkas,3,3,45739.20722,inf,,630257,,13,20,0.010091,0.001121,0.047097,1871,185412.744,93.55,0,0,"{timeout:21600,max_col_multiplier:1,age_limit:132,random_seed:2,replication:3,num_threads:128}",-1
e10400.json.gz,e,10,400,Dantzig,highs,DantzigFarkas,3,3343,45744.0337,inf,nan,45744.23031,0.196606399,56,1638,892.22891,1.775239,894.705855,2344893,2628.129366,70.36960149,0,0,"{timeout:21600,max_col_multiplier:1,age_limit:132,random_seed:2,replication:3,num_threads:128}",2
e10400.json.gz,e,10,400,Dantzig,highs,DantzigFarkas,3,3343,45744.0337,inf,nan,45744.23031,0.196606399,56,1638,892.22891,1.775239,894.705855,2344893,2628.129366,70.36960149,0,0,"{timeout:21600,max_col_multiplier:1,age_limit:132,random_seed:2,replication:3,num_threads:128}",1
e10400.json.gz,e,10,400,Dantzig,highs,DantzigFarkas,4,3,45739.20722,inf,,623179.5,,13,20,0.010032,0.000958,0.047192,1915,190889.1547,95.75,0,0,"{timeout:21600,max_col_multiplier:1,age_limit:132,random_seed:3,replication:4,num_threads:128}",-1
e10400.json.gz,e,10,400,Dantzig,highs,DantzigFarkas,4,3485,45744.03549,inf,nan,45744.21399,0.178498595,56,1441,922.231116,1.841907,924.773633,2454642,2661.634332,71.03570768,0,0,"{timeout:21600,max_col_multiplier:1,age_limit:132,random_seed:3,replication:4,num_threads:128}",2
e10400.json.gz,e,10,400,Dantzig,highs,DantzigFarkas,4,3485,45744.03549,inf,nan,45744.21399,0.178498595,56,1441,922.231116,1.841907,924.773633,2454642,2661.634332,71.03570768,0,0,"{timeout:21600,max_col_multiplier:1,age_limit:132,random_seed:3,replication:4,num_threads:128}",1
e10400.json.gz,e,10,400,Dantzig,highs,DantzigFarkas,5,3,45739.20722,inf,,556530.5,,15,20,0.009194,0.00097,0.04618,1894,206003.9156,94.7,0,0,"{timeout:21600,max_col_multiplier:1,age_limit:132,random_seed:4,replication:5,num_threads:128}",-1
e10400.json.gz,e,10,400,Dantzig,highs,DantzigFarkas,5,3528,45744.01511,inf,nan,45744.22007,0.204957679,55,1480,892.953518,1.873587,895.514677,2358337,2641.052364,67.6491933,0,0,"{timeout:21600,max_col_multiplier:1,age_limit:132,random_seed:4,replication:5,num_threads:128}",2
e10400.json.gz,e,10,400,Dantzig,highs,DantzigFarkas,5,3528,45744.01511,inf,nan,45744.22007,0.204957679,55,1480,892.953518,1.873587,895.514677,2358337,2641.052364,67.6491933,0,0,"{timeout:21600,max_col_multiplier:1,age_limit:132,random_seed:4,replication:5,num_threads:128}",1
e15900.json.gz,e,15,900,Dantzig,highs,DantzigFarkas,1,3,102416.6097,inf,,1876947.333,,20,30,0.045983,0.002226,0.227404,5003,108801.0787,166.7666667,0,0,"{timeout:21600,max_col_multiplier:1,age_limit:296,random_seed:0,replication:1,num_threads:128}",-1
e15900.json.gz,e,15,900,Dantzig,highs,DantzigFarkas,1,1445,102416.6097,inf,nan,103851.9632,4406.457701,913,6879,21600.63483,1.920092,21603.68569,3401417,157.4683812,156.8127105,0,1,"{timeout:21600,max_col_multiplier:1,age_limit:296,random_seed:0,replication:1,num_threads:128}",-4
e15900.json.gz,e,15,900,Dantzig,highs,DantzigFarkas,1,1445,102416.6097,inf,nan,103851.9632,4406.457701,913,6879,21600.63483,1.920092,21603.68569,3401417,157.4683812,156.8127105,0,1,"{timeout:21600,max_col_multiplier:1,age_limit:296,random_seed:0,replication:1,num_threads:128}",1
e15900.json.gz,e,15,900,Dantzig,highs,DantzigFarkas,2,3,102416.6097,344906,,344906,,15,45,0.043448,0.001028,0.218512,4967,114320.5671,110.3777778,1,0,"{timeout:21600,max_col_multiplier:1,age_limit:296,random_seed:101,replication:2,num_threads:128}",-1
e15900.json.gz,e,15,900,Dantzig,highs,DantzigFarkas,2,1536,102416.6097,344906,70.30582246,103401.3468,2751.804477,914,7099,21607.15657,1.978415,21610.3103,3427789,158.6413737,148.6318432,1,1,"{timeout:21600,max_col_multiplier:1,age_limit:296,random_seed:101,replication:2,num_threads:128}",-4
e15900.json.gz,e,15,900,Dantzig,highs,DantzigFarkas,2,1536,102416.6097,344906,70.30582246,103401.3468,2751.804477,914,7099,21607.15657,1.978415,21610.3103,3427789,158.6413737,148.6318432,1,1,"{timeout:21600,max_col_multiplier:1,age_limit:296,random_seed:101,replication:2,num_threads:128}",1
e15900.json.gz,e,15,900,Dantzig,highs,DantzigFarkas,3,3,102416.6097,inf,,1830585,,21,30,0.044949,0.000993,0.215876,4976,110703.2415,165.8666667,0,0,"{timeout:21600,max_col_multiplier:1,age_limit:296,random_seed:2,replication:3,num_threads:128}",-1
e15900.json.gz,e,15,900,Dantzig,highs,DantzigFarkas,3,1431,102416.6097,inf,nan,103931.1908,4593.290286,913,6931,21607.22244,1.83589,21610.17032,3383314,156.5825506,157.504123,0,1,"{timeout:21600,max_col_multiplier:1,age_limit:296,random_seed:2,replication:3,num_threads:128}",-4
e15900.json.gz,e,15,900,Dantzig,highs,DantzigFarkas,3,1431,102416.6097,inf,nan,103931.1908,4593.290286,913,6931,21607.22244,1.83589,21610.17032,3383314,156.5825506,157.504123,0,1,"{timeout:21600,max_col_multiplier:1,age_limit:296,random_seed:2,replication:3,num_threads:128}",1
e15900.json.gz,e,15,900,Dantzig,highs,DantzigFarkas,4,3,102416.6097,inf,,1829743.333,,21,30,0.036771,0.0011,0.207983,4888,132930.8422,162.9333333,0,0,"{timeout:21600,max_col_multiplier:1,age_limit:296,random_seed:3,replication:4,num_threads:128}",-1
e15900.json.gz,e,15,900,Dantzig,highs,DantzigFarkas,4,1450,102416.6097,inf,nan,103806.4425,4187.633307,915,6882,21603.91571,1.880451,21606.91643,3386349,156.7470011,155.5818391,0,1,"{timeout:21600,max_col_multiplier:1,age_limit:296,random_seed:3,replication:4,num_threads:128}",-4
e15900.json.gz,e,15,900,Dantzig,highs,DantzigFarkas,4,1450,102416.6097,inf,nan,103806.4425,4187.633307,915,6882,21603.91571,1.880451,21606.91643,3386349,156.7470011,155.5818391,0,1,"{timeout:21600,max_col_multiplier:1,age_limit:296,random_seed:3,replication:4,num_threads:128}",1
e15900.json.gz,e,15,900,Dantzig,highs,DantzigFarkas,5,3,102416.6097,inf,,1814701,,21,30,0.044048,0.001524,0.216456,4983,113126.5892,166.1,0,0,"{timeout:21600,max_col_multiplier:1,age_limit:296,random_seed:4,replication:5,num_threads:128}",-1
e15900.json.gz,e,15,900,Dantzig,highs,DantzigFarkas,5,1435,102416.6097,inf,nan,103910.2248,4514.470726,915,6933,21609.57968,1.840782,21612.54265,3396765,157.1879255,157.6898258,0,1,"{timeout:21600,max_col_multiplier:1,age_limit:296,random_seed:4,replication:5,num_threads:128}",-4
e15900.json.gz,e,15,900,Dantzig,highs,DantzigFarkas,5,1435,102416.6097,inf,nan,103910.2248,4514.470726,915,6933,21609.57968,1.840782,21612.54265,3396765,157.1879255,157.6898258,0,1,"{timeout:21600,max_col_multiplier:1,age_limit:296,random_seed:4,replication:5,num_threads:128}",1
e20100.json.gz,e,20,100,Dantzig,highs,DantzigFarkas,1,2,8359.58204,33797,,33797,,20,40,0.001798,0.000624,0.016561,699,388765.2948,17.475,1,0,"{timeout:21600,max_col_multiplier:1,age_limit:4,random_seed:0,replication:1,num_threads:128}",-1
e20100.json.gz,e,20,100,Dantzig,highs,DantzigFarkas,1,89,8431.118189,33797,75.05104003,8431.556333,0.43814433,92,174,0.203433,0.024992,0.247706,9654,47455.42759,5.415268506,1,0,"{timeout:21600,max_col_multiplier:1,age_limit:4,random_seed:0,replication:1,num_threads:128}",2
e20100.json.gz,e,20,100,Dantzig,highs,DantzigFarkas,1,89,8431.118189,33797,75.05104003,8431.556333,0.43814433,92,174,0.203433,0.024992,0.247707,9654,47455.42759,5.415268506,1,0,"{timeout:21600,max_col_multiplier:1,age_limit:4,random_seed:0,replication:1,num_threads:128}",1
e20100.json.gz,e,20,100,Dantzig,highs,DantzigFarkas,2,2,8359.58204,33797,,33797,,20,40,0.00119,0.00053,0.016011,678,569747.8992,16.95,1,0,"{timeout:21600,max_col_multiplier:1,age_limit:4,random_seed:1,replication:2,num_threads:128}",-1
e20100.json.gz,e,20,100,Dantzig,highs,DantzigFarkas,2,92,8431.108844,33797,75.05104003,8431.522644,0.413800234,92,176,0.20179,0.026984,0.248866,9441,46786.26295,5.24093212,1,0,"{timeout:21600,max_col_multiplier:1,age_limit:4,random_seed:1,replication:2,num_threads:128}",2
e20100.json.gz,e,20,100,Dantzig,highs,DantzigFarkas,2,92,8431.108844,33797,75.05104003,8431.522644,0.413800234,92,176,0.20179,0.026984,0.248866,9441,46786.26295,5.24093212,1,0,"{timeout:21600,max_col_multiplier:1,age_limit:4,random_seed:1,replication:2,num_threads:128}",1
e20100.json.gz,e,20,100,Dantzig,highs,DantzigFarkas,3,2,8359.58204,33797,,33797,,20,40,0.001817,0.000594,0.016724,681,374793.6159,17.025,1,0,"{timeout:21600,max_col_multiplier:1,age_limit:4,random_seed:2,replication:3,num_threads:128}",-1
e20100.json.gz,e,20,100,Dantzig,highs,DantzigFarkas,3,94,8431.270483,33797,75.05104003,8431.510159,0.239676644,93,143,0.213641,0.0289,0.26275,9874,46217.72038,5.343872374,1,0,"{timeout:21600,max_col_multiplier:1,age_limit:4,random_seed:2,replication:3,num_threads:128}",2
e20100.json.gz,e,20,100,Dantzig,highs,DantzigFarkas,3,94,8431.270483,33797,75.05104003,8431.510159,0.239676644,93,143,0.213641,0.0289,0.262751,9874,46217.72038,5.343872374,1,0,"{timeout:21600,max_col_multiplier:1,age_limit:4,random_seed:2,replication:3,num_threads:128}",1
e20100.json.gz,e,20,100,Dantzig,highs,DantzigFarkas,4,2,8359.58204,33797,,33797,,20,40,0.001959,0.00071,0.016728,710,362429.8111,17.75,1,0,"{timeout:21600,max_col_multiplier:1,age_limit:4,random_seed:3,replication:4,num_threads:128}",-1
e20100.json.gz,e,20,100,Dantzig,highs,DantzigFarkas,4,94,8431.427397,33797,75.05104003,8431.510274,0.082876712,93,161,0.209496,0.024959,0.253932,9507,45380.34139,5.183828083,1,0,"{timeout:21600,max_col_multiplier:1,age_limit:4,random_seed:3,replication:4,num_threads:128}",2
e20100.json.gz,e,20,100,Dantzig,highs,DantzigFarkas,4,94,8431.427397,33797,75.05104003,8431.510274,0.082876712,93,161,0.209496,0.024959,0.253933,9507,45380.34139,5.183828083,1,0,"{timeout:21600,max_col_multiplier:1,age_limit:4,random_seed:3,replication:4,num_threads:128}",1
e20100.json.gz,e,20,100,Dantzig,highs,DantzigFarkas,5,2,8359.58204,33797,,33797,,20,40,0.001396,0.000557,0.016179,686,491404.0115,17.15,1,0,"{timeout:21600,max_col_multiplier:1,age_limit:4,random_seed:4,replication:5,num_threads:128}",-1
e20100.json.gz,e,20,100,Dantzig,highs,DantzigFarkas,5,90,8431.016233,33797,75.05104003,8431.50997,0.493736685,93,183,0.221542,0.025939,0.267519,9805,44257.97366,5.405216373,1,0,"{timeout:21600,max_col_multiplier:1,age_limit:4,random_seed:4,replication:5,num_threads:128}",2
e20100.json.gz,e,20,100,Dantzig,highs,DantzigFarkas,5,90,8431.016233,33797,75.05104003,8431.50997,0.493736685,93,183,0.221542,0.025939,0.267519,9805,44257.97366,5.405216373,1,0,"{timeout:21600,max_col_multiplier:1,age_limit:4,random_seed:4,replication:5,num_threads:128}",1
e201600.json.gz,e,20,1600,Dantzig,highs,DantzigFarkas,1,3,180640.2918,inf,,3734376.5,,30,40,0.173269,0.002062,0.694863,9834,56755.68047,245.85,0,0,"{timeout:21600,max_col_multiplier:1,age_limit:525,random_seed:0,replication:1,num_threads:128}",-1
e201600.json.gz,e,20,1600,Dantzig,highs,DantzigFarkas,1,390,180640.2918,inf,nan,340491.0675,1274431.439,1096,7780,21609.74162,0.785481,21611.24095,2064951,95.55648729,264.1069231,0,1,"{timeout:21600,max_col_multiplier:1,age_limit:525,random_seed:0,replication:1,num_threads:128}",-4
e201600.json.gz,e,20,1600,Dantzig,highs,DantzigFarkas,1,390,180640.2918,inf,nan,340491.0675,1274431.439,1096,7780,21609.74162,0.785481,21611.24095,2064951,95.55648729,264.1069231,0,1,"{timeout:21600,max_col_multiplier:1,age_limit:525,random_seed:0,replication:1,num_threads:128}",1
e201600.json.gz,e,20,1600,Dantzig,highs,DantzigFarkas,2,3,180640.2918,inf,,3851810,,29,40,0.150079,0.001932,0.680321,9664,64392.75315,241.6,0,0,"{timeout:21600,max_col_multiplier:1,age_limit:525,random_seed:1,replication:2,num_threads:128}",-1
e201600.json.gz,e,20,1600,Dantzig,highs,DantzigFarkas,2,379,180640.2918,inf,nan,343650.608,1312989.082,1087,7560,21746.89449,0.693445,21748.30076,1970035,90.58925635,259.2616095,0,1,"{timeout:21600,max_col_multiplier:1,age_limit:525,random_seed:1,replication:2,num_threads:128}",-4
e201600.json.gz,e,20,1600,Dantzig,highs,DantzigFarkas,2,379,180640.2918,inf,nan,343650.608,1312989.082,1087,7560,21746.89449,0.693445,21748.30076,1970035,90.58925635,259.2616095,0,1,"{timeout:21600,max_col_multiplier:1,age_limit:525,random_seed:1,replication:2,num_threads:128}",1
e201600.json.gz,e,20,1600,Dantzig,highs,DantzigFarkas,3,3,180640.2918,668808,,668808,,20,60,0.124636,0.001573,0.650608,9416,75547.99576,156.9333333,1,0,"{timeout:21600,max_col_multiplier:1,age_limit:525,random_seed:2,replication:3,num_threads:128}",-1
e201600.json.gz,e,20,1600,Dantzig,highs,DantzigFarkas,3,522,180640.2918,668808,72.99060418,288980.5013,772180.1381,958,10440,21634.45039,0.827428,21636.04645,3038608,140.4522854,290.453129,1,1,"{timeout:21600,max_col_multiplier:1,age_limit:525,random_seed:2,replication:3,num_threads:128}",-4
e201600.json.gz,e,20,1600,Dantzig,highs,DantzigFarkas,3,522,180640.2918,668808,72.99060418,288980.5013,772180.1381,958,10440,21634.45039,0.827428,21636.04645,3038608,140.4522854,290.453129,1,1,"{timeout:21600,max_col_multiplier:1,age_limit:525,random_seed:2,replication:3,num_threads:128}",1
e201600.json.gz,e,20,1600,Dantzig,highs,DantzigFarkas,4,3,180640.2918,inf,,3965587,,28,40,0.211854,0.001982,0.730456,9973,47074.87232,249.325,0,0,"{timeout:21600,max_col_multiplier:1,age_limit:525,random_seed:3,replication:4,num_threads:128}",-1
e201600.json.gz,e,20,1600,Dantzig,highs,DantzigFarkas,4,392,180640.2918,inf,nan,338052.8431,1182527.818,1088,7820,21688.38174,0.705756,21689.79337,2080141,95.91038302,264.688074,0,1,"{timeout:21600,max_col_multiplier:1,age_limit:525,random_seed:3,replication:4,num_threads:128}",-4
e201600.json.gz,e,20,1600,Dantzig,highs,DantzigFarkas,4,392,180640.2918,inf,nan,338052.8431,1182527.818,1088,7820,21688.38174,0.705756,21689.79337,2080141,95.91038302,264.688074,0,1,"{timeout:21600,max_col_multiplier:1,age_limit:525,random_seed:3,replication:4,num_threads:128}",1
e201600.json.gz,e,20,1600,Dantzig,highs,DantzigFarkas,5,3,180640.2918,inf,,3612759.5,,31,40,0.155912,0.002048,0.674806,9720,62342.86007,243,0,0,"{timeout:21600,max_col_multiplier:1,age_limit:525,random_seed:4,replication:5,num_threads:128}",-1
e201600.json.gz,e,20,1600,Dantzig,highs,DantzigFarkas,5,390,180640.2918,inf,nan,337681.9224,1252567.75,1085,7780,21616.28925,0.722455,21617.71712,2032969,94.04801059,260.0139744,0,1,"{timeout:21600,max_col_multiplier:1,age_limit:525,random_seed:4,replication:5,num_threads:128}",-4
e201600.json.gz,e,20,1600,Dantzig,highs,DantzigFarkas,5,390,180640.2918,inf,nan,337681.9224,1252567.75,1085,7780,21616.28925,0.722455,21617.71712,2032969,94.04801059,260.0139744,0,1,"{timeout:21600,max_col_multiplier:1,age_limit:525,random_seed:4,replication:5,num_threads:128}",1
e20200.json.gz,e,20,200,Dantzig,highs,DantzigFarkas,1,2,22355.93385,82960,,82960,,20,40,0.003424,0.000481,0.041305,1466,428154.2056,36.65,1,0,"{timeout:21600,max_col_multiplier:1,age_limit:10,random_seed:0,replication:1,num_threads:128}",-1
e20200.json.gz,e,20,200,Dantzig,highs,DantzigFarkas,1,236,22376.07417,82960,73.02675988,22376.86041,0.786239051,97,394,3.18008,0.066207,3.303411,55381,17414.97069,11.92011741,1,0,"{timeout:21600,max_col_multiplier:1,age_limit:10,random_seed:0,replication:1,num_threads:128}",2
e20200.json.gz,e,20,200,Dantzig,highs,DantzigFarkas,1,236,22376.07417,82960,73.02675988,22376.86041,0.786239051,97,394,3.18008,0.066207,3.303411,55381,17414.97069,11.92011741,1,0,"{timeout:21600,max_col_multiplier:1,age_limit:10,random_seed:0,replication:1,num_threads:128}",1
e20200.json.gz,e,20,200,Dantzig,highs,DantzigFarkas,2,2,22355.93385,82960,,82960,,20,40,0.003661,0.00049,0.041607,1478,403714.832,36.95,1,0,"{timeout:21600,max_col_multiplier:1,age_limit:10,random_seed:1,replication:2,num_threads:128}",-1
e20200.json.gz,e,20,200,Dantzig,highs,DantzigFarkas,2,229,22376.02079,82960,73.02675988,22376.80307,0.782280801,93,420,3.253108,0.061139,3.372123,52984,16287.19366,11.58078729,1,0,"{timeout:21600,max_col_multiplier:1,age_limit:10,random_seed:1,replication:2,num_threads:128}",2
e20200.json.gz,e,20,200,Dantzig,highs,DantzigFarkas,2,229,22376.02079,82960,73.02675988,22376.80307,0.782280801,93,420,3.253108,0.061139,3.372123,52984,16287.19366,11.58078729,1,0,"{timeout:21600,max_col_multiplier:1,age_limit:10,random_seed:1,replication:2,num_threads:128}",1
e20200.json.gz,e,20,200,Dantzig,highs,DantzigFarkas,3,2,22355.93385,82960,,82960,,20,40,0.003727,0.000698,0.04215,1482,397638.8516,37.05,1,0,"{timeout:21600,max_col_multiplier:1,age_limit:10,random_seed:2,replication:3,num_threads:128}",-1
e20200.json.gz,e,20,200,Dantzig,highs,DantzigFarkas,3,229,22376.26182,82960,73.02675988,22376.77818,0.516363636,92,426,3.066655,0.066474,3.18918,53426,17421.58802,11.75610171,1,0,"{timeout:21600,max_col_multiplier:1,age_limit:10,random_seed:2,replication:3,num_threads:128}",2
e20200.json.gz,e,20,200,Dantzig,highs,DantzigFarkas,3,229,22376.26182,82960,73.02675988,22376.77818,0.516363636,92,426,3.066655,0.066474,3.189181,53426,17421.58802,11.75610171,1,0,"{timeout:21600,max_col_multiplier:1,age_limit:10,random_seed:2,replication:3,num_threads:128}",1
e20200.json.gz,e,20,200,Dantzig,highs,DantzigFarkas,4,2,22355.93385,82960,,82960,,20,40,0.003861,0.000597,0.041835,1507,390313.3903,37.675,1,0,"{timeout:21600,max_col_multiplier:1,age_limit:10,random_seed:3,replication:4,num_threads:128}",-1
e20200.json.gz,e,20,200,Dantzig,highs,DantzigFarkas,4,241,22376.01353,82960,73.02675988,22376.80359,0.790062812,92,409,3.225389,0.065586,3.349169,55822,17307.05971,11.82974198,1,0,"{timeout:21600,max_col_multiplier:1,age_limit:10,random_seed:3,replication:4,num_threads:128}",2
e20200.json.gz,e,20,200,Dantzig,highs,DantzigFarkas,4,241,22376.01353,82960,73.02675988,22376.80359,0.790062812,92,409,3.225389,0.065586,3.349169,55822,17307.05971,11.82974198,1,0,"{timeout:21600,max_col_multiplier:1,age_limit:10,random_seed:3,replication:4,num_threads:128}",1
e20200.json.gz,e,20,200,Dantzig,highs,DantzigFarkas,5,2,22355.93385,82960,,82960,,20,40,0.003907,0.000423,0.042778,1493,382134.6302,37.325,1,0,"{timeout:21600,max_col_multiplier:1,age_limit:10,random_seed:4,replication:5,num_threads:128}",-1
e20200.json.gz,e,20,200,Dantzig,highs,DantzigFarkas,5,231,22376.01771,82960,73.02675988,22376.78042,0.762709573,91,409,3.308781,0.068339,3.435528,54729,16540.5326,11.85023948,1,0,"{timeout:21600,max_col_multiplier:1,age_limit:10,random_seed:4,replication:5,num_threads:128}",2
e20200.json.gz,e,20,200,Dantzig,highs,DantzigFarkas,5,231,22376.01771,82960,73.02675988,22376.78042,0.762709573,91,409,3.308781,0.068339,3.435529,54729,16540.5326,11.85023948,1,0,"{timeout:21600,max_col_multiplier:1,age_limit:10,random_seed:4,replication:5,num_threads:128}",1
e20400.json.gz,e,20,400,Dantzig,highs,DantzigFarkas,1,3,44861.76164,inf,,699213.5,,38,40,0.009028,0.000792,0.093799,2608,288879.043,65.2,0,0,"{timeout:21600,max_col_multiplier:1,age_limit:34,random_seed:0,replication:1,num_threads:128}",-1
e20400.json.gz,e,20,400,Dantzig,highs,DantzigFarkas,1,820,44875.0528,inf,nan,44875.50199,0.449194378,93,1264,122.331762,0.362939,122.898492,532587,4353.628128,33.14206936,0,0,"{timeout:21600,max_col_multiplier:1,age_limit:34,random_seed:0,replication:1,num_threads:128}",2
e20400.json.gz,e,20,400,Dantzig,highs,DantzigFarkas,1,820,44875.0528,inf,nan,44875.50199,0.449194378,93,1264,122.331762,0.362939,122.898493,532587,4353.628128,33.14206936,0,0,"{timeout:21600,max_col_multiplier:1,age_limit:34,random_seed:0,replication:1,num_threads:128}",1
e20400.json.gz,e,20,400,Dantzig,highs,DantzigFarkas,2,3,44861.76164,inf,,781179.5,,35,40,0.009588,0.000836,0.09478,2628,274092.6158,65.7,0,0,"{timeout:21600,max_col_multiplier:1,age_limit:34,random_seed:101,replication:2,num_threads:128}",-1
e20400.json.gz,e,20,400,Dantzig,highs,DantzigFarkas,2,816,44875.01779,inf,nan,44875.49237,0.474582426,98,1323,119.218404,0.357157,119.776705,524526,4399.706609,32.83881637,0,0,"{timeout:21600,max_col_multiplier:1,age_limit:34,random_seed:101,replication:2,num_threads:128}",2
e20400.json.gz,e,20,400,Dantzig,highs,DantzigFarkas,2,816,44875.01779,inf,nan,44875.49237,0.474582426,98,1323,119.218404,0.357157,119.776706,524526,4399.706609,32.83881637,0,0,"{timeout:21600,max_col_multiplier:1,age_limit:34,random_seed:101,replication:2,num_threads:128}",1
e20400.json.gz,e,20,400,Dantzig,highs,DantzigFarkas,3,3,44861.76164,inf,,759332,,34,40,0.011685,0.000831,0.09574,2677,229097.1331,66.925,0,0,"{timeout:21600,max_col_multiplier:1,age_limit:34,random_seed:102,replication:3,num_threads:128}",-1
e20400.json.gz,e,20,400,Dantzig,highs,DantzigFarkas,3,844,44875.05278,inf,nan,44875.5,0.447224113,77,1202,127.828235,0.372926,128.40768,545998,4271.341148,32.99102983,0,0,"{timeout:21600,max_col_multiplier:1,age_limit:34,random_seed:102,replication:3,num_threads:128}",2
e20400.json.gz,e,20,400,Dantzig,highs,DantzigFarkas,3,844,44875.05278,inf,nan,44875.5,0.447224113,77,1202,127.828235,0.372926,128.40768,545998,4271.341148,32.99102983,0,0,"{timeout:21600,max_col_multiplier:1,age_limit:34,random_seed:102,replication:3,num_threads:128}",1
e20400.json.gz,e,20,400,Dantzig,highs,DantzigFarkas,4,3,44861.76164,inf,,754654,,32,40,0.009339,0.000828,0.095051,2607,279151.9435,65.175,0,0,"{timeout:21600,max_col_multiplier:1,age_limit:34,random_seed:3,replication:4,num_threads:128}",-1
e20400.json.gz,e,20,400,Dantzig,highs,DantzigFarkas,4,828,44875.00612,inf,nan,44875.50985,0.503725386,98,1197,127.475944,0.359392,128.038107,566677,4445.364217,34.7026199,0,0,"{timeout:21600,max_col_multiplier:1,age_limit:34,random_seed:3,replication:4,num_threads:128}",2
e20400.json.gz,e,20,400,Dantzig,highs,DantzigFarkas,4,828,44875.00612,inf,nan,44875.50985,0.503725386,98,1197,127.475944,0.359392,128.038108,566677,4445.364217,34.7026199,0,0,"{timeout:21600,max_col_multiplier:1,age_limit:34,random_seed:3,replication:4,num_threads:128}",1
e20400.json.gz,e,20,400,Dantzig,highs,DantzigFarkas,5,3,44861.76164,inf,,691534.5,,38,40,0.012341,0.000765,0.096853,2693,218215.7038,67.325,0,0,"{timeout:21600,max_col_multiplier:1,age_limit:34,random_seed:4,replication:5,num_threads:128}",-1
e20400.json.gz,e,20,400,Dantzig,highs,DantzigFarkas,5,835,44875.13587,inf,nan,44875.51864,0.382766072,91,1160,131.730307,0.362299,132.298537,571570,4338.940772,34.61420648,0,0,"{timeout:21600,max_col_multiplier:1,age_limit:34,random_seed:4,replication:5,num_threads:128}",2
e20400.json.gz,e,20,400,Dantzig,highs,DantzigFarkas,5,835,44875.13587,inf,nan,44875.51864,0.382766072,91,1160,131.730307,0.362299,132.298538,571570,4338.940772,34.61420648,0,0,"{timeout:21600,max_col_multiplier:1,age_limit:34,random_seed:4,replication:5,num_threads:128}",1
e30900.json.gz,e,30,900,Dantzig,highs,DantzigFarkas,1,3,100413.3227,inf,,1758235,,58,60,0.050931,0.001611,0.478973,6790,133317.6258,113.1666667,0,0,"{timeout:21600,max_col_multiplier:1,age_limit:75,random_seed:500,replication:1,num_threads:128}",-1
e30900.json.gz,e,30,900,Dantzig,highs,DantzigFarkas,1,2203,100426.0832,inf,nan,100426.7713,0.688143748,122,3821,9212.410798,2.565418,9216.365289,6827852,741.1580041,104.89084,0,0,"{timeout:21600,max_col_multiplier:1,age_limit:75,random_seed:500,replication:1,num_threads:128}",2
e30900.json.gz,e,30,900,Dantzig,highs,DantzigFarkas,1,2203,100426.0832,inf,nan,100426.7713,0.688143748,122,3821,9212.410798,2.565418,9216.36529,6827852,741.1580041,104.89084,0,0,"{timeout:21600,max_col_multiplier:1,age_limit:75,random_seed:500,replication:1,num_threads:128}",1
e30900.json.gz,e,30,900,Dantzig,highs,DantzigFarkas,2,3,100413.3227,inf,,1945423,,55,60,0.063336,0.001614,0.490682,7078,111753.1893,117.9666667,0,0,"{timeout:21600,max_col_multiplier:1,age_limit:75,random_seed:101,replication:2,num_threads:128}",-1
e30900.json.gz,e,30,900,Dantzig,highs,DantzigFarkas,2,2235,100426.0264,inf,nan,100426.7673,0.740858973,136,4002,9540.110823,2.568488,9544.084142,6997170,733.4474546,105.7242155,0,0,"{timeout:21600,max_col_multiplier:1,age_limit:75,random_seed:101,replication:2,num_threads:128}",2
e30900.json.gz,e,30,900,Dantzig,highs,DantzigFarkas,2,2235,100426.0264,inf,nan,100426.7673,0.740858973,136,4002,9540.110823,2.568488,9544.084143,6997170,733.4474546,105.7242155,0,0,"{timeout:21600,max_col_multiplier:1,age_limit:75,random_seed:101,replication:2,num_threads:128}",1
e30900.json.gz,e,30,900,Dantzig,highs,DantzigFarkas,3,3,100413.3227,inf,,1993024.5,,54,60,0.060736,0.001798,0.489606,6940,114265.0158,115.6666667,0,0,"{timeout:21600,max_col_multiplier:1,age_limit:75,random_seed:202,replication:3,num_threads:128}",-1
e30900.json.gz,e,30,900,Dantzig,highs,DantzigFarkas,3,2266,100426.0314,inf,nan,100426.725,0.69363401,131,3718,9601.04733,2.630128,9605.107532,7269417,757.148335,108.1095842,0,0,"{timeout:21600,max_col_multiplier:1,age_limit:75,random_seed:202,replication:3,num_threads:128}",2
e30900.json.gz,e,30,900,Dantzig,highs,DantzigFarkas,3,2266,100426.0314,inf,nan,100426.725,0.69363401,131,3718,9601.04733,2.630128,9605.107533,7269417,757.148335,108.1095842,0,0,"{timeout:21600,max_col_multiplier:1,age_limit:75,random_seed:202,replication:3,num_threads:128}",1
e30900.json.gz,e,30,900,Dantzig,highs,DantzigFarkas,4,3,100413.3227,inf,,1881000,,56,60,0.062187,0.001956,0.4954,7028,113013.974,117.1333333,0,0,"{timeout:21600,max_col_multiplier:1,age_limit:75,random_seed:3,replication:4,num_threads:128}",-1
e30900.json.gz,e,30,900,Dantzig,highs,DantzigFarkas,4,2181,100426.047,inf,nan,100426.9763,2.38465544,152,3884,9402.711291,2.513749,9406.646274,7176850,763.2745256,110.6234978,0,0,"{timeout:21600,max_col_multiplier:1,age_limit:75,random_seed:3,replication:4,num_threads:128}",2
e30900.json.gz,e,30,900,Dantzig,highs,DantzigFarkas,4,2181,100426.047,inf,nan,100426.9763,2.38465544,152,3884,9402.711291,2.513749,9406.646275,7176850,763.2745256,110.6234978,0,0,"{timeout:21600,max_col_multiplier:1,age_limit:75,random_seed:3,replication:4,num_threads:128}",1
e30900.json.gz,e,30,900,Dantzig,highs,DantzigFarkas,5,3,100413.3227,inf,,2209614.25,,51,60,0.00883,0.001136,0.42381,5761,652434.8811,96.01666667,0,0,"{timeout:21600,max_col_multiplier:1,age_limit:75,random_seed:104,replication:5,num_threads:128,set_partition:false}",-1
e30900.json.gz,e,30,900,Dantzig,highs,DantzigFarkas,5,2302,100426.0019,inf,nan,100426.765,0.763062752,119,3703,10566.60301,2.665904,10570.75303,7402595,700.5652613,109.0566684,0,0,"{timeout:21600,max_col_multiplier:1,age_limit:75,random_seed:104,replication:5,num_threads:128,set_partition:false}",2
e30900.json.gz,e,30,900,Dantzig,highs,DantzigFarkas,5,2302,100426.0019,inf,nan,100426.765,0.763062752,119,3703,10566.60301,2.665904,10570.75303,7402595,700.5652613,109.0566684,0,0,"{timeout:21600,max_col_multiplier:1,age_limit:75,random_seed:104,replication:5,num_threads:128,set_partition:false}",1
e401600.json.gz,e,40,1600,Dantzig,highs,DantzigFarkas,1,2,178282.6193,870990,,870990,,40,80,0.20698,0.001716,1.553893,12728,61493.86414,159.1,1,0,"{timeout:21600,max_col_multiplier:1,age_limit:132,random_seed:0,replication:1,num_threads:128}",-1
e401600.json.gz,e,40,1600,Dantzig,highs,DantzigFarkas,1,477,178282.6193,870990,79.53099347,199222.6322,140132.3622,1640,8641,21678.69166,0.575438,21681.01331,2118194,97.70857176,110.682914,1,1,"{timeout:21600,max_col_multiplier:1,age_limit:132,random_seed:0,replication:1,num_threads:128}",-4
e401600.json.gz,e,40,1600,Dantzig,highs,DantzigFarkas,1,477,178282.6193,870990,79.53099347,199222.6322,140132.3622,1640,8641,21678.69166,0.575438,21681.01331,2118194,97.70857176,110.682914,1,1,"{timeout:21600,max_col_multiplier:1,age_limit:132,random_seed:0,replication:1,num_threads:128}",1
e401600.json.gz,e,40,1600,Dantzig,highs,DantzigFarkas,2,2,178282.6193,870990,,870990,,40,80,0.188178,0.001494,1.532692,12589,66899.42501,157.3625,1,0,"{timeout:21600,max_col_multiplier:1,age_limit:132,random_seed:1,replication:2,num_threads:128}",-1
e401600.json.gz,e,40,1600,Dantzig,highs,DantzigFarkas,2,495,178282.6193,870990,79.53099347,199434.3983,147870.201,1640,8669,21662.17714,0.576858,21664.51139,2185123,100.8727325,110.0418434,1,1,"{timeout:21600,max_col_multiplier:1,age_limit:132,random_seed:1,replication:2,num_threads:128}",-4
e401600.json.gz,e,40,1600,Dantzig,highs,DantzigFarkas,2,495,178282.6193,870990,79.53099347,199434.3983,147870.201,1640,8669,21662.17714,0.576858,21664.51139,2185123,100.8727325,110.0418434,1,1,"{timeout:21600,max_col_multiplier:1,age_limit:132,random_seed:1,replication:2,num_threads:128}",1
e401600.json.gz,e,40,1600,Dantzig,highs,DantzigFarkas,3,2,178282.6193,870990,,870990,,40,80,0.279164,0.001594,1.611811,13237,47416.57234,165.4625,1,0,"{timeout:21600,max_col_multiplier:1,age_limit:132,random_seed:2,replication:3,num_threads:128}",-1
e401600.json.gz,e,40,1600,Dantzig,highs,DantzigFarkas,3,488,178282.6193,870990,79.53099347,198673.9299,144756.4361,1640,8629,21619.69561,0.587391,21622.01679,2177828,100.7335181,111.2299949,1,1,"{timeout:21600,max_col_multiplier:1,age_limit:132,random_seed:2,replication:3,num_threads:128}",-4
e401600.json.gz,e,40,1600,Dantzig,highs,DantzigFarkas,3,488,178282.6193,870990,79.53099347,198673.9299,144756.4361,1640,8629,21619.69561,0.587391,21622.01679,2177828,100.7335181,111.2299949,1,1,"{timeout:21600,max_col_multiplier:1,age_limit:132,random_seed:2,replication:3,num_threads:128}",1
e401600.json.gz,e,40,1600,Dantzig,highs,DantzigFarkas,4,2,178282.6193,870990,,870990,,40,80,0.210793,0.002322,1.548709,12925,61316.07786,161.5625,1,0,"{timeout:21600,max_col_multiplier:1,age_limit:132,random_seed:3,replication:4,num_threads:128}",-1
e401600.json.gz,e,40,1600,Dantzig,highs,DantzigFarkas,4,486,178282.6193,870990,79.53099347,199021.4398,152088.2573,1640,8645,21635.28053,0.576738,21637.58665,2144721,99.13072295,109.9927212,1,1,"{timeout:21600,max_col_multiplier:1,age_limit:132,random_seed:3,replication:4,num_threads:128}",-4
e401600.json.gz,e,40,1600,Dantzig,highs,DantzigFarkas,4,486,178282.6193,870990,79.53099347,199021.4398,152088.2573,1640,8645,21635.28053,0.576738,21637.58665,2144721,99.13072295,109.9927212,1,1,"{timeout:21600,max_col_multiplier:1,age_limit:132,random_seed:3,replication:4,num_threads:128}",1
e401600.json.gz,e,40,1600,Dantzig,highs,DantzigFarkas,5,2,178282.6193,870990,,870990,,40,80,0.027922,0.00147,1.344856,10366,371248.4779,129.575,1,0,"{timeout:21600,max_col_multiplier:1,age_limit:132,random_seed:4,replication:5,num_threads:128,set_partition:false}",-1
e401600.json.gz,e,40,1600,Dantzig,highs,DantzigFarkas,5,498,178282.6193,870990,79.53099346,199246.757,144927.451,1640,8545,21598.25831,0.603145,21600.61306,2221684,102.8640351,111.2701305,1,1,"{timeout:21600,max_col_multiplier:1,age_limit:132,random_seed:4,replication:5,num_threads:128,set_partition:false}",-4
e401600.json.gz,e,40,1600,Dantzig,highs,DantzigFarkas,5,498,178282.6193,870990,79.53099346,199246.757,144927.451,1640,8545,21598.25831,0.603145,21600.61306,2221684,102.8640351,111.2701305,1,1,"{timeout:21600,max_col_multiplier:1,age_limit:132,random_seed:4,replication:5,num_threads:128,set_partition:false}",1
e40400.json.gz,e,40,400,Dantzig,highs,DantzigFarkas,1,2,44523.4286,214085,,214085,,40,80,0.018216,0.000978,0.218766,3909,214591.5679,48.8625,1,0,"{timeout:21600,max_col_multiplier:1,age_limit:10,random_seed:0,replication:1,num_threads:128}",-1
e40400.json.gz,e,40,400,Dantzig,highs,DantzigFarkas,1,299,44556.13165,214085,79.18723871,44556.90185,0.770199106,175,835,29.960926,0.125705,30.337513,206238,6883.565615,17.48246428,1,0,"{timeout:21600,max_col_multiplier:1,age_limit:10,random_seed:0,replication:1,num_threads:128}",2
e40400.json.gz,e,40,400,Dantzig,highs,DantzigFarkas,1,299,44556.13165,214085,79.18723871,44556.90185,0.770199106,175,835,29.960926,0.125705,30.337513,206238,6883.565615,17.48246428,1,0,"{timeout:21600,max_col_multiplier:1,age_limit:10,random_seed:0,replication:1,num_threads:128}",1
e40400.json.gz,e,40,400,Dantzig,highs,DantzigFarkas,2,2,44523.4286,214085,,214085,,40,80,0.018022,0.000628,0.216132,3951,219232.0497,49.3875,1,0,"{timeout:21600,max_col_multiplier:1,age_limit:10,random_seed:1,replication:2,num_threads:128}",-1
e40400.json.gz,e,40,400,Dantzig,highs,DantzigFarkas,2,300,44556.15731,214085,79.18723871,44556.88994,0.732631782,173,837,30.3761,0.122791,30.748062,208937,6878.33527,17.54469402,1,0,"{timeout:21600,max_col_multiplier:1,age_limit:10,random_seed:1,replication:2,num_threads:128}",2
e40400.json.gz,e,40,400,Dantzig,highs,DantzigFarkas,2,300,44556.15731,214085,79.18723871,44556.88994,0.732631782,173,837,30.3761,0.122791,30.748062,208937,6878.33527,17.54469402,1,0,"{timeout:21600,max_col_multiplier:1,age_limit:10,random_seed:1,replication:2,num_threads:128}",1
e40400.json.gz,e,40,400,Dantzig,highs,DantzigFarkas,3,2,44523.4286,214085,,214085,,40,80,0.013908,0.000567,0.215597,3786,272217.4288,47.325,1,0,"{timeout:21600,max_col_multiplier:1,age_limit:10,random_seed:2,replication:3,num_threads:128}",-1
e40400.json.gz,e,40,400,Dantzig,highs,DantzigFarkas,3,300,44556.15931,214085,79.18723871,44556.89609,0.736786873,172,759,29.704291,0.125029,30.082566,201459,6782.151441,17.03236102,1,0,"{timeout:21600,max_col_multiplier:1,age_limit:10,random_seed:2,replication:3,num_threads:128}",2
e40400.json.gz,e,40,400,Dantzig,highs,DantzigFarkas,3,300,44556.15931,214085,79.18723871,44556.89609,0.736786873,172,759,29.704291,0.125029,30.082566,201459,6782.151441,17.03236102,1,0,"{timeout:21600,max_col_multiplier:1,age_limit:10,random_seed:2,replication:3,num_threads:128}",1
e40400.json.gz,e,40,400,Dantzig,highs,DantzigFarkas,4,2,44523.4286,214085,,214085,,40,80,0.014747,0.000564,0.21526,3831,259781.6505,47.8875,1,0,"{timeout:21600,max_col_multiplier:1,age_limit:10,random_seed:3,replication:4,num_threads:128}",-1
e40400.json.gz,e,40,400,Dantzig,highs,DantzigFarkas,4,299,44556.24167,214085,79.18723871,44556.88797,0.646306117,177,763,29.705628,0.12397,30.081527,207614,6989.045981,17.64566178,1,0,"{timeout:21600,max_col_multiplier:1,age_limit:10,random_seed:3,replication:4,num_threads:128}",2
e40400.json.gz,e,40,400,Dantzig,highs,DantzigFarkas,4,299,44556.24167,214085,79.18723871,44556.88797,0.646306117,177,763,29.705628,0.12397,30.081527,207614,6989.045981,17.64566178,1,0,"{timeout:21600,max_col_multiplier:1,age_limit:10,random_seed:3,replication:4,num_threads:128}",1
e40400.json.gz,e,40,400,Dantzig,highs,DantzigFarkas,5,2,44523.4286,214085,,214085,,40,80,0.014387,0.000556,0.214418,3806,264544.3803,47.575,1,0,"{timeout:21600,max_col_multiplier:1,age_limit:10,random_seed:4,replication:5,num_threads:128}",-1
e40400.json.gz,e,40,400,Dantzig,highs,DantzigFarkas,5,293,44556.20218,214085,79.18723871,44556.90167,0.699488241,173,896,30.148797,0.120854,30.519407,205004,6799.740633,17.61612375,1,0,"{timeout:21600,max_col_multiplier:1,age_limit:10,random_seed:4,replication:5,num_threads:128}",2
e40400.json.gz,e,40,400,Dantzig,highs,DantzigFarkas,5,293,44556.20218,214085,79.18723871,44556.90167,0.699488241,173,896,30.148797,0.120854,30.519407,205004,6799.740633,17.61612375,1,0,"{timeout:21600,max_col_multiplier:1,age_limit:10,random_seed:4,replication:5,num_threads:128}",1
e60900.json.gz,e,60,900,Dantzig,highs,DantzigFarkas,1,2,100103.2598,571478,,571478,,60,120,0.088674,0.001576,1.122786,9647,108791.7541,80.39166667,1,0,"{timeout:21600,max_col_multiplier:1,age_limit:20,random_seed:0,replication:1,num_threads:128}",-1
e60900.json.gz,e,60,900,Dantzig,highs,DantzigFarkas,1,620,100146.0051,571478,82.47579084,100146.6508,0.645737376,262,2388,1390.185195,0.565935,1392.0243,1592635,1145.627939,43.38729913,1,0,"{timeout:21600,max_col_multiplier:1,age_limit:20,random_seed:0,replication:1,num_threads:128}",2
e60900.json.gz,e,60,900,Dantzig,highs,DantzigFarkas,1,620,100146.0051,571478,82.47579084,100146.6508,0.645737376,262,2388,1390.185195,0.565935,1392.0243,1592635,1145.627939,43.38729913,1,0,"{timeout:21600,max_col_multiplier:1,age_limit:20,random_seed:0,replication:1,num_threads:128}",1
e60900.json.gz,e,60,900,Dantzig,highs,DantzigFarkas,2,2,100103.2598,571478,,571478,,60,120,0.078294,0.001116,1.110441,9477,121043.7581,78.975,1,0,"{timeout:21600,max_col_multiplier:1,age_limit:20,random_seed:1,replication:2,num_threads:128}",-1
e60900.json.gz,e,60,900,Dantzig,highs,DantzigFarkas,2,630,100146.1188,571478,82.47579084,100146.6642,0.545474542,294,2133,1381.365178,0.569486,1383.210335,1572766,1138.559177,42.37201886,1,0,"{timeout:21600,max_col_multiplier:1,age_limit:20,random_seed:1,replication:2,num_threads:128}",2
e60900.json.gz,e,60,900,Dantzig,highs,DantzigFarkas,2,630,100146.1188,571478,82.47579084,100146.6642,0.545474542,294,2133,1381.365178,0.569486,1383.210336,1572766,1138.559177,42.37201886,1,0,"{timeout:21600,max_col_multiplier:1,age_limit:20,random_seed:1,replication:2,num_threads:128}",1
e60900.json.gz,e,60,900,Dantzig,highs,DantzigFarkas,3,2,100103.2598,571478,,571478,,60,120,0.084359,0.001558,1.125849,9587,113645.2542,79.89166667,1,0,"{timeout:21600,max_col_multiplier:1,age_limit:20,random_seed:2,replication:3,num_threads:128}",-1
e60900.json.gz,e,60,900,Dantzig,highs,DantzigFarkas,3,644,100146.1063,571478,82.47579084,100146.7092,0.602868315,284,2027,1398.71907,0.600074,1400.602347,1580904,1130.251266,42.05834714,1,0,"{timeout:21600,max_col_multiplier:1,age_limit:20,random_seed:2,replication:3,num_threads:128}",2
e60900.json.gz,e,60,900,Dantzig,highs,DantzigFarkas,3,644,100146.1063,571478,82.47579084,100146.7092,0.602868315,284,2027,1398.71907,0.600074,1400.602347,1580904,1130.251266,42.05834714,1,0,"{timeout:21600,max_col_multiplier:1,age_limit:20,random_seed:2,replication:3,num_threads:128}",1
e60900.json.gz,e,60,900,Dantzig,highs,DantzigFarkas,4,2,100103.2598,571478,,571478,,60,120,0.08005,0.00151,1.113234,9528,119025.609,79.4,1,0,"{timeout:21600,max_col_multiplier:1,age_limit:20,random_seed:3,replication:4,num_threads:128}",-1
e60900.json.gz,e,60,900,Dantzig,highs,DantzigFarkas,4,641,100146.1713,571478,82.47579084,100146.65,0.478684674,292,1977,1390.776274,0.592941,1392.644606,1597746,1148.815974,42.53508798,1,0,"{timeout:21600,max_col_multiplier:1,age_limit:20,random_seed:3,replication:4,num_threads:128}",2
e60900.json.gz,e,60,900,Dantzig,highs,DantzigFarkas,4,641,100146.1713,571478,82.47579084,100146.65,0.478684674,292,1977,1390.776274,0.592941,1392.644606,1597746,1148.815974,42.53508798,1,0,"{timeout:21600,max_col_multiplier:1,age_limit:20,random_seed:3,replication:4,num_threads:128}",1
e60900.json.gz,e,60,900,Dantzig,highs,DantzigFarkas,5,2,100103.2598,571478,,571478,,60,120,0.022982,0.001537,1.022229,8363,363893.4819,69.69166667,1,0,"{timeout:21600,max_col_multiplier:1,age_limit:20,random_seed:104,replication:5,num_threads:128,set_partition:false}",-1
e60900.json.gz,e,60,900,Dantzig,highs,DantzigFarkas,5,620,100146.1062,571478,82.47579084,100146.7108,0.604654487,295,2296,1413.309432,0.57115,1415.123819,1595373,1128.820741,43.52779283,1,0,"{timeout:21600,max_col_multiplier:1,age_limit:20,random_seed:104,replication:5,num_threads:128,set_partition:false}",2
e60900.json.gz,e,60,900,Dantzig,highs,DantzigFarkas,5,620,100146.1062,571478,82.47579084,100146.7108,0.604654487,295,2296,1413.309432,0.57115,1415.12382,1595373,1128.820741,43.52779283,1,0,"{timeout:21600,max_col_multiplier:1,age_limit:20,random_seed:104,replication:5,num_threads:128,set_partition:false}",1
e801600.json.gz,e,80,1600,Dantzig,highs,DantzigFarkas,1,2,176780.9892,1326205,,1326205,,80,160,0.303878,0.002256,3.974436,18471,60784.26211,115.44375,1,0,"{timeout:21600,max_col_multiplier:1,age_limit:34,random_seed:0,replication:1,num_threads:128}",-1
e801600.json.gz,e,80,1600,Dantzig,highs,DantzigFarkas,1,479,176780.9892,1326205,86.67016034,178706.6673,6042.413219,1680,6255,21630.26345,0.626327,21634.94702,2433223,112.4916026,63.25645877,1,1,"{timeout:21600,max_col_multiplier:1,age_limit:34,random_seed:0,replication:1,num_threads:128}",-4
e801600.json.gz,e,80,1600,Dantzig,highs,DantzigFarkas,1,479,176780.9892,1326205,86.67016034,178706.6673,6042.413219,1680,6255,21630.26345,0.626327,21634.94702,2433223,112.4916026,63.25645877,1,1,"{timeout:21600,max_col_multiplier:1,age_limit:34,random_seed:0,replication:1,num_threads:128}",1
e801600.json.gz,e,80,1600,Dantzig,highs,DantzigFarkas,2,2,176780.9892,1326205,,1326205,,80,160,0.29987,0.001818,3.893639,18348,61186.51416,114.675,1,0,"{timeout:21600,max_col_multiplier:1,age_limit:34,random_seed:1,replication:2,num_threads:128}",-1
e801600.json.gz,e,80,1600,Dantzig,highs,DantzigFarkas,2,483,176780.9892,1326205,86.67016034,178736.1457,6520.604742,1680,6345,21646.61902,0.640954,21651.24947,2440855,112.7591795,62.9317029,1,1,"{timeout:21600,max_col_multiplier:1,age_limit:34,random_seed:1,replication:2,num_threads:128}",-4
e801600.json.gz,e,80,1600,Dantzig,highs,DantzigFarkas,2,483,176780.9892,1326205,86.67016034,178736.1457,6520.604742,1680,6345,21646.61902,0.640954,21651.24947,2440855,112.7591795,62.9317029,1,1,"{timeout:21600,max_col_multiplier:1,age_limit:34,random_seed:1,replication:2,num_threads:128}",1
e801600.json.gz,e,80,1600,Dantzig,highs,DantzigFarkas,3,2,176780.9892,1326205,,1326205,,80,160,0.296116,0.002091,3.910145,18318,61860.89235,114.4875,1,0,"{timeout:21600,max_col_multiplier:1,age_limit:34,random_seed:2,replication:3,num_threads:128}",-1
e801600.json.gz,e,80,1600,Dantzig,highs,DantzigFarkas,3,483,176780.9892,1326205,86.67016034,178632.0874,5840.009472,1680,6271,21666.53863,0.619611,21671.1659,2478542,114.3949222,63.90742754,1,1,"{timeout:21600,max_col_multiplier:1,age_limit:34,random_seed:2,replication:3,num_threads:128}",-4
e801600.json.gz,e,80,1600,Dantzig,highs,DantzigFarkas,3,483,176780.9892,1326205,86.67016034,178632.0874,5840.009472,1680,6271,21666.53863,0.619611,21671.1659,2478542,114.3949222,63.90742754,1,1,"{timeout:21600,max_col_multiplier:1,age_limit:34,random_seed:2,replication:3,num_threads:128}",1
e801600.json.gz,e,80,1600,Dantzig,highs,DantzigFarkas,4,2,176780.9892,1326205,,1326205,,80,160,0.283446,0.002338,3.861024,18115,63909.88054,113.21875,1,0,"{timeout:21600,max_col_multiplier:1,age_limit:34,random_seed:3,replication:4,num_threads:128}",-1
e801600.json.gz,e,80,1600,Dantzig,highs,DantzigFarkas,4,487,176780.9892,1326205,86.67016034,178628.6693,5795.13419,1680,6253,21601.1936,0.624459,21605.79574,2497551,115.620972,63.87303645,1,1,"{timeout:21600,max_col_multiplier:1,age_limit:34,random_seed:3,replication:4,num_threads:128}",-4
e801600.json.gz,e,80,1600,Dantzig,highs,DantzigFarkas,4,487,176780.9892,1326205,86.67016034,178628.6693,5795.13419,1680,6253,21601.1936,0.624459,21605.79574,2497551,115.620972,63.87303645,1,1,"{timeout:21600,max_col_multiplier:1,age_limit:34,random_seed:3,replication:4,num_threads:128}",1
e801600.json.gz,e,80,1600,Dantzig,highs,DantzigFarkas,5,2,176780.9892,1326205,,1326205,,80,160,0.056987,0.001787,3.58486,15524,272413.0065,97.025,1,0,"{timeout:21600,max_col_multiplier:1,age_limit:34,random_seed:4,replication:5,num_threads:128,set_partition:false}",-1
e801600.json.gz,e,80,1600,Dantzig,highs,DantzigFarkas,5,479,176780.9892,1326205,86.67016034,178792.7308,6495.354001,1680,6244,21596.15021,0.632417,21600.72443,2420540,112.0820136,62.96393528,1,1,"{timeout:21600,max_col_multiplier:1,age_limit:34,random_seed:4,replication:5,num_threads:128,set_partition:false}",-4
e801600.json.gz,e,80,1600,Dantzig,highs,DantzigFarkas,5,479,176780.9892,1326205,86.67016034,178792.7308,6495.354001,1680,6244,21596.15021,0.632417,21600.72443,2420540,112.0820136,62.96393528,1,1,"{timeout:21600,max_col_multiplier:1,age_limit:34,random_seed:4,replication:5,num_threads:128,set_partition:false}",1
a05100.json.gz,a,5,100,MipTemplate,highs,MTFarkas,1,2,1697.727273,1698,,1698,,5,5,0.000531,0.003223,0.009107,108,203389.8305,21.6,1,0,"{timeout:21600,max_col_multiplier:1,age_limit:2,random_seed:0,replication:1,num_threads:128,set_partition:false}",-1
a05100.json.gz,a,5,100,MipTemplate,highs,MTFarkas,1,2,1697.727273,1698,0,1698,7718,5,10,0.000562,0.03729,0.043244,108,192170.8185,10.8,1,0,"{timeout:21600,max_col_multiplier:1,age_limit:2,random_seed:0,replication:1,num_threads:128,set_partition:false}",2
a05100.json.gz,a,5,100,MipTemplate,highs,MTFarkas,1,2,1697.727273,1698,0,1698,7718,5,10,0.000562,0.03729,0.043245,108,192170.8185,10.8,1,0,"{timeout:21600,max_col_multiplier:1,age_limit:2,random_seed:0,replication:1,num_threads:128,set_partition:false}",1
a05100.json.gz,a,5,100,MipTemplate,highs,MTFarkas,2,2,1697.727273,1698,,1698,,5,5,0.000537,0.001259,0.003822,113,210428.3054,22.6,1,0,"{timeout:21600,max_col_multiplier:1,age_limit:2,random_seed:1,replication:2,num_threads:128,set_partition:false}",-1
a05100.json.gz,a,5,100,MipTemplate,highs,MTFarkas,2,2,1697.727273,1698,0,1698,7752,5,10,0.000602,0.016027,0.018718,113,187707.6412,11.3,1,0,"{timeout:21600,max_col_multiplier:1,age_limit:2,random_seed:1,replication:2,num_threads:128,set_partition:false}",2
a05100.json.gz,a,5,100,MipTemplate,highs,MTFarkas,2,2,1697.727273,1698,0,1698,7752,5,10,0.000602,0.016027,0.018719,113,187707.6412,11.3,1,0,"{timeout:21600,max_col_multiplier:1,age_limit:2,random_seed:1,replication:2,num_threads:128,set_partition:false}",1
a05100.json.gz,a,5,100,MipTemplate,highs,MTFarkas,3,2,1697.727273,1698,,1698,,5,5,0.000395,0.001268,0.006288,113,286075.9494,22.6,1,0,"{timeout:21600,max_col_multiplier:1,age_limit:2,random_seed:2,replication:3,num_threads:128,set_partition:false}",-1
a05100.json.gz,a,5,100,MipTemplate,highs,MTFarkas,3,2,1697.727273,1698,0,1698,7753,5,10,0.000442,0.036914,0.042016,113,255656.1086,11.3,1,0,"{timeout:21600,max_col_multiplier:1,age_limit:2,random_seed:2,replication:3,num_threads:128,set_partition:false}",2
a05100.json.gz,a,5,100,MipTemplate,highs,MTFarkas,3,2,1697.727273,1698,0,1698,7753,5,10,0.000442,0.036914,0.042017,113,255656.1086,11.3,1,0,"{timeout:21600,max_col_multiplier:1,age_limit:2,random_seed:2,replication:3,num_threads:128,set_partition:false}",1
a05100.json.gz,a,5,100,MipTemplate,highs,MTFarkas,4,2,1697.727273,1698,,1698,,5,5,0.000236,0.001239,0.003453,108,457627.1186,21.6,1,0,"{timeout:21600,max_col_multiplier:1,age_limit:2,random_seed:3,replication:4,num_threads:128,set_partition:false}",-1
a05100.json.gz,a,5,100,MipTemplate,highs,MTFarkas,4,2,1697.727273,1698,0,1698,7760,5,10,0.000265,0.015818,0.018098,108,407547.1698,10.8,1,0,"{timeout:21600,max_col_multiplier:1,age_limit:2,random_seed:3,replication:4,num_threads:128,set_partition:false}",2
a05100.json.gz,a,5,100,MipTemplate,highs,MTFarkas,4,2,1697.727273,1698,0,1698,7760,5,10,0.000265,0.015818,0.018098,108,407547.1698,10.8,1,0,"{timeout:21600,max_col_multiplier:1,age_limit:2,random_seed:3,replication:4,num_threads:128,set_partition:false}",1
a05100.json.gz,a,5,100,MipTemplate,highs,MTFarkas,5,2,1697.727273,1698,,1698,,5,5,0.000229,0.001371,0.003544,107,467248.9083,21.4,1,0,"{timeout:21600,max_col_multiplier:1,age_limit:2,random_seed:4,replication:5,num_threads:128,set_partition:false}",-1
a05100.json.gz,a,5,100,MipTemplate,highs,MTFarkas,5,2,1697.727273,1698,0,1698,7666,5,10,0.000261,0.01475,0.016991,107,409961.6858,10.7,1,0,"{timeout:21600,max_col_multiplier:1,age_limit:2,random_seed:4,replication:5,num_threads:128,set_partition:false}",2
a05100.json.gz,a,5,100,MipTemplate,highs,MTFarkas,5,2,1697.727273,1698,0,1698,7666,5,10,0.000261,0.01475,0.016992,107,409961.6858,10.7,1,0,"{timeout:21600,max_col_multiplier:1,age_limit:2,random_seed:4,replication:5,num_threads:128,set_partition:false}",1
a05200.json.gz,a,5,200,MipTemplate,highs,MTFarkas,1,2,3234.73913,3235,,3235,,5,5,0.000751,0.002079,0.008072,216,287616.5113,43.2,1,0,"{timeout:21600,max_col_multiplier:1,age_limit:4,random_seed:0,replication:1,num_threads:128,set_partition:false}",-1
a05200.json.gz,a,5,200,MipTemplate,highs,MTFarkas,1,2,3234.73913,3235,0,3235,15442,5,10,0.000789,0.021314,0.027386,216,273764.2586,21.6,1,0,"{timeout:21600,max_col_multiplier:1,age_limit:4,random_seed:0,replication:1,num_threads:128,set_partition:false}",2
a05200.json.gz,a,5,200,MipTemplate,highs,MTFarkas,1,2,3234.73913,3235,0,3235,15442,5,10,0.000789,0.021314,0.027387,216,273764.2586,21.6,1,0,"{timeout:21600,max_col_multiplier:1,age_limit:4,random_seed:0,replication:1,num_threads:128,set_partition:false}",1
a05200.json.gz,a,5,200,MipTemplate,highs,MTFarkas,2,2,3234.73913,3235,,3235,,5,5,0.00056,0.001441,0.008545,214,382142.8571,42.8,1,0,"{timeout:21600,max_col_multiplier:1,age_limit:4,random_seed:1,replication:2,num_threads:128,set_partition:false}",-1
a05200.json.gz,a,5,200,MipTemplate,highs,MTFarkas,2,2,3234.73913,3235,0,3235,15408,5,10,0.000622,0.037053,0.044258,214,344051.4469,21.4,1,0,"{timeout:21600,max_col_multiplier:1,age_limit:4,random_seed:1,replication:2,num_threads:128,set_partition:false}",2
a05200.json.gz,a,5,200,MipTemplate,highs,MTFarkas,2,2,3234.73913,3235,0,3235,15408,5,10,0.000622,0.037053,0.044258,214,344051.4469,21.4,1,0,"{timeout:21600,max_col_multiplier:1,age_limit:4,random_seed:1,replication:2,num_threads:128,set_partition:false}",1
a05200.json.gz,a,5,200,MipTemplate,highs,MTFarkas,3,2,3234.73913,3235,,3235,,5,5,0.000678,0.001497,0.00945,219,323008.8496,43.8,1,0,"{timeout:21600,max_col_multiplier:1,age_limit:4,random_seed:2,replication:3,num_threads:128,set_partition:false}",-1
a05200.json.gz,a,5,200,MipTemplate,highs,MTFarkas,3,2,3234.73913,3235,0,3235,15466,5,10,0.000739,0.039665,0.047751,219,296346.4141,21.9,1,0,"{timeout:21600,max_col_multiplier:1,age_limit:4,random_seed:2,replication:3,num_threads:128,set_partition:false}",2
a05200.json.gz,a,5,200,MipTemplate,highs,MTFarkas,3,2,3234.73913,3235,0,3235,15466,5,10,0.000739,0.039665,0.047752,219,296346.4141,21.9,1,0,"{timeout:21600,max_col_multiplier:1,age_limit:4,random_seed:2,replication:3,num_threads:128,set_partition:false}",1
a05200.json.gz,a,5,200,MipTemplate,highs,MTFarkas,4,2,3234.73913,3235,,3235,,5,5,0.000816,0.00144,0.009342,213,261029.4118,42.6,1,0,"{timeout:21600,max_col_multiplier:1,age_limit:4,random_seed:3,replication:4,num_threads:128,set_partition:false}",-1
a05200.json.gz,a,5,200,MipTemplate,highs,MTFarkas,4,2,3234.73913,3235,0,3235,15501,5,10,0.000907,0.032713,0.040752,213,234840.1323,21.3,1,0,"{timeout:21600,max_col_multiplier:1,age_limit:4,random_seed:3,replication:4,num_threads:128,set_partition:false}",2
a05200.json.gz,a,5,200,MipTemplate,highs,MTFarkas,4,2,3234.73913,3235,0,3235,15501,5,10,0.000907,0.032713,0.040753,213,234840.1323,21.3,1,0,"{timeout:21600,max_col_multiplier:1,age_limit:4,random_seed:3,replication:4,num_threads:128,set_partition:false}",1
a05200.json.gz,a,5,200,MipTemplate,highs,MTFarkas,5,2,3234.73913,3235,,3235,,5,5,0.000821,0.002044,0.009544,215,261875.7613,43,1,0,"{timeout:21600,max_col_multiplier:1,age_limit:4,random_seed:4,replication:5,num_threads:128,set_partition:false}",-1
a05200.json.gz,a,5,200,MipTemplate,highs,MTFarkas,5,2,3234.73913,3235,0,3235,15427,5,10,0.000895,0.032501,0.040148,215,240223.4637,21.5,1,0,"{timeout:21600,max_col_multiplier:1,age_limit:4,random_seed:4,replication:5,num_threads:128,set_partition:false}",2
a05200.json.gz,a,5,200,MipTemplate,highs,MTFarkas,5,2,3234.73913,3235,0,3235,15427,5,10,0.000895,0.032501,0.040149,215,240223.4637,21.5,1,0,"{timeout:21600,max_col_multiplier:1,age_limit:4,random_seed:4,replication:5,num_threads:128,set_partition:false}",1
a10100.json.gz,a,10,100,MipTemplate,highs,MTFarkas,1,3,1358.556923,1361,,1361,,10,20,0.00078,0.020191,0.028163,127,162820.5128,6.35,1,0,"{timeout:21600,max_col_multiplier:1,age_limit:2,random_seed:0,replication:1,num_threads:128,set_partition:false}",-1
a10100.json.gz,a,10,100,MipTemplate,highs,MTFarkas,1,38,1360,1360,0,1360,0,10,111,0.018342,1.228672,1.256257,326,17773.4162,0.993744779,1,0,"{timeout:21600,max_col_multiplier:1,age_limit:2,random_seed:0,replication:1,num_threads:128,set_partition:false}",2
a10100.json.gz,a,10,100,MipTemplate,highs,MTFarkas,1,38,1360,1360,0,1360,0,10,111,0.018342,1.228672,1.256258,326,17773.4162,0.993744779,1,0,"{timeout:21600,max_col_multiplier:1,age_limit:2,random_seed:0,replication:1,num_threads:128,set_partition:false}",1
a10100.json.gz,a,10,100,MipTemplate,highs,MTFarkas,2,3,1358.556923,1361,,1361,,10,20,0.000567,0.018128,0.025693,126,222222.2222,6.3,1,0,"{timeout:21600,max_col_multiplier:1,age_limit:2,random_seed:1,replication:2,num_threads:128,set_partition:false}",-1
a10100.json.gz,a,10,100,MipTemplate,highs,MTFarkas,2,40,1360,1360,0,1360,0,10,112,0.020311,1.450818,1.480375,317,15607.30639,0.983958333,1,0,"{timeout:21600,max_col_multiplier:1,age_limit:2,random_seed:1,replication:2,num_threads:128,set_partition:false}",2
a10100.json.gz,a,10,100,MipTemplate,highs,MTFarkas,2,40,1360,1360,0,1360,0,10,112,0.020311,1.450818,1.480377,317,15607.30639,0.983958333,1,0,"{timeout:21600,max_col_multiplier:1,age_limit:2,random_seed:1,replication:2,num_threads:128,set_partition:false}",1
a10100.json.gz,a,10,100,MipTemplate,highs,MTFarkas,3,3,1358.556923,1361,,1361,,10,20,0.000592,0.017522,0.02492,125,211148.6486,6.25,1,0,"{timeout:21600,max_col_multiplier:1,age_limit:2,random_seed:2,replication:3,num_threads:128,set_partition:false}",-1
a10100.json.gz,a,10,100,MipTemplate,highs,MTFarkas,3,42,1360,1360,0,1360,0,10,112,0.02063,1.421296,1.45105,342,16577.79932,1.020209751,1,0,"{timeout:21600,max_col_multiplier:1,age_limit:2,random_seed:2,replication:3,num_threads:128,set_partition:false}",2
a10100.json.gz,a,10,100,MipTemplate,highs,MTFarkas,3,42,1360,1360,0,1360,0,10,112,0.02063,1.421296,1.451052,342,16577.79932,1.020209751,1,0,"{timeout:21600,max_col_multiplier:1,age_limit:2,random_seed:2,replication:3,num_threads:128,set_partition:false}",1
a10100.json.gz,a,10,100,MipTemplate,highs,MTFarkas,4,3,1358.556923,1371,,1371,,10,20,0.000673,0.01935,0.026978,123,182763.7444,6.15,1,0,"{timeout:21600,max_col_multiplier:1,age_limit:2,random_seed:3,replication:4,num_threads:128,set_partition:false}",-1
a10100.json.gz,a,10,100,MipTemplate,highs,MTFarkas,4,44,1360,1360,0,1360,0,10,110,0.020887,1.450807,1.480888,314,15033.27429,1.013257576,1,0,"{timeout:21600,max_col_multiplier:1,age_limit:2,random_seed:3,replication:4,num_threads:128,set_partition:false}",2
a10100.json.gz,a,10,100,MipTemplate,highs,MTFarkas,4,44,1360,1360,0,1360,0,10,110,0.020887,1.450807,1.480889,314,15033.27429,1.013257576,1,0,"{timeout:21600,max_col_multiplier:1,age_limit:2,random_seed:3,replication:4,num_threads:128,set_partition:false}",1
a10100.json.gz,a,10,100,MipTemplate,highs,MTFarkas,5,4,1358.556923,1361,,1361,,10,30,0.001337,0.057799,0.066157,131,97980.55348,4.366666667,1,0,"{timeout:21600,max_col_multiplier:1,age_limit:2,random_seed:4,replication:5,num_threads:128,set_partition:false}",-1
a10100.json.gz,a,10,100,MipTemplate,highs,MTFarkas,5,44,1360,1360,0,1360,0,10,113,0.020862,1.487268,1.5174,332,15914.1022,0.901515152,1,0,"{timeout:21600,max_col_multiplier:1,age_limit:2,random_seed:4,replication:5,num_threads:128,set_partition:false}",2
a10100.json.gz,a,10,100,MipTemplate,highs,MTFarkas,5,44,1360,1360,0,1360,0,10,113,0.020862,1.487268,1.517401,332,15914.1022,0.901515152,1,0,"{timeout:21600,max_col_multiplier:1,age_limit:2,random_seed:4,replication:5,num_threads:128,set_partition:false}",1
a10200.json.gz,a,10,200,MipTemplate,highs,MTFarkas,1,3,2623,2623,,2623,,10,20,0.001604,0.031652,0.045548,226,140897.7556,11.3,1,0,"{timeout:21600,max_col_multiplier:1,age_limit:2,random_seed:0,replication:1,num_threads:128,set_partition:false}",-1
a10200.json.gz,a,10,200,MipTemplate,highs,MTFarkas,1,3,2623,2623,0,2623,21011,10,30,0.001646,0.069184,0.083208,226,137302.5516,3.766666667,1,0,"{timeout:21600,max_col_multiplier:1,age_limit:2,random_seed:0,replication:1,num_threads:128,set_partition:false}",2
a10200.json.gz,a,10,200,MipTemplate,highs,MTFarkas,1,3,2623,2623,0,2623,21011,10,30,0.001646,0.069184,0.083209,226,137302.5516,3.766666667,1,0,"{timeout:21600,max_col_multiplier:1,age_limit:2,random_seed:0,replication:1,num_threads:128,set_partition:false}",1
a10200.json.gz,a,10,200,MipTemplate,highs,MTFarkas,2,3,2623,2623,,2623,,10,20,0.001155,0.020361,0.046098,230,199134.1991,11.5,1,0,"{timeout:21600,max_col_multiplier:1,age_limit:2,random_seed:1,replication:2,num_threads:128,set_partition:false}",-1
a10200.json.gz,a,10,200,MipTemplate,highs,MTFarkas,2,3,2623,2623,0,2623,20888,10,30,0.001251,0.067414,0.093336,230,183852.9177,3.833333333,1,0,"{timeout:21600,max_col_multiplier:1,age_limit:2,random_seed:1,replication:2,num_threads:128,set_partition:false}",2
a10200.json.gz,a,10,200,MipTemplate,highs,MTFarkas,2,3,2623,2623,0,2623,20888,10,30,0.001251,0.067414,0.093337,230,183852.9177,3.833333333,1,0,"{timeout:21600,max_col_multiplier:1,age_limit:2,random_seed:1,replication:2,num_threads:128,set_partition:false}",1
a10200.json.gz,a,10,200,MipTemplate,highs,MTFarkas,3,3,2623,2623,,2623,,10,20,0.001469,0.025286,0.037677,222,151123.2131,11.1,1,0,"{timeout:21600,max_col_multiplier:1,age_limit:2,random_seed:2,replication:3,num_threads:128,set_partition:false}",-1
a10200.json.gz,a,10,200,MipTemplate,highs,MTFarkas,3,3,2623,2623,0,2623,22053,10,30,0.001592,0.069876,0.082494,222,139447.2362,3.7,1,0,"{timeout:21600,max_col_multiplier:1,age_limit:2,random_seed:2,replication:3,num_threads:128,set_partition:false}",2
a10200.json.gz,a,10,200,MipTemplate,highs,MTFarkas,3,3,2623,2623,0,2623,22053,10,30,0.001592,0.069876,0.082495,222,139447.2362,3.7,1,0,"{timeout:21600,max_col_multiplier:1,age_limit:2,random_seed:2,replication:3,num_threads:128,set_partition:false}",1
a10200.json.gz,a,10,200,MipTemplate,highs,MTFarkas,4,3,2623,2623,,2623,,10,20,0.00137,0.047538,0.059834,227,165693.4307,11.35,1,0,"{timeout:21600,max_col_multiplier:1,age_limit:2,random_seed:3,replication:4,num_threads:128,set_partition:false}",-1
a10200.json.gz,a,10,200,MipTemplate,highs,MTFarkas,4,3,2623,2623,0,2623,21891,10,30,0.001471,0.08414,0.096601,227,154316.7913,3.783333333,1,0,"{timeout:21600,max_col_multiplier:1,age_limit:2,random_seed:3,replication:4,num_threads:128,set_partition:false}",2
a10200.json.gz,a,10,200,MipTemplate,highs,MTFarkas,4,3,2623,2623,0,2623,21891,10,30,0.001471,0.08414,0.096602,227,154316.7913,3.783333333,1,0,"{timeout:21600,max_col_multiplier:1,age_limit:2,random_seed:3,replication:4,num_threads:128,set_partition:false}",1
a10200.json.gz,a,10,200,MipTemplate,highs,MTFarkas,5,4,2623,2623,,2623,,10,30,0.001723,0.063798,0.077257,238,138131.1666,7.933333333,1,0,"{timeout:21600,max_col_multiplier:1,age_limit:2,random_seed:4,replication:5,num_threads:128,set_partition:false}",-1
a10200.json.gz,a,10,200,MipTemplate,highs,MTFarkas,5,4,2623,2623,0,2623,19606,10,40,0.001838,0.104193,0.117865,238,129488.5745,1.983333333,1,0,"{timeout:21600,max_col_multiplier:1,age_limit:2,random_seed:4,replication:5,num_threads:128,set_partition:false}",2
a10200.json.gz,a,10,200,MipTemplate,highs,MTFarkas,5,4,2623,2623,0,2623,19606,10,40,0.001838,0.104193,0.117867,238,129488.5745,1.983333333,1,0,"{timeout:21600,max_col_multiplier:1,age_limit:2,random_seed:4,replication:5,num_threads:128,set_partition:false}",1
a20100.json.gz,a,20,100,MipTemplate,highs,MTFarkas,1,2,1157.08,1158,,1158,,20,20,0.000877,0.002756,0.01652,128,145952.1095,6.4,1,0,"{timeout:21600,max_col_multiplier:1,age_limit:2,random_seed:0,replication:1,num_threads:128,set_partition:false}",-1
a20100.json.gz,a,20,100,MipTemplate,highs,MTFarkas,1,2,1157.08,1158,0,1158,8280,20,40,0.000931,0.050615,0.064534,128,137486.5736,3.2,1,0,"{timeout:21600,max_col_multiplier:1,age_limit:2,random_seed:0,replication:1,num_threads:128,set_partition:false}",2
a20100.json.gz,a,20,100,MipTemplate,highs,MTFarkas,1,2,1157.08,1158,0,1158,8280,20,40,0.000931,0.050615,0.064535,128,137486.5736,3.2,1,0,"{timeout:21600,max_col_multiplier:1,age_limit:2,random_seed:0,replication:1,num_threads:128,set_partition:false}",1
a20100.json.gz,a,20,100,MipTemplate,highs,MTFarkas,2,2,1157.08,1158,,1158,,20,20,0.000423,0.002807,0.015024,124,293144.208,6.2,1,0,"{timeout:21600,max_col_multiplier:1,age_limit:2,random_seed:1,replication:2,num_threads:128,set_partition:false}",-1
a20100.json.gz,a,20,100,MipTemplate,highs,MTFarkas,2,2,1157.08,1158,0,1158,8340,20,40,0.000476,0.044303,0.056673,124,260504.2017,3.1,1,0,"{timeout:21600,max_col_multiplier:1,age_limit:2,random_seed:1,replication:2,num_threads:128,set_partition:false}",2
a20100.json.gz,a,20,100,MipTemplate,highs,MTFarkas,2,2,1157.08,1158,0,1158,8340,20,40,0.000476,0.044303,0.056674,124,260504.2017,3.1,1,0,"{timeout:21600,max_col_multiplier:1,age_limit:2,random_seed:1,replication:2,num_threads:128,set_partition:false}",1
a20100.json.gz,a,20,100,MipTemplate,highs,MTFarkas,3,2,1157.08,1158,,1158,,20,20,0.000432,0.002711,0.015054,124,287037.037,6.2,1,0,"{timeout:21600,max_col_multiplier:1,age_limit:2,random_seed:2,replication:3,num_threads:128,set_partition:false}",-1
a20100.json.gz,a,20,100,MipTemplate,highs,MTFarkas,3,2,1157.08,1158,0,1158,8227,20,40,0.000495,0.047478,0.059952,124,250505.0505,3.1,1,0,"{timeout:21600,max_col_multiplier:1,age_limit:2,random_seed:2,replication:3,num_threads:128,set_partition:false}",2
a20100.json.gz,a,20,100,MipTemplate,highs,MTFarkas,3,2,1157.08,1158,0,1158,8227,20,40,0.000495,0.047478,0.059953,124,250505.0505,3.1,1,0,"{timeout:21600,max_col_multiplier:1,age_limit:2,random_seed:2,replication:3,num_threads:128,set_partition:false}",1
a20100.json.gz,a,20,100,MipTemplate,highs,MTFarkas,4,2,1157.08,1158,,1158,,20,20,0.000424,0.002321,0.014371,125,294811.3208,6.25,1,0,"{timeout:21600,max_col_multiplier:1,age_limit:2,random_seed:3,replication:4,num_threads:128,set_partition:false}",-1
a20100.json.gz,a,20,100,MipTemplate,highs,MTFarkas,4,2,1157.08,1158,0,1158,8004,20,40,0.000479,0.05295,0.065151,125,260960.334,3.125,1,0,"{timeout:21600,max_col_multiplier:1,age_limit:2,random_seed:3,replication:4,num_threads:128,set_partition:false}",2
a20100.json.gz,a,20,100,MipTemplate,highs,MTFarkas,4,2,1157.08,1158,0,1158,8004,20,40,0.000479,0.05295,0.065152,125,260960.334,3.125,1,0,"{timeout:21600,max_col_multiplier:1,age_limit:2,random_seed:3,replication:4,num_threads:128,set_partition:false}",1
a20100.json.gz,a,20,100,MipTemplate,highs,MTFarkas,5,2,1157.08,1158,,1158,,20,20,0.00043,0.002815,0.014952,128,297674.4186,6.4,1,0,"{timeout:21600,max_col_multiplier:1,age_limit:2,random_seed:4,replication:5,num_threads:128,set_partition:false}",-1
a20100.json.gz,a,20,100,MipTemplate,highs,MTFarkas,5,2,1157.08,1158,0,1158,7924,20,40,0.000496,0.047461,0.059797,128,258064.5161,3.2,1,0,"{timeout:21600,max_col_multiplier:1,age_limit:2,random_seed:4,replication:5,num_threads:128,set_partition:false}",2
a20100.json.gz,a,20,100,MipTemplate,highs,MTFarkas,5,2,1157.08,1158,0,1158,7924,20,40,0.000496,0.047461,0.059798,128,258064.5161,3.2,1,0,"{timeout:21600,max_col_multiplier:1,age_limit:2,random_seed:4,replication:5,num_threads:128,set_partition:false}",1
a20200.json.gz,a,20,200,MipTemplate,highs,MTFarkas,1,4,2337.327333,2340,,2340,,20,60,0.002039,0.046335,0.065983,256,125551.741,4.266666667,1,0,"{timeout:21600,max_col_multiplier:1,age_limit:2,random_seed:0,replication:1,num_threads:128,set_partition:false}",-1
a20200.json.gz,a,20,200,MipTemplate,highs,MTFarkas,1,38,2339,2339,0,2339,0,20,221,0.029691,1.429267,1.479844,531,17884.20734,0.844776715,1,0,"{timeout:21600,max_col_multiplier:1,age_limit:2,random_seed:0,replication:1,num_threads:128,set_partition:false}",2
a20200.json.gz,a,20,200,MipTemplate,highs,MTFarkas,1,38,2339,2339,0,2339,0,20,221,0.029691,1.429267,1.479845,531,17884.20734,0.844776715,1,0,"{timeout:21600,max_col_multiplier:1,age_limit:2,random_seed:0,replication:1,num_threads:128,set_partition:false}",1
a20200.json.gz,a,20,200,MipTemplate,highs,MTFarkas,2,3,2337.327333,2357,,2357,,20,40,0.001072,0.023859,0.044355,246,229477.6119,6.15,1,0,"{timeout:21600,max_col_multiplier:1,age_limit:2,random_seed:1,replication:2,num_threads:128,set_partition:false}",-1
a20200.json.gz,a,20,200,MipTemplate,highs,MTFarkas,2,41,2339,2339,0,2339,0,20,220,0.031433,1.484888,1.539212,528,16797.63306,0.939837398,1,0,"{timeout:21600,max_col_multiplier:1,age_limit:2,random_seed:1,replication:2,num_threads:128,set_partition:false}",2
a20200.json.gz,a,20,200,MipTemplate,highs,MTFarkas,2,41,2339,2339,0,2339,0,20,220,0.031433,1.484888,1.539213,528,16797.63306,0.939837398,1,0,"{timeout:21600,max_col_multiplier:1,age_limit:2,random_seed:1,replication:2,num_threads:128,set_partition:false}",1
a20200.json.gz,a,20,200,MipTemplate,highs,MTFarkas,3,3,2337.327333,2339,,2339,,20,40,0.001031,0.025676,0.045949,244,236663.4336,6.1,1,0,"{timeout:21600,max_col_multiplier:1,age_limit:2,random_seed:2,replication:3,num_threads:128,set_partition:false}",-1
a20200.json.gz,a,20,200,MipTemplate,highs,MTFarkas,3,49,2339,2339,0,2339,0,20,221,0.037012,1.931132,1.991208,539,14562.84448,0.94884877,1,0,"{timeout:21600,max_col_multiplier:1,age_limit:2,random_seed:2,replication:3,num_threads:128,set_partition:false}",2
a20200.json.gz,a,20,200,MipTemplate,highs,MTFarkas,3,49,2339,2339,0,2339,0,20,221,0.037012,1.931132,1.99121,539,14562.84448,0.94884877,1,0,"{timeout:21600,max_col_multiplier:1,age_limit:2,random_seed:2,replication:3,num_threads:128,set_partition:false}",1
a20200.json.gz,a,20,200,MipTemplate,highs,MTFarkas,4,3,2337.327333,2355,,2355,,20,40,0.001132,0.022193,0.042747,247,218197.8799,6.175,1,0,"{timeout:21600,max_col_multiplier:1,age_limit:2,random_seed:3,replication:4,num_threads:128,set_partition:false}",-1
a20200.json.gz,a,20,200,MipTemplate,highs,MTFarkas,4,44,2339,2339,0,2339,0,20,222,0.033146,1.786087,1.842292,555,16744.10185,0.972408293,1,0,"{timeout:21600,max_col_multiplier:1,age_limit:2,random_seed:3,replication:4,num_threads:128,set_partition:false}",2
a20200.json.gz,a,20,200,MipTemplate,highs,MTFarkas,4,44,2339,2339,0,2339,0,20,222,0.033146,1.786087,1.842293,555,16744.10185,0.972408293,1,0,"{timeout:21600,max_col_multiplier:1,age_limit:2,random_seed:3,replication:4,num_threads:128,set_partition:false}",1
a20200.json.gz,a,20,200,MipTemplate,highs,MTFarkas,5,3,2337.327333,2340,,2340,,20,40,0.00118,0.023272,0.045304,243,205932.2034,6.075,1,0,"{timeout:21600,max_col_multiplier:1,age_limit:2,random_seed:4,replication:5,num_threads:128,set_partition:false}",-1
a20200.json.gz,a,20,200,MipTemplate,highs,MTFarkas,5,36,2339,2339,0,2339,0,20,227,0.027797,1.401844,1.453774,529,19030.83067,0.929544347,1,0,"{timeout:21600,max_col_multiplier:1,age_limit:2,random_seed:4,replication:5,num_threads:128,set_partition:false}",2
a20200.json.gz,a,20,200,MipTemplate,highs,MTFarkas,5,36,2339,2339,0,2339,0,20,227,0.027797,1.401844,1.453775,529,19030.83067,0.929544347,1,0,"{timeout:21600,max_col_multiplier:1,age_limit:2,random_seed:4,replication:5,num_threads:128,set_partition:false}",1
b05100.json.gz,b,5,100,MipTemplate,highs,MTFarkas,1,5,1831.32945,1892,,1892,,5,20,0.001273,0.102622,0.109124,154,120974.077,7.7,1,0,"{timeout:21600,max_col_multiplier:1,age_limit:2,random_seed:0,replication:1,num_threads:128,set_partition:false}",-1
b05100.json.gz,b,5,100,MipTemplate,highs,MTFarkas,1,250,1838.604651,1853,0.75553157,1838.837209,0.23255814,24,110,0.194576,36.64637,36.85868,1595,8197.311076,1.253066667,1,0,"{timeout:21600,max_col_multiplier:1,age_limit:2,random_seed:0,replication:1,num_threads:128,set_partition:false}",2
b05100.json.gz,b,5,100,MipTemplate,highs,MTFarkas,1,250,1838.604651,1853,0.75553157,1838.837209,0.23255814,24,110,0.194576,36.64637,36.858681,1595,8197.311076,1.253066667,1,0,"{timeout:21600,max_col_multiplier:1,age_limit:2,random_seed:0,replication:1,num_threads:128,set_partition:false}",1
b05100.json.gz,b,5,100,MipTemplate,highs,MTFarkas,2,6,1831.32945,1894,,1894,,5,25,0.001716,0.082643,0.0897,164,95571.09557,6.56,1,0,"{timeout:21600,max_col_multiplier:1,age_limit:2,random_seed:1,replication:2,num_threads:128,set_partition:false}",-1
b05100.json.gz,b,5,100,MipTemplate,highs,MTFarkas,2,247,1838.24031,1853,0.75553157,1838.837209,0.596899225,24,109,0.187198,38.74472,38.949486,1628,8696.67411,1.291740891,1,0,"{timeout:21600,max_col_multiplier:1,age_limit:2,random_seed:1,replication:2,num_threads:128,set_partition:false}",2
b05100.json.gz,b,5,100,MipTemplate,highs,MTFarkas,2,247,1838.24031,1853,0.75553157,1838.837209,0.596899225,24,109,0.187198,38.74472,38.949487,1628,8696.67411,1.291740891,1,0,"{timeout:21600,max_col_multiplier:1,age_limit:2,random_seed:1,replication:2,num_threads:128,set_partition:false}",1
b05100.json.gz,b,5,100,MipTemplate,highs,MTFarkas,3,6,1831.32945,1911,,1911,,5,25,0.002183,0.094807,0.102197,162,74209.80302,6.48,1,0,"{timeout:21600,max_col_multiplier:1,age_limit:2,random_seed:2,replication:3,num_threads:128,set_partition:false}",-1
b05100.json.gz,b,5,100,MipTemplate,highs,MTFarkas,3,239,1838.116279,1855,0.862533693,1838.837209,0.720930233,24,111,0.203371,35.563895,35.784823,1634,8034.577201,1.312887029,1,0,"{timeout:21600,max_col_multiplier:1,age_limit:2,random_seed:2,replication:3,num_threads:128,set_partition:false}",2
b05100.json.gz,b,5,100,MipTemplate,highs,MTFarkas,3,239,1838.116279,1855,0.862533693,1838.837209,0.720930233,24,111,0.203371,35.563895,35.784824,1634,8034.577201,1.312887029,1,0,"{timeout:21600,max_col_multiplier:1,age_limit:2,random_seed:2,replication:3,num_threads:128,set_partition:false}",1
b05100.json.gz,b,5,100,MipTemplate,highs,MTFarkas,4,4,1831.32945,1895,,1895,,5,15,0.001056,0.049989,0.056494,150,142045.4545,10,1,0,"{timeout:21600,max_col_multiplier:1,age_limit:2,random_seed:3,replication:4,num_threads:128,set_partition:false}",-1
b05100.json.gz,b,5,100,MipTemplate,highs,MTFarkas,4,229,1838.767442,1850,0.594594595,1838.837209,0.069767442,24,110,0.174381,27.561211,27.752848,1456,8349.533493,1.263245997,1,0,"{timeout:21600,max_col_multiplier:1,age_limit:2,random_seed:3,replication:4,num_threads:128,set_partition:false}",2
b05100.json.gz,b,5,100,MipTemplate,highs,MTFarkas,4,229,1838.767442,1850,0.594594595,1838.837209,0.069767442,24,110,0.174381,27.561211,27.752849,1456,8349.533493,1.263245997,1,0,"{timeout:21600,max_col_multiplier:1,age_limit:2,random_seed:3,replication:4,num_threads:128,set_partition:false}",1
b05100.json.gz,b,5,100,MipTemplate,highs,MTFarkas,5,6,1831.32945,1897,,1897,,5,25,0.001911,0.095941,0.103232,158,82679.22554,6.32,1,0,"{timeout:21600,max_col_multiplier:1,age_limit:2,random_seed:4,replication:5,num_threads:128,set_partition:false}",-1
b05100.json.gz,b,5,100,MipTemplate,highs,MTFarkas,5,310,1838.108527,1850,0.594594595,1838.837209,0.728682171,24,112,0.237323,50.214935,50.473269,1905,8027.034885,1.251623656,1,0,"{timeout:21600,max_col_multiplier:1,age_limit:2,random_seed:4,replication:5,num_threads:128,set_partition:false}",2
b05100.json.gz,b,5,100,MipTemplate,highs,MTFarkas,5,310,1838.108527,1850,0.594594595,1838.837209,0.728682171,24,112,0.237323,50.214935,50.47327,1905,8027.034885,1.251623656,1,0,"{timeout:21600,max_col_multiplier:1,age_limit:2,random_seed:4,replication:5,num_threads:128,set_partition:false}",1
b05200.json.gz,b,5,200,MipTemplate,highs,MTFarkas,1,9,3547.411575,3636,,3636,,5,40,0.004787,0.174951,0.188804,290,60580.7395,7.25,1,0,"{timeout:21600,max_col_multiplier:1,age_limit:4,random_seed:0,replication:1,num_threads:128,set_partition:false}",-1
b05200.json.gz,b,5,200,MipTemplate,highs,MTFarkas,1,388,3549.035427,3555,0.140646976,3549.336554,0.301127214,31,224,0.855359,61.615743,62.508236,2820,3296.861318,1.369458763,1,0,"{timeout:21600,max_col_multiplier:1,age_limit:4,random_seed:0,replication:1,num_threads:128,set_partition:false}",2
b05200.json.gz,b,5,200,MipTemplate,highs,MTFarkas,1,388,3549.035427,3555,0.140646976,3549.336554,0.301127214,31,224,0.855359,61.615743,62.508238,2820,3296.861318,1.369458763,1,0,"{timeout:21600,max_col_multiplier:1,age_limit:4,random_seed:0,replication:1,num_threads:128,set_partition:false}",1
b05200.json.gz,b,5,200,MipTemplate,highs,MTFarkas,2,7,3547.411575,3650,,3650,,5,30,0.002993,0.107654,0.115065,284,94888.07217,9.466666667,1,0,"{timeout:21600,max_col_multiplier:1,age_limit:4,random_seed:1,replication:2,num_threads:128,set_partition:false}",-1
b05200.json.gz,b,5,200,MipTemplate,highs,MTFarkas,2,557,3549.100644,3553,0.084435688,3549.336554,0.235909823,31,220,1.210007,101.028584,102.283067,4093,3382.625059,1.401256732,1,0,"{timeout:21600,max_col_multiplier:1,age_limit:4,random_seed:1,replication:2,num_threads:128,set_partition:false}",2
b05200.json.gz,b,5,200,MipTemplate,highs,MTFarkas,2,557,3549.100644,3553,0.084435688,3549.336554,0.235909823,31,220,1.210007,101.028584,102.283068,4093,3382.625059,1.401256732,1,0,"{timeout:21600,max_col_multiplier:1,age_limit:4,random_seed:1,replication:2,num_threads:128,set_partition:false}",1
b05200.json.gz,b,5,200,MipTemplate,highs,MTFarkas,3,7,3547.411575,3642,,3642,,5,30,0.003785,0.127118,0.139735,289,76354.02906,9.633333333,1,0,"{timeout:21600,max_col_multiplier:1,age_limit:4,random_seed:2,replication:3,num_threads:128,set_partition:false}",-1
b05200.json.gz,b,5,200,MipTemplate,highs,MTFarkas,3,577,3549.003221,3552,0.056306306,3549.336554,0.333333333,31,234,1.371099,139.07387,140.495148,4938,3601.490483,1.680069324,1,0,"{timeout:21600,max_col_multiplier:1,age_limit:4,random_seed:2,replication:3,num_threads:128,set_partition:false}",2
b05200.json.gz,b,5,200,MipTemplate,highs,MTFarkas,3,577,3549.003221,3552,0.056306306,3549.336554,0.333333333,31,234,1.371099,139.07387,140.495149,4938,3601.490483,1.680069324,1,0,"{timeout:21600,max_col_multiplier:1,age_limit:4,random_seed:2,replication:3,num_threads:128,set_partition:false}",1
b05200.json.gz,b,5,200,MipTemplate,highs,MTFarkas,4,7,3547.411575,3669,,3669,,5,30,0.00377,0.128244,0.136163,276,73209.54907,9.2,1,0,"{timeout:21600,max_col_multiplier:1,age_limit:4,random_seed:3,replication:4,num_threads:128,set_partition:false}",-1
b05200.json.gz,b,5,200,MipTemplate,highs,MTFarkas,4,531,3549.000537,3561,0.308901994,3549.336554,0.336017177,31,224,1.193128,112.818636,114.05452,3862,3236.869808,1.432736974,1,0,"{timeout:21600,max_col_multiplier:1,age_limit:4,random_seed:3,replication:4,num_threads:128,set_partition:false}",2
b05200.json.gz,b,5,200,MipTemplate,highs,MTFarkas,4,531,3549.000537,3561,0.308901994,3549.336554,0.336017177,31,224,1.193128,112.818636,114.054521,3862,3236.869808,1.432736974,1,0,"{timeout:21600,max_col_multiplier:1,age_limit:4,random_seed:3,replication:4,num_threads:128,set_partition:false}",1
b05200.json.gz,b,5,200,MipTemplate,highs,MTFarkas,5,7,3547.411575,3656,,3656,,5,30,0.003382,0.1332,0.145297,280,82791.24778,9.333333333,1,0,"{timeout:21600,max_col_multiplier:1,age_limit:4,random_seed:4,replication:5,num_threads:128,set_partition:false}",-1
b05200.json.gz,b,5,200,MipTemplate,highs,MTFarkas,5,647,3549.00161,3552,0.056306306,3549.336554,0.334943639,31,223,1.541292,117.864172,119.460093,5447,3534.048058,1.61862442,1,0,"{timeout:21600,max_col_multiplier:1,age_limit:4,random_seed:4,replication:5,num_threads:128,set_partition:false}",2
b05200.json.gz,b,5,200,MipTemplate,highs,MTFarkas,5,647,3549.00161,3552,0.056306306,3549.336554,0.334943639,31,223,1.541292,117.864172,119.460094,5447,3534.048058,1.61862442,1,0,"{timeout:21600,max_col_multiplier:1,age_limit:4,random_seed:4,replication:5,num_threads:128,set_partition:false}",1
b10100.json.gz,b,10,100,MipTemplate,highs,MTFarkas,1,5,1400.671958,1462,,1462,,10,40,0.001191,0.074405,0.083673,157,131821.9983,3.925,1,0,"{timeout:21600,max_col_multiplier:1,age_limit:2,random_seed:0,replication:1,num_threads:128,set_partition:false}",-1
b10100.json.gz,b,10,100,MipTemplate,highs,MTFarkas,1,62,1406.375,1407,0,1407,0.625,10,116,0.038346,2.578699,2.628808,658,17159.54728,1.109043779,1,0,"{timeout:21600,max_col_multiplier:1,age_limit:2,random_seed:0,replication:1,num_threads:128,set_partition:false}",2
b10100.json.gz,b,10,100,MipTemplate,highs,MTFarkas,1,62,1406.375,1407,0,1407,0.625,10,116,0.038346,2.578699,2.628809,658,17159.54728,1.109043779,1,0,"{timeout:21600,max_col_multiplier:1,age_limit:2,random_seed:0,replication:1,num_threads:128,set_partition:false}",1
b10100.json.gz,b,10,100,MipTemplate,highs,MTFarkas,2,5,1400.671958,1487,,1487,,10,40,0.00161,0.066457,0.075363,158,98136.64596,3.95,1,0,"{timeout:21600,max_col_multiplier:1,age_limit:2,random_seed:1,replication:2,num_threads:128,set_partition:false}",-1
b10100.json.gz,b,10,100,MipTemplate,highs,MTFarkas,2,73,1406.8,1407,0,1407,0.2,10,115,0.051457,3.372333,3.435645,904,17568.06654,1.264954338,1,0,"{timeout:21600,max_col_multiplier:1,age_limit:2,random_seed:1,replication:2,num_threads:128,set_partition:false}",2
b10100.json.gz,b,10,100,MipTemplate,highs,MTFarkas,2,73,1406.8,1407,0,1407,0.2,10,115,0.051457,3.372333,3.435647,904,17568.06654,1.264954338,1,0,"{timeout:21600,max_col_multiplier:1,age_limit:2,random_seed:1,replication:2,num_threads:128,set_partition:false}",1
b10100.json.gz,b,10,100,MipTemplate,highs,MTFarkas,3,5,1400.671958,1441,,1441,,10,40,0.001062,0.064697,0.069415,156,146892.6554,3.9,1,0,"{timeout:21600,max_col_multiplier:1,age_limit:2,random_seed:2,replication:3,num_threads:128,set_partition:false}",-1
b10100.json.gz,b,10,100,MipTemplate,highs,MTFarkas,3,65,1406.666667,1407,0,1407,0.333333333,10,117,0.042916,3.473923,3.524542,713,16613.85031,1.216825397,1,0,"{timeout:21600,max_col_multiplier:1,age_limit:2,random_seed:2,replication:3,num_threads:128,set_partition:false}",2
b10100.json.gz,b,10,100,MipTemplate,highs,MTFarkas,3,65,1406.666667,1407,0,1407,0.333333333,10,117,0.042916,3.473923,3.524543,713,16613.85031,1.216825397,1,0,"{timeout:21600,max_col_multiplier:1,age_limit:2,random_seed:2,replication:3,num_threads:128,set_partition:false}",1
b10100.json.gz,b,10,100,MipTemplate,highs,MTFarkas,4,5,1400.671958,1449,,1449,,10,40,0.001292,0.05708,0.062049,172,133126.935,4.3,1,0,"{timeout:21600,max_col_multiplier:1,age_limit:2,random_seed:3,replication:4,num_threads:128,set_partition:false}",-1
b10100.json.gz,b,10,100,MipTemplate,highs,MTFarkas,4,65,1407,1407,0,1407,0,10,112,0.043053,3.662162,3.712982,754,17513.29756,1.17008547,1,0,"{timeout:21600,max_col_multiplier:1,age_limit:2,random_seed:3,replication:4,num_threads:128,set_partition:false}",2
b10100.json.gz,b,10,100,MipTemplate,highs,MTFarkas,4,65,1407,1407,0,1407,0,10,112,0.043053,3.662162,3.712983,754,17513.29756,1.17008547,1,0,"{timeout:21600,max_col_multiplier:1,age_limit:2,random_seed:3,replication:4,num_threads:128,set_partition:false}",1
b10100.json.gz,b,10,100,MipTemplate,highs,MTFarkas,5,5,1400.671958,inf,,1493,,15,40,0.002021,0.06505,0.070758,160,79168.72835,4,0,0,"{timeout:21600,max_col_multiplier:1,age_limit:2,random_seed:4,replication:5,num_threads:128,set_partition:false}",-1
b10100.json.gz,b,10,100,MipTemplate,highs,MTFarkas,5,101,1406.333333,1407,0,1407,0.666666667,10,118,0.066106,5.502471,5.578272,987,14930.56606,1.251830897,1,0,"{timeout:21600,max_col_multiplier:1,age_limit:2,random_seed:4,replication:5,num_threads:128,set_partition:false}",2
b10100.json.gz,b,10,100,MipTemplate,highs,MTFarkas,5,101,1406.333333,1407,0,1407,0.666666667,10,118,0.066106,5.502471,5.578273,987,14930.56606,1.251830897,1,0,"{timeout:21600,max_col_multiplier:1,age_limit:2,random_seed:4,replication:5,num_threads:128,set_partition:false}",1
b10200.json.gz,b,10,200,MipTemplate,highs,MTFarkas,1,5,2815.050673,2943,,2943,,10,40,0.002283,0.08009,0.096765,295,129215.9439,7.375,1,0,"{timeout:21600,max_col_multiplier:1,age_limit:2,random_seed:0,replication:1,num_threads:128,set_partition:false}",-1
b10200.json.gz,b,10,200,MipTemplate,highs,MTFarkas,1,201,2825.059375,2828,0.070721358,2825.509375,0.45,47,229,0.280824,22.944213,23.255844,2657,9461.442042,1.238772408,1,0,"{timeout:21600,max_col_multiplier:1,age_limit:2,random_seed:0,replication:1,num_threads:128,set_partition:false}",2
b10200.json.gz,b,10,200,MipTemplate,highs,MTFarkas,1,201,2825.059375,2828,0.070721358,2825.509375,0.45,47,229,0.280824,22.944213,23.255845,2657,9461.442042,1.238772408,1,0,"{timeout:21600,max_col_multiplier:1,age_limit:2,random_seed:0,replication:1,num_threads:128,set_partition:false}",1
b10200.json.gz,b,10,200,MipTemplate,highs,MTFarkas,2,4,2815.050673,2905,,2905,,10,30,0.001691,0.055481,0.072057,298,176227.0846,9.933333333,1,0,"{timeout:21600,max_col_multiplier:1,age_limit:2,random_seed:1,replication:2,num_threads:128,set_partition:false}",-1
b10200.json.gz,b,10,200,MipTemplate,highs,MTFarkas,2,199,2825.004688,2829,0.106044539,2825.509375,0.5046875,45,218,0.308569,24.351301,24.692004,2617,8481.085268,1.276820611,1,0,"{timeout:21600,max_col_multiplier:1,age_limit:2,random_seed:1,replication:2,num_threads:128,set_partition:false}",2
b10200.json.gz,b,10,200,MipTemplate,highs,MTFarkas,2,199,2825.004688,2829,0.106044539,2825.509375,0.5046875,45,218,0.308569,24.351301,24.692005,2617,8481.085268,1.276820611,1,0,"{timeout:21600,max_col_multiplier:1,age_limit:2,random_seed:1,replication:2,num_threads:128,set_partition:false}",1
b10200.json.gz,b,10,200,MipTemplate,highs,MTFarkas,3,4,2815.050673,2905,,2905,,10,30,0.001128,0.054388,0.069161,292,258865.2482,9.733333333,1,0,"{timeout:21600,max_col_multiplier:1,age_limit:2,random_seed:2,replication:3,num_threads:128,set_partition:false}",-1
b10200.json.gz,b,10,200,MipTemplate,highs,MTFarkas,3,190,2825.001563,2840,0.492957746,2825.509375,0.5078125,47,225,0.263573,23.291097,23.583506,2559,9708.885204,1.306896408,1,0,"{timeout:21600,max_col_multiplier:1,age_limit:2,random_seed:2,replication:3,num_threads:128,set_partition:false}",2
b10200.json.gz,b,10,200,MipTemplate,highs,MTFarkas,3,190,2825.001563,2840,0.492957746,2825.509375,0.5078125,47,225,0.263573,23.291097,23.583507,2559,9708.885204,1.306896408,1,0,"{timeout:21600,max_col_multiplier:1,age_limit:2,random_seed:2,replication:3,num_threads:128,set_partition:false}",1
b10200.json.gz,b,10,200,MipTemplate,highs,MTFarkas,4,5,2815.050673,2889,,2889,,10,40,0.002612,0.075614,0.092238,300,114854.5176,7.5,1,0,"{timeout:21600,max_col_multiplier:1,age_limit:2,random_seed:3,replication:4,num_threads:128,set_partition:false}",-1
b10200.json.gz,b,10,200,MipTemplate,highs,MTFarkas,4,200,2825.153125,2831,0.176616037,2825.509375,0.35625,47,219,0.299723,24.014952,24.345462,2673,8918.234503,1.307460317,1,0,"{timeout:21600,max_col_multiplier:1,age_limit:2,random_seed:3,replication:4,num_threads:128,set_partition:false}",2
b10200.json.gz,b,10,200,MipTemplate,highs,MTFarkas,4,200,2825.153125,2831,0.176616037,2825.509375,0.35625,47,219,0.299723,24.014952,24.345463,2673,8918.234503,1.307460317,1,0,"{timeout:21600,max_col_multiplier:1,age_limit:2,random_seed:3,replication:4,num_threads:128,set_partition:false}",1
b10200.json.gz,b,10,200,MipTemplate,highs,MTFarkas,5,5,2815.050673,2916,,2916,,10,40,0.002661,0.082311,0.099288,304,114242.7659,7.6,1,0,"{timeout:21600,max_col_multiplier:1,age_limit:2,random_seed:4,replication:5,num_threads:128,set_partition:false}",-1
b10200.json.gz,b,10,200,MipTemplate,highs,MTFarkas,5,231,2825.15,2829,0.106044539,2825.509375,0.359375,47,218,0.358353,25.795615,26.187521,3046,8499.998605,1.307620422,1,0,"{timeout:21600,max_col_multiplier:1,age_limit:2,random_seed:4,replication:5,num_threads:128,set_partition:false}",2
b10200.json.gz,b,10,200,MipTemplate,highs,MTFarkas,5,231,2825.15,2829,0.106044539,2825.509375,0.359375,47,218,0.358353,25.795615,26.187522,3046,8499.998605,1.307620422,1,0,"{timeout:21600,max_col_multiplier:1,age_limit:2,random_seed:4,replication:5,num_threads:128,set_partition:false}",1
b20100.json.gz,b,20,100,MipTemplate,highs,MTFarkas,1,4,1155.181433,1248,,1248,,20,60,0.00114,0.059125,0.066701,188,164912.2807,3.133333333,1,0,"{timeout:21600,max_col_multiplier:1,age_limit:2,random_seed:0,replication:1,num_threads:128,set_partition:false}",-1
b20100.json.gz,b,20,100,MipTemplate,highs,MTFarkas,1,36,1165.333333,1166,0,1166,0.666666667,20,135,0.025082,1.898557,1.933137,722,28785.58329,1.13231673,1,0,"{timeout:21600,max_col_multiplier:1,age_limit:2,random_seed:0,replication:1,num_threads:128,set_partition:false}",2
b20100.json.gz,b,20,100,MipTemplate,highs,MTFarkas,1,36,1165.333333,1166,0,1166,0.666666667,20,135,0.025082,1.898557,1.933138,722,28785.58329,1.13231673,1,0,"{timeout:21600,max_col_multiplier:1,age_limit:2,random_seed:0,replication:1,num_threads:128,set_partition:false}",1
b20100.json.gz,b,20,100,MipTemplate,highs,MTFarkas,2,4,1155.181433,1261,,1261,,20,60,0.001246,0.053973,0.069146,196,157303.3708,3.266666667,1,0,"{timeout:21600,max_col_multiplier:1,age_limit:2,random_seed:1,replication:2,num_threads:128,set_partition:false}",-1
b20100.json.gz,b,20,100,MipTemplate,highs,MTFarkas,2,34,1165.666667,1166,0,1166,0.333333333,20,138,0.021737,1.601414,1.63999,718,33031.23706,1.055060809,1,0,"{timeout:21600,max_col_multiplier:1,age_limit:2,random_seed:1,replication:2,num_threads:128,set_partition:false}",2
b20100.json.gz,b,20,100,MipTemplate,highs,MTFarkas,2,34,1165.666667,1166,0,1166,0.333333333,20,138,0.021737,1.601414,1.639991,718,33031.23706,1.055060809,1,0,"{timeout:21600,max_col_multiplier:1,age_limit:2,random_seed:1,replication:2,num_threads:128,set_partition:false}",1
b20100.json.gz,b,20,100,MipTemplate,highs,MTFarkas,3,4,1155.181433,1244,,1244,,20,60,0.00126,0.064208,0.079049,188,149206.3492,3.133333333,1,0,"{timeout:21600,max_col_multiplier:1,age_limit:2,random_seed:2,replication:3,num_threads:128,set_partition:false}",-1
b20100.json.gz,b,20,100,MipTemplate,highs,MTFarkas,3,39,1165.25,1166,0,1166,0.75,20,146,0.027259,1.944522,1.988651,769,28210.86614,1.163736299,1,0,"{timeout:21600,max_col_multiplier:1,age_limit:2,random_seed:2,replication:3,num_threads:128,set_partition:false}",2
b20100.json.gz,b,20,100,MipTemplate,highs,MTFarkas,3,39,1165.25,1166,0,1166,0.75,20,146,0.027259,1.944522,1.988652,769,28210.86614,1.163736299,1,0,"{timeout:21600,max_col_multiplier:1,age_limit:2,random_seed:2,replication:3,num_threads:128,set_partition:false}",1
b20100.json.gz,b,20,100,MipTemplate,highs,MTFarkas,4,4,1155.181433,1258,,1258,,20,60,0.000971,0.078053,0.085446,193,198764.1607,3.216666667,1,0,"{timeout:21600,max_col_multiplier:1,age_limit:2,random_seed:3,replication:4,num_threads:128,set_partition:false}",-1
b20100.json.gz,b,20,100,MipTemplate,highs,MTFarkas,4,42,1166,1167,0.085689803,1166,0,29,127,0.02909,2.073271,2.112146,815,28016.50052,1.147554421,1,0,"{timeout:21600,max_col_multiplier:1,age_limit:2,random_seed:3,replication:4,num_threads:128,set_partition:false}",2
b20100.json.gz,b,20,100,MipTemplate,highs,MTFarkas,4,42,1166,1167,0.085689803,1166,0,29,127,0.02909,2.073271,2.112148,815,28016.50052,1.147554421,1,0,"{timeout:21600,max_col_multiplier:1,age_limit:2,random_seed:3,replication:4,num_threads:128,set_partition:false}",1
b20100.json.gz,b,20,100,MipTemplate,highs,MTFarkas,5,4,1155.181433,1250,,1250,,20,60,0.001171,0.058792,0.073384,183,156276.6866,3.05,1,0,"{timeout:21600,max_col_multiplier:1,age_limit:2,random_seed:4,replication:5,num_threads:128,set_partition:false}",-1
b20100.json.gz,b,20,100,MipTemplate,highs,MTFarkas,5,38,1165.833333,1166,0,1166,0.166666667,20,128,0.025557,1.964411,2.006579,712,27859.29491,1.095600946,1,0,"{timeout:21600,max_col_multiplier:1,age_limit:2,random_seed:4,replication:5,num_threads:128,set_partition:false}",2
b20100.json.gz,b,20,100,MipTemplate,highs,MTFarkas,5,38,1165.833333,1166,0,1166,0.166666667,20,128,0.025557,1.964411,2.006581,712,27859.29491,1.095600946,1,0,"{timeout:21600,max_col_multiplier:1,age_limit:2,random_seed:4,replication:5,num_threads:128,set_partition:false}",1
b20200.json.gz,b,20,200,MipTemplate,highs,MTFarkas,1,4,2331.137984,2405,,2405,,20,60,0.001948,0.067096,0.090737,310,159137.577,5.166666667,1,0,"{timeout:21600,max_col_multiplier:1,age_limit:2,random_seed:0,replication:1,num_threads:128,set_partition:false}",-1
b20200.json.gz,b,20,200,MipTemplate,highs,MTFarkas,1,96,2338.065217,2342,0.128095645,2338.521739,0.456521739,51,223,0.12565,7.836709,7.993402,1817,14460.80382,1.27686384,1,0,"{timeout:21600,max_col_multiplier:1,age_limit:2,random_seed:0,replication:1,num_threads:128,set_partition:false}",2
b20200.json.gz,b,20,200,MipTemplate,highs,MTFarkas,1,96,2338.065217,2342,0.128095645,2338.521739,0.456521739,51,223,0.12565,7.836709,7.993403,1817,14460.80382,1.27686384,1,0,"{timeout:21600,max_col_multiplier:1,age_limit:2,random_seed:0,replication:1,num_threads:128,set_partition:false}",1
b20200.json.gz,b,20,200,MipTemplate,highs,MTFarkas,2,4,2331.137984,2421,,2421,,20,60,0.001819,0.05862,0.082681,294,161627.2677,4.9,1,0,"{timeout:21600,max_col_multiplier:1,age_limit:2,random_seed:1,replication:2,num_threads:128,set_partition:false}",-1
b20200.json.gz,b,20,200,MipTemplate,highs,MTFarkas,2,92,2338.101449,2342,0.128095645,2338.521739,0.420289855,51,231,0.113194,7.586931,7.732008,1787,15787.05585,1.191269519,1,0,"{timeout:21600,max_col_multiplier:1,age_limit:2,random_seed:1,replication:2,num_threads:128,set_partition:false}",2
b20200.json.gz,b,20,200,MipTemplate,highs,MTFarkas,2,92,2338.101449,2342,0.128095645,2338.521739,0.420289855,51,231,0.113194,7.586931,7.732009,1787,15787.05585,1.191269519,1,0,"{timeout:21600,max_col_multiplier:1,age_limit:2,random_seed:1,replication:2,num_threads:128,set_partition:false}",1
b20200.json.gz,b,20,200,MipTemplate,highs,MTFarkas,3,4,2331.137984,2416,,2416,,20,60,0.001785,0.069744,0.093375,295,165266.1064,4.916666667,1,0,"{timeout:21600,max_col_multiplier:1,age_limit:2,random_seed:2,replication:3,num_threads:128,set_partition:false}",-1
b20200.json.gz,b,20,200,MipTemplate,highs,MTFarkas,3,84,2338.195652,2342,0.128095645,2338.521739,0.326086957,51,237,0.11456,6.048007,6.193512,1881,16419.34358,1.220346581,1,0,"{timeout:21600,max_col_multiplier:1,age_limit:2,random_seed:2,replication:3,num_threads:128,set_partition:false}",2
b20200.json.gz,b,20,200,MipTemplate,highs,MTFarkas,3,84,2338.195652,2342,0.128095645,2338.521739,0.326086957,51,237,0.11456,6.048007,6.193513,1881,16419.34358,1.220346581,1,0,"{timeout:21600,max_col_multiplier:1,age_limit:2,random_seed:2,replication:3,num_threads:128,set_partition:false}",1
b20200.json.gz,b,20,200,MipTemplate,highs,MTFarkas,4,3,2331.137984,2405,,2405,,20,40,0.00165,0.0354,0.058733,291,176363.6364,7.275,1,0,"{timeout:21600,max_col_multiplier:1,age_limit:2,random_seed:3,replication:4,num_threads:128,set_partition:false}",-1
b20200.json.gz,b,20,200,MipTemplate,highs,MTFarkas,4,99,2338.043478,2343,0.170721297,2338.521739,0.47826087,51,228,0.122983,8.099894,8.253784,1782,14489.80753,1.29488902,1,0,"{timeout:21600,max_col_multiplier:1,age_limit:2,random_seed:3,replication:4,num_threads:128,set_partition:false}",2
b20200.json.gz,b,20,200,MipTemplate,highs,MTFarkas,4,99,2338.043478,2343,0.170721297,2338.521739,0.47826087,51,228,0.122983,8.099894,8.253785,1782,14489.80753,1.29488902,1,0,"{timeout:21600,max_col_multiplier:1,age_limit:2,random_seed:3,replication:4,num_threads:128,set_partition:false}",1
b20200.json.gz,b,20,200,MipTemplate,highs,MTFarkas,5,4,2331.137984,2436,,2436,,20,60,0.001823,0.080933,0.104308,298,163466.8129,4.966666667,1,0,"{timeout:21600,max_col_multiplier:1,age_limit:2,random_seed:4,replication:5,num_threads:128,set_partition:false}",-1
b20200.json.gz,b,20,200,MipTemplate,highs,MTFarkas,5,102,2338.282609,2340,0.042735043,2338.521739,0.239130435,51,230,0.12896,8.129637,8.290572,1961,15206.26551,1.180885797,1,0,"{timeout:21600,max_col_multiplier:1,age_limit:2,random_seed:4,replication:5,num_threads:128,set_partition:false}",2
b20200.json.gz,b,20,200,MipTemplate,highs,MTFarkas,5,102,2338.282609,2340,0.042735043,2338.521739,0.239130435,51,230,0.12896,8.129637,8.290574,1961,15206.26551,1.180885797,1,0,"{timeout:21600,max_col_multiplier:1,age_limit:2,random_seed:4,replication:5,num_threads:128,set_partition:false}",1
c05100.json.gz,c,5,100,MipTemplate,highs,MTFarkas,1,3,1923.975026,1983,,1983,,5,10,0.000899,0.021235,0.027152,144,160177.9755,14.4,1,0,"{timeout:21600,max_col_multiplier:1,age_limit:2,random_seed:0,replication:1,num_threads:128,set_partition:false}",-1
c05100.json.gz,c,5,100,MipTemplate,highs,MTFarkas,1,225,1929.25,1951,1.076371092,1929.666667,0.416666667,12,108,0.180928,25.650749,25.847872,1360,7516.802264,1.291851852,1,0,"{timeout:21600,max_col_multiplier:1,age_limit:2,random_seed:0,replication:1,num_threads:128,set_partition:false}",2
c05100.json.gz,c,5,100,MipTemplate,highs,MTFarkas,1,225,1929.25,1951,1.076371092,1929.666667,0.416666667,12,108,0.180928,25.650749,25.847873,1360,7516.802264,1.291851852,1,0,"{timeout:21600,max_col_multiplier:1,age_limit:2,random_seed:0,replication:1,num_threads:128,set_partition:false}",1
c05100.json.gz,c,5,100,MipTemplate,highs,MTFarkas,2,4,1923.975026,1983,,1983,,5,15,0.001308,0.038628,0.045076,153,116972.4771,10.2,1,0,"{timeout:21600,max_col_multiplier:1,age_limit:2,random_seed:1,replication:2,num_threads:128,set_partition:false}",-1
c05100.json.gz,c,5,100,MipTemplate,highs,MTFarkas,2,266,1929.166667,1944,0.720164609,1929.666667,0.5,11,112,0.207439,29.0017,29.227595,1806,8706.173863,1.339786967,1,0,"{timeout:21600,max_col_multiplier:1,age_limit:2,random_seed:1,replication:2,num_threads:128,set_partition:false}",2
c05100.json.gz,c,5,100,MipTemplate,highs,MTFarkas,2,266,1929.166667,1944,0.720164609,1929.666667,0.5,11,112,0.207439,29.0017,29.227596,1806,8706.173863,1.339786967,1,0,"{timeout:21600,max_col_multiplier:1,age_limit:2,random_seed:1,replication:2,num_threads:128,set_partition:false}",1
c05100.json.gz,c,5,100,MipTemplate,highs,MTFarkas,3,4,1923.975026,1983,,1983,,5,15,0.000881,0.044131,0.05031,156,177071.5096,10.4,1,0,"{timeout:21600,max_col_multiplier:1,age_limit:2,random_seed:2,replication:3,num_threads:128,set_partition:false}",-1
c05100.json.gz,c,5,100,MipTemplate,highs,MTFarkas,3,201,1929.666667,1939,0.464156782,1929.666667,0,11,108,0.154536,18.628676,18.798732,1428,9240.565305,1.347014925,1,0,"{timeout:21600,max_col_multiplier:1,age_limit:2,random_seed:2,replication:3,num_threads:128,set_partition:false}",2
c05100.json.gz,c,5,100,MipTemplate,highs,MTFarkas,3,201,1929.666667,1939,0.464156782,1929.666667,0,11,108,0.154536,18.628676,18.798734,1428,9240.565305,1.347014925,1,0,"{timeout:21600,max_col_multiplier:1,age_limit:2,random_seed:2,replication:3,num_threads:128,set_partition:false}",1
c05100.json.gz,c,5,100,MipTemplate,highs,MTFarkas,4,3,1923.975026,1983,,1983,,5,10,0.000845,0.029073,0.035212,144,170414.2012,14.4,1,0,"{timeout:21600,max_col_multiplier:1,age_limit:2,random_seed:3,replication:4,num_threads:128,set_partition:false}",-1
c05100.json.gz,c,5,100,MipTemplate,highs,MTFarkas,4,195,1929.666667,1934,0.206825233,1929.666667,0,11,107,0.155361,17.868002,18.038453,1252,8058.650498,1.335042735,1,0,"{timeout:21600,max_col_multiplier:1,age_limit:2,random_seed:3,replication:4,num_threads:128,set_partition:false}",2
c05100.json.gz,c,5,100,MipTemplate,highs,MTFarkas,4,195,1929.666667,1934,0.206825233,1929.666667,0,11,107,0.155361,17.868002,18.038454,1252,8058.650498,1.335042735,1,0,"{timeout:21600,max_col_multiplier:1,age_limit:2,random_seed:3,replication:4,num_threads:128,set_partition:false}",1
c05100.json.gz,c,5,100,MipTemplate,highs,MTFarkas,5,4,1923.975026,1983,,1983,,5,15,0.000762,0.036601,0.042435,153,200787.4016,10.2,1,0,"{timeout:21600,max_col_multiplier:1,age_limit:2,random_seed:4,replication:5,num_threads:128,set_partition:false}",-1
c05100.json.gz,c,5,100,MipTemplate,highs,MTFarkas,5,212,1929.083333,1931,0.051786639,1929.666667,0.583333333,12,108,0.167255,20.672314,20.85558,1507,9010.194015,1.364779874,1,0,"{timeout:21600,max_col_multiplier:1,age_limit:2,random_seed:4,replication:5,num_threads:128,set_partition:false}",2
c05100.json.gz,c,5,100,MipTemplate,highs,MTFarkas,5,212,1929.083333,1931,0.051786639,1929.666667,0.583333333,12,108,0.167255,20.672314,20.855581,1507,9010.194015,1.364779874,1,0,"{timeout:21600,max_col_multiplier:1,age_limit:2,random_seed:4,replication:5,num_threads:128,set_partition:false}",1
c05200.json.gz,c,5,200,MipTemplate,highs,MTFarkas,1,12,3450.765286,3519,,3519,,5,55,0.007215,0.297397,0.313492,301,41718.64172,5.472727273,1,0,"{timeout:21600,max_col_multiplier:1,age_limit:4,random_seed:0,replication:1,num_threads:128,set_partition:false}",-1
c05200.json.gz,c,5,200,MipTemplate,highs,MTFarkas,1,439,3454.022059,3461,0.1733603,3454.492647,0.470588235,27,212,0.970242,94.068183,95.07785,3192,3289.90087,1.386991786,1,0,"{timeout:21600,max_col_multiplier:1,age_limit:4,random_seed:0,replication:1,num_threads:128,set_partition:false}",2
c05200.json.gz,c,5,200,MipTemplate,highs,MTFarkas,1,439,3454.022059,3461,0.1733603,3454.492647,0.470588235,27,212,0.970242,94.068183,95.077851,3192,3289.90087,1.386991786,1,0,"{timeout:21600,max_col_multiplier:1,age_limit:4,random_seed:0,replication:1,num_threads:128,set_partition:false}",1
c05200.json.gz,c,5,200,MipTemplate,highs,MTFarkas,2,10,3450.765286,3546,,3546,,5,45,0.005241,0.242944,0.256754,294,56096.16485,6.533333333,1,0,"{timeout:21600,max_col_multiplier:1,age_limit:4,random_seed:1,replication:2,num_threads:128,set_partition:false}",-1
c05200.json.gz,c,5,200,MipTemplate,highs,MTFarkas,2,362,3454.120098,3460,0.144508671,3454.492647,0.37254902,27,210,0.756049,112.336101,113.123737,2325,3075.197507,1.266252302,1,0,"{timeout:21600,max_col_multiplier:1,age_limit:4,random_seed:1,replication:2,num_threads:128,set_partition:false}",2
c05200.json.gz,c,5,200,MipTemplate,highs,MTFarkas,2,362,3454.120098,3460,0.144508671,3454.492647,0.37254902,27,210,0.756049,112.336101,113.123738,2325,3075.197507,1.266252302,1,0,"{timeout:21600,max_col_multiplier:1,age_limit:4,random_seed:1,replication:2,num_threads:128,set_partition:false}",1
c05200.json.gz,c,5,200,MipTemplate,highs,MTFarkas,3,8,3450.765286,3505,,3505,,5,35,0.003157,0.156198,0.163366,283,89642.06525,8.085714286,1,0,"{timeout:21600,max_col_multiplier:1,age_limit:4,random_seed:2,replication:3,num_threads:128,set_partition:false}",-1
c05200.json.gz,c,5,200,MipTemplate,highs,MTFarkas,3,329,3454.220588,3460,0.144508671,3454.492647,0.272058824,27,215,0.644229,62.368348,63.038407,2320,3601.20392,1.311304096,1,0,"{timeout:21600,max_col_multiplier:1,age_limit:4,random_seed:2,replication:3,num_threads:128,set_partition:false}",2
c05200.json.gz,c,5,200,MipTemplate,highs,MTFarkas,3,329,3454.220588,3460,0.144508671,3454.492647,0.272058824,27,215,0.644229,62.368348,63.038408,2320,3601.20392,1.311304096,1,0,"{timeout:21600,max_col_multiplier:1,age_limit:4,random_seed:2,replication:3,num_threads:128,set_partition:false}",1
c05200.json.gz,c,5,200,MipTemplate,highs,MTFarkas,4,7,3450.765286,3534,,3534,,5,30,0.003331,0.134499,0.146377,268,80456.31942,8.933333333,1,0,"{timeout:21600,max_col_multiplier:1,age_limit:4,random_seed:3,replication:4,num_threads:128,set_partition:false}",-1
c05200.json.gz,c,5,200,MipTemplate,highs,MTFarkas,4,381,3454.022059,3474,0.546919977,3454.492647,0.470588235,27,212,0.819561,89.220532,90.074001,2587,3156.567967,1.322834646,1,0,"{timeout:21600,max_col_multiplier:1,age_limit:4,random_seed:3,replication:4,num_threads:128,set_partition:false}",2
c05200.json.gz,c,5,200,MipTemplate,highs,MTFarkas,4,381,3454.022059,3474,0.546919977,3454.492647,0.470588235,27,212,0.819561,89.220532,90.074002,2587,3156.567967,1.322834646,1,0,"{timeout:21600,max_col_multiplier:1,age_limit:4,random_seed:3,replication:4,num_threads:128,set_partition:false}",1
c05200.json.gz,c,5,200,MipTemplate,highs,MTFarkas,5,12,3450.765286,3568,,3568,,5,55,0.006021,0.249454,0.259663,301,49991.69573,5.472727273,1,0,"{timeout:21600,max_col_multiplier:1,age_limit:4,random_seed:4,replication:5,num_threads:128,set_partition:false}",-1
c05200.json.gz,c,5,200,MipTemplate,highs,MTFarkas,5,352,3454.198529,3472,0.489631336,3454.492647,0.294117647,27,210,0.729022,83.848601,84.606886,2288,3138.45124,1.202289945,1,0,"{timeout:21600,max_col_multiplier:1,age_limit:4,random_seed:4,replication:5,num_threads:128,set_partition:false}",2
c05200.json.gz,c,5,200,MipTemplate,highs,MTFarkas,5,352,3454.198529,3472,0.489631336,3454.492647,0.294117647,27,210,0.729022,83.848601,84.606887,2288,3138.45124,1.202289945,1,0,"{timeout:21600,max_col_multiplier:1,age_limit:4,random_seed:4,replication:5,num_threads:128,set_partition:false}",1
c10100.json.gz,c,10,100,MipTemplate,highs,MTFarkas,1,5,1387.009711,1452,,1452,,10,40,0.00181,0.14562,0.155466,180,99447.51381,4.5,1,0,"{timeout:21600,max_col_multiplier:1,age_limit:2,random_seed:0,replication:1,num_threads:128,set_partition:false}",-1
c10100.json.gz,c,10,100,MipTemplate,highs,MTFarkas,1,78,1399.742857,1403,0.213827512,1399.857143,0.114285714,30,122,0.054608,6.137617,6.205098,993,18184.14884,1.22746744,1,0,"{timeout:21600,max_col_multiplier:1,age_limit:2,random_seed:0,replication:1,num_threads:128,set_partition:false}",2
c10100.json.gz,c,10,100,MipTemplate,highs,MTFarkas,1,78,1399.742857,1403,0.213827512,1399.857143,0.114285714,30,122,0.054608,6.137617,6.205099,993,18184.14884,1.22746744,1,0,"{timeout:21600,max_col_multiplier:1,age_limit:2,random_seed:0,replication:1,num_threads:128,set_partition:false}",1
c10100.json.gz,c,10,100,MipTemplate,highs,MTFarkas,2,4,1387.009711,1449,,1449,,10,30,0.001163,0.076628,0.085815,161,138435.0817,5.366666667,1,0,"{timeout:21600,max_col_multiplier:1,age_limit:2,random_seed:1,replication:2,num_threads:128,set_partition:false}",-1
c10100.json.gz,c,10,100,MipTemplate,highs,MTFarkas,2,78,1399.285714,1404,0.284900285,1399.857143,0.571428571,30,121,0.05895,5.180468,5.252735,1135,19253.60475,1.361960724,1,0,"{timeout:21600,max_col_multiplier:1,age_limit:2,random_seed:1,replication:2,num_threads:128,set_partition:false}",2
c10100.json.gz,c,10,100,MipTemplate,highs,MTFarkas,2,78,1399.285714,1404,0.284900285,1399.857143,0.571428571,30,121,0.05895,5.180468,5.252736,1135,19253.60475,1.361960724,1,0,"{timeout:21600,max_col_multiplier:1,age_limit:2,random_seed:1,replication:2,num_threads:128,set_partition:false}",1
c10100.json.gz,c,10,100,MipTemplate,highs,MTFarkas,3,4,1387.009711,1452,,1452,,10,30,0.001202,0.090343,0.099203,164,136439.2679,5.466666667,1,0,"{timeout:21600,max_col_multiplier:1,age_limit:2,random_seed:2,replication:3,num_threads:128,set_partition:false}",-1
c10100.json.gz,c,10,100,MipTemplate,highs,MTFarkas,3,74,1399.52381,1408,0.568181818,1399.857143,0.333333333,30,119,0.0514,4.916543,4.980407,967,18813.22957,1.235585586,1,0,"{timeout:21600,max_col_multiplier:1,age_limit:2,random_seed:2,replication:3,num_threads:128,set_partition:false}",2
c10100.json.gz,c,10,100,MipTemplate,highs,MTFarkas,3,74,1399.52381,1408,0.568181818,1399.857143,0.333333333,30,119,0.0514,4.916543,4.980408,967,18813.22957,1.235585586,1,0,"{timeout:21600,max_col_multiplier:1,age_limit:2,random_seed:2,replication:3,num_threads:128,set_partition:false}",1
c10100.json.gz,c,10,100,MipTemplate,highs,MTFarkas,4,4,1387.009711,1449,,1449,,10,30,0.001061,0.085348,0.090142,163,153628.6522,5.433333333,1,0,"{timeout:21600,max_col_multiplier:1,age_limit:2,random_seed:3,replication:4,num_threads:128,set_partition:false}",-1
c10100.json.gz,c,10,100,MipTemplate,highs,MTFarkas,4,78,1399.530612,1405,0.355871886,1399.857143,0.326530612,30,125,0.054279,6.406379,6.469331,1031,18994.45458,1.296637159,1,0,"{timeout:21600,max_col_multiplier:1,age_limit:2,random_seed:3,replication:4,num_threads:128,set_partition:false}",2
c10100.json.gz,c,10,100,MipTemplate,highs,MTFarkas,4,78,1399.530612,1405,0.355871886,1399.857143,0.326530612,30,125,0.054279,6.406379,6.469332,1031,18994.45458,1.296637159,1,0,"{timeout:21600,max_col_multiplier:1,age_limit:2,random_seed:3,replication:4,num_threads:128,set_partition:false}",1
c10100.json.gz,c,10,100,MipTemplate,highs,MTFarkas,5,5,1387.009711,1452,,1452,,10,40,0.001817,0.106383,0.116035,174,95762.24546,4.35,1,0,"{timeout:21600,max_col_multiplier:1,age_limit:2,random_seed:4,replication:5,num_threads:128,set_partition:false}",-1
c10100.json.gz,c,10,100,MipTemplate,highs,MTFarkas,5,68,1399.857143,1405,0.355871886,1399.857143,0,30,112,0.051483,4.556215,4.620147,970,18841.17087,1.330310458,1,0,"{timeout:21600,max_col_multiplier:1,age_limit:2,random_seed:4,replication:5,num_threads:128,set_partition:false}",2
c10100.json.gz,c,10,100,MipTemplate,highs,MTFarkas,5,68,1399.857143,1405,0.355871886,1399.857143,0,30,112,0.051483,4.556215,4.620149,970,18841.17087,1.330310458,1,0,"{timeout:21600,max_col_multiplier:1,age_limit:2,random_seed:4,replication:5,num_threads:128,set_partition:false}",1
c10200.json.gz,c,10,200,MipTemplate,highs,MTFarkas,1,4,2795.407916,2894,,2894,,10,30,0.000941,0.067715,0.083296,292,310308.1828,9.733333333,1,0,"{timeout:21600,max_col_multiplier:1,age_limit:2,random_seed:0,replication:1,num_threads:128,set_partition:false}",-1
c10200.json.gz,c,10,200,MipTemplate,highs,MTFarkas,1,181,2803.206983,2814,0.355366027,2803.950125,0.743142145,50,217,0.27501,21.13416,21.438504,2559,9305.116178,1.389722003,1,0,"{timeout:21600,max_col_multiplier:1,age_limit:2,random_seed:0,replication:1,num_threads:128,set_partition:false}",2
c10200.json.gz,c,10,200,MipTemplate,highs,MTFarkas,1,181,2803.206983,2814,0.355366027,2803.950125,0.743142145,50,217,0.27501,21.13416,21.438505,2559,9305.116178,1.389722003,1,0,"{timeout:21600,max_col_multiplier:1,age_limit:2,random_seed:0,replication:1,num_threads:128,set_partition:false}",1
c10200.json.gz,c,10,200,MipTemplate,highs,MTFarkas,2,4,2795.407916,2861,,2861,,10,30,0.001426,0.05727,0.073416,285,199859.7475,9.5,1,0,"{timeout:21600,max_col_multiplier:1,age_limit:2,random_seed:1,replication:2,num_threads:128,set_partition:false}",-1
c10200.json.gz,c,10,200,MipTemplate,highs,MTFarkas,2,212,2803.218894,2811,0.2490217,2803.949309,0.730414747,52,224,0.313758,26.831276,27.177549,2830,9019.690335,1.312213612,1,0,"{timeout:21600,max_col_multiplier:1,age_limit:2,random_seed:1,replication:2,num_threads:128,set_partition:false}",2
c10200.json.gz,c,10,200,MipTemplate,highs,MTFarkas,2,212,2803.218894,2811,0.2490217,2803.949309,0.730414747,52,224,0.313758,26.831276,27.17755,2830,9019.690335,1.312213612,1,0,"{timeout:21600,max_col_multiplier:1,age_limit:2,random_seed:1,replication:2,num_threads:128,set_partition:false}",1
c10200.json.gz,c,10,200,MipTemplate,highs,MTFarkas,3,4,2795.407916,2861,,2861,,10,30,0.001561,0.055435,0.0716,286,183215.8873,9.533333333,1,0,"{timeout:21600,max_col_multiplier:1,age_limit:2,random_seed:2,replication:3,num_threads:128,set_partition:false}",-1
c10200.json.gz,c,10,200,MipTemplate,highs,MTFarkas,3,223,2803.089776,2812,0.284495021,2803.950125,0.860349127,50,219,0.353313,24.354483,24.741247,3195,9042.973228,1.402485942,1,0,"{timeout:21600,max_col_multiplier:1,age_limit:2,random_seed:2,replication:3,num_threads:128,set_partition:false}",2
c10200.json.gz,c,10,200,MipTemplate,highs,MTFarkas,3,223,2803.089776,2812,0.284495021,2803.950125,0.860349127,50,219,0.353313,24.354483,24.741248,3195,9042.973228,1.402485942,1,0,"{timeout:21600,max_col_multiplier:1,age_limit:2,random_seed:2,replication:3,num_threads:128,set_partition:false}",1
c10200.json.gz,c,10,200,MipTemplate,highs,MTFarkas,4,5,2795.407916,2861,,2861,,10,40,0.002472,0.072512,0.089907,300,121359.2233,7.5,1,0,"{timeout:21600,max_col_multiplier:1,age_limit:2,random_seed:3,replication:4,num_threads:128,set_partition:false}",-1
c10200.json.gz,c,10,200,MipTemplate,highs,MTFarkas,4,205,2803.55985,2810,0.213523132,2803.950125,0.390274314,50,218,0.310888,24.571627,24.914389,2830,9102.956692,1.329078591,1,0,"{timeout:21600,max_col_multiplier:1,age_limit:2,random_seed:3,replication:4,num_threads:128,set_partition:false}",2
c10200.json.gz,c,10,200,MipTemplate,highs,MTFarkas,4,205,2803.55985,2810,0.213523132,2803.950125,0.390274314,50,218,0.310888,24.571627,24.91439,2830,9102.956692,1.329078591,1,0,"{timeout:21600,max_col_multiplier:1,age_limit:2,random_seed:3,replication:4,num_threads:128,set_partition:false}",1
c10200.json.gz,c,10,200,MipTemplate,highs,MTFarkas,5,5,2795.407916,2861,,2861,,10,40,0.001997,0.091348,0.108276,304,152228.3425,7.6,1,0,"{timeout:21600,max_col_multiplier:1,age_limit:2,random_seed:4,replication:5,num_threads:128,set_partition:false}",-1
c10200.json.gz,c,10,200,MipTemplate,highs,MTFarkas,5,243,2803.011222,2809,0.177999288,2803.950125,0.938902743,50,223,0.371009,29.943432,30.349115,3464,9336.700727,1.35954014,1,0,"{timeout:21600,max_col_multiplier:1,age_limit:2,random_seed:4,replication:5,num_threads:128,set_partition:false}",2
c10200.json.gz,c,10,200,MipTemplate,highs,MTFarkas,5,243,2803.011222,2809,0.177999288,2803.950125,0.938902743,50,223,0.371009,29.943432,30.349116,3464,9336.700727,1.35954014,1,0,"{timeout:21600,max_col_multiplier:1,age_limit:2,random_seed:4,replication:5,num_threads:128,set_partition:false}",1
c10400.json.gz,c,10,400,MipTemplate,highs,MTFarkas,1,5,5591.103879,5710,,5710,,10,40,0.003551,0.103901,0.134068,541,152351.4503,13.525,1,0,"{timeout:21600,max_col_multiplier:1,age_limit:4,random_seed:0,replication:1,num_threads:128,set_partition:false}",-1
c10400.json.gz,c,10,400,MipTemplate,highs,MTFarkas,1,576,5595.020846,5606,0.178380307,5595.331085,0.310239117,55,417,3.068457,150.514737,153.669501,6117,1993.510093,1.395834711,1,0,"{timeout:21600,max_col_multiplier:1,age_limit:4,random_seed:0,replication:1,num_threads:128,set_partition:false}",2
c10400.json.gz,c,10,400,MipTemplate,highs,MTFarkas,1,576,5595.020846,5606,0.178380307,5595.331085,0.310239117,55,417,3.068457,150.514737,153.669502,6117,1993.510093,1.395834711,1,0,"{timeout:21600,max_col_multiplier:1,age_limit:4,random_seed:0,replication:1,num_threads:128,set_partition:false}",1
c10400.json.gz,c,10,400,MipTemplate,highs,MTFarkas,2,7,5591.103879,5729,,5729,,10,60,0.005719,0.1625,0.195009,565,98793.49537,9.416666667,1,0,"{timeout:21600,max_col_multiplier:1,age_limit:4,random_seed:1,replication:2,num_threads:128,set_partition:false}",-1
c10400.json.gz,c,10,400,MipTemplate,highs,MTFarkas,2,668,5595.040466,5599,0.053580997,5595.331085,0.290619252,55,420,3.51847,166.399163,170.01058,7014,1993.480121,1.405264471,1,0,"{timeout:21600,max_col_multiplier:1,age_limit:4,random_seed:1,replication:2,num_threads:128,set_partition:false}",2
c10400.json.gz,c,10,400,MipTemplate,highs,MTFarkas,2,668,5595.040466,5599,0.053580997,5595.331085,0.290619252,55,420,3.51847,166.399163,170.010581,7014,1993.480121,1.405264471,1,0,"{timeout:21600,max_col_multiplier:1,age_limit:4,random_seed:1,replication:2,num_threads:128,set_partition:false}",1
c10400.json.gz,c,10,400,MipTemplate,highs,MTFarkas,3,6,5591.103879,5697,,5697,,10,50,0.004037,0.115612,0.132469,553,136982.9081,11.06,1,0,"{timeout:21600,max_col_multiplier:1,age_limit:4,random_seed:2,replication:3,num_threads:128,set_partition:false}",-1
c10400.json.gz,c,10,400,MipTemplate,highs,MTFarkas,3,615,5595.040466,5598,0.035727045,5595.331085,0.290619252,55,418,3.093671,146.149602,149.322395,7503,2425.274051,1.448645761,1,0,"{timeout:21600,max_col_multiplier:1,age_limit:4,random_seed:2,replication:3,num_threads:128,set_partition:false}",2
c10400.json.gz,c,10,400,MipTemplate,highs,MTFarkas,3,615,5595.040466,5598,0.035727045,5595.331085,0.290619252,55,418,3.093671,146.149602,149.322396,7503,2425.274051,1.448645761,1,0,"{timeout:21600,max_col_multiplier:1,age_limit:4,random_seed:2,replication:3,num_threads:128,set_partition:false}",1
c10400.json.gz,c,10,400,MipTemplate,highs,MTFarkas,4,7,5591.103879,5678,,5678,,10,60,0.004889,0.156831,0.189005,566,115770.0961,9.433333333,1,0,"{timeout:21600,max_col_multiplier:1,age_limit:4,random_seed:3,replication:4,num_threads:128,set_partition:false}",-1
c10400.json.gz,c,10,400,MipTemplate,highs,MTFarkas,4,702,5595.006777,5606,0.178380307,5595.331085,0.324308626,55,424,3.653292,201.138173,204.892592,7695,2106.319451,1.425616153,1,0,"{timeout:21600,max_col_multiplier:1,age_limit:4,random_seed:3,replication:4,num_threads:128,set_partition:false}",2
c10400.json.gz,c,10,400,MipTemplate,highs,MTFarkas,4,702,5595.006777,5606,0.178380307,5595.331085,0.324308626,55,424,3.653292,201.138173,204.892594,7695,2106.319451,1.425616153,1,0,"{timeout:21600,max_col_multiplier:1,age_limit:4,random_seed:3,replication:4,num_threads:128,set_partition:false}",1
c10400.json.gz,c,10,400,MipTemplate,highs,MTFarkas,5,6,5591.103879,5695,,5695,,10,50,0.004064,0.123426,0.140403,554,136318.8976,11.08,1,0,"{timeout:21600,max_col_multiplier:1,age_limit:4,random_seed:4,replication:5,num_threads:128,set_partition:false}",-1
c10400.json.gz,c,10,400,MipTemplate,highs,MTFarkas,5,929,5595.033147,5602,0.107104605,5595.331085,0.297938381,55,419,5.467313,317.438315,323.011522,9985,1826.308463,1.52246382,1,0,"{timeout:21600,max_col_multiplier:1,age_limit:4,random_seed:4,replication:5,num_threads:128,set_partition:false}",2
c10400.json.gz,c,10,400,MipTemplate,highs,MTFarkas,5,929,5595.033147,5602,0.107104605,5595.331085,0.297938381,55,419,5.467313,317.438315,323.011523,9985,1826.308463,1.52246382,1,0,"{timeout:21600,max_col_multiplier:1,age_limit:4,random_seed:4,replication:5,num_threads:128,set_partition:false}",1
c15900.json.gz,c,15,900,MipTemplate,highs,MTFarkas,1,6,11336.57438,11453,,11453,,15,75,0.010122,0.205831,0.290868,1199,118454.8508,15.98666667,1,0,"{timeout:21600,max_col_multiplier:1,age_limit:6,random_seed:0,replication:1,num_threads:128,set_partition:false}",-1
c15900.json.gz,c,15,900,MipTemplate,highs,MTFarkas,1,971,11338.02125,11347,0.070503217,11338.87847,0.857219371,85,951,25.212303,393.362817,418.919871,26298,1043.062191,1.867185064,1,0,"{timeout:21600,max_col_multiplier:1,age_limit:6,random_seed:0,replication:1,num_threads:128,set_partition:false}",2
c15900.json.gz,c,15,900,MipTemplate,highs,MTFarkas,1,971,11338.02125,11347,0.070503217,11338.87847,0.857219371,85,951,25.212303,393.362817,418.919872,26298,1043.062191,1.867185064,1,0,"{timeout:21600,max_col_multiplier:1,age_limit:6,random_seed:0,replication:1,num_threads:128,set_partition:false}",1
c15900.json.gz,c,15,900,MipTemplate,highs,MTFarkas,2,6,11336.57438,11462,,11462,,15,75,0.007788,0.196829,0.269943,1181,151643.5542,15.74666667,1,0,"{timeout:21600,max_col_multiplier:1,age_limit:6,random_seed:1,replication:2,num_threads:128,set_partition:false}",-1
c15900.json.gz,c,15,900,MipTemplate,highs,MTFarkas,2,675,11338.00406,11347,0.070503217,11338.86651,0.862451776,87,937,15.697439,213.092252,229.036574,18055,1150.18762,1.775456432,1,0,"{timeout:21600,max_col_multiplier:1,age_limit:6,random_seed:1,replication:2,num_threads:128,set_partition:false}",2
c15900.json.gz,c,15,900,MipTemplate,highs,MTFarkas,2,675,11338.00406,11347,0.070503217,11338.86651,0.862451776,87,937,15.697439,213.092252,229.036576,18055,1150.18762,1.775456432,1,0,"{timeout:21600,max_col_multiplier:1,age_limit:6,random_seed:1,replication:2,num_threads:128,set_partition:false}",1
c15900.json.gz,c,15,900,MipTemplate,highs,MTFarkas,3,6,11336.57438,11444,,11444,,15,76,0.00775,0.175208,0.227312,1206,155612.9032,15.86842105,1,0,"{timeout:21600,max_col_multiplier:1,age_limit:6,random_seed:2,replication:3,num_threads:128,set_partition:false}",-1
c15900.json.gz,c,15,900,MipTemplate,highs,MTFarkas,3,756,11338.05532,11347,0.070503217,11338.87848,0.82315701,85,982,19.852761,254.443603,274.556535,22061,1111.230826,1.905692699,1,0,"{timeout:21600,max_col_multiplier:1,age_limit:6,random_seed:2,replication:3,num_threads:128,set_partition:false}",2
c15900.json.gz,c,15,900,MipTemplate,highs,MTFarkas,3,756,11338.05532,11347,0.070503217,11338.87848,0.82315701,85,982,19.852761,254.443603,274.556536,22061,1111.230826,1.905692699,1,0,"{timeout:21600,max_col_multiplier:1,age_limit:6,random_seed:2,replication:3,num_threads:128,set_partition:false}",1
c15900.json.gz,c,15,900,MipTemplate,highs,MTFarkas,4,8,11336.57438,11467,,11467,,15,105,0.012141,0.254352,0.310074,1237,101886.1708,11.78095238,1,0,"{timeout:21600,max_col_multiplier:1,age_limit:6,random_seed:3,replication:4,num_threads:128,set_partition:false}",-1
c15900.json.gz,c,15,900,MipTemplate,highs,MTFarkas,4,647,11338.06586,11350,0.0969163,11338.87847,0.812612338,84,944,18.090375,242.471409,260.77922,17085,944.4248668,1.811306288,1,0,"{timeout:21600,max_col_multiplier:1,age_limit:6,random_seed:3,replication:4,num_threads:128,set_partition:false}",2
c15900.json.gz,c,15,900,MipTemplate,highs,MTFarkas,4,647,11338.06586,11350,0.0969163,11338.87847,0.812612338,84,944,18.090375,242.471409,260.779222,17085,944.4248668,1.811306288,1,0,"{timeout:21600,max_col_multiplier:1,age_limit:6,random_seed:3,replication:4,num_threads:128,set_partition:false}",1
c15900.json.gz,c,15,900,MipTemplate,highs,MTFarkas,5,6,11336.57438,11499,,11499,,15,75,0.007352,0.207757,0.258278,1197,162812.84,15.96,1,0,"{timeout:21600,max_col_multiplier:1,age_limit:6,random_seed:4,replication:5,num_threads:128,set_partition:false}",-1
c15900.json.gz,c,15,900,MipTemplate,highs,MTFarkas,5,720,11338.1095,11347,0.070503217,11338.86678,0.757277477,86,968,15.964844,213.932933,230.143563,19504,1221.684346,1.751541979,1,0,"{timeout:21600,max_col_multiplier:1,age_limit:6,random_seed:4,replication:5,num_threads:128,set_partition:false}",2
c15900.json.gz,c,15,900,MipTemplate,highs,MTFarkas,5,720,11338.1095,11347,0.070503217,11338.86678,0.757277477,86,968,15.964844,213.932933,230.143564,19504,1221.684346,1.751541979,1,0,"{timeout:21600,max_col_multiplier:1,age_limit:6,random_seed:4,replication:5,num_threads:128,set_partition:false}",1
c20100.json.gz,c,20,100,MipTemplate,highs,MTFarkas,1,5,1218.987259,1392,,1392,,20,80,0.00223,0.135903,0.153015,224,100448.4305,2.8,1,0,"{timeout:21600,max_col_multiplier:1,age_limit:2,random_seed:0,replication:1,num_threads:128,set_partition:false}",-1
c20100.json.gz,c,20,100,MipTemplate,highs,MTFarkas,1,37,1241.666667,1253,0.877893057,1241.666667,0,50,132,0.032327,1.908098,1.958601,990,30624.55533,1.245837069,1,0,"{timeout:21600,max_col_multiplier:1,age_limit:2,random_seed:0,replication:1,num_threads:128,set_partition:false}",2
c20100.json.gz,c,20,100,MipTemplate,highs,MTFarkas,1,37,1241.666667,1253,0.877893057,1241.666667,0,50,132,0.032327,1.908098,1.958602,990,30624.55533,1.245837069,1,0,"{timeout:21600,max_col_multiplier:1,age_limit:2,random_seed:0,replication:1,num_threads:128,set_partition:false}",1
c20100.json.gz,c,20,100,MipTemplate,highs,MTFarkas,2,5,1218.987259,1381,,1381,,20,80,0.001746,0.129202,0.146445,222,127147.7663,2.775,1,0,"{timeout:21600,max_col_multiplier:1,age_limit:2,random_seed:1,replication:2,num_threads:128,set_partition:false}",-1
c20100.json.gz,c,20,100,MipTemplate,highs,MTFarkas,2,39,1241.333333,1252,0.798722045,1241.666667,0.333333333,50,147,0.033462,2.095487,2.147915,1006,30063.95314,1.258965667,1,0,"{timeout:21600,max_col_multiplier:1,age_limit:2,random_seed:1,replication:2,num_threads:128,set_partition:false}",2
c20100.json.gz,c,20,100,MipTemplate,highs,MTFarkas,2,39,1241.333333,1252,0.798722045,1241.666667,0.333333333,50,147,0.033462,2.095487,2.147917,1006,30063.95314,1.258965667,1,0,"{timeout:21600,max_col_multiplier:1,age_limit:2,random_seed:1,replication:2,num_threads:128,set_partition:false}",1
c20100.json.gz,c,20,100,MipTemplate,highs,MTFarkas,3,5,1218.987259,1384,,1384,,20,80,0.00115,0.07979,0.088622,224,194782.6087,2.8,1,0,"{timeout:21600,max_col_multiplier:1,age_limit:2,random_seed:2,replication:3,num_threads:128,set_partition:false}",-1
c20100.json.gz,c,20,100,MipTemplate,highs,MTFarkas,3,40,1241.333333,1258,1.271860095,1241.666667,0.333333333,47,126,0.031952,1.960965,2.004063,1003,31390.83625,1.250662241,1,0,"{timeout:21600,max_col_multiplier:1,age_limit:2,random_seed:2,replication:3,num_threads:128,set_partition:false}",2
c20100.json.gz,c,20,100,MipTemplate,highs,MTFarkas,3,40,1241.333333,1258,1.271860095,1241.666667,0.333333333,47,126,0.031952,1.960965,2.004064,1003,31390.83625,1.250662241,1,0,"{timeout:21600,max_col_multiplier:1,age_limit:2,random_seed:2,replication:3,num_threads:128,set_partition:false}",1
c20100.json.gz,c,20,100,MipTemplate,highs,MTFarkas,4,5,1218.987259,1366,,1366,,20,80,0.001548,0.117956,0.135436,232,149870.801,2.9,1,0,"{timeout:21600,max_col_multiplier:1,age_limit:2,random_seed:3,replication:4,num_threads:128,set_partition:false}",-1
c20100.json.gz,c,20,100,MipTemplate,highs,MTFarkas,4,39,1241.333333,1244,0.160771704,1241.666667,0.333333333,50,142,0.033026,2.122449,2.174883,1013,30672.80325,1.27799344,1,0,"{timeout:21600,max_col_multiplier:1,age_limit:2,random_seed:3,replication:4,num_threads:128,set_partition:false}",2
c20100.json.gz,c,20,100,MipTemplate,highs,MTFarkas,4,39,1241.333333,1244,0.160771704,1241.666667,0.333333333,50,142,0.033026,2.122449,2.174884,1013,30672.80325,1.27799344,1,0,"{timeout:21600,max_col_multiplier:1,age_limit:2,random_seed:3,replication:4,num_threads:128,set_partition:false}",1
c20100.json.gz,c,20,100,MipTemplate,highs,MTFarkas,5,5,1218.987259,1373,,1373,,20,80,0.002145,0.134139,0.151702,227,105827.5058,2.8375,1,0,"{timeout:21600,max_col_multiplier:1,age_limit:2,random_seed:4,replication:5,num_threads:128,set_partition:false}",-1
c20100.json.gz,c,20,100,MipTemplate,highs,MTFarkas,5,38,1241.666667,1253,0.877893057,1241.666667,0,48,144,0.03521,2.01289,2.06685,1122,31865.94717,1.408768074,1,0,"{timeout:21600,max_col_multiplier:1,age_limit:2,random_seed:4,replication:5,num_threads:128,set_partition:false}",2
c20100.json.gz,c,20,100,MipTemplate,highs,MTFarkas,5,38,1241.666667,1253,0.877893057,1241.666667,0,48,144,0.03521,2.01289,2.066851,1122,31865.94717,1.408768074,1,0,"{timeout:21600,max_col_multiplier:1,age_limit:2,random_seed:4,replication:5,num_threads:128,set_partition:false}",1
c201600.json.gz,c,20,1600,MipTemplate,highs,MTFarkas,1,7,18798.56503,18991,,18991,,20,120,0.019352,0.289062,0.431492,2005,103606.8623,16.70833333,1,0,"{timeout:21600,max_col_multiplier:1,age_limit:8,random_seed:0,replication:1,num_threads:128,set_partition:false}",-1
c201600.json.gz,c,20,1600,MipTemplate,highs,MTFarkas,1,949,18801.00326,18806,0.021269807,18801.16411,0.160850201,127,1640,57.834743,412.088687,470.510026,41790,722.5760474,2.183979492,1,0,"{timeout:21600,max_col_multiplier:1,age_limit:8,random_seed:0,replication:1,num_threads:128,set_partition:false}",2
c201600.json.gz,c,20,1600,MipTemplate,highs,MTFarkas,1,949,18801.00326,18806,0.021269807,18801.16411,0.160850201,127,1640,57.834743,412.088687,470.510027,41790,722.5760474,2.183979492,1,0,"{timeout:21600,max_col_multiplier:1,age_limit:8,random_seed:0,replication:1,num_threads:128,set_partition:false}",1
c201600.json.gz,c,20,1600,MipTemplate,highs,MTFarkas,2,8,18798.56503,18933,,18933,,20,141,0.021051,0.377931,0.515395,2038,96812.50297,14.45390071,1,0,"{timeout:21600,max_col_multiplier:1,age_limit:8,random_seed:1,replication:2,num_threads:128,set_partition:false}",-1
c201600.json.gz,c,20,1600,MipTemplate,highs,MTFarkas,2,1287,18801.06723,18813,0.058470207,18801.16411,0.096880311,127,1642,98.126574,859.391461,958.245706,53780,548.0676417,2.124279891,1,0,"{timeout:21600,max_col_multiplier:1,age_limit:8,random_seed:1,replication:2,num_threads:128,set_partition:false}",2
c201600.json.gz,c,20,1600,MipTemplate,highs,MTFarkas,2,1287,18801.06723,18813,0.058470207,18801.16411,0.096880311,127,1642,98.126574,859.391461,958.245707,53780,548.0676417,2.124279891,1,0,"{timeout:21600,max_col_multiplier:1,age_limit:8,random_seed:1,replication:2,num_threads:128,set_partition:false}",1
c201600.json.gz,c,20,1600,MipTemplate,highs,MTFarkas,3,7,18798.56503,18969,,18969,,20,120,0.014667,0.271607,0.398909,1999,136292.357,16.65833333,1,0,"{timeout:21600,max_col_multiplier:1,age_limit:8,random_seed:2,replication:3,num_threads:128,set_partition:false}",-1
c201600.json.gz,c,20,1600,MipTemplate,highs,MTFarkas,3,1124,18801.02697,18810,0.042530569,18801.16411,0.137137798,127,1638,80.615419,674.042331,755.283293,42590,528.3108434,2.04269813,1,0,"{timeout:21600,max_col_multiplier:1,age_limit:8,random_seed:2,replication:3,num_threads:128,set_partition:false}",2
c201600.json.gz,c,20,1600,MipTemplate,highs,MTFarkas,3,1124,18801.02697,18810,0.042530569,18801.16411,0.137137798,127,1638,80.615419,674.042331,755.283295,42590,528.3108434,2.04269813,1,0,"{timeout:21600,max_col_multiplier:1,age_limit:8,random_seed:2,replication:3,num_threads:128,set_partition:false}",1
c201600.json.gz,c,20,1600,MipTemplate,highs,MTFarkas,4,7,18798.56503,18989,,18989,,20,120,0.01608,0.297744,0.42632,2020,125621.8905,16.83333333,1,0,"{timeout:21600,max_col_multiplier:1,age_limit:8,random_seed:3,replication:4,num_threads:128,set_partition:false}",-1
c201600.json.gz,c,20,1600,MipTemplate,highs,MTFarkas,4,1126,18801.03345,18810,0.042530569,18801.16411,0.130656232,127,1652,78.786474,641.72477,721.110047,38730,491.5818418,1.96628403,1,0,"{timeout:21600,max_col_multiplier:1,age_limit:8,random_seed:3,replication:4,num_threads:128,set_partition:false}",2
c201600.json.gz,c,20,1600,MipTemplate,highs,MTFarkas,4,1126,18801.03345,18810,0.042530569,18801.16411,0.130656232,127,1652,78.786474,641.72477,721.110048,38730,491.5818418,1.96628403,1,0,"{timeout:21600,max_col_multiplier:1,age_limit:8,random_seed:3,replication:4,num_threads:128,set_partition:false}",1
c201600.json.gz,c,20,1600,MipTemplate,highs,MTFarkas,5,8,18798.56503,18918,,18918,,20,141,0.01844,0.376208,0.51008,2032,110195.2278,14.41134752,1,0,"{timeout:21600,max_col_multiplier:1,age_limit:8,random_seed:4,replication:5,num_threads:128,set_partition:false}",-1
c201600.json.gz,c,20,1600,MipTemplate,highs,MTFarkas,5,1202,18801.04834,18813,0.058470207,18801.16411,0.115761863,127,1653,93.35144,797.618761,891.596715,40352,432.2589989,1.926341007,1,0,"{timeout:21600,max_col_multiplier:1,age_limit:8,random_seed:4,replication:5,num_threads:128,set_partition:false}",2
c201600.json.gz,c,20,1600,MipTemplate,highs,MTFarkas,5,1202,18801.04834,18813,0.058470207,18801.16411,0.115761863,127,1653,93.35144,797.618761,891.596717,40352,432.2589989,1.926341007,1,0,"{timeout:21600,max_col_multiplier:1,age_limit:8,random_seed:4,replication:5,num_threads:128,set_partition:false}",1
c20200.json.gz,c,20,200,MipTemplate,highs,MTFarkas,1,5,2376.905486,2488,,2488,,20,80,0.00272,0.138029,0.16032,352,129411.7647,4.4,1,0,"{timeout:21600,max_col_multiplier:1,age_limit:2,random_seed:0,replication:1,num_threads:128,set_partition:false}",-1
c20200.json.gz,c,20,200,MipTemplate,highs,MTFarkas,1,85,2390.068966,2395,0.167014614,2390.171034,0.102068966,75,225,0.120108,7.2623,7.411584,2200,18316.84817,1.297417706,1,0,"{timeout:21600,max_col_multiplier:1,age_limit:2,random_seed:0,replication:1,num_threads:128,set_partition:false}",2
c20200.json.gz,c,20,200,MipTemplate,highs,MTFarkas,1,85,2390.068966,2395,0.167014614,2390.171034,0.102068966,75,225,0.120108,7.2623,7.411585,2200,18316.84817,1.297417706,1,0,"{timeout:21600,max_col_multiplier:1,age_limit:2,random_seed:0,replication:1,num_threads:128,set_partition:false}",1
c20200.json.gz,c,20,200,MipTemplate,highs,MTFarkas,2,4,2376.905486,2502,,2502,,20,60,0.001636,0.091742,0.112257,335,204767.7262,5.583333333,1,0,"{timeout:21600,max_col_multiplier:1,age_limit:2,random_seed:1,replication:2,num_threads:128,set_partition:false}",-1
c20200.json.gz,c,20,200,MipTemplate,highs,MTFarkas,2,99,2390.102069,2396,0.208681135,2390.171034,0.068965517,75,226,0.157426,8.988434,9.175473,2807,17830.59977,1.491715565,1,0,"{timeout:21600,max_col_multiplier:1,age_limit:2,random_seed:1,replication:2,num_threads:128,set_partition:false}",2
c20200.json.gz,c,20,200,MipTemplate,highs,MTFarkas,2,99,2390.102069,2396,0.208681135,2390.171034,0.068965517,75,226,0.157426,8.988434,9.175474,2807,17830.59977,1.491715565,1,0,"{timeout:21600,max_col_multiplier:1,age_limit:2,random_seed:1,replication:2,num_threads:128,set_partition:false}",1
c20200.json.gz,c,20,200,MipTemplate,highs,MTFarkas,3,4,2376.905486,2550,,2550,,20,60,0.00194,0.091824,0.10539,341,175773.1959,5.683333333,1,0,"{timeout:21600,max_col_multiplier:1,age_limit:2,random_seed:2,replication:3,num_threads:128,set_partition:false}",-1
c20200.json.gz,c,20,200,MipTemplate,highs,MTFarkas,3,95,2390.091034,2396,0.208681135,2390.171034,0.08,75,227,0.138372,8.009276,8.169695,2459,17770.93632,1.339310256,1,0,"{timeout:21600,max_col_multiplier:1,age_limit:2,random_seed:2,replication:3,num_threads:128,set_partition:false}",2
c20200.json.gz,c,20,200,MipTemplate,highs,MTFarkas,3,95,2390.091034,2396,0.208681135,2390.171034,0.08,75,227,0.138372,8.009276,8.169696,2459,17770.93632,1.339310256,1,0,"{timeout:21600,max_col_multiplier:1,age_limit:2,random_seed:2,replication:3,num_threads:128,set_partition:false}",1
c20200.json.gz,c,20,200,MipTemplate,highs,MTFarkas,4,4,2376.905486,2501,,2501,,20,60,0.001693,0.064728,0.077708,343,202598.9368,5.716666667,1,0,"{timeout:21600,max_col_multiplier:1,age_limit:2,random_seed:3,replication:4,num_threads:128,set_partition:false}",-1
c20200.json.gz,c,20,200,MipTemplate,highs,MTFarkas,4,88,2390.05977,2395,0.167014614,2390.171034,0.111264368,75,224,0.136735,7.877313,8.036865,2355,17223.09577,1.34067159,1,0,"{timeout:21600,max_col_multiplier:1,age_limit:2,random_seed:3,replication:4,num_threads:128,set_partition:false}",2
c20200.json.gz,c,20,200,MipTemplate,highs,MTFarkas,4,88,2390.05977,2395,0.167014614,2390.171034,0.111264368,75,224,0.136735,7.877313,8.036866,2355,17223.09577,1.34067159,1,0,"{timeout:21600,max_col_multiplier:1,age_limit:2,random_seed:3,replication:4,num_threads:128,set_partition:false}",1
c20200.json.gz,c,20,200,MipTemplate,highs,MTFarkas,5,5,2376.905486,2515,,2515,,20,80,0.002314,0.12158,0.136201,352,152117.5454,4.4,1,0,"{timeout:21600,max_col_multiplier:1,age_limit:2,random_seed:4,replication:5,num_threads:128,set_partition:false}",-1
c20200.json.gz,c,20,200,MipTemplate,highs,MTFarkas,5,106,2390.14069,2399,0.33347228,2390.171034,0.030344828,75,224,0.163785,9.683663,9.871866,2683,16381.23149,1.411157683,1,0,"{timeout:21600,max_col_multiplier:1,age_limit:2,random_seed:4,replication:5,num_threads:128,set_partition:false}",2
c20200.json.gz,c,20,200,MipTemplate,highs,MTFarkas,5,106,2390.14069,2399,0.33347228,2390.171034,0.030344828,75,224,0.163785,9.683663,9.871867,2683,16381.23149,1.411157683,1,0,"{timeout:21600,max_col_multiplier:1,age_limit:2,random_seed:4,replication:5,num_threads:128,set_partition:false}",1
c20400.json.gz,c,20,400,MipTemplate,highs,MTFarkas,1,5,4774.150442,4884,,4884,,20,80,0.004079,0.136133,0.187265,621,152243.1969,7.7625,1,0,"{timeout:21600,max_col_multiplier:1,age_limit:2,random_seed:0,replication:1,num_threads:128,set_partition:false}",-1
c20400.json.gz,c,20,400,MipTemplate,highs,MTFarkas,1,533,4780.004136,4788,0.14619883,4780.184668,0.180531897,99,424,1.919677,139.592939,141.618775,9631,5016.989837,1.429497365,1,0,"{timeout:21600,max_col_multiplier:1,age_limit:2,random_seed:0,replication:1,num_threads:128,set_partition:false}",2
c20400.json.gz,c,20,400,MipTemplate,highs,MTFarkas,1,533,4780.004136,4788,0.14619883,4780.184668,0.180531897,99,424,1.919677,139.592939,141.618776,9631,5016.989837,1.429497365,1,0,"{timeout:21600,max_col_multiplier:1,age_limit:2,random_seed:0,replication:1,num_threads:128,set_partition:false}",1
c20400.json.gz,c,20,400,MipTemplate,highs,MTFarkas,2,5,4774.150442,4883,,4883,,20,80,0.003528,0.130237,0.1798,634,179705.2154,7.925,1,0,"{timeout:21600,max_col_multiplier:1,age_limit:2,random_seed:1,replication:2,num_threads:128,set_partition:false}",-1
c20400.json.gz,c,20,400,MipTemplate,highs,MTFarkas,2,304,4780.009498,4789,0.167049488,4780.184668,0.175169905,98,428,1.047294,57.386366,58.52153,8081,7716.075906,1.449030645,1,0,"{timeout:21600,max_col_multiplier:1,age_limit:2,random_seed:1,replication:2,num_threads:128,set_partition:false}",2
c20400.json.gz,c,20,400,MipTemplate,highs,MTFarkas,2,304,4780.009498,4789,0.167049488,4780.184668,0.175169905,98,428,1.047294,57.386366,58.521531,8081,7716.075906,1.449030645,1,0,"{timeout:21600,max_col_multiplier:1,age_limit:2,random_seed:1,replication:2,num_threads:128,set_partition:false}",1
c20400.json.gz,c,20,400,MipTemplate,highs,MTFarkas,3,4,4774.150442,4870,,4870,,20,60,0.002134,0.098152,0.146359,625,292877.2259,10.41666667,1,0,"{timeout:21600,max_col_multiplier:1,age_limit:2,random_seed:2,replication:3,num_threads:128,set_partition:false}",-1
c20400.json.gz,c,20,400,MipTemplate,highs,MTFarkas,3,494,4780.084812,4790,0.187891441,4780.184668,0.099856013,99,423,1.688533,108.926599,110.712704,7815,4628.277919,1.427761114,1,0,"{timeout:21600,max_col_multiplier:1,age_limit:2,random_seed:2,replication:3,num_threads:128,set_partition:false}",2
c20400.json.gz,c,20,400,MipTemplate,highs,MTFarkas,3,494,4780.084812,4790,0.187891441,4780.184668,0.099856013,99,423,1.688533,108.926599,110.712705,7815,4628.277919,1.427761114,1,0,"{timeout:21600,max_col_multiplier:1,age_limit:2,random_seed:2,replication:3,num_threads:128,set_partition:false}",1
c20400.json.gz,c,20,400,MipTemplate,highs,MTFarkas,4,4,4774.150442,4880,,4880,,20,60,0.00223,0.122695,0.165097,621,278475.3363,10.35,1,0,"{timeout:21600,max_col_multiplier:1,age_limit:2,random_seed:3,replication:4,num_threads:128,set_partition:false}",-1
c20400.json.gz,c,20,400,MipTemplate,highs,MTFarkas,4,294,4780.007196,4785,0.083594566,4780.184668,0.177472098,99,427,1.042064,64.154435,65.278416,8087,7760.559812,1.523075967,1,0,"{timeout:21600,max_col_multiplier:1,age_limit:2,random_seed:3,replication:4,num_threads:128,set_partition:false}",2
c20400.json.gz,c,20,400,MipTemplate,highs,MTFarkas,4,294,4780.007196,4785,0.083594566,4780.184668,0.177472098,99,427,1.042064,64.154435,65.278417,8087,7760.559812,1.523075967,1,0,"{timeout:21600,max_col_multiplier:1,age_limit:2,random_seed:3,replication:4,num_threads:128,set_partition:false}",1
c20400.json.gz,c,20,400,MipTemplate,highs,MTFarkas,5,5,4774.150442,4921,,4921,,20,80,0.003249,0.152236,0.180405,635,195444.7522,7.9375,1,0,"{timeout:21600,max_col_multiplier:1,age_limit:2,random_seed:4,replication:5,num_threads:128,set_partition:false}",-1
c20400.json.gz,c,20,400,MipTemplate,highs,MTFarkas,5,405,4780.001435,4788,0.14619883,4780.184668,0.183233182,99,430,1.499188,92.987014,94.560495,8152,5437.610226,1.454896484,1,0,"{timeout:21600,max_col_multiplier:1,age_limit:2,random_seed:4,replication:5,num_threads:128,set_partition:false}",2
c20400.json.gz,c,20,400,MipTemplate,highs,MTFarkas,5,405,4780.001435,4788,0.14619883,4780.184668,0.183233182,99,430,1.499188,92.987014,94.560496,8152,5437.610226,1.454896484,1,0,"{timeout:21600,max_col_multiplier:1,age_limit:2,random_seed:4,replication:5,num_threads:128,set_partition:false}",1
c30900.json.gz,c,30,900,MipTemplate,highs,MTFarkas,1,5,9974.681661,10216,,10216,,30,120,0.005073,0.154191,0.262923,1299,256061.5021,10.825,1,0,"{timeout:21600,max_col_multiplier:1,age_limit:3,random_seed:0,replication:1,num_threads:128,set_partition:false}",-1
c30900.json.gz,c,30,900,MipTemplate,highs,MTFarkas,1,446,9981.028798,9992,0.100080064,9981.163126,0.134328074,162,987,6.103405,135.798976,142.129554,21472,3518.036244,1.80862572,1,0,"{timeout:21600,max_col_multiplier:1,age_limit:3,random_seed:0,replication:1,num_threads:128,set_partition:false}",2
c30900.json.gz,c,30,900,MipTemplate,highs,MTFarkas,1,446,9981.028798,9992,0.100080064,9981.163126,0.134328074,162,987,6.103405,135.798976,142.129555,21472,3518.036244,1.80862572,1,0,"{timeout:21600,max_col_multiplier:1,age_limit:3,random_seed:0,replication:1,num_threads:128,set_partition:false}",1
c30900.json.gz,c,30,900,MipTemplate,highs,MTFarkas,2,5,9974.681661,10192,,10192,,30,121,0.004166,0.168657,0.255364,1291,309889.5823,10.66942149,1,0,"{timeout:21600,max_col_multiplier:1,age_limit:3,random_seed:1,replication:2,num_threads:128,set_partition:false}",-1
c30900.json.gz,c,30,900,MipTemplate,highs,MTFarkas,2,366,9981.040619,9996,0.140056022,9981.163126,0.122506304,162,956,4.872459,94.577766,99.64343,20586,4224.971416,1.882756301,1,0,"{timeout:21600,max_col_multiplier:1,age_limit:3,random_seed:1,replication:2,num_threads:128,set_partition:false}",2
c30900.json.gz,c,30,900,MipTemplate,highs,MTFarkas,2,366,9981.040619,9996,0.140056022,9981.163126,0.122506304,162,956,4.872459,94.577766,99.643432,20586,4224.971416,1.882756301,1,0,"{timeout:21600,max_col_multiplier:1,age_limit:3,random_seed:1,replication:2,num_threads:128,set_partition:false}",1
c30900.json.gz,c,30,900,MipTemplate,highs,MTFarkas,3,5,9974.681661,10179,,10179,,30,120,0.004745,0.153231,0.256443,1288,271443.6249,10.73333333,1,0,"{timeout:21600,max_col_multiplier:1,age_limit:3,random_seed:2,replication:3,num_threads:128,set_partition:false}",-1
c30900.json.gz,c,30,900,MipTemplate,highs,MTFarkas,3,504,9981.163126,9988,0.060072087,9981.163126,0,162,933,7.698215,157.427256,165.363913,23380,3037.067684,1.799248607,1,0,"{timeout:21600,max_col_multiplier:1,age_limit:3,random_seed:2,replication:3,num_threads:128,set_partition:false}",2
c30900.json.gz,c,30,900,MipTemplate,highs,MTFarkas,3,504,9981.163126,9988,0.060072087,9981.163126,0,162,933,7.698215,157.427256,165.363915,23380,3037.067684,1.799248607,1,0,"{timeout:21600,max_col_multiplier:1,age_limit:3,random_seed:2,replication:3,num_threads:128,set_partition:false}",1
c30900.json.gz,c,30,900,MipTemplate,highs,MTFarkas,4,5,9974.681661,10166,,10166,,30,120,0.004952,0.148476,0.25031,1278,258077.5444,10.65,1,0,"{timeout:21600,max_col_multiplier:1,age_limit:3,random_seed:3,replication:4,num_threads:128,set_partition:false}",-1
c30900.json.gz,c,30,900,MipTemplate,highs,MTFarkas,4,424,9981.085099,10003,0.209937019,9981.163126,0.078026957,162,943,5.95756,129.771913,135.941916,19697,3306.219325,1.826384119,1,0,"{timeout:21600,max_col_multiplier:1,age_limit:3,random_seed:3,replication:4,num_threads:128,set_partition:false}",2
c30900.json.gz,c,30,900,MipTemplate,highs,MTFarkas,4,424,9981.085099,10003,0.209937019,9981.163126,0.078026957,162,943,5.95756,129.771913,135.941918,19697,3306.219325,1.826384119,1,0,"{timeout:21600,max_col_multiplier:1,age_limit:3,random_seed:3,replication:4,num_threads:128,set_partition:false}",1
c30900.json.gz,c,30,900,MipTemplate,highs,MTFarkas,5,5,9974.681661,10189,,10189,,30,120,0.005057,0.144892,0.232737,1317,260431.0856,10.975,1,0,"{timeout:21600,max_col_multiplier:1,age_limit:3,random_seed:4,replication:5,num_threads:128,set_partition:false}",-1
c30900.json.gz,c,30,900,MipTemplate,highs,MTFarkas,5,445,9981.046908,9998,0.160032006,9981.163126,0.11621804,162,974,7.071712,164.142063,171.425214,22193,3138.278256,1.892742476,1,0,"{timeout:21600,max_col_multiplier:1,age_limit:3,random_seed:4,replication:5,num_threads:128,set_partition:false}",2
c30900.json.gz,c,30,900,MipTemplate,highs,MTFarkas,5,445,9981.046908,9998,0.160032006,9981.163126,0.11621804,162,974,7.071712,164.142063,171.425215,22193,3138.278256,1.892742476,1,0,"{timeout:21600,max_col_multiplier:1,age_limit:3,random_seed:4,replication:5,num_threads:128,set_partition:false}",1
c401600.json.gz,c,40,1600,MipTemplate,highs,MTFarkas,1,6,17139.32464,17445,,17445,,40,200,0.012995,0.266222,0.527218,2218,170681.0312,11.09,1,0,"{timeout:21600,max_col_multiplier:1,age_limit:4,random_seed:0,replication:1,num_threads:128,set_partition:false}",-1
c401600.json.gz,c,40,1600,MipTemplate,highs,MTFarkas,1,640,17143.02338,17148,0.023326335,17143.46759,0.444212515,221,1654,22.394161,255.538131,278.511531,55855,2494.176942,2.2179561,1,0,"{timeout:21600,max_col_multiplier:1,age_limit:4,random_seed:0,replication:1,num_threads:128,set_partition:false}",2
c401600.json.gz,c,40,1600,MipTemplate,highs,MTFarkas,1,640,17143.02338,17148,0.023326335,17143.46759,0.444212515,221,1654,22.394161,255.538131,278.511533,55855,2494.176942,2.2179561,1,0,"{timeout:21600,max_col_multiplier:1,age_limit:4,random_seed:0,replication:1,num_threads:128,set_partition:false}",1
c401600.json.gz,c,40,1600,MipTemplate,highs,MTFarkas,2,6,17139.32464,17411,,17411,,40,200,0.012489,0.270331,0.489277,2229,178477.0598,11.145,1,0,"{timeout:21600,max_col_multiplier:1,age_limit:4,random_seed:1,replication:2,num_threads:128,set_partition:false}",-1
c401600.json.gz,c,40,1600,MipTemplate,highs,MTFarkas,2,501,17143.01591,17153,0.052468956,17143.46765,0.451739964,221,1668,18.063966,184.729835,203.265472,43487,2407.389385,2.201133817,1,0,"{timeout:21600,max_col_multiplier:1,age_limit:4,random_seed:1,replication:2,num_threads:128,set_partition:false}",2
c401600.json.gz,c,40,1600,MipTemplate,highs,MTFarkas,2,501,17143.01591,17153,0.052468956,17143.46765,0.451739964,221,1668,18.063966,184.729835,203.265474,43487,2407.389385,2.201133817,1,0,"{timeout:21600,max_col_multiplier:1,age_limit:4,random_seed:1,replication:2,num_threads:128,set_partition:false}",1
c401600.json.gz,c,40,1600,MipTemplate,highs,MTFarkas,3,6,17139.32464,17388,,17388,,40,200,0.011051,0.250312,0.467648,2220,200886.7976,11.1,1,0,"{timeout:21600,max_col_multiplier:1,age_limit:4,random_seed:2,replication:3,num_threads:128,set_partition:false}",-1
c401600.json.gz,c,40,1600,MipTemplate,highs,MTFarkas,3,522,17143.00706,17158,0.081594591,17143.46765,0.460591384,221,1670,19.10631,246.88573,266.456367,43687,2286.522097,2.179069961,1,0,"{timeout:21600,max_col_multiplier:1,age_limit:4,random_seed:2,replication:3,num_threads:128,set_partition:false}",2
c401600.json.gz,c,40,1600,MipTemplate,highs,MTFarkas,3,522,17143.00706,17158,0.081594591,17143.46765,0.460591384,221,1670,19.10631,246.88573,266.456369,43687,2286.522097,2.179069961,1,0,"{timeout:21600,max_col_multiplier:1,age_limit:4,random_seed:2,replication:3,num_threads:128,set_partition:false}",1
c401600.json.gz,c,40,1600,MipTemplate,highs,MTFarkas,4,6,17139.32464,17427,,17427,,40,201,0.011333,0.26554,0.489348,2204,194476.3081,10.96517413,1,0,"{timeout:21600,max_col_multiplier:1,age_limit:4,random_seed:3,replication:4,num_threads:128,set_partition:false}",-1
c401600.json.gz,c,40,1600,MipTemplate,highs,MTFarkas,4,671,17143.0082,17148,0.023326335,17143.46759,0.459391261,221,1683,23.213534,286.158035,309.938386,52558,2264.110238,2.049121096,1,0,"{timeout:21600,max_col_multiplier:1,age_limit:4,random_seed:3,replication:4,num_threads:128,set_partition:false}",2
c401600.json.gz,c,40,1600,MipTemplate,highs,MTFarkas,4,671,17143.0082,17148,0.023326335,17143.46759,0.459391261,221,1683,23.213534,286.158035,309.938387,52558,2264.110238,2.049121096,1,0,"{timeout:21600,max_col_multiplier:1,age_limit:4,random_seed:3,replication:4,num_threads:128,set_partition:false}",1
c401600.json.gz,c,40,1600,MipTemplate,highs,MTFarkas,5,5,17139.32464,17474,,17474,,40,160,0.007573,0.205536,0.421225,2202,290769.8402,13.7625,1,0,"{timeout:21600,max_col_multiplier:1,age_limit:4,random_seed:4,replication:5,num_threads:128,set_partition:false}",-1
c401600.json.gz,c,40,1600,MipTemplate,highs,MTFarkas,5,555,17143.02063,17158,0.081594591,17143.46759,0.446958142,221,1680,19.873201,246.958153,267.336795,44639,2246.190737,2.093927229,1,0,"{timeout:21600,max_col_multiplier:1,age_limit:4,random_seed:4,replication:5,num_threads:128,set_partition:false}",2
c401600.json.gz,c,40,1600,MipTemplate,highs,MTFarkas,5,555,17143.02063,17158,0.081594591,17143.46759,0.446958142,221,1680,19.873201,246.958153,267.336796,44639,2246.190737,2.093927229,1,0,"{timeout:21600,max_col_multiplier:1,age_limit:4,random_seed:4,replication:5,num_threads:128,set_partition:false}",1
c40400.json.gz,c,40,400,MipTemplate,highs,MTFarkas,1,4,4231.982216,4526,,4526,,40,121,0.003081,0.12725,0.17494,657,213242.4537,5.429752066,1,0,"{timeout:21600,max_col_multiplier:1,age_limit:2,random_seed:0,replication:1,num_threads:128,set_partition:false}",-1
c40400.json.gz,c,40,400,MipTemplate,highs,MTFarkas,1,106,4243.100569,4247,0.070638097,4243.449008,0.348438477,149,456,0.353396,11.172508,11.593767,5521,15622.70088,1.451693774,1,0,"{timeout:21600,max_col_multiplier:1,age_limit:2,random_seed:0,replication:1,num_threads:128,set_partition:false}",2
c40400.json.gz,c,40,400,MipTemplate,highs,MTFarkas,1,106,4243.100569,4247,0.070638097,4243.449008,0.348438477,149,456,0.353396,11.172508,11.593768,5521,15622.70088,1.451693774,1,0,"{timeout:21600,max_col_multiplier:1,age_limit:2,random_seed:0,replication:1,num_threads:128,set_partition:false}",1
c40400.json.gz,c,40,400,MipTemplate,highs,MTFarkas,2,4,4231.982216,4488,,4488,,40,121,0.002242,0.126973,0.173716,656,292595.8965,5.421487603,1,0,"{timeout:21600,max_col_multiplier:1,age_limit:2,random_seed:1,replication:2,num_threads:128,set_partition:false}",-1
c40400.json.gz,c,40,400,MipTemplate,highs,MTFarkas,2,118,4243.02246,4245,0.023557126,4243.449008,0.426547537,149,466,0.473178,12.842529,13.386329,6817,14406.84055,1.623828662,1,0,"{timeout:21600,max_col_multiplier:1,age_limit:2,random_seed:1,replication:2,num_threads:128,set_partition:false}",2
c40400.json.gz,c,40,400,MipTemplate,highs,MTFarkas,2,118,4243.02246,4245,0.023557126,4243.449008,0.426547537,149,466,0.473178,12.842529,13.38633,6817,14406.84055,1.623828662,1,0,"{timeout:21600,max_col_multiplier:1,age_limit:2,random_seed:1,replication:2,num_threads:128,set_partition:false}",1
c40400.json.gz,c,40,400,MipTemplate,highs,MTFarkas,3,4,4231.982216,4487,,4487,,40,121,0.001712,0.104353,0.163353,667,389602.8037,5.512396694,1,0,"{timeout:21600,max_col_multiplier:1,age_limit:2,random_seed:2,replication:3,num_threads:128,set_partition:false}",-1
c40400.json.gz,c,40,400,MipTemplate,highs,MTFarkas,3,103,4243.026411,4244,0,4243.44957,0.423158987,151,491,0.400279,11.168734,11.651657,6082,15194.4019,1.556755212,1,0,"{timeout:21600,max_col_multiplier:1,age_limit:2,random_seed:2,replication:3,num_threads:128,set_partition:false}",2
c40400.json.gz,c,40,400,MipTemplate,highs,MTFarkas,3,103,4243.026411,4244,0,4243.44957,0.423158987,151,491,0.400279,11.168734,11.651658,6082,15194.4019,1.556755212,1,0,"{timeout:21600,max_col_multiplier:1,age_limit:2,random_seed:2,replication:3,num_threads:128,set_partition:false}",1
c40400.json.gz,c,40,400,MipTemplate,highs,MTFarkas,4,4,4231.982216,4478,,4478,,40,121,0.00175,0.111163,0.172275,664,379428.5714,5.487603306,1,0,"{timeout:21600,max_col_multiplier:1,age_limit:2,random_seed:3,replication:4,num_threads:128,set_partition:false}",-1
c40400.json.gz,c,40,400,MipTemplate,highs,MTFarkas,4,108,4243.029099,4246,0.047103156,4243.449024,0.419924427,148,485,0.367554,11.829559,12.279193,5933,16141.84582,1.498596969,1,0,"{timeout:21600,max_col_multiplier:1,age_limit:2,random_seed:3,replication:4,num_threads:128,set_partition:false}",2
c40400.json.gz,c,40,400,MipTemplate,highs,MTFarkas,4,108,4243.029099,4246,0.047103156,4243.449024,0.419924427,148,485,0.367554,11.829559,12.279194,5933,16141.84582,1.498596969,1,0,"{timeout:21600,max_col_multiplier:1,age_limit:2,random_seed:3,replication:4,num_threads:128,set_partition:false}",1
c40400.json.gz,c,40,400,MipTemplate,highs,MTFarkas,5,4,4231.982216,4474,,4474,,40,121,0.002424,0.104991,0.167814,650,268151.8152,5.371900826,1,0,"{timeout:21600,max_col_multiplier:1,age_limit:2,random_seed:4,replication:5,num_threads:128,set_partition:false}",-1
c40400.json.gz,c,40,400,MipTemplate,highs,MTFarkas,5,105,4243.233883,4245,0.023557126,4243.449008,0.215124889,149,452,0.393336,11.005794,11.483868,5927,15068.54191,1.523514677,1,0,"{timeout:21600,max_col_multiplier:1,age_limit:2,random_seed:4,replication:5,num_threads:128,set_partition:false}",2
c40400.json.gz,c,40,400,MipTemplate,highs,MTFarkas,5,105,4243.233883,4245,0.023557126,4243.449008,0.215124889,149,452,0.393336,11.005794,11.483869,5927,15068.54191,1.523514677,1,0,"{timeout:21600,max_col_multiplier:1,age_limit:2,random_seed:4,replication:5,num_threads:128,set_partition:false}",1
c60900.json.gz,c,60,900,MipTemplate,highs,MTFarkas,1,5,9315.038004,9776,,9776,,60,240,0.00464,0.163651,0.360546,1521,327801.7241,6.3375,1,0,"{timeout:21600,max_col_multiplier:1,age_limit:2,random_seed:0,replication:1,num_threads:128,set_partition:false}",-1
c60900.json.gz,c,60,900,MipTemplate,highs,MTFarkas,1,194,9324.03751,9333,0.085717347,9324.653646,0.616135699,282,981,2.592859,31.718314,34.588234,24405,9412.389953,2.142123451,1,0,"{timeout:21600,max_col_multiplier:1,age_limit:2,random_seed:0,replication:1,num_threads:128,set_partition:false}",2
c60900.json.gz,c,60,900,MipTemplate,highs,MTFarkas,1,194,9324.03751,9333,0.085717347,9324.653646,0.616135699,282,981,2.592859,31.718314,34.588235,24405,9412.389953,2.142123451,1,0,"{timeout:21600,max_col_multiplier:1,age_limit:2,random_seed:0,replication:1,num_threads:128,set_partition:false}",1
c60900.json.gz,c,60,900,MipTemplate,highs,MTFarkas,2,5,9315.038004,9780,,9780,,60,240,0.005118,0.157249,0.344478,1527,298358.7339,6.3625,1,0,"{timeout:21600,max_col_multiplier:1,age_limit:2,random_seed:1,replication:2,num_threads:128,set_partition:false}",-1
c60900.json.gz,c,60,900,MipTemplate,highs,MTFarkas,2,196,9324.068267,9345,0.214018192,9324.654147,0.585880153,275,1037,2.487115,34.565074,37.319328,24692,9927.968751,2.150948764,1,0,"{timeout:21600,max_col_multiplier:1,age_limit:2,random_seed:1,replication:2,num_threads:128,set_partition:false}",2
c60900.json.gz,c,60,900,MipTemplate,highs,MTFarkas,2,196,9324.068267,9345,0.214018192,9324.654147,0.585880153,275,1037,2.487115,34.565074,37.319329,24692,9927.968751,2.150948764,1,0,"{timeout:21600,max_col_multiplier:1,age_limit:2,random_seed:1,replication:2,num_threads:128,set_partition:false}",1
c60900.json.gz,c,60,900,MipTemplate,highs,MTFarkas,3,5,9315.038004,9767,,9767,,60,241,0.004576,0.166321,0.356337,1534,335227.2727,6.365145228,1,0,"{timeout:21600,max_col_multiplier:1,age_limit:2,random_seed:2,replication:3,num_threads:128,set_partition:false}",-1
c60900.json.gz,c,60,900,MipTemplate,highs,MTFarkas,3,204,9324.043136,9342,0.181973881,9324.653646,0.610510411,279,1006,2.659925,31.373689,34.302471,25844,9716.063423,2.144869341,1,0,"{timeout:21600,max_col_multiplier:1,age_limit:2,random_seed:2,replication:3,num_threads:128,set_partition:false}",2
c60900.json.gz,c,60,900,MipTemplate,highs,MTFarkas,3,204,9324.043136,9342,0.181973881,9324.653646,0.610510411,279,1006,2.659925,31.373689,34.302472,25844,9716.063423,2.144869341,1,0,"{timeout:21600,max_col_multiplier:1,age_limit:2,random_seed:2,replication:3,num_threads:128,set_partition:false}",1
c60900.json.gz,c,60,900,MipTemplate,highs,MTFarkas,4,5,9315.038004,9835,,9835,,60,242,0.004729,0.171702,0.362766,1559,329668.0059,6.44214876,1,0,"{timeout:21600,max_col_multiplier:1,age_limit:2,random_seed:3,replication:4,num_threads:128,set_partition:false}",-1
c60900.json.gz,c,60,900,MipTemplate,highs,MTFarkas,4,196,9324.251202,9340,0.160599572,9324.653646,0.402444023,282,986,2.824857,31.144844,34.248867,24401,8637.959373,2.084104172,1,0,"{timeout:21600,max_col_multiplier:1,age_limit:2,random_seed:3,replication:4,num_threads:128,set_partition:false}",2
c60900.json.gz,c,60,900,MipTemplate,highs,MTFarkas,4,196,9324.251202,9340,0.160599572,9324.653646,0.402444023,282,986,2.824857,31.144844,34.248868,24401,8637.959373,2.084104172,1,0,"{timeout:21600,max_col_multiplier:1,age_limit:2,random_seed:3,replication:4,num_threads:128,set_partition:false}",1
c60900.json.gz,c,60,900,MipTemplate,highs,MTFarkas,5,5,9315.038004,9951,,9951,,60,241,0.005489,0.193243,0.381993,1577,287301.8765,6.543568465,1,0,"{timeout:21600,max_col_multiplier:1,age_limit:2,random_seed:4,replication:5,num_threads:128,set_partition:false}",-1
c60900.json.gz,c,60,900,MipTemplate,highs,MTFarkas,5,178,9324.004641,9345,0.214018192,9324.653646,0.649005114,282,1014,2.433328,28.130776,30.833136,22515,9252.760006,2.134664756,1,0,"{timeout:21600,max_col_multiplier:1,age_limit:2,random_seed:4,replication:5,num_threads:128,set_partition:false}",2
c60900.json.gz,c,60,900,MipTemplate,highs,MTFarkas,5,178,9324.004641,9345,0.214018192,9324.653646,0.649005114,282,1014,2.433328,28.130776,30.833137,22515,9252.760006,2.134664756,1,0,"{timeout:21600,max_col_multiplier:1,age_limit:2,random_seed:4,replication:5,num_threads:128,set_partition:false}",1
c801600.json.gz,c,80,1600,MipTemplate,highs,MTFarkas,1,5,16283,16948,,16948,,80,320,0.011402,0.272719,0.883118,2621,229871.9523,8.190625,1,0,"{timeout:21600,max_col_multiplier:1,age_limit:2,random_seed:0,replication:1,num_threads:128,set_partition:false}",-1
c801600.json.gz,c,80,1600,MipTemplate,highs,MTFarkas,1,336,16283.12489,16293,0.055238446,16283.60789,0.482997973,371,1802,9.243702,64.651308,74.737304,57436,6213.52787,2.202972858,1,0,"{timeout:21600,max_col_multiplier:1,age_limit:2,random_seed:0,replication:1,num_threads:128,set_partition:false}",2
c801600.json.gz,c,80,1600,MipTemplate,highs,MTFarkas,1,336,16283.12489,16293,0.055238446,16283.60789,0.482997973,371,1802,9.243702,64.651308,74.737306,57436,6213.52787,2.202972858,1,0,"{timeout:21600,max_col_multiplier:1,age_limit:2,random_seed:0,replication:1,num_threads:128,set_partition:false}",1
c801600.json.gz,c,80,1600,MipTemplate,highs,MTFarkas,2,5,16283,16977,,16977,,80,320,0.010837,0.243726,0.83308,2601,240011.0732,8.128125,1,0,"{timeout:21600,max_col_multiplier:1,age_limit:2,random_seed:1,replication:2,num_threads:128,set_partition:false}",-1
c801600.json.gz,c,80,1600,MipTemplate,highs,MTFarkas,2,300,16283.02568,16296,0.073637703,16283.60837,0.582696808,365,1784,8.439849,57.689704,66.924879,54417,6447.627203,2.31301129,1,0,"{timeout:21600,max_col_multiplier:1,age_limit:2,random_seed:1,replication:2,num_threads:128,set_partition:false}",2
c801600.json.gz,c,80,1600,MipTemplate,highs,MTFarkas,2,300,16283.02568,16296,0.073637703,16283.60837,0.582696808,365,1784,8.439849,57.689704,66.924881,54417,6447.627203,2.31301129,1,0,"{timeout:21600,max_col_multiplier:1,age_limit:2,random_seed:1,replication:2,num_threads:128,set_partition:false}",1
c801600.json.gz,c,80,1600,MipTemplate,highs,MTFarkas,3,5,16283,16849,,16849,,80,321,0.012041,0.267225,0.840448,2627,218171.2482,8.183800623,1,0,"{timeout:21600,max_col_multiplier:1,age_limit:2,random_seed:2,replication:3,num_threads:128,set_partition:false}",-1
c801600.json.gz,c,80,1600,MipTemplate,highs,MTFarkas,3,327,16283.00892,16289,0.030695561,16283.60787,0.598952882,367,1771,9.333501,60.313922,70.441264,58097,6224.566752,2.270543221,1,0,"{timeout:21600,max_col_multiplier:1,age_limit:2,random_seed:2,replication:3,num_threads:128,set_partition:false}",2
c801600.json.gz,c,80,1600,MipTemplate,highs,MTFarkas,3,327,16283.00892,16289,0.030695561,16283.60787,0.598952882,367,1771,9.333501,60.313922,70.441265,58097,6224.566752,2.270543221,1,0,"{timeout:21600,max_col_multiplier:1,age_limit:2,random_seed:2,replication:3,num_threads:128,set_partition:false}",1
c801600.json.gz,c,80,1600,MipTemplate,highs,MTFarkas,4,6,16283,16947,,16947,,80,402,0.016577,0.338899,0.958834,2647,159679.0734,6.584577114,1,0,"{timeout:21600,max_col_multiplier:1,age_limit:2,random_seed:3,replication:4,num_threads:128,set_partition:false}",-1
c801600.json.gz,c,80,1600,MipTemplate,highs,MTFarkas,4,338,16283.03164,16295,0.06750537,16283.60787,0.57622892,367,1733,9.314776,61.924212,72.06645,59632,6401.871607,2.43875574,1,0,"{timeout:21600,max_col_multiplier:1,age_limit:2,random_seed:3,replication:4,num_threads:128,set_partition:false}",2
c801600.json.gz,c,80,1600,MipTemplate,highs,MTFarkas,4,338,16283.03164,16295,0.06750537,16283.60787,0.57622892,367,1733,9.314776,61.924212,72.066451,59632,6401.871607,2.43875574,1,0,"{timeout:21600,max_col_multiplier:1,age_limit:2,random_seed:3,replication:4,num_threads:128,set_partition:false}",1
c801600.json.gz,c,80,1600,MipTemplate,highs,MTFarkas,5,6,16283,inf,,16907,,88,400,0.01272,0.318739,0.886258,2643,207783.0189,6.6075,0,0,"{timeout:21600,max_col_multiplier:1,age_limit:2,random_seed:4,replication:5,num_threads:128,set_partition:false}",-1
c801600.json.gz,c,80,1600,MipTemplate,highs,MTFarkas,5,310,16283.11159,16296,0.073637703,16283.60807,0.496472559,366,1757,9.182023,62.401099,72.363477,59101,6436.598993,2.39852587,1,0,"{timeout:21600,max_col_multiplier:1,age_limit:2,random_seed:4,replication:5,num_threads:128,set_partition:false}",2
c801600.json.gz,c,80,1600,MipTemplate,highs,MTFarkas,5,310,16283.11159,16296,0.073637703,16283.60807,0.496472559,366,1757,9.182023,62.401099,72.363479,59101,6436.598993,2.39852587,1,0,"{timeout:21600,max_col_multiplier:1,age_limit:2,random_seed:4,replication:5,num_threads:128,set_partition:false}",1
d05100.json.gz,d,5,100,MipTemplate,highs,MTFarkas,1,4,6345.412612,6498,,6498,,5,15,0.000582,0.046529,0.050162,196,336769.7595,13.06666667,1,0,"{timeout:21600,max_col_multiplier:1,age_limit:2,random_seed:0,replication:1,num_threads:128,set_partition:false}",-1
d05100.json.gz,d,5,100,MipTemplate,highs,MTFarkas,1,329,6349.338989,6375,0.392156863,6349.921174,0.582184517,38,112,0.312508,76.034462,76.367289,2675,8559.78087,1.555319149,1,0,"{timeout:21600,max_col_multiplier:1,age_limit:2,random_seed:0,replication:1,num_threads:128,set_partition:false}",2
d05100.json.gz,d,5,100,MipTemplate,highs,MTFarkas,1,329,6349.338989,6375,0.392156863,6349.921174,0.582184517,38,112,0.312508,76.034462,76.36729,2675,8559.78087,1.555319149,1,0,"{timeout:21600,max_col_multiplier:1,age_limit:2,random_seed:0,replication:1,num_threads:128,set_partition:false}",1
d05100.json.gz,d,5,100,MipTemplate,highs,MTFarkas,2,5,6345.412612,6476,,6476,,5,20,0.001001,0.056624,0.060786,203,202797.2028,10.15,1,0,"{timeout:21600,max_col_multiplier:1,age_limit:2,random_seed:1,replication:2,num_threads:128,set_partition:false}",-1
d05100.json.gz,d,5,100,MipTemplate,highs,MTFarkas,2,301,6349.150937,6373,0.360897536,6349.921174,0.770236833,38,113,0.282593,86.087562,86.389223,2334,8259.227936,1.492580288,1,0,"{timeout:21600,max_col_multiplier:1,age_limit:2,random_seed:1,replication:2,num_threads:128,set_partition:false}",2
d05100.json.gz,d,5,100,MipTemplate,highs,MTFarkas,2,301,6349.150937,6373,0.360897536,6349.921174,0.770236833,38,113,0.282593,86.087562,86.389225,2334,8259.227936,1.492580288,1,0,"{timeout:21600,max_col_multiplier:1,age_limit:2,random_seed:1,replication:2,num_threads:128,set_partition:false}",1
d05100.json.gz,d,5,100,MipTemplate,highs,MTFarkas,3,4,6345.412612,6498,,6498,,5,15,0.000799,0.047435,0.051453,198,247809.7622,13.2,1,0,"{timeout:21600,max_col_multiplier:1,age_limit:2,random_seed:2,replication:3,num_threads:128,set_partition:false}",-1
d05100.json.gz,d,5,100,MipTemplate,highs,MTFarkas,3,286,6349.016967,6386,0.563733166,6349.921174,0.904206433,38,112,0.267046,76.953439,77.239279,2220,8313.174509,1.478321678,1,0,"{timeout:21600,max_col_multiplier:1,age_limit:2,random_seed:2,replication:3,num_threads:128,set_partition:false}",2
d05100.json.gz,d,5,100,MipTemplate,highs,MTFarkas,3,286,6349.016967,6386,0.563733166,6349.921174,0.904206433,38,112,0.267046,76.953439,77.23928,2220,8313.174509,1.478321678,1,0,"{timeout:21600,max_col_multiplier:1,age_limit:2,random_seed:2,replication:3,num_threads:128,set_partition:false}",1
d05100.json.gz,d,5,100,MipTemplate,highs,MTFarkas,4,4,6345.412612,6498,,6498,,5,15,0.001203,0.047379,0.055357,198,164588.5287,13.2,1,0,"{timeout:21600,max_col_multiplier:1,age_limit:2,random_seed:3,replication:4,num_threads:128,set_partition:false}",-1
d05100.json.gz,d,5,100,MipTemplate,highs,MTFarkas,4,248,6349.479321,6397,0.7347194,6349.921174,0.441852245,38,111,0.224808,59.433777,59.67855,1966,8745.240383,1.491935484,1,0,"{timeout:21600,max_col_multiplier:1,age_limit:2,random_seed:3,replication:4,num_threads:128,set_partition:false}",2
d05100.json.gz,d,5,100,MipTemplate,highs,MTFarkas,4,248,6349.479321,6397,0.7347194,6349.921174,0.441852245,38,111,0.224808,59.433777,59.678552,1966,8745.240383,1.491935484,1,0,"{timeout:21600,max_col_multiplier:1,age_limit:2,random_seed:3,replication:4,num_threads:128,set_partition:false}",1
d05100.json.gz,d,5,100,MipTemplate,highs,MTFarkas,5,4,6345.412612,6478,,6478,,5,15,0.00092,0.032558,0.040341,196,213043.4783,13.06666667,1,0,"{timeout:21600,max_col_multiplier:1,age_limit:2,random_seed:4,replication:5,num_threads:128,set_partition:false}",-1
d05100.json.gz,d,5,100,MipTemplate,highs,MTFarkas,5,377,6349.248144,6366,0.251335218,6349.921174,0.673029339,38,109,0.351369,109.178077,109.556414,2973,8461.190373,1.530813439,1,0,"{timeout:21600,max_col_multiplier:1,age_limit:2,random_seed:4,replication:5,num_threads:128,set_partition:false}",2
d05100.json.gz,d,5,100,MipTemplate,highs,MTFarkas,5,377,6349.248144,6366,0.251335218,6349.921174,0.673029339,38,109,0.351369,109.178077,109.556415,2973,8461.190373,1.530813439,1,0,"{timeout:21600,max_col_multiplier:1,age_limit:2,random_seed:4,replication:5,num_threads:128,set_partition:false}",1
d05200.json.gz,d,5,200,MipTemplate,highs,MTFarkas,1,6,12736.19608,12926,,12926,,5,25,0.002429,0.074744,0.083343,438,180321.1198,17.52,1,0,"{timeout:21600,max_col_multiplier:1,age_limit:4,random_seed:0,replication:1,num_threads:128,set_partition:false}",-1
d05200.json.gz,d,5,200,MipTemplate,highs,MTFarkas,1,467,12740.01101,12790,0.383111806,12740.03903,0.028028092,43,214,1.261064,227.743314,229.045097,4190,3322.591082,1.672491078,1,0,"{timeout:21600,max_col_multiplier:1,age_limit:4,random_seed:0,replication:1,num_threads:128,set_partition:false}",2
d05200.json.gz,d,5,200,MipTemplate,highs,MTFarkas,1,467,12740.01101,12790,0.383111806,12740.03903,0.028028092,43,214,1.261064,227.743314,229.045098,4190,3322.591082,1.672491078,1,0,"{timeout:21600,max_col_multiplier:1,age_limit:4,random_seed:0,replication:1,num_threads:128,set_partition:false}",1
d05200.json.gz,d,5,200,MipTemplate,highs,MTFarkas,2,8,12736.19608,12926,,12926,,5,35,0.003486,0.129829,0.139554,442,126792.8858,12.62857143,1,0,"{timeout:21600,max_col_multiplier:1,age_limit:4,random_seed:1,replication:2,num_threads:128,set_partition:false}",-1
d05200.json.gz,d,5,200,MipTemplate,highs,MTFarkas,2,520,12740.0096,12809,0.530876727,12740.03903,0.029437007,43,212,1.353693,217.768184,219.167306,4637,3425.444322,1.656785714,1,0,"{timeout:21600,max_col_multiplier:1,age_limit:4,random_seed:1,replication:2,num_threads:128,set_partition:false}",2
d05200.json.gz,d,5,200,MipTemplate,highs,MTFarkas,2,520,12740.0096,12809,0.530876727,12740.03903,0.029437007,43,212,1.353693,217.768184,219.167307,4637,3425.444322,1.656785714,1,0,"{timeout:21600,max_col_multiplier:1,age_limit:4,random_seed:1,replication:2,num_threads:128,set_partition:false}",1
d05200.json.gz,d,5,200,MipTemplate,highs,MTFarkas,3,6,12736.19608,12924,,12924,,5,25,0.002557,0.070936,0.086863,431,168556.9026,17.24,1,0,"{timeout:21600,max_col_multiplier:1,age_limit:4,random_seed:2,replication:3,num_threads:128,set_partition:false}",-1
d05200.json.gz,d,5,200,MipTemplate,highs,MTFarkas,3,502,12740.03728,12761,0.156727529,12740.03903,0.001759355,43,211,1.330423,229.298695,230.680196,4500,3382.382896,1.687330677,1,0,"{timeout:21600,max_col_multiplier:1,age_limit:4,random_seed:2,replication:3,num_threads:128,set_partition:false}",2
d05200.json.gz,d,5,200,MipTemplate,highs,MTFarkas,3,502,12740.03728,12761,0.156727529,12740.03903,0.001759355,43,211,1.330423,229.298695,230.680198,4500,3382.382896,1.687330677,1,0,"{timeout:21600,max_col_multiplier:1,age_limit:4,random_seed:2,replication:3,num_threads:128,set_partition:false}",1
d05200.json.gz,d,5,200,MipTemplate,highs,MTFarkas,4,6,12736.19608,12926,,12926,,5,25,0.001843,0.078609,0.089016,430,233315.2469,17.2,1,0,"{timeout:21600,max_col_multiplier:1,age_limit:4,random_seed:3,replication:4,num_threads:128,set_partition:false}",-1
d05200.json.gz,d,5,200,MipTemplate,highs,MTFarkas,4,534,12740.01041,12784,0.336357947,12740.03903,0.028621696,43,215,1.565807,236.105409,237.721375,5080,3244.333433,1.792602996,1,0,"{timeout:21600,max_col_multiplier:1,age_limit:4,random_seed:3,replication:4,num_threads:128,set_partition:false}",2
d05200.json.gz,d,5,200,MipTemplate,highs,MTFarkas,4,534,12740.01041,12784,0.336357947,12740.03903,0.028621696,43,215,1.565807,236.105409,237.721377,5080,3244.333433,1.792602996,1,0,"{timeout:21600,max_col_multiplier:1,age_limit:4,random_seed:3,replication:4,num_threads:128,set_partition:false}",1
d05200.json.gz,d,5,200,MipTemplate,highs,MTFarkas,5,7,12736.19608,12902,,12902,,5,30,0.003457,0.108301,0.121491,433,125253.1096,14.43333333,1,0,"{timeout:21600,max_col_multiplier:1,age_limit:4,random_seed:4,replication:5,num_threads:128,set_partition:false}",-1
d05200.json.gz,d,5,200,MipTemplate,highs,MTFarkas,5,741,12740.01041,12766,0.195832681,12740.03903,0.028621696,43,211,2.041773,344.720434,346.826985,7445,3646.340705,1.932006298,1,0,"{timeout:21600,max_col_multiplier:1,age_limit:4,random_seed:4,replication:5,num_threads:128,set_partition:false}",2
d05200.json.gz,d,5,200,MipTemplate,highs,MTFarkas,5,741,12740.01041,12766,0.195832681,12740.03903,0.028621696,43,211,2.041773,344.720434,346.826987,7445,3646.340705,1.932006298,1,0,"{timeout:21600,max_col_multiplier:1,age_limit:4,random_seed:4,replication:5,num_threads:128,set_partition:false}",1
d10100.json.gz,d,10,100,MipTemplate,highs,MTFarkas,1,3,6323.456043,6545,,6545,,10,20,0.000451,0.01902,0.028425,271,600886.918,13.55,1,0,"{timeout:21600,max_col_multiplier:1,age_limit:2,random_seed:0,replication:1,num_threads:128,set_partition:false}",-1
d10100.json.gz,d,10,100,MipTemplate,highs,MTFarkas,1,137,6341.111249,6388,0.720100188,6341.449876,0.338627613,62,118,0.124033,31.515067,31.657136,2526,20365.54788,1.777331711,1,0,"{timeout:21600,max_col_multiplier:1,age_limit:2,random_seed:0,replication:1,num_threads:128,set_partition:false}",2
d10100.json.gz,d,10,100,MipTemplate,highs,MTFarkas,1,137,6341.111249,6388,0.720100188,6341.449876,0.338627613,62,118,0.124033,31.515067,31.657138,2526,20365.54788,1.777331711,1,0,"{timeout:21600,max_col_multiplier:1,age_limit:2,random_seed:0,replication:1,num_threads:128,set_partition:false}",1
d10100.json.gz,d,10,100,MipTemplate,highs,MTFarkas,2,4,6323.456043,6545,,6545,,10,30,0.001247,0.062308,0.075643,277,222133.1195,9.233333333,1,0,"{timeout:21600,max_col_multiplier:1,age_limit:2,random_seed:1,replication:2,num_threads:128,set_partition:false}",-1
d10100.json.gz,d,10,100,MipTemplate,highs,MTFarkas,2,132,6341.111249,6450,1.674418605,6341.449876,0.338627613,62,118,0.134876,31.175891,31.33243,2534,18787.62715,1.83015873,1,0,"{timeout:21600,max_col_multiplier:1,age_limit:2,random_seed:1,replication:2,num_threads:128,set_partition:false}",2
d10100.json.gz,d,10,100,MipTemplate,highs,MTFarkas,2,132,6341.111249,6450,1.674418605,6341.449876,0.338627613,62,118,0.134876,31.175891,31.332431,2534,18787.62715,1.83015873,1,0,"{timeout:21600,max_col_multiplier:1,age_limit:2,random_seed:1,replication:2,num_threads:128,set_partition:false}",1
d10100.json.gz,d,10,100,MipTemplate,highs,MTFarkas,3,4,6323.456043,6545,,6545,,10,30,0.00124,0.052057,0.062823,282,227419.3548,9.4,1,0,"{timeout:21600,max_col_multiplier:1,age_limit:2,random_seed:2,replication:3,num_threads:128,set_partition:false}",-1
d10100.json.gz,d,10,100,MipTemplate,highs,MTFarkas,3,128,6341.207783,6382,0.62676277,6341.449876,0.242092959,62,121,0.127605,29.796308,29.942992,2579,20210.80679,1.911957465,1,0,"{timeout:21600,max_col_multiplier:1,age_limit:2,random_seed:2,replication:3,num_threads:128,set_partition:false}",2
d10100.json.gz,d,10,100,MipTemplate,highs,MTFarkas,3,128,6341.207783,6382,0.62676277,6341.449876,0.242092959,62,121,0.127605,29.796308,29.942994,2579,20210.80679,1.911957465,1,0,"{timeout:21600,max_col_multiplier:1,age_limit:2,random_seed:2,replication:3,num_threads:128,set_partition:false}",1
d10100.json.gz,d,10,100,MipTemplate,highs,MTFarkas,4,5,6323.456043,6545,,6545,,10,40,0.001124,0.067163,0.073804,285,253558.7189,7.125,1,0,"{timeout:21600,max_col_multiplier:1,age_limit:2,random_seed:3,replication:4,num_threads:128,set_partition:false}",-1
d10100.json.gz,d,10,100,MipTemplate,highs,MTFarkas,4,129,6341.090798,6401,0.92173098,6341.449898,0.359099781,61,125,0.123281,29.81341,29.950859,2475,20076.08634,1.814387228,1,0,"{timeout:21600,max_col_multiplier:1,age_limit:2,random_seed:3,replication:4,num_threads:128,set_partition:false}",2
d10100.json.gz,d,10,100,MipTemplate,highs,MTFarkas,4,129,6341.090798,6401,0.92173098,6341.449898,0.359099781,61,125,0.123281,29.81341,29.95086,2475,20076.08634,1.814387228,1,0,"{timeout:21600,max_col_multiplier:1,age_limit:2,random_seed:3,replication:4,num_threads:128,set_partition:false}",1
d10100.json.gz,d,10,100,MipTemplate,highs,MTFarkas,5,5,6323.456043,6597,,6597,,10,40,0.001488,0.062402,0.075893,282,189516.129,7.05,1,0,"{timeout:21600,max_col_multiplier:1,age_limit:2,random_seed:4,replication:5,num_threads:128,set_partition:false}",-1
d10100.json.gz,d,10,100,MipTemplate,highs,MTFarkas,5,154,6341.056449,6424,1.276463263,6341.449876,0.393426843,62,132,0.146174,34.879169,35.047689,2918,19962.51043,1.793890435,1,0,"{timeout:21600,max_col_multiplier:1,age_limit:2,random_seed:4,replication:5,num_threads:128,set_partition:false}",2
d10100.json.gz,d,10,100,MipTemplate,highs,MTFarkas,5,154,6341.056449,6424,1.276463263,6341.449876,0.393426843,62,132,0.146174,34.879169,35.04769,2918,19962.51043,1.793890435,1,0,"{timeout:21600,max_col_multiplier:1,age_limit:2,random_seed:4,replication:5,num_threads:128,set_partition:false}",1
d10200.json.gz,d,10,200,MipTemplate,highs,MTFarkas,1,4,12418.3621,12711,,12711,,10,30,0.001197,0.061281,0.07323,512,427736.0067,17.06666667,1,0,"{timeout:21600,max_col_multiplier:1,age_limit:2,random_seed:0,replication:1,num_threads:128,set_partition:false}",-1
d10200.json.gz,d,10,200,MipTemplate,highs,MTFarkas,1,374,12425.21956,12477,0.408752104,12425.61462,0.395061946,76,219,0.758606,141.470136,142.271063,7887,10396.70132,2.043203039,1,0,"{timeout:21600,max_col_multiplier:1,age_limit:2,random_seed:0,replication:1,num_threads:128,set_partition:false}",2
d10200.json.gz,d,10,200,MipTemplate,highs,MTFarkas,1,374,12425.21956,12477,0.408752104,12425.61462,0.395061946,76,219,0.758606,141.470136,142.271065,7887,10396.70132,2.043203039,1,0,"{timeout:21600,max_col_multiplier:1,age_limit:2,random_seed:0,replication:1,num_threads:128,set_partition:false}",1
d10200.json.gz,d,10,200,MipTemplate,highs,MTFarkas,2,5,12418.3621,12720,,12720,,10,40,0.001517,0.063213,0.075486,506,333553.0653,12.65,1,0,"{timeout:21600,max_col_multiplier:1,age_limit:2,random_seed:1,replication:2,num_threads:128,set_partition:false}",-1
d10200.json.gz,d,10,200,MipTemplate,highs,MTFarkas,2,415,12425.02427,12492,0.528338136,12425.61462,0.590347374,76,219,0.810576,162.799866,163.655954,7873,9712.846174,1.82541595,1,0,"{timeout:21600,max_col_multiplier:1,age_limit:2,random_seed:1,replication:2,num_threads:128,set_partition:false}",2
d10200.json.gz,d,10,200,MipTemplate,highs,MTFarkas,2,415,12425.02427,12492,0.528338136,12425.61462,0.590347374,76,219,0.810576,162.799866,163.655956,7873,9712.846174,1.82541595,1,0,"{timeout:21600,max_col_multiplier:1,age_limit:2,random_seed:1,replication:2,num_threads:128,set_partition:false}",1
d10200.json.gz,d,10,200,MipTemplate,highs,MTFarkas,3,4,12418.3621,12694,,12694,,10,30,0.001836,0.053208,0.078187,496,270152.5054,16.53333333,1,0,"{timeout:21600,max_col_multiplier:1,age_limit:2,random_seed:2,replication:3,num_threads:128,set_partition:false}",-1
d10200.json.gz,d,10,200,MipTemplate,highs,MTFarkas,3,363,12425.32564,12514,0.703212402,12425.61462,0.288985167,76,217,0.736385,133.343879,134.134983,6868,9326.642992,1.836787791,1,0,"{timeout:21600,max_col_multiplier:1,age_limit:2,random_seed:2,replication:3,num_threads:128,set_partition:false}",2
d10200.json.gz,d,10,200,MipTemplate,highs,MTFarkas,3,363,12425.32564,12514,0.703212402,12425.61462,0.288985167,76,217,0.736385,133.343879,134.134985,6868,9326.642992,1.836787791,1,0,"{timeout:21600,max_col_multiplier:1,age_limit:2,random_seed:2,replication:3,num_threads:128,set_partition:false}",1
d10200.json.gz,d,10,200,MipTemplate,highs,MTFarkas,4,5,12418.3621,12650,,12650,,10,40,0.00196,0.061495,0.074186,510,260204.0816,12.75,1,0,"{timeout:21600,max_col_multiplier:1,age_limit:2,random_seed:3,replication:4,num_threads:128,set_partition:false}",-1
d10200.json.gz,d,10,200,MipTemplate,highs,MTFarkas,4,360,12425.01158,12510,0.67146283,12425.61462,0.603039951,76,213,0.748974,154.854416,155.644501,6971,9307.399189,1.867276235,1,0,"{timeout:21600,max_col_multiplier:1,age_limit:2,random_seed:3,replication:4,num_threads:128,set_partition:false}",2
d10200.json.gz,d,10,200,MipTemplate,highs,MTFarkas,4,360,12425.01158,12510,0.67146283,12425.61462,0.603039951,76,213,0.748974,154.854416,155.644502,6971,9307.399189,1.867276235,1,0,"{timeout:21600,max_col_multiplier:1,age_limit:2,random_seed:3,replication:4,num_threads:128,set_partition:false}",1
d10200.json.gz,d,10,200,MipTemplate,highs,MTFarkas,5,5,12418.3621,12726,,12726,,10,40,0.001764,0.073698,0.086154,522,295918.3673,13.05,1,0,"{timeout:21600,max_col_multiplier:1,age_limit:2,random_seed:4,replication:5,num_threads:128,set_partition:false}",-1
d10200.json.gz,d,10,200,MipTemplate,highs,MTFarkas,5,316,12425.08637,12492,0.528338136,12425.61462,0.528248328,76,216,0.637887,125.929719,126.605487,6075,9523.630361,1.834989703,1,0,"{timeout:21600,max_col_multiplier:1,age_limit:2,random_seed:4,replication:5,num_threads:128,set_partition:false}",2
d10200.json.gz,d,10,200,MipTemplate,highs,MTFarkas,5,316,12425.08637,12492,0.528338136,12425.61462,0.528248328,76,216,0.637887,125.929719,126.605489,6075,9523.630361,1.834989703,1,0,"{timeout:21600,max_col_multiplier:1,age_limit:2,random_seed:4,replication:5,num_threads:128,set_partition:false}",1
d10400.json.gz,d,10,400,MipTemplate,highs,MTFarkas,1,4,24955.99482,25220,,25220,,10,30,0.001682,0.060472,0.084633,857,509512.4851,28.56666667,1,0,"{timeout:21600,max_col_multiplier:1,age_limit:4,random_seed:0,replication:1,num_threads:128,set_partition:false}",-1
d10400.json.gz,d,10,400,MipTemplate,highs,MTFarkas,1,588,24958.08677,25036,0.307557118,24958.61036,0.523588001,79,429,4.664034,301.014375,305.783647,13072,2802.723994,2.137547241,1,0,"{timeout:21600,max_col_multiplier:1,age_limit:4,random_seed:0,replication:1,num_threads:128,set_partition:false}",2
d10400.json.gz,d,10,400,MipTemplate,highs,MTFarkas,1,588,24958.08677,25036,0.307557118,24958.61036,0.523588001,79,429,4.664034,301.014375,305.783649,13072,2802.723994,2.137547241,1,0,"{timeout:21600,max_col_multiplier:1,age_limit:4,random_seed:0,replication:1,num_threads:128,set_partition:false}",1
d10400.json.gz,d,10,400,MipTemplate,highs,MTFarkas,2,3,24955.99482,25220,,25220,,10,20,0.001007,0.022427,0.045531,853,847070.5065,42.65,1,0,"{timeout:21600,max_col_multiplier:1,age_limit:4,random_seed:1,replication:2,num_threads:128,set_partition:false}",-1
d10400.json.gz,d,10,400,MipTemplate,highs,MTFarkas,2,629,24958.02989,25026,0.26772157,24958.61036,0.580467687,79,446,4.674605,339.596089,344.37782,14976,3203.693146,2.316032629,1,0,"{timeout:21600,max_col_multiplier:1,age_limit:4,random_seed:1,replication:2,num_threads:128,set_partition:false}",2
d10400.json.gz,d,10,400,MipTemplate,highs,MTFarkas,2,629,24958.02989,25026,0.26772157,24958.61036,0.580467687,79,446,4.674605,339.596089,344.377822,14976,3203.693146,2.316032629,1,0,"{timeout:21600,max_col_multiplier:1,age_limit:4,random_seed:1,replication:2,num_threads:128,set_partition:false}",1
d10400.json.gz,d,10,400,MipTemplate,highs,MTFarkas,3,4,24955.99482,25232,,25232,,10,30,0.002565,0.077487,0.124226,862,336062.3782,28.73333333,1,0,"{timeout:21600,max_col_multiplier:1,age_limit:4,random_seed:2,replication:3,num_threads:128,set_partition:false}",-1
d10400.json.gz,d,10,400,MipTemplate,highs,MTFarkas,3,621,24958.04951,25031,0.287643322,24958.61036,0.560853169,79,434,4.083717,334.970657,339.179846,14766,3615.823525,2.296130154,1,0,"{timeout:21600,max_col_multiplier:1,age_limit:4,random_seed:2,replication:3,num_threads:128,set_partition:false}",2
d10400.json.gz,d,10,400,MipTemplate,highs,MTFarkas,3,621,24958.04951,25031,0.287643322,24958.61036,0.560853169,79,434,4.083717,334.970657,339.179848,14766,3615.823525,2.296130154,1,0,"{timeout:21600,max_col_multiplier:1,age_limit:4,random_seed:2,replication:3,num_threads:128,set_partition:false}",1
d10400.json.gz,d,10,400,MipTemplate,highs,MTFarkas,4,4,24955.99482,25232,,25232,,10,30,0.001691,0.046117,0.070212,862,509757.5399,28.73333333,1,0,"{timeout:21600,max_col_multiplier:1,age_limit:4,random_seed:3,replication:4,num_threads:128,set_partition:false}",-1
d10400.json.gz,d,10,400,MipTemplate,highs,MTFarkas,4,540,24958.09838,25035,0.303574995,24958.61036,0.511978941,79,452,3.537694,269.918961,273.550174,12057,3408.152316,2.130181511,1,0,"{timeout:21600,max_col_multiplier:1,age_limit:4,random_seed:3,replication:4,num_threads:128,set_partition:false}",2
d10400.json.gz,d,10,400,MipTemplate,highs,MTFarkas,4,540,24958.09838,25035,0.303574995,24958.61036,0.511978941,79,452,3.537694,269.918961,273.550176,12057,3408.152316,2.130181511,1,0,"{timeout:21600,max_col_multiplier:1,age_limit:4,random_seed:3,replication:4,num_threads:128,set_partition:false}",1
d10400.json.gz,d,10,400,MipTemplate,highs,MTFarkas,5,6,24955.99482,25220,,25220,,10,50,0.004318,0.104982,0.154385,879,203566.466,17.58,1,0,"{timeout:21600,max_col_multiplier:1,age_limit:4,random_seed:4,replication:5,num_threads:128,set_partition:false}",-1
d10400.json.gz,d,10,400,MipTemplate,highs,MTFarkas,5,607,24958.1729,25062,0.410980768,24958.61036,0.43745418,79,446,4.056593,340.222384,344.404094,14293,3523.400055,2.241949478,1,0,"{timeout:21600,max_col_multiplier:1,age_limit:4,random_seed:4,replication:5,num_threads:128,set_partition:false}",2
d10400.json.gz,d,10,400,MipTemplate,highs,MTFarkas,5,607,24958.1729,25062,0.410980768,24958.61036,0.43745418,79,446,4.056593,340.222384,344.404096,14293,3523.400055,2.241949478,1,0,"{timeout:21600,max_col_multiplier:1,age_limit:4,random_seed:4,replication:5,num_threads:128,set_partition:false}",1
d15900.json.gz,d,15,900,MipTemplate,highs,MTFarkas,1,6,55400.46714,55904,,55904,,15,76,0.005639,0.164582,0.260235,2058,364958.3259,27.07894737,1,0,"{timeout:21600,max_col_multiplier:1,age_limit:6,random_seed:0,replication:1,num_threads:128,set_partition:false}",-1
d15900.json.gz,d,15,900,MipTemplate,highs,MTFarkas,1,953,55402.00688,55513,0.198151784,55402.4285,0.421627265,123,989,33.809256,1131.027806,1165.193566,43848,1296.922949,2.966927792,1,0,"{timeout:21600,max_col_multiplier:1,age_limit:6,random_seed:0,replication:1,num_threads:128,set_partition:false}",2
d15900.json.gz,d,15,900,MipTemplate,highs,MTFarkas,1,953,55402.00688,55513,0.198151784,55402.4285,0.421627265,123,989,33.809256,1131.027806,1165.193568,43848,1296.922949,2.966927792,1,0,"{timeout:21600,max_col_multiplier:1,age_limit:6,random_seed:0,replication:1,num_threads:128,set_partition:false}",1
d15900.json.gz,d,15,900,MipTemplate,highs,MTFarkas,2,6,55400.46714,55883,,55883,,15,75,0.00636,0.156648,0.275203,2057,323427.673,27.42666667,1,0,"{timeout:21600,max_col_multiplier:1,age_limit:6,random_seed:1,replication:2,num_threads:128,set_partition:false}",-1
d15900.json.gz,d,15,900,MipTemplate,highs,MTFarkas,2,906,55402.02018,55510,0.192758062,55402.42849,0.40830885,124,976,31.769717,934.466546,966.606265,39738,1250.813786,2.831837618,1,0,"{timeout:21600,max_col_multiplier:1,age_limit:6,random_seed:1,replication:2,num_threads:128,set_partition:false}",2
d15900.json.gz,d,15,900,MipTemplate,highs,MTFarkas,2,906,55402.02018,55510,0.192758062,55402.42849,0.40830885,124,976,31.769717,934.466546,966.606267,39738,1250.813786,2.831837618,1,0,"{timeout:21600,max_col_multiplier:1,age_limit:6,random_seed:1,replication:2,num_threads:128,set_partition:false}",1
d15900.json.gz,d,15,900,MipTemplate,highs,MTFarkas,3,6,55400.46714,55838,,55838,,15,75,0.007025,0.152797,0.27354,2059,293096.0854,27.45333333,1,0,"{timeout:21600,max_col_multiplier:1,age_limit:6,random_seed:2,replication:3,num_threads:128,set_partition:false}",-1
d15900.json.gz,d,15,900,MipTemplate,highs,MTFarkas,3,1024,55402.02708,55486,0.149587283,55402.41087,0.383792587,120,975,35.322068,1167.223386,1202.950334,49999,1415.517347,3.157227558,1,0,"{timeout:21600,max_col_multiplier:1,age_limit:6,random_seed:2,replication:3,num_threads:128,set_partition:false}",2
d15900.json.gz,d,15,900,MipTemplate,highs,MTFarkas,3,1024,55402.02708,55486,0.149587283,55402.41087,0.383792587,120,975,35.322068,1167.223386,1202.950336,49999,1415.517347,3.157227558,1,0,"{timeout:21600,max_col_multiplier:1,age_limit:6,random_seed:2,replication:3,num_threads:128,set_partition:false}",1
d15900.json.gz,d,15,900,MipTemplate,highs,MTFarkas,4,7,55400.46714,55881,,55881,,15,91,0.008138,0.202379,0.323211,2103,258417.3015,23.10989011,1,0,"{timeout:21600,max_col_multiplier:1,age_limit:6,random_seed:3,replication:4,num_threads:128,set_partition:false}",-1
d15900.json.gz,d,15,900,MipTemplate,highs,MTFarkas,4,926,55402.08552,55480,0.138788753,55402.42947,0.343951923,117,937,32.731592,893.890851,926.993533,46120,1409.036261,3.213103842,1,0,"{timeout:21600,max_col_multiplier:1,age_limit:6,random_seed:3,replication:4,num_threads:128,set_partition:false}",2
d15900.json.gz,d,15,900,MipTemplate,highs,MTFarkas,4,926,55402.08552,55480,0.138788753,55402.42947,0.343951923,117,937,32.731592,893.890851,926.993535,46120,1409.036261,3.213103842,1,0,"{timeout:21600,max_col_multiplier:1,age_limit:6,random_seed:3,replication:4,num_threads:128,set_partition:false}",1
d15900.json.gz,d,15,900,MipTemplate,highs,MTFarkas,5,6,55400.46714,55906,,55906,,15,75,0.004649,0.146382,0.239698,2059,442890.9443,27.45333333,1,0,"{timeout:21600,max_col_multiplier:1,age_limit:6,random_seed:4,replication:5,num_threads:128,set_partition:false}",-1
d15900.json.gz,d,15,900,MipTemplate,highs,MTFarkas,5,995,55402.11515,55501,0.176573395,55402.42856,0.313412348,121,943,33.860023,1039.804089,1074.034672,44469,1313.318659,2.892185124,1,0,"{timeout:21600,max_col_multiplier:1,age_limit:6,random_seed:4,replication:5,num_threads:128,set_partition:false}",2
d15900.json.gz,d,15,900,MipTemplate,highs,MTFarkas,5,995,55402.11515,55501,0.176573395,55402.42856,0.313412348,121,943,33.860023,1039.804089,1074.034674,44469,1313.318659,2.892185124,1,0,"{timeout:21600,max_col_multiplier:1,age_limit:6,random_seed:4,replication:5,num_threads:128,set_partition:false}",1
d20100.json.gz,d,20,100,MipTemplate,highs,MTFarkas,1,5,6142.530217,6801,,6801,,20,80,0.001161,0.054437,0.066921,414,356589.1473,5.175,1,0,"{timeout:21600,max_col_multiplier:1,age_limit:2,random_seed:0,replication:1,num_threads:128,set_partition:false}",-1
d20100.json.gz,d,20,100,MipTemplate,highs,MTFarkas,1,79,6176.030035,6309,2.092249168,6176.142287,0.112252617,111,133,0.112538,17.256154,17.387499,3427,30451.93623,2.158092071,1,0,"{timeout:21600,max_col_multiplier:1,age_limit:2,random_seed:0,replication:1,num_threads:128,set_partition:false}",2
d20100.json.gz,d,20,100,MipTemplate,highs,MTFarkas,1,79,6176.030035,6309,2.092249168,6176.142287,0.112252617,111,133,0.112538,17.256154,17.3875,3427,30451.93623,2.158092071,1,0,"{timeout:21600,max_col_multiplier:1,age_limit:2,random_seed:0,replication:1,num_threads:128,set_partition:false}",1
d20100.json.gz,d,20,100,MipTemplate,highs,MTFarkas,2,4,6142.530217,6819,,6819,,20,60,0.00087,0.046349,0.058293,412,473563.2184,6.866666667,1,0,"{timeout:21600,max_col_multiplier:1,age_limit:2,random_seed:1,replication:2,num_threads:128,set_partition:false}",-1
d20100.json.gz,d,20,100,MipTemplate,highs,MTFarkas,2,80,6176.142063,6291,1.812112542,6176.142063,0,111,146,0.118757,15.679489,15.817419,3478,29286.69468,2.175461502,1,0,"{timeout:21600,max_col_multiplier:1,age_limit:2,random_seed:1,replication:2,num_threads:128,set_partition:false}",2
d20100.json.gz,d,20,100,MipTemplate,highs,MTFarkas,2,80,6176.142063,6291,1.812112542,6176.142063,0,111,146,0.118757,15.679489,15.81742,3478,29286.69468,2.175461502,1,0,"{timeout:21600,max_col_multiplier:1,age_limit:2,random_seed:1,replication:2,num_threads:128,set_partition:false}",1
d20100.json.gz,d,20,100,MipTemplate,highs,MTFarkas,3,4,6142.530217,6790,,6790,,20,60,0.001154,0.056559,0.068842,404,350086.6551,6.733333333,1,0,"{timeout:21600,max_col_multiplier:1,age_limit:2,random_seed:2,replication:3,num_threads:128,set_partition:false}",-1
d20100.json.gz,d,20,100,MipTemplate,highs,MTFarkas,3,89,6176.138769,6315,2.185273159,6176.14208,0.003310699,111,145,0.127785,17.293569,17.441071,3910,30598.27053,2.351882315,1,0,"{timeout:21600,max_col_multiplier:1,age_limit:2,random_seed:2,replication:3,num_threads:128,set_partition:false}",2
d20100.json.gz,d,20,100,MipTemplate,highs,MTFarkas,3,89,6176.138769,6315,2.185273159,6176.14208,0.003310699,111,145,0.127785,17.293569,17.441072,3910,30598.27053,2.351882315,1,0,"{timeout:21600,max_col_multiplier:1,age_limit:2,random_seed:2,replication:3,num_threads:128,set_partition:false}",1
d20100.json.gz,d,20,100,MipTemplate,highs,MTFarkas,4,4,6142.530217,6874,,6874,,20,60,0.001301,0.038665,0.06438,409,314373.5588,6.816666667,1,0,"{timeout:21600,max_col_multiplier:1,age_limit:2,random_seed:3,replication:4,num_threads:128,set_partition:false}",-1
d20100.json.gz,d,20,100,MipTemplate,highs,MTFarkas,4,93,6176.138769,6294,1.858913251,6176.14208,0.003310699,111,141,0.136195,20.586658,20.756271,3908,28694.15177,2.298303074,1,0,"{timeout:21600,max_col_multiplier:1,age_limit:2,random_seed:3,replication:4,num_threads:128,set_partition:false}",2
d20100.json.gz,d,20,100,MipTemplate,highs,MTFarkas,4,93,6176.138769,6294,1.858913251,6176.14208,0.003310699,111,141,0.136195,20.586658,20.756272,3908,28694.15177,2.298303074,1,0,"{timeout:21600,max_col_multiplier:1,age_limit:2,random_seed:3,replication:4,num_threads:128,set_partition:false}",1
d20100.json.gz,d,20,100,MipTemplate,highs,MTFarkas,5,4,6142.530217,6889,,6889,,20,60,0.001517,0.054318,0.080152,412,271588.6618,6.866666667,1,0,"{timeout:21600,max_col_multiplier:1,age_limit:2,random_seed:4,replication:5,num_threads:128,set_partition:false}",-1
d20100.json.gz,d,20,100,MipTemplate,highs,MTFarkas,5,89,6176.080547,6315,2.185273159,6176.142285,0.061738235,111,141,0.127126,17.270919,17.430633,3921,30843.41519,2.322080006,1,0,"{timeout:21600,max_col_multiplier:1,age_limit:2,random_seed:4,replication:5,num_threads:128,set_partition:false}",2
d20100.json.gz,d,20,100,MipTemplate,highs,MTFarkas,5,89,6176.080547,6315,2.185273159,6176.142285,0.061738235,111,141,0.127126,17.270919,17.430634,3921,30843.41519,2.322080006,1,0,"{timeout:21600,max_col_multiplier:1,age_limit:2,random_seed:4,replication:5,num_threads:128,set_partition:false}",1
d201600.json.gz,d,20,1600,MipTemplate,highs,MTFarkas,1,7,97821.35001,98538,,98538,,20,120,0.015988,0.286647,0.580146,4066,254315.7368,33.88333333,1,0,"{timeout:21600,max_col_multiplier:1,age_limit:8,random_seed:0,replication:1,num_threads:128,set_partition:false}",-1
d201600.json.gz,d,20,1600,MipTemplate,highs,MTFarkas,1,1217,97822.02975,97949,0.128638373,97822.76455,0.734793738,168,1825,190.59929,1544.121663,1735.645366,105024,551.019891,4.175140913,1,0,"{timeout:21600,max_col_multiplier:1,age_limit:8,random_seed:0,replication:1,num_threads:128,set_partition:false}",2
d201600.json.gz,d,20,1600,MipTemplate,highs,MTFarkas,1,1217,97822.02975,97949,0.128638373,97822.76455,0.734793738,168,1825,190.59929,1544.121663,1735.645368,105024,551.019891,4.175140913,1,0,"{timeout:21600,max_col_multiplier:1,age_limit:8,random_seed:0,replication:1,num_threads:128,set_partition:false}",1
d201600.json.gz,d,20,1600,MipTemplate,highs,MTFarkas,2,7,97821.35001,98491,,98491,,20,120,0.014115,0.280093,0.565175,4087,289550.124,34.05833333,1,0,"{timeout:21600,max_col_multiplier:1,age_limit:8,random_seed:1,replication:2,num_threads:128,set_partition:false}",-1
d201600.json.gz,d,20,1600,MipTemplate,highs,MTFarkas,2,1174,97822.0519,97968,0.148007513,97822.76589,0.713990889,169,1848,166.152749,1544.980444,1712.036691,97823,588.7534247,4.01946823,1,0,"{timeout:21600,max_col_multiplier:1,age_limit:8,random_seed:1,replication:2,num_threads:128,set_partition:false}",2
d201600.json.gz,d,20,1600,MipTemplate,highs,MTFarkas,2,1174,97822.0519,97968,0.148007513,97822.76589,0.713990889,169,1848,166.152749,1544.980444,1712.036692,97823,588.7534247,4.01946823,1,0,"{timeout:21600,max_col_multiplier:1,age_limit:8,random_seed:1,replication:2,num_threads:128,set_partition:false}",1
d201600.json.gz,d,20,1600,MipTemplate,highs,MTFarkas,3,5,97821.35001,98541,,98541,,20,80,0.00761,0.17773,0.448863,4040,530880.4205,50.5,1,0,"{timeout:21600,max_col_multiplier:1,age_limit:8,random_seed:2,replication:3,num_threads:128,set_partition:false}",-1
d201600.json.gz,d,20,1600,MipTemplate,highs,MTFarkas,3,1204,97822.03229,97934,0.113341638,97822.76796,0.735677046,165,1776,179.274456,1436.246064,1616.416849,97707,545.0135071,3.932181971,1,0,"{timeout:21600,max_col_multiplier:1,age_limit:8,random_seed:2,replication:3,num_threads:128,set_partition:false}",2
d201600.json.gz,d,20,1600,MipTemplate,highs,MTFarkas,3,1204,97822.03229,97934,0.113341638,97822.76796,0.735677046,165,1776,179.274456,1436.246064,1616.416851,97707,545.0135071,3.932181971,1,0,"{timeout:21600,max_col_multiplier:1,age_limit:8,random_seed:2,replication:3,num_threads:128,set_partition:false}",1
d201600.json.gz,d,20,1600,MipTemplate,highs,MTFarkas,4,7,97821.35001,98529,,98529,,20,120,0.014746,0.273579,0.56661,4079,276617.3878,33.99166667,1,0,"{timeout:21600,max_col_multiplier:1,age_limit:8,random_seed:3,replication:4,num_threads:128,set_partition:false}",-1
d201600.json.gz,d,20,1600,MipTemplate,highs,MTFarkas,4,1362,97822.01032,97908,0.086816195,97822.7648,0.75447899,167,1865,232.976709,1786.803099,2020.78791,118976,510.6776575,4.242425677,1,0,"{timeout:21600,max_col_multiplier:1,age_limit:8,random_seed:3,replication:4,num_threads:128,set_partition:false}",2
d201600.json.gz,d,20,1600,MipTemplate,highs,MTFarkas,4,1362,97822.01032,97908,0.086816195,97822.7648,0.75447899,167,1865,232.976709,1786.803099,2020.787912,118976,510.6776575,4.242425677,1,0,"{timeout:21600,max_col_multiplier:1,age_limit:8,random_seed:3,replication:4,num_threads:128,set_partition:false}",1
d201600.json.gz,d,20,1600,MipTemplate,highs,MTFarkas,5,7,97821.35001,98488,,98488,,20,121,0.015132,0.294635,0.573122,4108,271477.6632,33.95041322,1,0,"{timeout:21600,max_col_multiplier:1,age_limit:8,random_seed:4,replication:5,num_threads:128,set_partition:false}",-1
d201600.json.gz,d,20,1600,MipTemplate,highs,MTFarkas,5,1220,97822.04334,97949,0.128638373,97822.76513,0.721788731,171,1879,188.046126,1533.259753,1722.219093,108696,578.0283929,4.312500339,1,0,"{timeout:21600,max_col_multiplier:1,age_limit:8,random_seed:4,replication:5,num_threads:128,set_partition:false}",2
d201600.json.gz,d,20,1600,MipTemplate,highs,MTFarkas,5,1220,97822.04334,97949,0.128638373,97822.76513,0.721788731,171,1879,188.046126,1533.259753,1722.219095,108696,578.0283929,4.312500339,1,0,"{timeout:21600,max_col_multiplier:1,age_limit:8,random_seed:4,replication:5,num_threads:128,set_partition:false}",1
d20200.json.gz,d,20,200,MipTemplate,highs,MTFarkas,1,4,12217.69342,12892,,12892,,20,60,0.001117,0.061245,0.083045,638,571172.7842,10.63333333,1,0,"{timeout:21600,max_col_multiplier:1,age_limit:2,random_seed:0,replication:1,num_threads:128,set_partition:false}",-1
d20200.json.gz,d,20,200,MipTemplate,highs,MTFarkas,1,190,12229.58074,12386,1.259486517,12229.66416,0.083414932,135,230,0.517949,71.105929,71.667272,10021,19347.46471,2.594452983,1,0,"{timeout:21600,max_col_multiplier:1,age_limit:2,random_seed:0,replication:1,num_threads:128,set_partition:false}",2
d20200.json.gz,d,20,200,MipTemplate,highs,MTFarkas,1,190,12229.58074,12386,1.259486517,12229.66416,0.083414932,135,230,0.517949,71.105929,71.667274,10021,19347.46471,2.594452983,1,0,"{timeout:21600,max_col_multiplier:1,age_limit:2,random_seed:0,replication:1,num_threads:128,set_partition:false}",1
d20200.json.gz,d,20,200,MipTemplate,highs,MTFarkas,2,4,12217.69342,12869,,12869,,20,60,0.00111,0.076433,0.098161,628,565765.7658,10.46666667,1,0,"{timeout:21600,max_col_multiplier:1,age_limit:2,random_seed:1,replication:2,num_threads:128,set_partition:false}",-1
d20200.json.gz,d,20,200,MipTemplate,highs,MTFarkas,2,166,12229.16102,12376,1.17970265,12229.66417,0.503144673,135,249,0.398859,55.36901,55.807739,8298,20804.34439,2.404948912,1,0,"{timeout:21600,max_col_multiplier:1,age_limit:2,random_seed:1,replication:2,num_threads:128,set_partition:false}",2
d20200.json.gz,d,20,200,MipTemplate,highs,MTFarkas,2,166,12229.16102,12376,1.17970265,12229.66417,0.503144673,135,249,0.398859,55.36901,55.80774,8298,20804.34439,2.404948912,1,0,"{timeout:21600,max_col_multiplier:1,age_limit:2,random_seed:1,replication:2,num_threads:128,set_partition:false}",1
d20200.json.gz,d,20,200,MipTemplate,highs,MTFarkas,3,4,12217.69342,12927,,12927,,20,60,0.001841,0.085145,0.11986,629,341662.1401,10.48333333,1,0,"{timeout:21600,max_col_multiplier:1,age_limit:2,random_seed:2,replication:3,num_threads:128,set_partition:false}",-1
d20200.json.gz,d,20,200,MipTemplate,highs,MTFarkas,3,178,12229.05652,12405,1.410721483,12229.66691,0.610389578,133,264,0.486451,59.14941,59.690549,9252,19019.38736,2.509190062,1,0,"{timeout:21600,max_col_multiplier:1,age_limit:2,random_seed:2,replication:3,num_threads:128,set_partition:false}",2
d20200.json.gz,d,20,200,MipTemplate,highs,MTFarkas,3,178,12229.05652,12405,1.410721483,12229.66691,0.610389578,133,264,0.486451,59.14941,59.690551,9252,19019.38736,2.509190062,1,0,"{timeout:21600,max_col_multiplier:1,age_limit:2,random_seed:2,replication:3,num_threads:128,set_partition:false}",1
d20200.json.gz,d,20,200,MipTemplate,highs,MTFarkas,4,4,12217.69342,12972,,12972,,20,60,0.001192,0.05513,0.076974,637,534395.9732,10.61666667,1,0,"{timeout:21600,max_col_multiplier:1,age_limit:2,random_seed:3,replication:4,num_threads:128,set_partition:false}",-1
d20200.json.gz,d,20,200,MipTemplate,highs,MTFarkas,4,194,12229.07181,12333,0.835157707,12229.66492,0.593101277,135,254,0.502356,72.704048,73.250417,9722,19352.80956,2.433289235,1,0,"{timeout:21600,max_col_multiplier:1,age_limit:2,random_seed:3,replication:4,num_threads:128,set_partition:false}",2
d20200.json.gz,d,20,200,MipTemplate,highs,MTFarkas,4,194,12229.07181,12333,0.835157707,12229.66492,0.593101277,135,254,0.502356,72.704048,73.250419,9722,19352.80956,2.433289235,1,0,"{timeout:21600,max_col_multiplier:1,age_limit:2,random_seed:3,replication:4,num_threads:128,set_partition:false}",1
d20200.json.gz,d,20,200,MipTemplate,highs,MTFarkas,5,4,12217.69342,12864,,12864,,20,60,0.001277,0.055975,0.077745,632,494909.9452,10.53333333,1,0,"{timeout:21600,max_col_multiplier:1,age_limit:2,random_seed:4,replication:5,num_threads:128,set_partition:false}",-1
d20200.json.gz,d,20,200,MipTemplate,highs,MTFarkas,5,181,12229.50799,12381,1.219610694,12229.66691,0.158925941,134,231,0.436784,60.345988,60.823716,9548,21859.77508,2.572499816,1,0,"{timeout:21600,max_col_multiplier:1,age_limit:2,random_seed:4,replication:5,num_threads:128,set_partition:false}",2
d20200.json.gz,d,20,200,MipTemplate,highs,MTFarkas,5,181,12229.50799,12381,1.219610694,12229.66691,0.158925941,134,231,0.436784,60.345988,60.823717,9548,21859.77508,2.572499816,1,0,"{timeout:21600,max_col_multiplier:1,age_limit:2,random_seed:4,replication:5,num_threads:128,set_partition:false}",1
d20400.json.gz,d,20,400,MipTemplate,highs,MTFarkas,1,4,24552.43633,25296,,25296,,20,60,0.002334,0.096904,0.148725,1167,500000,19.45,1,0,"{timeout:21600,max_col_multiplier:1,age_limit:2,random_seed:0,replication:1,num_threads:128,set_partition:false}",-1
d20400.json.gz,d,20,400,MipTemplate,highs,MTFarkas,1,410,24560.02852,24738,0.715498423,24560.20431,0.175788792,147,431,2.371495,276.993646,279.478977,21183,8932.340148,2.546371917,1,0,"{timeout:21600,max_col_multiplier:1,age_limit:2,random_seed:0,replication:1,num_threads:128,set_partition:false}",2
d20400.json.gz,d,20,400,MipTemplate,highs,MTFarkas,1,410,24560.02852,24738,0.715498423,24560.20431,0.175788792,147,431,2.371495,276.993646,279.478978,21183,8932.340148,2.546371917,1,0,"{timeout:21600,max_col_multiplier:1,age_limit:2,random_seed:0,replication:1,num_threads:128,set_partition:false}",1
d20400.json.gz,d,20,400,MipTemplate,highs,MTFarkas,2,5,24552.43633,25275,,25275,,20,80,0.003606,0.131585,0.184574,1182,327787.0216,14.775,1,0,"{timeout:21600,max_col_multiplier:1,age_limit:2,random_seed:1,replication:2,num_threads:128,set_partition:false}",-1
d20400.json.gz,d,20,400,MipTemplate,highs,MTFarkas,2,424,24560.02243,24705,0.58287796,24560.20431,0.181872082,147,427,2.231598,308.824407,311.170963,20338,9113.648605,2.356051422,1,0,"{timeout:21600,max_col_multiplier:1,age_limit:2,random_seed:1,replication:2,num_threads:128,set_partition:false}",2
d20400.json.gz,d,20,400,MipTemplate,highs,MTFarkas,2,424,24560.02243,24705,0.58287796,24560.20431,0.181872082,147,427,2.231598,308.824407,311.170964,20338,9113.648605,2.356051422,1,0,"{timeout:21600,max_col_multiplier:1,age_limit:2,random_seed:1,replication:2,num_threads:128,set_partition:false}",1
d20400.json.gz,d,20,400,MipTemplate,highs,MTFarkas,3,4,24552.43633,25283,,25283,,20,61,0.001819,0.081283,0.132828,1169,642660.8026,19.16393443,1,0,"{timeout:21600,max_col_multiplier:1,age_limit:2,random_seed:2,replication:3,num_threads:128,set_partition:false}",-1
d20400.json.gz,d,20,400,MipTemplate,highs,MTFarkas,3,396,24560.04203,24700,0.562753036,24560.20431,0.162272931,147,438,2.564481,255.047651,257.729093,20963,8174.363546,2.577086127,1,0,"{timeout:21600,max_col_multiplier:1,age_limit:2,random_seed:2,replication:3,num_threads:128,set_partition:false}",2
d20400.json.gz,d,20,400,MipTemplate,highs,MTFarkas,3,396,24560.04203,24700,0.562753036,24560.20431,0.162272931,147,438,2.564481,255.047651,257.729095,20963,8174.363546,2.577086127,1,0,"{timeout:21600,max_col_multiplier:1,age_limit:2,random_seed:2,replication:3,num_threads:128,set_partition:false}",1
d20400.json.gz,d,20,400,MipTemplate,highs,MTFarkas,4,5,24552.43633,25247,,25247,,20,80,0.002952,0.139782,0.217254,1171,396680.2168,14.6375,1,0,"{timeout:21600,max_col_multiplier:1,age_limit:2,random_seed:3,replication:4,num_threads:128,set_partition:false}",-1
d20400.json.gz,d,20,400,MipTemplate,highs,MTFarkas,4,463,24560.00351,24713,0.615060899,24560.20931,0.205804352,146,423,2.700709,377.722557,380.571579,20890,7735.005882,2.307843352,1,0,"{timeout:21600,max_col_multiplier:1,age_limit:2,random_seed:3,replication:4,num_threads:128,set_partition:false}",2
d20400.json.gz,d,20,400,MipTemplate,highs,MTFarkas,4,463,24560.00351,24713,0.615060899,24560.20931,0.205804352,146,423,2.700709,377.722557,380.57158,20890,7735.005882,2.307843352,1,0,"{timeout:21600,max_col_multiplier:1,age_limit:2,random_seed:3,replication:4,num_threads:128,set_partition:false}",1
d20400.json.gz,d,20,400,MipTemplate,highs,MTFarkas,5,6,24552.43633,25364,,25364,,20,100,0.00364,0.145879,0.224901,1194,328021.978,11.94,1,0,"{timeout:21600,max_col_multiplier:1,age_limit:2,random_seed:4,replication:5,num_threads:128,set_partition:false}",-1
d20400.json.gz,d,20,400,MipTemplate,highs,MTFarkas,5,374,24560.02733,24678,0.474106492,24560.20431,0.176976315,147,447,2.006082,247.840832,249.980386,19085,9513.569236,2.459533331,1,0,"{timeout:21600,max_col_multiplier:1,age_limit:2,random_seed:4,replication:5,num_threads:128,set_partition:false}",2
d20400.json.gz,d,20,400,MipTemplate,highs,MTFarkas,5,374,24560.02733,24678,0.474106492,24560.20431,0.176976315,147,447,2.006082,247.840832,249.980388,19085,9513.569236,2.459533331,1,0,"{timeout:21600,max_col_multiplier:1,age_limit:2,random_seed:4,replication:5,num_threads:128,set_partition:false}",1
d30900.json.gz,d,30,900,MipTemplate,highs,MTFarkas,1,5,54828.75354,55865,,55865,,30,120,0.004853,0.145781,0.355941,2671,550381.2075,22.25833333,1,0,"{timeout:21600,max_col_multiplier:1,age_limit:3,random_seed:0,replication:1,num_threads:128,set_partition:false}",-1
d30900.json.gz,d,30,900,MipTemplate,highs,MTFarkas,1,591,54832.01906,55059,0.41046877,54832.38105,0.361990108,233,994,15.40521,516.534923,532.32831,63374,4113.803058,3.48315822,1,0,"{timeout:21600,max_col_multiplier:1,age_limit:3,random_seed:0,replication:1,num_threads:128,set_partition:false}",2
d30900.json.gz,d,30,900,MipTemplate,highs,MTFarkas,1,591,54832.01906,55059,0.41046877,54832.38105,0.361990108,233,994,15.40521,516.534923,532.328312,63374,4113.803058,3.48315822,1,0,"{timeout:21600,max_col_multiplier:1,age_limit:3,random_seed:0,replication:1,num_threads:128,set_partition:false}",1
d30900.json.gz,d,30,900,MipTemplate,highs,MTFarkas,2,5,54828.75354,55831,,55831,,30,121,0.004294,0.129086,0.339529,2673,622496.5068,22.09090909,1,0,"{timeout:21600,max_col_multiplier:1,age_limit:3,random_seed:1,replication:2,num_threads:128,set_partition:false}",-1
d30900.json.gz,d,30,900,MipTemplate,highs,MTFarkas,2,617,54832.01061,54966,0.241967762,54832.38087,0.370261354,232,980,16.874685,587.981861,605.259879,67327,3989.822625,3.548772665,1,0,"{timeout:21600,max_col_multiplier:1,age_limit:3,random_seed:1,replication:2,num_threads:128,set_partition:false}",2
d30900.json.gz,d,30,900,MipTemplate,highs,MTFarkas,2,617,54832.01061,54966,0.241967762,54832.38087,0.370261354,232,980,16.874685,587.981861,605.25988,67327,3989.822625,3.548772665,1,0,"{timeout:21600,max_col_multiplier:1,age_limit:3,random_seed:1,replication:2,num_threads:128,set_partition:false}",1
d30900.json.gz,d,30,900,MipTemplate,highs,MTFarkas,3,5,54828.75354,55810,,55810,,30,120,0.004325,0.11256,0.338498,2669,617109.8266,22.24166667,1,0,"{timeout:21600,max_col_multiplier:1,age_limit:3,random_seed:2,replication:3,num_threads:128,set_partition:false}",-1
d30900.json.gz,d,30,900,MipTemplate,highs,MTFarkas,3,573,54832.04912,55032,0.361607792,54832.38089,0.331766635,231,1077,14.873199,496.95388,512.229036,63943,4299.209605,3.627137536,1,0,"{timeout:21600,max_col_multiplier:1,age_limit:3,random_seed:2,replication:3,num_threads:128,set_partition:false}",2
d30900.json.gz,d,30,900,MipTemplate,highs,MTFarkas,3,573,54832.04912,55032,0.361607792,54832.38089,0.331766635,231,1077,14.873199,496.95388,512.229037,63943,4299.209605,3.627137536,1,0,"{timeout:21600,max_col_multiplier:1,age_limit:3,random_seed:2,replication:3,num_threads:128,set_partition:false}",1
d30900.json.gz,d,30,900,MipTemplate,highs,MTFarkas,4,4,54828.75354,55971,,55971,,30,90,0.003006,0.07489,0.299975,2661,885229.5409,29.56666667,1,0,"{timeout:21600,max_col_multiplier:1,age_limit:3,random_seed:3,replication:4,num_threads:128,set_partition:false}",-1
d30900.json.gz,d,30,900,MipTemplate,highs,MTFarkas,4,604,54832.04734,55046,0.386949097,54832.38357,0.336228429,235,984,15.814671,535.127121,551.349768,64040,4049.404505,3.447263928,1,0,"{timeout:21600,max_col_multiplier:1,age_limit:3,random_seed:3,replication:4,num_threads:128,set_partition:false}",2
d30900.json.gz,d,30,900,MipTemplate,highs,MTFarkas,4,604,54832.04734,55046,0.386949097,54832.38357,0.336228429,235,984,15.814671,535.127121,551.34977,64040,4049.404505,3.447263928,1,0,"{timeout:21600,max_col_multiplier:1,age_limit:3,random_seed:3,replication:4,num_threads:128,set_partition:false}",1
d30900.json.gz,d,30,900,MipTemplate,highs,MTFarkas,5,5,54828.75354,55876,,55876,,30,121,0.004452,0.148509,0.360009,2682,602425.876,22.16528926,1,0,"{timeout:21600,max_col_multiplier:1,age_limit:3,random_seed:4,replication:5,num_threads:128,set_partition:false}",-1
d30900.json.gz,d,30,900,MipTemplate,highs,MTFarkas,5,565,54832.02793,55013,0.32719539,54832.38105,0.353121291,234,1035,14.251071,449.98909,464.621127,60024,4211.893969,3.437746403,1,0,"{timeout:21600,max_col_multiplier:1,age_limit:3,random_seed:4,replication:5,num_threads:128,set_partition:false}",2
d30900.json.gz,d,30,900,MipTemplate,highs,MTFarkas,5,565,54832.02793,55013,0.32719539,54832.38105,0.353121291,234,1035,14.251071,449.98909,464.621129,60024,4211.893969,3.437746403,1,0,"{timeout:21600,max_col_multiplier:1,age_limit:3,random_seed:4,replication:5,num_threads:128,set_partition:false}",1
d401600.json.gz,d,40,1600,MipTemplate,highs,MTFarkas,1,4,97105,98422,,98422,,40,121,0.005684,0.12463,0.69572,4518,794862.7727,37.33884298,1,0,"{timeout:21600,max_col_multiplier:1,age_limit:4,random_seed:0,replication:1,num_threads:128,set_partition:false}",-1
d401600.json.gz,d,40,1600,MipTemplate,highs,MTFarkas,1,478,97105,97384,0.286494701,97105,366.000038,280,2017,35.910266,421.565452,458.279369,79860,2223.876593,4.017035428,1,0,"{timeout:21600,max_col_multiplier:1,age_limit:4,random_seed:0,replication:1,num_threads:128,set_partition:false}",2
d401600.json.gz,d,40,1600,MipTemplate,highs,MTFarkas,1,478,97105,97384,0.286494701,97105,366.000038,280,2017,35.910266,421.565452,458.279371,79860,2223.876593,4.017035428,1,0,"{timeout:21600,max_col_multiplier:1,age_limit:4,random_seed:0,replication:1,num_threads:128,set_partition:false}",1
d401600.json.gz,d,40,1600,MipTemplate,highs,MTFarkas,2,5,97105,98380,,98380,,40,160,0.008268,0.177505,0.755796,4557,551161.103,28.48125,1,0,"{timeout:21600,max_col_multiplier:1,age_limit:4,random_seed:101,replication:2,num_threads:128,set_partition:false}",-1
d401600.json.gz,d,40,1600,MipTemplate,highs,MTFarkas,2,508,97105,97372,0.274206137,97105,307.0000013,264,1934,35.9786,405.352542,442.152321,82797,2301.284653,3.916290191,1,0,"{timeout:21600,max_col_multiplier:1,age_limit:4,random_seed:101,replication:2,num_threads:128,set_partition:false}",2
d401600.json.gz,d,40,1600,MipTemplate,highs,MTFarkas,2,508,97105,97372,0.274206137,97105,307.0000013,264,1934,35.9786,405.352542,442.152323,82797,2301.284653,3.916290191,1,0,"{timeout:21600,max_col_multiplier:1,age_limit:4,random_seed:101,replication:2,num_threads:128,set_partition:false}",1
d401600.json.gz,d,40,1600,MipTemplate,highs,MTFarkas,3,4,97105,98476,,98476,,40,120,0.006017,0.147375,0.716069,4553,756689.3801,37.94166667,1,0,"{timeout:21600,max_col_multiplier:1,age_limit:4,random_seed:2,replication:3,num_threads:128,set_partition:false}",-1
d401600.json.gz,d,40,1600,MipTemplate,highs,MTFarkas,3,514,97105,97330,0.2311723,97105,321.0000001,275,1957,41.890767,385.097971,427.810972,87428,2087.04701,4.101588846,1,0,"{timeout:21600,max_col_multiplier:1,age_limit:4,random_seed:2,replication:3,num_threads:128,set_partition:false}",2
d401600.json.gz,d,40,1600,MipTemplate,highs,MTFarkas,3,514,97105,97330,0.2311723,97105,321.0000001,275,1957,41.890767,385.097971,427.810973,87428,2087.04701,4.101588846,1,0,"{timeout:21600,max_col_multiplier:1,age_limit:4,random_seed:2,replication:3,num_threads:128,set_partition:false}",1
d401600.json.gz,d,40,1600,MipTemplate,highs,MTFarkas,4,5,97105,98445,,98445,,40,160,0.008242,0.178938,0.750264,4539,550715.8457,28.36875,1,0,"{timeout:21600,max_col_multiplier:1,age_limit:4,random_seed:3,replication:4,num_threads:128,set_partition:false}",-1
d401600.json.gz,d,40,1600,MipTemplate,highs,MTFarkas,4,462,97105,97397,0.299803895,97105,832.5000007,246,1970,34.939042,343.066221,378.807519,78748,2253.868323,4.074937909,1,0,"{timeout:21600,max_col_multiplier:1,age_limit:4,random_seed:3,replication:4,num_threads:128,set_partition:false}",2
d401600.json.gz,d,40,1600,MipTemplate,highs,MTFarkas,4,462,97105,97397,0.299803895,97105,832.5000007,246,1970,34.939042,343.066221,378.807521,78748,2253.868323,4.074937909,1,0,"{timeout:21600,max_col_multiplier:1,age_limit:4,random_seed:3,replication:4,num_threads:128,set_partition:false}",1
d401600.json.gz,d,40,1600,MipTemplate,highs,MTFarkas,5,5,97105,98383,,98383,,40,161,0.007753,0.165619,0.758663,4551,586998.5812,28.26708075,1,0,"{timeout:21600,max_col_multiplier:1,age_limit:4,random_seed:4,replication:5,num_threads:128,set_partition:false}",-1
d401600.json.gz,d,40,1600,MipTemplate,highs,MTFarkas,5,509,97105,97293,0.193230757,97105,304.0000001,271,1982,40.487733,470.622567,511.966943,90596,2237.616021,4.276755631,1,0,"{timeout:21600,max_col_multiplier:1,age_limit:4,random_seed:4,replication:5,num_threads:128,set_partition:false}",2
d401600.json.gz,d,40,1600,MipTemplate,highs,MTFarkas,5,509,97105,97293,0.193230757,97105,304.0000001,271,1982,40.487733,470.622567,511.966945,90596,2237.616021,4.276755631,1,0,"{timeout:21600,max_col_multiplier:1,age_limit:4,random_seed:4,replication:5,num_threads:128,set_partition:false}",1
d40400.json.gz,d,40,400,MipTemplate,highs,MTFarkas,1,4,24347.60829,25530,,25530,,40,120,0.00211,0.096187,0.200637,1508,714691.9431,12.56666667,1,0,"{timeout:21600,max_col_multiplier:1,age_limit:2,random_seed:0,replication:1,num_threads:128,set_partition:false}",-1
d40400.json.gz,d,40,400,MipTemplate,highs,MTFarkas,1,208,24349.5,24595,0.996137426,24349.5,0,234,442,2.060757,98.369064,100.579875,29139,14139.94954,3.442741035,1,0,"{timeout:21600,max_col_multiplier:1,age_limit:2,random_seed:0,replication:1,num_threads:128,set_partition:false}",2
d40400.json.gz,d,40,400,MipTemplate,highs,MTFarkas,1,208,24349.5,24595,0.996137426,24349.5,0,234,442,2.060757,98.369064,100.579877,29139,14139.94954,3.442741035,1,0,"{timeout:21600,max_col_multiplier:1,age_limit:2,random_seed:0,replication:1,num_threads:128,set_partition:false}",1
d40400.json.gz,d,40,400,MipTemplate,highs,MTFarkas,2,4,24347.60829,25588,,25588,,40,121,0.001969,0.093443,0.199453,1518,770949.7207,12.54545455,1,0,"{timeout:21600,max_col_multiplier:1,age_limit:2,random_seed:1,replication:2,num_threads:128,set_partition:false}",-1
d40400.json.gz,d,40,400,MipTemplate,highs,MTFarkas,2,191,24349.5,24482,0.539171636,24349.5,0,229,542,1.826247,94.931027,96.904649,29312,16050.40282,3.721701478,1,0,"{timeout:21600,max_col_multiplier:1,age_limit:2,random_seed:1,replication:2,num_threads:128,set_partition:false}",2
d40400.json.gz,d,40,400,MipTemplate,highs,MTFarkas,2,191,24349.5,24482,0.539171636,24349.5,0,229,542,1.826247,94.931027,96.90465,29312,16050.40282,3.721701478,1,0,"{timeout:21600,max_col_multiplier:1,age_limit:2,random_seed:1,replication:2,num_threads:128,set_partition:false}",1
d40400.json.gz,d,40,400,MipTemplate,highs,MTFarkas,3,4,24347.60829,25541,,25541,,40,120,0.002644,0.093495,0.2,1522,575642.9652,12.68333333,1,0,"{timeout:21600,max_col_multiplier:1,age_limit:2,random_seed:2,replication:3,num_threads:128,set_partition:false}",-1
d40400.json.gz,d,40,400,MipTemplate,highs,MTFarkas,3,194,24349.25,24596,1.000162628,24349.5,0.25,233,443,1.733779,97.250594,99.131231,27396,15801.32185,3.441138538,1,0,"{timeout:21600,max_col_multiplier:1,age_limit:2,random_seed:2,replication:3,num_threads:128,set_partition:false}",2
d40400.json.gz,d,40,400,MipTemplate,highs,MTFarkas,3,194,24349.25,24596,1.000162628,24349.5,0.25,233,443,1.733779,97.250594,99.131233,27396,15801.32185,3.441138538,1,0,"{timeout:21600,max_col_multiplier:1,age_limit:2,random_seed:2,replication:3,num_threads:128,set_partition:false}",1
d40400.json.gz,d,40,400,MipTemplate,highs,MTFarkas,4,4,24347.60829,25590,,25590,,40,121,0.00214,0.111152,0.216111,1510,705607.4766,12.47933884,1,0,"{timeout:21600,max_col_multiplier:1,age_limit:2,random_seed:3,replication:4,num_threads:128,set_partition:false}",-1
d40400.json.gz,d,40,400,MipTemplate,highs,MTFarkas,4,184,24349.5,24556,0.838898843,24349.5,0,235,443,1.794323,84.825316,86.76433,27206,15162.26454,3.584138121,1,0,"{timeout:21600,max_col_multiplier:1,age_limit:2,random_seed:3,replication:4,num_threads:128,set_partition:false}",2
d40400.json.gz,d,40,400,MipTemplate,highs,MTFarkas,4,184,24349.5,24556,0.838898843,24349.5,0,235,443,1.794323,84.825316,86.764331,27206,15162.26454,3.584138121,1,0,"{timeout:21600,max_col_multiplier:1,age_limit:2,random_seed:3,replication:4,num_threads:128,set_partition:false}",1
d40400.json.gz,d,40,400,MipTemplate,highs,MTFarkas,5,4,24347.60829,25548,,25548,,40,120,0.002917,0.088888,0.194929,1520,521083.3048,12.66666667,1,0,"{timeout:21600,max_col_multiplier:1,age_limit:2,random_seed:4,replication:5,num_threads:128,set_partition:false}",-1
d40400.json.gz,d,40,400,MipTemplate,highs,MTFarkas,5,196,24349.25,24657,1.245082532,24349.5,0.25,237,446,1.850205,101.221371,103.218247,28782,15556.11405,3.594154516,1,0,"{timeout:21600,max_col_multiplier:1,age_limit:2,random_seed:4,replication:5,num_threads:128,set_partition:false}",2
d40400.json.gz,d,40,400,MipTemplate,highs,MTFarkas,5,196,24349.25,24657,1.245082532,24349.5,0.25,237,446,1.850205,101.221371,103.218248,28782,15556.11405,3.594154516,1,0,"{timeout:21600,max_col_multiplier:1,age_limit:2,random_seed:4,replication:5,num_threads:128,set_partition:false}",1
d60900.json.gz,d,60,900,MipTemplate,highs,MTFarkas,1,4,54551,56611,,56611,,60,180,0.004343,0.117801,0.573766,3032,698134.9298,16.84444444,1,0,"{timeout:21600,max_col_multiplier:1,age_limit:2,random_seed:0,replication:1,num_threads:128,set_partition:false}",-1
d60900.json.gz,d,60,900,MipTemplate,highs,MTFarkas,1,244,54551,54859,0.561439326,54551,155,390,1226,6.591788,144.673948,151.816308,58371,8855.108811,3.877348108,1,0,"{timeout:21600,max_col_multiplier:1,age_limit:2,random_seed:0,replication:1,num_threads:128,set_partition:false}",2
d60900.json.gz,d,60,900,MipTemplate,highs,MTFarkas,1,244,54551,54859,0.561439326,54551,155,390,1226,6.591788,144.673948,151.81631,58371,8855.108811,3.877348108,1,0,"{timeout:21600,max_col_multiplier:1,age_limit:2,random_seed:0,replication:1,num_threads:128,set_partition:false}",1
d60900.json.gz,d,60,900,MipTemplate,highs,MTFarkas,2,4,54551,56619,,56619,,60,180,0.004887,0.144684,0.598477,3049,623900.1432,16.93888889,1,0,"{timeout:21600,max_col_multiplier:1,age_limit:2,random_seed:1,replication:2,num_threads:128,set_partition:false}",-1
d60900.json.gz,d,60,900,MipTemplate,highs,MTFarkas,2,238,54551,54813,0.477988798,54551,152.0000097,404,1231,6.748765,142.879566,150.180809,58023,8597.573037,3.954951564,1,0,"{timeout:21600,max_col_multiplier:1,age_limit:2,random_seed:1,replication:2,num_threads:128,set_partition:false}",2
d60900.json.gz,d,60,900,MipTemplate,highs,MTFarkas,2,238,54551,54813,0.477988798,54551,152.0000097,404,1231,6.748765,142.879566,150.180811,58023,8597.573037,3.954951564,1,0,"{timeout:21600,max_col_multiplier:1,age_limit:2,random_seed:1,replication:2,num_threads:128,set_partition:false}",1
d60900.json.gz,d,60,900,MipTemplate,highs,MTFarkas,3,4,54551,56657,,56657,,60,181,0.004416,0.114991,0.57139,3059,692708.3333,16.90055249,1,0,"{timeout:21600,max_col_multiplier:1,age_limit:2,random_seed:2,replication:3,num_threads:128,set_partition:false}",-1
d60900.json.gz,d,60,900,MipTemplate,highs,MTFarkas,3,252,54551,54876,0.592244333,54551,96.00000004,384,1230,6.371105,138.997215,145.921231,59024,9264.326989,3.773817345,1,0,"{timeout:21600,max_col_multiplier:1,age_limit:2,random_seed:2,replication:3,num_threads:128,set_partition:false}",2
d60900.json.gz,d,60,900,MipTemplate,highs,MTFarkas,3,252,54551,54876,0.592244333,54551,96.00000004,384,1230,6.371105,138.997215,145.921233,59024,9264.326989,3.773817345,1,0,"{timeout:21600,max_col_multiplier:1,age_limit:2,random_seed:2,replication:3,num_threads:128,set_partition:false}",1
d60900.json.gz,d,60,900,MipTemplate,highs,MTFarkas,4,5,54551,56705,,56705,,60,240,0.005342,0.198873,0.654936,3083,577124.6724,12.84583333,1,0,"{timeout:21600,max_col_multiplier:1,age_limit:2,random_seed:3,replication:4,num_threads:128,set_partition:false}",-1
d60900.json.gz,d,60,900,MipTemplate,highs,MTFarkas,4,234,54551,54941,0.709852387,54551,136.0000002,376,1233,6.182082,136.096937,142.825665,55275,8941.16254,3.768785613,1,0,"{timeout:21600,max_col_multiplier:1,age_limit:2,random_seed:3,replication:4,num_threads:128,set_partition:false}",2
d60900.json.gz,d,60,900,MipTemplate,highs,MTFarkas,4,234,54551,54941,0.709852387,54551,136.0000002,376,1233,6.182082,136.096937,142.825667,55275,8941.16254,3.768785613,1,0,"{timeout:21600,max_col_multiplier:1,age_limit:2,random_seed:3,replication:4,num_threads:128,set_partition:false}",1
d60900.json.gz,d,60,900,MipTemplate,highs,MTFarkas,5,4,54551,56672,,56672,,60,180,0.003614,0.123848,0.578384,3065,848090.7582,17.02777778,1,0,"{timeout:21600,max_col_multiplier:1,age_limit:2,random_seed:4,replication:5,num_threads:128,set_partition:false}",-1
d60900.json.gz,d,60,900,MipTemplate,highs,MTFarkas,5,235,54551,54869,0.57956223,54551,143.0000003,378,1251,6.133284,126.895741,133.575305,54470,8881.049695,3.712387707,1,0,"{timeout:21600,max_col_multiplier:1,age_limit:2,random_seed:4,replication:5,num_threads:128,set_partition:false}",2
d60900.json.gz,d,60,900,MipTemplate,highs,MTFarkas,5,235,54551,54869,0.57956223,54551,143.0000003,378,1251,6.133284,126.895741,133.575307,54470,8881.049695,3.712387707,1,0,"{timeout:21600,max_col_multiplier:1,age_limit:2,random_seed:4,replication:5,num_threads:128,set_partition:false}",1
d801600.json.gz,d,80,1600,MipTemplate,highs,MTFarkas,1,5,97034,99558,,99558,,80,321,0.009435,0.270105,1.513978,4790,507684.1547,14.92211838,1,0,"{timeout:21600,max_col_multiplier:1,age_limit:2,random_seed:0,replication:1,num_threads:128,set_partition:false}",-1
d801600.json.gz,d,80,1600,MipTemplate,highs,MTFarkas,1,338,97034,97484,0.461614214,97034,31.00000147,564,1956,19.337406,276.977879,297.768619,105849,5473.795193,3.808889628,1,0,"{timeout:21600,max_col_multiplier:1,age_limit:2,random_seed:0,replication:1,num_threads:128,set_partition:false}",2
d801600.json.gz,d,80,1600,MipTemplate,highs,MTFarkas,1,338,97034,97484,0.461614214,97034,31.00000147,564,1956,19.337406,276.977879,297.76862,105849,5473.795193,3.808889628,1,0,"{timeout:21600,max_col_multiplier:1,age_limit:2,random_seed:0,replication:1,num_threads:128,set_partition:false}",1
d801600.json.gz,d,80,1600,MipTemplate,highs,MTFarkas,2,4,97034,99529,,99529,,80,241,0.005909,0.181015,1.415839,4725,799627.6866,19.60580913,1,0,"{timeout:21600,max_col_multiplier:1,age_limit:2,random_seed:1,replication:2,num_threads:128,set_partition:false}",-1
d801600.json.gz,d,80,1600,MipTemplate,highs,MTFarkas,2,354,97034,97319,0.292851345,97034,27.00000001,573,1920,19.958949,296.920589,318.342982,109796,5501.091265,3.788135087,1,0,"{timeout:21600,max_col_multiplier:1,age_limit:2,random_seed:1,replication:2,num_threads:128,set_partition:false}",2
d801600.json.gz,d,80,1600,MipTemplate,highs,MTFarkas,2,354,97034,97319,0.292851345,97034,27.00000001,573,1920,19.958949,296.920589,318.342983,109796,5501.091265,3.788135087,1,0,"{timeout:21600,max_col_multiplier:1,age_limit:2,random_seed:1,replication:2,num_threads:128,set_partition:false}",1
d801600.json.gz,d,80,1600,MipTemplate,highs,MTFarkas,3,4,97034,99608,,99608,,80,241,0.006583,0.173337,1.416454,4767,724137.931,19.78008299,1,0,"{timeout:21600,max_col_multiplier:1,age_limit:2,random_seed:2,replication:3,num_threads:128,set_partition:false}",-1
d801600.json.gz,d,80,1600,MipTemplate,highs,MTFarkas,3,306,97034,97409,0.384974694,97034,166.0000105,563,2094,18.52449,258.831347,278.794382,101932,5502.553647,4.032286376,1,0,"{timeout:21600,max_col_multiplier:1,age_limit:2,random_seed:2,replication:3,num_threads:128,set_partition:false}",2
d801600.json.gz,d,80,1600,MipTemplate,highs,MTFarkas,3,306,97034,97409,0.384974694,97034,166.0000105,563,2094,18.52449,258.831347,278.794384,101932,5502.553647,4.032286376,1,0,"{timeout:21600,max_col_multiplier:1,age_limit:2,random_seed:2,replication:3,num_threads:128,set_partition:false}",1
d801600.json.gz,d,80,1600,MipTemplate,highs,MTFarkas,4,4,97034,99589,,99589,,80,241,0.006526,0.163298,1.407837,4746,727244.8667,19.69294606,1,0,"{timeout:21600,max_col_multiplier:1,age_limit:2,random_seed:3,replication:4,num_threads:128,set_partition:false}",-1
d801600.json.gz,d,80,1600,MipTemplate,highs,MTFarkas,4,295,97034,97397,0.372701418,97034,350,541,2106,18.707641,247.212367,267.36389,103227,5517.905758,4.240458086,1,0,"{timeout:21600,max_col_multiplier:1,age_limit:2,random_seed:3,replication:4,num_threads:128,set_partition:false}",2
d801600.json.gz,d,80,1600,MipTemplate,highs,MTFarkas,4,295,97034,97397,0.372701418,97034,350,541,2106,18.707641,247.212367,267.363891,103227,5517.905758,4.240458086,1,0,"{timeout:21600,max_col_multiplier:1,age_limit:2,random_seed:3,replication:4,num_threads:128,set_partition:false}",1
d801600.json.gz,d,80,1600,MipTemplate,highs,MTFarkas,5,4,97034,99615,,99615,,80,240,0.006416,0.176544,1.418908,4760,741895.2618,19.83333333,1,0,"{timeout:21600,max_col_multiplier:1,age_limit:2,random_seed:4,replication:5,num_threads:128,set_partition:false}",-1
d801600.json.gz,d,80,1600,MipTemplate,highs,MTFarkas,5,315,97034,97380,0.355309098,97034,158.0000009,559,2034,20.033294,261.371553,282.853769,107235,5352.839129,4.16991092,1,0,"{timeout:21600,max_col_multiplier:1,age_limit:2,random_seed:4,replication:5,num_threads:128,set_partition:false}",2
d801600.json.gz,d,80,1600,MipTemplate,highs,MTFarkas,5,315,97034,97380,0.355309098,97034,158.0000009,559,2034,20.033294,261.371553,282.853771,107235,5352.839129,4.16991092,1,0,"{timeout:21600,max_col_multiplier:1,age_limit:2,random_seed:4,replication:5,num_threads:128,set_partition:false}",1
e05100.json.gz,e,5,100,MipTemplate,highs,MTFarkas,1,3,12641.41913,13723,,13723,,5,10,0.000409,0.003921,0.007674,224,547677.2616,22.4,1,0,"{timeout:21600,max_col_multiplier:1,age_limit:2,random_seed:0,replication:1,num_threads:128,set_partition:false}",-1
e05100.json.gz,e,5,100,MipTemplate,highs,MTFarkas,1,208,12673.04695,12791,0.914705652,12673.04695,0,34,109,0.169412,34.006723,34.189474,1549,9143.390079,1.452403846,1,0,"{timeout:21600,max_col_multiplier:1,age_limit:2,random_seed:0,replication:1,num_threads:128,set_partition:false}",2
e05100.json.gz,e,5,100,MipTemplate,highs,MTFarkas,1,208,12673.04695,12791,0.914705652,12673.04695,0,34,109,0.169412,34.006723,34.189476,1549,9143.390079,1.452403846,1,0,"{timeout:21600,max_col_multiplier:1,age_limit:2,random_seed:0,replication:1,num_threads:128,set_partition:false}",1
e05100.json.gz,e,5,100,MipTemplate,highs,MTFarkas,2,4,12641.41913,14054,,14054,,5,15,0.001046,0.017197,0.021843,231,220841.3002,15.4,1,0,"{timeout:21600,max_col_multiplier:1,age_limit:2,random_seed:1,replication:2,num_threads:128,set_partition:false}",-1
e05100.json.gz,e,5,100,MipTemplate,highs,MTFarkas,2,276,12673.02817,12763,0.697328214,12673.04695,0.018779343,34,108,0.253715,51.922076,52.192469,1747,6885.678813,1.383514493,1,0,"{timeout:21600,max_col_multiplier:1,age_limit:2,random_seed:1,replication:2,num_threads:128,set_partition:false}",2
e05100.json.gz,e,5,100,MipTemplate,highs,MTFarkas,2,276,12673.02817,12763,0.697328214,12673.04695,0.018779343,34,108,0.253715,51.922076,52.19247,1747,6885.678813,1.383514493,1,0,"{timeout:21600,max_col_multiplier:1,age_limit:2,random_seed:1,replication:2,num_threads:128,set_partition:false}",1
e05100.json.gz,e,5,100,MipTemplate,highs,MTFarkas,3,5,12641.41913,13723,,13723,,5,20,0.000821,0.043258,0.047657,238,289890.3776,11.9,1,0,"{timeout:21600,max_col_multiplier:1,age_limit:2,random_seed:2,replication:3,num_threads:128,set_partition:false}",-1
e05100.json.gz,e,5,100,MipTemplate,highs,MTFarkas,3,228,12673.02817,12854,1.400342306,12673.04695,0.018779343,34,108,0.203701,38.303335,38.522135,1527,7496.281314,1.303216374,1,0,"{timeout:21600,max_col_multiplier:1,age_limit:2,random_seed:2,replication:3,num_threads:128,set_partition:false}",2
e05100.json.gz,e,5,100,MipTemplate,highs,MTFarkas,3,228,12673.02817,12854,1.400342306,12673.04695,0.018779343,34,108,0.203701,38.303335,38.522136,1527,7496.281314,1.303216374,1,0,"{timeout:21600,max_col_multiplier:1,age_limit:2,random_seed:2,replication:3,num_threads:128,set_partition:false}",1
e05100.json.gz,e,5,100,MipTemplate,highs,MTFarkas,4,3,12641.41913,13723,,13723,,5,10,0.000415,0.003892,0.007711,225,542168.6747,22.5,1,0,"{timeout:21600,max_col_multiplier:1,age_limit:2,random_seed:3,replication:4,num_threads:128,set_partition:false}",-1
e05100.json.gz,e,5,100,MipTemplate,highs,MTFarkas,4,258,12673.02817,12753,0.619462087,12673.04695,0.018779343,34,108,0.215648,40.125375,40.356784,1777,8240.280457,1.476937984,1,0,"{timeout:21600,max_col_multiplier:1,age_limit:2,random_seed:3,replication:4,num_threads:128,set_partition:false}",2
e05100.json.gz,e,5,100,MipTemplate,highs,MTFarkas,4,258,12673.02817,12753,0.619462087,12673.04695,0.018779343,34,108,0.215648,40.125375,40.356785,1777,8240.280457,1.476937984,1,0,"{timeout:21600,max_col_multiplier:1,age_limit:2,random_seed:3,replication:4,num_threads:128,set_partition:false}",1
e05100.json.gz,e,5,100,MipTemplate,highs,MTFarkas,5,3,12641.41913,13723,,13723,,5,10,0.000437,0.003838,0.007684,224,512585.8124,22.4,1,0,"{timeout:21600,max_col_multiplier:1,age_limit:2,random_seed:4,replication:5,num_threads:128,set_partition:false}",-1
e05100.json.gz,e,5,100,MipTemplate,highs,MTFarkas,5,331,12673.02817,12708,0.267548001,12673.04695,0.018779343,34,108,0.315173,52.60074,52.935923,2582,8192.326119,1.58408862,1,0,"{timeout:21600,max_col_multiplier:1,age_limit:2,random_seed:4,replication:5,num_threads:128,set_partition:false}",2
e05100.json.gz,e,5,100,MipTemplate,highs,MTFarkas,5,331,12673.02817,12708,0.267548001,12673.04695,0.018779343,34,108,0.315173,52.60074,52.935924,2582,8192.326119,1.58408862,1,0,"{timeout:21600,max_col_multiplier:1,age_limit:2,random_seed:4,replication:5,num_threads:128,set_partition:false}",1
e05200.json.gz,e,5,200,MipTemplate,highs,MTFarkas,1,4,24922,25242,,25242,,5,15,0.001365,0.07067,0.086082,452,331135.5311,30.13333333,1,0,"{timeout:21600,max_col_multiplier:1,age_limit:4,random_seed:0,replication:1,num_threads:128,set_partition:false}",-1
e05200.json.gz,e,5,200,MipTemplate,highs,MTFarkas,1,425,24926.5,25000,0.292,24926.64286,0.142857143,23,211,1.040504,63.341773,64.424481,3340,3209.982854,1.510196078,1,0,"{timeout:21600,max_col_multiplier:1,age_limit:4,random_seed:0,replication:1,num_threads:128,set_partition:false}",2
e05200.json.gz,e,5,200,MipTemplate,highs,MTFarkas,1,425,24926.5,25000,0.292,24926.64286,0.142857143,23,211,1.040504,63.341773,64.424482,3340,3209.982854,1.510196078,1,0,"{timeout:21600,max_col_multiplier:1,age_limit:4,random_seed:0,replication:1,num_threads:128,set_partition:false}",1
e05200.json.gz,e,5,200,MipTemplate,highs,MTFarkas,2,5,24922,25242,,25242,,5,20,0.001819,0.064466,0.080387,461,253435.9538,23.05,1,0,"{timeout:21600,max_col_multiplier:1,age_limit:4,random_seed:1,replication:2,num_threads:128,set_partition:false}",-1
e05200.json.gz,e,5,200,MipTemplate,highs,MTFarkas,2,488,24926.64286,24961,0.136212491,24926.64286,0,26,209,1.10149,79.613066,80.761618,4046,3673.206293,1.554064208,1,0,"{timeout:21600,max_col_multiplier:1,age_limit:4,random_seed:1,replication:2,num_threads:128,set_partition:false}",2
e05200.json.gz,e,5,200,MipTemplate,highs,MTFarkas,2,488,24926.64286,24961,0.136212491,24926.64286,0,26,209,1.10149,79.613066,80.76162,4046,3673.206293,1.554064208,1,0,"{timeout:21600,max_col_multiplier:1,age_limit:4,random_seed:1,replication:2,num_threads:128,set_partition:false}",1
e05200.json.gz,e,5,200,MipTemplate,highs,MTFarkas,3,6,24922,25200,,25200,,5,25,0.002493,0.106815,0.123391,461,184917.7698,18.44,1,0,"{timeout:21600,max_col_multiplier:1,age_limit:4,random_seed:2,replication:3,num_threads:128,set_partition:false}",-1
e05200.json.gz,e,5,200,MipTemplate,highs,MTFarkas,3,670,24926.05952,24938,0.044109391,24926.64286,0.583333333,28,210,1.677158,142.237911,143.974148,4551,2713.518941,1.424064677,1,0,"{timeout:21600,max_col_multiplier:1,age_limit:4,random_seed:2,replication:3,num_threads:128,set_partition:false}",2
e05200.json.gz,e,5,200,MipTemplate,highs,MTFarkas,3,670,24926.05952,24938,0.044109391,24926.64286,0.583333333,28,210,1.677158,142.237911,143.974149,4551,2713.518941,1.424064677,1,0,"{timeout:21600,max_col_multiplier:1,age_limit:4,random_seed:2,replication:3,num_threads:128,set_partition:false}",1
e05200.json.gz,e,5,200,MipTemplate,highs,MTFarkas,4,5,24922,25279,,25279,,5,20,0.002119,0.078726,0.094733,451,212836.2435,22.55,1,0,"{timeout:21600,max_col_multiplier:1,age_limit:4,random_seed:3,replication:4,num_threads:128,set_partition:false}",-1
e05200.json.gz,e,5,200,MipTemplate,highs,MTFarkas,4,513,24926.45238,25021,0.375684425,24926.64286,0.19047619,28,210,1.113478,93.154328,94.314634,3718,3339.087077,1.467186485,1,0,"{timeout:21600,max_col_multiplier:1,age_limit:4,random_seed:3,replication:4,num_threads:128,set_partition:false}",2
e05200.json.gz,e,5,200,MipTemplate,highs,MTFarkas,4,513,24926.45238,25021,0.375684425,24926.64286,0.19047619,28,210,1.113478,93.154328,94.314635,3718,3339.087077,1.467186485,1,0,"{timeout:21600,max_col_multiplier:1,age_limit:4,random_seed:3,replication:4,num_threads:128,set_partition:false}",1
e05200.json.gz,e,5,200,MipTemplate,highs,MTFarkas,5,3,24922,25242,,25242,,5,10,0.000988,0.017999,0.032823,445,450404.8583,44.5,1,0,"{timeout:21600,max_col_multiplier:1,age_limit:4,random_seed:4,replication:5,num_threads:128,set_partition:false}",-1
e05200.json.gz,e,5,200,MipTemplate,highs,MTFarkas,5,615,24926.5,24952,0.100192369,24926.64286,0.142857143,21,215,1.344077,107.602278,109.002079,5249,3905.282212,1.674742547,1,0,"{timeout:21600,max_col_multiplier:1,age_limit:4,random_seed:4,replication:5,num_threads:128,set_partition:false}",2
e05200.json.gz,e,5,200,MipTemplate,highs,MTFarkas,5,615,24926.5,24952,0.100192369,24926.64286,0.142857143,21,215,1.344077,107.602278,109.00208,5249,3905.282212,1.674742547,1,0,"{timeout:21600,max_col_multiplier:1,age_limit:4,random_seed:4,replication:5,num_threads:128,set_partition:false}",1
e10100.json.gz,e,10,100,MipTemplate,highs,MTFarkas,1,4,11543.05425,12664,,12664,,10,30,0.001304,0.069254,0.088092,442,338957.0552,14.73333333,1,0,"{timeout:21600,max_col_multiplier:1,age_limit:2,random_seed:0,replication:1,num_threads:128,set_partition:false}",-1
e10100.json.gz,e,10,100,MipTemplate,highs,MTFarkas,1,128,11568.02252,11606,0.31880062,11568.02252,0,57,115,0.112731,13.316077,13.454856,2340,20757.37818,1.654299975,1,0,"{timeout:21600,max_col_multiplier:1,age_limit:2,random_seed:0,replication:1,num_threads:128,set_partition:false}",2
e10100.json.gz,e,10,100,MipTemplate,highs,MTFarkas,1,128,11568.02252,11606,0.31880062,11568.02252,0,57,115,0.112731,13.316077,13.454857,2340,20757.37818,1.654299975,1,0,"{timeout:21600,max_col_multiplier:1,age_limit:2,random_seed:0,replication:1,num_threads:128,set_partition:false}",1
e10100.json.gz,e,10,100,MipTemplate,highs,MTFarkas,2,3,11543.05425,12455,,12455,,10,20,0.000676,0.031337,0.049211,429,634615.3846,21.45,1,0,"{timeout:21600,max_col_multiplier:1,age_limit:2,random_seed:1,replication:2,num_threads:128,set_partition:false}",-1
e10100.json.gz,e,10,100,MipTemplate,highs,MTFarkas,2,148,11568.02252,11622,0.456031664,11568.02252,0,58,112,0.129039,16.178073,16.334173,2621,20311.68871,1.706786251,1,0,"{timeout:21600,max_col_multiplier:1,age_limit:2,random_seed:1,replication:2,num_threads:128,set_partition:false}",2
e10100.json.gz,e,10,100,MipTemplate,highs,MTFarkas,2,148,11568.02252,11622,0.456031664,11568.02252,0,58,112,0.129039,16.178073,16.334174,2621,20311.68871,1.706786251,1,0,"{timeout:21600,max_col_multiplier:1,age_limit:2,random_seed:1,replication:2,num_threads:128,set_partition:false}",1
e10100.json.gz,e,10,100,MipTemplate,highs,MTFarkas,3,4,11543.05425,12136,,12136,,10,30,0.001157,0.094319,0.112543,435,375972.3423,14.5,1,0,"{timeout:21600,max_col_multiplier:1,age_limit:2,random_seed:2,replication:3,num_threads:128,set_partition:false}",-1
e10100.json.gz,e,10,100,MipTemplate,highs,MTFarkas,3,119,11568.02252,11761,1.632514242,11568.02252,0,58,117,0.106715,13.625097,13.75694,2129,19950.335,1.708570095,1,0,"{timeout:21600,max_col_multiplier:1,age_limit:2,random_seed:2,replication:3,num_threads:128,set_partition:false}",2
e10100.json.gz,e,10,100,MipTemplate,highs,MTFarkas,3,119,11568.02252,11761,1.632514242,11568.02252,0,58,117,0.106715,13.625097,13.756942,2129,19950.335,1.708570095,1,0,"{timeout:21600,max_col_multiplier:1,age_limit:2,random_seed:2,replication:3,num_threads:128,set_partition:false}",1
e10100.json.gz,e,10,100,MipTemplate,highs,MTFarkas,4,4,11543.05425,12455,,12455,,10,30,0.001418,0.063797,0.08276,439,309590.9732,14.63333333,1,0,"{timeout:21600,max_col_multiplier:1,age_limit:2,random_seed:3,replication:4,num_threads:128,set_partition:false}",-1
e10100.json.gz,e,10,100,MipTemplate,highs,MTFarkas,4,153,11568.02252,11697,1.094297683,11568.02252,0,58,118,0.132074,17.303446,17.462869,2678,20276.51165,1.707591555,1,0,"{timeout:21600,max_col_multiplier:1,age_limit:2,random_seed:3,replication:4,num_threads:128,set_partition:false}",2
e10100.json.gz,e,10,100,MipTemplate,highs,MTFarkas,4,153,11568.02252,11697,1.094297683,11568.02252,0,58,118,0.132074,17.303446,17.46287,2678,20276.51165,1.707591555,1,0,"{timeout:21600,max_col_multiplier:1,age_limit:2,random_seed:3,replication:4,num_threads:128,set_partition:false}",1
e10100.json.gz,e,10,100,MipTemplate,highs,MTFarkas,5,4,11543.05425,12268,,12268,,10,30,0.001083,0.095473,0.104553,438,404432.133,14.6,1,0,"{timeout:21600,max_col_multiplier:1,age_limit:2,random_seed:4,replication:5,num_threads:128,set_partition:false}",-1
e10100.json.gz,e,10,100,MipTemplate,highs,MTFarkas,5,154,11568.02252,11603,0.293027665,11568.02252,0,58,116,0.135981,18.522757,18.676636,2754,20252.82944,1.765808596,1,0,"{timeout:21600,max_col_multiplier:1,age_limit:2,random_seed:4,replication:5,num_threads:128,set_partition:false}",2
e10100.json.gz,e,10,100,MipTemplate,highs,MTFarkas,5,154,11568.02252,11603,0.293027665,11568.02252,0,58,116,0.135981,18.522757,18.676638,2754,20252.82944,1.765808596,1,0,"{timeout:21600,max_col_multiplier:1,age_limit:2,random_seed:4,replication:5,num_threads:128,set_partition:false}",1
e10200.json.gz,e,10,200,MipTemplate,highs,MTFarkas,1,4,23293.85615,25291,,25291,,10,30,0.001287,0.044457,0.080669,773,600621.6006,25.76666667,1,0,"{timeout:21600,max_col_multiplier:1,age_limit:2,random_seed:0,replication:1,num_threads:128,set_partition:false}",-1
e10200.json.gz,e,10,200,MipTemplate,highs,MTFarkas,1,318,23302.04956,23345,0.179910045,23302.04956,0,60,212,0.536668,36.179193,36.776285,5415,10090.03704,1.613912599,1,0,"{timeout:21600,max_col_multiplier:1,age_limit:2,random_seed:0,replication:1,num_threads:128,set_partition:false}",2
e10200.json.gz,e,10,200,MipTemplate,highs,MTFarkas,1,318,23302.04956,23345,0.179910045,23302.04956,0,60,212,0.536668,36.179193,36.776287,5415,10090.03704,1.613912599,1,0,"{timeout:21600,max_col_multiplier:1,age_limit:2,random_seed:0,replication:1,num_threads:128,set_partition:false}",1
e10200.json.gz,e,10,200,MipTemplate,highs,MTFarkas,2,4,23293.85615,25994,,25994,,10,30,0.001668,0.041685,0.079015,770,461630.6954,25.66666667,1,0,"{timeout:21600,max_col_multiplier:1,age_limit:2,random_seed:1,replication:2,num_threads:128,set_partition:false}",-1
e10200.json.gz,e,10,200,MipTemplate,highs,MTFarkas,2,261,23302.04956,23315,0.051469011,23302.04956,0,60,212,0.484535,29.03224,29.574441,4655,9607.149122,1.669254394,1,0,"{timeout:21600,max_col_multiplier:1,age_limit:2,random_seed:1,replication:2,num_threads:128,set_partition:false}",2
e10200.json.gz,e,10,200,MipTemplate,highs,MTFarkas,2,261,23302.04956,23315,0.051469011,23302.04956,0,60,212,0.484535,29.03224,29.574443,4655,9607.149122,1.669254394,1,0,"{timeout:21600,max_col_multiplier:1,age_limit:2,random_seed:1,replication:2,num_threads:128,set_partition:false}",1
e10200.json.gz,e,10,200,MipTemplate,highs,MTFarkas,3,4,23293.85615,25565,,25565,,10,30,0.001488,0.040134,0.075589,770,517473.1183,25.66666667,1,0,"{timeout:21600,max_col_multiplier:1,age_limit:2,random_seed:2,replication:3,num_threads:128,set_partition:false}",-1
e10200.json.gz,e,10,200,MipTemplate,highs,MTFarkas,3,397,23302.04956,23323,0.085752262,23302.04956,0,60,212,0.751597,44.635245,45.453224,6044,8041.54354,1.567695214,1,0,"{timeout:21600,max_col_multiplier:1,age_limit:2,random_seed:2,replication:3,num_threads:128,set_partition:false}",2
e10200.json.gz,e,10,200,MipTemplate,highs,MTFarkas,3,397,23302.04956,23323,0.085752262,23302.04956,0,60,212,0.751597,44.635245,45.453225,6044,8041.54354,1.567695214,1,0,"{timeout:21600,max_col_multiplier:1,age_limit:2,random_seed:2,replication:3,num_threads:128,set_partition:false}",1
e10200.json.gz,e,10,200,MipTemplate,highs,MTFarkas,4,5,23293.85615,26246,,26246,,10,40,0.00187,0.099799,0.118057,785,419786.0963,19.625,1,0,"{timeout:21600,max_col_multiplier:1,age_limit:2,random_seed:3,replication:4,num_threads:128,set_partition:false}",-1
e10200.json.gz,e,10,200,MipTemplate,highs,MTFarkas,4,296,23302.04956,23339,0.154248254,23302.04956,0,60,212,0.534142,31.632524,32.207256,5425,10156.47524,1.696903153,1,0,"{timeout:21600,max_col_multiplier:1,age_limit:2,random_seed:3,replication:4,num_threads:128,set_partition:false}",2
e10200.json.gz,e,10,200,MipTemplate,highs,MTFarkas,4,296,23302.04956,23339,0.154248254,23302.04956,0,60,212,0.534142,31.632524,32.207257,5425,10156.47524,1.696903153,1,0,"{timeout:21600,max_col_multiplier:1,age_limit:2,random_seed:3,replication:4,num_threads:128,set_partition:false}",1
e10200.json.gz,e,10,200,MipTemplate,highs,MTFarkas,5,4,23293.85615,26827,,26827,,10,31,0.001695,0.052002,0.088351,779,459587.0206,25.12903226,1,0,"{timeout:21600,max_col_multiplier:1,age_limit:2,random_seed:4,replication:5,num_threads:128,set_partition:false}",-1
e10200.json.gz,e,10,200,MipTemplate,highs,MTFarkas,5,282,23302.04956,23364,0.261085431,23302.04956,0,60,212,0.478829,31.610023,32.146309,4644,9698.660691,1.557455479,1,0,"{timeout:21600,max_col_multiplier:1,age_limit:2,random_seed:4,replication:5,num_threads:128,set_partition:false}",2
e10200.json.gz,e,10,200,MipTemplate,highs,MTFarkas,5,282,23302.04956,23364,0.261085431,23302.04956,0,60,212,0.478829,31.610023,32.14631,4644,9698.660691,1.557455479,1,0,"{timeout:21600,max_col_multiplier:1,age_limit:2,random_seed:4,replication:5,num_threads:128,set_partition:false}",1
e10400.json.gz,e,10,400,MipTemplate,highs,MTFarkas,1,4,45739.20722,47018,,47018,,10,30,0.001771,0.053076,0.115795,1410,796160.3614,47,1,0,"{timeout:21600,max_col_multiplier:1,age_limit:4,random_seed:0,replication:1,num_threads:128,set_partition:false}",-1
e10400.json.gz,e,10,400,MipTemplate,highs,MTFarkas,1,568,45744.04021,45973,0.495943271,45744.21134,0.171134021,54,422,3.108321,112.90742,116.144055,11270,3625.751652,1.873392438,1,0,"{timeout:21600,max_col_multiplier:1,age_limit:4,random_seed:0,replication:1,num_threads:128,set_partition:false}",2
e10400.json.gz,e,10,400,MipTemplate,highs,MTFarkas,1,568,45744.04021,45973,0.495943271,45744.21134,0.171134021,54,422,3.108321,112.90742,116.144057,11270,3625.751652,1.873392438,1,0,"{timeout:21600,max_col_multiplier:1,age_limit:4,random_seed:0,replication:1,num_threads:128,set_partition:false}",1
e10400.json.gz,e,10,400,MipTemplate,highs,MTFarkas,2,4,45739.20722,47781,,47781,,10,30,0.001731,0.053183,0.115701,1423,822068.1687,47.43333333,1,0,"{timeout:21600,max_col_multiplier:1,age_limit:4,random_seed:1,replication:2,num_threads:128,set_partition:false}",-1
e10400.json.gz,e,10,400,MipTemplate,highs,MTFarkas,2,653,45744.14863,45769,0.052437239,45744.21134,0.062714777,54,416,4.095736,135.816143,140.056643,12671,3093.705258,1.893112375,1,0,"{timeout:21600,max_col_multiplier:1,age_limit:4,random_seed:1,replication:2,num_threads:128,set_partition:false}",2
e10400.json.gz,e,10,400,MipTemplate,highs,MTFarkas,2,653,45744.14863,45769,0.052437239,45744.21134,0.062714777,54,416,4.095736,135.816143,140.056644,12671,3093.705258,1.893112375,1,0,"{timeout:21600,max_col_multiplier:1,age_limit:4,random_seed:1,replication:2,num_threads:128,set_partition:false}",1
e10400.json.gz,e,10,400,MipTemplate,highs,MTFarkas,3,4,45739.20722,47210,,47210,,10,30,0.002102,0.073173,0.137572,1414,672692.6736,47.13333333,1,0,"{timeout:21600,max_col_multiplier:1,age_limit:4,random_seed:2,replication:3,num_threads:128,set_partition:false}",-1
e10400.json.gz,e,10,400,MipTemplate,highs,MTFarkas,3,765,45744.12543,45765,0.043701519,45744.21134,0.085910653,54,418,5.074951,157.070798,162.313437,15091,2973.62477,1.913461459,1,0,"{timeout:21600,max_col_multiplier:1,age_limit:4,random_seed:2,replication:3,num_threads:128,set_partition:false}",2
e10400.json.gz,e,10,400,MipTemplate,highs,MTFarkas,3,765,45744.12543,45765,0.043701519,45744.21134,0.085910653,54,418,5.074951,157.070798,162.313438,15091,2973.62477,1.913461459,1,0,"{timeout:21600,max_col_multiplier:1,age_limit:4,random_seed:2,replication:3,num_threads:128,set_partition:false}",1
e10400.json.gz,e,10,400,MipTemplate,highs,MTFarkas,4,4,45739.20722,47775,,47775,,10,30,0.001723,0.065046,0.12928,1409,817759.7214,46.96666667,1,0,"{timeout:21600,max_col_multiplier:1,age_limit:4,random_seed:3,replication:4,num_threads:128,set_partition:false}",-1
e10400.json.gz,e,10,400,MipTemplate,highs,MTFarkas,4,942,45744.09107,45750,0.010928962,45744.21134,0.120274914,54,415,5.864737,241.932212,247.9774,21214,3617.212502,2.179022175,1,0,"{timeout:21600,max_col_multiplier:1,age_limit:4,random_seed:3,replication:4,num_threads:128,set_partition:false}",2
e10400.json.gz,e,10,400,MipTemplate,highs,MTFarkas,4,942,45744.09107,45750,0.010928962,45744.21134,0.120274914,54,415,5.864737,241.932212,247.977401,21214,3617.212502,2.179022175,1,0,"{timeout:21600,max_col_multiplier:1,age_limit:4,random_seed:3,replication:4,num_threads:128,set_partition:false}",1
e10400.json.gz,e,10,400,MipTemplate,highs,MTFarkas,5,4,45739.20722,47390,,47390,,10,30,0.001614,0.083978,0.139229,1409,872986.3693,46.96666667,1,0,"{timeout:21600,max_col_multiplier:1,age_limit:4,random_seed:4,replication:5,num_threads:128,set_partition:false}",-1
e10400.json.gz,e,10,400,MipTemplate,highs,MTFarkas,5,681,45744.09107,45760,0.03277972,45744.21134,0.120274914,54,416,4.126677,130.303969,134.57065,14422,3494.82162,2.023160385,1,0,"{timeout:21600,max_col_multiplier:1,age_limit:4,random_seed:4,replication:5,num_threads:128,set_partition:false}",2
e10400.json.gz,e,10,400,MipTemplate,highs,MTFarkas,5,681,45744.09107,45760,0.03277972,45744.21134,0.120274914,54,416,4.126677,130.303969,134.570652,14422,3494.82162,2.023160385,1,0,"{timeout:21600,max_col_multiplier:1,age_limit:4,random_seed:4,replication:5,num_threads:128,set_partition:false}",1
e15900.json.gz,e,15,900,MipTemplate,highs,MTFarkas,1,6,102416.6097,105039,,105039,,15,75,0.008061,0.210897,0.398936,3890,482570.4007,51.86666667,1,0,"{timeout:21600,max_col_multiplier:1,age_limit:6,random_seed:100,replication:1,num_threads:128,set_partition:false}",-1
e15900.json.gz,e,15,900,MipTemplate,highs,MTFarkas,1,2717,102419.0138,102424,0.003905335,102419.8992,0.885320562,81,959,92.138149,2989.284711,3082.262843,74490,808.4599138,2.304267747,1,0,"{timeout:21600,max_col_multiplier:1,age_limit:6,random_seed:100,replication:1,num_threads:128,set_partition:false}",2
e15900.json.gz,e,15,900,MipTemplate,highs,MTFarkas,1,2717,102419.0138,102424,0.003905335,102419.8992,0.885320562,81,959,92.138149,2989.284711,3082.262845,74490,808.4599138,2.304267747,1,0,"{timeout:21600,max_col_multiplier:1,age_limit:6,random_seed:100,replication:1,num_threads:128,set_partition:false}",1
e15900.json.gz,e,15,900,MipTemplate,highs,MTFarkas,2,6,102416.6097,105151,,105151,,15,75,0.007532,0.193853,0.392611,3865,513143.9193,51.53333333,1,0,"{timeout:21600,max_col_multiplier:1,age_limit:6,random_seed:1,replication:2,num_threads:128,set_partition:false}",-1
e15900.json.gz,e,15,900,MipTemplate,highs,MTFarkas,2,1452,102419.0084,102430,0.009762765,102419.8992,0.890718105,80,970,39.797358,1034.632136,1075.002004,45571,1145.076012,2.086996134,1,0,"{timeout:21600,max_col_multiplier:1,age_limit:6,random_seed:1,replication:2,num_threads:128,set_partition:false}",2
e15900.json.gz,e,15,900,MipTemplate,highs,MTFarkas,2,1452,102419.0084,102430,0.009762765,102419.8992,0.890718105,80,970,39.797358,1034.632136,1075.002005,45571,1145.076012,2.086996134,1,0,"{timeout:21600,max_col_multiplier:1,age_limit:6,random_seed:1,replication:2,num_threads:128,set_partition:false}",1
e15900.json.gz,e,15,900,MipTemplate,highs,MTFarkas,3,6,102416.6097,105089,,105089,,15,75,0.00663,0.192506,0.390291,3872,584012.0664,51.62666667,1,0,"{timeout:21600,max_col_multiplier:1,age_limit:6,random_seed:2,replication:3,num_threads:128,set_partition:false}",-1
e15900.json.gz,e,15,900,MipTemplate,highs,MTFarkas,3,1515,102419.105,102422,0.001952705,102419.8992,0.794117647,81,949,43.25818,1204.470395,1248.332036,48066,1111.142448,2.173887317,1,0,"{timeout:21600,max_col_multiplier:1,age_limit:6,random_seed:2,replication:3,num_threads:128,set_partition:false}",2
e15900.json.gz,e,15,900,MipTemplate,highs,MTFarkas,3,1515,102419.105,102422,0.001952705,102419.8992,0.794117647,81,949,43.25818,1204.470395,1248.332038,48066,1111.142448,2.173887317,1,0,"{timeout:21600,max_col_multiplier:1,age_limit:6,random_seed:2,replication:3,num_threads:128,set_partition:false}",1
e15900.json.gz,e,15,900,MipTemplate,highs,MTFarkas,4,7,102416.6097,105087,,105087,,15,90,0.006627,0.20758,0.382344,3895,587747.0952,43.27777778,1,0,"{timeout:21600,max_col_multiplier:1,age_limit:6,random_seed:3,replication:4,num_threads:128,set_partition:false}",-1
e15900.json.gz,e,15,900,MipTemplate,highs,MTFarkas,4,3547,102419.0574,102535,0.112156824,102419.8992,0.841736694,80,937,133.244307,4316.277587,4450.341252,58719,440.6867454,2.086595249,1,0,"{timeout:21600,max_col_multiplier:1,age_limit:6,random_seed:3,replication:4,num_threads:128,set_partition:false}",2
e15900.json.gz,e,15,900,MipTemplate,highs,MTFarkas,4,3547,102419.0574,102535,0.112156824,102419.8992,0.841736694,80,937,133.244307,4316.277587,4450.341254,58719,440.6867454,2.086595249,1,0,"{timeout:21600,max_col_multiplier:1,age_limit:6,random_seed:3,replication:4,num_threads:128,set_partition:false}",1
e15900.json.gz,e,15,900,MipTemplate,highs,MTFarkas,5,7,102416.6097,105582,,105582,,15,90,0.008767,0.249586,0.449888,3895,444279.6852,43.27777778,1,0,"{timeout:21600,max_col_multiplier:1,age_limit:6,random_seed:4,replication:5,num_threads:128,set_partition:false}",-1
e15900.json.gz,e,15,900,MipTemplate,highs,MTFarkas,5,1986,102419.1157,102428,0.007810364,102419.8992,0.783441948,80,943,62.252149,1676.459364,1739.365794,51460,826.6381294,2.168234121,1,0,"{timeout:21600,max_col_multiplier:1,age_limit:6,random_seed:4,replication:5,num_threads:128,set_partition:false}",2
e15900.json.gz,e,15,900,MipTemplate,highs,MTFarkas,5,1986,102419.1157,102428,0.007810364,102419.8992,0.783441948,80,943,62.252149,1676.459364,1739.365796,51460,826.6381294,2.168234121,1,0,"{timeout:21600,max_col_multiplier:1,age_limit:6,random_seed:4,replication:5,num_threads:128,set_partition:false}",1
e20100.json.gz,e,20,100,MipTemplate,highs,MTFarkas,1,4,8359.58204,11733,,11733,,20,60,0.001279,0.101558,0.136288,592,462861.6106,9.866666667,1,0,"{timeout:21600,max_col_multiplier:1,age_limit:2,random_seed:0,replication:1,num_threads:128,set_partition:false}",-1
e20100.json.gz,e,20,100,MipTemplate,highs,MTFarkas,1,90,8431.343322,8720,3.302752294,8431.510274,0.166952055,93,138,0.122216,13.772281,13.936031,3505,28678.73274,2.14629627,1,0,"{timeout:21600,max_col_multiplier:1,age_limit:2,random_seed:0,replication:1,num_threads:128,set_partition:false}",2
e20100.json.gz,e,20,100,MipTemplate,highs,MTFarkas,1,90,8431.343322,8720,3.302752294,8431.510274,0.166952055,93,138,0.122216,13.772281,13.936032,3505,28678.73274,2.14629627,1,0,"{timeout:21600,max_col_multiplier:1,age_limit:2,random_seed:0,replication:1,num_threads:128,set_partition:false}",1
e20100.json.gz,e,20,100,MipTemplate,highs,MTFarkas,2,4,8359.58204,11434,,11434,,20,60,0.00151,0.087684,0.104728,598,396026.4901,9.966666667,1,0,"{timeout:21600,max_col_multiplier:1,age_limit:2,random_seed:1,replication:2,num_threads:128,set_partition:false}",-1
e20100.json.gz,e,20,100,MipTemplate,highs,MTFarkas,2,87,8431.046143,8495,0.741612713,8431.519827,0.473684211,94,146,0.12465,14.818673,14.967083,3771,30252.70758,2.271830651,1,0,"{timeout:21600,max_col_multiplier:1,age_limit:2,random_seed:1,replication:2,num_threads:128,set_partition:false}",2
e20100.json.gz,e,20,100,MipTemplate,highs,MTFarkas,2,87,8431.046143,8495,0.741612713,8431.519827,0.473684211,94,146,0.12465,14.818673,14.967084,3771,30252.70758,2.271830651,1,0,"{timeout:21600,max_col_multiplier:1,age_limit:2,random_seed:1,replication:2,num_threads:128,set_partition:false}",1
e20100.json.gz,e,20,100,MipTemplate,highs,MTFarkas,3,4,8359.58204,10441,,10441,,20,60,0.001367,0.081109,0.116149,592,433065.1061,9.866666667,1,0,"{timeout:21600,max_col_multiplier:1,age_limit:2,random_seed:2,replication:3,num_threads:128,set_partition:false}",-1
e20100.json.gz,e,20,100,MipTemplate,highs,MTFarkas,3,75,8431.139767,8581,1.73639436,8431.510399,0.37063228,92,154,0.105111,8.696432,8.842438,3288,31281.217,2.231173704,1,0,"{timeout:21600,max_col_multiplier:1,age_limit:2,random_seed:2,replication:3,num_threads:128,set_partition:false}",2
e20100.json.gz,e,20,100,MipTemplate,highs,MTFarkas,3,75,8431.139767,8581,1.73639436,8431.510399,0.37063228,92,154,0.105111,8.696432,8.842439,3288,31281.217,2.231173704,1,0,"{timeout:21600,max_col_multiplier:1,age_limit:2,random_seed:2,replication:3,num_threads:128,set_partition:false}",1
e20100.json.gz,e,20,100,MipTemplate,highs,MTFarkas,4,5,8359.58204,9759,,9759,,20,80,0.001879,0.114289,0.141271,601,319850.9846,7.5125,1,0,"{timeout:21600,max_col_multiplier:1,age_limit:2,random_seed:3,replication:4,num_threads:128,set_partition:false}",-1
e20100.json.gz,e,20,100,MipTemplate,highs,MTFarkas,4,89,8431.328406,8456,0.283822138,8431.512211,0.183804627,94,141,0.115842,12.958413,13.10771,3617,31223.56313,2.178627846,1,0,"{timeout:21600,max_col_multiplier:1,age_limit:2,random_seed:3,replication:4,num_threads:128,set_partition:false}",2
e20100.json.gz,e,20,100,MipTemplate,highs,MTFarkas,4,89,8431.328406,8456,0.283822138,8431.512211,0.183804627,94,141,0.115842,12.958413,13.107711,3617,31223.56313,2.178627846,1,0,"{timeout:21600,max_col_multiplier:1,age_limit:2,random_seed:3,replication:4,num_threads:128,set_partition:false}",1
e20100.json.gz,e,20,100,MipTemplate,highs,MTFarkas,5,4,8359.58204,9919,,9919,,20,60,0.00128,0.091,0.125475,591,461718.75,9.85,1,0,"{timeout:21600,max_col_multiplier:1,age_limit:2,random_seed:4,replication:5,num_threads:128,set_partition:false}",-1
e20100.json.gz,e,20,100,MipTemplate,highs,MTFarkas,5,78,8431.207326,8691,2.98009435,8431.517738,0.310411311,93,157,0.107216,11.03615,11.18404,3441,32094.09043,2.219714884,1,0,"{timeout:21600,max_col_multiplier:1,age_limit:2,random_seed:4,replication:5,num_threads:128,set_partition:false}",2
e20100.json.gz,e,20,100,MipTemplate,highs,MTFarkas,5,78,8431.207326,8691,2.98009435,8431.517738,0.310411311,93,157,0.107216,11.03615,11.184041,3441,32094.09043,2.219714884,1,0,"{timeout:21600,max_col_multiplier:1,age_limit:2,random_seed:4,replication:5,num_threads:128,set_partition:false}",1
e201600.json.gz,e,20,1600,MipTemplate,highs,MTFarkas,1,6,180640.2918,188234,,188234,,20,100,0.014405,0.25443,0.808244,7547,523915.3072,75.47,1,0,"{timeout:21600,max_col_multiplier:1,age_limit:8,random_seed:0,replication:1,num_threads:128,set_partition:false}",-1
e201600.json.gz,e,20,1600,MipTemplate,highs,MTFarkas,1,2110,180643.0092,180646,0.001107138,180643.6134,0.604187273,111,1658,155.313522,2148.910024,2305.829648,145924,939.544723,3.393860045,1,0,"{timeout:21600,max_col_multiplier:1,age_limit:8,random_seed:0,replication:1,num_threads:128,set_partition:false}",2
e201600.json.gz,e,20,1600,MipTemplate,highs,MTFarkas,1,2110,180643.0092,180646,0.001107138,180643.6134,0.604187273,111,1658,155.313522,2148.910024,2305.82965,145924,939.544723,3.393860045,1,0,"{timeout:21600,max_col_multiplier:1,age_limit:8,random_seed:0,replication:1,num_threads:128,set_partition:false}",1
e201600.json.gz,e,20,1600,MipTemplate,highs,MTFarkas,2,8,180640.2918,186829,,186829,,20,140,0.018452,0.314371,0.859994,7582,410903.967,54.15714286,1,0,"{timeout:21600,max_col_multiplier:1,age_limit:8,random_seed:1,replication:2,num_threads:128,set_partition:false}",-1
e201600.json.gz,e,20,1600,MipTemplate,highs,MTFarkas,2,1691,180643.1224,180649,0.002767798,180643.6134,0.491049839,111,1648,144.899523,1602.76649,1749.012806,123129,849.7543501,3.561955024,1,0,"{timeout:21600,max_col_multiplier:1,age_limit:8,random_seed:1,replication:2,num_threads:128,set_partition:false}",2
e201600.json.gz,e,20,1600,MipTemplate,highs,MTFarkas,2,1691,180643.1224,180649,0.002767798,180643.6134,0.491049839,111,1648,144.899523,1602.76649,1749.012807,123129,849.7543501,3.561955024,1,0,"{timeout:21600,max_col_multiplier:1,age_limit:8,random_seed:1,replication:2,num_threads:128,set_partition:false}",1
e201600.json.gz,e,20,1600,MipTemplate,highs,MTFarkas,3,9,180640.2918,187014,,187014,,20,161,0.021838,0.407325,0.948622,7581,347147.1746,47.08695652,1,0,"{timeout:21600,max_col_multiplier:1,age_limit:8,random_seed:2,replication:3,num_threads:128,set_partition:false}",-1
e201600.json.gz,e,20,1600,MipTemplate,highs,MTFarkas,3,2307,180643.0774,180649,0.002767798,180643.6237,0.546297852,103,1655,197.752638,2398.662469,2597.919241,126113,637.7310628,2.9826065,1,0,"{timeout:21600,max_col_multiplier:1,age_limit:8,random_seed:2,replication:3,num_threads:128,set_partition:false}",2
e201600.json.gz,e,20,1600,MipTemplate,highs,MTFarkas,3,2307,180643.0774,180649,0.002767798,180643.6237,0.546297852,103,1655,197.752638,2398.662469,2597.919243,126113,637.7310628,2.9826065,1,0,"{timeout:21600,max_col_multiplier:1,age_limit:8,random_seed:2,replication:3,num_threads:128,set_partition:false}",1
e201600.json.gz,e,20,1600,MipTemplate,highs,MTFarkas,4,6,180640.2918,188177,,188177,,20,101,0.011126,0.248676,0.787479,7537,677422.2542,74.62376238,1,0,"{timeout:21600,max_col_multiplier:1,age_limit:8,random_seed:3,replication:4,num_threads:128,set_partition:false}",-1
e201600.json.gz,e,20,1600,MipTemplate,highs,MTFarkas,4,1718,180643.0044,180652,0.004428404,180643.6134,0.609050446,111,1660,149.218864,1582.401365,1732.968812,118799,796.1392871,3.443858481,1,0,"{timeout:21600,max_col_multiplier:1,age_limit:8,random_seed:3,replication:4,num_threads:128,set_partition:false}",2
e201600.json.gz,e,20,1600,MipTemplate,highs,MTFarkas,4,1718,180643.0044,180652,0.004428404,180643.6134,0.609050446,111,1660,149.218864,1582.401365,1732.968814,118799,796.1392871,3.443858481,1,0,"{timeout:21600,max_col_multiplier:1,age_limit:8,random_seed:3,replication:4,num_threads:128,set_partition:false}",1
e201600.json.gz,e,20,1600,MipTemplate,highs,MTFarkas,5,10,180640.2918,185401,,185401,,20,181,0.02441,0.495197,1.04849,7645,313191.315,42.23756906,1,0,"{timeout:21600,max_col_multiplier:1,age_limit:8,random_seed:4,replication:5,num_threads:128,set_partition:false}",-1
e201600.json.gz,e,20,1600,MipTemplate,highs,MTFarkas,5,2028,180643.0111,180661,0.009409889,180643.6237,0.612636506,104,1652,155.716837,2017.622037,2174.828895,140719,903.6851937,3.503720835,1,0,"{timeout:21600,max_col_multiplier:1,age_limit:8,random_seed:4,replication:5,num_threads:128,set_partition:false}",2
e201600.json.gz,e,20,1600,MipTemplate,highs,MTFarkas,5,2028,180643.0111,180661,0.009409889,180643.6237,0.612636506,104,1652,155.716837,2017.622037,2174.828897,140719,903.6851937,3.503720835,1,0,"{timeout:21600,max_col_multiplier:1,age_limit:8,random_seed:4,replication:5,num_threads:128,set_partition:false}",1
e20200.json.gz,e,20,200,MipTemplate,highs,MTFarkas,1,4,22355.93385,27395,,27395,,20,60,0.001192,0.057833,0.097789,1260,1057046.98,21,1,0,"{timeout:21600,max_col_multiplier:1,age_limit:2,random_seed:0,replication:1,num_threads:128,set_partition:false}",-1
e20200.json.gz,e,20,200,MipTemplate,highs,MTFarkas,1,219,22376.48121,22388,0.049133464,22376.76409,0.282881002,90,237,0.521301,37.587372,38.173217,9845,18885.44238,2.196987648,1,0,"{timeout:21600,max_col_multiplier:1,age_limit:2,random_seed:0,replication:1,num_threads:128,set_partition:false}",2
e20200.json.gz,e,20,200,MipTemplate,highs,MTFarkas,1,219,22376.48121,22388,0.049133464,22376.76409,0.282881002,90,237,0.521301,37.587372,38.173219,9845,18885.44238,2.196987648,1,0,"{timeout:21600,max_col_multiplier:1,age_limit:2,random_seed:0,replication:1,num_threads:128,set_partition:false}",1
e20200.json.gz,e,20,200,MipTemplate,highs,MTFarkas,2,4,22355.93385,28598,,28598,,20,60,0.001388,0.06349,0.132696,1262,909221.902,21.03333333,1,0,"{timeout:21600,max_col_multiplier:1,age_limit:2,random_seed:1,replication:2,num_threads:128,set_partition:false}",-1
e20200.json.gz,e,20,200,MipTemplate,highs,MTFarkas,2,220,22376.58385,22379,0.00893695,22376.76398,0.180124224,90,244,0.474372,46.656301,47.223529,9367,19746.10643,2.097370969,1,0,"{timeout:21600,max_col_multiplier:1,age_limit:2,random_seed:1,replication:2,num_threads:128,set_partition:false}",2
e20200.json.gz,e,20,200,MipTemplate,highs,MTFarkas,2,220,22376.58385,22379,0.00893695,22376.76398,0.180124224,90,244,0.474372,46.656301,47.22353,9367,19746.10643,2.097370969,1,0,"{timeout:21600,max_col_multiplier:1,age_limit:2,random_seed:1,replication:2,num_threads:128,set_partition:false}",1
e20200.json.gz,e,20,200,MipTemplate,highs,MTFarkas,3,4,22355.93385,25737,,25737,,20,60,0.001234,0.071382,0.129287,1253,1015397.083,20.88333333,1,0,"{timeout:21600,max_col_multiplier:1,age_limit:2,random_seed:2,replication:3,num_threads:128,set_partition:false}",-1
e20200.json.gz,e,20,200,MipTemplate,highs,MTFarkas,3,214,22376.33647,22379,0.00893695,22376.7688,0.432330827,90,250,0.490874,39.777183,40.350556,9515,19383.79299,2.187302572,1,0,"{timeout:21600,max_col_multiplier:1,age_limit:2,random_seed:2,replication:3,num_threads:128,set_partition:false}",2
e20200.json.gz,e,20,200,MipTemplate,highs,MTFarkas,3,214,22376.33647,22379,0.00893695,22376.7688,0.432330827,90,250,0.490874,39.777183,40.350557,9515,19383.79299,2.187302572,1,0,"{timeout:21600,max_col_multiplier:1,age_limit:2,random_seed:2,replication:3,num_threads:128,set_partition:false}",1
e20200.json.gz,e,20,200,MipTemplate,highs,MTFarkas,4,4,22355.93385,27638,,27638,,20,60,0.001204,0.061317,0.100594,1264,1049833.887,21.06666667,1,0,"{timeout:21600,max_col_multiplier:1,age_limit:2,random_seed:3,replication:4,num_threads:128,set_partition:false}",-1
e20200.json.gz,e,20,200,MipTemplate,highs,MTFarkas,4,211,22376.51661,22400,0.102678571,22376.76384,0.247232472,90,249,0.457935,34.097735,34.617169,9412,20553.13527,2.209025057,1,0,"{timeout:21600,max_col_multiplier:1,age_limit:2,random_seed:3,replication:4,num_threads:128,set_partition:false}",2
e20200.json.gz,e,20,200,MipTemplate,highs,MTFarkas,4,211,22376.51661,22400,0.102678571,22376.76384,0.247232472,90,249,0.457935,34.097735,34.61717,9412,20553.13527,2.209025057,1,0,"{timeout:21600,max_col_multiplier:1,age_limit:2,random_seed:3,replication:4,num_threads:128,set_partition:false}",1
e20200.json.gz,e,20,200,MipTemplate,highs,MTFarkas,5,4,22355.93385,26706,,26706,,20,60,0.00129,0.061343,0.120417,1257,974418.6047,20.95,1,0,"{timeout:21600,max_col_multiplier:1,age_limit:2,random_seed:4,replication:5,num_threads:128,set_partition:false}",-1
e20200.json.gz,e,20,200,MipTemplate,highs,MTFarkas,5,273,22376.33333,22379,0.00893695,22376.76344,0.430107527,89,239,0.608256,73.572469,74.269256,10956,18012.15278,2.151637826,1,0,"{timeout:21600,max_col_multiplier:1,age_limit:2,random_seed:4,replication:5,num_threads:128,set_partition:false}",2
e20200.json.gz,e,20,200,MipTemplate,highs,MTFarkas,5,273,22376.33333,22379,0.00893695,22376.76344,0.430107527,89,239,0.608256,73.572469,74.269257,10956,18012.15278,2.151637826,1,0,"{timeout:21600,max_col_multiplier:1,age_limit:2,random_seed:4,replication:5,num_threads:128,set_partition:false}",1
e20400.json.gz,e,20,400,MipTemplate,highs,MTFarkas,1,5,44861.76164,48670,,48670,,20,81,0.002593,0.153843,0.269418,2166,835325.8774,26.74074074,1,0,"{timeout:21600,max_col_multiplier:1,age_limit:2,random_seed:0,replication:1,num_threads:128,set_partition:false}",-1
e20400.json.gz,e,20,400,MipTemplate,highs,MTFarkas,1,526,44875.03435,44883,0.015596105,44875.4771,0.442748092,92,429,2.394357,229.358047,231.945105,22396,9353.659458,2.053984124,1,0,"{timeout:21600,max_col_multiplier:1,age_limit:2,random_seed:0,replication:1,num_threads:128,set_partition:false}",2
e20400.json.gz,e,20,400,MipTemplate,highs,MTFarkas,1,526,44875.03435,44883,0.015596105,44875.4771,0.442748092,92,429,2.394357,229.358047,231.945106,22396,9353.659458,2.053984124,1,0,"{timeout:21600,max_col_multiplier:1,age_limit:2,random_seed:0,replication:1,num_threads:128,set_partition:false}",1
e20400.json.gz,e,20,400,MipTemplate,highs,MTFarkas,2,5,44861.76164,50456,,50456,,20,80,0.002628,0.128088,0.216423,2181,829908.6758,27.2625,1,0,"{timeout:21600,max_col_multiplier:1,age_limit:2,random_seed:1,replication:2,num_threads:128,set_partition:false}",-1
e20400.json.gz,e,20,400,MipTemplate,highs,MTFarkas,2,549,44875.37405,44887,0.024505982,44875.4771,0.103053435,93,425,2.439192,164.716154,167.325392,23573,9664.265872,2.051862725,1,0,"{timeout:21600,max_col_multiplier:1,age_limit:2,random_seed:1,replication:2,num_threads:128,set_partition:false}",2
e20400.json.gz,e,20,400,MipTemplate,highs,MTFarkas,2,549,44875.37405,44887,0.024505982,44875.4771,0.103053435,93,425,2.439192,164.716154,167.325393,23573,9664.265872,2.051862725,1,0,"{timeout:21600,max_col_multiplier:1,age_limit:2,random_seed:1,replication:2,num_threads:128,set_partition:false}",1
e20400.json.gz,e,20,400,MipTemplate,highs,MTFarkas,3,4,44861.76164,49983,,49983,,20,60,0.002176,0.091798,0.203941,2162,993566.1765,36.03333333,1,0,"{timeout:21600,max_col_multiplier:1,age_limit:2,random_seed:2,replication:3,num_threads:128,set_partition:false}",-1
e20400.json.gz,e,20,400,MipTemplate,highs,MTFarkas,3,613,44875.08702,44877,0.002228313,44875.4771,0.390076336,92,435,2.745912,232.948108,235.898368,25841,9410.716731,2.063901674,1,0,"{timeout:21600,max_col_multiplier:1,age_limit:2,random_seed:2,replication:3,num_threads:128,set_partition:false}",2
e20400.json.gz,e,20,400,MipTemplate,highs,MTFarkas,3,613,44875.08702,44877,0.002228313,44875.4771,0.390076336,92,435,2.745912,232.948108,235.898369,25841,9410.716731,2.063901674,1,0,"{timeout:21600,max_col_multiplier:1,age_limit:2,random_seed:2,replication:3,num_threads:128,set_partition:false}",1
e20400.json.gz,e,20,400,MipTemplate,highs,MTFarkas,4,5,44861.76164,49093,,49093,,20,80,0.002207,0.154413,0.243095,2170,983235.1609,27.125,1,0,"{timeout:21600,max_col_multiplier:1,age_limit:2,random_seed:3,replication:4,num_threads:128,set_partition:false}",-1
e20400.json.gz,e,20,400,MipTemplate,highs,MTFarkas,4,560,44875.22343,44884,0.017823723,44875.47722,0.253796095,93,446,2.514589,202.449159,205.132673,24647,9801.601773,2.109373823,1,0,"{timeout:21600,max_col_multiplier:1,age_limit:2,random_seed:3,replication:4,num_threads:128,set_partition:false}",2
e20400.json.gz,e,20,400,MipTemplate,highs,MTFarkas,4,560,44875.22343,44884,0.017823723,44875.47722,0.253796095,93,446,2.514589,202.449159,205.132674,24647,9801.601773,2.109373823,1,0,"{timeout:21600,max_col_multiplier:1,age_limit:2,random_seed:3,replication:4,num_threads:128,set_partition:false}",1
e20400.json.gz,e,20,400,MipTemplate,highs,MTFarkas,5,5,44861.76164,48482,,48482,,20,80,0.002338,0.138506,0.226798,2169,927715.9966,27.1125,1,0,"{timeout:21600,max_col_multiplier:1,age_limit:2,random_seed:4,replication:5,num_threads:128,set_partition:false}",-1
e20400.json.gz,e,20,400,MipTemplate,highs,MTFarkas,5,617,44875.18702,44888,0.026733203,44875.4771,0.290076336,92,438,2.941182,215.194062,218.322689,24844,8446.94412,1.971974547,1,0,"{timeout:21600,max_col_multiplier:1,age_limit:2,random_seed:4,replication:5,num_threads:128,set_partition:false}",2
e20400.json.gz,e,20,400,MipTemplate,highs,MTFarkas,5,617,44875.18702,44888,0.026733203,44875.4771,0.290076336,92,438,2.941182,215.194062,218.32269,24844,8446.94412,1.971974547,1,0,"{timeout:21600,max_col_multiplier:1,age_limit:2,random_seed:4,replication:5,num_threads:128,set_partition:false}",1
e30900.json.gz,e,30,900,MipTemplate,highs,MTFarkas,1,4,100413.3227,109679,,109679,,30,90,0.00299,0.132426,0.564326,5611,1876588.629,62.34444444,1,0,"{timeout:21600,max_col_multiplier:1,age_limit:3,random_seed:100,replication:1,num_threads:128,set_partition:false}",-1
e30900.json.gz,e,30,900,MipTemplate,highs,MTFarkas,1,816,100426.0141,100445,0.017920255,100426.7078,0.693722944,115,936,13.595237,868.427086,882.686415,64857,4770.56781,2.647337197,1,0,"{timeout:21600,max_col_multiplier:1,age_limit:3,random_seed:100,replication:1,num_threads:128,set_partition:false}",2
e30900.json.gz,e,30,900,MipTemplate,highs,MTFarkas,1,816,100426.0141,100445,0.017920255,100426.7078,0.693722944,115,936,13.595237,868.427086,882.686417,64857,4770.56781,2.647337197,1,0,"{timeout:21600,max_col_multiplier:1,age_limit:3,random_seed:100,replication:1,num_threads:128,set_partition:false}",1
e30900.json.gz,e,30,900,MipTemplate,highs,MTFarkas,2,6,100413.3227,110980,,110980,,30,150,0.006437,0.227606,0.683307,5651,877893.4286,37.67333333,1,0,"{timeout:21600,max_col_multiplier:1,age_limit:3,random_seed:1,replication:2,num_threads:128,set_partition:false}",-1
e30900.json.gz,e,30,900,MipTemplate,highs,MTFarkas,2,935,100426.2272,100432,0.004978493,100426.7078,0.480609668,111,955,16.489436,884.799299,902.022769,80860,4903.745647,2.803806215,1,0,"{timeout:21600,max_col_multiplier:1,age_limit:3,random_seed:1,replication:2,num_threads:128,set_partition:false}",2
e30900.json.gz,e,30,900,MipTemplate,highs,MTFarkas,2,935,100426.2272,100432,0.004978493,100426.7078,0.480609668,111,955,16.489436,884.799299,902.022771,80860,4903.745647,2.803806215,1,0,"{timeout:21600,max_col_multiplier:1,age_limit:3,random_seed:1,replication:2,num_threads:128,set_partition:false}",1
e30900.json.gz,e,30,900,MipTemplate,highs,MTFarkas,3,5,100413.3227,111106,,111106,,30,120,0.004848,0.169476,0.612969,5643,1163985.149,47.025,1,0,"{timeout:21600,max_col_multiplier:1,age_limit:3,random_seed:2,replication:3,num_threads:128,set_partition:false}",-1
e30900.json.gz,e,30,900,MipTemplate,highs,MTFarkas,3,983,100426.0769,100434,0.006969751,100426.7078,0.630844156,112,954,17.566836,1263.147394,1281.446983,77694,4422.765716,2.642640981,1,0,"{timeout:21600,max_col_multiplier:1,age_limit:3,random_seed:2,replication:3,num_threads:128,set_partition:false}",2
e30900.json.gz,e,30,900,MipTemplate,highs,MTFarkas,3,983,100426.0769,100434,0.006969751,100426.7078,0.630844156,112,954,17.566836,1263.147394,1281.446985,77694,4422.765716,2.642640981,1,0,"{timeout:21600,max_col_multiplier:1,age_limit:3,random_seed:2,replication:3,num_threads:128,set_partition:false}",1
e30900.json.gz,e,30,900,MipTemplate,highs,MTFarkas,4,6,100413.3227,109888,,109888,,30,152,0.006392,0.234522,0.672095,5651,884073.8423,37.17763158,1,0,"{timeout:21600,max_col_multiplier:1,age_limit:3,random_seed:3,replication:4,num_threads:128,set_partition:false}",-1
e30900.json.gz,e,30,900,MipTemplate,highs,MTFarkas,4,937,100426.3961,100432,0.004978493,100426.7078,0.311688312,111,967,14.528872,978.663063,993.888904,75709,5210.934476,2.653561893,1,0,"{timeout:21600,max_col_multiplier:1,age_limit:3,random_seed:3,replication:4,num_threads:128,set_partition:false}",2
e30900.json.gz,e,30,900,MipTemplate,highs,MTFarkas,4,937,100426.3961,100432,0.004978493,100426.7078,0.311688312,111,967,14.528872,978.663063,993.888906,75709,5210.934476,2.653561893,1,0,"{timeout:21600,max_col_multiplier:1,age_limit:3,random_seed:3,replication:4,num_threads:128,set_partition:false}",1
e30900.json.gz,e,30,900,MipTemplate,highs,MTFarkas,5,5,100413.3227,110845,,110845,,30,122,0.004717,0.192339,0.623887,5658,1199491.202,46.37704918,1,0,"{timeout:21600,max_col_multiplier:1,age_limit:3,random_seed:4,replication:5,num_threads:128,set_partition:false}",-1
e30900.json.gz,e,30,900,MipTemplate,highs,MTFarkas,5,1262,100426.086,100434,0.006969751,100426.7078,0.621753247,114,960,20.61281,1737.547386,1758.947989,93628,4542.223986,2.560418816,1,0,"{timeout:21600,max_col_multiplier:1,age_limit:3,random_seed:4,replication:5,num_threads:128,set_partition:false}",2
e30900.json.gz,e,30,900,MipTemplate,highs,MTFarkas,5,1262,100426.086,100434,0.006969751,100426.7078,0.621753247,114,960,20.61281,1737.547386,1758.94799,93628,4542.223986,2.560418816,1,0,"{timeout:21600,max_col_multiplier:1,age_limit:3,random_seed:4,replication:5,num_threads:128,set_partition:false}",1
e401600.json.gz,e,40,1600,MipTemplate,highs,MTFarkas,1,6,178282.6193,189487,,189487,,40,200,0.011599,0.257708,1.618702,10069,868092.0769,50.345,1,0,"{timeout:21600,max_col_multiplier:1,age_limit:4,random_seed:0,replication:1,num_threads:128,set_partition:false}",-1
e401600.json.gz,e,40,1600,MipTemplate,highs,MTFarkas,1,1183,178292.0989,178340,0.026354155,178292.2407,0.141852494,195,1667,61.242527,2880.240794,2943.377802,152994,2498.166021,3.347853965,1,0,"{timeout:21600,max_col_multiplier:1,age_limit:4,random_seed:0,replication:1,num_threads:128,set_partition:false}",2
e401600.json.gz,e,40,1600,MipTemplate,highs,MTFarkas,1,1183,178292.0989,178340,0.026354155,178292.2407,0.141852494,195,1667,61.242527,2880.240794,2943.377804,152994,2498.166021,3.347853965,1,0,"{timeout:21600,max_col_multiplier:1,age_limit:4,random_seed:0,replication:1,num_threads:128,set_partition:false}",1
e401600.json.gz,e,40,1600,MipTemplate,highs,MTFarkas,2,6,178282.6193,191138,,191138,,40,200,0.010996,0.264184,1.612521,10089,917515.4602,50.445,1,0,"{timeout:21600,max_col_multiplier:1,age_limit:4,random_seed:1,replication:2,num_threads:128,set_partition:false}",-1
e401600.json.gz,e,40,1600,MipTemplate,highs,MTFarkas,2,1409,178292.0547,178306,0.007290837,178292.2407,0.186045094,194,1656,70.164478,2726.645747,2798.816058,181164,2581.990277,3.327991475,1,0,"{timeout:21600,max_col_multiplier:1,age_limit:4,random_seed:1,replication:2,num_threads:128,set_partition:false}",2
e401600.json.gz,e,40,1600,MipTemplate,highs,MTFarkas,2,1409,178292.0547,178306,0.007290837,178292.2407,0.186045094,194,1656,70.164478,2726.645747,2798.816059,181164,2581.990277,3.327991475,1,0,"{timeout:21600,max_col_multiplier:1,age_limit:4,random_seed:1,replication:2,num_threads:128,set_partition:false}",1
e401600.json.gz,e,40,1600,MipTemplate,highs,MTFarkas,3,6,178282.6193,191081,,191081,,40,200,0.011724,0.263075,1.605392,10084,860116.0014,50.42,1,0,"{timeout:21600,max_col_multiplier:1,age_limit:4,random_seed:2,replication:3,num_threads:128,set_partition:false}",-1
e401600.json.gz,e,40,1600,MipTemplate,highs,MTFarkas,3,1347,178292.005,178299,0.003365134,178292.2407,0.235672569,197,1650,67.616489,3081.020026,3150.61359,166905,2468.406782,3.290181589,1,0,"{timeout:21600,max_col_multiplier:1,age_limit:4,random_seed:2,replication:3,num_threads:128,set_partition:false}",2
e401600.json.gz,e,40,1600,MipTemplate,highs,MTFarkas,3,1347,178292.005,178299,0.003365134,178292.2407,0.235672569,197,1650,67.616489,3081.020026,3150.613592,166905,2468.406782,3.290181589,1,0,"{timeout:21600,max_col_multiplier:1,age_limit:4,random_seed:2,replication:3,num_threads:128,set_partition:false}",1
e401600.json.gz,e,40,1600,MipTemplate,highs,MTFarkas,4,6,178282.6193,189787,,189787,,40,200,0.011171,0.269937,1.608761,10094,903589.6518,50.47,1,0,"{timeout:21600,max_col_multiplier:1,age_limit:4,random_seed:3,replication:4,num_threads:128,set_partition:false}",-1
e401600.json.gz,e,40,1600,MipTemplate,highs,MTFarkas,4,1645,178292.0068,178298,0.002804294,178292.2407,0.233916769,196,1657,85.059106,3741.794752,3828.919288,196367,2308.594685,3.301571124,1,0,"{timeout:21600,max_col_multiplier:1,age_limit:4,random_seed:3,replication:4,num_threads:128,set_partition:false}",2
e401600.json.gz,e,40,1600,MipTemplate,highs,MTFarkas,4,1645,178292.0068,178298,0.002804294,178292.2407,0.233916769,196,1657,85.059106,3741.794752,3828.91929,196367,2308.594685,3.301571124,1,0,"{timeout:21600,max_col_multiplier:1,age_limit:4,random_seed:3,replication:4,num_threads:128,set_partition:false}",1
e401600.json.gz,e,40,1600,MipTemplate,highs,MTFarkas,5,6,178282.6193,189676,,189676,,40,200,0.011071,0.252401,1.62092,10087,911119.1401,50.435,1,0,"{timeout:21600,max_col_multiplier:1,age_limit:4,random_seed:4,replication:5,num_threads:128,set_partition:false}",-1
e401600.json.gz,e,40,1600,MipTemplate,highs,MTFarkas,5,1332,178292.0753,178301,0.004486795,178292.2407,0.165370888,196,1657,68.182062,2908.124868,2978.295396,174936,2565.718825,3.420253458,1,0,"{timeout:21600,max_col_multiplier:1,age_limit:4,random_seed:4,replication:5,num_threads:128,set_partition:false}",2
e401600.json.gz,e,40,1600,MipTemplate,highs,MTFarkas,5,1332,178292.0753,178301,0.004486795,178292.2407,0.165370888,196,1657,68.182062,2908.124868,2978.295398,174936,2565.718825,3.420253458,1,0,"{timeout:21600,max_col_multiplier:1,age_limit:4,random_seed:4,replication:5,num_threads:128,set_partition:false}",1
e40400.json.gz,e,40,400,MipTemplate,highs,MTFarkas,1,4,44523.4286,51758,,51758,,40,120,0.002107,0.13583,0.338947,3235,1535358.329,26.95833333,1,0,"{timeout:21600,max_col_multiplier:1,age_limit:2,random_seed:0,replication:1,num_threads:128,set_partition:false}",-1
e40400.json.gz,e,40,400,MipTemplate,highs,MTFarkas,1,227,44556.12048,44565,0.017951307,44556.88303,0.762548843,170,472,1.418556,134.635747,136.302717,27237,19200.51094,2.90354503,1,0,"{timeout:21600,max_col_multiplier:1,age_limit:2,random_seed:0,replication:1,num_threads:128,set_partition:false}",2
e40400.json.gz,e,40,400,MipTemplate,highs,MTFarkas,1,227,44556.12048,44565,0.017951307,44556.88303,0.762548843,170,472,1.418556,134.635747,136.302719,27237,19200.51094,2.90354503,1,0,"{timeout:21600,max_col_multiplier:1,age_limit:2,random_seed:0,replication:1,num_threads:128,set_partition:false}",1
e40400.json.gz,e,40,400,MipTemplate,highs,MTFarkas,2,4,44523.4286,51125,,51125,,40,120,0.001606,0.12706,0.328562,3228,2009962.64,26.9,1,0,"{timeout:21600,max_col_multiplier:1,age_limit:2,random_seed:1,replication:2,num_threads:128,set_partition:false}",-1
e40400.json.gz,e,40,400,MipTemplate,highs,MTFarkas,2,244,44556.35286,44758,0.449081728,44556.88299,0.530136268,167,455,1.800417,174.283849,176.337879,29951,16635.59053,3.039308578,1,0,"{timeout:21600,max_col_multiplier:1,age_limit:2,random_seed:1,replication:2,num_threads:128,set_partition:false}",2
e40400.json.gz,e,40,400,MipTemplate,highs,MTFarkas,2,244,44556.35286,44758,0.449081728,44556.88299,0.530136268,167,455,1.800417,174.283849,176.33788,29951,16635.59053,3.039308578,1,0,"{timeout:21600,max_col_multiplier:1,age_limit:2,random_seed:1,replication:2,num_threads:128,set_partition:false}",1
e40400.json.gz,e,40,400,MipTemplate,highs,MTFarkas,3,4,44523.4286,52907,,52907,,40,120,0.002137,0.141852,0.366291,3246,1518951.802,27.05,1,0,"{timeout:21600,max_col_multiplier:1,age_limit:2,random_seed:2,replication:3,num_threads:128,set_partition:false}",-1
e40400.json.gz,e,40,400,MipTemplate,highs,MTFarkas,3,239,44556.83111,44589,0.071766579,44556.88299,0.051886792,167,455,1.602724,148.534498,150.410647,28430,17738.55012,2.900590116,1,0,"{timeout:21600,max_col_multiplier:1,age_limit:2,random_seed:2,replication:3,num_threads:128,set_partition:false}",2
e40400.json.gz,e,40,400,MipTemplate,highs,MTFarkas,3,239,44556.83111,44589,0.071766579,44556.88299,0.051886792,167,455,1.602724,148.534498,150.410648,28430,17738.55012,2.900590116,1,0,"{timeout:21600,max_col_multiplier:1,age_limit:2,random_seed:2,replication:3,num_threads:128,set_partition:false}",1
e40400.json.gz,e,40,400,MipTemplate,highs,MTFarkas,4,4,44523.4286,51862,,51862,,40,120,0.002151,0.110583,0.335993,3239,1505811.251,26.99166667,1,0,"{timeout:21600,max_col_multiplier:1,age_limit:2,random_seed:3,replication:4,num_threads:128,set_partition:false}",-1
e40400.json.gz,e,40,400,MipTemplate,highs,MTFarkas,4,269,44556.5135,44668,0.248500045,44556.88299,0.369496855,165,448,1.891473,187.913028,190.085406,32205,17026.41275,2.98878433,1,0,"{timeout:21600,max_col_multiplier:1,age_limit:2,random_seed:3,replication:4,num_threads:128,set_partition:false}",2
e40400.json.gz,e,40,400,MipTemplate,highs,MTFarkas,4,269,44556.5135,44668,0.248500045,44556.88299,0.369496855,165,448,1.891473,187.913028,190.085407,32205,17026.41275,2.98878433,1,0,"{timeout:21600,max_col_multiplier:1,age_limit:2,random_seed:3,replication:4,num_threads:128,set_partition:false}",1
e40400.json.gz,e,40,400,MipTemplate,highs,MTFarkas,5,5,44523.4286,53286,,53286,,40,160,0.002659,0.173611,0.397497,3256,1224520.496,20.35,1,0,"{timeout:21600,max_col_multiplier:1,age_limit:2,random_seed:4,replication:5,num_threads:128,set_partition:false}",-1
e40400.json.gz,e,40,400,MipTemplate,highs,MTFarkas,5,239,44556.07383,44667,0.246266819,44556.88299,0.809158805,169,459,1.611462,151.097267,152.979533,28547,17714.96939,2.923010767,1,0,"{timeout:21600,max_col_multiplier:1,age_limit:2,random_seed:4,replication:5,num_threads:128,set_partition:false}",2
e40400.json.gz,e,40,400,MipTemplate,highs,MTFarkas,5,239,44556.07383,44667,0.246266819,44556.88299,0.809158805,169,459,1.611462,151.097267,152.979534,28547,17714.96939,2.923010767,1,0,"{timeout:21600,max_col_multiplier:1,age_limit:2,random_seed:4,replication:5,num_threads:128,set_partition:false}",1
e60900.json.gz,e,60,900,MipTemplate,highs,MTFarkas,1,5,100103.2598,117079,,117079,,60,240,0.006787,0.199653,1.25348,7901,1164137.321,32.92083333,1,0,"{timeout:21600,max_col_multiplier:1,age_limit:2,random_seed:0,replication:1,num_threads:128,set_partition:false}",-1
e60900.json.gz,e,60,900,MipTemplate,highs,MTFarkas,1,513,100146.2046,100219,0.071842665,100146.6465,0.441918432,260,985,10.974733,878.756009,890.987555,104521,9523.785226,3.404398395,1,0,"{timeout:21600,max_col_multiplier:1,age_limit:2,random_seed:0,replication:1,num_threads:128,set_partition:false}",2
e60900.json.gz,e,60,900,MipTemplate,highs,MTFarkas,1,513,100146.2046,100219,0.071842665,100146.6465,0.441918432,260,985,10.974733,878.756009,890.987557,104521,9523.785226,3.404398395,1,0,"{timeout:21600,max_col_multiplier:1,age_limit:2,random_seed:0,replication:1,num_threads:128,set_partition:false}",1
e60900.json.gz,e,60,900,MipTemplate,highs,MTFarkas,2,5,100103.2598,120181,,120181,,60,240,0.005717,0.214808,1.261493,7894,1380794.123,32.89166667,1,0,"{timeout:21600,max_col_multiplier:1,age_limit:2,random_seed:1,replication:2,num_threads:128,set_partition:false}",-1
e60900.json.gz,e,60,900,MipTemplate,highs,MTFarkas,2,613,100146.3924,100186,0.038927595,100146.6465,0.254085876,260,963,14.52952,1357.38742,1373.214089,124500,8568.762079,3.445907437,1,0,"{timeout:21600,max_col_multiplier:1,age_limit:2,random_seed:1,replication:2,num_threads:128,set_partition:false}",2
e60900.json.gz,e,60,900,MipTemplate,highs,MTFarkas,2,613,100146.3924,100186,0.038927595,100146.6465,0.254085876,260,963,14.52952,1357.38742,1373.21409,124500,8568.762079,3.445907437,1,0,"{timeout:21600,max_col_multiplier:1,age_limit:2,random_seed:1,replication:2,num_threads:128,set_partition:false}",1
e60900.json.gz,e,60,900,MipTemplate,highs,MTFarkas,3,5,100103.2598,119798,,119798,,60,240,0.005195,0.171456,1.205717,7922,1524927.815,33.00833333,1,0,"{timeout:21600,max_col_multiplier:1,age_limit:2,random_seed:2,replication:3,num_threads:128,set_partition:false}",-1
e60900.json.gz,e,60,900,MipTemplate,highs,MTFarkas,3,600,100146.3306,100161,0.013977496,100146.6465,0.315948767,261,964,12.013948,1023.789667,1037.067478,119821,9973.490813,3.361166905,1,0,"{timeout:21600,max_col_multiplier:1,age_limit:2,random_seed:2,replication:3,num_threads:128,set_partition:false}",2
e60900.json.gz,e,60,900,MipTemplate,highs,MTFarkas,3,600,100146.3306,100161,0.013977496,100146.6465,0.315948767,261,964,12.013948,1023.789667,1037.067479,119821,9973.490813,3.361166905,1,0,"{timeout:21600,max_col_multiplier:1,age_limit:2,random_seed:2,replication:3,num_threads:128,set_partition:false}",1
e60900.json.gz,e,60,900,MipTemplate,highs,MTFarkas,4,5,100103.2598,117567,,117567,,60,240,0.005191,0.202272,1.240271,7900,1521864.766,32.91666667,1,0,"{timeout:21600,max_col_multiplier:1,age_limit:2,random_seed:3,replication:4,num_threads:128,set_partition:false}",-1
e60900.json.gz,e,60,900,MipTemplate,highs,MTFarkas,4,580,100146.1174,100165,0.017970349,100146.6465,0.52908283,261,972,12.3477,1220.552146,1234.164,116858,9463.948752,3.400582831,1,0,"{timeout:21600,max_col_multiplier:1,age_limit:2,random_seed:3,replication:4,num_threads:128,set_partition:false}",2
e60900.json.gz,e,60,900,MipTemplate,highs,MTFarkas,4,580,100146.1174,100165,0.017970349,100146.6465,0.52908283,261,972,12.3477,1220.552146,1234.164001,116858,9463.948752,3.400582831,1,0,"{timeout:21600,max_col_multiplier:1,age_limit:2,random_seed:3,replication:4,num_threads:128,set_partition:false}",1
e60900.json.gz,e,60,900,MipTemplate,highs,MTFarkas,5,5,100103.2598,119115,,119115,,60,240,0.005526,0.183909,1.22429,7903,1430148.389,32.92916667,1,0,"{timeout:21600,max_col_multiplier:1,age_limit:2,random_seed:4,replication:5,num_threads:128,set_partition:false}",-1
e60900.json.gz,e,60,900,MipTemplate,highs,MTFarkas,5,649,100146.2882,100179,0.031942822,100146.6465,0.358318546,260,968,12.89387,1484.975658,1499.149316,122315,9486.290772,3.254538941,1,0,"{timeout:21600,max_col_multiplier:1,age_limit:2,random_seed:4,replication:5,num_threads:128,set_partition:false}",2
e60900.json.gz,e,60,900,MipTemplate,highs,MTFarkas,5,649,100146.2882,100179,0.031942822,100146.6465,0.358318546,260,968,12.89387,1484.975658,1499.149317,122315,9486.290772,3.254538941,1,0,"{timeout:21600,max_col_multiplier:1,age_limit:2,random_seed:4,replication:5,num_threads:128,set_partition:false}",1
e801600.json.gz,e,80,1600,MipTemplate,highs,MTFarkas,1,6,176780.9892,198990,,198990,,80,400,0.016246,0.310049,3.927923,14988,922565.5546,37.47,1,0,"{timeout:21600,max_col_multiplier:1,age_limit:2,random_seed:0,replication:1,num_threads:128,set_partition:false}",-1
e801600.json.gz,e,80,1600,MipTemplate,highs,MTFarkas,1,914,176818.1444,176831,0.00678614,176818.942,0.79760274,330,1724,37.477036,3410.013623,3451.683224,244561,6525.622784,3.374810594,1,0,"{timeout:21600,max_col_multiplier:1,age_limit:2,random_seed:0,replication:1,num_threads:128,set_partition:false}",2
e801600.json.gz,e,80,1600,MipTemplate,highs,MTFarkas,1,914,176818.1444,176831,0.00678614,176818.942,0.79760274,330,1724,37.477036,3410.013623,3451.683226,244561,6525.622784,3.374810594,1,0,"{timeout:21600,max_col_multiplier:1,age_limit:2,random_seed:0,replication:1,num_threads:128,set_partition:false}",1
e801600.json.gz,e,80,1600,MipTemplate,highs,MTFarkas,2,5,176780.9892,199691,,199691,,80,320,0.008706,0.243945,3.823383,14928,1714679.531,46.65,1,0,"{timeout:21600,max_col_multiplier:1,age_limit:2,random_seed:1,replication:2,num_threads:128,set_partition:false}",-1
e801600.json.gz,e,80,1600,MipTemplate,highs,MTFarkas,2,904,176818.0806,176820,0.000565547,176818.942,0.861316248,325,1708,36.756847,3383.904022,3424.843056,242044,6585.004421,3.367323809,1,0,"{timeout:21600,max_col_multiplier:1,age_limit:2,random_seed:1,replication:2,num_threads:128,set_partition:false}",2
e801600.json.gz,e,80,1600,MipTemplate,highs,MTFarkas,2,904,176818.0806,176820,0.000565547,176818.942,0.861316248,325,1708,36.756847,3383.904022,3424.843058,242044,6585.004421,3.367323809,1,0,"{timeout:21600,max_col_multiplier:1,age_limit:2,random_seed:1,replication:2,num_threads:128,set_partition:false}",1
e801600.json.gz,e,80,1600,MipTemplate,highs,MTFarkas,3,5,176780.9892,200688,,200688,,80,320,0.009203,0.236062,3.823074,14958,1625339.563,46.74375,1,0,"{timeout:21600,max_col_multiplier:1,age_limit:2,random_seed:2,replication:3,num_threads:128,set_partition:false}",-1
e801600.json.gz,e,80,1600,MipTemplate,highs,MTFarkas,3,981,176818.1257,176828,0.005089692,176818.942,0.816271903,325,1704,38.694791,4207.853553,4250.770156,239726,6195.304169,3.138797523,1,0,"{timeout:21600,max_col_multiplier:1,age_limit:2,random_seed:2,replication:3,num_threads:128,set_partition:false}",2
e801600.json.gz,e,80,1600,MipTemplate,highs,MTFarkas,3,981,176818.1257,176828,0.005089692,176818.942,0.816271903,325,1704,38.694791,4207.853553,4250.770158,239726,6195.304169,3.138797523,1,0,"{timeout:21600,max_col_multiplier:1,age_limit:2,random_seed:2,replication:3,num_threads:128,set_partition:false}",1
e801600.json.gz,e,80,1600,MipTemplate,highs,MTFarkas,4,6,176780.9892,198202,,198202,,80,400,0.01284,0.309626,3.889966,14967,1165654.206,37.4175,1,0,"{timeout:21600,max_col_multiplier:1,age_limit:2,random_seed:3,replication:4,num_threads:128,set_partition:false}",-1
e801600.json.gz,e,80,1600,MipTemplate,highs,MTFarkas,4,902,176818.1795,176834,0.008482532,176818.942,0.762494132,328,1712,37.583884,3124.561118,3166.321861,242196,6444.145049,3.336531416,1,0,"{timeout:21600,max_col_multiplier:1,age_limit:2,random_seed:3,replication:4,num_threads:128,set_partition:false}",2
e801600.json.gz,e,80,1600,MipTemplate,highs,MTFarkas,4,902,176818.1795,176834,0.008482532,176818.942,0.762494132,328,1712,37.583884,3124.561118,3166.321863,242196,6444.145049,3.336531416,1,0,"{timeout:21600,max_col_multiplier:1,age_limit:2,random_seed:3,replication:4,num_threads:128,set_partition:false}",1
e801600.json.gz,e,80,1600,MipTemplate,highs,MTFarkas,5,5,176780.9892,196455,,196455,,80,321,0.00901,0.246981,3.832526,14958,1660155.383,46.59813084,1,0,"{timeout:21600,max_col_multiplier:1,age_limit:2,random_seed:4,replication:5,num_threads:128,set_partition:false}",-1
e801600.json.gz,e,80,1600,MipTemplate,highs,MTFarkas,5,935,176818.0899,176825,0.003393185,176818.942,0.852035829,323,1708,35.883325,3856.779625,3896.854031,236306,6585.39865,3.19246442,1,0,"{timeout:21600,max_col_multiplier:1,age_limit:2,random_seed:4,replication:5,num_threads:128,set_partition:false}",2
e801600.json.gz,e,80,1600,MipTemplate,highs,MTFarkas,5,935,176818.0899,176825,0.003393185,176818.942,0.852035829,323,1708,35.883325,3856.779625,3896.854033,236306,6585.39865,3.19246442,1,0,"{timeout:21600,max_col_multiplier:1,age_limit:2,random_seed:4,replication:5,num_threads:128,set_partition:false}",1
c20100.json.gz,c,20,100,LagrangeTemplate,highs,LTFarkas,1,4,1218.987259,1365,,1365,,20,61,0.000906,0.001632,0.007748,223,246136.8653,3.655737705,1,0,"{timeout:21600,max_col_multiplier:1,age_limit:2,random_seed:0,replication:1,num_threads:128,set_partition:false}",-1
c20100.json.gz,c,20,100,LagrangeTemplate,highs,LTFarkas,1,39,1241.333333,1245,0.240963855,1241.666667,0.333333333,48,127,0.019887,0.01327,0.040903,1107,55664.50445,1.435975791,1,0,"{timeout:21600,max_col_multiplier:1,age_limit:2,random_seed:0,replication:1,num_threads:128,set_partition:false}",2
c20100.json.gz,c,20,100,LagrangeTemplate,highs,LTFarkas,1,39,1241.333333,1245,0.240963855,1241.666667,0.333333333,48,127,0.019887,0.01327,0.040903,1107,55664.50445,1.435975791,1,0,"{timeout:21600,max_col_multiplier:1,age_limit:2,random_seed:0,replication:1,num_threads:128,set_partition:false}",1
d20100.json.gz,d,20,100,LagrangeTemplate,highs,LTFarkas,5,3,6142.530217,6925,,6925,,20,42,0.000782,0.00137,0.01756,398,508951.4066,9.476190476,1,0,"{timeout:21600,max_col_multiplier:1,age_limit:2,random_seed:4,replication:5,num_threads:128,set_partition:false}",-1
d20100.json.gz,d,20,100,LagrangeTemplate,highs,LTFarkas,5,73,6176.113053,6482,4.705337859,6176.142063,0.02900988,111,135,0.060979,0.054218,0.135264,3291,53969.3993,2.334149239,1,0,"{timeout:21600,max_col_multiplier:1,age_limit:2,random_seed:4,replication:5,num_threads:128,set_partition:false}",2
d20100.json.gz,d,20,100,LagrangeTemplate,highs,LTFarkas,5,73,6176.113053,6482,4.705337859,6176.142063,0.02900988,111,135,0.060979,0.054218,0.135265,3291,53969.3993,2.334149239,1,0,"{timeout:21600,max_col_multiplier:1,age_limit:2,random_seed:4,replication:5,num_threads:128,set_partition:false}",1
b05200.json.gz,b,5,200,LagrangeTemplate,highs,LTFarkas,2,5,3547.411575,3647,,3647,,5,21,0.001312,0.002457,0.007387,282,214939.0244,13.42857143,1,0,"{timeout:21600,max_col_multiplier:1,age_limit:4,random_seed:1,replication:2,num_threads:128,set_partition:false}",-1
b05200.json.gz,b,5,200,LagrangeTemplate,highs,LTFarkas,2,337,3549.064412,3554,0.11254924,3549.336554,0.272141707,31,219,0.63247,0.451185,1.103172,3505,5541.764827,1.976246997,1,0,"{timeout:21600,max_col_multiplier:1,age_limit:4,random_seed:1,replication:2,num_threads:128,set_partition:false}",2
b05200.json.gz,b,5,200,LagrangeTemplate,highs,LTFarkas,2,337,3549.064412,3554,0.11254924,3549.336554,0.272141707,31,219,0.63247,0.451185,1.103173,3505,5541.764827,1.976246997,1,0,"{timeout:21600,max_col_multiplier:1,age_limit:4,random_seed:1,replication:2,num_threads:128,set_partition:false}",1
c20200.json.gz,c,20,200,LagrangeTemplate,highs,LTFarkas,1,4,2376.905486,2526,,2526,,20,61,0.001938,0.001913,0.013443,348,179566.5635,5.704918033,1,0,"{timeout:21600,max_col_multiplier:1,age_limit:2,random_seed:0,replication:1,num_threads:128,set_partition:false}",-1
c20200.json.gz,c,20,200,LagrangeTemplate,highs,LTFarkas,1,76,2390.087241,2400,0.375,2390.171034,0.083793103,75,224,0.068179,0.033056,0.117128,2378,34878.77499,1.573514696,1,0,"{timeout:21600,max_col_multiplier:1,age_limit:2,random_seed:0,replication:1,num_threads:128,set_partition:false}",2
c20200.json.gz,c,20,200,LagrangeTemplate,highs,LTFarkas,1,76,2390.087241,2400,0.375,2390.171034,0.083793103,75,224,0.068179,0.033056,0.117129,2378,34878.77499,1.573514696,1,0,"{timeout:21600,max_col_multiplier:1,age_limit:2,random_seed:0,replication:1,num_threads:128,set_partition:false}",1
e201600.json.gz,e,20,1600,LagrangeTemplate,highs,LTFarkas,4,4,180640.2918,187928,,187928,,20,64,0.005326,0.010286,0.523456,7537,1415133.308,117.765625,1,0,"{timeout:21600,max_col_multiplier:1,age_limit:8,random_seed:3,replication:4,num_threads:128,set_partition:false}",-1
e201600.json.gz,e,20,1600,LagrangeTemplate,highs,LTFarkas,4,1312,180643.0603,181044,0.220940758,180643.6237,0.563412937,102,1728,226.839971,35.202988,263.119914,241639,1065.239953,9.111260158,1,0,"{timeout:21600,max_col_multiplier:1,age_limit:8,random_seed:3,replication:4,num_threads:128,set_partition:false}",2
e201600.json.gz,e,20,1600,LagrangeTemplate,highs,LTFarkas,4,1312,180643.0603,181044,0.220940758,180643.6237,0.563412937,102,1728,226.839971,35.202988,263.119915,241639,1065.239953,9.111260158,1,0,"{timeout:21600,max_col_multiplier:1,age_limit:8,random_seed:3,replication:4,num_threads:128,set_partition:false}",1
a20200.json.gz,a,20,200,LagrangeTemplate,highs,LTFarkas,3,3,2337.327333,2339,,2339,,20,40,0.000666,0.000867,0.00848,244,366366.3664,6.1,1,0,"{timeout:21600,max_col_multiplier:1,age_limit:2,random_seed:2,replication:3,num_threads:128,set_partition:false}",-1
a20200.json.gz,a,20,200,LagrangeTemplate,highs,LTFarkas,3,60,2339,2339,0,2339,0,20,221,0.024432,0.014749,0.049181,629,25744.92469,0.752119883,1,0,"{timeout:21600,max_col_multiplier:1,age_limit:2,random_seed:2,replication:3,num_threads:128,set_partition:false}",2
a20200.json.gz,a,20,200,LagrangeTemplate,highs,LTFarkas,3,60,2339,2339,0,2339,0,20,221,0.024432,0.014749,0.049182,629,25744.92469,0.752119883,1,0,"{timeout:21600,max_col_multiplier:1,age_limit:2,random_seed:2,replication:3,num_threads:128,set_partition:false}",1
e10100.json.gz,e,10,100,LagrangeTemplate,highs,LTFarkas,4,4,11543.05425,12136,,12136,,10,31,0.000624,0.00124,0.012488,439,703525.641,14.16129032,1,0,"{timeout:21600,max_col_multiplier:1,age_limit:2,random_seed:3,replication:4,num_threads:128,set_partition:false}",-1
e10100.json.gz,e,10,100,LagrangeTemplate,highs,LTFarkas,4,110,11568.02252,11727,1.347318155,11568.02252,0,57,115,0.057792,0.032943,0.105986,2322,40178.57143,1.96832414,1,0,"{timeout:21600,max_col_multiplier:1,age_limit:2,random_seed:3,replication:4,num_threads:128,set_partition:false}",2
e10100.json.gz,e,10,100,LagrangeTemplate,highs,LTFarkas,4,110,11568.02252,11727,1.347318155,11568.02252,0,57,115,0.057792,0.032943,0.105987,2322,40178.57143,1.96832414,1,0,"{timeout:21600,max_col_multiplier:1,age_limit:2,random_seed:3,replication:4,num_threads:128,set_partition:false}",1
c60900.json.gz,c,60,900,LagrangeTemplate,highs,LTFarkas,5,4,9315.038004,9864,,9864,,60,189,0.003984,0.00418,0.178303,1560,391566.2651,8.253968254,1,0,"{timeout:21600,max_col_multiplier:1,age_limit:2,random_seed:4,replication:5,num_threads:128,set_partition:false}",-1
c60900.json.gz,c,60,900,LagrangeTemplate,highs,LTFarkas,5,217,9324.076309,9341,0.171287871,9324.653954,0.577644743,278,1049,2.53704,0.305045,3.064221,37116,14629.64715,2.848924045,1,0,"{timeout:21600,max_col_multiplier:1,age_limit:2,random_seed:4,replication:5,num_threads:128,set_partition:false}",2
c60900.json.gz,c,60,900,LagrangeTemplate,highs,LTFarkas,5,217,9324.076309,9341,0.171287871,9324.653954,0.577644743,278,1049,2.53704,0.305045,3.064221,37116,14629.64715,2.848924045,1,0,"{timeout:21600,max_col_multiplier:1,age_limit:2,random_seed:4,replication:5,num_threads:128,set_partition:false}",1
d05200.json.gz,d,5,200,LagrangeTemplate,highs,LTFarkas,3,4,12736.19608,12952,,12952,,5,15,0.001792,0.004478,0.017788,422,235491.0714,28.13333333,1,0,"{timeout:21600,max_col_multiplier:1,age_limit:4,random_seed:2,replication:3,num_threads:128,set_partition:false}",-1
d05200.json.gz,d,5,200,LagrangeTemplate,highs,LTFarkas,3,400,12740.02159,12943,1.560689176,12740.0392,0.017606545,42,221,1.529315,2.642184,4.213098,4281,2799.292494,2.019083333,1,0,"{timeout:21600,max_col_multiplier:1,age_limit:4,random_seed:2,replication:3,num_threads:128,set_partition:false}",2
d05200.json.gz,d,5,200,LagrangeTemplate,highs,LTFarkas,3,400,12740.02159,12943,1.560689176,12740.0392,0.017606545,42,221,1.529315,2.642184,4.213099,4281,2799.292494,2.019083333,1,0,"{timeout:21600,max_col_multiplier:1,age_limit:4,random_seed:2,replication:3,num_threads:128,set_partition:false}",1
e60900.json.gz,e,60,900,LagrangeTemplate,highs,LTFarkas,2,3,100103.2598,inf,,136162,,73,120,0.00355,0.002888,1.024608,7913,2229014.085,65.94166667,0,0,"{timeout:21600,max_col_multiplier:1,age_limit:2,random_seed:1,replication:2,num_threads:128,set_partition:false}",-1
e60900.json.gz,e,60,900,LagrangeTemplate,highs,LTFarkas,2,305,100146.3854,101820,1.643095659,100146.6465,0.261123508,261,987,6.294215,1.432999,8.81872,85595,13598.99527,4.56940206,1,0,"{timeout:21600,max_col_multiplier:1,age_limit:2,random_seed:1,replication:2,num_threads:128,set_partition:false}",2
e60900.json.gz,e,60,900,LagrangeTemplate,highs,LTFarkas,2,305,100146.3854,101820,1.643095659,100146.6465,0.261123508,261,987,6.294215,1.432999,8.818721,85595,13598.99527,4.56940206,1,0,"{timeout:21600,max_col_multiplier:1,age_limit:2,random_seed:1,replication:2,num_threads:128,set_partition:false}",1
c10100.json.gz,c,10,100,LagrangeTemplate,highs,LTFarkas,1,5,1387.009711,1456,,1456,,10,41,0.001607,0.002426,0.008464,183,113876.789,4.463414634,1,0,"{timeout:21600,max_col_multiplier:1,age_limit:2,random_seed:0,replication:1,num_threads:128,set_partition:false}",-1
c10100.json.gz,c,10,100,LagrangeTemplate,highs,LTFarkas,1,66,1399.642857,1404,0.284900285,1399.857143,0.214285714,30,125,0.02748,0.021367,0.056303,992,36098.98108,1.440823743,1,0,"{timeout:21600,max_col_multiplier:1,age_limit:2,random_seed:0,replication:1,num_threads:128,set_partition:false}",2
c10100.json.gz,c,10,100,LagrangeTemplate,highs,LTFarkas,1,66,1399.642857,1404,0.284900285,1399.857143,0.214285714,30,125,0.02748,0.021367,0.056304,992,36098.98108,1.440823743,1,0,"{timeout:21600,max_col_multiplier:1,age_limit:2,random_seed:0,replication:1,num_threads:128,set_partition:false}",1
d15900.json.gz,d,15,900,LagrangeTemplate,highs,LTFarkas,1,4,55400.46714,55987,,55987,,15,49,0.003126,0.012196,0.120602,2059,658669.2258,42.02040816,1,0,"{timeout:21600,max_col_multiplier:1,age_limit:6,random_seed:0,replication:1,num_threads:128,set_partition:false}",-1
d15900.json.gz,d,15,900,LagrangeTemplate,highs,LTFarkas,1,790,55402.03911,55627,0.402682151,55402.41117,0.372060742,121,1039,35.882198,37.346521,73.540312,56678,1579.55764,4.666346369,1,0,"{timeout:21600,max_col_multiplier:1,age_limit:6,random_seed:0,replication:1,num_threads:128,set_partition:false}",2
d15900.json.gz,d,15,900,LagrangeTemplate,highs,LTFarkas,1,790,55402.03911,55627,0.402682151,55402.41117,0.372060742,121,1039,35.882198,37.346521,73.540313,56678,1579.55764,4.666346369,1,0,"{timeout:21600,max_col_multiplier:1,age_limit:6,random_seed:0,replication:1,num_threads:128,set_partition:false}",1
c20100.json.gz,c,20,100,LagrangeTemplate,highs,LTFarkas,5,3,1218.987259,1380,,1380,,20,40,0.000592,0.001063,0.006595,201,339527.027,5.025,1,0,"{timeout:21600,max_col_multiplier:1,age_limit:2,random_seed:4,replication:5,num_threads:128,set_partition:false}",-1
c20100.json.gz,c,20,100,LagrangeTemplate,highs,LTFarkas,5,35,1241.666667,1249,0.560448359,1241.666667,0,50,122,0.01609,0.00955,0.032842,983,61093.84711,1.429978735,1,0,"{timeout:21600,max_col_multiplier:1,age_limit:2,random_seed:4,replication:5,num_threads:128,set_partition:false}",2
c20100.json.gz,c,20,100,LagrangeTemplate,highs,LTFarkas,5,35,1241.666667,1249,0.560448359,1241.666667,0,50,122,0.01609,0.00955,0.032843,983,61093.84711,1.429978735,1,0,"{timeout:21600,max_col_multiplier:1,age_limit:2,random_seed:4,replication:5,num_threads:128,set_partition:false}",1
e201600.json.gz,e,20,1600,LagrangeTemplate,highs,LTFarkas,1,4,180640.2918,inf,,192593,,26,60,0.005374,0.008353,0.521781,7545,1403982.136,125.75,0,0,"{timeout:21600,max_col_multiplier:1,age_limit:8,random_seed:0,replication:1,num_threads:128,set_partition:false}",-1
e201600.json.gz,e,20,1600,LagrangeTemplate,highs,LTFarkas,1,990,180643.0013,181148,0.278225512,180643.6185,0.617225685,108,1742,175.835409,25.52339,202.299679,153074,870.5527565,7.533904233,1,0,"{timeout:21600,max_col_multiplier:1,age_limit:8,random_seed:0,replication:1,num_threads:128,set_partition:false}",2
e201600.json.gz,e,20,1600,LagrangeTemplate,highs,LTFarkas,1,990,180643.0013,181148,0.278225512,180643.6185,0.617225685,108,1742,175.835409,25.52339,202.29968,153074,870.5527565,7.533904233,1,0,"{timeout:21600,max_col_multiplier:1,age_limit:8,random_seed:0,replication:1,num_threads:128,set_partition:false}",1
c15900.json.gz,c,15,900,LagrangeTemplate,highs,LTFarkas,5,5,11336.57438,11454,,11454,,15,62,0.003815,0.00695,0.051877,1179,309043.2503,19.01612903,1,0,"{timeout:21600,max_col_multiplier:1,age_limit:6,random_seed:4,replication:5,num_threads:128,set_partition:false}",-1
c15900.json.gz,c,15,900,LagrangeTemplate,highs,LTFarkas,5,573,11338.04746,11358,0.167282972,11338.87871,0.831247028,84,1020,9.486871,2.591859,12.218282,25621,2700.679708,2.885367184,1,0,"{timeout:21600,max_col_multiplier:1,age_limit:6,random_seed:4,replication:5,num_threads:128,set_partition:false}",2
c15900.json.gz,c,15,900,LagrangeTemplate,highs,LTFarkas,5,573,11338.04746,11358,0.167282972,11338.87871,0.831247028,84,1020,9.486871,2.591859,12.218283,25621,2700.679708,2.885367184,1,0,"{timeout:21600,max_col_multiplier:1,age_limit:6,random_seed:4,replication:5,num_threads:128,set_partition:false}",1
e801600.json.gz,e,80,1600,LagrangeTemplate,highs,LTFarkas,2,3,176780.9892,inf,,220366.4545,,97,160,0.006708,0.004367,3.582566,14975,2232409.064,93.59375,0,0,"{timeout:21600,max_col_multiplier:1,age_limit:2,random_seed:1,replication:2,num_threads:128,set_partition:false}",-1
e801600.json.gz,e,80,1600,LagrangeTemplate,highs,LTFarkas,2,850,176818.2578,176823,0.002262149,176818.942,0.684211861,329,1736,81.443441,10.739689,96.192941,414991,5095.450228,6.059154465,1,0,"{timeout:21600,max_col_multiplier:1,age_limit:2,random_seed:1,replication:2,num_threads:128,set_partition:false}",2
e801600.json.gz,e,80,1600,LagrangeTemplate,highs,LTFarkas,2,850,176818.2578,176823,0.002262149,176818.942,0.684211861,329,1736,81.443441,10.739689,96.192942,414991,5095.450228,6.059154465,1,0,"{timeout:21600,max_col_multiplier:1,age_limit:2,random_seed:1,replication:2,num_threads:128,set_partition:false}",1
d801600.json.gz,d,80,1600,LagrangeTemplate,highs,LTFarkas,4,3,97034,inf,,101870.9318,,103,160,0.006142,0.006762,1.253143,4774,777271.2472,29.8375,0,0,"{timeout:21600,max_col_multiplier:1,age_limit:2,random_seed:3,replication:4,num_threads:128,set_partition:false}",-1
d801600.json.gz,d,80,1600,LagrangeTemplate,highs,LTFarkas,4,389,97034,98930,1.916506621,97034,65.00000004,560,2030,26.364822,21.66537,49.522946,128567,4876.460004,4.05359951,1,0,"{timeout:21600,max_col_multiplier:1,age_limit:2,random_seed:3,replication:4,num_threads:128,set_partition:false}",2
d801600.json.gz,d,80,1600,LagrangeTemplate,highs,LTFarkas,4,389,97034,98930,1.916506621,97034,65.00000004,560,2030,26.364822,21.66537,49.522947,128567,4876.460004,4.05359951,1,0,"{timeout:21600,max_col_multiplier:1,age_limit:2,random_seed:3,replication:4,num_threads:128,set_partition:false}",1
c30900.json.gz,c,30,900,LagrangeTemplate,highs,LTFarkas,1,4,9974.681661,10209,,10209,,30,94,0.003083,0.00408,0.091035,1287,417450.5352,13.69148936,1,0,"{timeout:21600,max_col_multiplier:1,age_limit:3,random_seed:0,replication:1,num_threads:128,set_partition:false}",-1
c30900.json.gz,c,30,900,LagrangeTemplate,highs,LTFarkas,1,408,9981.019115,9995,0.130065033,9981.163126,0.144010344,162,951,4.26907,0.768268,5.190415,34016,7968.011768,2.735134891,1,0,"{timeout:21600,max_col_multiplier:1,age_limit:3,random_seed:0,replication:1,num_threads:128,set_partition:false}",2
c30900.json.gz,c,30,900,LagrangeTemplate,highs,LTFarkas,1,408,9981.019115,9995,0.130065033,9981.163126,0.144010344,162,951,4.26907,0.768268,5.190416,34016,7968.011768,2.735134891,1,0,"{timeout:21600,max_col_multiplier:1,age_limit:3,random_seed:0,replication:1,num_threads:128,set_partition:false}",1
d60900.json.gz,d,60,900,LagrangeTemplate,highs,LTFarkas,2,3,54551,inf,,58538.375,,80,120,0.003316,0.004188,0.444694,3070,925814.234,25.58333333,0,0,"{timeout:21600,max_col_multiplier:1,age_limit:2,random_seed:1,replication:2,num_threads:128,set_partition:false}",-1
d60900.json.gz,d,60,900,LagrangeTemplate,highs,LTFarkas,2,320,54551,55375,1.488036117,54551,84.00000003,404,1226,8.854787,5.811672,15.235114,77726,8777.850896,3.9540625,1,0,"{timeout:21600,max_col_multiplier:1,age_limit:2,random_seed:1,replication:2,num_threads:128,set_partition:false}",2
d60900.json.gz,d,60,900,LagrangeTemplate,highs,LTFarkas,2,320,54551,55375,1.488036117,54551,84.00000003,404,1226,8.854787,5.811672,15.235115,77726,8777.850896,3.9540625,1,0,"{timeout:21600,max_col_multiplier:1,age_limit:2,random_seed:1,replication:2,num_threads:128,set_partition:false}",1
e05100.json.gz,e,5,100,LagrangeTemplate,highs,LTFarkas,2,3,12641.41913,14054,,14054,,5,13,0.001022,0.001336,0.007172,231,226027.3973,17.76923077,1,0,"{timeout:21600,max_col_multiplier:1,age_limit:2,random_seed:1,replication:2,num_threads:128,set_partition:false}",-1
e05100.json.gz,e,5,100,LagrangeTemplate,highs,LTFarkas,2,161,12673.04695,12951,2.138830978,12673.04695,0,34,107,0.075677,0.052525,0.137823,1356,17918.25786,1.574860647,1,0,"{timeout:21600,max_col_multiplier:1,age_limit:2,random_seed:1,replication:2,num_threads:128,set_partition:false}",2
e05100.json.gz,e,5,100,LagrangeTemplate,highs,LTFarkas,2,161,12673.04695,12951,2.138830978,12673.04695,0,34,107,0.075677,0.052525,0.137824,1356,17918.25786,1.574860647,1,0,"{timeout:21600,max_col_multiplier:1,age_limit:2,random_seed:1,replication:2,num_threads:128,set_partition:false}",1
d401600.json.gz,d,40,1600,LagrangeTemplate,highs,LTFarkas,2,3,97105,inf,,101887.5,,50,80,0.005343,0.011159,0.56864,4588,858693.6178,57.35,0,0,"{timeout:21600,max_col_multiplier:1,age_limit:4,random_seed:1,replication:2,num_threads:128,set_partition:false}",-1
d401600.json.gz,d,40,1600,LagrangeTemplate,highs,LTFarkas,2,550,97105,97628,0.535706969,97105,116.75,272,1953,55.374243,37.480021,93.688352,106205,1917.94947,4.715393201,1,0,"{timeout:21600,max_col_multiplier:1,age_limit:4,random_seed:1,replication:2,num_threads:128,set_partition:false}",2
d401600.json.gz,d,40,1600,LagrangeTemplate,highs,LTFarkas,2,550,97105,97628,0.535706969,97105,116.75,272,1953,55.374243,37.480021,93.688353,106205,1917.94947,4.715393201,1,0,"{timeout:21600,max_col_multiplier:1,age_limit:4,random_seed:1,replication:2,num_threads:128,set_partition:false}",1
e801600.json.gz,e,80,1600,LagrangeTemplate,highs,LTFarkas,1,4,176780.9892,203536,,203536,,80,255,0.010126,0.005929,3.616613,15060,1487260.517,59.05882353,1,0,"{timeout:21600,max_col_multiplier:1,age_limit:2,random_seed:0,replication:1,num_threads:128,set_partition:false}",-1
e801600.json.gz,e,80,1600,LagrangeTemplate,highs,LTFarkas,1,914,176818.1098,176823,0.002262149,176818.942,0.832206734,325,1736,74.577756,11.334531,90.011547,401722,5386.619571,5.396611605,1,0,"{timeout:21600,max_col_multiplier:1,age_limit:2,random_seed:0,replication:1,num_threads:128,set_partition:false}",2
e801600.json.gz,e,80,1600,LagrangeTemplate,highs,LTFarkas,1,914,176818.1098,176823,0.002262149,176818.942,0.832206734,325,1736,74.577756,11.334531,90.011549,401722,5386.619571,5.396611605,1,0,"{timeout:21600,max_col_multiplier:1,age_limit:2,random_seed:0,replication:1,num_threads:128,set_partition:false}",1
d10400.json.gz,d,10,400,LagrangeTemplate,highs,LTFarkas,2,3,24955.99482,25220,,25220,,10,20,0.001016,0.004149,0.04448,853,839566.9291,42.65,1,0,"{timeout:21600,max_col_multiplier:1,age_limit:4,random_seed:1,replication:2,num_threads:128,set_partition:false}",-1
d10400.json.gz,d,10,400,LagrangeTemplate,highs,LTFarkas,2,547,24958.04229,25109,0.597395356,24958.61036,0.568067318,79,467,6.252067,8.412773,14.785656,15941,2549.716758,2.846998781,1,0,"{timeout:21600,max_col_multiplier:1,age_limit:4,random_seed:1,replication:2,num_threads:128,set_partition:false}",2
d10400.json.gz,d,10,400,LagrangeTemplate,highs,LTFarkas,2,547,24958.04229,25109,0.597395356,24958.61036,0.568067318,79,467,6.252067,8.412773,14.785657,15941,2549.716758,2.846998781,1,0,"{timeout:21600,max_col_multiplier:1,age_limit:4,random_seed:1,replication:2,num_threads:128,set_partition:false}",1
c201600.json.gz,c,20,1600,LagrangeTemplate,highs,LTFarkas,2,5,18798.56503,19026,,19026,,20,84,0.007395,0.019332,0.137754,2036,275321.1629,24.23809524,1,0,"{timeout:21600,max_col_multiplier:1,age_limit:8,random_seed:1,replication:2,num_threads:128,set_partition:false}",-1
c201600.json.gz,c,20,1600,LagrangeTemplate,highs,LTFarkas,2,1032,18801.00744,18815,0.069093808,18801.16411,0.156667698,127,1676,78.162348,7.99136,86.652381,85209,1090.154047,4.089354099,1,0,"{timeout:21600,max_col_multiplier:1,age_limit:8,random_seed:1,replication:2,num_threads:128,set_partition:false}",2
c201600.json.gz,c,20,1600,LagrangeTemplate,highs,LTFarkas,2,1032,18801.00744,18815,0.069093808,18801.16411,0.156667698,127,1676,78.162348,7.99136,86.652382,85209,1090.154047,4.089354099,1,0,"{timeout:21600,max_col_multiplier:1,age_limit:8,random_seed:1,replication:2,num_threads:128,set_partition:false}",1
e15900.json.gz,e,15,900,LagrangeTemplate,highs,LTFarkas,2,4,102416.6097,104780,,104780,,15,46,0.002971,0.005251,0.17556,3856,1297879.502,83.82608696,1,0,"{timeout:21600,max_col_multiplier:1,age_limit:6,random_seed:1,replication:2,num_threads:128,set_partition:false}",-1
e15900.json.gz,e,15,900,LagrangeTemplate,highs,LTFarkas,2,768,102419.1057,102929,0.494515637,102419.9009,0.795210628,79,970,22.709657,9.383597,32.420492,62258,2741.476897,5.261144703,1,0,"{timeout:21600,max_col_multiplier:1,age_limit:6,random_seed:1,replication:2,num_threads:128,set_partition:false}",2
e15900.json.gz,e,15,900,LagrangeTemplate,highs,LTFarkas,2,768,102419.1057,102929,0.494515637,102419.9009,0.795210628,79,970,22.709657,9.383597,32.420493,62258,2741.476897,5.261144703,1,0,"{timeout:21600,max_col_multiplier:1,age_limit:6,random_seed:1,replication:2,num_threads:128,set_partition:false}",1
d30900.json.gz,d,30,900,LagrangeTemplate,highs,LTFarkas,2,4,54828.75354,inf,,56741.5,,43,90,0.0035,0.00835,0.220706,2691,768857.1429,29.9,0,0,"{timeout:21600,max_col_multiplier:1,age_limit:3,random_seed:1,replication:2,num_threads:128,set_partition:false}",-1
d30900.json.gz,d,30,900,LagrangeTemplate,highs,LTFarkas,2,570,54832.05616,55176,0.621647093,54832.38148,0.325322208,233,1047,16.382579,17.372738,34.136331,71378,4356.945265,4.082819459,1,0,"{timeout:21600,max_col_multiplier:1,age_limit:3,random_seed:1,replication:2,num_threads:128,set_partition:false}",2
d30900.json.gz,d,30,900,LagrangeTemplate,highs,LTFarkas,2,570,54832.05616,55176,0.621647093,54832.38148,0.325322208,233,1047,16.382579,17.372738,34.136333,71378,4356.945265,4.082819459,1,0,"{timeout:21600,max_col_multiplier:1,age_limit:3,random_seed:1,replication:2,num_threads:128,set_partition:false}",1
e10200.json.gz,e,10,200,LagrangeTemplate,highs,LTFarkas,2,3,23293.85615,25600,,25600,,10,21,0.001208,0.001808,0.018403,767,634933.7748,36.52380952,1,0,"{timeout:21600,max_col_multiplier:1,age_limit:2,random_seed:1,replication:2,num_threads:128,set_partition:false}",-1
e10200.json.gz,e,10,200,LagrangeTemplate,highs,LTFarkas,2,312,23302.03394,23363,0.256816334,23302.04956,0.015614392,60,217,0.391987,0.31214,0.734282,7747,19763.41052,2.380078602,1,0,"{timeout:21600,max_col_multiplier:1,age_limit:2,random_seed:1,replication:2,num_threads:128,set_partition:false}",2
e10200.json.gz,e,10,200,LagrangeTemplate,highs,LTFarkas,2,312,23302.03394,23363,0.256816334,23302.04956,0.015614392,60,217,0.391987,0.31214,0.734283,7747,19763.41052,2.380078602,1,0,"{timeout:21600,max_col_multiplier:1,age_limit:2,random_seed:1,replication:2,num_threads:128,set_partition:false}",1
d30900.json.gz,d,30,900,LagrangeTemplate,highs,LTFarkas,5,4,54828.75354,inf,,57335,,39,90,0.003779,0.009633,0.22122,2708,716591.6909,30.08888889,0,0,"{timeout:21600,max_col_multiplier:1,age_limit:3,random_seed:4,replication:5,num_threads:128,set_partition:false}",-1
d30900.json.gz,d,30,900,LagrangeTemplate,highs,LTFarkas,5,525,54832.13192,55378,0.984145328,54832.38169,0.249776076,231,1067,15.256068,15.876332,31.496878,64337,4217.141665,3.987035171,1,0,"{timeout:21600,max_col_multiplier:1,age_limit:3,random_seed:4,replication:5,num_threads:128,set_partition:false}",2
d30900.json.gz,d,30,900,LagrangeTemplate,highs,LTFarkas,5,525,54832.13192,55378,0.984145328,54832.38169,0.249776076,231,1067,15.256068,15.876332,31.496879,64337,4217.141665,3.987035171,1,0,"{timeout:21600,max_col_multiplier:1,age_limit:3,random_seed:4,replication:5,num_threads:128,set_partition:false}",1
a05100.json.gz,a,5,100,LagrangeTemplate,highs,LTFarkas,2,2,1697.727273,1698,,1698,,5,5,0.000614,0.000995,0.005104,113,184039.0879,22.6,1,0,"{timeout:21600,max_col_multiplier:1,age_limit:2,random_seed:1,replication:2,num_threads:128,set_partition:false}",-1
a05100.json.gz,a,5,100,LagrangeTemplate,highs,LTFarkas,2,2,1697.727273,1698,0,1698,7752,5,10,0.000687,0.001897,0.006123,113,164483.2606,11.3,1,0,"{timeout:21600,max_col_multiplier:1,age_limit:2,random_seed:1,replication:2,num_threads:128,set_partition:false}",2
a05100.json.gz,a,5,100,LagrangeTemplate,highs,LTFarkas,2,2,1697.727273,1698,0,1698,7752,5,10,0.000687,0.001897,0.006124,113,164483.2606,11.3,1,0,"{timeout:21600,max_col_multiplier:1,age_limit:2,random_seed:1,replication:2,num_threads:128,set_partition:false}",1
d10200.json.gz,d,10,200,LagrangeTemplate,highs,LTFarkas,5,4,12418.3621,12798,,12798,,10,31,0.001533,0.002279,0.013663,518,337899.5434,16.70967742,1,0,"{timeout:21600,max_col_multiplier:1,age_limit:2,random_seed:4,replication:5,num_threads:128,set_partition:false}",-1
d10200.json.gz,d,10,200,LagrangeTemplate,highs,LTFarkas,5,268,12425.03385,12640,1.693037975,12425.61898,0.585127643,80,238,0.69057,1.067133,1.790167,5879,8513.257164,2.072443418,1,0,"{timeout:21600,max_col_multiplier:1,age_limit:2,random_seed:4,replication:5,num_threads:128,set_partition:false}",2
d10200.json.gz,d,10,200,LagrangeTemplate,highs,LTFarkas,5,268,12425.03385,12640,1.693037975,12425.61898,0.585127643,80,238,0.69057,1.067133,1.790168,5879,8513.257164,2.072443418,1,0,"{timeout:21600,max_col_multiplier:1,age_limit:2,random_seed:4,replication:5,num_threads:128,set_partition:false}",1
d20400.json.gz,d,20,400,LagrangeTemplate,highs,LTFarkas,2,3,24552.43633,25320,,25320,,20,46,0.001224,0.002096,0.057148,1176,960784.3137,25.56521739,1,0,"{timeout:21600,max_col_multiplier:1,age_limit:2,random_seed:1,replication:2,num_threads:128,set_partition:false}",-1
d20400.json.gz,d,20,400,LagrangeTemplate,highs,LTFarkas,2,344,24560.10435,24896,1.345597686,24560.20529,0.100944251,147,447,2.810928,3.123802,6.047309,19385,6896.299016,2.749091526,1,0,"{timeout:21600,max_col_multiplier:1,age_limit:2,random_seed:1,replication:2,num_threads:128,set_partition:false}",2
d20400.json.gz,d,20,400,LagrangeTemplate,highs,LTFarkas,2,344,24560.10435,24896,1.345597686,24560.20529,0.100944251,147,447,2.810928,3.123802,6.04731,19385,6896.299016,2.749091526,1,0,"{timeout:21600,max_col_multiplier:1,age_limit:2,random_seed:1,replication:2,num_threads:128,set_partition:false}",1
b20100.json.gz,b,20,100,LagrangeTemplate,highs,LTFarkas,4,4,1155.181433,inf,,1244,,23,60,0.000866,0.001619,0.006809,183,211316.3972,3.05,0,0,"{timeout:21600,max_col_multiplier:1,age_limit:2,random_seed:3,replication:4,num_threads:128,set_partition:false}",-1
b20100.json.gz,b,20,100,LagrangeTemplate,highs,LTFarkas,4,32,1165.3,1166,0,1166,0.7,20,138,0.012554,0.009956,0.028856,672,53528.75578,1.062649585,1,0,"{timeout:21600,max_col_multiplier:1,age_limit:2,random_seed:3,replication:4,num_threads:128,set_partition:false}",2
b20100.json.gz,b,20,100,LagrangeTemplate,highs,LTFarkas,4,32,1165.3,1166,0,1166,0.7,20,138,0.012554,0.009956,0.028857,672,53528.75578,1.062649585,1,0,"{timeout:21600,max_col_multiplier:1,age_limit:2,random_seed:3,replication:4,num_threads:128,set_partition:false}",1
c20100.json.gz,c,20,100,LagrangeTemplate,highs,LTFarkas,4,3,1218.987259,1378,,1378,,20,40,0.00051,0.001111,0.006545,195,382352.9412,4.875,1,0,"{timeout:21600,max_col_multiplier:1,age_limit:2,random_seed:3,replication:4,num_threads:128,set_partition:false}",-1
c20100.json.gz,c,20,100,LagrangeTemplate,highs,LTFarkas,4,31,1241.333333,1254,0.956937799,1241.666667,0.333333333,54,140,0.014968,0.009038,0.03064,978,65339.3907,1.507057769,1,0,"{timeout:21600,max_col_multiplier:1,age_limit:2,random_seed:3,replication:4,num_threads:128,set_partition:false}",2
c20100.json.gz,c,20,100,LagrangeTemplate,highs,LTFarkas,4,31,1241.333333,1254,0.956937799,1241.666667,0.333333333,54,140,0.014968,0.009038,0.030641,978,65339.3907,1.507057769,1,0,"{timeout:21600,max_col_multiplier:1,age_limit:2,random_seed:3,replication:4,num_threads:128,set_partition:false}",1
e401600.json.gz,e,40,1600,LagrangeTemplate,highs,LTFarkas,1,4,178282.6193,inf,,198368,,45,120,0.006409,0.006602,1.33954,10081,1572944.297,84.00833333,0,0,"{timeout:21600,max_col_multiplier:1,age_limit:4,random_seed:0,replication:1,num_threads:128,set_partition:false}",-1
e401600.json.gz,e,40,1600,LagrangeTemplate,highs,LTFarkas,1,721,178292.0216,178606,0.175246072,178292.2407,0.219133512,188,1701,58.644548,11.808146,72.05322,170456,2906.595853,5.810149713,1,0,"{timeout:21600,max_col_multiplier:1,age_limit:4,random_seed:0,replication:1,num_threads:128,set_partition:false}",2
e401600.json.gz,e,40,1600,LagrangeTemplate,highs,LTFarkas,1,721,178292.0216,178606,0.175246072,178292.2407,0.219133512,188,1701,58.644548,11.808146,72.053221,170456,2906.595853,5.810149713,1,0,"{timeout:21600,max_col_multiplier:1,age_limit:4,random_seed:0,replication:1,num_threads:128,set_partition:false}",1
c10200.json.gz,c,10,200,LagrangeTemplate,highs,LTFarkas,1,4,2795.407916,2849,,2849,,10,30,0.001018,0.001633,0.008743,288,282907.6621,9.6,1,0,"{timeout:21600,max_col_multiplier:1,age_limit:2,random_seed:0,replication:1,num_threads:128,set_partition:false}",-1
c10200.json.gz,c,10,200,LagrangeTemplate,highs,LTFarkas,1,205,2803.202765,2816,0.426136364,2803.949309,0.746543779,53,238,0.175251,0.119541,0.310063,3499,19965.64927,1.653228804,1,0,"{timeout:21600,max_col_multiplier:1,age_limit:2,random_seed:0,replication:1,num_threads:128,set_partition:false}",2
c10200.json.gz,c,10,200,LagrangeTemplate,highs,LTFarkas,1,205,2803.202765,2816,0.426136364,2803.949309,0.746543779,53,238,0.175251,0.119541,0.310064,3499,19965.64927,1.653228804,1,0,"{timeout:21600,max_col_multiplier:1,age_limit:2,random_seed:0,replication:1,num_threads:128,set_partition:false}",1
c40400.json.gz,c,40,400,LagrangeTemplate,highs,LTFarkas,2,4,4231.982216,4547,,4547,,40,123,0.001869,0.002141,0.042243,678,362760.8347,5.512195122,1,0,"{timeout:21600,max_col_multiplier:1,age_limit:2,random_seed:1,replication:2,num_threads:128,set_partition:false}",-1
c40400.json.gz,c,40,400,LagrangeTemplate,highs,LTFarkas,2,112,4243.30773,4246,0.047103156,4243.449008,0.14127752,149,490,0.271336,0.069189,0.393498,8385,30902.64469,1.880799369,1,0,"{timeout:21600,max_col_multiplier:1,age_limit:2,random_seed:1,replication:2,num_threads:128,set_partition:false}",2
c40400.json.gz,c,40,400,LagrangeTemplate,highs,LTFarkas,2,112,4243.30773,4246,0.047103156,4243.449008,0.14127752,149,490,0.271336,0.069189,0.393499,8385,30902.64469,1.880799369,1,0,"{timeout:21600,max_col_multiplier:1,age_limit:2,random_seed:1,replication:2,num_threads:128,set_partition:false}",1
b10200.json.gz,b,10,200,LagrangeTemplate,highs,LTFarkas,2,5,2815.050673,2898,,2898,,10,41,0.001334,0.002086,0.00925,305,228635.6822,7.43902439,1,0,"{timeout:21600,max_col_multiplier:1,age_limit:2,random_seed:1,replication:2,num_threads:128,set_partition:false}",-1
b10200.json.gz,b,10,200,LagrangeTemplate,highs,LTFarkas,2,200,2825.23125,2842,0.562983814,2825.509375,0.278125,45,217,0.16745,0.114102,0.296217,3415,20394.14751,1.6897229,1,0,"{timeout:21600,max_col_multiplier:1,age_limit:2,random_seed:1,replication:2,num_threads:128,set_partition:false}",2
b10200.json.gz,b,10,200,LagrangeTemplate,highs,LTFarkas,2,200,2825.23125,2842,0.562983814,2825.509375,0.278125,45,217,0.16745,0.114102,0.296218,3415,20394.14751,1.6897229,1,0,"{timeout:21600,max_col_multiplier:1,age_limit:2,random_seed:1,replication:2,num_threads:128,set_partition:false}",1
e20100.json.gz,e,20,100,LagrangeTemplate,highs,LTFarkas,2,3,8359.58204,12218,,12218,,20,41,0.000571,0.001213,0.015381,587,1028021.016,14.31707317,1,0,"{timeout:21600,max_col_multiplier:1,age_limit:2,random_seed:1,replication:2,num_threads:128,set_partition:false}",-1
e20100.json.gz,e,20,100,LagrangeTemplate,highs,LTFarkas,2,66,8431.397196,8681,2.868333141,8431.510082,0.112886049,93,153,0.056864,0.025199,0.100525,3427,60266.60101,2.648273744,1,0,"{timeout:21600,max_col_multiplier:1,age_limit:2,random_seed:1,replication:2,num_threads:128,set_partition:false}",2
e20100.json.gz,e,20,100,LagrangeTemplate,highs,LTFarkas,2,66,8431.397196,8681,2.868333141,8431.510082,0.112886049,93,153,0.056864,0.025199,0.100526,3427,60266.60101,2.648273744,1,0,"{timeout:21600,max_col_multiplier:1,age_limit:2,random_seed:1,replication:2,num_threads:128,set_partition:false}",1
c05200.json.gz,c,5,200,LagrangeTemplate,highs,LTFarkas,3,9,3450.765286,inf,,3567.75,,17,40,0.003261,0.004357,0.010989,294,90156.39374,7.35,0,0,"{timeout:21600,max_col_multiplier:1,age_limit:4,random_seed:2,replication:3,num_threads:128,set_partition:false}",-1
c05200.json.gz,c,5,200,LagrangeTemplate,highs,LTFarkas,3,334,3454.029412,3460,0.144508671,3454.492647,0.463235294,27,217,0.614521,0.468884,1.102591,3721,6055.122608,2.090419162,1,0,"{timeout:21600,max_col_multiplier:1,age_limit:4,random_seed:2,replication:3,num_threads:128,set_partition:false}",2
c05200.json.gz,c,5,200,LagrangeTemplate,highs,LTFarkas,3,334,3454.029412,3460,0.144508671,3454.492647,0.463235294,27,217,0.614521,0.468884,1.102592,3721,6055.122608,2.090419162,1,0,"{timeout:21600,max_col_multiplier:1,age_limit:4,random_seed:2,replication:3,num_threads:128,set_partition:false}",1
c15900.json.gz,c,15,900,LagrangeTemplate,highs,LTFarkas,2,5,11336.57438,11471,,11471,,15,60,0.004019,0.008786,0.056109,1182,294103.0107,19.7,1,0,"{timeout:21600,max_col_multiplier:1,age_limit:6,random_seed:1,replication:2,num_threads:128,set_partition:false}",-1
c15900.json.gz,c,15,900,LagrangeTemplate,highs,LTFarkas,2,720,11338.10683,11364,0.21999296,11338.86692,0.760097087,90,1016,13.222869,3.378087,16.767106,35242,2665.230972,3.187832522,1,0,"{timeout:21600,max_col_multiplier:1,age_limit:6,random_seed:1,replication:2,num_threads:128,set_partition:false}",2
c15900.json.gz,c,15,900,LagrangeTemplate,highs,LTFarkas,2,720,11338.10683,11364,0.21999296,11338.86692,0.760097087,90,1016,13.222869,3.378087,16.767107,35242,2665.230972,3.187832522,1,0,"{timeout:21600,max_col_multiplier:1,age_limit:6,random_seed:1,replication:2,num_threads:128,set_partition:false}",1
d20200.json.gz,d,20,200,LagrangeTemplate,highs,LTFarkas,4,3,12217.69342,12975,,12975,,20,43,0.000901,0.001299,0.021013,632,701442.8413,14.69767442,1,0,"{timeout:21600,max_col_multiplier:1,age_limit:2,random_seed:3,replication:4,num_threads:128,set_partition:false}",-1
d20200.json.gz,d,20,200,LagrangeTemplate,highs,LTFarkas,4,171,12229.06626,12336,0.859273671,12229.66448,0.598223775,135,276,0.529257,0.41525,0.981288,9683,18295.45948,2.801709091,1,0,"{timeout:21600,max_col_multiplier:1,age_limit:2,random_seed:3,replication:4,num_threads:128,set_partition:false}",2
d20200.json.gz,d,20,200,LagrangeTemplate,highs,LTFarkas,4,171,12229.06626,12336,0.859273671,12229.66448,0.598223775,135,276,0.529257,0.41525,0.981289,9683,18295.45948,2.801709091,1,0,"{timeout:21600,max_col_multiplier:1,age_limit:2,random_seed:3,replication:4,num_threads:128,set_partition:false}",1
c40400.json.gz,c,40,400,LagrangeTemplate,highs,LTFarkas,5,4,4231.982216,4556,,4556,,40,124,0.002636,0.002255,0.043385,657,249241.2747,5.298387097,1,0,"{timeout:21600,max_col_multiplier:1,age_limit:2,random_seed:4,replication:5,num_threads:128,set_partition:false}",-1
c40400.json.gz,c,40,400,LagrangeTemplate,highs,LTFarkas,5,100,4243.179323,4249,0.117674747,4243.449709,0.270386732,148,492,0.231919,0.059707,0.343406,7293,31446.32393,1.865104315,1,0,"{timeout:21600,max_col_multiplier:1,age_limit:2,random_seed:4,replication:5,num_threads:128,set_partition:false}",2
c40400.json.gz,c,40,400,LagrangeTemplate,highs,LTFarkas,5,100,4243.179323,4249,0.117674747,4243.449709,0.270386732,148,492,0.231919,0.059707,0.343407,7293,31446.32393,1.865104315,1,0,"{timeout:21600,max_col_multiplier:1,age_limit:2,random_seed:4,replication:5,num_threads:128,set_partition:false}",1
e201600.json.gz,e,20,1600,LagrangeTemplate,highs,LTFarkas,3,5,180640.2918,187210,,187210,,20,83,0.007038,0.012122,0.528618,7579,1076868.429,91.31325301,1,0,"{timeout:21600,max_col_multiplier:1,age_limit:8,random_seed:2,replication:3,num_threads:128,set_partition:false}",-1
e201600.json.gz,e,20,1600,LagrangeTemplate,highs,LTFarkas,3,1128,180643.0119,181307,0.365678093,180643.619,0.607171202,105,1729,173.920612,30.523846,205.443117,186768,1073.869266,8.103027305,1,0,"{timeout:21600,max_col_multiplier:1,age_limit:8,random_seed:2,replication:3,num_threads:128,set_partition:false}",2
e201600.json.gz,e,20,1600,LagrangeTemplate,highs,LTFarkas,3,1128,180643.0119,181307,0.365678093,180643.619,0.607171202,105,1729,173.920612,30.523846,205.443118,186768,1073.869266,8.103027305,1,0,"{timeout:21600,max_col_multiplier:1,age_limit:8,random_seed:2,replication:3,num_threads:128,set_partition:false}",1
d60900.json.gz,d,60,900,LagrangeTemplate,highs,LTFarkas,1,3,54551,56843,,56843,,60,126,0.002863,0.003616,0.445301,3031,1058679.707,24.05555556,1,0,"{timeout:21600,max_col_multiplier:1,age_limit:2,random_seed:0,replication:1,num_threads:128,set_partition:false}",-1
d60900.json.gz,d,60,900,LagrangeTemplate,highs,LTFarkas,1,259,54551,55953,2.505674405,54551,35.33333449,401,1187,6.909804,4.660667,12.105164,62048,8979.704779,3.875738679,1,0,"{timeout:21600,max_col_multiplier:1,age_limit:2,random_seed:0,replication:1,num_threads:128,set_partition:false}",2
d60900.json.gz,d,60,900,LagrangeTemplate,highs,LTFarkas,1,259,54551,55953,2.505674405,54551,35.33333449,401,1187,6.909804,4.660667,12.105165,62048,8979.704779,3.875738679,1,0,"{timeout:21600,max_col_multiplier:1,age_limit:2,random_seed:0,replication:1,num_threads:128,set_partition:false}",1
d801600.json.gz,d,80,1600,LagrangeTemplate,highs,LTFarkas,5,3,97034,inf,,102332.2857,,104,160,0.007421,0.00732,1.241228,4822,649777.658,30.1375,0,0,"{timeout:21600,max_col_multiplier:1,age_limit:2,random_seed:4,replication:5,num_threads:128,set_partition:false}",-1
d801600.json.gz,d,80,1600,LagrangeTemplate,highs,LTFarkas,5,409,97034,97831,0.814670197,97034,189.0000016,553,2046,28.112777,21.672109,51.293145,135176,4808.347464,4.061438955,1,0,"{timeout:21600,max_col_multiplier:1,age_limit:2,random_seed:4,replication:5,num_threads:128,set_partition:false}",2
d801600.json.gz,d,80,1600,LagrangeTemplate,highs,LTFarkas,5,409,97034,97831,0.814670197,97034,189.0000016,553,2046,28.112777,21.672109,51.293146,135176,4808.347464,4.061438955,1,0,"{timeout:21600,max_col_multiplier:1,age_limit:2,random_seed:4,replication:5,num_threads:128,set_partition:false}",1
e15900.json.gz,e,15,900,LagrangeTemplate,highs,LTFarkas,1,4,102416.6097,inf,,108977,,18,45,0.00322,0.005535,0.175329,3873,1202795.031,86.06666667,0,0,"{timeout:21600,max_col_multiplier:1,age_limit:6,random_seed:0,replication:1,num_threads:128,set_partition:false}",-1
e15900.json.gz,e,15,900,LagrangeTemplate,highs,LTFarkas,1,738,102419.1578,102597,0.172519664,102419.9041,0.74631253,77,980,20.299382,8.786033,29.400404,52818,2601.951133,4.588815344,1,0,"{timeout:21600,max_col_multiplier:1,age_limit:6,random_seed:0,replication:1,num_threads:128,set_partition:false}",2
e15900.json.gz,e,15,900,LagrangeTemplate,highs,LTFarkas,1,738,102419.1578,102597,0.172519664,102419.9041,0.74631253,77,980,20.299382,8.786033,29.400405,52818,2601.951133,4.588815344,1,0,"{timeout:21600,max_col_multiplier:1,age_limit:6,random_seed:0,replication:1,num_threads:128,set_partition:false}",1
c801600.json.gz,c,80,1600,LagrangeTemplate,highs,LTFarkas,3,4,16283,17100,,17100,,80,253,0.007377,0.007001,0.582891,2642,358140.1654,10.44268775,1,0,"{timeout:21600,max_col_multiplier:1,age_limit:2,random_seed:2,replication:3,num_threads:128,set_partition:false}",-1
c801600.json.gz,c,80,1600,LagrangeTemplate,highs,LTFarkas,3,371,16283.11148,16308,0.147167035,16283.60863,0.497150484,361,1819,9.951734,0.863044,11.574218,83094,8349.700665,2.827050495,1,0,"{timeout:21600,max_col_multiplier:1,age_limit:2,random_seed:2,replication:3,num_threads:128,set_partition:false}",2
c801600.json.gz,c,80,1600,LagrangeTemplate,highs,LTFarkas,3,371,16283.11148,16308,0.147167035,16283.60863,0.497150484,361,1819,9.951734,0.863044,11.574218,83094,8349.700665,2.827050495,1,0,"{timeout:21600,max_col_multiplier:1,age_limit:2,random_seed:2,replication:3,num_threads:128,set_partition:false}",1
c20200.json.gz,c,20,200,LagrangeTemplate,highs,LTFarkas,5,4,2376.905486,2540,,2540,,20,61,0.001058,0.001469,0.011887,344,325141.7769,5.639344262,1,0,"{timeout:21600,max_col_multiplier:1,age_limit:2,random_seed:4,replication:5,num_threads:128,set_partition:false}",-1
c20200.json.gz,c,20,200,LagrangeTemplate,highs,LTFarkas,5,84,2390.171034,2399,0.33347228,2390.171034,0,75,230,0.071323,0.033681,0.120089,2850,39959.05949,1.668233376,1,0,"{timeout:21600,max_col_multiplier:1,age_limit:2,random_seed:4,replication:5,num_threads:128,set_partition:false}",2
c20200.json.gz,c,20,200,LagrangeTemplate,highs,LTFarkas,5,84,2390.171034,2399,0.33347228,2390.171034,0,75,230,0.071323,0.033681,0.12009,2850,39959.05949,1.668233376,1,0,"{timeout:21600,max_col_multiplier:1,age_limit:2,random_seed:4,replication:5,num_threads:128,set_partition:false}",1
d20100.json.gz,d,20,100,LagrangeTemplate,highs,LTFarkas,1,3,6142.530217,6919,,6919,,20,42,0.000692,0.001201,0.016723,402,580924.8555,9.571428571,1,0,"{timeout:21600,max_col_multiplier:1,age_limit:2,random_seed:0,replication:1,num_threads:128,set_partition:false}",-1
d20100.json.gz,d,20,100,LagrangeTemplate,highs,LTFarkas,1,68,6176.142063,6539,5.536014681,6176.142063,0,111,137,0.053542,0.05281,0.12456,3134,58533.48773,2.337875454,1,0,"{timeout:21600,max_col_multiplier:1,age_limit:2,random_seed:0,replication:1,num_threads:128,set_partition:false}",2
d20100.json.gz,d,20,100,LagrangeTemplate,highs,LTFarkas,1,68,6176.142063,6539,5.536014681,6176.142063,0,111,137,0.053542,0.05281,0.124561,3134,58533.48773,2.337875454,1,0,"{timeout:21600,max_col_multiplier:1,age_limit:2,random_seed:0,replication:1,num_threads:128,set_partition:false}",1
c40400.json.gz,c,40,400,LagrangeTemplate,highs,LTFarkas,1,4,4231.982216,4577,,4577,,40,124,0.002689,0.003259,0.047078,655,243584.9758,5.282258065,1,0,"{timeout:21600,max_col_multiplier:1,age_limit:2,random_seed:0,replication:1,num_threads:128,set_partition:false}",-1
c40400.json.gz,c,40,400,LagrangeTemplate,highs,LTFarkas,1,104,4243.090782,4252,0.188146754,4243.449166,0.358383923,148,486,0.247767,0.064602,0.367279,7845,31662.81224,1.975728906,1,0,"{timeout:21600,max_col_multiplier:1,age_limit:2,random_seed:0,replication:1,num_threads:128,set_partition:false}",2
c40400.json.gz,c,40,400,LagrangeTemplate,highs,LTFarkas,1,104,4243.090782,4252,0.188146754,4243.449166,0.358383923,148,486,0.247767,0.064602,0.36728,7845,31662.81224,1.975728906,1,0,"{timeout:21600,max_col_multiplier:1,age_limit:2,random_seed:0,replication:1,num_threads:128,set_partition:false}",1
e20200.json.gz,e,20,200,LagrangeTemplate,highs,LTFarkas,2,3,22355.93385,inf,,34458.5,,25,40,0.000959,0.001442,0.038466,1258,1311783.107,31.45,0,0,"{timeout:21600,max_col_multiplier:1,age_limit:2,random_seed:1,replication:2,num_threads:128,set_partition:false}",-1
e20200.json.gz,e,20,200,LagrangeTemplate,highs,LTFarkas,2,159,22376.02458,22525,0.657047725,22376.76344,0.738863287,89,244,0.22975,0.122967,0.39827,9447,41118.60718,2.899902203,1,0,"{timeout:21600,max_col_multiplier:1,age_limit:2,random_seed:1,replication:2,num_threads:128,set_partition:false}",2
e20200.json.gz,e,20,200,LagrangeTemplate,highs,LTFarkas,2,159,22376.02458,22525,0.657047725,22376.76344,0.738863287,89,244,0.22975,0.122967,0.39827,9447,41118.60718,2.899902203,1,0,"{timeout:21600,max_col_multiplier:1,age_limit:2,random_seed:1,replication:2,num_threads:128,set_partition:false}",1
c401600.json.gz,c,40,1600,LagrangeTemplate,highs,LTFarkas,4,4,17139.32464,17399,,17399,,40,124,0.005651,0.008684,0.210728,2190,387542.028,17.66129032,1,0,"{timeout:21600,max_col_multiplier:1,age_limit:4,random_seed:3,replication:4,num_threads:128,set_partition:false}",-1
c401600.json.gz,c,40,1600,LagrangeTemplate,highs,LTFarkas,4,578,17143.00791,17163,0.110703257,17143.46876,0.460857939,214,1788,18.619822,1.896121,20.91664,66088,3549.335756,2.847895659,1,0,"{timeout:21600,max_col_multiplier:1,age_limit:4,random_seed:3,replication:4,num_threads:128,set_partition:false}",2
c401600.json.gz,c,40,1600,LagrangeTemplate,highs,LTFarkas,4,578,17143.00791,17163,0.110703257,17143.46876,0.460857939,214,1788,18.619822,1.896121,20.916641,66088,3549.335756,2.847895659,1,0,"{timeout:21600,max_col_multiplier:1,age_limit:4,random_seed:3,replication:4,num_threads:128,set_partition:false}",1
d20100.json.gz,d,20,100,LagrangeTemplate,highs,LTFarkas,3,3,6142.530217,6932,,6932,,20,42,0.001041,0.001278,0.0174,397,381364.073,9.452380952,1,0,"{timeout:21600,max_col_multiplier:1,age_limit:2,random_seed:2,replication:3,num_threads:128,set_partition:false}",-1
d20100.json.gz,d,20,100,LagrangeTemplate,highs,LTFarkas,3,71,6176.080547,6457,4.336379123,6176.142285,0.061738235,111,140,0.063352,0.055417,0.13804,3515,55483.64693,2.517124723,1,0,"{timeout:21600,max_col_multiplier:1,age_limit:2,random_seed:2,replication:3,num_threads:128,set_partition:false}",2
d20100.json.gz,d,20,100,LagrangeTemplate,highs,LTFarkas,3,71,6176.080547,6457,4.336379123,6176.142285,0.061738235,111,140,0.063352,0.055417,0.138041,3515,55483.64693,2.517124723,1,0,"{timeout:21600,max_col_multiplier:1,age_limit:2,random_seed:2,replication:3,num_threads:128,set_partition:false}",1
e20400.json.gz,e,20,400,LagrangeTemplate,highs,LTFarkas,5,3,44861.76164,51213,,51213,,20,45,0.001116,0.001039,0.085684,2157,1932795.699,47.93333333,1,0,"{timeout:21600,max_col_multiplier:1,age_limit:2,random_seed:4,replication:5,num_threads:128,set_partition:false}",-1
e20400.json.gz,e,20,400,LagrangeTemplate,highs,LTFarkas,5,422,44875.07252,44881,0.011140572,44875.4771,0.404580153,94,436,1.98501,0.994117,3.103051,29020,14619.5737,3.34199614,1,0,"{timeout:21600,max_col_multiplier:1,age_limit:2,random_seed:4,replication:5,num_threads:128,set_partition:false}",2
e20400.json.gz,e,20,400,LagrangeTemplate,highs,LTFarkas,5,422,44875.07252,44881,0.011140572,44875.4771,0.404580153,94,436,1.98501,0.994117,3.103052,29020,14619.5737,3.34199614,1,0,"{timeout:21600,max_col_multiplier:1,age_limit:2,random_seed:4,replication:5,num_threads:128,set_partition:false}",1
c20400.json.gz,c,20,400,LagrangeTemplate,highs,LTFarkas,4,4,4774.150442,4877,,4877,,20,63,0.002234,0.002166,0.026714,622,278424.3509,9.873015873,1,0,"{timeout:21600,max_col_multiplier:1,age_limit:2,random_seed:3,replication:4,num_threads:128,set_partition:false}",-1
c20400.json.gz,c,20,400,LagrangeTemplate,highs,LTFarkas,4,242,4780.042063,4790,0.187891441,4780.184668,0.142604823,99,436,0.535294,0.209068,0.786875,9335,17439.01482,1.892950165,1,0,"{timeout:21600,max_col_multiplier:1,age_limit:2,random_seed:3,replication:4,num_threads:128,set_partition:false}",2
c20400.json.gz,c,20,400,LagrangeTemplate,highs,LTFarkas,4,242,4780.042063,4790,0.187891441,4780.184668,0.142604823,99,436,0.535294,0.209068,0.786876,9335,17439.01482,1.892950165,1,0,"{timeout:21600,max_col_multiplier:1,age_limit:2,random_seed:3,replication:4,num_threads:128,set_partition:false}",1
e05100.json.gz,e,5,100,LagrangeTemplate,highs,LTFarkas,1,3,12641.41913,13723,,13723,,5,10,0.000583,0.001619,0.006677,223,382504.2882,22.3,1,0,"{timeout:21600,max_col_multiplier:1,age_limit:2,random_seed:0,replication:1,num_threads:128,set_partition:false}",-1
e05100.json.gz,e,5,100,LagrangeTemplate,highs,LTFarkas,1,154,12673.04695,13048,2.866339669,12673.04695,0,34,109,0.078344,0.050128,0.137953,1279,16325.43654,1.601298701,1,0,"{timeout:21600,max_col_multiplier:1,age_limit:2,random_seed:0,replication:1,num_threads:128,set_partition:false}",2
e05100.json.gz,e,5,100,LagrangeTemplate,highs,LTFarkas,1,154,12673.04695,13048,2.866339669,12673.04695,0,34,109,0.078344,0.050128,0.137953,1279,16325.43654,1.601298701,1,0,"{timeout:21600,max_col_multiplier:1,age_limit:2,random_seed:0,replication:1,num_threads:128,set_partition:false}",1
e401600.json.gz,e,40,1600,LagrangeTemplate,highs,LTFarkas,2,4,178282.6193,190002,,190002,,40,128,0.006848,0.006631,1.350607,10110,1476343.458,78.984375,1,0,"{timeout:21600,max_col_multiplier:1,age_limit:4,random_seed:1,replication:2,num_threads:128,set_partition:false}",-1
e401600.json.gz,e,40,1600,LagrangeTemplate,highs,LTFarkas,2,740,178292.1118,178641,0.194804103,178292.2407,0.128882376,191,1697,65.41354,12.352645,79.400096,193275,2954.663515,6.422211523,1,0,"{timeout:21600,max_col_multiplier:1,age_limit:4,random_seed:1,replication:2,num_threads:128,set_partition:false}",2
e401600.json.gz,e,40,1600,LagrangeTemplate,highs,LTFarkas,2,740,178292.1118,178641,0.194804103,178292.2407,0.128882376,191,1697,65.41354,12.352645,79.400097,193275,2954.663515,6.422211523,1,0,"{timeout:21600,max_col_multiplier:1,age_limit:4,random_seed:1,replication:2,num_threads:128,set_partition:false}",1
b20200.json.gz,b,20,200,LagrangeTemplate,highs,LTFarkas,5,3,2331.137984,2419,,2419,,20,41,0.001059,0.000996,0.010581,288,271954.6742,7.024390244,1,0,"{timeout:21600,max_col_multiplier:1,age_limit:2,random_seed:4,replication:5,num_threads:128,set_partition:false}",-1
b20200.json.gz,b,20,200,LagrangeTemplate,highs,LTFarkas,5,89,2338.298137,2340,0.042735043,2338.521739,0.223602484,51,238,0.064008,0.027349,0.105774,2240,34995.62555,1.396826444,1,0,"{timeout:21600,max_col_multiplier:1,age_limit:2,random_seed:4,replication:5,num_threads:128,set_partition:false}",2
b20200.json.gz,b,20,200,LagrangeTemplate,highs,LTFarkas,5,89,2338.298137,2340,0.042735043,2338.521739,0.223602484,51,238,0.064008,0.027349,0.105775,2240,34995.62555,1.396826444,1,0,"{timeout:21600,max_col_multiplier:1,age_limit:2,random_seed:4,replication:5,num_threads:128,set_partition:false}",1
d10200.json.gz,d,10,200,LagrangeTemplate,highs,LTFarkas,2,4,12418.3621,12772,,12772,,10,31,0.001393,0.002261,0.020086,512,367552.0459,16.51612903,1,0,"{timeout:21600,max_col_multiplier:1,age_limit:2,random_seed:1,replication:2,num_threads:128,set_partition:false}",-1
d10200.json.gz,d,10,200,LagrangeTemplate,highs,LTFarkas,2,414,12425.18588,12486,0.480538203,12425.61464,0.42875698,75,240,1.316379,1.573349,2.939579,11846,8998.92812,2.788508018,1,0,"{timeout:21600,max_col_multiplier:1,age_limit:2,random_seed:1,replication:2,num_threads:128,set_partition:false}",2
d10200.json.gz,d,10,200,LagrangeTemplate,highs,LTFarkas,2,414,12425.18588,12486,0.480538203,12425.61464,0.42875698,75,240,1.316379,1.573349,2.93958,11846,8998.92812,2.788508018,1,0,"{timeout:21600,max_col_multiplier:1,age_limit:2,random_seed:1,replication:2,num_threads:128,set_partition:false}",1
c20400.json.gz,c,20,400,LagrangeTemplate,highs,LTFarkas,2,4,4774.150442,inf,,4896,,22,60,0.002506,0.002214,0.026735,626,249800.4789,10.43333333,0,0,"{timeout:21600,max_col_multiplier:1,age_limit:2,random_seed:1,replication:2,num_threads:128,set_partition:false}",-1
c20400.json.gz,c,20,400,LagrangeTemplate,highs,LTFarkas,2,216,4780.008402,4809,0.58224163,4780.184668,0.176265807,99,443,0.440323,0.18965,0.670487,7618,17300.9359,1.746289194,1,0,"{timeout:21600,max_col_multiplier:1,age_limit:2,random_seed:1,replication:2,num_threads:128,set_partition:false}",2
c20400.json.gz,c,20,400,LagrangeTemplate,highs,LTFarkas,2,216,4780.008402,4809,0.58224163,4780.184668,0.176265807,99,443,0.440323,0.18965,0.670488,7618,17300.9359,1.746289194,1,0,"{timeout:21600,max_col_multiplier:1,age_limit:2,random_seed:1,replication:2,num_threads:128,set_partition:false}",1
d401600.json.gz,d,40,1600,LagrangeTemplate,highs,LTFarkas,3,3,97105,98515,,98515,,40,89,0.005487,0.011619,0.571192,4585,835611.4452,51.51685393,1,0,"{timeout:21600,max_col_multiplier:1,age_limit:4,random_seed:2,replication:3,num_threads:128,set_partition:false}",-1
d401600.json.gz,d,40,1600,LagrangeTemplate,highs,LTFarkas,3,477,97105,97647,0.555060575,97105,296.0000264,275,1949,48.750532,30.963494,80.50538,93785,1923.773878,4.7777607,1,0,"{timeout:21600,max_col_multiplier:1,age_limit:4,random_seed:2,replication:3,num_threads:128,set_partition:false}",2
d401600.json.gz,d,40,1600,LagrangeTemplate,highs,LTFarkas,3,477,97105,97647,0.555060575,97105,296.0000264,275,1949,48.750532,30.963494,80.505381,93785,1923.773878,4.7777607,1,0,"{timeout:21600,max_col_multiplier:1,age_limit:4,random_seed:2,replication:3,num_threads:128,set_partition:false}",1
d05200.json.gz,d,5,200,LagrangeTemplate,highs,LTFarkas,1,5,12736.19608,13031,,13031,,5,21,0.001553,0.006429,0.020094,436,280746.9414,20.76190476,1,0,"{timeout:21600,max_col_multiplier:1,age_limit:4,random_seed:0,replication:1,num_threads:128,set_partition:false}",-1
d05200.json.gz,d,5,200,LagrangeTemplate,highs,LTFarkas,1,451,12740.03666,12810,0.538641686,12740.03903,0.002374414,43,211,1.689216,2.6818,4.415581,6823,4039.151891,2.90726956,1,0,"{timeout:21600,max_col_multiplier:1,age_limit:4,random_seed:0,replication:1,num_threads:128,set_partition:false}",2
d05200.json.gz,d,5,200,LagrangeTemplate,highs,LTFarkas,1,451,12740.03666,12810,0.538641686,12740.03903,0.002374414,43,211,1.689216,2.6818,4.415582,6823,4039.151891,2.90726956,1,0,"{timeout:21600,max_col_multiplier:1,age_limit:4,random_seed:0,replication:1,num_threads:128,set_partition:false}",1
a20100.json.gz,a,20,100,LagrangeTemplate,highs,LTFarkas,2,2,1157.08,1158,,1158,,20,20,0.000236,0.000598,0.004189,124,525423.7288,6.2,1,0,"{timeout:21600,max_col_multiplier:1,age_limit:2,random_seed:1,replication:2,num_threads:128,set_partition:false}",-1
a20100.json.gz,a,20,100,LagrangeTemplate,highs,LTFarkas,2,2,1157.08,1158,0,1158,8340,20,40,0.000269,0.001022,0.004716,124,460966.5428,3.1,1,0,"{timeout:21600,max_col_multiplier:1,age_limit:2,random_seed:1,replication:2,num_threads:128,set_partition:false}",2
a20100.json.gz,a,20,100,LagrangeTemplate,highs,LTFarkas,2,2,1157.08,1158,0,1158,8340,20,40,0.000269,0.001022,0.004717,124,460966.5428,3.1,1,0,"{timeout:21600,max_col_multiplier:1,age_limit:2,random_seed:1,replication:2,num_threads:128,set_partition:false}",1
c10100.json.gz,c,10,100,LagrangeTemplate,highs,LTFarkas,5,5,1387.009711,1444,,1444,,10,40,0.001165,0.002094,0.007763,173,148497.8541,4.325,1,0,"{timeout:21600,max_col_multiplier:1,age_limit:2,random_seed:4,replication:5,num_threads:128,set_partition:false}",-1
c10100.json.gz,c,10,100,LagrangeTemplate,highs,LTFarkas,5,64,1399.631579,1402,0.142653352,1399.868421,0.236842105,37,124,0.02586,0.017245,0.050508,962,37200.30936,1.333854167,1,0,"{timeout:21600,max_col_multiplier:1,age_limit:2,random_seed:4,replication:5,num_threads:128,set_partition:false}",2
c10100.json.gz,c,10,100,LagrangeTemplate,highs,LTFarkas,5,64,1399.631579,1402,0.142653352,1399.868421,0.236842105,37,124,0.02586,0.017245,0.050508,962,37200.30936,1.333854167,1,0,"{timeout:21600,max_col_multiplier:1,age_limit:2,random_seed:4,replication:5,num_threads:128,set_partition:false}",1
a05200.json.gz,a,5,200,LagrangeTemplate,highs,LTFarkas,2,2,3234.73913,3235,,3235,,5,5,0.001,0.000536,0.004373,214,214000,42.8,1,0,"{timeout:21600,max_col_multiplier:1,age_limit:4,random_seed:1,replication:2,num_threads:128,set_partition:false}",-1
a05200.json.gz,a,5,200,LagrangeTemplate,highs,LTFarkas,2,2,3234.73913,3235,0,3235,15408,5,10,0.001071,0.001487,0.00545,214,199813.2586,21.4,1,0,"{timeout:21600,max_col_multiplier:1,age_limit:4,random_seed:1,replication:2,num_threads:128,set_partition:false}",2
a05200.json.gz,a,5,200,LagrangeTemplate,highs,LTFarkas,2,2,3234.73913,3235,0,3235,15408,5,10,0.001071,0.001487,0.00545,214,199813.2586,21.4,1,0,"{timeout:21600,max_col_multiplier:1,age_limit:4,random_seed:1,replication:2,num_threads:128,set_partition:false}",1
b05200.json.gz,b,5,200,LagrangeTemplate,highs,LTFarkas,1,6,3547.411575,3627,,3627,,5,25,0.001465,0.002829,0.007832,274,187030.7167,10.96,1,0,"{timeout:21600,max_col_multiplier:1,age_limit:4,random_seed:0,replication:1,num_threads:128,set_partition:false}",-1
b05200.json.gz,b,5,200,LagrangeTemplate,highs,LTFarkas,1,344,3549.007649,3570,0.56022409,3549.336554,0.328904992,31,218,0.560733,0.432116,1.011291,3318,5917.254736,1.809912791,1,0,"{timeout:21600,max_col_multiplier:1,age_limit:4,random_seed:0,replication:1,num_threads:128,set_partition:false}",2
b05200.json.gz,b,5,200,LagrangeTemplate,highs,LTFarkas,1,344,3549.007649,3570,0.56022409,3549.336554,0.328904992,31,218,0.560733,0.432116,1.011292,3318,5917.254736,1.809912791,1,0,"{timeout:21600,max_col_multiplier:1,age_limit:4,random_seed:0,replication:1,num_threads:128,set_partition:false}",1
d20400.json.gz,d,20,400,LagrangeTemplate,highs,LTFarkas,5,3,24552.43633,25281,,25281,,20,48,0.001404,0.002041,0.056709,1187,845441.5954,24.72916667,1,0,"{timeout:21600,max_col_multiplier:1,age_limit:2,random_seed:4,replication:5,num_threads:128,set_partition:false}",-1
d20400.json.gz,d,20,400,LagrangeTemplate,highs,LTFarkas,5,353,24560.08173,24929,1.476192386,24560.2044,0.122669265,147,466,2.893414,3.153803,6.159553,19555,6758.452126,2.723340492,1,0,"{timeout:21600,max_col_multiplier:1,age_limit:2,random_seed:4,replication:5,num_threads:128,set_partition:false}",2
d20400.json.gz,d,20,400,LagrangeTemplate,highs,LTFarkas,5,353,24560.08173,24929,1.476192386,24560.2044,0.122669265,147,466,2.893414,3.153803,6.159554,19555,6758.452126,2.723340492,1,0,"{timeout:21600,max_col_multiplier:1,age_limit:2,random_seed:4,replication:5,num_threads:128,set_partition:false}",1
e40400.json.gz,e,40,400,LagrangeTemplate,highs,LTFarkas,5,4,44523.4286,54717,,54717,,40,128,0.002481,0.002193,0.201164,3270,1318016.929,25.546875,1,0,"{timeout:21600,max_col_multiplier:1,age_limit:2,random_seed:4,replication:5,num_threads:128,set_partition:false}",-1
e40400.json.gz,e,40,400,LagrangeTemplate,highs,LTFarkas,5,164,44556.41923,44955,0.885329774,44556.88376,0.464535057,169,479,0.825464,0.254839,1.296131,25644,31066.164,3.783322491,1,0,"{timeout:21600,max_col_multiplier:1,age_limit:2,random_seed:4,replication:5,num_threads:128,set_partition:false}",2
e40400.json.gz,e,40,400,LagrangeTemplate,highs,LTFarkas,5,164,44556.41923,44955,0.885329774,44556.88376,0.464535057,169,479,0.825464,0.254839,1.296132,25644,31066.164,3.783322491,1,0,"{timeout:21600,max_col_multiplier:1,age_limit:2,random_seed:4,replication:5,num_threads:128,set_partition:false}",1
e20200.json.gz,e,20,200,LagrangeTemplate,highs,LTFarkas,5,3,22355.93385,27260,,27260,,20,42,0.000809,0.000933,0.038114,1257,1553770.087,29.92857143,1,0,"{timeout:21600,max_col_multiplier:1,age_limit:2,random_seed:4,replication:5,num_threads:128,set_partition:false}",-1
e20200.json.gz,e,20,200,LagrangeTemplate,highs,LTFarkas,5,145,22376.03846,22847,2.057162866,22376.79487,0.756410256,90,242,0.206206,0.113576,0.365173,8774,42549.68333,2.943354864,1,0,"{timeout:21600,max_col_multiplier:1,age_limit:2,random_seed:4,replication:5,num_threads:128,set_partition:false}",2
e20200.json.gz,e,20,200,LagrangeTemplate,highs,LTFarkas,5,145,22376.03846,22847,2.057162866,22376.79487,0.756410256,90,242,0.206206,0.113576,0.365174,8774,42549.68333,2.943354864,1,0,"{timeout:21600,max_col_multiplier:1,age_limit:2,random_seed:4,replication:5,num_threads:128,set_partition:false}",1
e20400.json.gz,e,20,400,LagrangeTemplate,highs,LTFarkas,4,3,44861.76164,51214,,51214,,20,45,0.001145,0.00113,0.084427,2161,1887336.245,48.02222222,1,0,"{timeout:21600,max_col_multiplier:1,age_limit:2,random_seed:3,replication:4,num_threads:128,set_partition:false}",-1
e20400.json.gz,e,20,400,LagrangeTemplate,highs,LTFarkas,4,310,44875.13124,45416,1.189008279,44875.47722,0.345986985,92,435,1.379265,0.719738,2.215775,18368,13317.2378,2.828077028,1,0,"{timeout:21600,max_col_multiplier:1,age_limit:2,random_seed:3,replication:4,num_threads:128,set_partition:false}",2
e20400.json.gz,e,20,400,LagrangeTemplate,highs,LTFarkas,4,310,44875.13124,45416,1.189008279,44875.47722,0.345986985,92,435,1.379265,0.719738,2.215776,18368,13317.2378,2.828077028,1,0,"{timeout:21600,max_col_multiplier:1,age_limit:2,random_seed:3,replication:4,num_threads:128,set_partition:false}",1
e05100.json.gz,e,5,100,LagrangeTemplate,highs,LTFarkas,5,3,12641.41913,13723,,13723,,5,10,0.000497,0.001079,0.004476,224,450704.2254,22.4,1,0,"{timeout:21600,max_col_multiplier:1,age_limit:2,random_seed:4,replication:5,num_threads:128,set_partition:false}",-1
e05100.json.gz,e,5,100,LagrangeTemplate,highs,LTFarkas,5,201,12673.02817,12708,0.267548001,12673.04695,0.018779343,34,111,0.109995,0.067621,0.186531,2014,18309.92318,1.989552239,1,0,"{timeout:21600,max_col_multiplier:1,age_limit:2,random_seed:4,replication:5,num_threads:128,set_partition:false}",2
e05100.json.gz,e,5,100,LagrangeTemplate,highs,LTFarkas,5,201,12673.02817,12708,0.267548001,12673.04695,0.018779343,34,111,0.109995,0.067621,0.186532,2014,18309.92318,1.989552239,1,0,"{timeout:21600,max_col_multiplier:1,age_limit:2,random_seed:4,replication:5,num_threads:128,set_partition:false}",1
c30900.json.gz,c,30,900,LagrangeTemplate,highs,LTFarkas,4,4,9974.681661,10176,,10176,,30,95,0.003042,0.003877,0.084695,1276,419460.881,13.43157895,1,0,"{timeout:21600,max_col_multiplier:1,age_limit:3,random_seed:3,replication:4,num_threads:128,set_partition:false}",-1
c30900.json.gz,c,30,900,LagrangeTemplate,highs,LTFarkas,4,390,9981.010335,9991,0.090081073,9981.163126,0.152791245,162,966,3.681255,0.735152,4.560522,30138,8186.881919,2.537742396,1,0,"{timeout:21600,max_col_multiplier:1,age_limit:3,random_seed:3,replication:4,num_threads:128,set_partition:false}",2
c30900.json.gz,c,30,900,LagrangeTemplate,highs,LTFarkas,4,390,9981.010335,9991,0.090081073,9981.163126,0.152791245,162,966,3.681255,0.735152,4.560523,30138,8186.881919,2.537742396,1,0,"{timeout:21600,max_col_multiplier:1,age_limit:3,random_seed:3,replication:4,num_threads:128,set_partition:false}",1
c801600.json.gz,c,80,1600,LagrangeTemplate,highs,LTFarkas,4,4,16283,16985,,16985,,80,253,0.007044,0.007066,0.583429,2617,371521.8626,10.34387352,1,0,"{timeout:21600,max_col_multiplier:1,age_limit:2,random_seed:3,replication:4,num_threads:128,set_partition:false}",-1
c801600.json.gz,c,80,1600,LagrangeTemplate,highs,LTFarkas,4,454,16283.08113,16291,0.04296851,16283.60791,0.526787012,365,1817,13.846174,1.055835,15.700694,105679,7632.361113,2.91311732,1,0,"{timeout:21600,max_col_multiplier:1,age_limit:2,random_seed:3,replication:4,num_threads:128,set_partition:false}",2
c801600.json.gz,c,80,1600,LagrangeTemplate,highs,LTFarkas,4,454,16283.08113,16291,0.04296851,16283.60791,0.526787012,365,1817,13.846174,1.055835,15.700695,105679,7632.361113,2.91311732,1,0,"{timeout:21600,max_col_multiplier:1,age_limit:2,random_seed:3,replication:4,num_threads:128,set_partition:false}",1
e05200.json.gz,e,5,200,LagrangeTemplate,highs,LTFarkas,4,4,24922,25242,,25242,,5,15,0.001076,0.001622,0.008636,449,417286.2454,29.93333333,1,0,"{timeout:21600,max_col_multiplier:1,age_limit:4,random_seed:3,replication:4,num_threads:128,set_partition:false}",-1
e05200.json.gz,e,5,200,LagrangeTemplate,highs,LTFarkas,4,390,24926.05714,25067,0.558503211,24926.64286,0.585714286,21,218,0.815204,0.557528,1.397664,4870,5973.964799,2.440555556,1,0,"{timeout:21600,max_col_multiplier:1,age_limit:4,random_seed:3,replication:4,num_threads:128,set_partition:false}",2
e05200.json.gz,e,5,200,LagrangeTemplate,highs,LTFarkas,4,390,24926.05714,25067,0.558503211,24926.64286,0.585714286,21,218,0.815204,0.557528,1.397665,4870,5973.964799,2.440555556,1,0,"{timeout:21600,max_col_multiplier:1,age_limit:4,random_seed:3,replication:4,num_threads:128,set_partition:false}",1
e30900.json.gz,e,30,900,LagrangeTemplate,highs,LTFarkas,1,3,100413.3227,110448,,110448,,30,69,0.002438,0.002365,0.426919,5634,2310910.582,81.65217391,1,0,"{timeout:21600,max_col_multiplier:1,age_limit:3,random_seed:0,replication:1,num_threads:128,set_partition:false}",-1
e30900.json.gz,e,30,900,LagrangeTemplate,highs,LTFarkas,1,484,100426.012,101278,0.840261459,100426.7083,0.69632859,110,974,8.100025,3.372787,11.985091,58090,7171.582804,3.85934635,1,0,"{timeout:21600,max_col_multiplier:1,age_limit:3,random_seed:0,replication:1,num_threads:128,set_partition:false}",2
e30900.json.gz,e,30,900,LagrangeTemplate,highs,LTFarkas,1,484,100426.012,101278,0.840261459,100426.7083,0.69632859,110,974,8.100025,3.372787,11.985092,58090,7171.582804,3.85934635,1,0,"{timeout:21600,max_col_multiplier:1,age_limit:3,random_seed:0,replication:1,num_threads:128,set_partition:false}",1
d60900.json.gz,d,60,900,LagrangeTemplate,highs,LTFarkas,3,3,54551,56907,,56907,,60,130,0.003604,0.003904,0.447282,3083,855438.4018,23.71538462,1,0,"{timeout:21600,max_col_multiplier:1,age_limit:2,random_seed:2,replication:3,num_threads:128,set_partition:false}",-1
d60900.json.gz,d,60,900,LagrangeTemplate,highs,LTFarkas,3,268,54551,55221,1.213306532,54551,103.000009,400,1264,6.782,4.452045,11.791642,62162,9165.732822,3.737619594,1,0,"{timeout:21600,max_col_multiplier:1,age_limit:2,random_seed:2,replication:3,num_threads:128,set_partition:false}",2
d60900.json.gz,d,60,900,LagrangeTemplate,highs,LTFarkas,3,268,54551,55221,1.213306532,54551,103.000009,400,1264,6.782,4.452045,11.791643,62162,9165.732822,3.737619594,1,0,"{timeout:21600,max_col_multiplier:1,age_limit:2,random_seed:2,replication:3,num_threads:128,set_partition:false}",1
c30900.json.gz,c,30,900,LagrangeTemplate,highs,LTFarkas,5,4,9974.681661,10295,,10295,,30,93,0.003229,0.003754,0.085255,1311,406008.052,14.09677419,1,0,"{timeout:21600,max_col_multiplier:1,age_limit:3,random_seed:4,replication:5,num_threads:128,set_partition:false}",-1
c30900.json.gz,c,30,900,LagrangeTemplate,highs,LTFarkas,5,400,9981.036413,10005,0.229885057,9981.163434,0.127020965,160,988,3.685907,0.713006,4.549523,29966,8129.884992,2.470326668,1,0,"{timeout:21600,max_col_multiplier:1,age_limit:3,random_seed:4,replication:5,num_threads:128,set_partition:false}",2
c30900.json.gz,c,30,900,LagrangeTemplate,highs,LTFarkas,5,400,9981.036413,10005,0.229885057,9981.163434,0.127020965,160,988,3.685907,0.713006,4.549524,29966,8129.884992,2.470326668,1,0,"{timeout:21600,max_col_multiplier:1,age_limit:3,random_seed:4,replication:5,num_threads:128,set_partition:false}",1
c10200.json.gz,c,10,200,LagrangeTemplate,highs,LTFarkas,2,3,2795.407916,2880,,2880,,10,21,0.000709,0.00122,0.008053,282,397743.3004,13.42857143,1,0,"{timeout:21600,max_col_multiplier:1,age_limit:2,random_seed:1,replication:2,num_threads:128,set_partition:false}",-1
c10200.json.gz,c,10,200,LagrangeTemplate,highs,LTFarkas,2,175,2803.204698,2852,1.683029453,2803.952874,0.748176247,52,226,0.142873,0.093613,0.250671,2847,19926.78813,1.587333333,1,0,"{timeout:21600,max_col_multiplier:1,age_limit:2,random_seed:1,replication:2,num_threads:128,set_partition:false}",2
c10200.json.gz,c,10,200,LagrangeTemplate,highs,LTFarkas,2,175,2803.204698,2852,1.683029453,2803.952874,0.748176247,52,226,0.142873,0.093613,0.250672,2847,19926.78813,1.587333333,1,0,"{timeout:21600,max_col_multiplier:1,age_limit:2,random_seed:1,replication:2,num_threads:128,set_partition:false}",1
a20200.json.gz,a,20,200,LagrangeTemplate,highs,LTFarkas,2,3,2337.327333,2342,,2342,,20,41,0.000743,0.001778,0.011107,251,337819.6501,6.12195122,1,0,"{timeout:21600,max_col_multiplier:1,age_limit:2,random_seed:1,replication:2,num_threads:128,set_partition:false}",-1
a20200.json.gz,a,20,200,LagrangeTemplate,highs,LTFarkas,2,57,2339,2339,0,2339,0,20,225,0.023751,0.016512,0.052117,633,26651.50941,0.826984696,1,0,"{timeout:21600,max_col_multiplier:1,age_limit:2,random_seed:1,replication:2,num_threads:128,set_partition:false}",2
a20200.json.gz,a,20,200,LagrangeTemplate,highs,LTFarkas,2,57,2339,2339,0,2339,0,20,225,0.023751,0.016512,0.052118,633,26651.50941,0.826984696,1,0,"{timeout:21600,max_col_multiplier:1,age_limit:2,random_seed:1,replication:2,num_threads:128,set_partition:false}",1
a05200.json.gz,a,5,200,LagrangeTemplate,highs,LTFarkas,4,2,3234.73913,3235,,3235,,5,5,0.000357,0.000482,0.003503,213,596638.6555,42.6,1,0,"{timeout:21600,max_col_multiplier:1,age_limit:4,random_seed:3,replication:4,num_threads:128,set_partition:false}",-1
a05200.json.gz,a,5,200,LagrangeTemplate,highs,LTFarkas,4,2,3234.73913,3235,0,3235,15501,5,10,0.000396,0.001192,0.004292,213,537878.7879,21.3,1,0,"{timeout:21600,max_col_multiplier:1,age_limit:4,random_seed:3,replication:4,num_threads:128,set_partition:false}",2
a05200.json.gz,a,5,200,LagrangeTemplate,highs,LTFarkas,4,2,3234.73913,3235,0,3235,15501,5,10,0.000396,0.001192,0.004293,213,537878.7879,21.3,1,0,"{timeout:21600,max_col_multiplier:1,age_limit:4,random_seed:3,replication:4,num_threads:128,set_partition:false}",1
c40400.json.gz,c,40,400,LagrangeTemplate,highs,LTFarkas,3,4,4231.982216,4561,,4561,,40,122,0.001919,0.002003,0.042248,679,353830.1199,5.56557377,1,0,"{timeout:21600,max_col_multiplier:1,age_limit:2,random_seed:2,replication:3,num_threads:128,set_partition:false}",-1
c40400.json.gz,c,40,400,LagrangeTemplate,highs,LTFarkas,3,103,4243.150064,4247,0.070638097,4243.449008,0.298943627,149,463,0.274265,0.062897,0.388974,8474,30897.12504,2.099063525,1,0,"{timeout:21600,max_col_multiplier:1,age_limit:2,random_seed:2,replication:3,num_threads:128,set_partition:false}",2
c40400.json.gz,c,40,400,LagrangeTemplate,highs,LTFarkas,3,103,4243.150064,4247,0.070638097,4243.449008,0.298943627,149,463,0.274265,0.062897,0.388975,8474,30897.12504,2.099063525,1,0,"{timeout:21600,max_col_multiplier:1,age_limit:2,random_seed:2,replication:3,num_threads:128,set_partition:false}",1
c10100.json.gz,c,10,100,LagrangeTemplate,highs,LTFarkas,2,5,1387.009711,1456,,1456,,10,40,0.000961,0.002332,0.007518,177,184183.1426,4.425,1,0,"{timeout:21600,max_col_multiplier:1,age_limit:2,random_seed:1,replication:2,num_threads:128,set_partition:false}",-1
c10100.json.gz,c,10,100,LagrangeTemplate,highs,LTFarkas,2,69,1399.464286,1406,0.426742532,1399.857143,0.392857143,30,127,0.029567,0.02221,0.05907,1083,36628.67386,1.517926156,1,0,"{timeout:21600,max_col_multiplier:1,age_limit:2,random_seed:1,replication:2,num_threads:128,set_partition:false}",2
c10100.json.gz,c,10,100,LagrangeTemplate,highs,LTFarkas,2,69,1399.464286,1406,0.426742532,1399.857143,0.392857143,30,127,0.029567,0.02221,0.059071,1083,36628.67386,1.517926156,1,0,"{timeout:21600,max_col_multiplier:1,age_limit:2,random_seed:1,replication:2,num_threads:128,set_partition:false}",1
d20200.json.gz,d,20,200,LagrangeTemplate,highs,LTFarkas,2,3,12217.69342,12975,,12975,,20,42,0.000855,0.001167,0.02085,628,734502.924,14.95238095,1,0,"{timeout:21600,max_col_multiplier:1,age_limit:2,random_seed:1,replication:2,num_threads:128,set_partition:false}",-1
d20200.json.gz,d,20,200,LagrangeTemplate,highs,LTFarkas,2,181,12229.20773,12975,5.741811175,12229.6654,0.457663564,133,262,0.330102,0.446619,0.807781,10349,31350.91578,2.835511752,1,0,"{timeout:21600,max_col_multiplier:1,age_limit:2,random_seed:1,replication:2,num_threads:128,set_partition:false}",2
d20200.json.gz,d,20,200,LagrangeTemplate,highs,LTFarkas,2,181,12229.20773,12975,5.741811175,12229.6654,0.457663564,133,262,0.330102,0.446619,0.807781,10349,31350.91578,2.835511752,1,0,"{timeout:21600,max_col_multiplier:1,age_limit:2,random_seed:1,replication:2,num_threads:128,set_partition:false}",1
c10200.json.gz,c,10,200,LagrangeTemplate,highs,LTFarkas,5,4,2795.407916,2880,,2880,,10,30,0.0015,0.001482,0.009075,297,198000,9.9,1,0,"{timeout:21600,max_col_multiplier:1,age_limit:2,random_seed:4,replication:5,num_threads:128,set_partition:false}",-1
c10200.json.gz,c,10,200,LagrangeTemplate,highs,LTFarkas,5,204,2803.043186,2819,0.532103583,2803.952874,0.909687774,52,240,0.173267,0.117139,0.305918,3491,20148.09514,1.649354186,1,0,"{timeout:21600,max_col_multiplier:1,age_limit:2,random_seed:4,replication:5,num_threads:128,set_partition:false}",2
c10200.json.gz,c,10,200,LagrangeTemplate,highs,LTFarkas,5,204,2803.043186,2819,0.532103583,2803.952874,0.909687774,52,240,0.173267,0.117139,0.305919,3491,20148.09514,1.649354186,1,0,"{timeout:21600,max_col_multiplier:1,age_limit:2,random_seed:4,replication:5,num_threads:128,set_partition:false}",1
d10100.json.gz,d,10,100,LagrangeTemplate,highs,LTFarkas,5,3,6323.456043,6585,,6585,,10,20,0.000984,0.001821,0.012188,271,275406.5041,13.55,1,0,"{timeout:21600,max_col_multiplier:1,age_limit:2,random_seed:4,replication:5,num_threads:128,set_partition:false}",-1
d10100.json.gz,d,10,100,LagrangeTemplate,highs,LTFarkas,5,131,6341.215679,6441,1.537028412,6341.454903,0.239224132,67,131,0.076022,0.118353,0.208994,2939,38659.86162,2.185162971,1,0,"{timeout:21600,max_col_multiplier:1,age_limit:2,random_seed:4,replication:5,num_threads:128,set_partition:false}",2
d10100.json.gz,d,10,100,LagrangeTemplate,highs,LTFarkas,5,131,6341.215679,6441,1.537028412,6341.454903,0.239224132,67,131,0.076022,0.118353,0.208995,2939,38659.86162,2.185162971,1,0,"{timeout:21600,max_col_multiplier:1,age_limit:2,random_seed:4,replication:5,num_threads:128,set_partition:false}",1
b20100.json.gz,b,20,100,LagrangeTemplate,highs,LTFarkas,2,4,1155.181433,1265,,1265,,20,60,0.001085,0.001543,0.007195,196,180645.1613,3.266666667,1,0,"{timeout:21600,max_col_multiplier:1,age_limit:2,random_seed:1,replication:2,num_threads:128,set_partition:false}",-1
b20100.json.gz,b,20,100,LagrangeTemplate,highs,LTFarkas,2,31,1166,1166,0,1166,0,20,133,0.011958,0.009812,0.028837,616,51513.63104,0.989862663,1,0,"{timeout:21600,max_col_multiplier:1,age_limit:2,random_seed:1,replication:2,num_threads:128,set_partition:false}",2
b20100.json.gz,b,20,100,LagrangeTemplate,highs,LTFarkas,2,31,1166,1166,0,1166,0,20,133,0.011958,0.009812,0.028838,616,51513.63104,0.989862663,1,0,"{timeout:21600,max_col_multiplier:1,age_limit:2,random_seed:1,replication:2,num_threads:128,set_partition:false}",1
a10200.json.gz,a,10,200,LagrangeTemplate,highs,LTFarkas,5,2,2623,2623,,2623,,10,10,0.000398,0.000701,0.005157,223,560301.5075,22.3,1,0,"{timeout:21600,max_col_multiplier:1,age_limit:2,random_seed:4,replication:5,num_threads:128,set_partition:false}",-1
a10200.json.gz,a,10,200,LagrangeTemplate,highs,LTFarkas,5,2,2623,2623,0,2623,23317,10,20,0.000451,0.001395,0.006068,223,494456.7627,11.15,1,0,"{timeout:21600,max_col_multiplier:1,age_limit:2,random_seed:4,replication:5,num_threads:128,set_partition:false}",2
a10200.json.gz,a,10,200,LagrangeTemplate,highs,LTFarkas,5,2,2623,2623,0,2623,23317,10,20,0.000451,0.001395,0.006069,223,494456.7627,11.15,1,0,"{timeout:21600,max_col_multiplier:1,age_limit:2,random_seed:4,replication:5,num_threads:128,set_partition:false}",1
c05200.json.gz,c,5,200,LagrangeTemplate,highs,LTFarkas,5,6,3450.765286,inf,,3597,,8,25,0.001862,0.002914,0.008288,269,144468.3136,10.76,0,0,"{timeout:21600,max_col_multiplier:1,age_limit:4,random_seed:4,replication:5,num_threads:128,set_partition:false}",-1
c05200.json.gz,c,5,200,LagrangeTemplate,highs,LTFarkas,5,330,3454.017157,3458,0.08675535,3454.492647,0.475490196,27,220,0.601036,0.481061,1.10082,3725,6197.632089,2.14720202,1,0,"{timeout:21600,max_col_multiplier:1,age_limit:4,random_seed:4,replication:5,num_threads:128,set_partition:false}",2
c05200.json.gz,c,5,200,LagrangeTemplate,highs,LTFarkas,5,330,3454.017157,3458,0.08675535,3454.492647,0.475490196,27,220,0.601036,0.481061,1.100821,3725,6197.632089,2.14720202,1,0,"{timeout:21600,max_col_multiplier:1,age_limit:4,random_seed:4,replication:5,num_threads:128,set_partition:false}",1
e20100.json.gz,e,20,100,LagrangeTemplate,highs,LTFarkas,1,3,8359.58204,11008,,11008,,20,43,0.000658,0.001322,0.015677,585,889057.7508,13.60465116,1,0,"{timeout:21600,max_col_multiplier:1,age_limit:2,random_seed:0,replication:1,num_threads:128,set_partition:false}",-1
e20100.json.gz,e,20,100,LagrangeTemplate,highs,LTFarkas,1,69,8431.006734,9034,6.663714855,8431.5101,0.503366772,93,136,0.05575,0.026124,0.099752,3370,60448.43049,2.614089702,1,0,"{timeout:21600,max_col_multiplier:1,age_limit:2,random_seed:0,replication:1,num_threads:128,set_partition:false}",2
e20100.json.gz,e,20,100,LagrangeTemplate,highs,LTFarkas,1,69,8431.006734,9034,6.663714855,8431.5101,0.503366772,93,136,0.05575,0.026124,0.099753,3370,60448.43049,2.614089702,1,0,"{timeout:21600,max_col_multiplier:1,age_limit:2,random_seed:0,replication:1,num_threads:128,set_partition:false}",1
a10100.json.gz,a,10,100,LagrangeTemplate,highs,LTFarkas,1,3,1358.556923,1370,,1370,,10,21,0.000667,0.001218,0.005453,126,188905.5472,6,1,0,"{timeout:21600,max_col_multiplier:1,age_limit:2,random_seed:0,replication:1,num_threads:128,set_partition:false}",-1
a10100.json.gz,a,10,100,LagrangeTemplate,highs,LTFarkas,1,33,1360,1361,0.073475386,1360,0,13,111,0.010618,0.010473,0.026218,335,31550.19778,0.939141414,1,0,"{timeout:21600,max_col_multiplier:1,age_limit:2,random_seed:0,replication:1,num_threads:128,set_partition:false}",2
a10100.json.gz,a,10,100,LagrangeTemplate,highs,LTFarkas,1,33,1360,1361,0.073475386,1360,0,13,111,0.010618,0.010473,0.026219,335,31550.19778,0.939141414,1,0,"{timeout:21600,max_col_multiplier:1,age_limit:2,random_seed:0,replication:1,num_threads:128,set_partition:false}",1
b10200.json.gz,b,10,200,LagrangeTemplate,highs,LTFarkas,5,5,2815.050673,2912,,2912,,10,40,0.001429,0.001872,0.008918,304,212736.1791,7.6,1,0,"{timeout:21600,max_col_multiplier:1,age_limit:2,random_seed:4,replication:5,num_threads:128,set_partition:false}",-1
b10200.json.gz,b,10,200,LagrangeTemplate,highs,LTFarkas,5,204,2825.125938,2836,0.352609309,2825.509375,0.3834375,45,220,0.169854,0.105781,0.29084,3314,19510.87404,1.569236306,1,0,"{timeout:21600,max_col_multiplier:1,age_limit:2,random_seed:4,replication:5,num_threads:128,set_partition:false}",2
b10200.json.gz,b,10,200,LagrangeTemplate,highs,LTFarkas,5,204,2825.125938,2836,0.352609309,2825.509375,0.3834375,45,220,0.169854,0.105781,0.290841,3314,19510.87404,1.569236306,1,0,"{timeout:21600,max_col_multiplier:1,age_limit:2,random_seed:4,replication:5,num_threads:128,set_partition:false}",1
e60900.json.gz,e,60,900,LagrangeTemplate,highs,LTFarkas,5,3,100103.2598,inf,,144032,,70,120,0.004006,0.002609,1.048217,7933,1980279.581,66.10833333,0,0,"{timeout:21600,max_col_multiplier:1,age_limit:2,random_seed:4,replication:5,num_threads:128,set_partition:false}",-1
e60900.json.gz,e,60,900,LagrangeTemplate,highs,LTFarkas,5,333,100146.2032,101324,1.161620149,100146.6465,0.443351858,269,1013,8.185583,1.548204,10.853073,101033,12342.79831,4.954235902,1,0,"{timeout:21600,max_col_multiplier:1,age_limit:2,random_seed:4,replication:5,num_threads:128,set_partition:false}",2
e60900.json.gz,e,60,900,LagrangeTemplate,highs,LTFarkas,5,333,100146.2032,101324,1.161620149,100146.6465,0.443351858,269,1013,8.185583,1.548204,10.853074,101033,12342.79831,4.954235902,1,0,"{timeout:21600,max_col_multiplier:1,age_limit:2,random_seed:4,replication:5,num_threads:128,set_partition:false}",1
d401600.json.gz,d,40,1600,LagrangeTemplate,highs,LTFarkas,4,3,97105,98541,,98541,,40,89,0.004605,0.010193,0.573082,4542,986319.2182,51.03370787,1,0,"{timeout:21600,max_col_multiplier:1,age_limit:4,random_seed:3,replication:4,num_threads:128,set_partition:false}",-1
d401600.json.gz,d,40,1600,LagrangeTemplate,highs,LTFarkas,4,494,97105,97752,0.661879041,97105,309.0000099,278,1943,55.384786,33.458847,89.651235,107517,1941.273186,5.298499409,1,0,"{timeout:21600,max_col_multiplier:1,age_limit:4,random_seed:3,replication:4,num_threads:128,set_partition:false}",2
d401600.json.gz,d,40,1600,LagrangeTemplate,highs,LTFarkas,4,494,97105,97752,0.661879041,97105,309.0000099,278,1943,55.384786,33.458847,89.651236,107517,1941.273186,5.298499409,1,0,"{timeout:21600,max_col_multiplier:1,age_limit:4,random_seed:3,replication:4,num_threads:128,set_partition:false}",1
e10400.json.gz,e,10,400,LagrangeTemplate,highs,LTFarkas,2,4,45739.20722,48442,,48442,,10,31,0.001507,0.00235,0.039495,1427,946914.3995,46.03225806,1,0,"{timeout:21600,max_col_multiplier:1,age_limit:4,random_seed:1,replication:2,num_threads:128,set_partition:false}",-1
e10400.json.gz,e,10,400,LagrangeTemplate,highs,LTFarkas,2,454,45744.17526,46277,1.149599153,45744.21134,0.036082474,54,420,2.710511,1.485284,4.273414,14254,5258.786996,2.967804953,1,0,"{timeout:21600,max_col_multiplier:1,age_limit:4,random_seed:1,replication:2,num_threads:128,set_partition:false}",2
e10400.json.gz,e,10,400,LagrangeTemplate,highs,LTFarkas,2,454,45744.17526,46277,1.149599153,45744.21134,0.036082474,54,420,2.710511,1.485284,4.273415,14254,5258.786996,2.967804953,1,0,"{timeout:21600,max_col_multiplier:1,age_limit:4,random_seed:1,replication:2,num_threads:128,set_partition:false}",1
e801600.json.gz,e,80,1600,LagrangeTemplate,highs,LTFarkas,3,3,176780.9892,206287,,206287,,80,174,0.008325,0.004378,3.602975,15024,1804684.685,86.34482759,1,0,"{timeout:21600,max_col_multiplier:1,age_limit:2,random_seed:2,replication:3,num_threads:128,set_partition:false}",-1
e801600.json.gz,e,80,1600,LagrangeTemplate,highs,LTFarkas,3,639,176818.0107,176824,0.00282767,176818.942,0.931249489,319,1785,56.507316,7.90076,68.337929,305625,5408.591695,5.882926622,1,0,"{timeout:21600,max_col_multiplier:1,age_limit:2,random_seed:2,replication:3,num_threads:128,set_partition:false}",2
e801600.json.gz,e,80,1600,LagrangeTemplate,highs,LTFarkas,3,639,176818.0107,176824,0.00282767,176818.942,0.931249489,319,1785,56.507316,7.90076,68.33793,305625,5408.591695,5.882926622,1,0,"{timeout:21600,max_col_multiplier:1,age_limit:2,random_seed:2,replication:3,num_threads:128,set_partition:false}",1
b20200.json.gz,b,20,200,LagrangeTemplate,highs,LTFarkas,3,3,2331.137984,2411,,2411,,20,41,0.000805,0.001373,0.010716,290,360248.4472,7.073170732,1,0,"{timeout:21600,max_col_multiplier:1,age_limit:2,random_seed:2,replication:3,num_threads:128,set_partition:false}",-1
b20200.json.gz,b,20,200,LagrangeTemplate,highs,LTFarkas,3,88,2338.086957,2344,0.21331058,2338.521739,0.434782609,51,231,0.06375,0.032265,0.111308,2040,32000,1.383284958,1,0,"{timeout:21600,max_col_multiplier:1,age_limit:2,random_seed:2,replication:3,num_threads:128,set_partition:false}",2
b20200.json.gz,b,20,200,LagrangeTemplate,highs,LTFarkas,3,88,2338.086957,2344,0.21331058,2338.521739,0.434782609,51,231,0.06375,0.032265,0.111309,2040,32000,1.383284958,1,0,"{timeout:21600,max_col_multiplier:1,age_limit:2,random_seed:2,replication:3,num_threads:128,set_partition:false}",1
a20100.json.gz,a,20,100,LagrangeTemplate,highs,LTFarkas,3,2,1157.08,1158,,1158,,20,20,0.000262,0.000525,0.004656,124,473282.4427,6.2,1,0,"{timeout:21600,max_col_multiplier:1,age_limit:2,random_seed:2,replication:3,num_threads:128,set_partition:false}",-1
a20100.json.gz,a,20,100,LagrangeTemplate,highs,LTFarkas,3,2,1157.08,1158,0,1158,8227,20,40,0.000298,0.000927,0.005158,124,416107.3826,3.1,1,0,"{timeout:21600,max_col_multiplier:1,age_limit:2,random_seed:2,replication:3,num_threads:128,set_partition:false}",2
a20100.json.gz,a,20,100,LagrangeTemplate,highs,LTFarkas,3,2,1157.08,1158,0,1158,8227,20,40,0.000298,0.000927,0.005158,124,416107.3826,3.1,1,0,"{timeout:21600,max_col_multiplier:1,age_limit:2,random_seed:2,replication:3,num_threads:128,set_partition:false}",1
e40400.json.gz,e,40,400,LagrangeTemplate,highs,LTFarkas,1,3,44523.4286,inf,,57307,,51,80,0.001977,0.001572,0.200301,3242,1639858.371,40.525,0,0,"{timeout:21600,max_col_multiplier:1,age_limit:2,random_seed:0,replication:1,num_threads:128,set_partition:false}",-1
e40400.json.gz,e,40,400,LagrangeTemplate,highs,LTFarkas,1,157,44556.02555,45393,1.841693653,44556.88299,0.857442348,167,466,0.802562,0.238435,1.256032,24220,30178.35382,3.735956206,1,0,"{timeout:21600,max_col_multiplier:1,age_limit:2,random_seed:0,replication:1,num_threads:128,set_partition:false}",2
e40400.json.gz,e,40,400,LagrangeTemplate,highs,LTFarkas,1,157,44556.02555,45393,1.841693653,44556.88299,0.857442348,167,466,0.802562,0.238435,1.256033,24220,30178.35382,3.735956206,1,0,"{timeout:21600,max_col_multiplier:1,age_limit:2,random_seed:0,replication:1,num_threads:128,set_partition:false}",1
c20400.json.gz,c,20,400,LagrangeTemplate,highs,LTFarkas,3,5,4774.150442,inf,,4917.5,,28,80,0.002157,0.002831,0.026823,643,298099.2119,8.0375,0,0,"{timeout:21600,max_col_multiplier:1,age_limit:2,random_seed:2,replication:3,num_threads:128,set_partition:false}",-1
c20400.json.gz,c,20,400,LagrangeTemplate,highs,LTFarkas,3,228,4780.01446,4793,0.250365116,4780.184668,0.170208109,99,440,0.519988,0.196858,0.757423,9260,17808.10326,1.979967479,1,0,"{timeout:21600,max_col_multiplier:1,age_limit:2,random_seed:2,replication:3,num_threads:128,set_partition:false}",2
c20400.json.gz,c,20,400,LagrangeTemplate,highs,LTFarkas,3,228,4780.01446,4793,0.250365116,4780.184668,0.170208109,99,440,0.519988,0.196858,0.757423,9260,17808.10326,1.979967479,1,0,"{timeout:21600,max_col_multiplier:1,age_limit:2,random_seed:2,replication:3,num_threads:128,set_partition:false}",1
c20100.json.gz,c,20,100,LagrangeTemplate,highs,LTFarkas,2,4,1218.987259,1354,,1354,,20,60,0.00084,0.002072,0.008073,211,251190.4762,3.516666667,1,0,"{timeout:21600,max_col_multiplier:1,age_limit:2,random_seed:1,replication:2,num_threads:128,set_partition:false}",-1
c20100.json.gz,c,20,100,LagrangeTemplate,highs,LTFarkas,2,34,1241.666667,1255,1.035856574,1241.666667,0,50,138,0.016974,0.012234,0.03691,959,56498.17368,1.408595631,1,0,"{timeout:21600,max_col_multiplier:1,age_limit:2,random_seed:1,replication:2,num_threads:128,set_partition:false}",2
c20100.json.gz,c,20,100,LagrangeTemplate,highs,LTFarkas,2,34,1241.666667,1255,1.035856574,1241.666667,0,50,138,0.016974,0.012234,0.036911,959,56498.17368,1.408595631,1,0,"{timeout:21600,max_col_multiplier:1,age_limit:2,random_seed:1,replication:2,num_threads:128,set_partition:false}",1
b05100.json.gz,b,5,100,LagrangeTemplate,highs,LTFarkas,1,4,1831.32945,1895,,1895,,5,15,0.000645,0.001407,0.004031,147,227906.9767,9.8,1,0,"{timeout:21600,max_col_multiplier:1,age_limit:2,random_seed:0,replication:1,num_threads:128,set_partition:false}",-1
b05100.json.gz,b,5,100,LagrangeTemplate,highs,LTFarkas,1,156,1838.604651,1895,2.955145119,1838.837209,0.23255814,23,117,0.061882,0.064229,0.132327,1219,19698.78155,1.453739316,1,0,"{timeout:21600,max_col_multiplier:1,age_limit:2,random_seed:0,replication:1,num_threads:128,set_partition:false}",2
b05100.json.gz,b,5,100,LagrangeTemplate,highs,LTFarkas,1,156,1838.604651,1895,2.955145119,1838.837209,0.23255814,23,117,0.061882,0.064229,0.132328,1219,19698.78155,1.453739316,1,0,"{timeout:21600,max_col_multiplier:1,age_limit:2,random_seed:0,replication:1,num_threads:128,set_partition:false}",1
a05100.json.gz,a,5,100,LagrangeTemplate,highs,LTFarkas,4,2,1697.727273,1698,,1698,,5,5,0.000253,0.00092,0.003366,108,426877.4704,21.6,1,0,"{timeout:21600,max_col_multiplier:1,age_limit:2,random_seed:3,replication:4,num_threads:128,set_partition:false}",-1
a05100.json.gz,a,5,100,LagrangeTemplate,highs,LTFarkas,4,2,1697.727273,1698,0,1698,7760,5,10,0.000281,0.001413,0.003933,108,384341.637,10.8,1,0,"{timeout:21600,max_col_multiplier:1,age_limit:2,random_seed:3,replication:4,num_threads:128,set_partition:false}",2
a05100.json.gz,a,5,100,LagrangeTemplate,highs,LTFarkas,4,2,1697.727273,1698,0,1698,7760,5,10,0.000281,0.001413,0.003934,108,384341.637,10.8,1,0,"{timeout:21600,max_col_multiplier:1,age_limit:2,random_seed:3,replication:4,num_threads:128,set_partition:false}",1
c20100.json.gz,c,20,100,LagrangeTemplate,highs,LTFarkas,3,3,1218.987259,1378,,1378,,20,40,0.000674,0.001148,0.006787,197,292284.8665,4.925,1,0,"{timeout:21600,max_col_multiplier:1,age_limit:2,random_seed:2,replication:3,num_threads:128,set_partition:false}",-1
c20100.json.gz,c,20,100,LagrangeTemplate,highs,LTFarkas,3,42,1241.333333,1255,1.035856574,1241.666667,0.333333333,54,133,0.019884,0.012307,0.039516,1144,57533.69543,1.47970326,1,0,"{timeout:21600,max_col_multiplier:1,age_limit:2,random_seed:2,replication:3,num_threads:128,set_partition:false}",2
c20100.json.gz,c,20,100,LagrangeTemplate,highs,LTFarkas,3,42,1241.333333,1255,1.035856574,1241.666667,0.333333333,54,133,0.019884,0.012307,0.039516,1144,57533.69543,1.47970326,1,0,"{timeout:21600,max_col_multiplier:1,age_limit:2,random_seed:2,replication:3,num_threads:128,set_partition:false}",1
a20100.json.gz,a,20,100,LagrangeTemplate,highs,LTFarkas,1,2,1157.08,1158,,1158,,20,20,0.000272,0.000518,0.004383,128,470588.2353,6.4,1,0,"{timeout:21600,max_col_multiplier:1,age_limit:2,random_seed:0,replication:1,num_threads:128,set_partition:false}",-1
a20100.json.gz,a,20,100,LagrangeTemplate,highs,LTFarkas,1,2,1157.08,1158,0,1158,8280,20,40,0.000306,0.000966,0.004975,128,418300.6536,3.2,1,0,"{timeout:21600,max_col_multiplier:1,age_limit:2,random_seed:0,replication:1,num_threads:128,set_partition:false}",2
a20100.json.gz,a,20,100,LagrangeTemplate,highs,LTFarkas,1,2,1157.08,1158,0,1158,8280,20,40,0.000306,0.000966,0.004976,128,418300.6536,3.2,1,0,"{timeout:21600,max_col_multiplier:1,age_limit:2,random_seed:0,replication:1,num_threads:128,set_partition:false}",1
b05200.json.gz,b,5,200,LagrangeTemplate,highs,LTFarkas,4,7,3547.411575,inf,,3670,,10,30,0.001892,0.004089,0.009559,279,147463.0021,9.3,0,0,"{timeout:21600,max_col_multiplier:1,age_limit:4,random_seed:3,replication:4,num_threads:128,set_partition:false}",-1
b05200.json.gz,b,5,200,LagrangeTemplate,highs,LTFarkas,4,492,3549.066828,3567,0.476590973,3549.336554,0.269726248,31,232,0.876599,0.683381,1.585751,5632,6424.83051,2.208062331,1,0,"{timeout:21600,max_col_multiplier:1,age_limit:4,random_seed:3,replication:4,num_threads:128,set_partition:false}",2
b05200.json.gz,b,5,200,LagrangeTemplate,highs,LTFarkas,4,492,3549.066828,3567,0.476590973,3549.336554,0.269726248,31,232,0.876599,0.683381,1.585752,5632,6424.83051,2.208062331,1,0,"{timeout:21600,max_col_multiplier:1,age_limit:4,random_seed:3,replication:4,num_threads:128,set_partition:false}",1
d30900.json.gz,d,30,900,LagrangeTemplate,highs,LTFarkas,3,4,54828.75354,56042,,56042,,30,96,0.003426,0.008201,0.222271,2691,785464.0981,28.03125,1,0,"{timeout:21600,max_col_multiplier:1,age_limit:3,random_seed:2,replication:3,num_threads:128,set_partition:false}",-1
d30900.json.gz,d,30,900,LagrangeTemplate,highs,LTFarkas,3,548,54832.02967,55344,0.923315987,54832.38255,0.352880983,231,1031,15.606121,17.079335,33.073937,66766,4278.193153,3.9689021,1,0,"{timeout:21600,max_col_multiplier:1,age_limit:3,random_seed:2,replication:3,num_threads:128,set_partition:false}",2
d30900.json.gz,d,30,900,LagrangeTemplate,highs,LTFarkas,3,548,54832.02967,55344,0.923315987,54832.38255,0.352880983,231,1031,15.606121,17.079335,33.073938,66766,4278.193153,3.9689021,1,0,"{timeout:21600,max_col_multiplier:1,age_limit:3,random_seed:2,replication:3,num_threads:128,set_partition:false}",1
e30900.json.gz,e,30,900,LagrangeTemplate,highs,LTFarkas,2,4,100413.3227,112740,,112740,,30,96,0.003644,0.004621,0.432586,5649,1550219.539,58.84375,1,0,"{timeout:21600,max_col_multiplier:1,age_limit:3,random_seed:1,replication:2,num_threads:128,set_partition:false}",-1
e30900.json.gz,e,30,900,LagrangeTemplate,highs,LTFarkas,2,522,100426.2247,100912,0.480616775,100426.7078,0.483044733,115,958,10.052112,3.672997,14.254636,71445,7107.461596,4.397564857,1,0,"{timeout:21600,max_col_multiplier:1,age_limit:3,random_seed:1,replication:2,num_threads:128,set_partition:false}",2
e30900.json.gz,e,30,900,LagrangeTemplate,highs,LTFarkas,2,522,100426.2247,100912,0.480616775,100426.7078,0.483044733,115,958,10.052112,3.672997,14.254637,71445,7107.461596,4.397564857,1,0,"{timeout:21600,max_col_multiplier:1,age_limit:3,random_seed:1,replication:2,num_threads:128,set_partition:false}",1
d801600.json.gz,d,80,1600,LagrangeTemplate,highs,LTFarkas,3,3,97034,inf,,102593.4167,,103,160,0.007241,0.00852,1.260309,4819,665515.8127,30.11875,0,0,"{timeout:21600,max_col_multiplier:1,age_limit:2,random_seed:2,replication:3,num_threads:128,set_partition:false}",-1
d801600.json.gz,d,80,1600,LagrangeTemplate,highs,LTFarkas,3,416,97034,97840,0.823793949,97034,297.0000002,545,2124,26.914204,21.242259,49.679811,130941,4865.126236,3.848452524,1,0,"{timeout:21600,max_col_multiplier:1,age_limit:2,random_seed:2,replication:3,num_threads:128,set_partition:false}",2
d801600.json.gz,d,80,1600,LagrangeTemplate,highs,LTFarkas,3,416,97034,97840,0.823793949,97034,297.0000002,545,2124,26.914204,21.242259,49.679812,130941,4865.126236,3.848452524,1,0,"{timeout:21600,max_col_multiplier:1,age_limit:2,random_seed:2,replication:3,num_threads:128,set_partition:false}",1
b10200.json.gz,b,10,200,LagrangeTemplate,highs,LTFarkas,1,4,2815.050673,2905,,2905,,10,31,0.000979,0.001486,0.0084,285,291113.381,9.193548387,1,0,"{timeout:21600,max_col_multiplier:1,age_limit:2,random_seed:0,replication:1,num_threads:128,set_partition:false}",-1
b10200.json.gz,b,10,200,LagrangeTemplate,highs,LTFarkas,1,180,2825.03125,2829,0.106044539,2825.5125,0.48125,47,221,0.14774,0.087666,0.24988,2970,20102.88344,1.610810719,1,0,"{timeout:21600,max_col_multiplier:1,age_limit:2,random_seed:0,replication:1,num_threads:128,set_partition:false}",2
b10200.json.gz,b,10,200,LagrangeTemplate,highs,LTFarkas,1,180,2825.03125,2829,0.106044539,2825.5125,0.48125,47,221,0.14774,0.087666,0.249881,2970,20102.88344,1.610810719,1,0,"{timeout:21600,max_col_multiplier:1,age_limit:2,random_seed:0,replication:1,num_threads:128,set_partition:false}",1
b10100.json.gz,b,10,100,LagrangeTemplate,highs,LTFarkas,1,4,1400.671958,1472,,1472,,10,30,0.000893,0.0017,0.005148,151,169092.9451,5.033333333,1,0,"{timeout:21600,max_col_multiplier:1,age_limit:2,random_seed:0,replication:1,num_threads:128,set_partition:false}",-1
b10100.json.gz,b,10,100,LagrangeTemplate,highs,LTFarkas,1,71,1406.666667,1408,0.071022727,1407,0.333333333,20,113,0.026312,0.020186,0.051978,759,28846.15385,1.211379387,1,0,"{timeout:21600,max_col_multiplier:1,age_limit:2,random_seed:0,replication:1,num_threads:128,set_partition:false}",2
b10100.json.gz,b,10,100,LagrangeTemplate,highs,LTFarkas,1,71,1406.666667,1408,0.071022727,1407,0.333333333,20,113,0.026312,0.020186,0.051978,759,28846.15385,1.211379387,1,0,"{timeout:21600,max_col_multiplier:1,age_limit:2,random_seed:0,replication:1,num_threads:128,set_partition:false}",1
d40400.json.gz,d,40,400,LagrangeTemplate,highs,LTFarkas,5,3,24347.60829,inf,,25925.5,,48,80,0.00139,0.00158,0.101645,1518,1092086.331,18.975,0,0,"{timeout:21600,max_col_multiplier:1,age_limit:2,random_seed:4,replication:5,num_threads:128,set_partition:false}",-1
d40400.json.gz,d,40,400,LagrangeTemplate,highs,LTFarkas,5,201,24349.5,24792,1.782833172,24349.5,0,239,460,1.910555,1.028512,3.067049,34376,17992.67752,4.220745679,1,0,"{timeout:21600,max_col_multiplier:1,age_limit:2,random_seed:4,replication:5,num_threads:128,set_partition:false}",2
d40400.json.gz,d,40,400,LagrangeTemplate,highs,LTFarkas,5,201,24349.5,24792,1.782833172,24349.5,0,239,460,1.910555,1.028512,3.06705,34376,17992.67752,4.220745679,1,0,"{timeout:21600,max_col_multiplier:1,age_limit:2,random_seed:4,replication:5,num_threads:128,set_partition:false}",1
e60900.json.gz,e,60,900,LagrangeTemplate,highs,LTFarkas,4,3,100103.2598,123850,,123850,,60,128,0.003766,0.003317,1.02339,7919,2102761.551,61.8671875,1,0,"{timeout:21600,max_col_multiplier:1,age_limit:2,random_seed:3,replication:4,num_threads:128,set_partition:false}",-1
e60900.json.gz,e,60,900,LagrangeTemplate,highs,LTFarkas,4,289,100146.0022,102194,2.003053017,100146.6465,0.644291814,259,1023,5.938862,1.353554,8.376167,82983,13972.87898,4.673700008,1,0,"{timeout:21600,max_col_multiplier:1,age_limit:2,random_seed:3,replication:4,num_threads:128,set_partition:false}",2
e60900.json.gz,e,60,900,LagrangeTemplate,highs,LTFarkas,4,289,100146.0022,102194,2.003053017,100146.6465,0.644291814,259,1023,5.938862,1.353554,8.376168,82983,13972.87898,4.673700008,1,0,"{timeout:21600,max_col_multiplier:1,age_limit:2,random_seed:3,replication:4,num_threads:128,set_partition:false}",1
e05200.json.gz,e,5,200,LagrangeTemplate,highs,LTFarkas,2,4,24922,25242,,25242,,5,16,0.000998,0.00173,0.008964,465,465931.8637,29.0625,1,0,"{timeout:21600,max_col_multiplier:1,age_limit:4,random_seed:1,replication:2,num_threads:128,set_partition:false}",-1
e05200.json.gz,e,5,200,LagrangeTemplate,highs,LTFarkas,2,301,24926.25,25052,0.498962159,24926.64286,0.392857143,21,216,0.550826,0.428484,0.999674,3306,6001.895335,2.010894241,1,0,"{timeout:21600,max_col_multiplier:1,age_limit:4,random_seed:1,replication:2,num_threads:128,set_partition:false}",2
e05200.json.gz,e,5,200,LagrangeTemplate,highs,LTFarkas,2,301,24926.25,25052,0.498962159,24926.64286,0.392857143,21,216,0.550826,0.428484,0.999675,3306,6001.895335,2.010894241,1,0,"{timeout:21600,max_col_multiplier:1,age_limit:4,random_seed:1,replication:2,num_threads:128,set_partition:false}",1
a20200.json.gz,a,20,200,LagrangeTemplate,highs,LTFarkas,1,3,2337.327333,2342,,2342,,20,41,0.001026,0.001136,0.01053,257,250487.3294,6.268292683,1,0,"{timeout:21600,max_col_multiplier:1,age_limit:2,random_seed:0,replication:1,num_threads:128,set_partition:false}",-1
a20200.json.gz,a,20,200,LagrangeTemplate,highs,LTFarkas,1,58,2339,2339,0,2339,0,20,220,0.026494,0.018171,0.056548,621,23439.26927,0.770573863,1,0,"{timeout:21600,max_col_multiplier:1,age_limit:2,random_seed:0,replication:1,num_threads:128,set_partition:false}",2
a20200.json.gz,a,20,200,LagrangeTemplate,highs,LTFarkas,1,58,2339,2339,0,2339,0,20,220,0.026494,0.018171,0.05655,621,23439.26927,0.770573863,1,0,"{timeout:21600,max_col_multiplier:1,age_limit:2,random_seed:0,replication:1,num_threads:128,set_partition:false}",1
d10200.json.gz,d,10,200,LagrangeTemplate,highs,LTFarkas,3,4,12418.3621,12767,,12767,,10,30,0.000898,0.002198,0.018728,498,554565.7016,16.6,1,0,"{timeout:21600,max_col_multiplier:1,age_limit:2,random_seed:2,replication:3,num_threads:128,set_partition:false}",-1
d10200.json.gz,d,10,200,LagrangeTemplate,highs,LTFarkas,3,361,12425.29239,12450,0.192771084,12425.61474,0.322351858,75,234,1.229266,1.431291,2.707373,10479,8524.599232,2.817636196,1,0,"{timeout:21600,max_col_multiplier:1,age_limit:2,random_seed:2,replication:3,num_threads:128,set_partition:false}",2
d10200.json.gz,d,10,200,LagrangeTemplate,highs,LTFarkas,3,361,12425.29239,12450,0.192771084,12425.61474,0.322351858,75,234,1.229266,1.431291,2.707374,10479,8524.599232,2.817636196,1,0,"{timeout:21600,max_col_multiplier:1,age_limit:2,random_seed:2,replication:3,num_threads:128,set_partition:false}",1
c05200.json.gz,c,5,200,LagrangeTemplate,highs,LTFarkas,4,8,3450.765286,inf,,3521.5,,8,35,0.002692,0.00484,0.010845,279,103640.416,7.971428571,0,0,"{timeout:21600,max_col_multiplier:1,age_limit:4,random_seed:3,replication:4,num_threads:128,set_partition:false}",-1
c05200.json.gz,c,5,200,LagrangeTemplate,highs,LTFarkas,4,375,3454.007353,3469,0.403574517,3454.492647,0.485294118,27,223,0.586806,0.521583,1.127972,3735,6364.965593,1.908412698,1,0,"{timeout:21600,max_col_multiplier:1,age_limit:4,random_seed:3,replication:4,num_threads:128,set_partition:false}",2
c05200.json.gz,c,5,200,LagrangeTemplate,highs,LTFarkas,4,375,3454.007353,3469,0.403574517,3454.492647,0.485294118,27,223,0.586806,0.521583,1.127973,3735,6364.965593,1.908412698,1,0,"{timeout:21600,max_col_multiplier:1,age_limit:4,random_seed:3,replication:4,num_threads:128,set_partition:false}",1
d20100.json.gz,d,20,100,LagrangeTemplate,highs,LTFarkas,4,3,6142.530217,6925,,6925,,20,41,0.0009,0.001092,0.017223,397,441111.1111,9.682926829,1,0,"{timeout:21600,max_col_multiplier:1,age_limit:2,random_seed:3,replication:4,num_threads:128,set_partition:false}",-1
d20100.json.gz,d,20,100,LagrangeTemplate,highs,LTFarkas,4,71,6176.142063,6319,2.247191011,6176.142063,0,111,136,0.061052,0.054118,0.134542,3424,56083.33879,2.545717077,1,0,"{timeout:21600,max_col_multiplier:1,age_limit:2,random_seed:3,replication:4,num_threads:128,set_partition:false}",2
d20100.json.gz,d,20,100,LagrangeTemplate,highs,LTFarkas,4,71,6176.142063,6319,2.247191011,6176.142063,0,111,136,0.061052,0.054118,0.134542,3424,56083.33879,2.545717077,1,0,"{timeout:21600,max_col_multiplier:1,age_limit:2,random_seed:3,replication:4,num_threads:128,set_partition:false}",1
c20200.json.gz,c,20,200,LagrangeTemplate,highs,LTFarkas,4,4,2376.905486,2523,,2523,,20,61,0.001259,0.001593,0.012229,338,268467.0373,5.540983607,1,0,"{timeout:21600,max_col_multiplier:1,age_limit:2,random_seed:3,replication:4,num_threads:128,set_partition:false}",-1
c20200.json.gz,c,20,200,LagrangeTemplate,highs,LTFarkas,4,80,2390.088276,2395,0.167014614,2390.171034,0.082758621,75,230,0.069908,0.033259,0.118774,2576,36848.42936,1.57632644,1,0,"{timeout:21600,max_col_multiplier:1,age_limit:2,random_seed:3,replication:4,num_threads:128,set_partition:false}",2
c20200.json.gz,c,20,200,LagrangeTemplate,highs,LTFarkas,4,80,2390.088276,2395,0.167014614,2390.171034,0.082758621,75,230,0.069908,0.033259,0.118775,2576,36848.42936,1.57632644,1,0,"{timeout:21600,max_col_multiplier:1,age_limit:2,random_seed:3,replication:4,num_threads:128,set_partition:false}",1
a20200.json.gz,a,20,200,LagrangeTemplate,highs,LTFarkas,5,3,2337.327333,2340,,2340,,20,41,0.000672,0.001,0.008913,246,366071.4286,6,1,0,"{timeout:21600,max_col_multiplier:1,age_limit:2,random_seed:4,replication:5,num_threads:128,set_partition:false}",-1
a20200.json.gz,a,20,200,LagrangeTemplate,highs,LTFarkas,5,61,2339,2339,0,2339,0,20,221,0.027533,0.018576,0.057147,662,24043.87462,0.776572136,1,0,"{timeout:21600,max_col_multiplier:1,age_limit:2,random_seed:4,replication:5,num_threads:128,set_partition:false}",2
a20200.json.gz,a,20,200,LagrangeTemplate,highs,LTFarkas,5,61,2339,2339,0,2339,0,20,221,0.027533,0.018576,0.057148,662,24043.87462,0.776572136,1,0,"{timeout:21600,max_col_multiplier:1,age_limit:2,random_seed:4,replication:5,num_threads:128,set_partition:false}",1
e10400.json.gz,e,10,400,LagrangeTemplate,highs,LTFarkas,3,3,45739.20722,48145,,48145,,10,21,0.001096,0.001504,0.038262,1411,1287408.759,67.19047619,1,0,"{timeout:21600,max_col_multiplier:1,age_limit:4,random_seed:2,replication:3,num_threads:128,set_partition:false}",-1
e10400.json.gz,e,10,400,LagrangeTemplate,highs,LTFarkas,3,606,45744.04627,45841,0.209419511,45744.21134,0.165071183,54,438,4.100407,1.890087,6.071251,27270,6650.559323,4.407427052,1,0,"{timeout:21600,max_col_multiplier:1,age_limit:4,random_seed:2,replication:3,num_threads:128,set_partition:false}",2
e10400.json.gz,e,10,400,LagrangeTemplate,highs,LTFarkas,3,606,45744.04627,45841,0.209419511,45744.21134,0.165071183,54,438,4.100407,1.890087,6.071252,27270,6650.559323,4.407427052,1,0,"{timeout:21600,max_col_multiplier:1,age_limit:4,random_seed:2,replication:3,num_threads:128,set_partition:false}",1
c401600.json.gz,c,40,1600,LagrangeTemplate,highs,LTFarkas,3,4,17139.32464,17501,,17501,,40,127,0.006106,0.008575,0.211807,2226,364559.4497,17.52755906,1,0,"{timeout:21600,max_col_multiplier:1,age_limit:4,random_seed:2,replication:3,num_threads:128,set_partition:false}",-1
c401600.json.gz,c,40,1600,LagrangeTemplate,highs,LTFarkas,3,606,17143.00242,17159,0.087417682,17143.46864,0.466215039,223,1697,21.616983,1.948782,23.975134,81850,3786.374815,3.35605741,1,0,"{timeout:21600,max_col_multiplier:1,age_limit:4,random_seed:2,replication:3,num_threads:128,set_partition:false}",2
c401600.json.gz,c,40,1600,LagrangeTemplate,highs,LTFarkas,3,606,17143.00242,17159,0.087417682,17143.46864,0.466215039,223,1697,21.616983,1.948782,23.975135,81850,3786.374815,3.35605741,1,0,"{timeout:21600,max_col_multiplier:1,age_limit:4,random_seed:2,replication:3,num_threads:128,set_partition:false}",1
c10200.json.gz,c,10,200,LagrangeTemplate,highs,LTFarkas,4,4,2795.407916,2881,,2881,,10,30,0.001,0.001414,0.008677,296,296000,9.866666667,1,0,"{timeout:21600,max_col_multiplier:1,age_limit:2,random_seed:3,replication:4,num_threads:128,set_partition:false}",-1
c10200.json.gz,c,10,200,LagrangeTemplate,highs,LTFarkas,4,207,2803.478111,2807,0.106875668,2803.949309,0.471198157,53,230,0.195281,0.125606,0.336632,4102,21005.62779,1.910240779,1,0,"{timeout:21600,max_col_multiplier:1,age_limit:2,random_seed:3,replication:4,num_threads:128,set_partition:false}",2
c10200.json.gz,c,10,200,LagrangeTemplate,highs,LTFarkas,4,207,2803.478111,2807,0.106875668,2803.949309,0.471198157,53,230,0.195281,0.125606,0.336633,4102,21005.62779,1.910240779,1,0,"{timeout:21600,max_col_multiplier:1,age_limit:2,random_seed:3,replication:4,num_threads:128,set_partition:false}",1
e20200.json.gz,e,20,200,LagrangeTemplate,highs,LTFarkas,3,3,22355.93385,25982,,25982,,20,42,0.001301,0.001079,0.039178,1251,961568.0246,29.78571429,1,0,"{timeout:21600,max_col_multiplier:1,age_limit:2,random_seed:2,replication:3,num_threads:128,set_partition:false}",-1
e20200.json.gz,e,20,200,LagrangeTemplate,highs,LTFarkas,3,143,22376.11061,22521,0.639403224,22376.76364,0.653030303,89,240,0.200598,0.112109,0.358145,8156,40658.43129,2.892263478,1,0,"{timeout:21600,max_col_multiplier:1,age_limit:2,random_seed:2,replication:3,num_threads:128,set_partition:false}",2
e20200.json.gz,e,20,200,LagrangeTemplate,highs,LTFarkas,3,143,22376.11061,22521,0.639403224,22376.76364,0.653030303,89,240,0.200598,0.112109,0.358145,8156,40658.43129,2.892263478,1,0,"{timeout:21600,max_col_multiplier:1,age_limit:2,random_seed:2,replication:3,num_threads:128,set_partition:false}",1
c201600.json.gz,c,20,1600,LagrangeTemplate,highs,LTFarkas,3,5,18798.56503,18977,,18977,,20,81,0.006843,0.018071,0.120923,1992,291100.3946,24.59259259,1,0,"{timeout:21600,max_col_multiplier:1,age_limit:8,random_seed:2,replication:3,num_threads:128,set_partition:false}",-1
c201600.json.gz,c,20,1600,LagrangeTemplate,highs,LTFarkas,3,1319,18801.04475,18811,0.047844329,18801.16411,0.119355868,127,1686,134.11008,10.786411,145.494666,156538,1167.235155,5.928762933,1,0,"{timeout:21600,max_col_multiplier:1,age_limit:8,random_seed:2,replication:3,num_threads:128,set_partition:false}",2
c201600.json.gz,c,20,1600,LagrangeTemplate,highs,LTFarkas,3,1319,18801.04475,18811,0.047844329,18801.16411,0.119355868,127,1686,134.11008,10.786411,145.494667,156538,1167.235155,5.928762933,1,0,"{timeout:21600,max_col_multiplier:1,age_limit:8,random_seed:2,replication:3,num_threads:128,set_partition:false}",1
d10100.json.gz,d,10,100,LagrangeTemplate,highs,LTFarkas,3,4,6323.456043,6722,,6722,,10,30,0.001836,0.00227,0.013754,275,149782.1351,9.166666667,1,0,"{timeout:21600,max_col_multiplier:1,age_limit:2,random_seed:2,replication:3,num_threads:128,set_partition:false}",-1
d10100.json.gz,d,10,100,LagrangeTemplate,highs,LTFarkas,3,141,6341.200693,6522,2.759889604,6341.450318,0.249625398,66,138,0.090201,0.15306,0.25888,3502,38824.40328,2.388399189,1,0,"{timeout:21600,max_col_multiplier:1,age_limit:2,random_seed:2,replication:3,num_threads:128,set_partition:false}",2
d10100.json.gz,d,10,100,LagrangeTemplate,highs,LTFarkas,3,141,6341.200693,6522,2.759889604,6341.450318,0.249625398,66,138,0.090201,0.15306,0.258881,3502,38824.40328,2.388399189,1,0,"{timeout:21600,max_col_multiplier:1,age_limit:2,random_seed:2,replication:3,num_threads:128,set_partition:false}",1
e10200.json.gz,e,10,200,LagrangeTemplate,highs,LTFarkas,4,4,23293.85615,inf,,27681,,14,30,0.001028,0.001487,0.017858,782,760700.3891,26.06666667,0,0,"{timeout:21600,max_col_multiplier:1,age_limit:2,random_seed:3,replication:4,num_threads:128,set_partition:false}",-1
e10200.json.gz,e,10,200,LagrangeTemplate,highs,LTFarkas,4,271,23302.04345,23404,0.431550162,23302.04956,0.00610998,60,214,0.332633,0.265673,0.626031,6814,20485.03907,2.370520705,1,0,"{timeout:21600,max_col_multiplier:1,age_limit:2,random_seed:3,replication:4,num_threads:128,set_partition:false}",2
e10200.json.gz,e,10,200,LagrangeTemplate,highs,LTFarkas,4,271,23302.04345,23404,0.431550162,23302.04956,0.00610998,60,214,0.332633,0.265673,0.626032,6814,20485.03907,2.370520705,1,0,"{timeout:21600,max_col_multiplier:1,age_limit:2,random_seed:3,replication:4,num_threads:128,set_partition:false}",1
c20400.json.gz,c,20,400,LagrangeTemplate,highs,LTFarkas,1,4,4774.150442,4905,,4905,,20,61,0.001852,0.00213,0.02645,624,336933.0454,10.2295082,1,0,"{timeout:21600,max_col_multiplier:1,age_limit:2,random_seed:0,replication:1,num_threads:128,set_partition:false}",-1
c20400.json.gz,c,20,400,LagrangeTemplate,highs,LTFarkas,1,224,4780.048821,4800,0.395833333,4780.184668,0.135847028,99,429,0.456891,0.195428,0.692533,8105,17739.46083,1.80006165,1,0,"{timeout:21600,max_col_multiplier:1,age_limit:2,random_seed:0,replication:1,num_threads:128,set_partition:false}",2
c20400.json.gz,c,20,400,LagrangeTemplate,highs,LTFarkas,1,224,4780.048821,4800,0.395833333,4780.184668,0.135847028,99,429,0.456891,0.195428,0.692534,8105,17739.46083,1.80006165,1,0,"{timeout:21600,max_col_multiplier:1,age_limit:2,random_seed:0,replication:1,num_threads:128,set_partition:false}",1
d201600.json.gz,d,20,1600,LagrangeTemplate,highs,LTFarkas,5,4,97821.35001,98543,,98543,,20,66,0.006621,0.034259,0.298082,4107,620299.0485,62.22727273,1,0,"{timeout:21600,max_col_multiplier:1,age_limit:8,random_seed:4,replication:5,num_threads:128,set_partition:false}",-1
d201600.json.gz,d,20,1600,LagrangeTemplate,highs,LTFarkas,5,995,97822.06634,98096,0.278298809,97822.76566,0.699318202,164,1874,193.51716,99.574368,293.807319,107222,554.0697269,5.242904955,1,0,"{timeout:21600,max_col_multiplier:1,age_limit:8,random_seed:4,replication:5,num_threads:128,set_partition:false}",2
d201600.json.gz,d,20,1600,LagrangeTemplate,highs,LTFarkas,5,995,97822.06634,98096,0.278298809,97822.76566,0.699318202,164,1874,193.51716,99.574368,293.80732,107222,554.0697269,5.242904955,1,0,"{timeout:21600,max_col_multiplier:1,age_limit:8,random_seed:4,replication:5,num_threads:128,set_partition:false}",1
c10400.json.gz,c,10,400,LagrangeTemplate,highs,LTFarkas,3,6,5591.103879,inf,,5739.6,,17,50,0.00233,0.004498,0.018405,547,234763.9485,10.94,0,0,"{timeout:21600,max_col_multiplier:1,age_limit:4,random_seed:2,replication:3,num_threads:128,set_partition:false}",-1
c10400.json.gz,c,10,400,LagrangeTemplate,highs,LTFarkas,3,446,5595.032802,5650,0.955752212,5595.331085,0.298283262,55,429,1.543304,0.885562,2.469595,11594,7512.4538,2.57054132,1,0,"{timeout:21600,max_col_multiplier:1,age_limit:4,random_seed:2,replication:3,num_threads:128,set_partition:false}",2
c10400.json.gz,c,10,400,LagrangeTemplate,highs,LTFarkas,3,446,5595.032802,5650,0.955752212,5595.331085,0.298283262,55,429,1.543304,0.885562,2.469596,11594,7512.4538,2.57054132,1,0,"{timeout:21600,max_col_multiplier:1,age_limit:4,random_seed:2,replication:3,num_threads:128,set_partition:false}",1
a10200.json.gz,a,10,200,LagrangeTemplate,highs,LTFarkas,3,2,2623,2623,,2623,,10,10,0.000437,0.000526,0.005061,217,496567.5057,21.7,1,0,"{timeout:21600,max_col_multiplier:1,age_limit:2,random_seed:2,replication:3,num_threads:128,set_partition:false}",-1
a10200.json.gz,a,10,200,LagrangeTemplate,highs,LTFarkas,3,2,2623,2623,0,2623,23327,10,20,0.000479,0.000954,0.005621,217,453027.1399,10.85,1,0,"{timeout:21600,max_col_multiplier:1,age_limit:2,random_seed:2,replication:3,num_threads:128,set_partition:false}",2
a10200.json.gz,a,10,200,LagrangeTemplate,highs,LTFarkas,3,2,2623,2623,0,2623,23327,10,20,0.000479,0.000954,0.005622,217,453027.1399,10.85,1,0,"{timeout:21600,max_col_multiplier:1,age_limit:2,random_seed:2,replication:3,num_threads:128,set_partition:false}",1
c10200.json.gz,c,10,200,LagrangeTemplate,highs,LTFarkas,3,3,2795.407916,2880,,2880,,10,21,0.000645,0.001248,0.008177,279,432558.1395,13.28571429,1,0,"{timeout:21600,max_col_multiplier:1,age_limit:2,random_seed:2,replication:3,num_threads:128,set_partition:false}",-1
c10200.json.gz,c,10,200,LagrangeTemplate,highs,LTFarkas,3,244,2803.235045,2810,0.213523132,2803.952874,0.717829005,52,225,0.234259,0.149029,0.400894,4946,21113.38305,2.002613518,1,0,"{timeout:21600,max_col_multiplier:1,age_limit:2,random_seed:2,replication:3,num_threads:128,set_partition:false}",2
c10200.json.gz,c,10,200,LagrangeTemplate,highs,LTFarkas,3,244,2803.235045,2810,0.213523132,2803.952874,0.717829005,52,225,0.234259,0.149029,0.400895,4946,21113.38305,2.002613518,1,0,"{timeout:21600,max_col_multiplier:1,age_limit:2,random_seed:2,replication:3,num_threads:128,set_partition:false}",1
d05100.json.gz,d,5,100,LagrangeTemplate,highs,LTFarkas,3,5,6345.412612,6522,,6522,,5,20,0.001206,0.002307,0.006092,201,166666.6667,10.05,1,0,"{timeout:21600,max_col_multiplier:1,age_limit:2,random_seed:2,replication:3,num_threads:128,set_partition:false}",-1
d05100.json.gz,d,5,100,LagrangeTemplate,highs,LTFarkas,3,267,6349.235419,6395,0.703674746,6349.921174,0.685754684,38,114,0.271771,0.482308,0.767836,2869,10556.68191,2.04019975,1,0,"{timeout:21600,max_col_multiplier:1,age_limit:2,random_seed:2,replication:3,num_threads:128,set_partition:false}",2
d05100.json.gz,d,5,100,LagrangeTemplate,highs,LTFarkas,3,267,6349.235419,6395,0.703674746,6349.921174,0.685754684,38,114,0.271771,0.482308,0.767837,2869,10556.68191,2.04019975,1,0,"{timeout:21600,max_col_multiplier:1,age_limit:2,random_seed:2,replication:3,num_threads:128,set_partition:false}",1
b05100.json.gz,b,5,100,LagrangeTemplate,highs,LTFarkas,4,4,1831.32945,1895,,1895,,5,15,0.000776,0.001467,0.004265,150,193298.9691,10,1,0,"{timeout:21600,max_col_multiplier:1,age_limit:2,random_seed:3,replication:4,num_threads:128,set_partition:false}",-1
b05100.json.gz,b,5,100,LagrangeTemplate,highs,LTFarkas,4,191,1838.190385,1849,0.540832883,1838.838462,0.648076923,23,117,0.085308,0.077392,0.169778,1645,19283.06841,1.711867365,1,0,"{timeout:21600,max_col_multiplier:1,age_limit:2,random_seed:3,replication:4,num_threads:128,set_partition:false}",2
b05100.json.gz,b,5,100,LagrangeTemplate,highs,LTFarkas,4,191,1838.190385,1849,0.540832883,1838.838462,0.648076923,23,117,0.085308,0.077392,0.169779,1645,19283.06841,1.711867365,1,0,"{timeout:21600,max_col_multiplier:1,age_limit:2,random_seed:3,replication:4,num_threads:128,set_partition:false}",1
c15900.json.gz,c,15,900,LagrangeTemplate,highs,LTFarkas,3,6,11336.57438,11471,,11471,,15,75,0.004828,0.010734,0.055627,1208,250207.1251,16.10666667,1,0,"{timeout:21600,max_col_multiplier:1,age_limit:6,random_seed:2,replication:3,num_threads:128,set_partition:false}",-1
c15900.json.gz,c,15,900,LagrangeTemplate,highs,LTFarkas,3,611,11338.06306,11356,0.149700599,11338.86738,0.804320993,87,1006,10.657151,2.704679,13.505526,27927,2620.493976,2.944636907,1,0,"{timeout:21600,max_col_multiplier:1,age_limit:6,random_seed:2,replication:3,num_threads:128,set_partition:false}",2
c15900.json.gz,c,15,900,LagrangeTemplate,highs,LTFarkas,3,611,11338.06306,11356,0.149700599,11338.86738,0.804320993,87,1006,10.657151,2.704679,13.505527,27927,2620.493976,2.944636907,1,0,"{timeout:21600,max_col_multiplier:1,age_limit:6,random_seed:2,replication:3,num_threads:128,set_partition:false}",1
b20100.json.gz,b,20,100,LagrangeTemplate,highs,LTFarkas,3,4,1155.181433,inf,,1244,,23,60,0.000796,0.001577,0.006637,186,233668.3417,3.1,0,0,"{timeout:21600,max_col_multiplier:1,age_limit:2,random_seed:2,replication:3,num_threads:128,set_partition:false}",-1
b20100.json.gz,b,20,100,LagrangeTemplate,highs,LTFarkas,3,26,1165.666667,1166,0,1166,0.333333333,20,132,0.010667,0.007684,0.02423,596,55873.25396,1.134986505,1,0,"{timeout:21600,max_col_multiplier:1,age_limit:2,random_seed:2,replication:3,num_threads:128,set_partition:false}",2
b20100.json.gz,b,20,100,LagrangeTemplate,highs,LTFarkas,3,26,1165.666667,1166,0,1166,0.333333333,20,132,0.010667,0.007684,0.024231,596,55873.25396,1.134986505,1,0,"{timeout:21600,max_col_multiplier:1,age_limit:2,random_seed:2,replication:3,num_threads:128,set_partition:false}",1
e40400.json.gz,e,40,400,LagrangeTemplate,highs,LTFarkas,2,4,44523.4286,inf,,55911,,51,120,0.002339,0.002203,0.199883,3246,1387772.552,27.05,0,0,"{timeout:21600,max_col_multiplier:1,age_limit:2,random_seed:1,replication:2,num_threads:128,set_partition:false}",-1
e40400.json.gz,e,40,400,LagrangeTemplate,highs,LTFarkas,2,151,44556.0063,46185,3.524953989,44556.92018,0.913873183,174,475,0.835032,0.232948,1.281961,25337,30342.54975,3.921362983,1,0,"{timeout:21600,max_col_multiplier:1,age_limit:2,random_seed:1,replication:2,num_threads:128,set_partition:false}",2
e40400.json.gz,e,40,400,LagrangeTemplate,highs,LTFarkas,2,151,44556.0063,46185,3.524953989,44556.92018,0.913873183,174,475,0.835032,0.232948,1.281962,25337,30342.54975,3.921362983,1,0,"{timeout:21600,max_col_multiplier:1,age_limit:2,random_seed:1,replication:2,num_threads:128,set_partition:false}",1
c10400.json.gz,c,10,400,LagrangeTemplate,highs,LTFarkas,5,5,5591.103879,5724,,5724,,10,41,0.001941,0.003612,0.017405,557,286965.4817,13.58536585,1,0,"{timeout:21600,max_col_multiplier:1,age_limit:4,random_seed:4,replication:5,num_threads:128,set_partition:false}",-1
c10400.json.gz,c,10,400,LagrangeTemplate,highs,LTFarkas,5,451,5595.13045,5598,0.035727033,5595.331453,0.201002978,55,443,1.677521,0.867849,2.588158,14048,8374.261783,3.024191499,1,0,"{timeout:21600,max_col_multiplier:1,age_limit:4,random_seed:4,replication:5,num_threads:128,set_partition:false}",2
c10400.json.gz,c,10,400,LagrangeTemplate,highs,LTFarkas,5,451,5595.13045,5598,0.035727033,5595.331453,0.201002978,55,443,1.677521,0.867849,2.588159,14048,8374.261783,3.024191499,1,0,"{timeout:21600,max_col_multiplier:1,age_limit:4,random_seed:4,replication:5,num_threads:128,set_partition:false}",1
c10100.json.gz,c,10,100,LagrangeTemplate,highs,LTFarkas,4,5,1387.009711,1456,,1456,,10,40,0.001251,0.002963,0.008602,180,143884.8921,4.5,1,0,"{timeout:21600,max_col_multiplier:1,age_limit:2,random_seed:3,replication:4,num_threads:128,set_partition:false}",-1
c10100.json.gz,c,10,100,LagrangeTemplate,highs,LTFarkas,4,70,1399.710526,1410,0.709219858,1399.868421,0.157894737,37,128,0.027587,0.023353,0.058334,939,34037.77141,1.269478458,1,0,"{timeout:21600,max_col_multiplier:1,age_limit:2,random_seed:3,replication:4,num_threads:128,set_partition:false}",2
c10100.json.gz,c,10,100,LagrangeTemplate,highs,LTFarkas,4,70,1399.710526,1410,0.709219858,1399.868421,0.157894737,37,128,0.027587,0.023353,0.058335,939,34037.77141,1.269478458,1,0,"{timeout:21600,max_col_multiplier:1,age_limit:2,random_seed:3,replication:4,num_threads:128,set_partition:false}",1
e10200.json.gz,e,10,200,LagrangeTemplate,highs,LTFarkas,3,3,23293.85615,26856,,26856,,10,21,0.000633,0.001208,0.016938,766,1210110.585,36.47619048,1,0,"{timeout:21600,max_col_multiplier:1,age_limit:2,random_seed:2,replication:3,num_threads:128,set_partition:false}",-1
e10200.json.gz,e,10,200,LagrangeTemplate,highs,LTFarkas,3,271,23302.04005,23686,1.616988939,23302.04956,0.009504413,60,218,0.364045,0.275959,0.66938,6626,18201.04657,2.334925028,1,0,"{timeout:21600,max_col_multiplier:1,age_limit:2,random_seed:2,replication:3,num_threads:128,set_partition:false}",2
e10200.json.gz,e,10,200,LagrangeTemplate,highs,LTFarkas,3,271,23302.04005,23686,1.616988939,23302.04956,0.009504413,60,218,0.364045,0.275959,0.669381,6626,18201.04657,2.334925028,1,0,"{timeout:21600,max_col_multiplier:1,age_limit:2,random_seed:2,replication:3,num_threads:128,set_partition:false}",1
e20100.json.gz,e,20,100,LagrangeTemplate,highs,LTFarkas,3,3,8359.58204,11008,,11008,,20,41,0.000894,0.001235,0.015888,584,653243.8479,14.24390244,1,0,"{timeout:21600,max_col_multiplier:1,age_limit:2,random_seed:2,replication:3,num_threads:128,set_partition:false}",-1
e20100.json.gz,e,20,100,LagrangeTemplate,highs,LTFarkas,3,63,8431.330238,8785,4.018212863,8431.512672,0.18243374,94,146,0.049079,0.023686,0.090133,3122,63611.72803,2.499045896,1,0,"{timeout:21600,max_col_multiplier:1,age_limit:2,random_seed:2,replication:3,num_threads:128,set_partition:false}",2
e20100.json.gz,e,20,100,LagrangeTemplate,highs,LTFarkas,3,63,8431.330238,8785,4.018212863,8431.512672,0.18243374,94,146,0.049079,0.023686,0.090133,3122,63611.72803,2.499045896,1,0,"{timeout:21600,max_col_multiplier:1,age_limit:2,random_seed:2,replication:3,num_threads:128,set_partition:false}",1
e801600.json.gz,e,80,1600,LagrangeTemplate,highs,LTFarkas,5,3,176780.9892,206298,,206298,,80,175,0.007785,0.004364,3.59107,15015,1928709.056,85.8,1,0,"{timeout:21600,max_col_multiplier:1,age_limit:2,random_seed:4,replication:5,num_threads:128,set_partition:false}",-1
e801600.json.gz,e,80,1600,LagrangeTemplate,highs,LTFarkas,5,479,176818.1748,178991,1.213468834,176818.9426,0.767807385,322,1739,32.664238,5.738667,42.216926,206688,6327.654115,5.300445481,1,0,"{timeout:21600,max_col_multiplier:1,age_limit:2,random_seed:4,replication:5,num_threads:128,set_partition:false}",2
e801600.json.gz,e,80,1600,LagrangeTemplate,highs,LTFarkas,5,479,176818.1748,178991,1.213468834,176818.9426,0.767807385,322,1739,32.664238,5.738667,42.216927,206688,6327.654115,5.300445481,1,0,"{timeout:21600,max_col_multiplier:1,age_limit:2,random_seed:4,replication:5,num_threads:128,set_partition:false}",1
a05200.json.gz,a,5,200,LagrangeTemplate,highs,LTFarkas,1,2,3234.73913,3235,,3235,,5,5,0.000682,0.00103,0.006048,216,316715.5425,43.2,1,0,"{timeout:21600,max_col_multiplier:1,age_limit:4,random_seed:0,replication:1,num_threads:128,set_partition:false}",-1
a05200.json.gz,a,5,200,LagrangeTemplate,highs,LTFarkas,1,2,3234.73913,3235,0,3235,15442,5,10,0.00072,0.002616,0.007713,216,300000,21.6,1,0,"{timeout:21600,max_col_multiplier:1,age_limit:4,random_seed:0,replication:1,num_threads:128,set_partition:false}",2
a05200.json.gz,a,5,200,LagrangeTemplate,highs,LTFarkas,1,2,3234.73913,3235,0,3235,15442,5,10,0.00072,0.002616,0.007713,216,300000,21.6,1,0,"{timeout:21600,max_col_multiplier:1,age_limit:4,random_seed:0,replication:1,num_threads:128,set_partition:false}",1
d201600.json.gz,d,20,1600,LagrangeTemplate,highs,LTFarkas,2,4,97821.35001,98563,,98563,,20,63,0.006084,0.032655,0.296939,4098,673570.0197,65.04761905,1,0,"{timeout:21600,max_col_multiplier:1,age_limit:8,random_seed:1,replication:2,num_threads:128,set_partition:false}",-1
d201600.json.gz,d,20,1600,LagrangeTemplate,highs,LTFarkas,2,1014,97822.02386,98101,0.283381413,97822.76467,0.740818015,164,1819,202.871777,102.967626,306.566227,115464,569.147674,5.556878593,1,0,"{timeout:21600,max_col_multiplier:1,age_limit:8,random_seed:1,replication:2,num_threads:128,set_partition:false}",2
d201600.json.gz,d,20,1600,LagrangeTemplate,highs,LTFarkas,2,1014,97822.02386,98101,0.283381413,97822.76467,0.740818015,164,1819,202.871777,102.967626,306.566228,115464,569.147674,5.556878593,1,0,"{timeout:21600,max_col_multiplier:1,age_limit:8,random_seed:1,replication:2,num_threads:128,set_partition:false}",1
e10100.json.gz,e,10,100,LagrangeTemplate,highs,LTFarkas,3,3,11543.05425,12136,,12136,,10,21,0.000795,0.001293,0.013087,431,542138.3648,20.52380952,1,0,"{timeout:21600,max_col_multiplier:1,age_limit:2,random_seed:2,replication:3,num_threads:128,set_partition:false}",-1
e10100.json.gz,e,10,100,LagrangeTemplate,highs,LTFarkas,3,116,11568.02252,11617,0.41318757,11568.02252,0,58,116,0.064064,0.037128,0.116789,2729,42598.02697,2.249757115,1,0,"{timeout:21600,max_col_multiplier:1,age_limit:2,random_seed:2,replication:3,num_threads:128,set_partition:false}",2
e10100.json.gz,e,10,100,LagrangeTemplate,highs,LTFarkas,3,116,11568.02252,11617,0.41318757,11568.02252,0,58,116,0.064064,0.037128,0.116789,2729,42598.02697,2.249757115,1,0,"{timeout:21600,max_col_multiplier:1,age_limit:2,random_seed:2,replication:3,num_threads:128,set_partition:false}",1
b20200.json.gz,b,20,200,LagrangeTemplate,highs,LTFarkas,2,3,2331.137984,2461,,2461,,20,41,0.000716,0.000953,0.010061,284,396648.0447,6.926829268,1,0,"{timeout:21600,max_col_multiplier:1,age_limit:2,random_seed:1,replication:2,num_threads:128,set_partition:false}",-1
b20200.json.gz,b,20,200,LagrangeTemplate,highs,LTFarkas,2,82,2338.190476,2339,0,2338.52381,0.333333333,45,230,0.057042,0.026682,0.097395,1991,34904.10575,1.418103238,1,0,"{timeout:21600,max_col_multiplier:1,age_limit:2,random_seed:1,replication:2,num_threads:128,set_partition:false}",2
b20200.json.gz,b,20,200,LagrangeTemplate,highs,LTFarkas,2,82,2338.190476,2339,0,2338.52381,0.333333333,45,230,0.057042,0.026682,0.097395,1991,34904.10575,1.418103238,1,0,"{timeout:21600,max_col_multiplier:1,age_limit:2,random_seed:1,replication:2,num_threads:128,set_partition:false}",1
d05200.json.gz,d,5,200,LagrangeTemplate,highs,LTFarkas,4,5,12736.19608,12973,,12973,,5,20,0.001335,0.006024,0.017556,428,320599.2509,21.4,1,0,"{timeout:21600,max_col_multiplier:1,age_limit:4,random_seed:3,replication:4,num_threads:128,set_partition:false}",-1
d05200.json.gz,d,5,200,LagrangeTemplate,highs,LTFarkas,4,534,12740.01671,12826,0.662716357,12740.03903,0.02232807,43,219,2.203595,3.806854,6.060139,7115,3228.814732,2.585299625,1,0,"{timeout:21600,max_col_multiplier:1,age_limit:4,random_seed:3,replication:4,num_threads:128,set_partition:false}",2
d05200.json.gz,d,5,200,LagrangeTemplate,highs,LTFarkas,4,534,12740.01671,12826,0.662716357,12740.03903,0.02232807,43,219,2.203595,3.806854,6.06014,7115,3228.814732,2.585299625,1,0,"{timeout:21600,max_col_multiplier:1,age_limit:4,random_seed:3,replication:4,num_threads:128,set_partition:false}",1
d10100.json.gz,d,10,100,LagrangeTemplate,highs,LTFarkas,2,3,6323.456043,6585,,6585,,10,20,0.000766,0.002041,0.012113,270,352480.4178,13.5,1,0,"{timeout:21600,max_col_multiplier:1,age_limit:2,random_seed:1,replication:2,num_threads:128,set_partition:false}",-1
d10100.json.gz,d,10,100,LagrangeTemplate,highs,LTFarkas,2,126,6341.251238,6447,1.628664495,6341.449876,0.198638614,62,120,0.071995,0.12076,0.207154,2685,37294.25655,2.09164777,1,0,"{timeout:21600,max_col_multiplier:1,age_limit:2,random_seed:1,replication:2,num_threads:128,set_partition:false}",2
d10100.json.gz,d,10,100,LagrangeTemplate,highs,LTFarkas,2,126,6341.251238,6447,1.628664495,6341.449876,0.198638614,62,120,0.071995,0.12076,0.207155,2685,37294.25655,2.09164777,1,0,"{timeout:21600,max_col_multiplier:1,age_limit:2,random_seed:1,replication:2,num_threads:128,set_partition:false}",1
d05200.json.gz,d,5,200,LagrangeTemplate,highs,LTFarkas,2,6,12736.19608,13023,,13023,,5,26,0.001762,0.008363,0.022194,447,253688.9898,17.19230769,1,0,"{timeout:21600,max_col_multiplier:1,age_limit:4,random_seed:1,replication:2,num_threads:128,set_partition:false}",-1
d05200.json.gz,d,5,200,LagrangeTemplate,highs,LTFarkas,2,435,12740.01553,12874,1.033089949,12740.03903,0.023500973,43,213,1.557585,3.148912,4.75054,4551,2921.830911,1.955806071,1,0,"{timeout:21600,max_col_multiplier:1,age_limit:4,random_seed:1,replication:2,num_threads:128,set_partition:false}",2
d05200.json.gz,d,5,200,LagrangeTemplate,highs,LTFarkas,2,435,12740.01553,12874,1.033089949,12740.03903,0.023500973,43,213,1.557585,3.148912,4.750541,4551,2921.830911,1.955806071,1,0,"{timeout:21600,max_col_multiplier:1,age_limit:4,random_seed:1,replication:2,num_threads:128,set_partition:false}",1
e05200.json.gz,e,5,200,LagrangeTemplate,highs,LTFarkas,3,4,24922,25242,,25242,,5,15,0.000918,0.001947,0.009084,462,503267.9739,30.8,1,0,"{timeout:21600,max_col_multiplier:1,age_limit:4,random_seed:2,replication:3,num_threads:128,set_partition:false}",-1
e05200.json.gz,e,5,200,LagrangeTemplate,highs,LTFarkas,3,419,24926.07143,25006,0.315924178,24926.64286,0.571428571,26,218,0.899177,0.615023,1.540568,5747,6391.400136,2.623587908,1,0,"{timeout:21600,max_col_multiplier:1,age_limit:4,random_seed:2,replication:3,num_threads:128,set_partition:false}",2
e05200.json.gz,e,5,200,LagrangeTemplate,highs,LTFarkas,3,419,24926.07143,25006,0.315924178,24926.64286,0.571428571,26,218,0.899177,0.615023,1.540569,5747,6391.400136,2.623587908,1,0,"{timeout:21600,max_col_multiplier:1,age_limit:4,random_seed:2,replication:3,num_threads:128,set_partition:false}",1
c60900.json.gz,c,60,900,LagrangeTemplate,highs,LTFarkas,1,4,9315.038004,9859,,9859,,60,183,0.003578,0.003807,0.181766,1506,420905.5338,8.229508197,1,0,"{timeout:21600,max_col_multiplier:1,age_limit:2,random_seed:0,replication:1,num_threads:128,set_partition:false}",-1
c60900.json.gz,c,60,900,LagrangeTemplate,highs,LTFarkas,1,208,9324.008416,9342,0.181973881,9324.664414,0.655997548,268,1083,2.101228,0.281557,2.615119,32393,15416.22328,2.584475631,1,0,"{timeout:21600,max_col_multiplier:1,age_limit:2,random_seed:0,replication:1,num_threads:128,set_partition:false}",2
c60900.json.gz,c,60,900,LagrangeTemplate,highs,LTFarkas,1,208,9324.008416,9342,0.181973881,9324.664414,0.655997548,268,1083,2.101228,0.281557,2.615119,32393,15416.22328,2.584475631,1,0,"{timeout:21600,max_col_multiplier:1,age_limit:2,random_seed:0,replication:1,num_threads:128,set_partition:false}",1
e30900.json.gz,e,30,900,LagrangeTemplate,highs,LTFarkas,3,4,100413.3227,110525,,110525,,30,97,0.003364,0.003953,0.428923,5644,1677764.566,58.18556701,1,0,"{timeout:21600,max_col_multiplier:1,age_limit:3,random_seed:2,replication:3,num_threads:128,set_partition:false}",-1
e30900.json.gz,e,30,900,LagrangeTemplate,highs,LTFarkas,3,539,100426.1752,100445,0.017920253,100426.7078,0.532602814,114,962,11.197192,3.985671,15.704643,75780,6767.768205,4.517241488,1,0,"{timeout:21600,max_col_multiplier:1,age_limit:3,random_seed:2,replication:3,num_threads:128,set_partition:false}",2
e30900.json.gz,e,30,900,LagrangeTemplate,highs,LTFarkas,3,539,100426.1752,100445,0.017920253,100426.7078,0.532602814,114,962,11.197192,3.985671,15.704644,75780,6767.768205,4.517241488,1,0,"{timeout:21600,max_col_multiplier:1,age_limit:3,random_seed:2,replication:3,num_threads:128,set_partition:false}",1
a20200.json.gz,a,20,200,LagrangeTemplate,highs,LTFarkas,4,3,2337.327333,2342,,2342,,20,41,0.00078,0.000981,0.008903,251,321794.8718,6.12195122,1,0,"{timeout:21600,max_col_multiplier:1,age_limit:2,random_seed:3,replication:4,num_threads:128,set_partition:false}",-1
a20200.json.gz,a,20,200,LagrangeTemplate,highs,LTFarkas,4,56,2339,2339,0,2339,0,20,222,0.02512,0.016102,0.05196,637,25358.28025,0.729815488,1,0,"{timeout:21600,max_col_multiplier:1,age_limit:2,random_seed:3,replication:4,num_threads:128,set_partition:false}",2
a20200.json.gz,a,20,200,LagrangeTemplate,highs,LTFarkas,4,56,2339,2339,0,2339,0,20,222,0.02512,0.016102,0.051961,637,25358.28025,0.729815488,1,0,"{timeout:21600,max_col_multiplier:1,age_limit:2,random_seed:3,replication:4,num_threads:128,set_partition:false}",1
d05100.json.gz,d,5,100,LagrangeTemplate,highs,LTFarkas,4,4,6345.412612,6505,,6505,,5,15,0.000806,0.001399,0.004759,196,243176.1787,13.06666667,1,0,"{timeout:21600,max_col_multiplier:1,age_limit:2,random_seed:3,replication:4,num_threads:128,set_partition:false}",-1
d05100.json.gz,d,5,100,LagrangeTemplate,highs,LTFarkas,4,256,6349.171085,6414,0.997817275,6349.921174,0.75008837,38,118,0.266891,0.487502,0.768262,2517,9430.816326,1.874283854,1,0,"{timeout:21600,max_col_multiplier:1,age_limit:2,random_seed:3,replication:4,num_threads:128,set_partition:false}",2
d05100.json.gz,d,5,100,LagrangeTemplate,highs,LTFarkas,4,256,6349.171085,6414,0.997817275,6349.921174,0.75008837,38,118,0.266891,0.487502,0.768263,2517,9430.816326,1.874283854,1,0,"{timeout:21600,max_col_multiplier:1,age_limit:2,random_seed:3,replication:4,num_threads:128,set_partition:false}",1
e20400.json.gz,e,20,400,LagrangeTemplate,highs,LTFarkas,1,3,44861.76164,51214,,51214,,20,44,0.001532,0.001117,0.085843,2159,1409268.93,49.06818182,1,0,"{timeout:21600,max_col_multiplier:1,age_limit:2,random_seed:0,replication:1,num_threads:128,set_partition:false}",-1
e20400.json.gz,e,20,400,LagrangeTemplate,highs,LTFarkas,1,314,44875.01193,45623,1.637332047,44875.47722,0.465292842,92,433,1.181019,0.698114,1.993396,18357,15543.35705,2.799006254,1,0,"{timeout:21600,max_col_multiplier:1,age_limit:2,random_seed:0,replication:1,num_threads:128,set_partition:false}",2
e20400.json.gz,e,20,400,LagrangeTemplate,highs,LTFarkas,1,314,44875.01193,45623,1.637332047,44875.47722,0.465292842,92,433,1.181019,0.698114,1.993397,18357,15543.35705,2.799006254,1,0,"{timeout:21600,max_col_multiplier:1,age_limit:2,random_seed:0,replication:1,num_threads:128,set_partition:false}",1
d20200.json.gz,d,20,200,LagrangeTemplate,highs,LTFarkas,5,3,12217.69342,inf,,13215.71429,,28,40,0.000728,0.001322,0.020532,624,857142.8571,15.6,0,0,"{timeout:21600,max_col_multiplier:1,age_limit:2,random_seed:4,replication:5,num_threads:128,set_partition:false}",-1
d20200.json.gz,d,20,200,LagrangeTemplate,highs,LTFarkas,5,182,12229.04706,12432,1.624839125,12229.66433,0.617275609,135,258,0.520768,0.433485,0.98963,10690,20527.37495,2.909177385,1,0,"{timeout:21600,max_col_multiplier:1,age_limit:2,random_seed:4,replication:5,num_threads:128,set_partition:false}",2
d20200.json.gz,d,20,200,LagrangeTemplate,highs,LTFarkas,5,182,12229.04706,12432,1.624839125,12229.66433,0.617275609,135,258,0.520768,0.433485,0.989631,10690,20527.37495,2.909177385,1,0,"{timeout:21600,max_col_multiplier:1,age_limit:2,random_seed:4,replication:5,num_threads:128,set_partition:false}",1
d30900.json.gz,d,30,900,LagrangeTemplate,highs,LTFarkas,1,4,54828.75354,inf,,56898,,35,90,0.003312,0.007617,0.220999,2679,808876.8116,29.76666667,0,0,"{timeout:21600,max_col_multiplier:1,age_limit:3,random_seed:0,replication:1,num_threads:128,set_partition:false}",-1
d30900.json.gz,d,30,900,LagrangeTemplate,highs,LTFarkas,1,583,54832.11603,55160,0.592820885,54832.38438,0.268350121,231,1041,16.73992,16.920704,34.058525,69584,4156.770164,3.885419098,1,0,"{timeout:21600,max_col_multiplier:1,age_limit:3,random_seed:0,replication:1,num_threads:128,set_partition:false}",2
d30900.json.gz,d,30,900,LagrangeTemplate,highs,LTFarkas,1,583,54832.11603,55160,0.592820885,54832.38438,0.268350121,231,1041,16.73992,16.920704,34.058527,69584,4156.770164,3.885419098,1,0,"{timeout:21600,max_col_multiplier:1,age_limit:3,random_seed:0,replication:1,num_threads:128,set_partition:false}",1
c20400.json.gz,c,20,400,LagrangeTemplate,highs,LTFarkas,5,4,4774.150442,4903,,4903,,20,61,0.002205,0.002089,0.026602,641,290702.9478,10.50819672,1,0,"{timeout:21600,max_col_multiplier:1,age_limit:2,random_seed:4,replication:5,num_threads:128,set_partition:false}",-1
c20400.json.gz,c,20,400,LagrangeTemplate,highs,LTFarkas,5,229,4780.046733,4800,0.395833333,4780.184668,0.137934841,99,441,0.492065,0.199855,0.733133,8683,17646.0427,1.870611486,1,0,"{timeout:21600,max_col_multiplier:1,age_limit:2,random_seed:4,replication:5,num_threads:128,set_partition:false}",2
c20400.json.gz,c,20,400,LagrangeTemplate,highs,LTFarkas,5,229,4780.046733,4800,0.395833333,4780.184668,0.137934841,99,441,0.492065,0.199855,0.733134,8683,17646.0427,1.870611486,1,0,"{timeout:21600,max_col_multiplier:1,age_limit:2,random_seed:4,replication:5,num_threads:128,set_partition:false}",1
b20100.json.gz,b,20,100,LagrangeTemplate,highs,LTFarkas,1,4,1155.181433,1258,,1258,,20,60,0.000757,0.001717,0.006976,196,258916.7768,3.266666667,1,0,"{timeout:21600,max_col_multiplier:1,age_limit:2,random_seed:0,replication:1,num_threads:128,set_partition:false}",-1
b20100.json.gz,b,20,100,LagrangeTemplate,highs,LTFarkas,1,29,1165.125,1166,0,1166,0.875,20,143,0.01238,0.009302,0.028136,703,56785.13732,1.195897388,1,0,"{timeout:21600,max_col_multiplier:1,age_limit:2,random_seed:0,replication:1,num_threads:128,set_partition:false}",2
b20100.json.gz,b,20,100,LagrangeTemplate,highs,LTFarkas,1,29,1165.125,1166,0,1166,0.875,20,143,0.01238,0.009302,0.028137,703,56785.13732,1.195897388,1,0,"{timeout:21600,max_col_multiplier:1,age_limit:2,random_seed:0,replication:1,num_threads:128,set_partition:false}",1
d10400.json.gz,d,10,400,LagrangeTemplate,highs,LTFarkas,5,3,24955.99482,25220,,25220,,10,21,0.001678,0.003642,0.043068,871,519070.3218,41.47619048,1,0,"{timeout:21600,max_col_multiplier:1,age_limit:4,random_seed:4,replication:5,num_threads:128,set_partition:false}",-1
d10400.json.gz,d,10,400,LagrangeTemplate,highs,LTFarkas,5,588,24958.07869,25048,0.35531779,24958.61036,0.531672029,79,467,7.206678,8.991268,16.322243,18444,2559.292922,3.061032826,1,0,"{timeout:21600,max_col_multiplier:1,age_limit:4,random_seed:4,replication:5,num_threads:128,set_partition:false}",2
d10400.json.gz,d,10,400,LagrangeTemplate,highs,LTFarkas,5,588,24958.07869,25048,0.35531779,24958.61036,0.531672029,79,467,7.206678,8.991268,16.322254,18444,2559.292922,3.061032826,1,0,"{timeout:21600,max_col_multiplier:1,age_limit:4,random_seed:4,replication:5,num_threads:128,set_partition:false}",1
e15900.json.gz,e,15,900,LagrangeTemplate,highs,LTFarkas,3,4,102416.6097,106338,,106338,,15,49,0.003162,0.004361,0.17603,3868,1223276.407,78.93877551,1,0,"{timeout:21600,max_col_multiplier:1,age_limit:6,random_seed:2,replication:3,num_threads:128,set_partition:false}",-1
e15900.json.gz,e,15,900,LagrangeTemplate,highs,LTFarkas,3,656,102419.1882,103035,0.596884554,102419.8992,0.710911124,80,1012,17.865038,7.747804,25.911297,45578,2551.240025,4.437414128,1,0,"{timeout:21600,max_col_multiplier:1,age_limit:6,random_seed:2,replication:3,num_threads:128,set_partition:false}",2
e15900.json.gz,e,15,900,LagrangeTemplate,highs,LTFarkas,3,656,102419.1882,103035,0.596884554,102419.8992,0.710911124,80,1012,17.865038,7.747804,25.911298,45578,2551.240025,4.437414128,1,0,"{timeout:21600,max_col_multiplier:1,age_limit:6,random_seed:2,replication:3,num_threads:128,set_partition:false}",1
e10200.json.gz,e,10,200,LagrangeTemplate,highs,LTFarkas,1,4,23293.85615,25250,,25250,,10,32,0.001333,0.001577,0.01848,771,578394.5986,24.09375,1,0,"{timeout:21600,max_col_multiplier:1,age_limit:2,random_seed:0,replication:1,num_threads:128,set_partition:false}",-1
e10200.json.gz,e,10,200,LagrangeTemplate,highs,LTFarkas,1,257,23302.04956,23770,1.964661338,23302.04956,0,60,212,0.329941,0.258069,0.615844,6268,18997.33589,2.274802745,1,0,"{timeout:21600,max_col_multiplier:1,age_limit:2,random_seed:0,replication:1,num_threads:128,set_partition:false}",2
e10200.json.gz,e,10,200,LagrangeTemplate,highs,LTFarkas,1,257,23302.04956,23770,1.964661338,23302.04956,0,60,212,0.329941,0.258069,0.615845,6268,18997.33589,2.274802745,1,0,"{timeout:21600,max_col_multiplier:1,age_limit:2,random_seed:0,replication:1,num_threads:128,set_partition:false}",1
c10100.json.gz,c,10,100,LagrangeTemplate,highs,LTFarkas,3,5,1387.009711,1456,,1456,,10,41,0.001714,0.002509,0.008679,185,107934.6558,4.512195122,1,0,"{timeout:21600,max_col_multiplier:1,age_limit:2,random_seed:2,replication:3,num_threads:128,set_partition:false}",-1
c10100.json.gz,c,10,100,LagrangeTemplate,highs,LTFarkas,3,71,1399.857143,1404,0.284900285,1399.857143,0,30,120,0.0331,0.023066,0.063894,1222,36918.429,1.593084796,1,0,"{timeout:21600,max_col_multiplier:1,age_limit:2,random_seed:2,replication:3,num_threads:128,set_partition:false}",2
c10100.json.gz,c,10,100,LagrangeTemplate,highs,LTFarkas,3,71,1399.857143,1404,0.284900285,1399.857143,0,30,120,0.0331,0.023066,0.063895,1222,36918.429,1.593084796,1,0,"{timeout:21600,max_col_multiplier:1,age_limit:2,random_seed:2,replication:3,num_threads:128,set_partition:false}",1
e801600.json.gz,e,80,1600,LagrangeTemplate,highs,LTFarkas,4,4,176780.9892,208991,,208991,,80,256,0.009058,0.006562,3.583428,15007,1656767.498,58.62109375,1,0,"{timeout:21600,max_col_multiplier:1,age_limit:2,random_seed:3,replication:4,num_threads:128,set_partition:false}",-1
e801600.json.gz,e,80,1600,LagrangeTemplate,highs,LTFarkas,4,683,176818.4264,176845,0.01470214,176818.942,0.515593687,323,1741,51.75847,8.288038,63.981129,296388,5726.367105,5.310698563,1,0,"{timeout:21600,max_col_multiplier:1,age_limit:2,random_seed:3,replication:4,num_threads:128,set_partition:false}",2
e801600.json.gz,e,80,1600,LagrangeTemplate,highs,LTFarkas,4,683,176818.4264,176845,0.01470214,176818.942,0.515593687,323,1741,51.75847,8.288038,63.98113,296388,5726.367105,5.310698563,1,0,"{timeout:21600,max_col_multiplier:1,age_limit:2,random_seed:3,replication:4,num_threads:128,set_partition:false}",1
d60900.json.gz,d,60,900,LagrangeTemplate,highs,LTFarkas,5,3,54551,inf,,59724.68,,81,120,0.00405,0.004092,0.445425,3107,767160.4938,25.89166667,0,0,"{timeout:21600,max_col_multiplier:1,age_limit:2,random_seed:4,replication:5,num_threads:128,set_partition:false}",-1
d60900.json.gz,d,60,900,LagrangeTemplate,highs,LTFarkas,5,256,54551,55275,1.309814564,54551,104.0000003,401,1255,6.764287,4.46457,11.771471,63049,9320.864121,3.980761719,1,0,"{timeout:21600,max_col_multiplier:1,age_limit:2,random_seed:4,replication:5,num_threads:128,set_partition:false}",2
d60900.json.gz,d,60,900,LagrangeTemplate,highs,LTFarkas,5,256,54551,55275,1.309814564,54551,104.0000003,401,1255,6.764287,4.46457,11.771473,63049,9320.864121,3.980761719,1,0,"{timeout:21600,max_col_multiplier:1,age_limit:2,random_seed:4,replication:5,num_threads:128,set_partition:false}",1
e05200.json.gz,e,5,200,LagrangeTemplate,highs,LTFarkas,1,3,24922,25242,,25242,,5,11,0.000714,0.000932,0.007844,452,633053.2213,41.09090909,1,0,"{timeout:21600,max_col_multiplier:1,age_limit:4,random_seed:0,replication:1,num_threads:128,set_partition:false}",-1
e05200.json.gz,e,5,200,LagrangeTemplate,highs,LTFarkas,1,541,24926.32143,24944,0.068152662,24926.64286,0.321428571,21,210,1.239502,0.790165,2.058674,11485,9265.818046,4.18784518,1,0,"{timeout:21600,max_col_multiplier:1,age_limit:4,random_seed:0,replication:1,num_threads:128,set_partition:false}",2
e05200.json.gz,e,5,200,LagrangeTemplate,highs,LTFarkas,1,541,24926.32143,24944,0.068152662,24926.64286,0.321428571,21,210,1.239502,0.790165,2.058675,11485,9265.818046,4.18784518,1,0,"{timeout:21600,max_col_multiplier:1,age_limit:4,random_seed:0,replication:1,num_threads:128,set_partition:false}",1
c40400.json.gz,c,40,400,LagrangeTemplate,highs,LTFarkas,4,4,4231.982216,4530,,4530,,40,125,0.002464,0.002247,0.042783,682,276785.7143,5.456,1,0,"{timeout:21600,max_col_multiplier:1,age_limit:2,random_seed:3,replication:4,num_threads:128,set_partition:false}",-1
c40400.json.gz,c,40,400,LagrangeTemplate,highs,LTFarkas,4,93,4243.199643,4251,0.164667137,4243.449198,0.249554367,149,483,0.210877,0.056366,0.31842,6884,32644.62222,1.840277546,1,0,"{timeout:21600,max_col_multiplier:1,age_limit:2,random_seed:3,replication:4,num_threads:128,set_partition:false}",2
c40400.json.gz,c,40,400,LagrangeTemplate,highs,LTFarkas,4,93,4243.199643,4251,0.164667137,4243.449198,0.249554367,149,483,0.210877,0.056366,0.318421,6884,32644.62222,1.840277546,1,0,"{timeout:21600,max_col_multiplier:1,age_limit:2,random_seed:3,replication:4,num_threads:128,set_partition:false}",1
c20200.json.gz,c,20,200,LagrangeTemplate,highs,LTFarkas,3,4,2376.905486,2448,,2448,,20,62,0.001559,0.001514,0.019302,329,211032.7133,5.306451613,1,0,"{timeout:21600,max_col_multiplier:1,age_limit:2,random_seed:2,replication:3,num_threads:128,set_partition:false}",-1
c20200.json.gz,c,20,200,LagrangeTemplate,highs,LTFarkas,3,78,2390.106544,2393,0.0835771,2390.192114,0.08557047,81,229,0.070211,0.032464,0.124685,2657,37843.07302,1.661624356,1,0,"{timeout:21600,max_col_multiplier:1,age_limit:2,random_seed:2,replication:3,num_threads:128,set_partition:false}",2
c20200.json.gz,c,20,200,LagrangeTemplate,highs,LTFarkas,3,78,2390.106544,2393,0.0835771,2390.192114,0.08557047,81,229,0.070211,0.032464,0.124686,2657,37843.07302,1.661624356,1,0,"{timeout:21600,max_col_multiplier:1,age_limit:2,random_seed:2,replication:3,num_threads:128,set_partition:false}",1
c30900.json.gz,c,30,900,LagrangeTemplate,highs,LTFarkas,2,4,9974.681661,10227,,10227,,30,93,0.003086,0.004087,0.08948,1284,416072.5859,13.80645161,1,0,"{timeout:21600,max_col_multiplier:1,age_limit:3,random_seed:1,replication:2,num_threads:128,set_partition:false}",-1
c30900.json.gz,c,30,900,LagrangeTemplate,highs,LTFarkas,2,378,9981.085541,9995,0.130065033,9981.16343,0.077889108,162,957,3.677536,0.728366,4.549934,27859,7575.452694,2.485741441,1,0,"{timeout:21600,max_col_multiplier:1,age_limit:3,random_seed:1,replication:2,num_threads:128,set_partition:false}",2
c30900.json.gz,c,30,900,LagrangeTemplate,highs,LTFarkas,2,378,9981.085541,9995,0.130065033,9981.16343,0.077889108,162,957,3.677536,0.728366,4.549935,27859,7575.452694,2.485741441,1,0,"{timeout:21600,max_col_multiplier:1,age_limit:3,random_seed:1,replication:2,num_threads:128,set_partition:false}",1
d10200.json.gz,d,10,200,LagrangeTemplate,highs,LTFarkas,4,5,12418.3621,12750,,12750,,10,40,0.001188,0.003129,0.021108,509,428451.1785,12.725,1,0,"{timeout:21600,max_col_multiplier:1,age_limit:2,random_seed:3,replication:4,num_threads:128,set_partition:false}",-1
d10200.json.gz,d,10,200,LagrangeTemplate,highs,LTFarkas,4,302,12425.08649,12549,0.980157781,12425.61474,0.528257342,75,226,0.782625,1.243314,2.068447,6287,8033.22153,1.966711342,1,0,"{timeout:21600,max_col_multiplier:1,age_limit:2,random_seed:3,replication:4,num_threads:128,set_partition:false}",2
d10200.json.gz,d,10,200,LagrangeTemplate,highs,LTFarkas,4,302,12425.08649,12549,0.980157781,12425.61474,0.528257342,75,226,0.782625,1.243314,2.068448,6287,8033.22153,1.966711342,1,0,"{timeout:21600,max_col_multiplier:1,age_limit:2,random_seed:3,replication:4,num_threads:128,set_partition:false}",1
e10400.json.gz,e,10,400,LagrangeTemplate,highs,LTFarkas,5,4,45739.20722,47976,,47976,,10,30,0.002244,0.002387,0.039484,1408,627450.9804,46.93333333,1,0,"{timeout:21600,max_col_multiplier:1,age_limit:4,random_seed:4,replication:5,num_threads:128,set_partition:false}",-1
e10400.json.gz,e,10,400,LagrangeTemplate,highs,LTFarkas,5,435,45744.0862,46276,1.147463048,45744.21134,0.125143185,54,428,2.459922,1.334667,3.869185,11644,4733.483419,2.497061668,1,0,"{timeout:21600,max_col_multiplier:1,age_limit:4,random_seed:4,replication:5,num_threads:128,set_partition:false}",2
e10400.json.gz,e,10,400,LagrangeTemplate,highs,LTFarkas,5,435,45744.0862,46276,1.147463048,45744.21134,0.125143185,54,428,2.459922,1.334667,3.869186,11644,4733.483419,2.497061668,1,0,"{timeout:21600,max_col_multiplier:1,age_limit:4,random_seed:4,replication:5,num_threads:128,set_partition:false}",1
a05200.json.gz,a,5,200,LagrangeTemplate,highs,LTFarkas,5,2,3234.73913,3235,,3235,,5,5,0.000463,0.000537,0.00358,215,464362.851,43,1,0,"{timeout:21600,max_col_multiplier:1,age_limit:4,random_seed:4,replication:5,num_threads:128,set_partition:false}",-1
a05200.json.gz,a,5,200,LagrangeTemplate,highs,LTFarkas,5,2,3234.73913,3235,0,3235,15427,5,10,0.000506,0.001231,0.004357,215,424901.1858,21.5,1,0,"{timeout:21600,max_col_multiplier:1,age_limit:4,random_seed:4,replication:5,num_threads:128,set_partition:false}",2
a05200.json.gz,a,5,200,LagrangeTemplate,highs,LTFarkas,5,2,3234.73913,3235,0,3235,15427,5,10,0.000506,0.001231,0.004357,215,424901.1858,21.5,1,0,"{timeout:21600,max_col_multiplier:1,age_limit:4,random_seed:4,replication:5,num_threads:128,set_partition:false}",1
c20200.json.gz,c,20,200,LagrangeTemplate,highs,LTFarkas,2,4,2376.905486,2437,,2437,,20,62,0.001599,0.001954,0.013111,334,208880.5503,5.387096774,1,0,"{timeout:21600,max_col_multiplier:1,age_limit:2,random_seed:1,replication:2,num_threads:128,set_partition:false}",-1
c20200.json.gz,c,20,200,LagrangeTemplate,highs,LTFarkas,2,78,2390.145517,2403,0.49937578,2390.171034,0.025517241,75,242,0.066835,0.032037,0.114279,2509,37540.21097,1.577471607,1,0,"{timeout:21600,max_col_multiplier:1,age_limit:2,random_seed:1,replication:2,num_threads:128,set_partition:false}",2
c20200.json.gz,c,20,200,LagrangeTemplate,highs,LTFarkas,2,78,2390.145517,2403,0.49937578,2390.171034,0.025517241,75,242,0.066835,0.032037,0.11428,2509,37540.21097,1.577471607,1,0,"{timeout:21600,max_col_multiplier:1,age_limit:2,random_seed:1,replication:2,num_threads:128,set_partition:false}",1
c801600.json.gz,c,80,1600,LagrangeTemplate,highs,LTFarkas,2,4,16283,16978,,16978,,80,252,0.007495,0.007047,0.60696,2626,350366.9113,10.42063492,1,0,"{timeout:21600,max_col_multiplier:1,age_limit:2,random_seed:1,replication:2,num_threads:128,set_partition:false}",-1
c801600.json.gz,c,80,1600,LagrangeTemplate,highs,LTFarkas,2,382,16283.04898,16297,0.079769283,16283.60817,0.559194448,366,1828,11.29874,0.892724,12.976188,91076,8060.721815,3.07427636,1,0,"{timeout:21600,max_col_multiplier:1,age_limit:2,random_seed:1,replication:2,num_threads:128,set_partition:false}",2
c801600.json.gz,c,80,1600,LagrangeTemplate,highs,LTFarkas,2,382,16283.04898,16297,0.079769283,16283.60817,0.559194448,366,1828,11.29874,0.892724,12.976189,91076,8060.721815,3.07427636,1,0,"{timeout:21600,max_col_multiplier:1,age_limit:2,random_seed:1,replication:2,num_threads:128,set_partition:false}",1
a10100.json.gz,a,10,100,LagrangeTemplate,highs,LTFarkas,5,3,1358.556923,1382,,1382,,10,22,0.000626,0.000904,0.003781,131,209265.1757,5.954545455,1,0,"{timeout:21600,max_col_multiplier:1,age_limit:2,random_seed:4,replication:5,num_threads:128,set_partition:false}",-1
a10100.json.gz,a,10,100,LagrangeTemplate,highs,LTFarkas,5,47,1360,1360,0,1360,0,10,112,0.01445,0.017228,0.035787,376,26020.76125,0.99324092,1,0,"{timeout:21600,max_col_multiplier:1,age_limit:2,random_seed:4,replication:5,num_threads:128,set_partition:false}",2
a10100.json.gz,a,10,100,LagrangeTemplate,highs,LTFarkas,5,47,1360,1360,0,1360,0,10,112,0.01445,0.017228,0.035788,376,26020.76125,0.99324092,1,0,"{timeout:21600,max_col_multiplier:1,age_limit:2,random_seed:4,replication:5,num_threads:128,set_partition:false}",1
c201600.json.gz,c,20,1600,LagrangeTemplate,highs,LTFarkas,4,6,18798.56503,19034,,19034,,20,102,0.008462,0.024319,0.127853,2023,239068.7781,19.83333333,1,0,"{timeout:21600,max_col_multiplier:1,age_limit:8,random_seed:3,replication:4,num_threads:128,set_partition:false}",-1
c201600.json.gz,c,20,1600,LagrangeTemplate,highs,LTFarkas,4,1098,18801.01456,18808,0.031901318,18801.16411,0.149548919,127,1683,77.547292,8.482384,86.533731,94961,1224.555978,4.274240639,1,0,"{timeout:21600,max_col_multiplier:1,age_limit:8,random_seed:3,replication:4,num_threads:128,set_partition:false}",2
c201600.json.gz,c,20,1600,LagrangeTemplate,highs,LTFarkas,4,1098,18801.01456,18808,0.031901318,18801.16411,0.149548919,127,1683,77.547292,8.482384,86.533733,94961,1224.555978,4.274240639,1,0,"{timeout:21600,max_col_multiplier:1,age_limit:8,random_seed:3,replication:4,num_threads:128,set_partition:false}",1
b05100.json.gz,b,5,100,LagrangeTemplate,highs,LTFarkas,3,4,1831.32945,1895,,1895,,5,15,0.000641,0.001262,0.003843,147,229329.1732,9.8,1,0,"{timeout:21600,max_col_multiplier:1,age_limit:2,random_seed:2,replication:3,num_threads:128,set_partition:false}",-1
b05100.json.gz,b,5,100,LagrangeTemplate,highs,LTFarkas,3,188,1838.089552,1877,2.024507192,1838.843284,0.753731343,24,115,0.086138,0.076588,0.169914,1793,20815.4357,1.826241135,1,0,"{timeout:21600,max_col_multiplier:1,age_limit:2,random_seed:2,replication:3,num_threads:128,set_partition:false}",2
b05100.json.gz,b,5,100,LagrangeTemplate,highs,LTFarkas,3,188,1838.089552,1877,2.024507192,1838.843284,0.753731343,24,115,0.086138,0.076588,0.169915,1793,20815.4357,1.826241135,1,0,"{timeout:21600,max_col_multiplier:1,age_limit:2,random_seed:2,replication:3,num_threads:128,set_partition:false}",1
b05100.json.gz,b,5,100,LagrangeTemplate,highs,LTFarkas,5,5,1831.32945,1895,,1895,,5,20,0.000877,0.00205,0.005025,155,176738.8826,7.75,1,0,"{timeout:21600,max_col_multiplier:1,age_limit:2,random_seed:4,replication:5,num_threads:128,set_partition:false}",-1
b05100.json.gz,b,5,100,LagrangeTemplate,highs,LTFarkas,5,165,1838.177778,1852,0.701943844,1838.844444,0.666666667,23,119,0.075917,0.066738,0.149471,1613,21246.88805,1.825656566,1,0,"{timeout:21600,max_col_multiplier:1,age_limit:2,random_seed:4,replication:5,num_threads:128,set_partition:false}",2
b05100.json.gz,b,5,100,LagrangeTemplate,highs,LTFarkas,5,165,1838.177778,1852,0.701943844,1838.844444,0.666666667,23,119,0.075917,0.066738,0.149472,1613,21246.88805,1.825656566,1,0,"{timeout:21600,max_col_multiplier:1,age_limit:2,random_seed:4,replication:5,num_threads:128,set_partition:false}",1
d10400.json.gz,d,10,400,LagrangeTemplate,highs,LTFarkas,3,3,24955.99482,25247,,25247,,10,21,0.00108,0.003176,0.042945,861,797222.2222,41,1,0,"{timeout:21600,max_col_multiplier:1,age_limit:4,random_seed:2,replication:3,num_threads:128,set_partition:false}",-1
d10400.json.gz,d,10,400,LagrangeTemplate,highs,LTFarkas,3,610,24958.00634,25055,0.383157054,24958.61036,0.604017017,79,455,7.75256,9.264767,17.144645,21254,2741.546018,3.411188525,1,0,"{timeout:21600,max_col_multiplier:1,age_limit:4,random_seed:2,replication:3,num_threads:128,set_partition:false}",2
d10400.json.gz,d,10,400,LagrangeTemplate,highs,LTFarkas,3,610,24958.00634,25055,0.383157054,24958.61036,0.604017017,79,455,7.75256,9.264767,17.144646,21254,2741.546018,3.411188525,1,0,"{timeout:21600,max_col_multiplier:1,age_limit:4,random_seed:2,replication:3,num_threads:128,set_partition:false}",1
c05100.json.gz,c,5,100,LagrangeTemplate,highs,LTFarkas,3,3,1923.975026,1983,,1983,,5,11,0.000757,0.001132,0.003893,153,202113.6063,13.90909091,1,0,"{timeout:21600,max_col_multiplier:1,age_limit:2,random_seed:2,replication:3,num_threads:128,set_partition:false}",-1
c05100.json.gz,c,5,100,LagrangeTemplate,highs,LTFarkas,3,190,1929.5,1956,1.329243354,1929.666667,0.166666667,12,112,0.083016,0.063827,0.154592,1531,18442.228,1.547328549,1,0,"{timeout:21600,max_col_multiplier:1,age_limit:2,random_seed:2,replication:3,num_threads:128,set_partition:false}",2
c05100.json.gz,c,5,100,LagrangeTemplate,highs,LTFarkas,3,190,1929.5,1956,1.329243354,1929.666667,0.166666667,12,112,0.083016,0.063827,0.154593,1531,18442.228,1.547328549,1,0,"{timeout:21600,max_col_multiplier:1,age_limit:2,random_seed:2,replication:3,num_threads:128,set_partition:false}",1
e40400.json.gz,e,40,400,LagrangeTemplate,highs,LTFarkas,4,4,44523.4286,54612,,54612,,40,127,0.002374,0.002065,0.2016,3249,1368576.243,25.58267717,1,0,"{timeout:21600,max_col_multiplier:1,age_limit:2,random_seed:3,replication:4,num_threads:128,set_partition:false}",-1
e40400.json.gz,e,40,400,LagrangeTemplate,highs,LTFarkas,4,147,44556.56385,45786,2.684226619,44556.88358,0.319735837,173,486,0.758923,0.228815,1.202577,23207,30578.85978,3.685829576,1,0,"{timeout:21600,max_col_multiplier:1,age_limit:2,random_seed:3,replication:4,num_threads:128,set_partition:false}",2
e40400.json.gz,e,40,400,LagrangeTemplate,highs,LTFarkas,4,147,44556.56385,45786,2.684226619,44556.88358,0.319735837,173,486,0.758923,0.228815,1.202577,23207,30578.85978,3.685829576,1,0,"{timeout:21600,max_col_multiplier:1,age_limit:2,random_seed:3,replication:4,num_threads:128,set_partition:false}",1
e05100.json.gz,e,5,100,LagrangeTemplate,highs,LTFarkas,3,4,12641.41913,14228,,14228,,5,17,0.000679,0.001313,0.005,240,353460.972,14.11764706,1,0,"{timeout:21600,max_col_multiplier:1,age_limit:2,random_seed:2,replication:3,num_threads:128,set_partition:false}",-1
e05100.json.gz,e,5,100,LagrangeTemplate,highs,LTFarkas,3,187,12673.02817,12710,0.283241542,12673.04695,0.018779343,34,108,0.099388,0.061115,0.168892,1925,19368.53544,1.928258362,1,0,"{timeout:21600,max_col_multiplier:1,age_limit:2,random_seed:2,replication:3,num_threads:128,set_partition:false}",2
e05100.json.gz,e,5,100,LagrangeTemplate,highs,LTFarkas,3,187,12673.02817,12710,0.283241542,12673.04695,0.018779343,34,108,0.099388,0.061115,0.168893,1925,19368.53544,1.928258362,1,0,"{timeout:21600,max_col_multiplier:1,age_limit:2,random_seed:2,replication:3,num_threads:128,set_partition:false}",1
e20100.json.gz,e,20,100,LagrangeTemplate,highs,LTFarkas,4,3,8359.58204,12230,,12230,,20,41,0.00098,0.001481,0.015832,583,594897.9592,14.2195122,1,0,"{timeout:21600,max_col_multiplier:1,age_limit:2,random_seed:3,replication:4,num_threads:128,set_partition:false}",-1
e20100.json.gz,e,20,100,LagrangeTemplate,highs,LTFarkas,4,59,8431.509922,8858,4.809212012,8431.509922,0,93,139,0.043547,0.021579,0.081941,2877,66066.54879,2.51831398,1,0,"{timeout:21600,max_col_multiplier:1,age_limit:2,random_seed:3,replication:4,num_threads:128,set_partition:false}",2
e20100.json.gz,e,20,100,LagrangeTemplate,highs,LTFarkas,4,59,8431.509922,8858,4.809212012,8431.509922,0,93,139,0.043547,0.021579,0.081942,2877,66066.54879,2.51831398,1,0,"{timeout:21600,max_col_multiplier:1,age_limit:2,random_seed:3,replication:4,num_threads:128,set_partition:false}",1
e10100.json.gz,e,10,100,LagrangeTemplate,highs,LTFarkas,1,3,11543.05425,12136,,12136,,10,22,0.000745,0.001146,0.011532,434,582550.3356,19.72727273,1,0,"{timeout:21600,max_col_multiplier:1,age_limit:2,random_seed:0,replication:1,num_threads:128,set_partition:false}",-1
e10100.json.gz,e,10,100,LagrangeTemplate,highs,LTFarkas,1,96,11568.02252,12136,4.672050099,11568.02252,0,57,115,0.05099,0.029433,0.094232,2198,43106.49147,2.157530288,1,0,"{timeout:21600,max_col_multiplier:1,age_limit:2,random_seed:0,replication:1,num_threads:128,set_partition:false}",2
e10100.json.gz,e,10,100,LagrangeTemplate,highs,LTFarkas,1,96,11568.02252,12136,4.672050099,11568.02252,0,57,115,0.05099,0.029433,0.094232,2198,43106.49147,2.157530288,1,0,"{timeout:21600,max_col_multiplier:1,age_limit:2,random_seed:0,replication:1,num_threads:128,set_partition:false}",1
c05100.json.gz,c,5,100,LagrangeTemplate,highs,LTFarkas,1,3,1923.975026,1983,,1983,,5,10,0.000773,0.001033,0.003739,144,186287.1928,14.4,1,0,"{timeout:21600,max_col_multiplier:1,age_limit:2,random_seed:0,replication:1,num_threads:128,set_partition:false}",-1
c05100.json.gz,c,5,100,LagrangeTemplate,highs,LTFarkas,1,173,1929.183333,1941,0.566718187,1929.666667,0.483333333,12,108,0.080085,0.059648,0.146983,1590,19853.90523,1.784200385,1,0,"{timeout:21600,max_col_multiplier:1,age_limit:2,random_seed:0,replication:1,num_threads:128,set_partition:false}",2
c05100.json.gz,c,5,100,LagrangeTemplate,highs,LTFarkas,1,173,1929.183333,1941,0.566718187,1929.666667,0.483333333,12,108,0.080085,0.059648,0.146984,1590,19853.90523,1.784200385,1,0,"{timeout:21600,max_col_multiplier:1,age_limit:2,random_seed:0,replication:1,num_threads:128,set_partition:false}",1
c401600.json.gz,c,40,1600,LagrangeTemplate,highs,LTFarkas,2,4,17139.32464,17504,,17504,,40,125,0.006057,0.00817,0.22406,2222,366848.2747,17.776,1,0,"{timeout:21600,max_col_multiplier:1,age_limit:4,random_seed:1,replication:2,num_threads:128,set_partition:false}",-1
c401600.json.gz,c,40,1600,LagrangeTemplate,highs,LTFarkas,2,609,17143.05825,17155,0.064121247,17143.46759,0.409339743,221,1740,26.634302,1.980443,29.042379,94801,3559.357403,3.861300919,1,0,"{timeout:21600,max_col_multiplier:1,age_limit:4,random_seed:1,replication:2,num_threads:128,set_partition:false}",2
c401600.json.gz,c,40,1600,LagrangeTemplate,highs,LTFarkas,2,609,17143.05825,17155,0.064121247,17143.46759,0.409339743,221,1740,26.634302,1.980443,29.04238,94801,3559.357403,3.861300919,1,0,"{timeout:21600,max_col_multiplier:1,age_limit:4,random_seed:1,replication:2,num_threads:128,set_partition:false}",1
a05100.json.gz,a,5,100,LagrangeTemplate,highs,LTFarkas,3,2,1697.727273,1698,,1698,,5,5,0.000357,0.001054,0.003606,113,316526.6106,22.6,1,0,"{timeout:21600,max_col_multiplier:1,age_limit:2,random_seed:2,replication:3,num_threads:128,set_partition:false}",-1
a05100.json.gz,a,5,100,LagrangeTemplate,highs,LTFarkas,3,2,1697.727273,1698,0,1698,7753,5,10,0.000386,0.001584,0.004247,113,292746.114,11.3,1,0,"{timeout:21600,max_col_multiplier:1,age_limit:2,random_seed:2,replication:3,num_threads:128,set_partition:false}",2
a05100.json.gz,a,5,100,LagrangeTemplate,highs,LTFarkas,3,2,1697.727273,1698,0,1698,7753,5,10,0.000386,0.001584,0.004248,113,292746.114,11.3,1,0,"{timeout:21600,max_col_multiplier:1,age_limit:2,random_seed:2,replication:3,num_threads:128,set_partition:false}",1
a05200.json.gz,a,5,200,LagrangeTemplate,highs,LTFarkas,3,2,3234.73913,3235,,3235,,5,5,0.000473,0.000559,0.003586,219,463002.1142,43.8,1,0,"{timeout:21600,max_col_multiplier:1,age_limit:4,random_seed:2,replication:3,num_threads:128,set_partition:false}",-1
a05200.json.gz,a,5,200,LagrangeTemplate,highs,LTFarkas,3,2,3234.73913,3235,0,3235,15466,5,10,0.000513,0.001268,0.004376,219,426900.5848,21.9,1,0,"{timeout:21600,max_col_multiplier:1,age_limit:4,random_seed:2,replication:3,num_threads:128,set_partition:false}",2
a05200.json.gz,a,5,200,LagrangeTemplate,highs,LTFarkas,3,2,3234.73913,3235,0,3235,15466,5,10,0.000513,0.001268,0.004377,219,426900.5848,21.9,1,0,"{timeout:21600,max_col_multiplier:1,age_limit:4,random_seed:2,replication:3,num_threads:128,set_partition:false}",1
e60900.json.gz,e,60,900,LagrangeTemplate,highs,LTFarkas,1,3,100103.2598,126360,,126360,,60,129,0.003344,0.002617,1.02758,7904,2363636.364,61.27131783,1,0,"{timeout:21600,max_col_multiplier:1,age_limit:2,random_seed:0,replication:1,num_threads:128,set_partition:false}",-1
e60900.json.gz,e,60,900,LagrangeTemplate,highs,LTFarkas,1,325,100146.3277,102057,1.87150318,100146.6465,0.318848085,261,1014,7.598242,1.54882,10.245449,94988,12501.3128,4.759170534,1,0,"{timeout:21600,max_col_multiplier:1,age_limit:2,random_seed:0,replication:1,num_threads:128,set_partition:false}",2
e60900.json.gz,e,60,900,LagrangeTemplate,highs,LTFarkas,1,325,100146.3277,102057,1.87150318,100146.6465,0.318848085,261,1014,7.598242,1.54882,10.24545,94988,12501.3128,4.759170534,1,0,"{timeout:21600,max_col_multiplier:1,age_limit:2,random_seed:0,replication:1,num_threads:128,set_partition:false}",1
d05100.json.gz,d,5,100,LagrangeTemplate,highs,LTFarkas,1,4,6345.412612,6555,,6555,,5,16,0.000805,0.001819,0.005257,194,240993.7888,12.125,1,0,"{timeout:21600,max_col_multiplier:1,age_limit:2,random_seed:0,replication:1,num_threads:128,set_partition:false}",-1
d05100.json.gz,d,5,100,LagrangeTemplate,highs,LTFarkas,1,231,6349.101449,6441,1.412824096,6349.921174,0.819724284,38,114,0.198612,0.393054,0.60337,2422,12194.63074,1.998737374,1,0,"{timeout:21600,max_col_multiplier:1,age_limit:2,random_seed:0,replication:1,num_threads:128,set_partition:false}",2
d05100.json.gz,d,5,100,LagrangeTemplate,highs,LTFarkas,1,231,6349.101449,6441,1.412824096,6349.921174,0.819724284,38,114,0.198612,0.393054,0.603371,2422,12194.63074,1.998737374,1,0,"{timeout:21600,max_col_multiplier:1,age_limit:2,random_seed:0,replication:1,num_threads:128,set_partition:false}",1
c60900.json.gz,c,60,900,LagrangeTemplate,highs,LTFarkas,3,4,9315.038004,9822,,9822,,60,185,0.00355,0.003722,0.175809,1509,425070.4225,8.156756757,1,0,"{timeout:21600,max_col_multiplier:1,age_limit:2,random_seed:2,replication:3,num_threads:128,set_partition:false}",-1
c60900.json.gz,c,60,900,LagrangeTemplate,highs,LTFarkas,3,214,9324.370816,9344,0.203339041,9324.653781,0.28296515,280,1105,2.064409,0.284232,2.569709,31643,15327.8735,2.467932379,1,0,"{timeout:21600,max_col_multiplier:1,age_limit:2,random_seed:2,replication:3,num_threads:128,set_partition:false}",2
c60900.json.gz,c,60,900,LagrangeTemplate,highs,LTFarkas,3,214,9324.370816,9344,0.203339041,9324.653781,0.28296515,280,1105,2.064409,0.284232,2.569709,31643,15327.8735,2.467932379,1,0,"{timeout:21600,max_col_multiplier:1,age_limit:2,random_seed:2,replication:3,num_threads:128,set_partition:false}",1
e40400.json.gz,e,40,400,LagrangeTemplate,highs,LTFarkas,3,3,44523.4286,inf,,61913.14286,,49,80,0.002079,0.001543,0.19803,3251,1563732.564,40.6375,0,0,"{timeout:21600,max_col_multiplier:1,age_limit:2,random_seed:2,replication:3,num_threads:128,set_partition:false}",-1
e40400.json.gz,e,40,400,LagrangeTemplate,highs,LTFarkas,3,154,44556.13743,45707,2.516025992,44556.88322,0.745789641,169,481,0.765607,0.235934,1.214911,23776,31055.09746,3.827109437,1,0,"{timeout:21600,max_col_multiplier:1,age_limit:2,random_seed:2,replication:3,num_threads:128,set_partition:false}",2
e40400.json.gz,e,40,400,LagrangeTemplate,highs,LTFarkas,3,154,44556.13743,45707,2.516025992,44556.88322,0.745789641,169,481,0.765607,0.235934,1.214912,23776,31055.09746,3.827109437,1,0,"{timeout:21600,max_col_multiplier:1,age_limit:2,random_seed:2,replication:3,num_threads:128,set_partition:false}",1
e05200.json.gz,e,5,200,LagrangeTemplate,highs,LTFarkas,5,3,24922,25242,,25242,,5,11,0.000695,0.001054,0.008054,449,646043.1655,40.81818182,1,0,"{timeout:21600,max_col_multiplier:1,age_limit:4,random_seed:4,replication:5,num_threads:128,set_partition:false}",-1
e05200.json.gz,e,5,200,LagrangeTemplate,highs,LTFarkas,5,398,24926.14286,25242,1.247920133,24926.64286,0.5,23,214,0.748848,0.537192,1.310122,5456,7285.857744,2.631787727,1,0,"{timeout:21600,max_col_multiplier:1,age_limit:4,random_seed:4,replication:5,num_threads:128,set_partition:false}",2
e05200.json.gz,e,5,200,LagrangeTemplate,highs,LTFarkas,5,398,24926.14286,25242,1.247920133,24926.64286,0.5,23,214,0.748848,0.537192,1.310123,5456,7285.857744,2.631787727,1,0,"{timeout:21600,max_col_multiplier:1,age_limit:4,random_seed:4,replication:5,num_threads:128,set_partition:false}",1
a05100.json.gz,a,5,100,LagrangeTemplate,highs,LTFarkas,5,2,1697.727273,1698,,1698,,5,5,0.000365,0.000725,0.003277,107,293150.6849,21.4,1,0,"{timeout:21600,max_col_multiplier:1,age_limit:2,random_seed:4,replication:5,num_threads:128,set_partition:false}",-1
a05100.json.gz,a,5,100,LagrangeTemplate,highs,LTFarkas,5,2,1697.727273,1698,0,1698,7666,5,10,0.000394,0.001198,0.003842,107,271573.6041,10.7,1,0,"{timeout:21600,max_col_multiplier:1,age_limit:2,random_seed:4,replication:5,num_threads:128,set_partition:false}",2
a05100.json.gz,a,5,100,LagrangeTemplate,highs,LTFarkas,5,2,1697.727273,1698,0,1698,7666,5,10,0.000394,0.001198,0.003843,107,271573.6041,10.7,1,0,"{timeout:21600,max_col_multiplier:1,age_limit:2,random_seed:4,replication:5,num_threads:128,set_partition:false}",1
d15900.json.gz,d,15,900,LagrangeTemplate,highs,LTFarkas,3,4,55400.46714,55906,,55906,,15,50,0.003499,0.016476,0.120842,2064,589882.8237,41.28,1,0,"{timeout:21600,max_col_multiplier:1,age_limit:6,random_seed:2,replication:3,num_threads:128,set_partition:false}",-1
d15900.json.gz,d,15,900,LagrangeTemplate,highs,LTFarkas,3,810,55402.0039,55597,0.348939691,55402.41087,0.406970466,122,1025,37.298012,38.39613,75.99789,55683,1492.921392,4.464947949,1,0,"{timeout:21600,max_col_multiplier:1,age_limit:6,random_seed:2,replication:3,num_threads:128,set_partition:false}",2
d15900.json.gz,d,15,900,LagrangeTemplate,highs,LTFarkas,3,810,55402.0039,55597,0.348939691,55402.41087,0.406970466,122,1025,37.298012,38.39613,75.997892,55683,1492.921392,4.464947949,1,0,"{timeout:21600,max_col_multiplier:1,age_limit:6,random_seed:2,replication:3,num_threads:128,set_partition:false}",1
e201600.json.gz,e,20,1600,LagrangeTemplate,highs,LTFarkas,2,4,180640.2918,188680,,188680,,20,64,0.005938,0.009209,0.524332,7584,1277197.71,118.5,1,0,"{timeout:21600,max_col_multiplier:1,age_limit:8,random_seed:1,replication:2,num_threads:128,set_partition:false}",-1
e201600.json.gz,e,20,1600,LagrangeTemplate,highs,LTFarkas,2,1005,180643.1784,181212,0.313445025,180643.6135,0.435058533,112,1772,130.869785,27.188148,158.985659,133425,1019.524866,6.437935794,1,0,"{timeout:21600,max_col_multiplier:1,age_limit:8,random_seed:1,replication:2,num_threads:128,set_partition:false}",2
e201600.json.gz,e,20,1600,LagrangeTemplate,highs,LTFarkas,2,1005,180643.1784,181212,0.313445025,180643.6135,0.435058533,112,1772,130.869785,27.188148,158.98566,133425,1019.524866,6.437935794,1,0,"{timeout:21600,max_col_multiplier:1,age_limit:8,random_seed:1,replication:2,num_threads:128,set_partition:false}",1
a10100.json.gz,a,10,100,LagrangeTemplate,highs,LTFarkas,3,3,1358.556923,1370,,1370,,10,21,0.000568,0.00114,0.004045,126,221830.9859,6,1,0,"{timeout:21600,max_col_multiplier:1,age_limit:2,random_seed:2,replication:3,num_threads:128,set_partition:false}",-1
a10100.json.gz,a,10,100,LagrangeTemplate,highs,LTFarkas,3,43,1360,1360,0,1360,0,10,112,0.012801,0.012543,0.02942,378,29528.94305,0.981358435,1,0,"{timeout:21600,max_col_multiplier:1,age_limit:2,random_seed:2,replication:3,num_threads:128,set_partition:false}",2
a10100.json.gz,a,10,100,LagrangeTemplate,highs,LTFarkas,3,43,1360,1360,0,1360,0,10,112,0.012801,0.012543,0.02942,378,29528.94305,0.981358435,1,0,"{timeout:21600,max_col_multiplier:1,age_limit:2,random_seed:2,replication:3,num_threads:128,set_partition:false}",1
c10400.json.gz,c,10,400,LagrangeTemplate,highs,LTFarkas,4,7,5591.103879,5735,,5735,,10,60,0.002984,0.005699,0.020384,557,186662.1984,9.283333333,1,0,"{timeout:21600,max_col_multiplier:1,age_limit:4,random_seed:3,replication:4,num_threads:128,set_partition:false}",-1
c10400.json.gz,c,10,400,LagrangeTemplate,highs,LTFarkas,4,412,5595.102238,5604,0.142755175,5595.331085,0.228847333,55,430,1.456472,0.800975,2.297393,9552,6558.313514,2.305385075,1,0,"{timeout:21600,max_col_multiplier:1,age_limit:4,random_seed:3,replication:4,num_threads:128,set_partition:false}",2
c10400.json.gz,c,10,400,LagrangeTemplate,highs,LTFarkas,4,412,5595.102238,5604,0.142755175,5595.331085,0.228847333,55,430,1.456472,0.800975,2.297394,9552,6558.313514,2.305385075,1,0,"{timeout:21600,max_col_multiplier:1,age_limit:4,random_seed:3,replication:4,num_threads:128,set_partition:false}",1
b10100.json.gz,b,10,100,LagrangeTemplate,highs,LTFarkas,3,4,1400.671958,1452,,1452,,10,30,0.000832,0.001703,0.006491,153,183894.2308,5.1,1,0,"{timeout:21600,max_col_multiplier:1,age_limit:2,random_seed:2,replication:3,num_threads:128,set_partition:false}",-1
b10100.json.gz,b,10,100,LagrangeTemplate,highs,LTFarkas,3,55,1406.285714,1407,0,1407,0.714285714,10,124,0.019817,0.016611,0.042672,716,36130.59494,1.342568543,1,0,"{timeout:21600,max_col_multiplier:1,age_limit:2,random_seed:2,replication:3,num_threads:128,set_partition:false}",2
b10100.json.gz,b,10,100,LagrangeTemplate,highs,LTFarkas,3,55,1406.285714,1407,0,1407,0.714285714,10,124,0.019817,0.016611,0.042673,716,36130.59494,1.342568543,1,0,"{timeout:21600,max_col_multiplier:1,age_limit:2,random_seed:2,replication:3,num_threads:128,set_partition:false}",1
d40400.json.gz,d,40,400,LagrangeTemplate,highs,LTFarkas,1,3,24347.60829,25555,,25555,,40,81,0.001697,0.001576,0.124375,1506,887448.4384,18.59259259,1,0,"{timeout:21600,max_col_multiplier:1,age_limit:2,random_seed:0,replication:1,num_threads:128,set_partition:false}",-1
d40400.json.gz,d,40,400,LagrangeTemplate,highs,LTFarkas,1,185,24349.5,25040,2.755591054,24349.5,0,231,447,1.673312,0.961372,2.784018,30098,17987.08191,4.003394846,1,0,"{timeout:21600,max_col_multiplier:1,age_limit:2,random_seed:0,replication:1,num_threads:128,set_partition:false}",2
d40400.json.gz,d,40,400,LagrangeTemplate,highs,LTFarkas,1,185,24349.5,25040,2.755591054,24349.5,0,231,447,1.673312,0.961372,2.784019,30098,17987.08191,4.003394846,1,0,"{timeout:21600,max_col_multiplier:1,age_limit:2,random_seed:0,replication:1,num_threads:128,set_partition:false}",1
c801600.json.gz,c,80,1600,LagrangeTemplate,highs,LTFarkas,1,4,16283,16939,,16939,,80,251,0.007247,0.006801,0.587976,2620,361528.9085,10.43824701,1,0,"{timeout:21600,max_col_multiplier:1,age_limit:2,random_seed:0,replication:1,num_threads:128,set_partition:false}",-1
c801600.json.gz,c,80,1600,LagrangeTemplate,highs,LTFarkas,1,369,16283.17497,16308,0.147167035,16283.60822,0.433251243,363,1821,9.059427,0.837722,10.671543,75865,8374.149932,2.587449605,1,0,"{timeout:21600,max_col_multiplier:1,age_limit:2,random_seed:0,replication:1,num_threads:128,set_partition:false}",2
c801600.json.gz,c,80,1600,LagrangeTemplate,highs,LTFarkas,1,369,16283.17497,16308,0.147167035,16283.60822,0.433251243,363,1821,9.059427,0.837722,10.671544,75865,8374.149932,2.587449605,1,0,"{timeout:21600,max_col_multiplier:1,age_limit:2,random_seed:0,replication:1,num_threads:128,set_partition:false}",1
b10100.json.gz,b,10,100,LagrangeTemplate,highs,LTFarkas,4,4,1400.671958,1446,,1446,,10,31,0.000738,0.001773,0.006538,158,214092.1409,5.096774194,1,0,"{timeout:21600,max_col_multiplier:1,age_limit:2,random_seed:3,replication:4,num_threads:128,set_partition:false}",-1
b10100.json.gz,b,10,100,LagrangeTemplate,highs,LTFarkas,4,66,1406.2,1407,0,1407,0.8,10,120,0.027297,0.019212,0.053649,824,30186.46738,1.341828229,1,0,"{timeout:21600,max_col_multiplier:1,age_limit:2,random_seed:3,replication:4,num_threads:128,set_partition:false}",2
b10100.json.gz,b,10,100,LagrangeTemplate,highs,LTFarkas,4,66,1406.2,1407,0,1407,0.8,10,120,0.027297,0.019212,0.05365,824,30186.46738,1.341828229,1,0,"{timeout:21600,max_col_multiplier:1,age_limit:2,random_seed:3,replication:4,num_threads:128,set_partition:false}",1
d801600.json.gz,d,80,1600,LagrangeTemplate,highs,LTFarkas,1,3,97034,inf,,102985.1667,,106,160,0.007363,0.007422,1.251206,4841,657476.572,30.25625,0,0,"{timeout:21600,max_col_multiplier:1,age_limit:2,random_seed:0,replication:1,num_threads:128,set_partition:false}",-1
d801600.json.gz,d,80,1600,LagrangeTemplate,highs,LTFarkas,1,371,97034,98311,1.298939081,97034,216.2000037,570,2021,25.007885,19.123514,45.652124,121290,4850.070288,3.985161767,1,0,"{timeout:21600,max_col_multiplier:1,age_limit:2,random_seed:0,replication:1,num_threads:128,set_partition:false}",2
d801600.json.gz,d,80,1600,LagrangeTemplate,highs,LTFarkas,1,371,97034,98311,1.298939081,97034,216.2000037,570,2021,25.007885,19.123514,45.652125,121290,4850.070288,3.985161767,1,0,"{timeout:21600,max_col_multiplier:1,age_limit:2,random_seed:0,replication:1,num_threads:128,set_partition:false}",1
c201600.json.gz,c,20,1600,LagrangeTemplate,highs,LTFarkas,5,6,18798.56503,18985,,18985,,20,103,0.008905,0.022407,0.12863,2048,229983.1555,19.88349515,1,0,"{timeout:21600,max_col_multiplier:1,age_limit:8,random_seed:4,replication:5,num_threads:128,set_partition:false}",-1
c201600.json.gz,c,20,1600,LagrangeTemplate,highs,LTFarkas,5,1027,18801.02462,18825,0.122177955,18801.16411,0.13948635,127,1676,77.805587,8.131383,86.417367,79001,1015.364102,3.831904794,1,0,"{timeout:21600,max_col_multiplier:1,age_limit:8,random_seed:4,replication:5,num_threads:128,set_partition:false}",2
c201600.json.gz,c,20,1600,LagrangeTemplate,highs,LTFarkas,5,1027,18801.02462,18825,0.122177955,18801.16411,0.13948635,127,1676,77.805587,8.131383,86.417368,79001,1015.364102,3.831904794,1,0,"{timeout:21600,max_col_multiplier:1,age_limit:8,random_seed:4,replication:5,num_threads:128,set_partition:false}",1
c401600.json.gz,c,40,1600,LagrangeTemplate,highs,LTFarkas,1,4,17139.32464,17402,,17402,,40,124,0.005695,0.007505,0.222629,2196,385601.4047,17.70967742,1,0,"{timeout:21600,max_col_multiplier:1,age_limit:4,random_seed:0,replication:1,num_threads:128,set_partition:false}",-1
c401600.json.gz,c,40,1600,LagrangeTemplate,highs,LTFarkas,1,671,17143.00956,17157,0.075770822,17143.46808,0.458524696,217,1782,27.127916,2.132233,29.703714,99682,3674.517423,3.680057543,1,0,"{timeout:21600,max_col_multiplier:1,age_limit:4,random_seed:0,replication:1,num_threads:128,set_partition:false}",2
c401600.json.gz,c,40,1600,LagrangeTemplate,highs,LTFarkas,1,671,17143.00956,17157,0.075770822,17143.46808,0.458524696,217,1782,27.127916,2.132233,29.703715,99682,3674.517423,3.680057543,1,0,"{timeout:21600,max_col_multiplier:1,age_limit:4,random_seed:0,replication:1,num_threads:128,set_partition:false}",1
e15900.json.gz,e,15,900,LagrangeTemplate,highs,LTFarkas,5,4,102416.6097,106336,,106336,,15,47,0.0032,0.004326,0.17355,3884,1213750,82.63829787,1,0,"{timeout:21600,max_col_multiplier:1,age_limit:6,random_seed:4,replication:5,num_threads:128,set_partition:false}",-1
e15900.json.gz,e,15,900,LagrangeTemplate,highs,LTFarkas,5,919,102419.0887,102678,0.251270951,102419.8992,0.81042647,78,1011,39.179148,10.767643,50.28266,96332,2458.756888,6.913948263,1,0,"{timeout:21600,max_col_multiplier:1,age_limit:6,random_seed:4,replication:5,num_threads:128,set_partition:false}",2
e15900.json.gz,e,15,900,LagrangeTemplate,highs,LTFarkas,5,919,102419.0887,102678,0.251270951,102419.8992,0.81042647,78,1011,39.179148,10.767643,50.282661,96332,2458.756888,6.913948263,1,0,"{timeout:21600,max_col_multiplier:1,age_limit:6,random_seed:4,replication:5,num_threads:128,set_partition:false}",1
e30900.json.gz,e,30,900,LagrangeTemplate,highs,LTFarkas,5,3,100413.3227,110438,,110438,,30,66,0.002816,0.002495,0.425864,5662,2010653.409,85.78787879,1,0,"{timeout:21600,max_col_multiplier:1,age_limit:3,random_seed:4,replication:5,num_threads:128,set_partition:false}",-1
e30900.json.gz,e,30,900,LagrangeTemplate,highs,LTFarkas,5,565,100426.123,100470,0.042798845,100426.7078,0.584776335,113,970,11.7949,3.998015,16.32078,78254,6634.562396,4.515568001,1,0,"{timeout:21600,max_col_multiplier:1,age_limit:3,random_seed:4,replication:5,num_threads:128,set_partition:false}",2
e30900.json.gz,e,30,900,LagrangeTemplate,highs,LTFarkas,5,565,100426.123,100470,0.042798845,100426.7078,0.584776335,113,970,11.7949,3.998015,16.320781,78254,6634.562396,4.515568001,1,0,"{timeout:21600,max_col_multiplier:1,age_limit:3,random_seed:4,replication:5,num_threads:128,set_partition:false}",1
e15900.json.gz,e,15,900,LagrangeTemplate,highs,LTFarkas,4,4,102416.6097,107204,,107204,,15,49,0.003317,0.004796,0.174981,3896,1174555.321,79.51020408,1,0,"{timeout:21600,max_col_multiplier:1,age_limit:6,random_seed:3,replication:4,num_threads:128,set_partition:false}",-1
e15900.json.gz,e,15,900,LagrangeTemplate,highs,LTFarkas,4,950,102419.0286,102536,0.11313099,102419.8992,0.870533904,80,998,69.932342,10.045498,80.338542,129053,1845.397942,8.892428516,1,0,"{timeout:21600,max_col_multiplier:1,age_limit:6,random_seed:3,replication:4,num_threads:128,set_partition:false}",2
e15900.json.gz,e,15,900,LagrangeTemplate,highs,LTFarkas,4,950,102419.0286,102536,0.11313099,102419.8992,0.870533904,80,998,69.932342,10.045498,80.338543,129053,1845.397942,8.892428516,1,0,"{timeout:21600,max_col_multiplier:1,age_limit:6,random_seed:3,replication:4,num_threads:128,set_partition:false}",1
d15900.json.gz,d,15,900,LagrangeTemplate,highs,LTFarkas,2,4,55400.46714,55931,,55931,,15,50,0.003108,0.015579,0.120744,2068,665379.6654,41.36,1,0,"{timeout:21600,max_col_multiplier:1,age_limit:6,random_seed:1,replication:2,num_threads:128,set_partition:false}",-1
d15900.json.gz,d,15,900,LagrangeTemplate,highs,LTFarkas,2,777,55402.03336,55662,0.465308469,55402.41063,0.377276531,122,1048,34.204462,36.851124,71.361674,46504,1359.588699,3.867065637,1,0,"{timeout:21600,max_col_multiplier:1,age_limit:6,random_seed:1,replication:2,num_threads:128,set_partition:false}",2
d15900.json.gz,d,15,900,LagrangeTemplate,highs,LTFarkas,2,777,55402.03336,55662,0.465308469,55402.41063,0.377276531,122,1048,34.204462,36.851124,71.361675,46504,1359.588699,3.867065637,1,0,"{timeout:21600,max_col_multiplier:1,age_limit:6,random_seed:1,replication:2,num_threads:128,set_partition:false}",1
d20200.json.gz,d,20,200,LagrangeTemplate,highs,LTFarkas,3,3,12217.69342,12975,,12975,,20,42,0.001261,0.001685,0.021788,622,493259.318,14.80952381,1,0,"{timeout:21600,max_col_multiplier:1,age_limit:2,random_seed:2,replication:3,num_threads:128,set_partition:false}",-1
d20200.json.gz,d,20,200,LagrangeTemplate,highs,LTFarkas,3,183,12229.1753,12474,1.956068623,12229.66543,0.49013362,133,283,0.530823,0.421777,0.988202,11064,20843.10589,3.035480612,1,0,"{timeout:21600,max_col_multiplier:1,age_limit:2,random_seed:2,replication:3,num_threads:128,set_partition:false}",2
d20200.json.gz,d,20,200,LagrangeTemplate,highs,LTFarkas,3,183,12229.1753,12474,1.956068623,12229.66543,0.49013362,133,283,0.530823,0.421777,0.988203,11064,20843.10589,3.035480612,1,0,"{timeout:21600,max_col_multiplier:1,age_limit:2,random_seed:2,replication:3,num_threads:128,set_partition:false}",1
c15900.json.gz,c,15,900,LagrangeTemplate,highs,LTFarkas,1,4,11336.57438,11459,,11459,,15,47,0.003089,0.008086,0.056326,1187,384266.753,25.25531915,1,0,"{timeout:21600,max_col_multiplier:1,age_limit:6,random_seed:0,replication:1,num_threads:128,set_partition:false}",-1
c15900.json.gz,c,15,900,LagrangeTemplate,highs,LTFarkas,1,632,11338.15462,11363,0.211211828,11338.86678,0.712159378,85,1004,10.740727,2.838567,13.729341,26683,2484.282489,2.742361106,1,0,"{timeout:21600,max_col_multiplier:1,age_limit:6,random_seed:0,replication:1,num_threads:128,set_partition:false}",2
c15900.json.gz,c,15,900,LagrangeTemplate,highs,LTFarkas,1,632,11338.15462,11363,0.211211828,11338.86678,0.712159378,85,1004,10.740727,2.838567,13.729342,26683,2484.282489,2.742361106,1,0,"{timeout:21600,max_col_multiplier:1,age_limit:6,random_seed:0,replication:1,num_threads:128,set_partition:false}",1
d40400.json.gz,d,40,400,LagrangeTemplate,highs,LTFarkas,3,3,24347.60829,inf,,26354.5,,43,80,0.001564,0.001991,0.124036,1533,980179.0281,19.1625,0,0,"{timeout:21600,max_col_multiplier:1,age_limit:2,random_seed:2,replication:3,num_threads:128,set_partition:false}",-1
d40400.json.gz,d,40,400,LagrangeTemplate,highs,LTFarkas,3,196,24349.1,24787,1.763020938,24349.5,0.4,224,474,1.727077,1.021452,2.899666,31267,18103.99884,3.911625781,1,0,"{timeout:21600,max_col_multiplier:1,age_limit:2,random_seed:2,replication:3,num_threads:128,set_partition:false}",2
d40400.json.gz,d,40,400,LagrangeTemplate,highs,LTFarkas,3,196,24349.1,24787,1.763020938,24349.5,0.4,224,474,1.727077,1.021452,2.899667,31267,18103.99884,3.911625781,1,0,"{timeout:21600,max_col_multiplier:1,age_limit:2,random_seed:2,replication:3,num_threads:128,set_partition:false}",1
d10100.json.gz,d,10,100,LagrangeTemplate,highs,LTFarkas,1,3,6323.456043,6585,,6585,,10,20,0.000723,0.00184,0.011928,267,369294.6058,13.35,1,0,"{timeout:21600,max_col_multiplier:1,age_limit:2,random_seed:0,replication:1,num_threads:128,set_partition:false}",-1
d10100.json.gz,d,10,100,LagrangeTemplate,highs,LTFarkas,1,129,6341.094903,6509,2.565678292,6341.450708,0.355804339,64,125,0.081693,0.148301,0.244895,2843,34801.02334,2.143770764,1,0,"{timeout:21600,max_col_multiplier:1,age_limit:2,random_seed:0,replication:1,num_threads:128,set_partition:false}",2
d10100.json.gz,d,10,100,LagrangeTemplate,highs,LTFarkas,1,129,6341.094903,6509,2.565678292,6341.450708,0.355804339,64,125,0.081693,0.148301,0.244896,2843,34801.02334,2.143770764,1,0,"{timeout:21600,max_col_multiplier:1,age_limit:2,random_seed:0,replication:1,num_threads:128,set_partition:false}",1
d05200.json.gz,d,5,200,LagrangeTemplate,highs,LTFarkas,5,5,12736.19608,inf,,12957.33333,,10,20,0.001473,0.006271,0.019461,433,293957.909,21.65,0,0,"{timeout:21600,max_col_multiplier:1,age_limit:4,random_seed:4,replication:5,num_threads:128,set_partition:false}",-1
d05200.json.gz,d,5,200,LagrangeTemplate,highs,LTFarkas,5,565,12740.01176,12783,0.328561371,12740.03903,0.027269997,43,221,2.571677,3.045539,5.66532,12318,4789.870579,4.248849558,1,0,"{timeout:21600,max_col_multiplier:1,age_limit:4,random_seed:4,replication:5,num_threads:128,set_partition:false}",2
d05200.json.gz,d,5,200,LagrangeTemplate,highs,LTFarkas,5,565,12740.01176,12783,0.328561371,12740.03903,0.027269997,43,221,2.571677,3.045539,5.665321,12318,4789.870579,4.248849558,1,0,"{timeout:21600,max_col_multiplier:1,age_limit:4,random_seed:4,replication:5,num_threads:128,set_partition:false}",1
d20400.json.gz,d,20,400,LagrangeTemplate,highs,LTFarkas,4,3,24552.43633,25236,,25236,,20,46,0.001145,0.001839,0.059615,1163,1015720.524,25.2826087,1,0,"{timeout:21600,max_col_multiplier:1,age_limit:2,random_seed:3,replication:4,num_threads:128,set_partition:false}",-1
d20400.json.gz,d,20,400,LagrangeTemplate,highs,LTFarkas,4,347,24560.09567,24840,1.123188406,24560.20431,0.108632355,147,451,2.945543,3.148996,6.209934,19860,6742.390113,2.784069905,1,0,"{timeout:21600,max_col_multiplier:1,age_limit:2,random_seed:3,replication:4,num_threads:128,set_partition:false}",2
d20400.json.gz,d,20,400,LagrangeTemplate,highs,LTFarkas,4,347,24560.09567,24840,1.123188406,24560.20431,0.108632355,147,451,2.945543,3.148996,6.209935,19860,6742.390113,2.784069905,1,0,"{timeout:21600,max_col_multiplier:1,age_limit:2,random_seed:3,replication:4,num_threads:128,set_partition:false}",1
e401600.json.gz,e,40,1600,LagrangeTemplate,highs,LTFarkas,5,4,178282.6193,inf,,206062,,47,120,0.006541,0.006561,1.353173,10087,1542118.942,84.05833333,0,0,"{timeout:21600,max_col_multiplier:1,age_limit:4,random_seed:4,replication:5,num_threads:128,set_partition:false}",-1
e401600.json.gz,e,40,1600,LagrangeTemplate,highs,LTFarkas,5,765,178292.0653,178368,0.0420479,178292.2407,0.175413171,189,1694,73.044048,12.542962,87.226247,194722,2665.816111,6.295713929,1,0,"{timeout:21600,max_col_multiplier:1,age_limit:4,random_seed:4,replication:5,num_threads:128,set_partition:false}",2
e401600.json.gz,e,40,1600,LagrangeTemplate,highs,LTFarkas,5,765,178292.0653,178368,0.0420479,178292.2407,0.175413171,189,1694,73.044048,12.542962,87.226249,194722,2665.816111,6.295713929,1,0,"{timeout:21600,max_col_multiplier:1,age_limit:4,random_seed:4,replication:5,num_threads:128,set_partition:false}",1
c10400.json.gz,c,10,400,LagrangeTemplate,highs,LTFarkas,2,6,5591.103879,5697,,5697,,10,50,0.002637,0.005194,0.01949,552,209328.7827,11.04,1,0,"{timeout:21600,max_col_multiplier:1,age_limit:4,random_seed:1,replication:2,num_threads:128,set_partition:false}",-1
c10400.json.gz,c,10,400,LagrangeTemplate,highs,LTFarkas,2,541,5595.128449,5597,0.017866714,5595.331085,0.202636419,55,436,2.21455,1.039789,3.305117,17323,7822.356686,3.142927412,1,0,"{timeout:21600,max_col_multiplier:1,age_limit:4,random_seed:1,replication:2,num_threads:128,set_partition:false}",2
c10400.json.gz,c,10,400,LagrangeTemplate,highs,LTFarkas,2,541,5595.128449,5597,0.017866714,5595.331085,0.202636419,55,436,2.21455,1.039789,3.305118,17323,7822.356686,3.142927412,1,0,"{timeout:21600,max_col_multiplier:1,age_limit:4,random_seed:1,replication:2,num_threads:128,set_partition:false}",1
e10100.json.gz,e,10,100,LagrangeTemplate,highs,LTFarkas,2,3,11543.05425,12136,,12136,,10,22,0.000443,0.00105,0.012961,428,966139.9549,19.45454545,1,0,"{timeout:21600,max_col_multiplier:1,age_limit:2,random_seed:1,replication:2,num_threads:128,set_partition:false}",-1
e10100.json.gz,e,10,100,LagrangeTemplate,highs,LTFarkas,2,108,11568.02252,11639,0.601426239,11568.02252,0,58,115,0.05666,0.03389,0.106415,2311,40787.15143,2.021415544,1,0,"{timeout:21600,max_col_multiplier:1,age_limit:2,random_seed:1,replication:2,num_threads:128,set_partition:false}",2
e10100.json.gz,e,10,100,LagrangeTemplate,highs,LTFarkas,2,108,11568.02252,11639,0.601426239,11568.02252,0,58,115,0.05666,0.03389,0.106416,2311,40787.15143,2.021415544,1,0,"{timeout:21600,max_col_multiplier:1,age_limit:2,random_seed:1,replication:2,num_threads:128,set_partition:false}",1
c05200.json.gz,c,5,200,LagrangeTemplate,highs,LTFarkas,1,8,3450.765286,3570,,3570,,5,35,0.002394,0.004292,0.010192,282,117794.4862,8.057142857,1,0,"{timeout:21600,max_col_multiplier:1,age_limit:4,random_seed:0,replication:1,num_threads:128,set_partition:false}",-1
c05200.json.gz,c,5,200,LagrangeTemplate,highs,LTFarkas,1,284,3454.143382,3468,0.374855825,3454.492647,0.349264706,27,221,0.438757,0.366172,0.821371,2451,5586.235661,1.578839705,1,0,"{timeout:21600,max_col_multiplier:1,age_limit:4,random_seed:0,replication:1,num_threads:128,set_partition:false}",2
c05200.json.gz,c,5,200,LagrangeTemplate,highs,LTFarkas,1,284,3454.143382,3468,0.374855825,3454.492647,0.349264706,27,221,0.438757,0.366172,0.821372,2451,5586.235661,1.578839705,1,0,"{timeout:21600,max_col_multiplier:1,age_limit:4,random_seed:0,replication:1,num_threads:128,set_partition:false}",1
a10100.json.gz,a,10,100,LagrangeTemplate,highs,LTFarkas,2,3,1358.556923,1361,,1361,,10,21,0.000441,0.000842,0.004928,127,287981.8594,6.047619048,1,0,"{timeout:21600,max_col_multiplier:1,age_limit:2,random_seed:1,replication:2,num_threads:128,set_partition:false}",-1
a10100.json.gz,a,10,100,LagrangeTemplate,highs,LTFarkas,2,42,1360,1360,0,1360,0,10,110,0.010096,0.012371,0.027361,350,34667.19493,0.946041194,1,0,"{timeout:21600,max_col_multiplier:1,age_limit:2,random_seed:1,replication:2,num_threads:128,set_partition:false}",2
a10100.json.gz,a,10,100,LagrangeTemplate,highs,LTFarkas,2,42,1360,1360,0,1360,0,10,110,0.010096,0.012371,0.027362,350,34667.19493,0.946041194,1,0,"{timeout:21600,max_col_multiplier:1,age_limit:2,random_seed:1,replication:2,num_threads:128,set_partition:false}",1
d15900.json.gz,d,15,900,LagrangeTemplate,highs,LTFarkas,4,4,55400.46714,56039,,56039,,15,49,0.003445,0.017536,0.124142,2101,609869.3759,42.87755102,1,0,"{timeout:21600,max_col_multiplier:1,age_limit:6,random_seed:3,replication:4,num_threads:128,set_partition:false}",-1
d15900.json.gz,d,15,900,LagrangeTemplate,highs,LTFarkas,4,745,55402.03297,55688,0.511779917,55402.42534,0.392375958,118,1030,30.818424,35.530396,66.656356,52677,1709.269754,4.595367963,1,0,"{timeout:21600,max_col_multiplier:1,age_limit:6,random_seed:3,replication:4,num_threads:128,set_partition:false}",2
d15900.json.gz,d,15,900,LagrangeTemplate,highs,LTFarkas,4,745,55402.03297,55688,0.511779917,55402.42534,0.392375958,118,1030,30.818424,35.530396,66.656357,52677,1709.269754,4.595367963,1,0,"{timeout:21600,max_col_multiplier:1,age_limit:6,random_seed:3,replication:4,num_threads:128,set_partition:false}",1
d05100.json.gz,d,5,100,LagrangeTemplate,highs,LTFarkas,2,5,6345.412612,6555,,6555,,5,21,0.001265,0.00216,0.006107,207,163636.3636,9.857142857,1,0,"{timeout:21600,max_col_multiplier:1,age_limit:2,random_seed:1,replication:2,num_threads:128,set_partition:false}",-1
d05100.json.gz,d,5,100,LagrangeTemplate,highs,LTFarkas,2,210,6349.314952,6555,3.127383677,6349.921174,0.60622128,38,112,0.177341,0.392864,0.580837,1858,10476.99066,1.648605442,1,0,"{timeout:21600,max_col_multiplier:1,age_limit:2,random_seed:1,replication:2,num_threads:128,set_partition:false}",2
d05100.json.gz,d,5,100,LagrangeTemplate,highs,LTFarkas,2,210,6349.314952,6555,3.127383677,6349.921174,0.60622128,38,112,0.177341,0.392864,0.580838,1858,10476.99066,1.648605442,1,0,"{timeout:21600,max_col_multiplier:1,age_limit:2,random_seed:1,replication:2,num_threads:128,set_partition:false}",1
a20100.json.gz,a,20,100,LagrangeTemplate,highs,LTFarkas,5,2,1157.08,1158,,1158,,20,20,0.000294,0.000517,0.00416,128,435374.1497,6.4,1,0,"{timeout:21600,max_col_multiplier:1,age_limit:2,random_seed:4,replication:5,num_threads:128,set_partition:false}",-1
a20100.json.gz,a,20,100,LagrangeTemplate,highs,LTFarkas,5,2,1157.08,1158,0,1158,7924,20,40,0.000328,0.000925,0.004675,128,390243.9024,3.2,1,0,"{timeout:21600,max_col_multiplier:1,age_limit:2,random_seed:4,replication:5,num_threads:128,set_partition:false}",2
a20100.json.gz,a,20,100,LagrangeTemplate,highs,LTFarkas,5,2,1157.08,1158,0,1158,7924,20,40,0.000328,0.000925,0.004676,128,390243.9024,3.2,1,0,"{timeout:21600,max_col_multiplier:1,age_limit:2,random_seed:4,replication:5,num_threads:128,set_partition:false}",1
e10100.json.gz,e,10,100,LagrangeTemplate,highs,LTFarkas,5,4,11543.05425,12365,,12365,,10,31,0.000717,0.001518,0.009446,440,613668.0614,14.19354839,1,0,"{timeout:21600,max_col_multiplier:1,age_limit:2,random_seed:4,replication:5,num_threads:128,set_partition:false}",-1
e10100.json.gz,e,10,100,LagrangeTemplate,highs,LTFarkas,5,133,11568.02252,11647,0.669700352,11568.02252,0,57,114,0.081103,0.045394,0.139769,3165,39024.45039,2.26883501,1,0,"{timeout:21600,max_col_multiplier:1,age_limit:2,random_seed:4,replication:5,num_threads:128,set_partition:false}",2
e10100.json.gz,e,10,100,LagrangeTemplate,highs,LTFarkas,5,133,11568.02252,11647,0.669700352,11568.02252,0,57,114,0.081103,0.045394,0.13977,3165,39024.45039,2.26883501,1,0,"{timeout:21600,max_col_multiplier:1,age_limit:2,random_seed:4,replication:5,num_threads:128,set_partition:false}",1
a10200.json.gz,a,10,200,LagrangeTemplate,highs,LTFarkas,1,2,2623,2623,,2623,,10,10,0.000473,0.000541,0.005383,220,465116.2791,22,1,0,"{timeout:21600,max_col_multiplier:1,age_limit:2,random_seed:0,replication:1,num_threads:128,set_partition:false}",-1
a10200.json.gz,a,10,200,LagrangeTemplate,highs,LTFarkas,1,2,2623,2623,0,2623,23147,10,20,0.000513,0.001021,0.005975,220,428849.9025,11,1,0,"{timeout:21600,max_col_multiplier:1,age_limit:2,random_seed:0,replication:1,num_threads:128,set_partition:false}",2
a10200.json.gz,a,10,200,LagrangeTemplate,highs,LTFarkas,1,2,2623,2623,0,2623,23147,10,20,0.000513,0.001021,0.005976,220,428849.9025,11,1,0,"{timeout:21600,max_col_multiplier:1,age_limit:2,random_seed:0,replication:1,num_threads:128,set_partition:false}",1
d30900.json.gz,d,30,900,LagrangeTemplate,highs,LTFarkas,4,3,54828.75354,inf,,56978.5,,38,60,0.002548,0.005804,0.217007,2681,1052197.802,44.68333333,0,0,"{timeout:21600,max_col_multiplier:1,age_limit:3,random_seed:3,replication:4,num_threads:128,set_partition:false}",-1
d30900.json.gz,d,30,900,LagrangeTemplate,highs,LTFarkas,4,506,54832.08962,55447,1.107363789,54832.38145,0.291831286,234,1044,14.215756,15.000343,29.578459,60418,4250.072947,3.900806371,1,0,"{timeout:21600,max_col_multiplier:1,age_limit:3,random_seed:3,replication:4,num_threads:128,set_partition:false}",2
d30900.json.gz,d,30,900,LagrangeTemplate,highs,LTFarkas,4,506,54832.08962,55447,1.107363789,54832.38145,0.291831286,234,1044,14.215756,15.000343,29.57846,60418,4250.072947,3.900806371,1,0,"{timeout:21600,max_col_multiplier:1,age_limit:3,random_seed:3,replication:4,num_threads:128,set_partition:false}",1
e20400.json.gz,e,20,400,LagrangeTemplate,highs,LTFarkas,3,3,44861.76164,48612,,48612,,20,44,0.001095,0.00118,0.085769,2149,1962557.078,48.84090909,1,0,"{timeout:21600,max_col_multiplier:1,age_limit:2,random_seed:2,replication:3,num_threads:128,set_partition:false}",-1
e20400.json.gz,e,20,400,LagrangeTemplate,highs,LTFarkas,3,310,44875.04962,45546,1.471040267,44875.4771,0.427480916,93,429,1.271455,0.691848,2.079041,19404,15261.25581,3.000500314,1,0,"{timeout:21600,max_col_multiplier:1,age_limit:2,random_seed:2,replication:3,num_threads:128,set_partition:false}",2
e20400.json.gz,e,20,400,LagrangeTemplate,highs,LTFarkas,3,310,44875.04962,45546,1.471040267,44875.4771,0.427480916,93,429,1.271455,0.691848,2.079042,19404,15261.25581,3.000500314,1,0,"{timeout:21600,max_col_multiplier:1,age_limit:2,random_seed:2,replication:3,num_threads:128,set_partition:false}",1
b20200.json.gz,b,20,200,LagrangeTemplate,highs,LTFarkas,1,3,2331.137984,2392,,2392,,20,42,0.000757,0.001322,0.010978,295,389696.1691,7.023809524,1,0,"{timeout:21600,max_col_multiplier:1,age_limit:2,random_seed:0,replication:1,num_threads:128,set_partition:false}",-1
b20200.json.gz,b,20,200,LagrangeTemplate,highs,LTFarkas,1,87,2338.144928,2339,0,2338.521739,0.376811594,51,240,0.063489,0.029357,0.107483,2253,35486.46222,1.421726938,1,0,"{timeout:21600,max_col_multiplier:1,age_limit:2,random_seed:0,replication:1,num_threads:128,set_partition:false}",2
b20200.json.gz,b,20,200,LagrangeTemplate,highs,LTFarkas,1,87,2338.144928,2339,0,2338.521739,0.376811594,51,240,0.063489,0.029357,0.107484,2253,35486.46222,1.421726938,1,0,"{timeout:21600,max_col_multiplier:1,age_limit:2,random_seed:0,replication:1,num_threads:128,set_partition:false}",1
e10200.json.gz,e,10,200,LagrangeTemplate,highs,LTFarkas,5,3,23293.85615,27274,,27274,,10,24,0.001402,0.001107,0.01828,780,556348.0742,32.5,1,0,"{timeout:21600,max_col_multiplier:1,age_limit:2,random_seed:4,replication:5,num_threads:128,set_partition:false}",-1
e10200.json.gz,e,10,200,LagrangeTemplate,highs,LTFarkas,5,220,23302.04956,23741,1.84490965,23302.04956,0,60,212,0.251006,0.20174,0.479627,5187,20664.84467,2.228625541,1,0,"{timeout:21600,max_col_multiplier:1,age_limit:2,random_seed:4,replication:5,num_threads:128,set_partition:false}",2
e10200.json.gz,e,10,200,LagrangeTemplate,highs,LTFarkas,5,220,23302.04956,23741,1.84490965,23302.04956,0,60,212,0.251006,0.20174,0.479628,5187,20664.84467,2.228625541,1,0,"{timeout:21600,max_col_multiplier:1,age_limit:2,random_seed:4,replication:5,num_threads:128,set_partition:false}",1
d10400.json.gz,d,10,400,LagrangeTemplate,highs,LTFarkas,1,3,24955.99482,25232,,25232,,10,21,0.001051,0.003166,0.04346,858,816365.3663,40.85714286,1,0,"{timeout:21600,max_col_multiplier:1,age_limit:4,random_seed:0,replication:1,num_threads:128,set_partition:false}",-1
d10400.json.gz,d,10,400,LagrangeTemplate,highs,LTFarkas,1,507,24958.1006,25093,0.53401347,24958.61036,0.509763085,79,472,5.630306,7.72522,13.470401,14170,2516.737101,2.708561097,1,0,"{timeout:21600,max_col_multiplier:1,age_limit:4,random_seed:0,replication:1,num_threads:128,set_partition:false}",2
d10400.json.gz,d,10,400,LagrangeTemplate,highs,LTFarkas,1,507,24958.1006,25093,0.53401347,24958.61036,0.509763085,79,472,5.630306,7.72522,13.470402,14170,2516.737101,2.708561097,1,0,"{timeout:21600,max_col_multiplier:1,age_limit:4,random_seed:0,replication:1,num_threads:128,set_partition:false}",1
d10200.json.gz,d,10,200,LagrangeTemplate,highs,LTFarkas,1,5,12418.3621,12702,,12702,,10,40,0.001637,0.002946,0.014125,516,315210.7514,12.9,1,0,"{timeout:21600,max_col_multiplier:1,age_limit:2,random_seed:0,replication:1,num_threads:128,set_partition:false}",-1
d10200.json.gz,d,10,200,LagrangeTemplate,highs,LTFarkas,1,245,12425.02025,12566,1.11411746,12425.616,0.595746168,78,235,0.680326,1.017881,1.728653,5626,8269.564885,2.1519161,1,0,"{timeout:21600,max_col_multiplier:1,age_limit:2,random_seed:0,replication:1,num_threads:128,set_partition:false}",2
d10200.json.gz,d,10,200,LagrangeTemplate,highs,LTFarkas,1,245,12425.02025,12566,1.11411746,12425.616,0.595746168,78,235,0.680326,1.017881,1.728654,5626,8269.564885,2.1519161,1,0,"{timeout:21600,max_col_multiplier:1,age_limit:2,random_seed:0,replication:1,num_threads:128,set_partition:false}",1
c15900.json.gz,c,15,900,LagrangeTemplate,highs,LTFarkas,4,5,11336.57438,11457,,11457,,15,61,0.004171,0.008898,0.054231,1224,293454.807,20.06557377,1,0,"{timeout:21600,max_col_multiplier:1,age_limit:6,random_seed:3,replication:4,num_threads:128,set_partition:false}",-1
c15900.json.gz,c,15,900,LagrangeTemplate,highs,LTFarkas,4,602,11338.12612,11356,0.149700599,11338.86651,0.740384079,87,1000,11.509857,2.727705,14.381525,27752,2411.150721,2.981594634,1,0,"{timeout:21600,max_col_multiplier:1,age_limit:6,random_seed:3,replication:4,num_threads:128,set_partition:false}",2
c15900.json.gz,c,15,900,LagrangeTemplate,highs,LTFarkas,4,602,11338.12612,11356,0.149700599,11338.86651,0.740384079,87,1000,11.509857,2.727705,14.381526,27752,2411.150721,2.981594634,1,0,"{timeout:21600,max_col_multiplier:1,age_limit:6,random_seed:3,replication:4,num_threads:128,set_partition:false}",1
e05100.json.gz,e,5,100,LagrangeTemplate,highs,LTFarkas,4,3,12641.41913,13723,,13723,,5,10,0.000478,0.001373,0.006918,225,470711.2971,22.5,1,0,"{timeout:21600,max_col_multiplier:1,age_limit:2,random_seed:3,replication:4,num_threads:128,set_partition:false}",-1
e05100.json.gz,e,5,100,LagrangeTemplate,highs,LTFarkas,4,219,12673.04695,12775,0.790606654,12673.04695,0,34,107,0.108274,0.071765,0.191547,1985,18333.11783,1.829984779,1,0,"{timeout:21600,max_col_multiplier:1,age_limit:2,random_seed:3,replication:4,num_threads:128,set_partition:false}",2
e05100.json.gz,e,5,100,LagrangeTemplate,highs,LTFarkas,4,219,12673.04695,12775,0.790606654,12673.04695,0,34,107,0.108274,0.071765,0.191548,1985,18333.11783,1.829984779,1,0,"{timeout:21600,max_col_multiplier:1,age_limit:2,random_seed:3,replication:4,num_threads:128,set_partition:false}",1
a05100.json.gz,a,5,100,LagrangeTemplate,highs,LTFarkas,1,2,1697.727273,1698,,1698,,5,5,0.000867,0.000919,0.005175,108,124567.474,21.6,1,0,"{timeout:21600,max_col_multiplier:1,age_limit:2,random_seed:0,replication:1,num_threads:128,set_partition:false}",-1
a05100.json.gz,a,5,100,LagrangeTemplate,highs,LTFarkas,1,2,1697.727273,1698,0,1698,7718,5,10,0.000914,0.001708,0.006076,108,118161.9256,10.8,1,0,"{timeout:21600,max_col_multiplier:1,age_limit:2,random_seed:0,replication:1,num_threads:128,set_partition:false}",2
a05100.json.gz,a,5,100,LagrangeTemplate,highs,LTFarkas,1,2,1697.727273,1698,0,1698,7718,5,10,0.000914,0.001708,0.006077,108,118161.9256,10.8,1,0,"{timeout:21600,max_col_multiplier:1,age_limit:2,random_seed:0,replication:1,num_threads:128,set_partition:false}",1
a10200.json.gz,a,10,200,LagrangeTemplate,highs,LTFarkas,4,2,2623,2623,,2623,,10,10,0.000373,0.000508,0.004973,220,589812.3324,22,1,0,"{timeout:21600,max_col_multiplier:1,age_limit:2,random_seed:3,replication:4,num_threads:128,set_partition:false}",-1
a10200.json.gz,a,10,200,LagrangeTemplate,highs,LTFarkas,4,2,2623,2623,0,2623,23113,10,20,0.000416,0.000899,0.00547,220,528846.1538,11,1,0,"{timeout:21600,max_col_multiplier:1,age_limit:2,random_seed:3,replication:4,num_threads:128,set_partition:false}",2
a10200.json.gz,a,10,200,LagrangeTemplate,highs,LTFarkas,4,2,2623,2623,0,2623,23113,10,20,0.000416,0.000899,0.005471,220,528846.1538,11,1,0,"{timeout:21600,max_col_multiplier:1,age_limit:2,random_seed:3,replication:4,num_threads:128,set_partition:false}",1
e20400.json.gz,e,20,400,LagrangeTemplate,highs,LTFarkas,2,3,44861.76164,inf,,60985.5,,25,40,0.001351,0.001157,0.085119,2180,1613619.541,54.5,0,0,"{timeout:21600,max_col_multiplier:1,age_limit:2,random_seed:1,replication:2,num_threads:128,set_partition:false}",-1
e20400.json.gz,e,20,400,LagrangeTemplate,highs,LTFarkas,2,316,44875.30262,45121,0.54298442,44875.47782,0.17519909,94,446,1.285348,0.696641,2.09784,18129,14104.35151,2.758622184,1,0,"{timeout:21600,max_col_multiplier:1,age_limit:2,random_seed:1,replication:2,num_threads:128,set_partition:false}",2
e20400.json.gz,e,20,400,LagrangeTemplate,highs,LTFarkas,2,316,44875.30262,45121,0.54298442,44875.47782,0.17519909,94,446,1.285348,0.696641,2.097842,18129,14104.35151,2.758622184,1,0,"{timeout:21600,max_col_multiplier:1,age_limit:2,random_seed:1,replication:2,num_threads:128,set_partition:false}",1
e201600.json.gz,e,20,1600,LagrangeTemplate,highs,LTFarkas,5,5,180640.2918,191210,,191210,,20,86,0.00782,0.01227,0.528129,7640,976982.0972,88.8372093,1,0,"{timeout:21600,max_col_multiplier:1,age_limit:8,random_seed:4,replication:5,num_threads:128,set_partition:false}",-1
e201600.json.gz,e,20,1600,LagrangeTemplate,highs,LTFarkas,5,1026,180643.0497,180906,0.144826581,180643.619,0.569305713,106,1696,128.839715,27.608244,157.393879,122612,951.66308,5.776479192,1,0,"{timeout:21600,max_col_multiplier:1,age_limit:8,random_seed:4,replication:5,num_threads:128,set_partition:false}",2
e201600.json.gz,e,20,1600,LagrangeTemplate,highs,LTFarkas,5,1026,180643.0497,180906,0.144826581,180643.619,0.569305713,106,1696,128.839715,27.608244,157.39388,122612,951.66308,5.776479192,1,0,"{timeout:21600,max_col_multiplier:1,age_limit:8,random_seed:4,replication:5,num_threads:128,set_partition:false}",1
c30900.json.gz,c,30,900,LagrangeTemplate,highs,LTFarkas,3,5,9974.681661,10190,,10190,,30,123,0.00396,0.005542,0.088239,1292,326262.6263,10.50406504,1,0,"{timeout:21600,max_col_multiplier:1,age_limit:3,random_seed:2,replication:3,num_threads:128,set_partition:false}",-1
c30900.json.gz,c,30,900,LagrangeTemplate,highs,LTFarkas,3,394,9981.027212,9996,0.140056022,9981.163129,0.135917075,161,999,3.951469,0.744758,4.842982,31406,7947.930251,2.607930416,1,0,"{timeout:21600,max_col_multiplier:1,age_limit:3,random_seed:2,replication:3,num_threads:128,set_partition:false}",2
c30900.json.gz,c,30,900,LagrangeTemplate,highs,LTFarkas,3,394,9981.027212,9996,0.140056022,9981.163129,0.135917075,161,999,3.951469,0.744758,4.842983,31406,7947.930251,2.607930416,1,0,"{timeout:21600,max_col_multiplier:1,age_limit:3,random_seed:2,replication:3,num_threads:128,set_partition:false}",1
e20200.json.gz,e,20,200,LagrangeTemplate,highs,LTFarkas,4,3,22355.93385,28619,,28619,,20,45,0.001126,0.001347,0.039099,1258,1117229.13,27.95555556,1,0,"{timeout:21600,max_col_multiplier:1,age_limit:2,random_seed:3,replication:4,num_threads:128,set_partition:false}",-1
e20200.json.gz,e,20,200,LagrangeTemplate,highs,LTFarkas,4,129,22376.36806,22957,2.526462517,22376.76389,0.395833333,89,243,0.16161,0.104035,0.31045,7138,44168.05891,2.658800213,1,0,"{timeout:21600,max_col_multiplier:1,age_limit:2,random_seed:3,replication:4,num_threads:128,set_partition:false}",2
e20200.json.gz,e,20,200,LagrangeTemplate,highs,LTFarkas,4,129,22376.36806,22957,2.526462517,22376.76389,0.395833333,89,243,0.16161,0.104035,0.31045,7138,44168.05891,2.658800213,1,0,"{timeout:21600,max_col_multiplier:1,age_limit:2,random_seed:3,replication:4,num_threads:128,set_partition:false}",1
d801600.json.gz,d,80,1600,LagrangeTemplate,highs,LTFarkas,2,3,97034,inf,,101362.6415,,108,160,0.005698,0.006323,1.254088,4747,833099.3331,29.66875,0,0,"{timeout:21600,max_col_multiplier:1,age_limit:2,random_seed:1,replication:2,num_threads:128,set_partition:false}",-1
d801600.json.gz,d,80,1600,LagrangeTemplate,highs,LTFarkas,2,383,97034,97967,0.952361509,97034,178.6000001,584,2114,27.192847,20.079076,48.75384,132267,4864.036487,4.248428548,1,0,"{timeout:21600,max_col_multiplier:1,age_limit:2,random_seed:1,replication:2,num_threads:128,set_partition:false}",2
d801600.json.gz,d,80,1600,LagrangeTemplate,highs,LTFarkas,2,383,97034,97967,0.952361509,97034,178.6000001,584,2114,27.192847,20.079076,48.753842,132267,4864.036487,4.248428548,1,0,"{timeout:21600,max_col_multiplier:1,age_limit:2,random_seed:1,replication:2,num_threads:128,set_partition:false}",1
c05100.json.gz,c,5,100,LagrangeTemplate,highs,LTFarkas,5,4,1923.975026,1987,,1987,,5,15,0.000712,0.001249,0.003903,153,214887.6404,10.2,1,0,"{timeout:21600,max_col_multiplier:1,age_limit:2,random_seed:4,replication:5,num_threads:128,set_partition:false}",-1
c05100.json.gz,c,5,100,LagrangeTemplate,highs,LTFarkas,5,229,1929.5,1931,0.051786639,1929.666667,0.166666667,12,111,0.09803,0.076041,0.182675,2061,21024.17627,1.728893741,1,0,"{timeout:21600,max_col_multiplier:1,age_limit:2,random_seed:4,replication:5,num_threads:128,set_partition:false}",2
c05100.json.gz,c,5,100,LagrangeTemplate,highs,LTFarkas,5,229,1929.5,1931,0.051786639,1929.666667,0.166666667,12,111,0.09803,0.076041,0.182676,2061,21024.17627,1.728893741,1,0,"{timeout:21600,max_col_multiplier:1,age_limit:2,random_seed:4,replication:5,num_threads:128,set_partition:false}",1
e30900.json.gz,e,30,900,LagrangeTemplate,highs,LTFarkas,4,3,100413.3227,109444,,109444,,30,71,0.002585,0.002554,0.426847,5650,2185686.654,79.57746479,1,0,"{timeout:21600,max_col_multiplier:1,age_limit:3,random_seed:3,replication:4,num_threads:128,set_partition:false}",-1
e30900.json.gz,e,30,900,LagrangeTemplate,highs,LTFarkas,4,518,100426.1706,101635,1.188566931,100426.7078,0.537206037,114,966,8.617071,3.698238,12.835074,64140,7443.364456,3.991064452,1,0,"{timeout:21600,max_col_multiplier:1,age_limit:3,random_seed:3,replication:4,num_threads:128,set_partition:false}",2
e30900.json.gz,e,30,900,LagrangeTemplate,highs,LTFarkas,4,518,100426.1706,101635,1.188566931,100426.7078,0.537206037,114,966,8.617071,3.698238,12.835075,64140,7443.364456,3.991064452,1,0,"{timeout:21600,max_col_multiplier:1,age_limit:3,random_seed:3,replication:4,num_threads:128,set_partition:false}",1
c60900.json.gz,c,60,900,LagrangeTemplate,highs,LTFarkas,2,4,9315.038004,9811,,9811,,60,184,0.003441,0.003629,0.179252,1489,432723.0456,8.092391304,1,0,"{timeout:21600,max_col_multiplier:1,age_limit:2,random_seed:1,replication:2,num_threads:128,set_partition:false}",-1
c60900.json.gz,c,60,900,LagrangeTemplate,highs,LTFarkas,2,200,9324.14697,9340,0.160599572,9324.653997,0.507027691,278,1095,1.942212,0.275535,2.440708,29946,15418.5022,2.467866823,1,0,"{timeout:21600,max_col_multiplier:1,age_limit:2,random_seed:1,replication:2,num_threads:128,set_partition:false}",2
c60900.json.gz,c,60,900,LagrangeTemplate,highs,LTFarkas,2,200,9324.14697,9340,0.160599572,9324.653997,0.507027691,278,1095,1.942212,0.275535,2.440709,29946,15418.5022,2.467866823,1,0,"{timeout:21600,max_col_multiplier:1,age_limit:2,random_seed:1,replication:2,num_threads:128,set_partition:false}",1
c801600.json.gz,c,80,1600,LagrangeTemplate,highs,LTFarkas,5,4,16283,16949,,16949,,80,251,0.007112,0.006843,0.583201,2619,368250.8436,10.43426295,1,0,"{timeout:21600,max_col_multiplier:1,age_limit:2,random_seed:4,replication:5,num_threads:128,set_partition:false}",-1
c801600.json.gz,c,80,1600,LagrangeTemplate,highs,LTFarkas,5,407,16283.07723,16296,0.073637703,16283.60999,0.532762551,358,1858,11.635204,0.94029,13.34583,89634,7703.689596,2.774326744,1,0,"{timeout:21600,max_col_multiplier:1,age_limit:2,random_seed:4,replication:5,num_threads:128,set_partition:false}",2
c801600.json.gz,c,80,1600,LagrangeTemplate,highs,LTFarkas,5,407,16283.07723,16296,0.073637703,16283.60999,0.532762551,358,1858,11.635204,0.94029,13.345831,89634,7703.689596,2.774326744,1,0,"{timeout:21600,max_col_multiplier:1,age_limit:2,random_seed:4,replication:5,num_threads:128,set_partition:false}",1
b10200.json.gz,b,10,200,LagrangeTemplate,highs,LTFarkas,4,5,2815.050673,2918,,2918,,10,40,0.001359,0.00179,0.009038,309,227373.0684,7.725,1,0,"{timeout:21600,max_col_multiplier:1,age_limit:2,random_seed:3,replication:4,num_threads:128,set_partition:false}",-1
b10200.json.gz,b,10,200,LagrangeTemplate,highs,LTFarkas,4,213,2825.174479,2829,0.106044539,2825.509375,0.334895833,47,231,0.192848,0.121717,0.330502,3885,20145.39949,1.744604665,1,0,"{timeout:21600,max_col_multiplier:1,age_limit:2,random_seed:3,replication:4,num_threads:128,set_partition:false}",2
b10200.json.gz,b,10,200,LagrangeTemplate,highs,LTFarkas,4,213,2825.174479,2829,0.106044539,2825.509375,0.334895833,47,231,0.192848,0.121717,0.330502,3885,20145.39949,1.744604665,1,0,"{timeout:21600,max_col_multiplier:1,age_limit:2,random_seed:3,replication:4,num_threads:128,set_partition:false}",1
d401600.json.gz,d,40,1600,LagrangeTemplate,highs,LTFarkas,5,3,97105,98510,,98510,,40,90,0.005209,0.010675,0.569794,4576,878479.5546,50.84444444,1,0,"{timeout:21600,max_col_multiplier:1,age_limit:4,random_seed:4,replication:5,num_threads:128,set_partition:false}",-1
d401600.json.gz,d,40,1600,LagrangeTemplate,highs,LTFarkas,5,483,97105,97604,0.511249539,97105,340.5703476,273,1966,50.416435,31.789822,83.011954,97591,1935.698151,4.917730176,1,0,"{timeout:21600,max_col_multiplier:1,age_limit:4,random_seed:4,replication:5,num_threads:128,set_partition:false}",2
d401600.json.gz,d,40,1600,LagrangeTemplate,highs,LTFarkas,5,483,97105,97604,0.511249539,97105,340.5703476,273,1966,50.416435,31.789822,83.011955,97591,1935.698151,4.917730176,1,0,"{timeout:21600,max_col_multiplier:1,age_limit:4,random_seed:4,replication:5,num_threads:128,set_partition:false}",1
d10400.json.gz,d,10,400,LagrangeTemplate,highs,LTFarkas,4,4,24955.99482,25232,,25232,,10,31,0.001427,0.006315,0.046306,867,607568.3252,27.96774194,1,0,"{timeout:21600,max_col_multiplier:1,age_limit:4,random_seed:3,replication:4,num_threads:128,set_partition:false}",-1
d10400.json.gz,d,10,400,LagrangeTemplate,highs,LTFarkas,4,535,24958.02976,25038,0.315520409,24958.61036,0.58059493,79,473,6.285072,8.292027,14.693693,16706,2658.044331,3.013273038,1,0,"{timeout:21600,max_col_multiplier:1,age_limit:4,random_seed:3,replication:4,num_threads:128,set_partition:false}",2
d10400.json.gz,d,10,400,LagrangeTemplate,highs,LTFarkas,4,535,24958.02976,25038,0.315520409,24958.61036,0.58059493,79,473,6.285072,8.292027,14.693694,16706,2658.044331,3.013273038,1,0,"{timeout:21600,max_col_multiplier:1,age_limit:4,random_seed:3,replication:4,num_threads:128,set_partition:false}",1
c60900.json.gz,c,60,900,LagrangeTemplate,highs,LTFarkas,4,4,9315.038004,9823,,9823,,60,187,0.003879,0.004448,0.178602,1545,398298.5305,8.262032086,1,0,"{timeout:21600,max_col_multiplier:1,age_limit:2,random_seed:3,replication:4,num_threads:128,set_partition:false}",-1
c60900.json.gz,c,60,900,LagrangeTemplate,highs,LTFarkas,4,219,9324.098027,9334,0.096421684,9324.66369,0.565663846,273,1079,1.964621,0.292111,2.488128,30457,15502.73564,2.303963758,1,0,"{timeout:21600,max_col_multiplier:1,age_limit:2,random_seed:3,replication:4,num_threads:128,set_partition:false}",2
c60900.json.gz,c,60,900,LagrangeTemplate,highs,LTFarkas,4,219,9324.098027,9334,0.096421684,9324.66369,0.565663846,273,1079,1.964621,0.292111,2.488129,30457,15502.73564,2.303963758,1,0,"{timeout:21600,max_col_multiplier:1,age_limit:2,random_seed:3,replication:4,num_threads:128,set_partition:false}",1
e401600.json.gz,e,40,1600,LagrangeTemplate,highs,LTFarkas,3,4,178282.6193,191324,,191324,,40,126,0.00604,0.00635,1.32894,10076,1668211.921,79.96825397,1,0,"{timeout:21600,max_col_multiplier:1,age_limit:4,random_seed:2,replication:3,num_threads:128,set_partition:false}",-1
e401600.json.gz,e,40,1600,LagrangeTemplate,highs,LTFarkas,3,759,178292.0877,179060,0.428348039,178292.2407,0.152999572,196,1675,58.620033,11.950226,72.190611,177639,3030.346298,5.774557739,1,0,"{timeout:21600,max_col_multiplier:1,age_limit:4,random_seed:2,replication:3,num_threads:128,set_partition:false}",2
e401600.json.gz,e,40,1600,LagrangeTemplate,highs,LTFarkas,3,759,178292.0877,179060,0.428348039,178292.2407,0.152999572,196,1675,58.620033,11.950226,72.190612,177639,3030.346298,5.774557739,1,0,"{timeout:21600,max_col_multiplier:1,age_limit:4,random_seed:2,replication:3,num_threads:128,set_partition:false}",1
d401600.json.gz,d,40,1600,LagrangeTemplate,highs,LTFarkas,1,3,97105,inf,,99777.33333,,48,80,0.004485,0.00982,0.567662,4531,1010256.41,56.6375,0,0,"{timeout:21600,max_col_multiplier:1,age_limit:4,random_seed:0,replication:1,num_threads:128,set_partition:false}",-1
d401600.json.gz,d,40,1600,LagrangeTemplate,highs,LTFarkas,1,450,97105,97824,0.734993458,97105,490.5000008,273,1966,45.15182,29.661768,75.600146,84766,1877.35511,4.581083333,1,0,"{timeout:21600,max_col_multiplier:1,age_limit:4,random_seed:0,replication:1,num_threads:128,set_partition:false}",2
d401600.json.gz,d,40,1600,LagrangeTemplate,highs,LTFarkas,1,450,97105,97824,0.734993458,97105,490.5000008,273,1966,45.15182,29.661768,75.600147,84766,1877.35511,4.581083333,1,0,"{timeout:21600,max_col_multiplier:1,age_limit:4,random_seed:0,replication:1,num_threads:128,set_partition:false}",1
d20400.json.gz,d,20,400,LagrangeTemplate,highs,LTFarkas,3,4,24552.43633,25347,,25347,,20,63,0.001594,0.003083,0.055904,1166,731493.0991,18.50793651,1,0,"{timeout:21600,max_col_multiplier:1,age_limit:2,random_seed:2,replication:3,num_threads:128,set_partition:false}",-1
d20400.json.gz,d,20,400,LagrangeTemplate,highs,LTFarkas,3,341,24560.06898,24924,1.45642754,24560.20431,0.135330446,147,447,2.94207,3.136873,6.187388,19449,6610.651684,2.754639301,1,0,"{timeout:21600,max_col_multiplier:1,age_limit:2,random_seed:2,replication:3,num_threads:128,set_partition:false}",2
d20400.json.gz,d,20,400,LagrangeTemplate,highs,LTFarkas,3,341,24560.06898,24924,1.45642754,24560.20431,0.135330446,147,447,2.94207,3.136873,6.187389,19449,6610.651684,2.754639301,1,0,"{timeout:21600,max_col_multiplier:1,age_limit:2,random_seed:2,replication:3,num_threads:128,set_partition:false}",1
b10100.json.gz,b,10,100,LagrangeTemplate,highs,LTFarkas,5,4,1400.671958,1446,,1446,,10,31,0.0012,0.001949,0.007304,156,130000,5.032258065,1,0,"{timeout:21600,max_col_multiplier:1,age_limit:2,random_seed:4,replication:5,num_threads:128,set_partition:false}",-1
b10100.json.gz,b,10,100,LagrangeTemplate,highs,LTFarkas,5,61,1406.285714,1407,4.85E-14,1407,0.714285714,10,118,0.0235,0.019686,0.049867,790,33617.02128,1.415510606,1,0,"{timeout:21600,max_col_multiplier:1,age_limit:2,random_seed:4,replication:5,num_threads:128,set_partition:false}",2
b10100.json.gz,b,10,100,LagrangeTemplate,highs,LTFarkas,5,61,1406.285714,1407,4.85E-14,1407,0.714285714,10,118,0.0235,0.019686,0.049868,790,33617.02128,1.415510606,1,0,"{timeout:21600,max_col_multiplier:1,age_limit:2,random_seed:4,replication:5,num_threads:128,set_partition:false}",1
c201600.json.gz,c,20,1600,LagrangeTemplate,highs,LTFarkas,1,6,18798.56503,18958,,18958,,20,102,0.009092,0.023249,0.13858,2027,222943.2468,19.87254902,1,0,"{timeout:21600,max_col_multiplier:1,age_limit:8,random_seed:0,replication:1,num_threads:128,set_partition:false}",-1
c201600.json.gz,c,20,1600,LagrangeTemplate,highs,LTFarkas,1,1087,18801.02333,18808,0.031901308,18801.16411,0.140772515,127,1787,86.514207,8.308528,95.328098,111900,1293.429182,5.108272826,1,0,"{timeout:21600,max_col_multiplier:1,age_limit:8,random_seed:0,replication:1,num_threads:128,set_partition:false}",2
c201600.json.gz,c,20,1600,LagrangeTemplate,highs,LTFarkas,1,1087,18801.02333,18808,0.031901308,18801.16411,0.140772515,127,1787,86.514207,8.308528,95.328099,111900,1293.429182,5.108272826,1,0,"{timeout:21600,max_col_multiplier:1,age_limit:8,random_seed:0,replication:1,num_threads:128,set_partition:false}",1
b05200.json.gz,b,5,200,LagrangeTemplate,highs,LTFarkas,3,7,3547.411575,3613,,3613,,5,30,0.002543,0.00323,0.009415,278,109319.7011,9.266666667,1,0,"{timeout:21600,max_col_multiplier:1,age_limit:4,random_seed:2,replication:3,num_threads:128,set_partition:false}",-1
b05200.json.gz,b,5,200,LagrangeTemplate,highs,LTFarkas,3,379,3549.004428,3553,0.084435688,3549.336554,0.332125604,31,222,0.860261,0.543625,1.425507,5183,6024.915694,2.631882146,1,0,"{timeout:21600,max_col_multiplier:1,age_limit:4,random_seed:2,replication:3,num_threads:128,set_partition:false}",2
b05200.json.gz,b,5,200,LagrangeTemplate,highs,LTFarkas,3,379,3549.004428,3553,0.084435688,3549.336554,0.332125604,31,222,0.860261,0.543625,1.425508,5183,6024.915694,2.631882146,1,0,"{timeout:21600,max_col_multiplier:1,age_limit:4,random_seed:2,replication:3,num_threads:128,set_partition:false}",1
b10100.json.gz,b,10,100,LagrangeTemplate,highs,LTFarkas,2,4,1400.671958,1464,,1464,,10,30,0.001002,0.001903,0.006777,153,152694.6108,5.1,1,0,"{timeout:21600,max_col_multiplier:1,age_limit:2,random_seed:1,replication:2,num_threads:128,set_partition:false}",-1
b10100.json.gz,b,10,100,LagrangeTemplate,highs,LTFarkas,2,60,1406.582353,1407,0,1407,0.417647059,10,125,0.023847,0.019252,0.04977,756,31702.10089,1.279087302,1,0,"{timeout:21600,max_col_multiplier:1,age_limit:2,random_seed:1,replication:2,num_threads:128,set_partition:false}",2
b10100.json.gz,b,10,100,LagrangeTemplate,highs,LTFarkas,2,60,1406.582353,1407,0,1407,0.417647059,10,125,0.023847,0.019252,0.049771,756,31702.10089,1.279087302,1,0,"{timeout:21600,max_col_multiplier:1,age_limit:2,random_seed:1,replication:2,num_threads:128,set_partition:false}",1
d20200.json.gz,d,20,200,LagrangeTemplate,highs,LTFarkas,1,3,12217.69342,inf,,13267.71429,,28,40,0.001001,0.001495,0.020908,634,633366.6334,15.85,0,0,"{timeout:21600,max_col_multiplier:1,age_limit:2,random_seed:0,replication:1,num_threads:128,set_partition:false}",-1
d20200.json.gz,d,20,200,LagrangeTemplate,highs,LTFarkas,1,149,12229.23139,12581,2.78992131,12229.66495,0.433552012,135,276,0.470542,0.361515,0.866192,8229,17488.34323,2.718847238,1,0,"{timeout:21600,max_col_multiplier:1,age_limit:2,random_seed:0,replication:1,num_threads:128,set_partition:false}",2
d20200.json.gz,d,20,200,LagrangeTemplate,highs,LTFarkas,1,149,12229.23139,12581,2.78992131,12229.66495,0.433552012,135,276,0.470542,0.361515,0.866193,8229,17488.34323,2.718847238,1,0,"{timeout:21600,max_col_multiplier:1,age_limit:2,random_seed:0,replication:1,num_threads:128,set_partition:false}",1
d201600.json.gz,d,20,1600,LagrangeTemplate,highs,LTFarkas,3,4,97821.35001,98509,,98509,,20,63,0.00586,0.028334,0.292444,4057,692320.8191,64.3968254,1,0,"{timeout:21600,max_col_multiplier:1,age_limit:8,random_seed:2,replication:3,num_threads:128,set_partition:false}",-1
d201600.json.gz,d,20,1600,LagrangeTemplate,highs,LTFarkas,3,1048,97822.02827,98200,0.383910387,97822.7863,0.758032407,165,1903,238.995746,106.513267,346.235768,123234,515.6326088,5.748475554,1,0,"{timeout:21600,max_col_multiplier:1,age_limit:8,random_seed:2,replication:3,num_threads:128,set_partition:false}",2
d201600.json.gz,d,20,1600,LagrangeTemplate,highs,LTFarkas,3,1048,97822.02827,98200,0.383910387,97822.7863,0.758032407,165,1903,238.995746,106.513267,346.235769,123234,515.6326088,5.748475554,1,0,"{timeout:21600,max_col_multiplier:1,age_limit:8,random_seed:2,replication:3,num_threads:128,set_partition:false}",1
e20100.json.gz,e,20,100,LagrangeTemplate,highs,LTFarkas,5,3,8359.58204,11008,,11008,,20,41,0.000576,0.001344,0.015453,586,1017361.111,14.29268293,1,0,"{timeout:21600,max_col_multiplier:1,age_limit:2,random_seed:4,replication:5,num_threads:128,set_partition:false}",-1
e20100.json.gz,e,20,100,LagrangeTemplate,highs,LTFarkas,5,63,8431.496715,8856,4.787714544,8431.510074,0.013359615,93,142,0.048199,0.023537,0.089523,2958,61370.56785,2.34231603,1,0,"{timeout:21600,max_col_multiplier:1,age_limit:2,random_seed:4,replication:5,num_threads:128,set_partition:false}",2
e20100.json.gz,e,20,100,LagrangeTemplate,highs,LTFarkas,5,63,8431.496715,8856,4.787714544,8431.510074,0.013359615,93,142,0.048199,0.023537,0.089524,2958,61370.56785,2.34231603,1,0,"{timeout:21600,max_col_multiplier:1,age_limit:2,random_seed:4,replication:5,num_threads:128,set_partition:false}",1
e10400.json.gz,e,10,400,LagrangeTemplate,highs,LTFarkas,1,3,45739.20722,48145,,48145,,10,21,0.001016,0.00136,0.037695,1409,1386811.024,67.0952381,1,0,"{timeout:21600,max_col_multiplier:1,age_limit:4,random_seed:0,replication:1,num_threads:128,set_partition:false}",-1
e10400.json.gz,e,10,400,LagrangeTemplate,highs,LTFarkas,1,557,45744.0061,45780,0.076452599,45744.21341,0.207317073,54,421,4.16221,1.782138,6.027549,22593,5428.125923,3.960874583,1,0,"{timeout:21600,max_col_multiplier:1,age_limit:4,random_seed:0,replication:1,num_threads:128,set_partition:false}",2
e10400.json.gz,e,10,400,LagrangeTemplate,highs,LTFarkas,1,557,45744.0061,45780,0.076452599,45744.21341,0.207317073,54,421,4.16221,1.782138,6.02755,22593,5428.125923,3.960874583,1,0,"{timeout:21600,max_col_multiplier:1,age_limit:4,random_seed:0,replication:1,num_threads:128,set_partition:false}",1
d10100.json.gz,d,10,100,LagrangeTemplate,highs,LTFarkas,4,4,6323.456043,6680,,6680,,10,31,0.001679,0.002396,0.014084,280,166765.9321,9.032258065,1,0,"{timeout:21600,max_col_multiplier:1,age_limit:2,random_seed:3,replication:4,num_threads:128,set_partition:false}",-1
d10100.json.gz,d,10,100,LagrangeTemplate,highs,LTFarkas,4,136,6341.151694,6413,1.10712615,6341.463033,0.311339377,66,127,0.092255,0.147487,0.256005,3180,34469.67644,2.348737425,1,0,"{timeout:21600,max_col_multiplier:1,age_limit:2,random_seed:3,replication:4,num_threads:128,set_partition:false}",2
d10100.json.gz,d,10,100,LagrangeTemplate,highs,LTFarkas,4,136,6341.151694,6413,1.10712615,6341.463033,0.311339377,66,127,0.092255,0.147487,0.256006,3180,34469.67644,2.348737425,1,0,"{timeout:21600,max_col_multiplier:1,age_limit:2,random_seed:3,replication:4,num_threads:128,set_partition:false}",1
c05100.json.gz,c,5,100,LagrangeTemplate,highs,LTFarkas,4,3,1923.975026,1983,,1983,,5,10,0.000462,0.001024,0.003345,145,313852.8139,14.5,1,0,"{timeout:21600,max_col_multiplier:1,age_limit:2,random_seed:3,replication:4,num_threads:128,set_partition:false}",-1
c05100.json.gz,c,5,100,LagrangeTemplate,highs,LTFarkas,4,190,1929.166667,1933,0.155199172,1929.666667,0.5,11,112,0.089597,0.064632,0.161664,1803,20123.44163,1.846754386,1,0,"{timeout:21600,max_col_multiplier:1,age_limit:2,random_seed:3,replication:4,num_threads:128,set_partition:false}",2
c05100.json.gz,c,5,100,LagrangeTemplate,highs,LTFarkas,4,190,1929.166667,1933,0.155199172,1929.666667,0.5,11,112,0.089597,0.064632,0.161665,1803,20123.44163,1.846754386,1,0,"{timeout:21600,max_col_multiplier:1,age_limit:2,random_seed:3,replication:4,num_threads:128,set_partition:false}",1
d15900.json.gz,d,15,900,LagrangeTemplate,highs,LTFarkas,5,4,55400.46714,55989,,55989,,15,49,0.003016,0.017796,0.124483,2056,681697.6127,41.95918367,1,0,"{timeout:21600,max_col_multiplier:1,age_limit:6,random_seed:4,replication:5,num_threads:128,set_partition:false}",-1
d15900.json.gz,d,15,900,LagrangeTemplate,highs,LTFarkas,5,736,55402.05341,55623,0.395519839,55402.41075,0.357335701,122,1028,31.221826,33.661112,65.174121,47159,1510.449773,4.140614833,1,0,"{timeout:21600,max_col_multiplier:1,age_limit:6,random_seed:4,replication:5,num_threads:128,set_partition:false}",2
d15900.json.gz,d,15,900,LagrangeTemplate,highs,LTFarkas,5,736,55402.05341,55623,0.395519839,55402.41075,0.357335701,122,1028,31.221826,33.661112,65.174122,47159,1510.449773,4.140614833,1,0,"{timeout:21600,max_col_multiplier:1,age_limit:6,random_seed:4,replication:5,num_threads:128,set_partition:false}",1
b10200.json.gz,b,10,200,LagrangeTemplate,highs,LTFarkas,3,5,2815.050673,inf,,2910.5,,16,40,0.001526,0.001763,0.008867,298,195281.7824,7.45,0,0,"{timeout:21600,max_col_multiplier:1,age_limit:2,random_seed:2,replication:3,num_threads:128,set_partition:false}",-1
b10200.json.gz,b,10,200,LagrangeTemplate,highs,LTFarkas,3,200,2825.289063,2834,0.282286521,2825.509375,0.2203125,47,241,0.172447,0.11811,0.3052,3672,21293.49887,1.748089286,1,0,"{timeout:21600,max_col_multiplier:1,age_limit:2,random_seed:2,replication:3,num_threads:128,set_partition:false}",2
b10200.json.gz,b,10,200,LagrangeTemplate,highs,LTFarkas,3,200,2825.289063,2834,0.282286521,2825.509375,0.2203125,47,241,0.172447,0.11811,0.305201,3672,21293.49887,1.748089286,1,0,"{timeout:21600,max_col_multiplier:1,age_limit:2,random_seed:2,replication:3,num_threads:128,set_partition:false}",1
d201600.json.gz,d,20,1600,LagrangeTemplate,highs,LTFarkas,4,4,97821.35001,98667,,98667,,20,64,0.005238,0.028467,0.290154,4023,768041.2371,62.859375,1,0,"{timeout:21600,max_col_multiplier:1,age_limit:8,random_seed:103,replication:4,num_threads:128,set_partition:false}",-1
d201600.json.gz,d,20,1600,LagrangeTemplate,highs,LTFarkas,4,1091,97822.01517,98117,0.299642261,97822.76812,0.752943806,164,1867,243.056474,110.723108,354.549686,145840,600.0251612,6.556144924,1,0,"{timeout:21600,max_col_multiplier:1,age_limit:8,random_seed:103,replication:4,num_threads:128,set_partition:false}",2
d201600.json.gz,d,20,1600,LagrangeTemplate,highs,LTFarkas,4,1091,97822.01517,98117,0.299642261,97822.76812,0.752943806,164,1867,243.056474,110.723108,354.549687,145840,600.0251612,6.556144924,1,0,"{timeout:21600,max_col_multiplier:1,age_limit:8,random_seed:103,replication:4,num_threads:128,set_partition:false}",1
e60900.json.gz,e,60,900,LagrangeTemplate,highs,LTFarkas,3,3,100103.2598,inf,,140806.5,,70,120,0.003485,0.002455,1.033421,7912,2270301.291,65.93333333,0,0,"{timeout:21600,max_col_multiplier:1,age_limit:2,random_seed:2,replication:3,num_threads:128,set_partition:false}",-1
e60900.json.gz,e,60,900,LagrangeTemplate,highs,LTFarkas,3,314,100146.1399,100663,0.512601452,100146.6576,0.517700544,293,1019,6.736041,1.441048,9.281289,89640,13307.51995,4.669383641,1,0,"{timeout:21600,max_col_multiplier:1,age_limit:2,random_seed:2,replication:3,num_threads:128,set_partition:false}",2
e60900.json.gz,e,60,900,LagrangeTemplate,highs,LTFarkas,3,314,100146.1399,100663,0.512601452,100146.6576,0.517700544,293,1019,6.736041,1.441048,9.28129,89640,13307.51995,4.669383641,1,0,"{timeout:21600,max_col_multiplier:1,age_limit:2,random_seed:2,replication:3,num_threads:128,set_partition:false}",1
b20100.json.gz,b,20,100,LagrangeTemplate,highs,LTFarkas,5,4,1155.181433,inf,,1261,,23,60,0.000839,0.001322,0.006421,186,221692.4911,3.1,0,0,"{timeout:21600,max_col_multiplier:1,age_limit:2,random_seed:4,replication:5,num_threads:128,set_partition:false}",-1
b20100.json.gz,b,20,100,LagrangeTemplate,highs,LTFarkas,5,31,1165.333333,1166,0,1166,0.666666667,20,132,0.012504,0.008656,0.027477,697,55742.16251,1.063830948,1,0,"{timeout:21600,max_col_multiplier:1,age_limit:2,random_seed:4,replication:5,num_threads:128,set_partition:false}",2
b20100.json.gz,b,20,100,LagrangeTemplate,highs,LTFarkas,5,31,1165.333333,1166,0,1166,0.666666667,20,132,0.012504,0.008656,0.027478,697,55742.16251,1.063830948,1,0,"{timeout:21600,max_col_multiplier:1,age_limit:2,random_seed:4,replication:5,num_threads:128,set_partition:false}",1
d20100.json.gz,d,20,100,LagrangeTemplate,highs,LTFarkas,2,3,6142.530217,6928,,6928,,20,42,0.000712,0.001254,0.011066,399,560393.2584,9.5,1,0,"{timeout:21600,max_col_multiplier:1,age_limit:2,random_seed:1,replication:2,num_threads:128,set_partition:false}",-1
d20100.json.gz,d,20,100,LagrangeTemplate,highs,LTFarkas,2,72,6176.082395,6417,3.740065451,6176.142063,0.059667659,111,137,0.060241,0.052027,0.125593,3357,55726.16656,2.404247386,1,0,"{timeout:21600,max_col_multiplier:1,age_limit:2,random_seed:1,replication:2,num_threads:128,set_partition:false}",2
d20100.json.gz,d,20,100,LagrangeTemplate,highs,LTFarkas,2,72,6176.082395,6417,3.740065451,6176.142063,0.059667659,111,137,0.060241,0.052027,0.125594,3357,55726.16656,2.404247386,1,0,"{timeout:21600,max_col_multiplier:1,age_limit:2,random_seed:1,replication:2,num_threads:128,set_partition:false}",1
c10400.json.gz,c,10,400,LagrangeTemplate,highs,LTFarkas,1,6,5591.103879,inf,,5709.5,,15,50,0.002809,0.004648,0.01933,563,200427.1983,11.26,0,0,"{timeout:21600,max_col_multiplier:1,age_limit:4,random_seed:0,replication:1,num_threads:128,set_partition:false}",-1
c10400.json.gz,c,10,400,LagrangeTemplate,highs,LTFarkas,1,360,5595.022783,5621,0.444760719,5595.331085,0.308302434,55,432,1.120017,0.65861,1.815067,8214,7333.817255,2.187999559,1,0,"{timeout:21600,max_col_multiplier:1,age_limit:4,random_seed:0,replication:1,num_threads:128,set_partition:false}",2
c10400.json.gz,c,10,400,LagrangeTemplate,highs,LTFarkas,1,360,5595.022783,5621,0.444760719,5595.331085,0.308302434,55,432,1.120017,0.65861,1.815068,8214,7333.817255,2.187999559,1,0,"{timeout:21600,max_col_multiplier:1,age_limit:4,random_seed:0,replication:1,num_threads:128,set_partition:false}",1
c05200.json.gz,c,5,200,LagrangeTemplate,highs,LTFarkas,2,9,3450.765286,inf,,3544.5,,9,40,0.00267,0.005971,0.012051,292,109363.2959,7.3,0,0,"{timeout:21600,max_col_multiplier:1,age_limit:4,random_seed:1,replication:2,num_threads:128,set_partition:false}",-1
c05200.json.gz,c,5,200,LagrangeTemplate,highs,LTFarkas,2,269,3454.022472,3476,0.604142693,3454.494382,0.471910112,26,210,0.416232,0.352213,0.783192,2177,5230.256203,1.495043371,1,0,"{timeout:21600,max_col_multiplier:1,age_limit:4,random_seed:1,replication:2,num_threads:128,set_partition:false}",2
c05200.json.gz,c,5,200,LagrangeTemplate,highs,LTFarkas,2,269,3454.022472,3476,0.604142693,3454.494382,0.471910112,26,210,0.416232,0.352213,0.783193,2177,5230.256203,1.495043371,1,0,"{timeout:21600,max_col_multiplier:1,age_limit:4,random_seed:1,replication:2,num_threads:128,set_partition:false}",1
a20100.json.gz,a,20,100,LagrangeTemplate,highs,LTFarkas,4,2,1157.08,1158,,1158,,20,20,0.000254,0.000531,0.004134,125,492125.9843,6.25,1,0,"{timeout:21600,max_col_multiplier:1,age_limit:2,random_seed:3,replication:4,num_threads:128,set_partition:false}",-1
a20100.json.gz,a,20,100,LagrangeTemplate,highs,LTFarkas,4,2,1157.08,1158,0,1158,8004,20,40,0.000292,0.000919,0.004636,125,428082.1918,3.125,1,0,"{timeout:21600,max_col_multiplier:1,age_limit:2,random_seed:3,replication:4,num_threads:128,set_partition:false}",2
a20100.json.gz,a,20,100,LagrangeTemplate,highs,LTFarkas,4,2,1157.08,1158,0,1158,8004,20,40,0.000292,0.000919,0.004637,125,428082.1918,3.125,1,0,"{timeout:21600,max_col_multiplier:1,age_limit:2,random_seed:3,replication:4,num_threads:128,set_partition:false}",1
d40400.json.gz,d,40,400,LagrangeTemplate,highs,LTFarkas,2,3,24347.60829,25647,,25647,,40,86,0.001852,0.001663,0.101758,1524,822894.1685,17.72093023,1,0,"{timeout:21600,max_col_multiplier:1,age_limit:2,random_seed:1,replication:2,num_threads:128,set_partition:false}",-1
d40400.json.gz,d,40,400,LagrangeTemplate,highs,LTFarkas,2,181,24349.25,25043,2.767240347,24349.5,0.25,239,462,1.552645,0.920175,2.60067,27930,17988.65806,3.774848482,1,0,"{timeout:21600,max_col_multiplier:1,age_limit:2,random_seed:1,replication:2,num_threads:128,set_partition:false}",2
d40400.json.gz,d,40,400,LagrangeTemplate,highs,LTFarkas,2,181,24349.25,25043,2.767240347,24349.5,0.25,239,462,1.552645,0.920175,2.600671,27930,17988.65806,3.774848482,1,0,"{timeout:21600,max_col_multiplier:1,age_limit:2,random_seed:1,replication:2,num_threads:128,set_partition:false}",1
d40400.json.gz,d,40,400,LagrangeTemplate,highs,LTFarkas,4,3,24347.60829,25614,,25614,,40,87,0.001877,0.00163,0.102603,1513,806073.5216,17.3908046,1,0,"{timeout:21600,max_col_multiplier:1,age_limit:2,random_seed:3,replication:4,num_threads:128,set_partition:false}",-1
d40400.json.gz,d,40,400,LagrangeTemplate,highs,LTFarkas,4,183,24349.5,25020,2.677857714,24349.5,0,238,541,1.666409,0.924652,2.719174,29016,17412.29194,3.886010488,1,0,"{timeout:21600,max_col_multiplier:1,age_limit:2,random_seed:3,replication:4,num_threads:128,set_partition:false}",2
d40400.json.gz,d,40,400,LagrangeTemplate,highs,LTFarkas,4,183,24349.5,25020,2.677857714,24349.5,0,238,541,1.666409,0.924652,2.719175,29016,17412.29194,3.886010488,1,0,"{timeout:21600,max_col_multiplier:1,age_limit:2,random_seed:3,replication:4,num_threads:128,set_partition:false}",1
b20200.json.gz,b,20,200,LagrangeTemplate,highs,LTFarkas,4,3,2331.137984,2376,,2376,,20,41,0.000801,0.000951,0.010327,284,354556.804,6.926829268,1,0,"{timeout:21600,max_col_multiplier:1,age_limit:2,random_seed:3,replication:4,num_threads:128,set_partition:false}",-1
b20200.json.gz,b,20,200,LagrangeTemplate,highs,LTFarkas,4,82,2338.376923,2342,0.128095645,2338.523077,0.146153846,59,241,0.055873,0.028127,0.097815,2099,37567.34022,1.335167391,1,0,"{timeout:21600,max_col_multiplier:1,age_limit:2,random_seed:3,replication:4,num_threads:128,set_partition:false}",2
b20200.json.gz,b,20,200,LagrangeTemplate,highs,LTFarkas,4,82,2338.376923,2342,0.128095645,2338.523077,0.146153846,59,241,0.055873,0.028127,0.097816,2099,37567.34022,1.335167391,1,0,"{timeout:21600,max_col_multiplier:1,age_limit:2,random_seed:3,replication:4,num_threads:128,set_partition:false}",1
c05100.json.gz,c,5,100,LagrangeTemplate,highs,LTFarkas,2,4,1923.975026,2007,,2007,,5,15,0.00093,0.001405,0.004308,151,162365.5914,10.06666667,1,0,"{timeout:21600,max_col_multiplier:1,age_limit:2,random_seed:1,replication:2,num_threads:128,set_partition:false}",-1
c05100.json.gz,c,5,100,LagrangeTemplate,highs,LTFarkas,2,163,1929.333333,1931,0.051786639,1929.666667,0.333333333,11,111,0.07158,0.057823,0.13633,1417,19796.03241,1.646319018,1,0,"{timeout:21600,max_col_multiplier:1,age_limit:2,random_seed:1,replication:2,num_threads:128,set_partition:false}",2
c05100.json.gz,c,5,100,LagrangeTemplate,highs,LTFarkas,2,163,1929.333333,1931,0.051786639,1929.666667,0.333333333,11,111,0.07158,0.057823,0.13633,1417,19796.03241,1.646319018,1,0,"{timeout:21600,max_col_multiplier:1,age_limit:2,random_seed:1,replication:2,num_threads:128,set_partition:false}",1
b05100.json.gz,b,5,100,LagrangeTemplate,highs,LTFarkas,2,5,1831.32945,1895,,1895,,5,20,0.000882,0.001926,0.00473,157,178004.5351,7.85,1,0,"{timeout:21600,max_col_multiplier:1,age_limit:2,random_seed:1,replication:2,num_threads:128,set_partition:false}",-1
b05100.json.gz,b,5,100,LagrangeTemplate,highs,LTFarkas,2,201,1838.1,1867,1.499732191,1838.844444,0.744444444,21,110,0.091857,0.076436,0.175849,1844,20074.6813,1.743946932,1,0,"{timeout:21600,max_col_multiplier:1,age_limit:2,random_seed:1,replication:2,num_threads:128,set_partition:false}",2
b05100.json.gz,b,5,100,LagrangeTemplate,highs,LTFarkas,2,201,1838.1,1867,1.499732191,1838.844444,0.744444444,21,110,0.091857,0.076436,0.175849,1844,20074.6813,1.743946932,1,0,"{timeout:21600,max_col_multiplier:1,age_limit:2,random_seed:1,replication:2,num_threads:128,set_partition:false}",1
b05200.json.gz,b,5,200,LagrangeTemplate,highs,LTFarkas,5,5,3547.411575,3590,,3590,,5,20,0.001381,0.002452,0.007568,267,193338.1608,13.35,1,0,"{timeout:21600,max_col_multiplier:1,age_limit:4,random_seed:4,replication:5,num_threads:128,set_partition:false}",-1
b05200.json.gz,b,5,200,LagrangeTemplate,highs,LTFarkas,5,460,3549.002179,3556,0.168728909,3549.337691,0.335511983,30,226,0.870947,0.602824,1.497665,6926,7952.263456,2.926195652,1,0,"{timeout:21600,max_col_multiplier:1,age_limit:4,random_seed:4,replication:5,num_threads:128,set_partition:false}",2
b05200.json.gz,b,5,200,LagrangeTemplate,highs,LTFarkas,5,460,3549.002179,3556,0.168728909,3549.337691,0.335511983,30,226,0.870947,0.602824,1.497666,6926,7952.263456,2.926195652,1,0,"{timeout:21600,max_col_multiplier:1,age_limit:4,random_seed:4,replication:5,num_threads:128,set_partition:false}",1
e401600.json.gz,e,40,1600,LagrangeTemplate,highs,LTFarkas,4,4,178282.6193,191672,,191672,,40,127,0.006737,0.006702,1.328979,10107,1500222.651,79.58267717,1,0,"{timeout:21600,max_col_multiplier:1,age_limit:4,random_seed:3,replication:4,num_threads:128,set_partition:false}",-1
e401600.json.gz,e,40,1600,LagrangeTemplate,highs,LTFarkas,4,762,178292.0662,178811,0.28969135,178292.2407,0.174487927,193,1679,62.551944,12.678499,76.85237,178472,2853.18071,5.768520017,1,0,"{timeout:21600,max_col_multiplier:1,age_limit:4,random_seed:3,replication:4,num_threads:128,set_partition:false}",2
e401600.json.gz,e,40,1600,LagrangeTemplate,highs,LTFarkas,4,762,178292.0662,178811,0.28969135,178292.2407,0.174487927,193,1679,62.551944,12.678499,76.852371,178472,2853.18071,5.768520017,1,0,"{timeout:21600,max_col_multiplier:1,age_limit:4,random_seed:3,replication:4,num_threads:128,set_partition:false}",1
d60900.json.gz,d,60,900,LagrangeTemplate,highs,LTFarkas,4,3,54551,inf,,60012,,73,120,0.003989,0.004422,0.445463,3116,781148.1574,25.96666667,0,0,"{timeout:21600,max_col_multiplier:1,age_limit:2,random_seed:3,replication:4,num_threads:128,set_partition:false}",-1
d60900.json.gz,d,60,900,LagrangeTemplate,highs,LTFarkas,4,272,54551,55385,1.505822876,54551,98.00000943,406,1259,7.597568,4.911978,13.047003,68049,8956.681928,4.066176471,1,0,"{timeout:21600,max_col_multiplier:1,age_limit:2,random_seed:3,replication:4,num_threads:128,set_partition:false}",2
d60900.json.gz,d,60,900,LagrangeTemplate,highs,LTFarkas,4,272,54551,55385,1.505822876,54551,98.00000943,406,1259,7.597568,4.911978,13.047004,68049,8956.681928,4.066176471,1,0,"{timeout:21600,max_col_multiplier:1,age_limit:2,random_seed:3,replication:4,num_threads:128,set_partition:false}",1
c401600.json.gz,c,40,1600,LagrangeTemplate,highs,LTFarkas,5,4,17139.32464,17445,,17445,,40,125,0.005745,0.00814,0.209158,2207,384160.1393,17.656,1,0,"{timeout:21600,max_col_multiplier:1,age_limit:4,random_seed:4,replication:5,num_threads:128,set_partition:false}",-1
c401600.json.gz,c,40,1600,LagrangeTemplate,highs,LTFarkas,5,668,17143.00145,17154,0.058295441,17143.46765,0.466201439,220,1779,33.655441,2.177656,36.273923,110845,3293.523921,4.135724521,1,0,"{timeout:21600,max_col_multiplier:1,age_limit:4,random_seed:4,replication:5,num_threads:128,set_partition:false}",2
c401600.json.gz,c,40,1600,LagrangeTemplate,highs,LTFarkas,5,668,17143.00145,17154,0.058295441,17143.46765,0.466201439,220,1779,33.655441,2.177656,36.273924,110845,3293.523921,4.135724521,1,0,"{timeout:21600,max_col_multiplier:1,age_limit:4,random_seed:4,replication:5,num_threads:128,set_partition:false}",1
e10400.json.gz,e,10,400,LagrangeTemplate,highs,LTFarkas,4,3,45739.20722,47983,,47983,,10,21,0.001997,0.001326,0.038222,1405,703555.333,66.9047619,1,0,"{timeout:21600,max_col_multiplier:1,age_limit:4,random_seed:3,replication:4,num_threads:128,set_partition:false}",-1
e10400.json.gz,e,10,400,LagrangeTemplate,highs,LTFarkas,4,479,45744.0122,46157,0.892605672,45744.21341,0.201219512,54,420,2.824456,1.577144,4.484759,14196,5026.100601,2.844323491,1,0,"{timeout:21600,max_col_multiplier:1,age_limit:4,random_seed:3,replication:4,num_threads:128,set_partition:false}",2
e10400.json.gz,e,10,400,LagrangeTemplate,highs,LTFarkas,4,479,45744.0122,46157,0.892605672,45744.21341,0.201219512,54,420,2.824456,1.577144,4.48476,14196,5026.100601,2.844323491,1,0,"{timeout:21600,max_col_multiplier:1,age_limit:4,random_seed:3,replication:4,num_threads:128,set_partition:false}",1
a10200.json.gz,a,10,200,LagrangeTemplate,highs,LTFarkas,2,2,2623,2623,,2623,,10,10,0.000467,0.000571,0.005563,221,473233.4047,22.1,1,0,"{timeout:21600,max_col_multiplier:1,age_limit:2,random_seed:1,replication:2,num_threads:128,set_partition:false}",-1
a10200.json.gz,a,10,200,LagrangeTemplate,highs,LTFarkas,2,2,2623,2623,0,2623,23129,10,20,0.000507,0.001131,0.006221,221,435897.4359,11.05,1,0,"{timeout:21600,max_col_multiplier:1,age_limit:2,random_seed:1,replication:2,num_threads:128,set_partition:false}",2
a10200.json.gz,a,10,200,LagrangeTemplate,highs,LTFarkas,2,2,2623,2623,0,2623,23129,10,20,0.000507,0.001131,0.006222,221,435897.4359,11.05,1,0,"{timeout:21600,max_col_multiplier:1,age_limit:2,random_seed:1,replication:2,num_threads:128,set_partition:false}",1
d201600.json.gz,d,20,1600,LagrangeTemplate,highs,LTFarkas,1,4,97821.35001,98512,,98512,,20,64,0.005713,0.031619,0.294395,4067,711885.1742,63.546875,1,0,"{timeout:21600,max_col_multiplier:1,age_limit:8,random_seed:0,replication:1,num_threads:128,set_partition:false}",-1
d201600.json.gz,d,20,1600,LagrangeTemplate,highs,LTFarkas,1,1132,97822.02847,98056,0.237619302,97822.77794,0.749473412,162,1912,290.275788,111.806273,402.867003,152111,524.022348,6.595045594,1,0,"{timeout:21600,max_col_multiplier:1,age_limit:8,random_seed:0,replication:1,num_threads:128,set_partition:false}",2
d201600.json.gz,d,20,1600,LagrangeTemplate,highs,LTFarkas,1,1132,97822.02847,98056,0.237619302,97822.77794,0.749473412,162,1912,290.275788,111.806273,402.867004,152111,524.022348,6.595045594,1,0,"{timeout:21600,max_col_multiplier:1,age_limit:8,random_seed:0,replication:1,num_threads:128,set_partition:false}",1
d20400.json.gz,d,20,400,LagrangeTemplate,highs,LTFarkas,1,3,24552.43633,25283,,25283,,20,44,0.001181,0.002191,0.056051,1167,988145.6393,26.52272727,1,0,"{timeout:21600,max_col_multiplier:1,age_limit:2,random_seed:0,replication:1,num_threads:128,set_partition:false}",-1
d20400.json.gz,d,20,400,LagrangeTemplate,highs,LTFarkas,1,376,24560.0879,24955,1.578841915,24560.2044,0.116501858,147,466,3.174636,3.647578,6.941708,21894,6896.53869,2.865162818,1,0,"{timeout:21600,max_col_multiplier:1,age_limit:2,random_seed:0,replication:1,num_threads:128,set_partition:false}",2
d20400.json.gz,d,20,400,LagrangeTemplate,highs,LTFarkas,1,376,24560.0879,24955,1.578841915,24560.2044,0.116501858,147,466,3.174636,3.647578,6.941709,21894,6896.53869,2.865162818,1,0,"{timeout:21600,max_col_multiplier:1,age_limit:2,random_seed:0,replication:1,num_threads:128,set_partition:false}",1
e20200.json.gz,e,20,200,LagrangeTemplate,highs,LTFarkas,1,3,22355.93385,inf,,32729.5,,25,40,0.001255,0.001502,0.038762,1259,1003187.251,31.475,0,0,"{timeout:21600,max_col_multiplier:1,age_limit:2,random_seed:0,replication:1,num_threads:128,set_partition:false}",-1
e20200.json.gz,e,20,200,LagrangeTemplate,highs,LTFarkas,1,137,22376.4344,22964,2.556174882,22376.77394,0.339539007,91,245,0.180693,0.102238,0.328045,7650,42337.00254,2.736576039,1,0,"{timeout:21600,max_col_multiplier:1,age_limit:2,random_seed:0,replication:1,num_threads:128,set_partition:false}",2
e20200.json.gz,e,20,200,LagrangeTemplate,highs,LTFarkas,1,137,22376.4344,22964,2.556174882,22376.77394,0.339539007,91,245,0.180693,0.102238,0.328046,7650,42337.00254,2.736576039,1,0,"{timeout:21600,max_col_multiplier:1,age_limit:2,random_seed:0,replication:1,num_threads:128,set_partition:false}",1
a10100.json.gz,a,10,100,LagrangeTemplate,highs,LTFarkas,4,3,1358.556923,1371,,1371,,10,20,0.000521,0.000979,0.003838,124,238003.8388,6.2,1,0,"{timeout:21600,max_col_multiplier:1,age_limit:2,random_seed:3,replication:4,num_threads:128,set_partition:false}",-1
a10100.json.gz,a,10,100,LagrangeTemplate,highs,LTFarkas,4,49,1360,1360,0,1360,0,10,111,0.014539,0.014732,0.033427,404,27787.33063,1.019185293,1,0,"{timeout:21600,max_col_multiplier:1,age_limit:2,random_seed:3,replication:4,num_threads:128,set_partition:false}",2
a10100.json.gz,a,10,100,LagrangeTemplate,highs,LTFarkas,4,49,1360,1360,0,1360,0,10,111,0.014539,0.014732,0.033428,404,27787.33063,1.019185293,1,0,"{timeout:21600,max_col_multiplier:1,age_limit:2,random_seed:3,replication:4,num_threads:128,set_partition:false}",1
d05100.json.gz,d,5,100,LagrangeTemplate,highs,LTFarkas,5,4,6345.412612,6511,,6511,,5,15,0.00093,0.002061,0.005569,196,210752.6882,13.06666667,1,0,"{timeout:21600,max_col_multiplier:1,age_limit:2,random_seed:4,replication:5,num_threads:128,set_partition:false}",-1
d05100.json.gz,d,5,100,LagrangeTemplate,highs,LTFarkas,5,237,6349.337929,6461,1.71800031,6349.921174,0.583244963,38,119,0.228927,0.450619,0.693148,2225,9719.255483,1.791068917,1,0,"{timeout:21600,max_col_multiplier:1,age_limit:2,random_seed:4,replication:5,num_threads:128,set_partition:false}",2
d05100.json.gz,d,5,100,LagrangeTemplate,highs,LTFarkas,5,237,6349.337929,6461,1.71800031,6349.921174,0.583244963,38,119,0.228927,0.450619,0.693149,2225,9719.255483,1.791068917,1,0,"{timeout:21600,max_col_multiplier:1,age_limit:2,random_seed:4,replication:5,num_threads:128,set_partition:false}",1
