instance,rmp_opt,class,machines,jobs,algorithm,solver,farkas,replication,iterations,lb,ub,gap,obj,redcost,basis,cols,rmptime,cgtime,time,lpiters,lpiters_per_second,lpiters_per_column,has_integer,timeout,params,last
a10100_0.json.gz,1370,a,10,100,LagrangeTemplate,highs,LTFarkas,1,56,1370,1370,0,1370,0,10,109,0.015614,0.021431,0.044676,394,25233.76457,1.169543651,1,0,"{timeout:3600,max_col_multiplier:1,age_limit:2,random_seed:0,replication:1,num_threads:128}",1
a10100_1.json.gz,1326,a,10,100,LagrangeTemplate,highs,LTFarkas,1,47,1325.153846,1326,0,1326,9,10,118,0.013405,0.013438,0.031419,501,37374.11414,0.983544411,1,0,"{timeout:3600,max_col_multiplier:1,age_limit:2,random_seed:0,replication:1,num_threads:128}",1
a10100_2.json.gz,1262,a,10,100,LagrangeTemplate,highs,LTFarkas,1,41,1261.142857,1262,0,1262,14,10,118,0.012719,0.011508,0.028991,504,39625.75674,1.065235984,1,0,"{timeout:3600,max_col_multiplier:1,age_limit:2,random_seed:0,replication:1,num_threads:128}",1
a10100_3.json.gz,1340,a,10,100,LagrangeTemplate,highs,LTFarkas,1,68,1339.5,1340,0,1339.5,0,14,110,0.020404,0.018212,0.043658,447,21907.46912,1.130619748,1,0,"{timeout:3600,max_col_multiplier:1,age_limit:2,random_seed:0,replication:1,num_threads:128}",1
a10100_4.json.gz,1315,a,10,100,LagrangeTemplate,highs,LTFarkas,1,2,1314.167619,1315,0,1315,10245,10,20,0.000285,0.000847,0.003664,148,519298.2456,7.4,1,0,"{timeout:3600,max_col_multiplier:1,age_limit:2,random_seed:0,replication:1,num_threads:128}",1
a10100_5.json.gz,1346,a,10,100,LagrangeTemplate,highs,LTFarkas,1,45,1345.5,1346,0,1346,0.5,10,115,0.014232,0.01403,0.033003,525,36888.70152,1.16006253,1,0,"{timeout:3600,max_col_multiplier:1,age_limit:2,random_seed:0,replication:1,num_threads:128}",1
a10100_6.json.gz,1331,a,10,100,LagrangeTemplate,highs,LTFarkas,1,2,1330.652174,1331,0,1331,10316,10,20,0.000339,0.000904,0.003826,146,430678.4661,7.3,1,0,"{timeout:3600,max_col_multiplier:1,age_limit:2,random_seed:0,replication:1,num_threads:128}",1
a10100_7.json.gz,1281,a,10,100,LagrangeTemplate,highs,LTFarkas,1,33,1281,1281,0,1281,0,10,110,0.009574,0.009818,0.023322,346,36139.5446,1.267676768,1,0,"{timeout:3600,max_col_multiplier:1,age_limit:2,random_seed:0,replication:1,num_threads:128}",1
a10100_8.json.gz,1328,a,10,100,LagrangeTemplate,highs,LTFarkas,1,2,1327.875,1328,0,1328,10241,10,20,0.000353,0.000964,0.003869,147,416430.5949,7.35,1,0,"{timeout:3600,max_col_multiplier:1,age_limit:2,random_seed:0,replication:1,num_threads:128}",1
a10100_9.json.gz,1347,a,10,100,LagrangeTemplate,highs,LTFarkas,1,41,1347,1347,0,1347,0,10,112,0.012992,0.011618,0.028975,440,33866.99507,1.029210221,1,0,"{timeout:3600,max_col_multiplier:1,age_limit:2,random_seed:0,replication:1,num_threads:128}",1
a10200_0.json.gz,2734,a,10,200,LagrangeTemplate,highs,LTFarkas,1,2,2733.545455,2734,0,2734,24336,10,20,0.000549,0.001072,0.00685,288,524590.1639,14.4,1,0,"{timeout:3600,max_col_multiplier:1,age_limit:2,random_seed:0,replication:1,num_threads:128}",1
a10200_1.json.gz,2690,a,10,200,LagrangeTemplate,highs,LTFarkas,1,89,2689.5,2690,0,2690,0.5,10,211,0.046832,0.029077,0.084612,960,20498.80424,1.087836633,1,0,"{timeout:3600,max_col_multiplier:1,age_limit:2,random_seed:0,replication:1,num_threads:128}",1
a10200_2.json.gz,2660,a,10,200,LagrangeTemplate,highs,LTFarkas,1,2,2659.166667,2660,0,2660,23512,10,20,0.000512,0.001007,0.006468,283,552734.375,14.15,1,0,"{timeout:3600,max_col_multiplier:1,age_limit:2,random_seed:0,replication:1,num_threads:128}",1
a10200_3.json.gz,2574,a,10,200,LagrangeTemplate,highs,LTFarkas,1,2,2573.391304,2574,0,2574,22658,10,20,0.000514,0.000703,0.006061,283,550583.6576,14.15,1,0,"{timeout:3600,max_col_multiplier:1,age_limit:2,random_seed:0,replication:1,num_threads:128}",1
a10200_4.json.gz,2713,a,10,200,LagrangeTemplate,highs,LTFarkas,1,88,2712.196667,2713,0,2713,22,10,225,0.047186,0.027924,0.084314,1086,23015.30115,1.143720894,1,0,"{timeout:3600,max_col_multiplier:1,age_limit:2,random_seed:0,replication:1,num_threads:128}",1
a10200_5.json.gz,2651,a,10,200,LagrangeTemplate,highs,LTFarkas,1,112,2651,2651,0,2651,0,10,212,0.061057,0.036416,0.107458,1225,20063.21961,1.08592207,1,0,"{timeout:3600,max_col_multiplier:1,age_limit:2,random_seed:0,replication:1,num_threads:128}",1
a10200_6.json.gz,2636,a,10,200,LagrangeTemplate,highs,LTFarkas,1,123,2635.2,2636,1.38E-13,2636,0.8,10,217,0.066988,0.039963,0.117148,1064,15883.44181,1.362382243,1,0,"{timeout:3600,max_col_multiplier:1,age_limit:2,random_seed:0,replication:1,num_threads:128}",1
a10200_7.json.gz,2533,a,10,200,LagrangeTemplate,highs,LTFarkas,1,99,2532.5,2533,3.59E-14,2533,0.5,10,215,0.052078,0.030115,0.091383,1091,20949.34521,1.382483566,1,0,"{timeout:3600,max_col_multiplier:1,age_limit:2,random_seed:0,replication:1,num_threads:128}",1
a10200_8.json.gz,2605,a,10,200,LagrangeTemplate,highs,LTFarkas,1,0,2605,2605,0,2605,0,0,0,0.011701,0.011702,0.003918,201,,,1,0,"{timeout:3600,max_col_multiplier:1,age_limit:2,random_seed:0,replication:1,num_threads:128}",1
a10200_9.json.gz,2619,a,10,200,LagrangeTemplate,highs,LTFarkas,1,2,2618.375,2619,0,2619,23125,10,20,0.000506,0.000806,0.005735,285,563241.1067,14.25,1,0,"{timeout:3600,max_col_multiplier:1,age_limit:2,random_seed:0,replication:1,num_threads:128}",1
a20100_0.json.gz,1132,a,20,100,LagrangeTemplate,highs,LTFarkas,1,30,1132,1132,0,1132,0,20,124,0.009806,0.008906,0.024706,522,53232.71466,0.735249189,1,0,"{timeout:3600,max_col_multiplier:1,age_limit:2,random_seed:0,replication:1,num_threads:128}",1
a20100_1.json.gz,1178,a,20,100,LagrangeTemplate,highs,LTFarkas,1,2,1177.529412,1178,0,1178,7888,20,40,0.00032,0.000882,0.005262,156,487500,3.9,1,0,"{timeout:3600,max_col_multiplier:1,age_limit:2,random_seed:0,replication:1,num_threads:128}",1
a20100_2.json.gz,1190,a,20,100,LagrangeTemplate,highs,LTFarkas,1,44,1190,1192,0.167785235,1190,0,23,121,0.013529,0.013544,0.033642,583,43092.61586,0.876592221,1,0,"{timeout:3600,max_col_multiplier:1,age_limit:2,random_seed:0,replication:1,num_threads:128}",1
a20100_3.json.gz,1131,a,20,100,LagrangeTemplate,highs,LTFarkas,1,30,1131,1131,0,1131,0,20,120,0.009326,0.008056,0.023362,454,48681.10658,0.785576799,1,0,"{timeout:3600,max_col_multiplier:1,age_limit:2,random_seed:0,replication:1,num_threads:128}",1
a20100_4.json.gz,1158,a,20,100,LagrangeTemplate,highs,LTFarkas,1,29,1158,1158,0,1158,0,20,124,0.009077,0.008386,0.023631,460,50677.53663,0.759899749,1,0,"{timeout:3600,max_col_multiplier:1,age_limit:2,random_seed:0,replication:1,num_threads:128}",1
a20100_5.json.gz,1145,a,20,100,LagrangeTemplate,highs,LTFarkas,1,2,1144.232941,1145,0,1145,7844,20,40,0.000326,0.001339,0.005769,158,484662.5767,3.95,1,0,"{timeout:3600,max_col_multiplier:1,age_limit:2,random_seed:0,replication:1,num_threads:128}",1
a20100_6.json.gz,1139,a,20,100,LagrangeTemplate,highs,LTFarkas,1,39,1139,1139,0,1139,0,20,124,0.011332,0.01047,0.02794,519,45799.50582,0.851816367,1,0,"{timeout:3600,max_col_multiplier:1,age_limit:2,random_seed:0,replication:1,num_threads:128}",1
a20100_7.json.gz,1156,a,20,100,LagrangeTemplate,highs,LTFarkas,1,2,1155.066667,1156,0,1156,7729,20,40,0.000318,0.000888,0.005243,158,496855.3459,3.95,1,0,"{timeout:3600,max_col_multiplier:1,age_limit:2,random_seed:0,replication:1,num_threads:128}",1
a20100_8.json.gz,1150,a,20,100,LagrangeTemplate,highs,LTFarkas,1,28,1150,1150,0,1150,0,20,126,0.009251,0.008153,0.023346,519,56102.04302,0.725947099,1,0,"{timeout:3600,max_col_multiplier:1,age_limit:2,random_seed:0,replication:1,num_threads:128}",1
a20100_9.json.gz,1193,a,20,100,LagrangeTemplate,highs,LTFarkas,1,2,1192.782609,1193,0,1193,8246,20,40,0.000777,0.00125,0.006159,156,200772.2008,3.9,1,0,"{timeout:3600,max_col_multiplier:1,age_limit:2,random_seed:0,replication:1,num_threads:128}",1
a20200_0.json.gz,2307,a,20,200,LagrangeTemplate,highs,LTFarkas,1,2,2307,2307,0,2307,25856,20,40,0.000539,0.000921,0.010325,283,525046.3822,7.075,1,0,"{timeout:3600,max_col_multiplier:1,age_limit:2,random_seed:0,replication:1,num_threads:128}",1
a20200_1.json.gz,2288,a,20,200,LagrangeTemplate,highs,LTFarkas,1,53,2287.126667,2288,0,2288,8,20,225,0.023985,0.015894,0.052335,898,37440.06671,0.773555956,1,0,"{timeout:3600,max_col_multiplier:1,age_limit:2,random_seed:0,replication:1,num_threads:128}",1
a20200_2.json.gz,2340,a,20,200,LagrangeTemplate,highs,LTFarkas,1,56,2340,2340,0,2340,0,20,220,0.024751,0.017987,0.05486,665,26867.60131,0.950103343,1,0,"{timeout:3600,max_col_multiplier:1,age_limit:2,random_seed:0,replication:1,num_threads:128}",1
a20200_3.json.gz,2295,a,20,200,LagrangeTemplate,highs,LTFarkas,1,2,2294.041667,2295,0,2295,27784,20,40,0.00051,0.000804,0.00955,283,554901.9608,7.075,1,0,"{timeout:3600,max_col_multiplier:1,age_limit:2,random_seed:0,replication:1,num_threads:128}",1
a20200_4.json.gz,2257,a,20,200,LagrangeTemplate,highs,LTFarkas,1,2,2256.75,2257,0,2257,26784,20,40,0.000498,0.001158,0.010015,287,576305.2209,7.175,1,0,"{timeout:3600,max_col_multiplier:1,age_limit:2,random_seed:0,replication:1,num_threads:128}",1
a20200_5.json.gz,2304,a,20,200,LagrangeTemplate,highs,LTFarkas,1,2,2304,2304,0,2304,28879,20,40,0.000529,0.001173,0.009752,285,538752.3629,7.125,1,0,"{timeout:3600,max_col_multiplier:1,age_limit:2,random_seed:0,replication:1,num_threads:128}",1
a20200_6.json.gz,2231,a,20,200,LagrangeTemplate,highs,LTFarkas,1,69,2231,2231,0,2231,3,20,227,0.031155,0.020994,0.063645,965,30974.16145,0.952422726,1,0,"{timeout:3600,max_col_multiplier:1,age_limit:2,random_seed:0,replication:1,num_threads:128}",1
a20200_7.json.gz,2290,a,20,200,LagrangeTemplate,highs,LTFarkas,1,2,2289.8,2290,0,2290,29181,20,40,0.000634,0.001006,0.009944,282,444794.9527,7.05,1,0,"{timeout:3600,max_col_multiplier:1,age_limit:2,random_seed:0,replication:1,num_threads:128}",1
a20200_8.json.gz,2245,a,20,200,LagrangeTemplate,highs,LTFarkas,1,73,2244.5,2245,0,2245,0.5,20,222,0.033831,0.023832,0.070793,1018,30090.74517,0.811961161,1,0,"{timeout:3600,max_col_multiplier:1,age_limit:2,random_seed:0,replication:1,num_threads:128}",1
a20200_9.json.gz,2308,a,20,200,LagrangeTemplate,highs,LTFarkas,1,55,2308,2308,0,2308,0,20,223,0.027036,0.019789,0.058803,944,34916.40775,0.762429854,1,0,"{timeout:3600,max_col_multiplier:1,age_limit:2,random_seed:0,replication:1,num_threads:128}",1
a5100_0.json.gz,1590,a,5,100,LagrangeTemplate,highs,LTFarkas,1,113,1589.666667,1592,0.125628141,1590,0.333333333,8,110,0.041794,0.0366,0.083805,815,19500.40676,1.297345133,1,0,"{timeout:3600,max_col_multiplier:1,age_limit:2,random_seed:0,replication:1,num_threads:128}",1
a5100_1.json.gz,1612,a,5,100,LagrangeTemplate,highs,LTFarkas,1,120,1612,1612,0,1612,0,5,107,0.041323,0.03625,0.082971,574,13890.56942,0.999701897,1,0,"{timeout:3600,max_col_multiplier:1,age_limit:2,random_seed:0,replication:1,num_threads:128}",1
a5100_2.json.gz,1629,a,5,100,LagrangeTemplate,highs,LTFarkas,1,98,1628.333333,1629,2.79E-14,1629,0.666666667,5,111,0.03351,0.025829,0.06446,649,19367.35303,1.317996289,1,0,"{timeout:3600,max_col_multiplier:1,age_limit:2,random_seed:0,replication:1,num_threads:128}",1
a5100_3.json.gz,1592,a,5,100,LagrangeTemplate,highs,LTFarkas,1,125,1591.082569,1592,0,1592,0.917431193,5,114,0.042777,0.038873,0.086839,690,16130.16341,1.258851282,1,0,"{timeout:3600,max_col_multiplier:1,age_limit:2,random_seed:0,replication:1,num_threads:128}",1
a5100_4.json.gz,1601,a,5,100,LagrangeTemplate,highs,LTFarkas,1,2,1600.28,1601,0,1601,7231,5,10,0.000376,0.00078,0.002969,145,385638.2979,14.5,1,0,"{timeout:3600,max_col_multiplier:1,age_limit:2,random_seed:0,replication:1,num_threads:128}",1
a5100_5.json.gz,1636,a,5,100,LagrangeTemplate,highs,LTFarkas,1,2,1635.857143,1636,0,1636,7412,5,10,0.000311,0.000921,0.003061,145,466237.9421,14.5,1,0,"{timeout:3600,max_col_multiplier:1,age_limit:2,random_seed:0,replication:1,num_threads:128}",1
a5100_6.json.gz,1812,a,5,100,LagrangeTemplate,highs,LTFarkas,1,55,1811.416667,1812,0,1812,20,5,115,0.016415,0.017396,0.037392,412,25098.99482,1.210027548,1,0,"{timeout:3600,max_col_multiplier:1,age_limit:2,random_seed:0,replication:1,num_threads:128}",1
a5100_7.json.gz,1617,a,5,100,LagrangeTemplate,highs,LTFarkas,1,2,1616.52381,1617,0,1617,7332,5,10,0.000312,0.000895,0.002985,145,464743.5897,14.5,1,0,"{timeout:3600,max_col_multiplier:1,age_limit:2,random_seed:0,replication:1,num_threads:128}",1
a5100_8.json.gz,1636,a,5,100,LagrangeTemplate,highs,LTFarkas,1,2,1635.19883,1636,0,1636,7389,5,10,0.000299,0.001374,0.003564,149,498327.7592,14.9,1,0,"{timeout:3600,max_col_multiplier:1,age_limit:2,random_seed:0,replication:1,num_threads:128}",1
a5100_9.json.gz,1667,a,5,100,LagrangeTemplate,highs,LTFarkas,1,2,1667,1667,0,1667,7665,5,10,0.000337,0.001235,0.003547,145,430267.0623,14.5,1,0,"{timeout:3600,max_col_multiplier:1,age_limit:2,random_seed:0,replication:1,num_threads:128}",1
a5200_0.json.gz,3424,a,5,200,LagrangeTemplate,highs,LTFarkas,1,0,3424,3424,0,3424,0,0,0,0.009987,0.009987,0.002391,200,,,1,0,"{timeout:3600,max_col_multiplier:1,age_limit:4,random_seed:0,replication:1,num_threads:128}",1
a5200_1.json.gz,3257,a,5,200,LagrangeTemplate,highs,LTFarkas,1,156,3257,3257,2.37E-13,3257,0,5,209,0.101663,0.071619,0.181168,1097,10790.5531,1.665384615,1,0,"{timeout:3600,max_col_multiplier:1,age_limit:4,random_seed:0,replication:1,num_threads:128}",1
a5200_2.json.gz,3237,a,5,200,LagrangeTemplate,highs,LTFarkas,1,2,3236.555556,3237,0,3237,15458,5,10,0.000571,0.001522,0.005341,286,500875.6567,28.6,1,0,"{timeout:3600,max_col_multiplier:1,age_limit:4,random_seed:0,replication:1,num_threads:128}",1
a5200_3.json.gz,3188,a,5,200,LagrangeTemplate,highs,LTFarkas,1,2,3187.7,3188,0,3188,15184,5,10,0.00057,0.001215,0.00529,286,501754.386,28.6,1,0,"{timeout:3600,max_col_multiplier:1,age_limit:4,random_seed:0,replication:1,num_threads:128}",1
a5200_4.json.gz,3223,a,5,200,LagrangeTemplate,highs,LTFarkas,1,2,3222.368421,3223,0,3223,15332,5,10,0.001262,0.001359,0.005941,287,227416.7987,28.7,1,0,"{timeout:3600,max_col_multiplier:1,age_limit:4,random_seed:0,replication:1,num_threads:128}",1
a5200_5.json.gz,3292,a,5,200,LagrangeTemplate,highs,LTFarkas,1,2,3291.125,3292,0,3292,15769,5,10,0.000573,0.001284,0.005145,287,500872.6003,28.7,1,0,"{timeout:3600,max_col_multiplier:1,age_limit:4,random_seed:0,replication:1,num_threads:128}",1
a5200_6.json.gz,3324,a,5,200,LagrangeTemplate,highs,LTFarkas,1,2,3323.04,3324,0,3324,15908,5,10,0.000592,0.001423,0.005309,286,483108.1081,28.6,1,0,"{timeout:3600,max_col_multiplier:1,age_limit:4,random_seed:0,replication:1,num_threads:128}",1
a5200_7.json.gz,3393,a,5,200,LagrangeTemplate,highs,LTFarkas,1,2,3392.8,3393,0,3393,16104,5,10,0.000613,0.001431,0.005373,286,466557.9119,28.6,1,0,"{timeout:3600,max_col_multiplier:1,age_limit:4,random_seed:0,replication:1,num_threads:128}",1
a5200_8.json.gz,3291,a,5,200,LagrangeTemplate,highs,LTFarkas,1,2,3291,3291,0,3291,15719,5,10,0.000577,0.00109,0.004757,286,495667.2444,28.6,1,0,"{timeout:3600,max_col_multiplier:1,age_limit:4,random_seed:0,replication:1,num_threads:128}",1
a5200_9.json.gz,3406,a,5,200,LagrangeTemplate,highs,LTFarkas,1,2,3406,3406,0,3406,16207,5,10,0.000558,0.001287,0.00509,286,512544.8029,28.6,1,0,"{timeout:3600,max_col_multiplier:1,age_limit:4,random_seed:0,replication:1,num_threads:128}",1
b10100_0.json.gz,1403,b,10,100,LagrangeTemplate,highs,LTFarkas,1,90,1402.5,1404,0.071225071,1403,0.5,31,116,0.039655,0.027523,0.07434,1427,35985.37385,1.483549598,1,0,"{timeout:3600,max_col_multiplier:1,age_limit:2,random_seed:0,replication:1,num_threads:128}",1
b10100_1.json.gz,1338,b,10,100,LagrangeTemplate,highs,LTFarkas,1,93,1337.277778,1338,0,1338,0.722222222,10,118,0.041705,0.026696,0.075935,1455,34887.90313,1.515427925,1,0,"{timeout:3600,max_col_multiplier:1,age_limit:2,random_seed:0,replication:1,num_threads:128}",1
b10100_2.json.gz,1408,b,10,100,LagrangeTemplate,highs,LTFarkas,1,85,1407.170455,1417,0.635144672,1407.761364,0.590909091,39,122,0.037596,0.023837,0.068525,1277,33966.3794,1.336237162,1,0,"{timeout:3600,max_col_multiplier:1,age_limit:2,random_seed:0,replication:1,num_threads:128}",1
b10100_3.json.gz,1343,b,10,100,LagrangeTemplate,highs,LTFarkas,1,69,1342.25,1343,0,1343,0.75,10,121,0.026673,0.020261,0.052984,881,33029.65546,1.119921785,1,0,"{timeout:3600,max_col_multiplier:1,age_limit:2,random_seed:0,replication:1,num_threads:128}",1
b10100_4.json.gz,1381,b,10,100,LagrangeTemplate,highs,LTFarkas,1,85,1380.5,1381,0,1381,0.5,10,113,0.032038,0.022797,0.06157,943,29433.79737,1.226174973,1,0,"{timeout:3600,max_col_multiplier:1,age_limit:2,random_seed:0,replication:1,num_threads:128}",1
b10100_5.json.gz,1489,b,10,100,LagrangeTemplate,highs,LTFarkas,1,89,1488.093023,1503,0.931470393,1488.313953,0.220930233,42,125,0.040118,0.024257,0.072162,1463,36467.42111,1.462666483,1,0,"{timeout:3600,max_col_multiplier:1,age_limit:2,random_seed:0,replication:1,num_threads:128}",1
b10100_6.json.gz,1351,b,10,100,LagrangeTemplate,highs,LTFarkas,1,78,1351,1351,0,1351,0,10,112,0.031822,0.020856,0.059108,1016,31927.59726,1.251933252,1,0,"{timeout:3600,max_col_multiplier:1,age_limit:2,random_seed:0,replication:1,num_threads:128}",1
b10100_7.json.gz,1350,b,10,100,LagrangeTemplate,highs,LTFarkas,1,76,1349.305556,1353,0.22172949,1350,0.694444444,17,119,0.02954,0.020495,0.056372,1224,41435.34191,1.537642876,1,0,"{timeout:3600,max_col_multiplier:1,age_limit:2,random_seed:0,replication:1,num_threads:128}",1
b10100_8.json.gz,1400,b,10,100,LagrangeTemplate,highs,LTFarkas,1,84,1399.11336,1411,0.779588944,1399.417004,0.303643725,42,115,0.036888,0.022616,0.066541,1337,36244.84927,1.438333316,1,0,"{timeout:3600,max_col_multiplier:1,age_limit:2,random_seed:0,replication:1,num_threads:128}",1
b10100_9.json.gz,1368,b,10,100,LagrangeTemplate,highs,LTFarkas,1,51,1367.25,1368,0,1368,0.75,10,119,0.015558,0.015024,0.035753,516,33166.21674,0.921973424,1,0,"{timeout:3600,max_col_multiplier:1,age_limit:2,random_seed:0,replication:1,num_threads:128}",1
b10200_0.json.gz,2800,b,10,200,LagrangeTemplate,highs,LTFarkas,1,198,2799.009934,2814,0.497512438,2799.009934,0,46,216,0.165339,0.118943,0.299726,3358,20309.78777,1.54719216,1,0,"{timeout:3600,max_col_multiplier:1,age_limit:2,random_seed:0,replication:1,num_threads:128}",1
b10200_1.json.gz,2776,b,10,200,LagrangeTemplate,highs,LTFarkas,1,174,2775.135484,2791,0.537441777,2775.870968,0.735483871,44,239,0.150063,0.103164,0.268231,3150,20991.1837,1.63652162,1,0,"{timeout:3600,max_col_multiplier:1,age_limit:2,random_seed:0,replication:1,num_threads:128}",1
b10200_2.json.gz,2791,b,10,200,LagrangeTemplate,highs,LTFarkas,1,199,2790.17051,2801,0.357015352,2790.662621,0.49211165,51,219,0.172546,0.119901,0.308455,3673,21287.07707,1.686875637,1,0,"{timeout:3600,max_col_multiplier:1,age_limit:2,random_seed:0,replication:1,num_threads:128}",1
b10200_3.json.gz,2786,b,10,200,LagrangeTemplate,highs,LTFarkas,1,159,2785.0625,2812,0.924608819,2785.303571,0.241071429,46,225,0.128611,0.095788,0.23903,2924,22735.22483,1.62568056,1,0,"{timeout:3600,max_col_multiplier:1,age_limit:2,random_seed:0,replication:1,num_threads:128}",1
b10200_4.json.gz,2753,b,10,200,LagrangeTemplate,highs,LTFarkas,1,178,2752.157143,2764,0.397973951,2752.8,0.642857143,29,231,0.156767,0.105298,0.278222,3323,21197.06316,1.663643175,1,0,"{timeout:3600,max_col_multiplier:1,age_limit:2,random_seed:0,replication:1,num_threads:128}",1
b10200_5.json.gz,2671,b,10,200,LagrangeTemplate,highs,LTFarkas,1,194,2670.005786,2686,0.558451229,2670.317261,0.31147541,53,213,0.161581,0.101351,0.279089,3208,19853.81945,1.498651203,1,0,"{timeout:3600,max_col_multiplier:1,age_limit:2,random_seed:0,replication:1,num_threads:128}",1
b10200_6.json.gz,2893,b,10,200,LagrangeTemplate,highs,LTFarkas,1,208,2892.041958,2903,0.344471237,2892.142657,0.100699301,54,217,0.19456,0.137081,0.348228,4017,20646.58717,1.737847222,1,0,"{timeout:3600,max_col_multiplier:1,age_limit:2,random_seed:0,replication:1,num_threads:128}",1
b10200_7.json.gz,2797,b,10,200,LagrangeTemplate,highs,LTFarkas,1,241,2796.020833,2801,0.142806141,2796.208333,0.1875,43,219,0.225995,0.149014,0.393172,4831,21376.57913,1.877487859,1,0,"{timeout:3600,max_col_multiplier:1,age_limit:2,random_seed:0,replication:1,num_threads:128}",1
b10200_8.json.gz,2805,b,10,200,LagrangeTemplate,highs,LTFarkas,1,166,2804.020619,2819,0.496630011,2804.443299,0.422680412,44,214,0.133583,0.094169,0.241899,2788,20870.9192,1.49925311,1,0,"{timeout:3600,max_col_multiplier:1,age_limit:2,random_seed:0,replication:1,num_threads:128}",1
b10200_9.json.gz,2928,b,10,200,LagrangeTemplate,highs,LTFarkas,1,188,2927.145833,2941,0.442026522,2927.229167,0.083333333,32,214,0.163051,0.127157,0.305544,3270,20055.07479,1.638196555,1,0,"{timeout:3600,max_col_multiplier:1,age_limit:2,random_seed:0,replication:1,num_threads:128}",1
b20100_0.json.gz,1167,b,20,100,LagrangeTemplate,highs,LTFarkas,1,43,1166.5,1167,0,1167,0.5,20,123,0.016322,0.011187,0.034663,692,42396.7651,0.927716539,1,0,"{timeout:3600,max_col_multiplier:1,age_limit:2,random_seed:0,replication:1,num_threads:128}",1
b20100_1.json.gz,1183,b,20,100,LagrangeTemplate,highs,LTFarkas,1,42,1182.5,1183,0,1183,0.5,20,133,0.014837,0.011831,0.033868,710,47853.33962,0.999367233,1,0,"{timeout:3600,max_col_multiplier:1,age_limit:2,random_seed:0,replication:1,num_threads:128}",1
b20100_2.json.gz,1175,b,20,100,LagrangeTemplate,highs,LTFarkas,1,41,1174.222222,1175,0,1174.5,0.277777778,31,130,0.02103,0.012059,0.040976,1250,59438.89681,1.435652974,1,0,"{timeout:3600,max_col_multiplier:1,age_limit:2,random_seed:0,replication:1,num_threads:128}",1
b20100_3.json.gz,1201,b,20,100,LagrangeTemplate,highs,LTFarkas,1,40,1200.5,1201,0,1201,0.5,20,131,0.016064,0.010543,0.034026,998,62126.49402,1.175381787,1,0,"{timeout:3600,max_col_multiplier:1,age_limit:2,random_seed:0,replication:1,num_threads:128}",1
b20100_4.json.gz,1149,b,20,100,LagrangeTemplate,highs,LTFarkas,1,32,1148.5,1149,0,1148.5,0,28,123,0.010766,0.008783,0.026009,632,58703.32528,0.992651951,1,0,"{timeout:3600,max_col_multiplier:1,age_limit:2,random_seed:0,replication:1,num_threads:128}",1
b20100_5.json.gz,1178,b,20,100,LagrangeTemplate,highs,LTFarkas,1,40,1177.5,1178,0,1177.5,0,23,133,0.013956,0.011611,0.032536,676,48437.94784,1.004359892,1,0,"{timeout:3600,max_col_multiplier:1,age_limit:2,random_seed:0,replication:1,num_threads:128}",1
b20100_6.json.gz,1203,b,20,100,LagrangeTemplate,highs,LTFarkas,1,41,1202.444444,1210,0.578512397,1202.666667,0.222222222,36,130,0.020173,0.012075,0.040764,1152,57106.03282,1.334171991,1,0,"{timeout:3600,max_col_multiplier:1,age_limit:2,random_seed:0,replication:1,num_threads:128}",1
b20100_7.json.gz,1183,b,20,100,LagrangeTemplate,highs,LTFarkas,1,42,1182.454545,1186,0.252951096,1182.727273,0.272727273,40,128,0.018004,0.012322,0.037839,983,54598.978,1.093825842,1,0,"{timeout:3600,max_col_multiplier:1,age_limit:2,random_seed:0,replication:1,num_threads:128}",1
b20100_8.json.gz,1189,b,20,100,LagrangeTemplate,highs,LTFarkas,1,38,1189,1189,0,1189,0,20,123,0.015075,0.012511,0.034436,751,49817.57877,0.933926501,1,0,"{timeout:3600,max_col_multiplier:1,age_limit:2,random_seed:0,replication:1,num_threads:128}",1
b20100_9.json.gz,1185,b,20,100,LagrangeTemplate,highs,LTFarkas,1,37,1184.5,1185,0,1185,0.5,20,127,0.013207,0.009991,0.030597,633,47929.12849,0.830142291,1,0,"{timeout:3600,max_col_multiplier:1,age_limit:2,random_seed:0,replication:1,num_threads:128}",1
b20200_0.json.gz,2292,b,20,200,LagrangeTemplate,highs,LTFarkas,1,71,2291.375,2292,0,2292,0.625,20,246,0.044348,0.023492,0.081754,1580,35627.31127,1.133556924,1,0,"{timeout:3600,max_col_multiplier:1,age_limit:2,random_seed:0,replication:1,num_threads:128}",1
b20200_1.json.gz,2328,b,20,200,LagrangeTemplate,highs,LTFarkas,1,103,2327.008439,2353,1.062473438,2327.151899,0.143459916,62,223,0.084059,0.039883,0.142033,2885,34321.13159,1.534533882,1,0,"{timeout:3600,max_col_multiplier:1,age_limit:2,random_seed:0,replication:1,num_threads:128}",1
b20200_2.json.gz,2374,b,20,200,LagrangeTemplate,highs,LTFarkas,1,92,2373.066667,2381,0.29399412,2373.76,0.693333333,66,231,0.07244,0.036628,0.124958,2678,36968.52568,1.3592516,1,0,"{timeout:3600,max_col_multiplier:1,age_limit:2,random_seed:0,replication:1,num_threads:128}",1
b20200_3.json.gz,2357,b,20,200,LagrangeTemplate,highs,LTFarkas,1,73,2356.25,2357,0,2356.5,0.25,23,233,0.050281,0.026069,0.091854,1699,33790.09964,1.058729853,1,0,"{timeout:3600,max_col_multiplier:1,age_limit:2,random_seed:0,replication:1,num_threads:128}",1
b20200_4.json.gz,2297,b,20,200,LagrangeTemplate,highs,LTFarkas,1,104,2296.466667,2298,0.043516101,2296.8,0.333333333,76,249,0.08625,0.040609,0.14392,3120,36173.91304,1.502229214,1,0,"{timeout:3600,max_col_multiplier:1,age_limit:2,random_seed:0,replication:1,num_threads:128}",1
b20200_5.json.gz,2290,b,20,200,LagrangeTemplate,highs,LTFarkas,1,92,2289.416667,2298,0.348128808,2289.5,0.083333333,38,226,0.073164,0.034422,0.125217,2634,36001.31212,1.365618661,1,0,"{timeout:3600,max_col_multiplier:1,age_limit:2,random_seed:0,replication:1,num_threads:128}",1
b20200_6.json.gz,2346,b,20,200,LagrangeTemplate,highs,LTFarkas,1,105,2345.017857,2350,0.170212766,2345.042857,0.025,67,232,0.091111,0.040215,0.149264,3340,36658.58129,1.598104587,1,0,"{timeout:3600,max_col_multiplier:1,age_limit:2,random_seed:0,replication:1,num_threads:128}",1
b20200_7.json.gz,2329,b,20,200,LagrangeTemplate,highs,LTFarkas,1,91,2328.25,2329,0,2329,0.75,20,223,0.051852,0.029699,0.096384,1703,32843.47759,1.116563043,1,0,"{timeout:3600,max_col_multiplier:1,age_limit:2,random_seed:0,replication:1,num_threads:128}",1
b20200_8.json.gz,2357,b,20,200,LagrangeTemplate,highs,LTFarkas,1,84,2356.094161,2360,0.127118644,2356.781022,0.686861314,73,272,0.083661,0.035715,0.137751,3233,38644.05159,1.768520121,1,0,"{timeout:3600,max_col_multiplier:1,age_limit:2,random_seed:0,replication:1,num_threads:128}",1
b20200_9.json.gz,2384,b,20,200,LagrangeTemplate,highs,LTFarkas,1,101,2383.096691,2398,0.58381985,2383.727757,0.631066176,78,262,0.087618,0.04283,0.147969,3118,35586.29505,1.39592031,1,0,"{timeout:3600,max_col_multiplier:1,age_limit:2,random_seed:0,replication:1,num_threads:128}",1
b5100_0.json.gz,1886,b,5,100,LagrangeTemplate,highs,LTFarkas,1,162,1885.333333,1915,1.514360313,1885.666667,0.333333333,18,112,0.072224,0.062103,0.141776,1396,19328.75498,1.519683572,1,0,"{timeout:3600,max_col_multiplier:1,age_limit:2,random_seed:0,replication:1,num_threads:128}",1
b5100_1.json.gz,1747,b,5,100,LagrangeTemplate,highs,LTFarkas,1,180,1746.111111,1747,1.21E-11,1747,0.888888889,5,117,0.084075,0.071479,0.163422,1835,21825.75082,1.872037037,1,0,"{timeout:3600,max_col_multiplier:1,age_limit:2,random_seed:0,replication:1,num_threads:128}",1
b5100_2.json.gz,1709,b,5,100,LagrangeTemplate,highs,LTFarkas,1,147,1708.068182,1732,1.327944573,1708.281818,0.213636364,30,112,0.062375,0.048034,0.117242,1248,20008.01603,1.515903937,1,0,"{timeout:3600,max_col_multiplier:1,age_limit:2,random_seed:0,replication:1,num_threads:128}",1
b5100_3.json.gz,1800,b,5,100,LagrangeTemplate,highs,LTFarkas,1,151,1799.159091,1815,0.826446281,1799.977273,0.818181818,27,113,0.063765,0.055878,0.12664,1074,16843.09574,1.230774634,1,0,"{timeout:3600,max_col_multiplier:1,age_limit:2,random_seed:0,replication:1,num_threads:128}",1
b5100_4.json.gz,1849,b,5,100,LagrangeTemplate,highs,LTFarkas,1,222,1848.375,1856,0.377155172,1848.875,0.5,22,115,0.111785,0.077229,0.198181,2199,19671.69119,1.809984985,1,0,"{timeout:3600,max_col_multiplier:1,age_limit:2,random_seed:0,replication:1,num_threads:128}",1
b5100_5.json.gz,1941,b,5,100,LagrangeTemplate,highs,LTFarkas,1,157,1940.336364,1955,0.716112532,1940.854545,0.518181818,27,114,0.07417,0.059504,0.140637,1428,19253.06728,1.585040549,1,0,"{timeout:3600,max_col_multiplier:1,age_limit:2,random_seed:0,replication:1,num_threads:128}",1
b5100_6.json.gz,1812,b,5,100,LagrangeTemplate,highs,LTFarkas,1,149,1811.077519,1823,0.603400987,1811.077519,0,27,108,0.064731,0.056942,0.128184,1204,18600.05253,1.398897411,1,0,"{timeout:3600,max_col_multiplier:1,age_limit:2,random_seed:0,replication:1,num_threads:128}",1
b5100_7.json.gz,1863,b,5,100,LagrangeTemplate,highs,LTFarkas,1,262,1862.616505,1863,7.32E-12,1863,0.383495146,5,122,0.129525,0.100724,0.240606,2708,20907.16078,1.917584515,1,0,"{timeout:3600,max_col_multiplier:1,age_limit:2,random_seed:0,replication:1,num_threads:128}",1
b5100_8.json.gz,1787,b,5,100,LagrangeTemplate,highs,LTFarkas,1,183,1786.435345,1808,1.161504425,1786.75,0.314655172,14,116,0.084533,0.071208,0.163439,1647,19483.51531,1.566883845,1,0,"{timeout:3600,max_col_multiplier:1,age_limit:2,random_seed:0,replication:1,num_threads:128}",1
b5100_9.json.gz,1841,b,5,100,LagrangeTemplate,highs,LTFarkas,1,201,1840.219072,1876,1.865671642,1840.335052,0.115979381,30,108,0.092596,0.073804,0.17492,1920,20735.23694,1.728843876,1,0,"{timeout:3600,max_col_multiplier:1,age_limit:2,random_seed:0,replication:1,num_threads:128}",1
b5200_0.json.gz,3680,b,5,200,LagrangeTemplate,highs,LTFarkas,1,371,3679.027523,3694,0.378992962,3679.733945,0.706422018,32,224,0.65776,0.49178,1.171888,4756,7230.600827,2.379540495,1,0,"{timeout:3600,max_col_multiplier:1,age_limit:4,random_seed:0,replication:1,num_threads:128}",1
b5200_1.json.gz,3575,b,5,200,LagrangeTemplate,highs,LTFarkas,1,281,3574.339286,3679,2.826855124,3574.5,0.160714286,20,214,0.556752,0.412578,0.986787,2399,4308.920309,1.407634299,1,0,"{timeout:3600,max_col_multiplier:1,age_limit:4,random_seed:0,replication:1,num_threads:128}",1
b5200_2.json.gz,3500,b,5,200,LagrangeTemplate,highs,LTFarkas,1,313,3499.001422,3555,1.547116737,3499.875676,0.874253201,26,232,0.606402,0.440101,1.06601,3434,5662.910083,1.995615903,1,0,"{timeout:3600,max_col_multiplier:1,age_limit:4,random_seed:0,replication:1,num_threads:128}",1
b5200_3.json.gz,3705,b,5,200,LagrangeTemplate,highs,LTFarkas,1,331,3704.276596,3722,0.456743686,3704.787234,0.510638298,29,231,0.56143,0.447352,1.031599,3879,6909.142725,2.118605772,1,0,"{timeout:3600,max_col_multiplier:1,age_limit:4,random_seed:0,replication:1,num_threads:128}",1
b5200_4.json.gz,3903,b,5,200,LagrangeTemplate,highs,LTFarkas,1,487,3902.467058,3903,3.92E-11,3903,0.532942118,5,241,1.135877,0.806811,1.975261,6820,6004.171226,2.640781143,1,0,"{timeout:3600,max_col_multiplier:1,age_limit:4,random_seed:0,replication:1,num_threads:128}",1
b5200_5.json.gz,3535,b,5,200,LagrangeTemplate,highs,LTFarkas,1,353,3534.039474,3538,0.084793669,3534.259868,0.220394737,32,214,0.655038,0.508759,1.187243,4465,6816.398438,2.371293673,1,0,"{timeout:3600,max_col_multiplier:1,age_limit:4,random_seed:0,replication:1,num_threads:128}",1
b5200_6.json.gz,3607,b,5,200,LagrangeTemplate,highs,LTFarkas,1,498,3606.23741,3615,0.221300138,3606.776978,0.539568345,32,219,1.027915,0.69769,1.756255,6930,6741.802581,2.65949353,1,0,"{timeout:3600,max_col_multiplier:1,age_limit:4,random_seed:0,replication:1,num_threads:128}",1
b5200_7.json.gz,3783,b,5,200,LagrangeTemplate,highs,LTFarkas,1,307,3782.055556,3809,0.682593857,3782.622222,0.566666667,29,219,0.639403,0.457269,1.118717,3220,5035.947595,1.822756594,1,0,"{timeout:3600,max_col_multiplier:1,age_limit:4,random_seed:0,replication:1,num_threads:128}",1
b5200_8.json.gz,3481,b,5,200,LagrangeTemplate,highs,LTFarkas,1,327,3480.007353,3502,0.599657339,3480.389706,0.382352941,28,222,0.527582,0.376796,0.92603,3487,6609.399108,1.992545872,1,0,"{timeout:3600,max_col_multiplier:1,age_limit:4,random_seed:0,replication:1,num_threads:128}",1
b5200_9.json.gz,3692,b,5,200,LagrangeTemplate,highs,LTFarkas,1,486,3691.05,3692,1.45E-11,3691.05,0,25,209,1.139312,0.801843,1.974119,6048,5308.466864,2.348082751,1,0,"{timeout:3600,max_col_multiplier:1,age_limit:4,random_seed:0,replication:1,num_threads:128}",1
c10100_0.json.gz,1456,c,10,100,LagrangeTemplate,highs,LTFarkas,1,90,1455.017647,1469,0.884955752,1455.117647,0.1,37,118,0.040623,0.025839,0.075811,1529,37638.77606,1.517807077,1,0,"{timeout:3600,max_col_multiplier:1,age_limit:2,random_seed:0,replication:1,num_threads:128}",1
c10100_1.json.gz,1434,c,10,100,LagrangeTemplate,highs,LTFarkas,1,78,1433.051282,1438,0.278164117,1433.974359,0.923076923,38,121,0.03661,0.02207,0.065637,1424,38896.47637,1.649955033,1,0,"{timeout:3600,max_col_multiplier:1,age_limit:2,random_seed:0,replication:1,num_threads:128}",1
c10100_2.json.gz,1409,c,10,100,LagrangeTemplate,highs,LTFarkas,1,83,1408.068966,1420,0.774647887,1409,0.931034483,16,123,0.035935,0.021879,0.065002,1463,40712.39738,1.605087015,1,0,"{timeout:3600,max_col_multiplier:1,age_limit:2,random_seed:0,replication:1,num_threads:128}",1
c10100_3.json.gz,1469,c,10,100,LagrangeTemplate,highs,LTFarkas,1,80,1468.25,1487,1.210490921,1468.5,0.25,34,123,0.035319,0.022276,0.064503,1232,34882.0748,1.265567956,1,0,"{timeout:3600,max_col_multiplier:1,age_limit:2,random_seed:0,replication:1,num_threads:128}",1
c10100_4.json.gz,1397,c,10,100,LagrangeTemplate,highs,LTFarkas,1,80,1396.26,1410,0.921985816,1396.56,0.3,39,125,0.035565,0.02115,0.063321,1333,37480.6692,1.505859788,1,0,"{timeout:3600,max_col_multiplier:1,age_limit:2,random_seed:0,replication:1,num_threads:128}",1
c10100_5.json.gz,1361,c,10,100,LagrangeTemplate,highs,LTFarkas,1,77,1360.03481,1369,0.584368152,1360.25,0.215189873,21,122,0.033466,0.021605,0.06204,1309,39114.32499,1.554566069,1,0,"{timeout:3600,max_col_multiplier:1,age_limit:2,random_seed:0,replication:1,num_threads:128}",1
c10100_6.json.gz,1468,c,10,100,LagrangeTemplate,highs,LTFarkas,1,93,1467.258065,1477,0.609343263,1467.5,0.241935484,19,126,0.040598,0.024487,0.072611,1534,37785.11257,1.550689954,1,0,"{timeout:3600,max_col_multiplier:1,age_limit:2,random_seed:0,replication:1,num_threads:128}",1
c10100_7.json.gz,1471,c,10,100,LagrangeTemplate,highs,LTFarkas,1,86,1470.392638,1490,1.275167785,1470.527607,0.134969325,47,118,0.040985,0.025191,0.073733,1708,41673.78309,1.746862888,1,0,"{timeout:3600,max_col_multiplier:1,age_limit:2,random_seed:0,replication:1,num_threads:128}",1
c10100_8.json.gz,1390,c,10,100,LagrangeTemplate,highs,LTFarkas,1,73,1389.510225,1410,1.418439716,1389.95092,0.440695297,41,127,0.033782,0.019787,0.060903,1345,39814.10218,1.612555101,1,0,"{timeout:3600,max_col_multiplier:1,age_limit:2,random_seed:0,replication:1,num_threads:128}",1
c10100_9.json.gz,1427,c,10,100,LagrangeTemplate,highs,LTFarkas,1,88,1426.306878,1432,0.349162011,1426.481481,0.174603175,34,120,0.039976,0.025193,0.072311,1420,35521.31279,1.450523088,1,0,"{timeout:3600,max_col_multiplier:1,age_limit:2,random_seed:0,replication:1,num_threads:128}",1
c10200_0.json.gz,2745,c,10,200,LagrangeTemplate,highs,LTFarkas,1,184,2744.315046,2754,0.326797386,2744.315046,0,49,219,0.15304,0.11413,0.282798,3394,22177.20857,1.652430556,1,0,"{timeout:3600,max_col_multiplier:1,age_limit:2,random_seed:0,replication:1,num_threads:128}",1
c10200_1.json.gz,2747,c,10,200,LagrangeTemplate,highs,LTFarkas,1,205,2746.107456,2757,0.362713094,2746.622807,0.515350877,51,231,0.192013,0.134203,0.343074,3793,19753.87083,1.643481522,1,0,"{timeout:3600,max_col_multiplier:1,age_limit:2,random_seed:0,replication:1,num_threads:128}",1
c10200_2.json.gz,2844,c,10,200,LagrangeTemplate,highs,LTFarkas,1,198,2843.157576,2848,0.140449438,2843.284848,0.127272727,47,223,0.183409,0.124273,0.324223,3668,19999.01859,1.679573513,1,0,"{timeout:3600,max_col_multiplier:1,age_limit:2,random_seed:0,replication:1,num_threads:128}",1
c10200_3.json.gz,2714,c,10,200,LagrangeTemplate,highs,LTFarkas,1,284,2713.022222,2719,0.183891136,2713.6,0.577777778,28,213,0.254419,0.157969,0.432072,4918,19330.31731,1.718781707,1,0,"{timeout:3600,max_col_multiplier:1,age_limit:2,random_seed:0,replication:1,num_threads:128}",1
c10200_4.json.gz,2697,c,10,200,LagrangeTemplate,highs,LTFarkas,1,225,2696.268908,2703,0.221975583,2696.579832,0.31092437,53,219,0.195321,0.119117,0.331857,4045,20709.49872,1.645704547,1,0,"{timeout:3600,max_col_multiplier:1,age_limit:2,random_seed:0,replication:1,num_threads:128}",1
c10200_5.json.gz,2837,c,10,200,LagrangeTemplate,highs,LTFarkas,1,244,2836.270312,2839,0.070447341,2836.910937,0.640625,54,226,0.231232,0.16196,0.412168,4502,19469.62358,1.677003853,1,0,"{timeout:3600,max_col_multiplier:1,age_limit:2,random_seed:0,replication:1,num_threads:128}",1
c10200_6.json.gz,2742,c,10,200,LagrangeTemplate,highs,LTFarkas,1,215,2741.365707,2749,0.25463805,2741.955635,0.589928058,60,227,0.2003,0.127997,0.345537,3926,19600.5991,1.671019374,1,0,"{timeout:3600,max_col_multiplier:1,age_limit:2,random_seed:0,replication:1,num_threads:128}",1
c10200_7.json.gz,2851,c,10,200,LagrangeTemplate,highs,LTFarkas,1,166,2850.022989,2887,1.246969172,2850.808429,0.785440613,58,234,0.149258,0.09196,0.256034,2705,18122.98168,1.388743068,1,0,"{timeout:3600,max_col_multiplier:1,age_limit:2,random_seed:0,replication:1,num_threads:128}",1
c10200_8.json.gz,2717,c,10,200,LagrangeTemplate,highs,LTFarkas,1,188,2716.060057,2729,0.43972151,2716.78607,0.726012793,44,230,0.156252,0.109543,0.281582,3275,20959.73172,1.578421496,1,0,"{timeout:3600,max_col_multiplier:1,age_limit:2,random_seed:0,replication:1,num_threads:128}",1
c10200_9.json.gz,2781,c,10,200,LagrangeTemplate,highs,LTFarkas,1,203,2780.171053,2788,0.25107604,2780.592105,0.421052632,51,214,0.189104,0.126768,0.332492,3799,20089.47457,1.711372754,1,0,"{timeout:3600,max_col_multiplier:1,age_limit:2,random_seed:0,replication:1,num_threads:128}",1
c10400_0.json.gz,5606,c,10,400,LagrangeTemplate,highs,LTFarkas,1,430,5605.053511,5620,0.24911032,5605.919272,0.865760893,55,431,1.720028,0.983584,2.751986,9502,5524.328674,2.035807614,1,0,"{timeout:3600,max_col_multiplier:1,age_limit:4,random_seed:0,replication:1,num_threads:128}",1
c10400_1.json.gz,5474,c,10,400,LagrangeTemplate,highs,LTFarkas,1,509,5473.052513,5482,0.145932142,5473.738502,0.68598862,59,430,1.948473,1.103263,3.108267,13493,6924.909917,2.491414217,1,0,"{timeout:3600,max_col_multiplier:1,age_limit:4,random_seed:0,replication:1,num_threads:128}",1
c10400_2.json.gz,5633,c,10,400,LagrangeTemplate,highs,LTFarkas,1,444,5632.231916,5651,0.318527694,5633,0.768083756,25,458,1.651454,0.903584,2.604736,12001,7266.929627,2.54613213,1,0,"{timeout:3600,max_col_multiplier:1,age_limit:4,random_seed:0,replication:1,num_threads:128}",1
c10400_3.json.gz,5656,c,10,400,LagrangeTemplate,highs,LTFarkas,1,507,5655.023102,5661,0.088323618,5655.971947,0.948844884,44,449,1.971195,1.076347,3.09687,14452,7331.593272,2.731906246,1,0,"{timeout:3600,max_col_multiplier:1,age_limit:4,random_seed:0,replication:1,num_threads:128}",1
c10400_4.json.gz,5579,c,10,400,LagrangeTemplate,highs,LTFarkas,1,505,5578.074644,5587,0.143189547,5578.449103,0.37445854,58,446,2.010847,1.040353,3.106356,14510,7215.864757,2.701776629,1,0,"{timeout:3600,max_col_multiplier:1,age_limit:4,random_seed:0,replication:1,num_threads:128}",1
c10400_5.json.gz,5483,c,10,400,LagrangeTemplate,highs,LTFarkas,1,567,5482.005403,5486,0.054684651,5482.038335,0.032931727,56,433,2.62505,1.200222,3.885182,19055,7258.909354,3.256782356,1,0,"{timeout:3600,max_col_multiplier:1,age_limit:4,random_seed:0,replication:1,num_threads:128}",1
c10400_6.json.gz,5540,c,10,400,LagrangeTemplate,highs,LTFarkas,1,434,5539.082347,5551,0.198162493,5539.160388,0.078040904,58,426,1.547234,0.736274,2.332835,11293,7298.831334,2.471222844,1,0,"{timeout:3600,max_col_multiplier:1,age_limit:4,random_seed:0,replication:1,num_threads:128}",1
c10400_7.json.gz,5479,c,10,400,LagrangeTemplate,highs,LTFarkas,1,505,5478.094665,5487,0.145799162,5478.812675,0.718010429,54,468,1.745095,0.957175,2.758072,13123,7519.934445,2.431243057,1,0,"{timeout:3600,max_col_multiplier:1,age_limit:4,random_seed:0,replication:1,num_threads:128}",1
c10400_8.json.gz,5475,c,10,400,LagrangeTemplate,highs,LTFarkas,1,423,5474.232073,5483,0.145905526,5474.470758,0.238685679,52,441,1.460517,0.813512,2.318171,11009,7537.741772,2.427606571,1,0,"{timeout:3600,max_col_multiplier:1,age_limit:4,random_seed:0,replication:1,num_threads:128}",1
c10400_9.json.gz,5696,c,10,400,LagrangeTemplate,highs,LTFarkas,1,398,5695.02386,5715,0.332458443,5695.491793,0.467933621,60,447,1.316236,0.790837,2.153912,9955,7563.233341,2.301119004,1,0,"{timeout:3600,max_col_multiplier:1,age_limit:4,random_seed:0,replication:1,num_threads:128}",1
c15900_0.json.gz,11266,c,15,900,LagrangeTemplate,highs,LTFarkas,1,786,11265.12098,11277,0.097543673,11265.65746,0.53647768,89,995,15.752915,3.716425,19.669215,37594,2386.478947,3.044987639,1,0,"{timeout:3600,max_col_multiplier:1,age_limit:6,random_seed:0,replication:1,num_threads:128}",1
c15900_1.json.gz,11216,c,15,900,LagrangeTemplate,highs,LTFarkas,1,572,11215.03509,11228,0.106875668,11215.80121,0.766120395,85,988,10.727538,2.644916,13.540041,25311,2359.441654,2.720868811,1,0,"{timeout:3600,max_col_multiplier:1,age_limit:6,random_seed:0,replication:1,num_threads:128}",1
c15900_2.json.gz,11264,c,15,900,LagrangeTemplate,highs,LTFarkas,1,723,11263.0672,11280,0.141843972,11263.34286,0.275657858,99,995,14.729995,3.601872,18.52441,37979,2578.344392,3.322370315,1,0,"{timeout:3600,max_col_multiplier:1,age_limit:6,random_seed:0,replication:1,num_threads:128}",1
c15900_3.json.gz,11257,c,15,900,LagrangeTemplate,highs,LTFarkas,1,933,11256.00912,11260,0.026642978,11256.01409,0.004965377,91,922,26.379346,4.579742,31.188023,58859,2231.253193,4.197882122,1,0,"{timeout:3600,max_col_multiplier:1,age_limit:6,random_seed:0,replication:1,num_threads:128}",1
c15900_4.json.gz,11376,c,15,900,LagrangeTemplate,highs,LTFarkas,1,684,11375.17881,11397,0.184259016,11375.91931,0.740495477,87,1016,13.922135,3.297095,17.403386,28562,2051.553156,2.590585993,1,0,"{timeout:3600,max_col_multiplier:1,age_limit:6,random_seed:0,replication:1,num_threads:128}",1
c15900_5.json.gz,11244,c,15,900,LagrangeTemplate,highs,LTFarkas,1,771,11243.00968,11253,0.079978669,11243.66442,0.654731606,97,1014,19.586903,3.809444,23.614326,51361,2622.211383,4.260789576,1,0,"{timeout:3600,max_col_multiplier:1,age_limit:6,random_seed:0,replication:1,num_threads:128}",1
c15900_6.json.gz,11358,c,15,900,LagrangeTemplate,highs,LTFarkas,1,580,11357.04327,11371,0.114325917,11357.68449,0.641215408,85,998,11.501237,2.884487,14.548557,25213,2192.198978,2.664569559,1,0,"{timeout:3600,max_col_multiplier:1,age_limit:6,random_seed:0,replication:1,num_threads:128}",1
c15900_7.json.gz,11268,c,15,900,LagrangeTemplate,highs,LTFarkas,1,886,11267.01844,11279,0.097526376,11267.18353,0.16509434,75,929,22.840954,4.259473,27.317155,44720,1957.886698,3.692021626,1,0,"{timeout:3600,max_col_multiplier:1,age_limit:6,random_seed:0,replication:1,num_threads:128}",1
c15900_8.json.gz,11217,c,15,900,LagrangeTemplate,highs,LTFarkas,1,1044,11216.02202,11220,0.026737967,11216.19167,0.16964871,84,942,24.086634,5.166378,29.504415,69905,2902.232001,4.381497476,1,0,"{timeout:3600,max_col_multiplier:1,age_limit:6,random_seed:0,replication:1,num_threads:128}",1
c15900_9.json.gz,11365,c,15,900,LagrangeTemplate,highs,LTFarkas,1,600,11364.10297,11386,0.184437028,11364.48058,0.377611959,89,993,13.265186,2.884671,16.319624,24548,1850.558296,2.514577536,1,0,"{timeout:3600,max_col_multiplier:1,age_limit:6,random_seed:0,replication:1,num_threads:128}",1
c20100_0.json.gz,1264,c,20,100,LagrangeTemplate,highs,LTFarkas,1,43,1263.05625,1273,0.706991359,1263.65,0.59375,61,141,0.021057,0.012623,0.042699,1240,58887.78079,1.321478428,1,0,"{timeout:3600,max_col_multiplier:1,age_limit:2,random_seed:0,replication:1,num_threads:128}",1
c20100_1.json.gz,1241,c,20,100,LagrangeTemplate,highs,LTFarkas,1,50,1240.333333,1244,0.241157556,1240.333333,0,50,126,0.022882,0.014439,0.045627,1248,54540.687,1.344136211,1,0,"{timeout:3600,max_col_multiplier:1,age_limit:2,random_seed:0,replication:1,num_threads:128}",1
c20100_2.json.gz,1225,c,20,100,LagrangeTemplate,highs,LTFarkas,1,39,1224.254717,1228,0.244299674,1224.90566,0.650943396,60,154,0.02033,0.010757,0.039655,1253,61633.0546,1.384592241,1,0,"{timeout:3600,max_col_multiplier:1,age_limit:2,random_seed:0,replication:1,num_threads:128}",1
c20100_3.json.gz,1221,c,20,100,LagrangeTemplate,highs,LTFarkas,1,49,1220.111111,1221,0,1220.111111,0,47,122,0.023153,0.014583,0.046494,1213,52390.61893,1.341207972,1,0,"{timeout:3600,max_col_multiplier:1,age_limit:2,random_seed:0,replication:1,num_threads:128}",1
c20100_4.json.gz,1260,c,20,100,LagrangeTemplate,highs,LTFarkas,1,43,1259.085106,1267,0.552486188,1259.244681,0.159574468,55,130,0.02188,0.012464,0.043024,1197,54707.49543,1.291306929,1,0,"{timeout:3600,max_col_multiplier:1,age_limit:2,random_seed:0,replication:1,num_threads:128}",1
c20100_5.json.gz,1264,c,20,100,LagrangeTemplate,highs,LTFarkas,1,49,1263.034653,1264,0,1264,0.965346535,20,142,0.026977,0.014477,0.050252,1621,60088.2233,1.628627803,1,0,"{timeout:3600,max_col_multiplier:1,age_limit:2,random_seed:0,replication:1,num_threads:128}",1
c20100_6.json.gz,1223,c,20,100,LagrangeTemplate,highs,LTFarkas,1,46,1222.75,1228,0.407166124,1223,0.25,39,127,0.022776,0.01288,0.044154,1408,61819.45908,1.561880819,1,0,"{timeout:3600,max_col_multiplier:1,age_limit:2,random_seed:0,replication:1,num_threads:128}",1
c20100_7.json.gz,1222,c,20,100,LagrangeTemplate,highs,LTFarkas,1,41,1221.421053,1236,1.132686084,1221.421053,0,61,128,0.019984,0.012104,0.040022,1270,63550.84067,1.456332204,1,0,"{timeout:3600,max_col_multiplier:1,age_limit:2,random_seed:0,replication:1,num_threads:128}",1
c20100_8.json.gz,1225,c,20,100,LagrangeTemplate,highs,LTFarkas,1,39,1224.298246,1231,0.487408611,1224.666667,0.368421053,34,134,0.019673,0.010776,0.038403,1307,66436.2324,1.62277865,1,0,"{timeout:3600,max_col_multiplier:1,age_limit:2,random_seed:0,replication:1,num_threads:128}",1
c20100_9.json.gz,1266,c,20,100,LagrangeTemplate,highs,LTFarkas,1,40,1265.388889,1297,2.390131072,1265.833333,0.444444444,38,146,0.021761,0.011012,0.04167,1290,59280.36395,1.458684427,1,0,"{timeout:3600,max_col_multiplier:1,age_limit:2,random_seed:0,replication:1,num_threads:128}",1
c201600_0.json.gz,18932,c,20,1600,LagrangeTemplate,highs,LTFarkas,1,1160,18931.01448,18949,0.089714497,18931.65621,0.641727245,113,1768,110.713011,9.715165,121.096538,114370,1033.031249,4.786136364,1,0,"{timeout:3600,max_col_multiplier:1,age_limit:8,random_seed:0,replication:1,num_threads:128}",1
c201600_1.json.gz,18832,c,20,1600,LagrangeTemplate,highs,LTFarkas,1,1235,18831.00004,18842,0.053072915,18831.83407,0.834031313,124,1757,111.953493,10.46302,123.07273,125473,1120.760028,4.942959513,1,0,"{timeout:3600,max_col_multiplier:1,age_limit:8,random_seed:0,replication:1,num_threads:128}",1
c201600_2.json.gz,18809,c,20,1600,LagrangeTemplate,highs,LTFarkas,1,1096,18808.01769,18820,0.058448458,18808.22672,0.209036213,127,1814,119.779598,9.646117,130.043984,111136,927.837477,4.923324733,1,0,"{timeout:3600,max_col_multiplier:1,age_limit:8,random_seed:0,replication:1,num_threads:128}",1
c201600_3.json.gz,18984,c,20,1600,LagrangeTemplate,highs,LTFarkas,1,947,18983.09781,18999,0.078951524,18983.70053,0.6027183,126,1769,82.670761,8.391106,91.580826,68306,826.2413358,3.425814463,1,0,"{timeout:3600,max_col_multiplier:1,age_limit:8,random_seed:0,replication:1,num_threads:128}",1
c201600_4.json.gz,18636,c,20,1600,LagrangeTemplate,highs,LTFarkas,1,1297,18635.00106,18642,0.032185382,18635.11995,0.118892892,125,1746,152.286101,10.807818,163.777994,158649,1041.782533,5.992383353,1,0,"{timeout:3600,max_col_multiplier:1,age_limit:8,random_seed:0,replication:1,num_threads:128}",1
c201600_5.json.gz,18813,c,20,1600,LagrangeTemplate,highs,LTFarkas,1,1116,18812.03037,18820,0.03719447,18812.93997,0.909599124,128,1739,107.875746,9.077157,117.544698,98193,910.2416775,4.245166587,1,0,"{timeout:3600,max_col_multiplier:1,age_limit:8,random_seed:0,replication:1,num_threads:128}",1
c201600_6.json.gz,19037,c,20,1600,LagrangeTemplate,highs,LTFarkas,1,1027,19036.0119,19059,0.11543103,19036.1141,0.102206226,124,1651,88.957771,8.709544,98.200392,81813,919.6835654,3.875224955,1,0,"{timeout:3600,max_col_multiplier:1,age_limit:8,random_seed:0,replication:1,num_threads:128}",1
c201600_7.json.gz,18853,c,20,1600,LagrangeTemplate,highs,LTFarkas,1,928,18852.01365,18888,0.185302838,18852.99233,0.978672066,127,1797,101.844523,7.912193,110.249006,81575,800.9758168,4.194911865,1,0,"{timeout:3600,max_col_multiplier:1,age_limit:8,random_seed:0,replication:1,num_threads:128}",1
c201600_8.json.gz,18938,c,20,1600,LagrangeTemplate,highs,LTFarkas,1,928,18937.01908,18978,0.210770366,18937.94593,0.926851849,119,1792,87.703063,7.87928,96.068925,71910,819.9257533,3.684756819,1,0,"{timeout:3600,max_col_multiplier:1,age_limit:8,random_seed:0,replication:1,num_threads:128}",1
c201600_9.json.gz,19006,c,20,1600,LagrangeTemplate,highs,LTFarkas,1,1024,19005.15466,19021,0.078860202,19005.76713,0.612467218,120,1855,114.985755,8.667299,124.224211,105360,916.2874132,4.973958696,1,0,"{timeout:3600,max_col_multiplier:1,age_limit:8,random_seed:0,replication:1,num_threads:128}",1
c20200_0.json.gz,2409,c,20,200,LagrangeTemplate,highs,LTFarkas,1,95,2408.083916,2432,0.945723684,2408.590909,0.506993007,75,251,0.085478,0.042231,0.146584,3243,37939.58679,1.570645984,1,0,"{timeout:3600,max_col_multiplier:1,age_limit:2,random_seed:0,replication:1,num_threads:128}",1
c20200_1.json.gz,2345,c,20,200,LagrangeTemplate,highs,LTFarkas,1,89,2344.063798,2360,0.63559322,2344.189911,0.12611276,74,229,0.076614,0.037642,0.137372,2905,37917.35192,1.517777521,1,0,"{timeout:3600,max_col_multiplier:1,age_limit:2,random_seed:0,replication:1,num_threads:128}",1
c20200_2.json.gz,2409,c,20,200,LagrangeTemplate,highs,LTFarkas,1,103,2408.120567,2422,0.536746491,2408.312057,0.191489362,68,240,0.094651,0.043759,0.157023,3752,39640.36302,1.692289971,1,0,"{timeout:3600,max_col_multiplier:1,age_limit:2,random_seed:0,replication:1,num_threads:128}",1
c20200_3.json.gz,2434,c,20,200,LagrangeTemplate,highs,LTFarkas,1,105,2433.020072,2436,0.082101806,2433.133327,0.113254542,89,255,0.111913,0.047296,0.178879,4077,36430.08408,1.910693652,1,0,"{timeout:3600,max_col_multiplier:1,age_limit:2,random_seed:0,replication:1,num_threads:128}",1
c20200_4.json.gz,2429,c,20,200,LagrangeTemplate,highs,LTFarkas,1,109,2428.191244,2431,0.082270671,2428.191244,0,83,234,0.111908,0.049237,0.180543,4192,37459.3416,1.756990814,1,0,"{timeout:3600,max_col_multiplier:1,age_limit:2,random_seed:0,replication:1,num_threads:128}",1
c20200_5.json.gz,2400,c,20,200,LagrangeTemplate,highs,LTFarkas,1,96,2399.436782,2412,0.497512438,2399.804598,0.367816092,61,249,0.080925,0.041155,0.138653,3240,40037.07136,1.564710754,1,0,"{timeout:3600,max_col_multiplier:1,age_limit:2,random_seed:0,replication:1,num_threads:128}",1
c20200_6.json.gz,2394,c,20,200,LagrangeTemplate,highs,LTFarkas,1,96,2393.025655,2412,0.746268657,2393.173169,0.147514698,74,235,0.088498,0.041484,0.148915,3444,38916.1337,1.683839912,1,0,"{timeout:3600,max_col_multiplier:1,age_limit:2,random_seed:0,replication:1,num_threads:128}",1
c20200_7.json.gz,2377,c,20,200,LagrangeTemplate,highs,LTFarkas,1,102,2376.580675,2380,0.12605042,2376.828624,0.247948952,76,244,0.099585,0.044193,0.161704,3883,38991.81604,1.794010628,1,0,"{timeout:3600,max_col_multiplier:1,age_limit:2,random_seed:0,replication:1,num_threads:128}",1
c20200_8.json.gz,2307,c,20,200,LagrangeTemplate,highs,LTFarkas,1,89,2306.189189,2307,6.50E-13,2306.608108,0.418918919,77,242,0.072717,0.035334,0.124481,2705,37199.00436,1.435997254,1,0,"{timeout:3600,max_col_multiplier:1,age_limit:2,random_seed:0,replication:1,num_threads:128}",1
c20200_9.json.gz,2394,c,20,200,LagrangeTemplate,highs,LTFarkas,1,98,2393.098186,2407,0.5400914,2393.886179,0.787992495,88,262,0.097275,0.044328,0.160764,3926,40359.80468,1.858381244,1,0,"{timeout:3600,max_col_multiplier:1,age_limit:2,random_seed:0,replication:1,num_threads:128}",1
c20400_0.json.gz,4728,c,20,400,LagrangeTemplate,highs,LTFarkas,1,231,4727.027724,4751,0.484108609,4727.147167,0.119442214,104,429,0.506447,0.21109,0.766299,9395,18550.80591,1.908196877,1,0,"{timeout:3600,max_col_multiplier:1,age_limit:2,random_seed:0,replication:1,num_threads:128}",1
c20400_1.json.gz,4688,c,20,400,LagrangeTemplate,highs,LTFarkas,1,228,4687.039736,4712,0.509337861,4687.638812,0.599075549,101,454,0.494293,0.206849,0.745926,9262,18737.87409,1.856761421,1,0,"{timeout:3600,max_col_multiplier:1,age_limit:2,random_seed:0,replication:1,num_threads:128}",1
c20400_2.json.gz,4758,c,20,400,LagrangeTemplate,highs,LTFarkas,1,247,4757.168919,4770,0.251572327,4757.864865,0.695945946,92,473,0.543817,0.235141,0.827663,9528,17520.59976,1.790092486,1,0,"{timeout:3600,max_col_multiplier:1,age_limit:2,random_seed:0,replication:1,num_threads:128}",1
c20400_3.json.gz,4718,c,20,400,LagrangeTemplate,highs,LTFarkas,1,217,4717.01905,4773,1.152315106,4717.2254,0.20635,102,428,0.461056,0.206887,0.711868,8782,19047.57773,1.845061013,1,0,"{timeout:3600,max_col_multiplier:1,age_limit:2,random_seed:0,replication:1,num_threads:128}",1
c20400_4.json.gz,4774,c,20,400,LagrangeTemplate,highs,LTFarkas,1,219,4773.079908,4788,0.292397661,4773.370023,0.290114943,100,441,0.460475,0.207251,0.71245,8754,19010.80406,1.823909977,1,0,"{timeout:3600,max_col_multiplier:1,age_limit:2,random_seed:0,replication:1,num_threads:128}",1
c20400_5.json.gz,4737,c,20,400,LagrangeTemplate,highs,LTFarkas,1,262,4736.168206,4777,0.837345614,4736.251979,0.083773087,94,435,0.552702,0.245935,0.844391,9594,17358.35948,1.70550922,1,0,"{timeout:3600,max_col_multiplier:1,age_limit:2,random_seed:0,replication:1,num_threads:128}",1
c20400_6.json.gz,4749,c,20,400,LagrangeTemplate,highs,LTFarkas,1,252,4748.028965,4768,0.398489933,4748.557477,0.528512674,99,472,0.589719,0.225773,0.862953,10808,18327.37287,2.006883618,1,0,"{timeout:3600,max_col_multiplier:1,age_limit:2,random_seed:0,replication:1,num_threads:128}",1
c20400_7.json.gz,4755,c,20,400,LagrangeTemplate,highs,LTFarkas,1,203,4754.036594,4762,0.14699706,4754.513468,0.476874086,91,441,0.404434,0.186352,0.632319,7615,18828.78294,1.719316019,1,0,"{timeout:3600,max_col_multiplier:1,age_limit:2,random_seed:0,replication:1,num_threads:128}",1
c20400_8.json.gz,4697,c,20,400,LagrangeTemplate,highs,LTFarkas,1,250,4696.057648,4712,0.318336163,4696.373792,0.316144697,97,463,0.540839,0.227808,0.813542,9973,18439.86843,1.837219515,1,0,"{timeout:3600,max_col_multiplier:1,age_limit:2,random_seed:0,replication:1,num_threads:128}",1
c20400_9.json.gz,4739,c,20,400,LagrangeTemplate,highs,LTFarkas,1,259,4738.147751,4741,0.042185193,4738.458335,0.310584706,98,433,0.632979,0.240693,0.922602,11249,17771.52165,2.054202803,1,0,"{timeout:3600,max_col_multiplier:1,age_limit:2,random_seed:0,replication:1,num_threads:128}",1
c30900_0.json.gz,10007,c,30,900,LagrangeTemplate,highs,LTFarkas,1,441,10006.01947,10016,0.08985623,10006.83364,0.814168584,171,1057,5.286632,0.890615,6.376644,39875,7542.609359,2.872405764,1,0,"{timeout:3600,max_col_multiplier:1,age_limit:3,random_seed:0,replication:1,num_threads:128}",1
c30900_1.json.gz,9978,c,30,900,LagrangeTemplate,highs,LTFarkas,1,359,9977.004527,10009,0.309721251,9977.707473,0.702945061,171,1017,3.446742,0.708809,4.328154,27450,7964.042565,2.399477655,1,0,"{timeout:3600,max_col_multiplier:1,age_limit:3,random_seed:0,replication:1,num_threads:128}",1
c30900_2.json.gz,10083,c,30,900,LagrangeTemplate,highs,LTFarkas,1,417,10082.00543,10101,0.178200178,10082.90466,0.899225738,177,1013,4.240394,0.842943,5.250957,34594,8158.204167,2.62731798,1,0,"{timeout:3600,max_col_multiplier:1,age_limit:3,random_seed:0,replication:1,num_threads:128}",1
c30900_3.json.gz,10010,c,30,900,LagrangeTemplate,highs,LTFarkas,1,449,10009.01956,10022,0.11973658,10009.13215,0.112586054,158,966,4.765562,0.923471,5.860167,37253,7817.126291,2.655615877,1,0,"{timeout:3600,max_col_multiplier:1,age_limit:3,random_seed:0,replication:1,num_threads:128}",1
c30900_4.json.gz,9902,c,30,900,LagrangeTemplate,highs,LTFarkas,1,413,9901.089807,9910,0.080726539,9901.36048,0.270673809,147,970,3.764547,0.782417,4.720221,31833,8455.997495,2.446471069,1,0,"{timeout:3600,max_col_multiplier:1,age_limit:3,random_seed:0,replication:1,num_threads:128}",1
c30900_5.json.gz,10020,c,30,900,LagrangeTemplate,highs,LTFarkas,1,426,10019.05985,10035,0.149476831,10019.49089,0.431037612,157,949,4.352853,0.845151,5.379825,33116,7607.883841,2.492156162,1,0,"{timeout:3600,max_col_multiplier:1,age_limit:3,random_seed:0,replication:1,num_threads:128}",1
c30900_6.json.gz,9981,c,30,900,LagrangeTemplate,highs,LTFarkas,1,487,9980.049446,9989,0.080088097,9980.337001,0.287555627,154,974,6.017789,0.979435,7.182755,44841,7451.407818,2.956876374,1,0,"{timeout:3600,max_col_multiplier:1,age_limit:3,random_seed:0,replication:1,num_threads:128}",1
c30900_7.json.gz,9923,c,30,900,LagrangeTemplate,highs,LTFarkas,1,413,9922.018084,9948,0.251306795,9922.087796,0.069712116,165,942,3.98829,0.816367,4.962184,31812,7976.350767,2.473963803,1,0,"{timeout:3600,max_col_multiplier:1,age_limit:3,random_seed:0,replication:1,num_threads:128}",1
c30900_8.json.gz,9948,c,30,900,LagrangeTemplate,highs,LTFarkas,1,407,9947.045312,9959,0.110452857,9947.59584,0.550528082,164,1016,4.542814,0.856282,5.561926,33720,7422.712002,2.631630796,1,0,"{timeout:3600,max_col_multiplier:1,age_limit:3,random_seed:0,replication:1,num_threads:128}",1
c30900_9.json.gz,9971,c,30,900,LagrangeTemplate,highs,LTFarkas,1,421,9970.01508,9998,0.270054011,9970.442154,0.427074403,165,987,4.341653,0.844845,5.356249,34320,7904.823347,2.576456984,1,0,"{timeout:3600,max_col_multiplier:1,age_limit:3,random_seed:0,replication:1,num_threads:128}",1
c401600_0.json.gz,17144,c,40,1600,LagrangeTemplate,highs,LTFarkas,1,605,17143.01252,17164,0.116522955,17143.76832,0.755801498,224,1788,24.602799,2.1765,27.284326,76917,3126.351599,3.075447835,1,0,"{timeout:3600,max_col_multiplier:1,age_limit:4,random_seed:0,replication:1,num_threads:128}",1
c401600_1.json.gz,17125,c,40,1600,LagrangeTemplate,highs,LTFarkas,1,547,17124.01926,17140,0.087514586,17124.52377,0.504509184,230,1756,21.868319,2.008965,24.311634,69795,3191.603342,3.055979614,1,0,"{timeout:3600,max_col_multiplier:1,age_limit:4,random_seed:0,replication:1,num_threads:128}",1
c401600_2.json.gz,17152,c,40,1600,LagrangeTemplate,highs,LTFarkas,1,660,17151.13657,17163,0.064091359,17151.71381,0.577237043,232,1794,27.199875,2.377035,30.050826,94201,3463.287975,3.473157,1,0,"{timeout:3600,max_col_multiplier:1,age_limit:4,random_seed:0,replication:1,num_threads:128}",1
c401600_3.json.gz,17131,c,40,1600,LagrangeTemplate,highs,LTFarkas,1,645,17130.00141,17142,0.064169875,17130.26463,0.263225336,245,1753,24.359969,2.307369,27.161406,85132,3494.749932,3.177893236,1,0,"{timeout:3600,max_col_multiplier:1,age_limit:4,random_seed:0,replication:1,num_threads:128}",1
c401600_4.json.gz,17108,c,40,1600,LagrangeTemplate,highs,LTFarkas,1,710,17107.00581,17131,0.13425953,17107.09426,0.088444114,219,1680,31.690255,2.583672,34.818267,98621,3112.029234,3.408719072,1,0,"{timeout:3600,max_col_multiplier:1,age_limit:4,random_seed:0,replication:1,num_threads:128}",1
c401600_5.json.gz,17097,c,40,1600,LagrangeTemplate,highs,LTFarkas,1,680,17096.01328,17111,0.081818713,17096.05149,0.038204957,246,1754,30.580115,2.41634,33.510584,95669,3128.470903,3.423215965,1,0,"{timeout:3600,max_col_multiplier:1,age_limit:4,random_seed:0,replication:1,num_threads:128}",1
c401600_6.json.gz,17161,c,40,1600,LagrangeTemplate,highs,LTFarkas,1,647,17160.10558,17175,0.081513828,17160.67602,0.570439249,218,1779,26.533423,2.337062,29.365151,87705,3305.453654,3.28862756,1,0,"{timeout:3600,max_col_multiplier:1,age_limit:4,random_seed:0,replication:1,num_threads:128}",1
c401600_7.json.gz,17096,c,40,1600,LagrangeTemplate,highs,LTFarkas,1,562,17095.08099,17115,0.111013731,17095.52027,0.43927809,221,1730,22.861654,1.982795,25.302903,77128,3373.684161,3.307344098,1,0,"{timeout:3600,max_col_multiplier:1,age_limit:4,random_seed:0,replication:1,num_threads:128}",1
c401600_8.json.gz,17076,c,40,1600,LagrangeTemplate,highs,LTFarkas,1,568,17075.03632,17082,0.035124693,17075.30046,0.264145348,232,1706,22.470607,2.021172,24.968691,72598,3230.798349,3.074622047,1,0,"{timeout:3600,max_col_multiplier:1,age_limit:4,random_seed:0,replication:1,num_threads:128}",1
c401600_9.json.gz,17110,c,40,1600,LagrangeTemplate,highs,LTFarkas,1,702,17109.01617,17121,0.064248583,17109.74983,0.733654376,222,1762,27.413223,2.44401,30.351178,103682,3782.189347,3.584348818,1,0,"{timeout:3600,max_col_multiplier:1,age_limit:4,random_seed:0,replication:1,num_threads:128}",1
c40400_0.json.gz,4345,c,40,400,LagrangeTemplate,highs,LTFarkas,1,112,4344.041945,4363,0.412560165,4344.313856,0.271911489,158,499,0.32447,0.073312,0.456863,9801,30206.18239,2.144378752,1,0,"{timeout:3600,max_col_multiplier:1,age_limit:2,random_seed:0,replication:1,num_threads:128}",1
c40400_1.json.gz,4324,c,40,400,LagrangeTemplate,highs,LTFarkas,1,133,4323.020577,4324,2.10E-13,4323.040393,0.019816034,148,454,0.364364,0.086896,0.518498,10348,28400.17126,1.942024106,1,0,"{timeout:3600,max_col_multiplier:1,age_limit:2,random_seed:0,replication:1,num_threads:128}",1
c40400_2.json.gz,4283,c,40,400,LagrangeTemplate,highs,LTFarkas,1,126,4282.099617,4294,0.256171402,4282.478927,0.379310345,155,500,0.375131,0.081129,0.518491,10537,28088.85429,2.005110458,1,0,"{timeout:3600,max_col_multiplier:1,age_limit:2,random_seed:0,replication:1,num_threads:128}",1
c40400_3.json.gz,4360,c,40,400,LagrangeTemplate,highs,LTFarkas,1,127,4359.257242,4372,0.274473925,4359.434456,0.177213549,163,494,0.364609,0.084711,0.511539,10402,28529.19154,2.022280902,1,0,"{timeout:3600,max_col_multiplier:1,age_limit:2,random_seed:0,replication:1,num_threads:128}",1
c40400_4.json.gz,4349,c,40,400,LagrangeTemplate,highs,LTFarkas,1,120,4348.027607,4378,0.662402924,4348.05718,0.029573522,157,447,0.298718,0.078769,0.438798,9629,32234.41507,1.977746023,1,0,"{timeout:3600,max_col_multiplier:1,age_limit:2,random_seed:0,replication:1,num_threads:128}",1
c40400_5.json.gz,4325,c,40,400,LagrangeTemplate,highs,LTFarkas,1,106,4324.076737,4336,0.253690037,4324.546126,0.469388703,153,476,0.322261,0.068219,0.449727,9990,30999.71762,2.260846483,1,0,"{timeout:3600,max_col_multiplier:1,age_limit:2,random_seed:0,replication:1,num_threads:128}",1
c40400_6.json.gz,4313,c,40,400,LagrangeTemplate,highs,LTFarkas,1,112,4312.020871,4328,0.346580407,4312.389227,0.368356184,160,451,0.318242,0.071647,0.450861,9469,29754.08651,2.087115949,1,0,"{timeout:3600,max_col_multiplier:1,age_limit:2,random_seed:0,replication:1,num_threads:128}",1
c40400_7.json.gz,4288,c,40,400,LagrangeTemplate,highs,LTFarkas,1,131,4287.008467,4297,0.209448452,4287.079181,0.07071412,153,455,0.312882,0.083766,0.457536,8926,28528.32697,1.791382003,1,0,"{timeout:3600,max_col_multiplier:1,age_limit:2,random_seed:0,replication:1,num_threads:128}",1
c40400_8.json.gz,4271,c,40,400,LagrangeTemplate,highs,LTFarkas,1,109,4270.251508,4288,0.396455224,4270.435457,0.183948887,143,505,0.258624,0.068762,0.38681,8335,32228.25415,1.786456951,1,0,"{timeout:3600,max_col_multiplier:1,age_limit:2,random_seed:0,replication:1,num_threads:128}",1
c40400_9.json.gz,4325,c,40,400,LagrangeTemplate,highs,LTFarkas,1,126,4324.373117,4337,0.276688955,4324.594694,0.22157646,170,490,0.344838,0.081736,0.487826,10295,29854.59839,2.000167455,1,0,"{timeout:3600,max_col_multiplier:1,age_limit:2,random_seed:0,replication:1,num_threads:128}",1
c5100_0.json.gz,1737,c,5,100,LagrangeTemplate,highs,LTFarkas,1,207,1736.257576,1742,0.287026406,1736.287879,0.03030303,25,112,0.095362,0.066819,0.170885,1731,18151.8844,1.493980297,1,0,"{timeout:3600,max_col_multiplier:1,age_limit:2,random_seed:0,replication:1,num_threads:128}",1
c5100_1.json.gz,1731,c,5,100,LagrangeTemplate,highs,LTFarkas,1,236,1730.2,1731,3.94E-13,1730.466667,0.266666667,26,108,0.111846,0.084762,0.205919,2106,18829.46194,1.705468119,1,0,"{timeout:3600,max_col_multiplier:1,age_limit:2,random_seed:0,replication:1,num_threads:128}",1
c5100_2.json.gz,1785,c,5,100,LagrangeTemplate,highs,LTFarkas,1,126,1784.172414,1799,0.778210117,1784.482759,0.310344828,25,117,0.053842,0.042737,0.102931,1070,19872.96163,1.371335201,1,0,"{timeout:3600,max_col_multiplier:1,age_limit:2,random_seed:0,replication:1,num_threads:128}",1
c5100_3.json.gz,1839,c,5,100,LagrangeTemplate,highs,LTFarkas,1,196,1838.064516,1846,0.379198267,1838.983871,0.919354839,31,112,0.092024,0.069283,0.169108,1832,19907.85013,1.67020539,1,0,"{timeout:3600,max_col_multiplier:1,age_limit:2,random_seed:0,replication:1,num_threads:128}",1
c5100_4.json.gz,1831,c,5,100,LagrangeTemplate,highs,LTFarkas,1,170,1830.642857,1846,0.812567714,1831,0.357142857,17,120,0.083005,0.05969,0.150673,1566,18866.33335,1.604542484,1,0,"{timeout:3600,max_col_multiplier:1,age_limit:2,random_seed:0,replication:1,num_threads:128}",1
c5100_5.json.gz,1801,c,5,100,LagrangeTemplate,highs,LTFarkas,1,164,1800.035714,1806,0.276854928,1800.107143,0.071428571,24,109,0.070168,0.057938,0.135788,1411,20108.88154,1.572649898,1,0,"{timeout:3600,max_col_multiplier:1,age_limit:2,random_seed:0,replication:1,num_threads:128}",1
c5100_6.json.gz,1906,c,5,100,LagrangeTemplate,highs,LTFarkas,1,201,1905.034286,1915,0.46997389,1905.445714,0.411428571,31,112,0.095006,0.076126,0.179548,1839,19356.67221,1.683167496,1,0,"{timeout:3600,max_col_multiplier:1,age_limit:2,random_seed:0,replication:1,num_threads:128}",1
c5100_7.json.gz,1843,c,5,100,LagrangeTemplate,highs,LTFarkas,1,174,1842.166667,1848,0.270562771,1842.666667,0.5,10,112,0.080461,0.058648,0.146545,1839,22855.79349,1.927367269,1,0,"{timeout:3600,max_col_multiplier:1,age_limit:2,random_seed:0,replication:1,num_threads:128}",1
c5100_8.json.gz,1742,c,5,100,LagrangeTemplate,highs,LTFarkas,1,124,1741.066667,1754,0.684150513,1741.2,0.133333333,20,108,0.048534,0.040345,0.095033,931,19182.42881,1.234677419,1,0,"{timeout:3600,max_col_multiplier:1,age_limit:2,random_seed:0,replication:1,num_threads:128}",1
c5100_9.json.gz,1771,c,5,100,LagrangeTemplate,highs,LTFarkas,1,191,1770.145161,1797,1.446855871,1770.612903,0.467741935,23,109,0.089332,0.073195,0.170149,1535,17183.09228,1.500849189,1,0,"{timeout:3600,max_col_multiplier:1,age_limit:2,random_seed:0,replication:1,num_threads:128}",1
c5200_0.json.gz,3525,c,5,200,LagrangeTemplate,highs,LTFarkas,1,260,3524.003226,3587,1.728463897,3524.109677,0.106451613,28,215,0.426748,0.321071,0.763719,2266,5309.925295,1.493167605,1,0,"{timeout:3600,max_col_multiplier:1,age_limit:4,random_seed:0,replication:1,num_threads:128}",1
c5200_1.json.gz,3698,c,5,200,LagrangeTemplate,highs,LTFarkas,1,325,3697.028369,3698,1.60E-12,3697.787234,0.758865248,32,224,0.631615,0.493486,1.146644,3512,5560.349263,2.018465483,1,0,"{timeout:3600,max_col_multiplier:1,age_limit:4,random_seed:0,replication:1,num_threads:128}",1
c5200_2.json.gz,3623,c,5,200,LagrangeTemplate,highs,LTFarkas,1,303,3622.110526,3639,0.439681231,3622.8,0.689473684,14,226,0.426787,0.370712,0.816727,2976,6973.033387,1.674976291,1,0,"{timeout:3600,max_col_multiplier:1,age_limit:4,random_seed:0,replication:1,num_threads:128}",1
c5200_3.json.gz,3298,c,5,200,LagrangeTemplate,highs,LTFarkas,1,359,3297.0625,3300,0.060606061,3297.0625,0,27,209,0.609873,0.442874,1.07336,3032,4971.526859,1.850742804,1,0,"{timeout:3600,max_col_multiplier:1,age_limit:4,random_seed:0,replication:1,num_threads:128}",1
c5200_4.json.gz,3546,c,5,200,LagrangeTemplate,highs,LTFarkas,1,354,3545.021505,3557,0.309249367,3545.462366,0.440860215,25,220,0.595634,0.51328,1.130311,3746,6289.096996,1.909387223,1,0,"{timeout:3600,max_col_multiplier:1,age_limit:4,random_seed:0,replication:1,num_threads:128}",1
c5200_5.json.gz,3594,c,5,200,LagrangeTemplate,highs,LTFarkas,1,364,3593.021327,3603,0.24979184,3593.317536,0.296208531,30,215,0.658191,0.520817,1.203373,4136,6283.890239,2.084166667,1,0,"{timeout:3600,max_col_multiplier:1,age_limit:4,random_seed:0,replication:1,num_threads:128}",1
c5200_6.json.gz,3330,c,5,200,LagrangeTemplate,highs,LTFarkas,1,447,3329.037209,3331,0.030021015,3329.093023,0.055813953,33,225,0.936971,0.618921,1.583975,5682,6064.221838,2.400745712,1,0,"{timeout:3600,max_col_multiplier:1,age_limit:4,random_seed:0,replication:1,num_threads:128}",1
c5200_7.json.gz,3520,c,5,200,LagrangeTemplate,highs,LTFarkas,1,300,3519.1,3529,0.255029753,3519.9,0.8,29,225,0.463598,0.396743,0.878685,3234,6975.871337,1.874537037,1,0,"{timeout:3600,max_col_multiplier:1,age_limit:4,random_seed:0,replication:1,num_threads:128}",1
c5200_8.json.gz,3502,c,5,200,LagrangeTemplate,highs,LTFarkas,1,456,3501.157895,3503,0.02854696,3501.736842,0.578947368,30,227,0.911474,0.62004,1.560772,6852,7517.493642,2.83849681,1,0,"{timeout:3600,max_col_multiplier:1,age_limit:4,random_seed:0,replication:1,num_threads:128}",1
c5200_9.json.gz,3511,c,5,200,LagrangeTemplate,highs,LTFarkas,1,373,3510.347561,3524,0.368898978,3510.804878,0.457317073,29,230,0.586311,0.490104,1.100145,4378,7467.026885,2.146746283,1,0,"{timeout:3600,max_col_multiplier:1,age_limit:4,random_seed:0,replication:1,num_threads:128}",1
c60900_0.json.gz,9328,c,60,900,LagrangeTemplate,highs,LTFarkas,1,226,9327.059879,9337,0.096390704,9327.823695,0.76381632,272,1082,2.710506,0.330141,3.319291,37231,13735.81169,2.673991103,1,0,"{timeout:3600,max_col_multiplier:1,age_limit:2,random_seed:0,replication:1,num_threads:128}",1
c60900_1.json.gz,9321,c,60,900,LagrangeTemplate,highs,LTFarkas,1,203,9320.063447,9328,0.075042882,9320.882197,0.818749461,257,1066,2.062617,0.295813,2.598002,30296,14688.13648,2.356590563,1,0,"{timeout:3600,max_col_multiplier:1,age_limit:2,random_seed:0,replication:1,num_threads:128}",1
c60900_2.json.gz,9357,c,60,900,LagrangeTemplate,highs,LTFarkas,1,187,9356.065162,9380,0.245202559,9356.572305,0.507143142,264,1058,1.698364,0.264897,2.195588,27130,15974.19634,2.294812184,1,0,"{timeout:3600,max_col_multiplier:1,age_limit:2,random_seed:0,replication:1,num_threads:128}",1
c60900_3.json.gz,9329,c,60,900,LagrangeTemplate,highs,LTFarkas,1,200,9328.122081,9347,0.192575158,9328.600062,0.477980863,280,1050,1.946513,0.285982,2.47589,29655,15234.9355,2.364034977,1,0,"{timeout:3600,max_col_multiplier:1,age_limit:2,random_seed:0,replication:1,num_threads:128}",1
c60900_4.json.gz,9349,c,60,900,LagrangeTemplate,highs,LTFarkas,1,208,9348.034856,9361,0.128191433,9348.598915,0.564059353,263,1074,2.14683,0.302298,2.68988,31062,14468.77489,2.385581752,1,0,"{timeout:3600,max_col_multiplier:1,age_limit:2,random_seed:0,replication:1,num_threads:128}",1
c60900_5.json.gz,9320,c,60,900,LagrangeTemplate,highs,LTFarkas,1,200,9319.251836,9339,0.203447907,9319.759643,0.507806593,262,1003,1.703735,0.281008,2.219973,27060,15882.75172,2.168795449,1,0,"{timeout:3600,max_col_multiplier:1,age_limit:2,random_seed:0,replication:1,num_threads:128}",1
c60900_6.json.gz,9313,c,60,900,LagrangeTemplate,highs,LTFarkas,1,203,9312.021891,9327,0.150101855,9312.05637,0.034478887,254,968,1.642628,0.279914,2.164266,26771,16297.66447,2.15596209,1,0,"{timeout:3600,max_col_multiplier:1,age_limit:2,random_seed:0,replication:1,num_threads:128}",1
c60900_7.json.gz,9335,c,60,900,LagrangeTemplate,highs,LTFarkas,1,208,9334.046574,9344,0.096318493,9334.253266,0.206691734,260,1050,2.077213,0.292458,2.59877,30829,14841.52083,2.413506841,1,0,"{timeout:3600,max_col_multiplier:1,age_limit:2,random_seed:0,replication:1,num_threads:128}",1
c60900_8.json.gz,9332,c,60,900,LagrangeTemplate,highs,LTFarkas,1,232,9331.018581,9346,0.149796704,9331.616412,0.59783154,276,1020,2.410297,0.32651,3.013131,36151,14998.56657,2.486191929,1,0,"{timeout:3600,max_col_multiplier:1,age_limit:2,random_seed:0,replication:1,num_threads:128}",1
c60900_9.json.gz,9330,c,60,900,LagrangeTemplate,highs,LTFarkas,1,216,9329.068085,9339,0.096370061,9329.471702,0.403617257,297,1050,2.107784,0.302787,2.659246,30507,14473.49444,2.256783511,1,0,"{timeout:3600,max_col_multiplier:1,age_limit:2,random_seed:0,replication:1,num_threads:128}",1
c801600_0.json.gz,16243,c,80,1600,LagrangeTemplate,highs,LTFarkas,1,273,16243,16251,0.04922774,16243,27.00000003,178,1968,6.316376,0.659867,7.708453,50978,8070.767161,2.162377404,1,0,"{timeout:3600,max_col_multiplier:1,age_limit:2,random_seed:0,replication:1,num_threads:128}",1
c801600_1.json.gz,16265,c,80,1600,LagrangeTemplate,highs,LTFarkas,1,396,16264.13844,16270,0.030731407,16264.38809,0.249652978,365,1809,12.84827,1.013228,14.650477,96650,7522.413523,3.00338584,1,0,"{timeout:3600,max_col_multiplier:1,age_limit:2,random_seed:0,replication:1,num_threads:128}",1
c801600_2.json.gz,16279,c,80,1600,LagrangeTemplate,highs,LTFarkas,1,316,16278.06297,16307,0.171705403,16278.63052,0.567551498,395,1843,7.545386,0.801679,9.147739,66829,8856.935881,2.561757815,1,0,"{timeout:3600,max_col_multiplier:1,age_limit:2,random_seed:0,replication:1,num_threads:128}",1
c801600_3.json.gz,16283,c,80,1600,LagrangeTemplate,highs,LTFarkas,1,367,16282.19444,16288,0.030697446,16282.57303,0.378593746,369,1808,10.11045,0.919642,11.754721,80664,7978.279899,2.674439527,1,0,"{timeout:3600,max_col_multiplier:1,age_limit:2,random_seed:0,replication:1,num_threads:128}",1
c801600_4.json.gz,16268,c,80,1600,LagrangeTemplate,highs,LTFarkas,1,389,16267.08104,16286,0.110524377,16267.81999,0.738948231,368,1876,10.36728,0.957201,12.136286,84870,8186.332384,2.628353222,1,0,"{timeout:3600,max_col_multiplier:1,age_limit:2,random_seed:0,replication:1,num_threads:128}",1
c801600_5.json.gz,16266,c,80,1600,LagrangeTemplate,highs,LTFarkas,1,348,16265.03118,16283,0.104403365,16265.08391,0.052725728,396,1783,8.646568,0.874278,10.282542,74368,8600.869154,2.618514862,1,0,"{timeout:3600,max_col_multiplier:1,age_limit:2,random_seed:0,replication:1,num_threads:128}",1
c801600_6.json.gz,16284,c,80,1600,LagrangeTemplate,highs,LTFarkas,1,344,16283.0199,16300,0.098159509,16283.53911,0.519208987,407,1885,8.963614,0.86364,10.580229,76802,8568.195819,2.711016803,1,0,"{timeout:3600,max_col_multiplier:1,age_limit:2,random_seed:0,replication:1,num_threads:128}",1
c801600_7.json.gz,16238,c,80,1600,LagrangeTemplate,highs,LTFarkas,1,394,16238,16244,0.036936715,16238,4.333333334,287,1939,11.772429,0.941226,13.536651,89950,7640.734125,2.726495004,1,0,"{timeout:3600,max_col_multiplier:1,age_limit:2,random_seed:0,replication:1,num_threads:128}",1
c801600_8.json.gz,16260,c,80,1600,LagrangeTemplate,highs,LTFarkas,1,294,16260,16273,0.079886929,16260,0.999999999,252,1987,7.04632,0.703816,8.493379,59078,8384.234608,2.335477323,1,0,"{timeout:3600,max_col_multiplier:1,age_limit:2,random_seed:0,replication:1,num_threads:128}",1
c801600_9.json.gz,16257,c,80,1600,LagrangeTemplate,highs,LTFarkas,1,348,16256.00663,16272,0.092182891,16256.43692,0.430294342,395,1849,9.21023,0.866718,10.849628,77553,8420.310893,2.7041853,1,0,"{timeout:3600,max_col_multiplier:1,age_limit:2,random_seed:0,replication:1,num_threads:128}",1
d10100_0.json.gz,6122,d,10,100,LagrangeTemplate,highs,LTFarkas,1,116,6121.454011,6244,1.953875721,6121.551966,0.097954477,67,128,0.062522,0.133008,0.204191,2513,40193.85176,1.998683805,1,0,"{timeout:3600,max_col_multiplier:1,age_limit:2,random_seed:0,replication:1,num_threads:128}",1
d10100_1.json.gz,6179,d,10,100,LagrangeTemplate,highs,LTFarkas,1,144,6178.007387,6262,1.325455126,6178.007387,0,68,115,0.090827,0.154876,0.259152,3584,39459.63205,2.355301664,1,0,"{timeout:3600,max_col_multiplier:1,age_limit:2,random_seed:0,replication:1,num_threads:128}",1
d10100_2.json.gz,6176,d,10,100,LagrangeTemplate,highs,LTFarkas,1,137,6175.024228,6320,2.278481013,6175.961269,0.937041668,65,126,0.079797,0.141951,0.231793,3193,40014.03562,2.203111933,1,0,"{timeout:3600,max_col_multiplier:1,age_limit:2,random_seed:0,replication:1,num_threads:128}",1
d10100_3.json.gz,6236,d,10,100,LagrangeTemplate,highs,LTFarkas,1,129,6235.454183,6356,1.887979862,6235.979586,0.525402754,63,137,0.082715,0.134525,0.227807,3006,36341.65508,2.132321275,1,0,"{timeout:3600,max_col_multiplier:1,age_limit:2,random_seed:0,replication:1,num_threads:128}",1
d10100_4.json.gz,6290,d,10,100,LagrangeTemplate,highs,LTFarkas,1,107,6289.397106,6445,2.404965089,6289.732338,0.335232092,65,125,0.070349,0.108153,0.190641,2424,34456.77977,2.128638184,1,0,"{timeout:3600,max_col_multiplier:1,age_limit:2,random_seed:0,replication:1,num_threads:128}",1
d10100_5.json.gz,6212,d,10,100,LagrangeTemplate,highs,LTFarkas,1,115,6211.038902,6353,2.219423894,6211.440787,0.401884924,69,135,0.072091,0.128333,0.213347,2444,33901.59659,1.939013112,1,0,"{timeout:3600,max_col_multiplier:1,age_limit:2,random_seed:0,replication:1,num_threads:128}",1
d10100_6.json.gz,6265,d,10,100,LagrangeTemplate,highs,LTFarkas,1,154,6264.527483,6340,1.1829653,6264.988632,0.461149054,64,136,0.096409,0.145936,0.256371,3820,39622.85679,2.305735931,1,0,"{timeout:3600,max_col_multiplier:1,age_limit:2,random_seed:0,replication:1,num_threads:128}",1
d10100_7.json.gz,6383,d,10,100,LagrangeTemplate,highs,LTFarkas,1,144,6382.714298,6544,2.460268949,6382.996922,0.634993199,69,131,0.085963,0.156897,0.257218,3288,38249.01411,2.198991903,1,0,"{timeout:3600,max_col_multiplier:1,age_limit:2,random_seed:0,replication:1,num_threads:128}",1
d10100_8.json.gz,6271,d,10,100,LagrangeTemplate,highs,LTFarkas,1,120,6270.468715,6528,3.936887255,6270.468715,0,62,129,0.077751,0.140762,0.228209,2724,35034.91917,2.056497507,1,0,"{timeout:3600,max_col_multiplier:1,age_limit:2,random_seed:0,replication:1,num_threads:128}",1
d10100_9.json.gz,6399,d,10,100,LagrangeTemplate,highs,LTFarkas,1,121,6398.514192,6504,1.614391144,6398.621079,0.106886589,71,131,0.068988,0.1033,0.185312,2647,38368.99171,2.037242257,1,0,"{timeout:3600,max_col_multiplier:1,age_limit:2,random_seed:0,replication:1,num_threads:128}",1
d10200_0.json.gz,12480,d,10,200,LagrangeTemplate,highs,LTFarkas,1,277,12479.11094,12748,2.102290555,12479.11094,0,71,213,0.684933,1.11807,1.836333,6224,9087.02019,2.12842244,1,0,"{timeout:3600,max_col_multiplier:1,age_limit:2,random_seed:0,replication:1,num_threads:128}",1
d10200_1.json.gz,12498,d,10,200,LagrangeTemplate,highs,LTFarkas,1,308,12497.07328,12747,1.9534008,12497.53082,0.457535201,78,220,0.908601,1.253025,2.208713,7350,8089.359356,2.23804991,1,0,"{timeout:3600,max_col_multiplier:1,age_limit:2,random_seed:0,replication:1,num_threads:128}",1
d10200_2.json.gz,12556,d,10,200,LagrangeTemplate,highs,LTFarkas,1,358,12555.30385,12682,0.993534143,12555.38944,0.085589645,77,235,1.004775,1.31626,2.372933,8488,8447.662412,2.254164385,1,0,"{timeout:3600,max_col_multiplier:1,age_limit:2,random_seed:0,replication:1,num_threads:128}",1
d10200_3.json.gz,12604,d,10,200,LagrangeTemplate,highs,LTFarkas,1,346,12603.01629,12740,1.067503925,12603.66742,0.651130423,75,234,0.959306,1.368073,2.381942,9026,9408.885173,2.469331367,1,0,"{timeout:3600,max_col_multiplier:1,age_limit:2,random_seed:0,replication:1,num_threads:128}",1
d10200_4.json.gz,12422,d,10,200,LagrangeTemplate,highs,LTFarkas,1,262,12421.39835,12718,2.32740997,12421.69672,0.298372095,78,239,0.698219,1.067013,1.809077,5909,8462.960762,2.095853849,1,0,"{timeout:3600,max_col_multiplier:1,age_limit:2,random_seed:0,replication:1,num_threads:128}",1
d10200_5.json.gz,12404,d,10,200,LagrangeTemplate,highs,LTFarkas,1,290,12403.06486,12604,1.586797842,12403.69225,0.627386092,74,236,0.774857,1.186511,2.006961,6573,8482.855546,2.073109937,1,0,"{timeout:3600,max_col_multiplier:1,age_limit:2,random_seed:0,replication:1,num_threads:128}",1
d10200_6.json.gz,12455,d,10,200,LagrangeTemplate,highs,LTFarkas,1,298,12454.10353,12604,1.182164392,12454.77415,0.67062457,75,234,0.748329,1.133157,1.928451,6353,8489.581454,1.977117434,1,0,"{timeout:3600,max_col_multiplier:1,age_limit:2,random_seed:0,replication:1,num_threads:128}",1
d10200_7.json.gz,12546,d,10,200,LagrangeTemplate,highs,LTFarkas,1,330,12545.09842,12633,0.688672524,12545.29273,0.194315277,79,228,0.911541,1.269907,2.231835,7427,8147.741023,2.108440887,1,0,"{timeout:3600,max_col_multiplier:1,age_limit:2,random_seed:0,replication:1,num_threads:128}",1
d10200_8.json.gz,12727,d,10,200,LagrangeTemplate,highs,LTFarkas,1,300,12726.13083,12939,1.638457377,12726.28301,0.152183089,76,217,0.781105,1.132546,1.960684,6497,8317.703766,2.017037037,1,0,"{timeout:3600,max_col_multiplier:1,age_limit:2,random_seed:0,replication:1,num_threads:128}",1
d10200_9.json.gz,12520,d,10,200,LagrangeTemplate,highs,LTFarkas,1,314,12519.34344,12633,0.894482704,12519.85591,0.512476766,73,237,0.835602,1.187987,2.072452,7967,9534.443431,2.377494692,1,0,"{timeout:3600,max_col_multiplier:1,age_limit:2,random_seed:0,replication:1,num_threads:128}",1
d10400_0.json.gz,24986,d,10,400,LagrangeTemplate,highs,LTFarkas,1,437,24985.00016,25141,0.616522811,24985.01653,0.016363414,87,422,5.477277,6.756809,12.344313,11736,2142.670528,2.436873094,1,0,"{timeout:3600,max_col_multiplier:1,age_limit:4,random_seed:0,replication:1,num_threads:128}",1
d10400_1.json.gz,25061,d,10,400,LagrangeTemplate,highs,LTFarkas,1,513,25060.11725,25229,0.665900353,25060.8419,0.724648903,79,465,6.111865,7.466345,13.697526,15595,2551.594317,2.84762833,1,0,"{timeout:3600,max_col_multiplier:1,age_limit:4,random_seed:0,replication:1,num_threads:128}",1
d10400_2.json.gz,24972,d,10,400,LagrangeTemplate,highs,LTFarkas,1,574,24971.09949,25131,0.632684732,24971.72594,0.626450223,77,458,6.962256,8.014865,15.111821,17999,2585.225249,2.952663456,1,0,"{timeout:3600,max_col_multiplier:1,age_limit:4,random_seed:0,replication:1,num_threads:128}",1
d10400_3.json.gz,24881,d,10,400,LagrangeTemplate,highs,LTFarkas,1,531,24880.01723,24957,0.304523781,24880.13806,0.120829996,76,435,6.372774,8.356162,14.854868,15727,2467.842105,2.756156337,1,0,"{timeout:3600,max_col_multiplier:1,age_limit:4,random_seed:0,replication:1,num_threads:128}",1
d10400_4.json.gz,24752,d,10,400,LagrangeTemplate,highs,LTFarkas,1,735,24751.18654,24780,0.11299435,24751.88321,0.696664205,73,447,10.126388,10.864351,21.134966,36711,3625.280801,4.873420797,1,0,"{timeout:3600,max_col_multiplier:1,age_limit:4,random_seed:0,replication:1,num_threads:128}",1
d10400_5.json.gz,24892,d,10,400,LagrangeTemplate,highs,LTFarkas,1,521,24891.04333,25051,0.634705201,24891.48164,0.438309158,78,460,6.225647,7.767591,14.123224,14676,2357.345349,2.65679312,1,0,"{timeout:3600,max_col_multiplier:1,age_limit:4,random_seed:0,replication:1,num_threads:128}",1
d10400_6.json.gz,24728,d,10,400,LagrangeTemplate,highs,LTFarkas,1,524,24727.03831,24883,0.622915243,24727.72848,0.690163906,81,451,6.226367,8.245969,14.592939,15166,2435.77033,2.728377385,1,0,"{timeout:3600,max_col_multiplier:1,age_limit:4,random_seed:0,replication:1,num_threads:128}",1
d10400_7.json.gz,25078,d,10,400,LagrangeTemplate,highs,LTFarkas,1,529,25077.07286,25279,0.795126389,25077.94678,0.87391785,78,459,5.954919,7.533948,13.60866,14685,2466.028505,2.592815019,1,0,"{timeout:3600,max_col_multiplier:1,age_limit:4,random_seed:0,replication:1,num_threads:128}",1
d10400_8.json.gz,24793,d,10,400,LagrangeTemplate,highs,LTFarkas,1,564,24792.02046,24929,0.54554936,24792.19871,0.178253583,79,424,6.521129,8.668922,15.318848,16453,2523.029371,2.746145728,1,0,"{timeout:3600,max_col_multiplier:1,age_limit:4,random_seed:0,replication:1,num_threads:128}",1
d10400_9.json.gz,24685,d,10,400,LagrangeTemplate,highs,LTFarkas,1,514,24684.0136,24908,0.895294684,24684.43198,0.418383264,80,445,5.856969,8.127527,14.107836,13621,2325.605616,2.451428707,1,0,"{timeout:3600,max_col_multiplier:1,age_limit:4,random_seed:0,replication:1,num_threads:128}",1
d15900_0.json.gz,55332,d,15,900,LagrangeTemplate,highs,LTFarkas,1,936,55331.04785,55706,0.671381898,55331.32347,0.275622016,120,938,42.380353,42.740785,85.499884,61791,1458.010508,4.260193056,1,0,"{timeout:3600,max_col_multiplier:1,age_limit:6,random_seed:0,replication:1,num_threads:128}",1
d15900_1.json.gz,55102,d,15,900,LagrangeTemplate,highs,LTFarkas,1,803,55101.04025,55359,0.46424249,55101.96969,0.929443821,128,1041,33.572674,35.17148,69.043135,45830,1365.098294,3.610360657,1,0,"{timeout:3600,max_col_multiplier:1,age_limit:6,random_seed:0,replication:1,num_threads:128}",1
d15900_2.json.gz,55398,d,15,900,LagrangeTemplate,highs,LTFarkas,1,852,55397.00474,55620,0.399137001,55397.13037,0.12563804,124,994,37.351002,38.276251,75.95356,49818,1333.779479,3.736642443,1,0,"{timeout:3600,max_col_multiplier:1,age_limit:6,random_seed:0,replication:1,num_threads:128}",1
d15900_3.json.gz,55330,d,15,900,LagrangeTemplate,highs,LTFarkas,1,784,55329.04055,55568,0.42830406,55329.91574,0.875182577,118,1052,36.333467,33.745917,70.410946,47424,1305.242905,3.823050385,1,0,"{timeout:3600,max_col_multiplier:1,age_limit:6,random_seed:0,replication:1,num_threads:128}",1
d15900_4.json.gz,55625,d,15,900,LagrangeTemplate,highs,LTFarkas,1,828,55624.00838,55865,0.429607089,55624.92123,0.912841473,123,1060,37.399035,35.438803,73.153535,50456,1349.125719,3.879140787,1,0,"{timeout:3600,max_col_multiplier:1,age_limit:6,random_seed:0,replication:1,num_threads:128}",1
d15900_5.json.gz,55338,d,15,900,LagrangeTemplate,highs,LTFarkas,1,851,55337.03043,55567,0.412115104,55337.42994,0.399514101,121,1023,38.667237,37.448548,76.427846,51816,1340.0492,3.910129635,1,0,"{timeout:3600,max_col_multiplier:1,age_limit:6,random_seed:0,replication:1,num_threads:128}",1
d15900_6.json.gz,55479,d,15,900,LagrangeTemplate,highs,LTFarkas,1,818,55478.00942,55619,0.251712544,55478.51305,0.503631529,128,1023,33.393146,36.258287,69.982761,56403,1689.059186,4.390092752,1,0,"{timeout:3600,max_col_multiplier:1,age_limit:6,random_seed:0,replication:1,num_threads:128}",1
d15900_7.json.gz,55420,d,15,900,LagrangeTemplate,highs,LTFarkas,1,870,55419.0749,55639,0.3936088,55419.37872,0.303823999,116,1032,40.77516,40.434272,81.534031,52117,1278.155622,3.799018959,1,0,"{timeout:3600,max_col_multiplier:1,age_limit:6,random_seed:0,replication:1,num_threads:128}",1
d15900_8.json.gz,55586,d,15,900,LagrangeTemplate,highs,LTFarkas,1,903,55585.00666,55745,0.285227375,55585.0713,0.064640971,119,936,40.577345,40.351437,81.263359,58545,1442.800163,4.207471497,1,0,"{timeout:3600,max_col_multiplier:1,age_limit:6,random_seed:0,replication:1,num_threads:128}",1
d15900_9.json.gz,55199,d,15,900,LagrangeTemplate,highs,LTFarkas,1,944,55198.12559,55504,0.549509945,55198.82681,0.70122466,123,1022,43.582305,41.587758,85.554091,68147,1563.639188,4.635970831,1,0,"{timeout:3600,max_col_multiplier:1,age_limit:6,random_seed:0,replication:1,num_threads:128}",1
d20100_0.json.gz,6217,d,20,100,LagrangeTemplate,highs,LTFarkas,1,69,6216.011849,6527,4.749502068,6216.532583,0.52073395,104,155,0.060588,0.054294,0.136154,3430,56611.87034,2.310474321,1,0,"{timeout:3600,max_col_multiplier:1,age_limit:2,random_seed:0,replication:1,num_threads:128}",1
d20100_1.json.gz,6166,d,20,100,LagrangeTemplate,highs,LTFarkas,1,71,6165.673875,6416,3.896508728,6165.999146,0.325270761,104,159,0.060223,0.054285,0.128319,3358,55759.42746,2.470311936,1,0,"{timeout:3600,max_col_multiplier:1,age_limit:2,random_seed:0,replication:1,num_threads:128}",1
d20100_2.json.gz,6192,d,20,100,LagrangeTemplate,highs,LTFarkas,1,80,6191.111251,6392,3.128911139,6191.117197,0.005945511,101,146,0.068948,0.05723,0.141,3858,55955.21262,2.409265296,1,0,"{timeout:3600,max_col_multiplier:1,age_limit:2,random_seed:0,replication:1,num_threads:128}",1
d20100_3.json.gz,6173,d,20,100,LagrangeTemplate,highs,LTFarkas,1,73,6172.016057,6615,6.681783825,6172.072916,0.056859072,104,135,0.059156,0.053241,0.125742,3388,57272.29698,2.366942713,1,0,"{timeout:3600,max_col_multiplier:1,age_limit:2,random_seed:0,replication:1,num_threads:128}",1
d20100_4.json.gz,6175,d,20,100,LagrangeTemplate,highs,LTFarkas,1,84,6174.541131,6299,1.968566439,6174.948526,0.407394252,97,143,0.075407,0.066832,0.157604,4222,55989.497,2.526947201,1,0,"{timeout:3600,max_col_multiplier:1,age_limit:2,random_seed:0,replication:1,num_threads:128}",1
d20100_5.json.gz,6209,d,20,100,LagrangeTemplate,highs,LTFarkas,1,73,6208.91747,6485,4.255975328,6208.932233,0.014763437,109,158,0.06033,0.055805,0.130077,3470,57516.98989,2.253134677,1,0,"{timeout:3600,max_col_multiplier:1,age_limit:2,random_seed:0,replication:1,num_threads:128}",1
d20100_6.json.gz,6082,d,20,100,LagrangeTemplate,highs,LTFarkas,1,69,6081.199995,6290,3.306836248,6081.629609,0.42961364,105,151,0.058065,0.055572,0.127175,3360,57866.18445,2.399315997,1,0,"{timeout:3600,max_col_multiplier:1,age_limit:2,random_seed:0,replication:1,num_threads:128}",1
d20100_7.json.gz,6124,d,20,100,LagrangeTemplate,highs,LTFarkas,1,87,6123.057565,6315,3.024544735,6123.319747,0.262182292,96,145,0.071647,0.064419,0.151112,3896,54377.71295,2.315113666,1,0,"{timeout:3600,max_col_multiplier:1,age_limit:2,random_seed:0,replication:1,num_threads:128}",1
d20100_8.json.gz,6096,d,20,100,LagrangeTemplate,highs,LTFarkas,1,75,6095.288235,6293,3.130462419,6095.48871,0.200474933,102,145,0.06372,0.059056,0.138284,3805,59714.37539,2.430788984,1,0,"{timeout:3600,max_col_multiplier:1,age_limit:2,random_seed:0,replication:1,num_threads:128}",1
d20100_9.json.gz,6266,d,20,100,LagrangeTemplate,highs,LTFarkas,1,74,6265.126225,6543,4.233532019,6265.159906,0.033681333,98,133,0.056217,0.051314,0.120537,3168,56353.06046,2.150717482,1,0,"{timeout:3600,max_col_multiplier:1,age_limit:2,random_seed:0,replication:1,num_threads:128}",1
d201600_0.json.gz,97964,d,20,1600,LagrangeTemplate,highs,LTFarkas,1,1245,97963.08534,98226.99996,0.267747115,97963.86381,0.778468898,167,1892,289.542317,115.556052,405.972105,148504,512.892214,5.801178398,1,0,"{timeout:3600,max_col_multiplier:1,age_limit:8,random_seed:0,replication:1,num_threads:128}",1
d201600_1.json.gz,98160,d,20,1600,LagrangeTemplate,highs,LTFarkas,1,1164,98159.06168,98513,0.358328342,98159.98089,0.919210974,169,1848,299.521397,110.926614,411.277274,136583,456.0041498,5.672997679,1,0,"{timeout:3600,max_col_multiplier:1,age_limit:8,random_seed:0,replication:1,num_threads:128}",1
d201600_2.json.gz,97854,d,20,1600,LagrangeTemplate,highs,LTFarkas,1,1026,97853.11529,98111,0.261948202,97853.84484,0.729551482,169,1853,253.508343,96.938964,351.207023,106332,419.441817,4.991459665,1,0,"{timeout:3600,max_col_multiplier:1,age_limit:8,random_seed:0,replication:1,num_threads:128}",1
d201600_3.json.gz,97863,d,20,1600,LagrangeTemplate,highs,LTFarkas,1,1181,97862.00514,98139,0.28123376,97862.44135,0.436207714,153,1803,311.696828,109.489688,422.072623,127959,410.5239082,5.242589391,1,0,"{timeout:3600,max_col_multiplier:1,age_limit:8,random_seed:0,replication:1,num_threads:128}",1
d201600_4.json.gz,98244,d,20,1600,LagrangeTemplate,highs,LTFarkas,1,1088,98243.01474,98585,0.345894406,98243.36038,0.345644641,174,1907,277.067538,103.83033,381.649406,114723,414.0614986,5.074302248,1,0,"{timeout:3600,max_col_multiplier:1,age_limit:8,random_seed:0,replication:1,num_threads:128}",1
d201600_5.json.gz,97999,d,20,1600,LagrangeTemplate,highs,LTFarkas,1,1257,97998.00796,98390,0.39739811,97998.20028,0.192315934,153,1817,356.032029,115.827054,472.785608,144316,405.3455539,5.577008313,1,0,"{timeout:3600,max_col_multiplier:1,age_limit:8,random_seed:0,replication:1,num_threads:128}",1
d201600_6.json.gz,97889,d,20,1600,LagrangeTemplate,highs,LTFarkas,1,1037,97888.06246,98215,0.331924859,97888.53862,0.47616143,166,1784,271.151439,92.996086,364.889008,101871,375.6978033,4.702812066,1,0,"{timeout:3600,max_col_multiplier:1,age_limit:8,random_seed:0,replication:1,num_threads:128}",1
d201600_7.json.gz,98160,d,20,1600,LagrangeTemplate,highs,LTFarkas,1,1066,98159.03926,98525,0.370464349,98159.61177,0.572515052,169,1864,290.73892,102.749641,394.254107,113112,389.0500797,5.089030344,1,0,"{timeout:3600,max_col_multiplier:1,age_limit:8,random_seed:0,replication:1,num_threads:128}",1
d201600_8.json.gz,97901,d,20,1600,LagrangeTemplate,highs,LTFarkas,1,1287,97900.00006,98233,0.337971965,97900.01679,0.016728944,165,1634,382.764149,118.219875,501.770661,132200,345.3823989,5.197333192,1,0,"{timeout:3600,max_col_multiplier:1,age_limit:8,random_seed:0,replication:1,num_threads:128}",1
d201600_9.json.gz,97781,d,20,1600,LagrangeTemplate,highs,LTFarkas,1,1263,97780.00521,98142,0.367834362,97780.13328,0.128063196,174,1714,324.099009,119.092858,444.055223,143566,442.9695742,5.529554345,1,0,"{timeout:3600,max_col_multiplier:1,age_limit:8,random_seed:0,replication:1,num_threads:128}",1
d20200_0.json.gz,12141,d,20,200,LagrangeTemplate,highs,LTFarkas,1,195,12140.09915,12475,2.677354709,12140.1126,0.013449472,136,251,0.667641,0.524883,1.235274,10802,16179.35387,2.684866133,1,0,"{timeout:3600,max_col_multiplier:1,age_limit:2,random_seed:0,replication:1,num_threads:128}",1
d20200_1.json.gz,12369,d,20,200,LagrangeTemplate,highs,LTFarkas,1,181,12368.03615,12581,1.685080677,12368.04469,0.008532492,136,246,0.559995,0.41306,1.025012,9980,17821.58769,2.682139687,1,0,"{timeout:3600,max_col_multiplier:1,age_limit:2,random_seed:0,replication:1,num_threads:128}",1
d20200_2.json.gz,12351,d,20,200,LagrangeTemplate,highs,LTFarkas,1,176,12350.07896,12678,2.579271178,12350.29897,0.220012351,150,239,0.503244,0.425722,0.974354,10197,20262.53666,2.894589282,1,0,"{timeout:3600,max_col_multiplier:1,age_limit:2,random_seed:0,replication:1,num_threads:128}",1
d20200_3.json.gz,12148,d,20,200,LagrangeTemplate,highs,LTFarkas,1,186,12147.04386,12264,0.945857795,12147.29925,0.255391499,140,254,0.614404,0.470393,1.133308,10251,16684.46169,2.667593868,1,0,"{timeout:3600,max_col_multiplier:1,age_limit:2,random_seed:0,replication:1,num_threads:128}",1
d20200_4.json.gz,12205,d,20,200,LagrangeTemplate,highs,LTFarkas,1,164,12204.26216,12404,1.604321187,12204.75134,0.489179336,145,262,0.597908,0.41876,1.066358,10284,17199.97056,2.996717935,1,0,"{timeout:3600,max_col_multiplier:1,age_limit:2,random_seed:0,replication:1,num_threads:128}",1
d20200_5.json.gz,12341,d,20,200,LagrangeTemplate,highs,LTFarkas,1,193,12340.10784,12698,2.811466373,12340.55053,0.442690608,132,255,0.624279,0.478253,1.15429,10895,17452.13278,2.79485186,1,0,"{timeout:3600,max_col_multiplier:1,age_limit:2,random_seed:0,replication:1,num_threads:128}",1
d20200_6.json.gz,12302,d,20,200,LagrangeTemplate,highs,LTFarkas,1,175,12301.0891,12466,1.315578373,12301.62495,0.535856597,142,265,0.578764,0.410777,1.038829,10099,17449.25393,2.794845864,1,0,"{timeout:3600,max_col_multiplier:1,age_limit:2,random_seed:0,replication:1,num_threads:128}",1
d20200_7.json.gz,12190,d,20,200,LagrangeTemplate,highs,LTFarkas,1,176,12189.10559,12416,1.820231959,12189.42358,0.317989066,138,255,0.575306,0.461087,1.085134,10279,17867.01338,2.830426819,1,0,"{timeout:3600,max_col_multiplier:1,age_limit:2,random_seed:0,replication:1,num_threads:128}",1
d20200_8.json.gz,12345,d,20,200,LagrangeTemplate,highs,LTFarkas,1,174,12344.09372,12513,1.342603692,12344.93971,0.845991927,131,282,0.555834,0.42672,1.032043,10207,18363.39627,2.813499435,1,0,"{timeout:3600,max_col_multiplier:1,age_limit:2,random_seed:0,replication:1,num_threads:128}",1
d20200_9.json.gz,12203,d,20,200,LagrangeTemplate,highs,LTFarkas,1,237,12202.07607,12301,0.796683196,12202.44098,0.36490005,141,254,0.831729,0.596871,1.485641,13137,15794.80816,2.791060544,1,0,"{timeout:3600,max_col_multiplier:1,age_limit:2,random_seed:0,replication:1,num_threads:128}",1
d20400_0.json.gz,24490,d,20,400,LagrangeTemplate,highs,LTFarkas,1,369,24489.04547,24738,1.002506266,24489.16838,0.122912129,154,433,2.972383,3.278761,6.372682,20677,6956.371369,2.6868156,1,0,"{timeout:3600,max_col_multiplier:1,age_limit:2,random_seed:0,replication:1,num_threads:128}",1
d20400_1.json.gz,24763,d,20,400,LagrangeTemplate,highs,LTFarkas,1,416,24762.01851,24946,0.733584543,24762.02692,0.008412547,149,431,3.608503,3.479,7.218282,24255,6721.623898,2.816035532,1,0,"{timeout:3600,max_col_multiplier:1,age_limit:2,random_seed:0,replication:1,num_threads:128}",1
d20400_2.json.gz,24217,d,20,400,LagrangeTemplate,highs,LTFarkas,1,408,24216.03371,24483,1.086468162,24216.6176,0.583891914,155,478,3.45167,3.586985,7.170384,21577,6251.176967,2.536835942,1,0,"{timeout:3600,max_col_multiplier:1,age_limit:2,random_seed:0,replication:1,num_threads:128}",1
d20400_3.json.gz,24590,d,20,400,LagrangeTemplate,highs,LTFarkas,1,486,24589.20993,24751,0.650478769,24589.92701,0.717078202,150,483,4.24608,4.290993,8.682841,28546,6722.906775,2.830733239,1,0,"{timeout:3600,max_col_multiplier:1,age_limit:2,random_seed:0,replication:1,num_threads:128}",1
d20400_4.json.gz,24575,d,20,400,LagrangeTemplate,highs,LTFarkas,1,363,24574.09881,24898,1.297292955,24574.34899,0.250173777,154,472,3.060788,3.249637,6.434618,20958,6847.256327,2.744326463,1,0,"{timeout:3600,max_col_multiplier:1,age_limit:2,random_seed:0,replication:1,num_threads:128}",1
d20400_5.json.gz,24408,d,20,400,LagrangeTemplate,highs,LTFarkas,1,347,24407.04788,24599,0.776454327,24407.7004,0.652522453,152,489,2.673351,2.964717,5.757047,18980,7099.703705,2.587417483,1,0,"{timeout:3600,max_col_multiplier:1,age_limit:2,random_seed:0,replication:1,num_threads:128}",1
d20400_6.json.gz,24747,d,20,400,LagrangeTemplate,highs,LTFarkas,1,365,24746.03479,25065,1.268701376,24746.19782,0.163026743,148,458,2.909363,3.115541,6.153512,19860,6826.236534,2.603828304,1,0,"{timeout:3600,max_col_multiplier:1,age_limit:2,random_seed:0,replication:1,num_threads:128}",1
d20400_7.json.gz,24390,d,20,400,LagrangeTemplate,highs,LTFarkas,1,393,24389.26756,24646,1.038708107,24389.52293,0.255362597,164,469,3.584766,3.578011,7.292565,23535,6565.282085,2.880121235,1,0,"{timeout:3600,max_col_multiplier:1,age_limit:2,random_seed:0,replication:1,num_threads:128}",1
d20400_8.json.gz,24712,d,20,400,LagrangeTemplate,highs,LTFarkas,1,364,24711.08734,24871,0.639298782,24711.75399,0.666654745,159,482,3.026612,3.262192,6.416269,20667,6828.427298,2.707358324,1,0,"{timeout:3600,max_col_multiplier:1,age_limit:2,random_seed:0,replication:1,num_threads:128}",1
d20400_9.json.gz,24250,d,20,400,LagrangeTemplate,highs,LTFarkas,1,390,24249.08461,24668,1.694503,24249.41534,0.33072518,146,473,3.281308,3.498214,6.907817,22731,6927.420407,2.796139103,1,0,"{timeout:3600,max_col_multiplier:1,age_limit:2,random_seed:0,replication:1,num_threads:128}",1
d30900_0.json.gz,54996,d,30,900,LagrangeTemplate,highs,LTFarkas,1,631,54995.082,55559,1.013337173,54995.47124,0.389237014,231,1044,18.254223,17.75075,36.404965,89365,4895.579505,4.591332426,1,0,"{timeout:3600,max_col_multiplier:1,age_limit:3,random_seed:0,replication:1,num_threads:128}",1
d30900_1.json.gz,54867,d,30,900,LagrangeTemplate,highs,LTFarkas,1,557,54867,55370,0.90843417,54867,23.00000001,205,1098,14.361689,14.560554,29.292966,64607,4498.565594,3.713640132,1,0,"{timeout:3600,max_col_multiplier:1,age_limit:3,random_seed:0,replication:1,num_threads:128}",1
d30900_2.json.gz,54971,d,30,900,LagrangeTemplate,highs,LTFarkas,1,521,54971,55525,0.997748762,54971,9.999999916,215,1088,13.436037,13.453625,27.260942,61458,4574.116609,3.776711452,1,0,"{timeout:3600,max_col_multiplier:1,age_limit:3,random_seed:0,replication:1,num_threads:128}",1
d30900_3.json.gz,54978,d,30,900,LagrangeTemplate,highs,LTFarkas,1,511,54978,55334,0.643365743,54978,41,213,1088,12.424146,12.819897,25.582493,59646,4800.812869,3.721933955,1,0,"{timeout:3600,max_col_multiplier:1,age_limit:3,random_seed:0,replication:1,num_threads:128}",1
d30900_4.json.gz,54923,d,30,900,LagrangeTemplate,highs,LTFarkas,1,558,54922.01935,55242,0.57745918,54922.86923,0.849885944,226,1072,15.727675,16.216344,32.341371,67174,4271.069945,3.867135749,1,0,"{timeout:3600,max_col_multiplier:1,age_limit:3,random_seed:0,replication:1,num_threads:128}",1
d30900_5.json.gz,54872,d,30,900,LagrangeTemplate,highs,LTFarkas,1,589,54871.00151,55519,1.165366811,54871.24237,0.240856306,236,1016,16.01751,16.717029,33.127346,72238,4509.939435,3.958250955,1,0,"{timeout:3600,max_col_multiplier:1,age_limit:3,random_seed:0,replication:1,num_threads:128}",1
d30900_6.json.gz,54760,d,30,900,LagrangeTemplate,highs,LTFarkas,1,629,54759.01873,55216,0.82584758,54759.80699,0.78825238,236,1064,17.744743,17.743035,35.888529,81520,4594.036668,4.177283407,1,0,"{timeout:3600,max_col_multiplier:1,age_limit:3,random_seed:0,replication:1,num_threads:128}",1
d30900_7.json.gz,54707,d,30,900,LagrangeTemplate,highs,LTFarkas,1,610,54706.14373,55167,0.83383182,54706.80687,0.663140404,214,1063,17.160945,17.739073,35.297693,76323,4447.48235,4.032915703,1,0,"{timeout:3600,max_col_multiplier:1,age_limit:3,random_seed:0,replication:1,num_threads:128}",1
d30900_8.json.gz,54638,d,30,900,LagrangeTemplate,highs,LTFarkas,1,651,54637.02395,54956,0.578644734,54637.39982,0.37587066,222,1032,17.436522,18.149991,35.997596,78450,4499.177072,3.879470813,1,0,"{timeout:3600,max_col_multiplier:1,age_limit:3,random_seed:0,replication:1,num_threads:128}",1
d30900_9.json.gz,54795,d,30,900,LagrangeTemplate,highs,LTFarkas,1,624,54794.00611,55358,1.017016511,54794.94864,0.942534087,215,1084,17.145322,17.9334,35.465342,75969,4430.887912,3.927227972,1,0,"{timeout:3600,max_col_multiplier:1,age_limit:3,random_seed:0,replication:1,num_threads:128}",1
d401600_0.json.gz,97554,d,40,1600,LagrangeTemplate,highs,LTFarkas,1,722,97554,98322,0.781106975,97554,188.8500002,296,1947,91.412383,40.951844,133.669263,239635,2621.471973,8.119907466,1,0,"{timeout:3600,max_col_multiplier:1,age_limit:4,random_seed:0,replication:1,num_threads:128}",1
d401600_1.json.gz,97353,d,40,1600,LagrangeTemplate,highs,LTFarkas,1,701,97353,97770,0.4265112,97353,225,291,1972,65.901436,45.656162,112.47455,132051,2003.765138,4.54359194,1,0,"{timeout:3600,max_col_multiplier:1,age_limit:4,random_seed:0,replication:1,num_threads:128}",1
d401600_2.json.gz,97374,d,40,1600,LagrangeTemplate,highs,LTFarkas,1,600,97374,98031,0.670196162,97374,203.6380978,279,1952,51.628321,34.634926,87.148001,108537,2102.276384,4.313179881,1,0,"{timeout:3600,max_col_multiplier:1,age_limit:4,random_seed:0,replication:1,num_threads:128}",1
d401600_3.json.gz,97176,d,40,1600,LagrangeTemplate,highs,LTFarkas,1,670,97176,97854,0.692868968,97176,259.1250002,274,1941,65.994207,39.537964,106.469609,136747,2072.106117,4.911377991,1,0,"{timeout:3600,max_col_multiplier:1,age_limit:4,random_seed:0,replication:1,num_threads:128}",1
d401600_4.json.gz,97245,d,40,1600,LagrangeTemplate,highs,LTFarkas,1,586,97245,97778,0.545112397,97245,225.0000001,276,1947,65.362209,36.960571,103.19637,117127,1791.9682,4.81632537,1,0,"{timeout:3600,max_col_multiplier:1,age_limit:4,random_seed:100,replication:1,num_threads:128}",1
d401600_5.json.gz,97304,d,40,1600,LagrangeTemplate,highs,LTFarkas,1,608,97304,97752,0.458302643,97304,75.00000007,292,1946,57.120926,35.66939,93.721817,122268,2140.511518,4.810531008,1,0,"{timeout:3600,max_col_multiplier:1,age_limit:4,random_seed:0,replication:1,num_threads:128}",1
d401600_6.json.gz,97257,d,40,1600,LagrangeTemplate,highs,LTFarkas,1,674,97257,97967,0.724733839,97257,213.0833334,285,1921,64.785932,38.431812,104.16766,123445,1905.429098,4.402964037,1,0,"{timeout:3600,max_col_multiplier:1,age_limit:4,random_seed:0,replication:1,num_threads:128}",1
d401600_7.json.gz,97190,d,40,1600,LagrangeTemplate,highs,LTFarkas,1,599,97190,97706,0.528114957,97190,147.7500002,278,1952,56.772128,35.093893,92.764542,118158,2081.267766,4.7201899,1,0,"{timeout:3600,max_col_multiplier:1,age_limit:4,random_seed:0,replication:1,num_threads:128}",1
d401600_8.json.gz,97325,d,40,1600,LagrangeTemplate,highs,LTFarkas,1,606,97325,97897,0.584287568,97325,300.416204,266,1955,62.072379,39.024232,101.974809,121394,1955.684669,4.799195545,1,0,"{timeout:3600,max_col_multiplier:1,age_limit:4,random_seed:0,replication:1,num_threads:128}",1
d401600_9.json.gz,96793,d,40,1600,LagrangeTemplate,highs,LTFarkas,1,613,96792.21111,97435,0.658900806,96793,424.0000087,270,1980,67.484552,35.749473,104.116598,137861,2042.852711,5.417241028,1,0,"{timeout:3600,max_col_multiplier:1,age_limit:4,random_seed:0,replication:1,num_threads:128}",1
d40400_0.json.gz,24340,d,40,400,LagrangeTemplate,highs,LTFarkas,1,225,24339.09681,24899,2.245070083,24339.70849,0.611679266,268,535,1.752169,1.109221,3.020088,33796,19288.09379,3.681501788,1,0,"{timeout:3600,max_col_multiplier:1,age_limit:2,random_seed:0,replication:1,num_threads:128}",1
d40400_1.json.gz,24317,d,40,400,LagrangeTemplate,highs,LTFarkas,1,270,24316.00351,25072,3.011327377,24316.67714,0.673627426,261,529,2.23094,1.342605,3.714711,42116,18878.14105,3.904598902,1,0,"{timeout:3600,max_col_multiplier:1,age_limit:2,random_seed:0,replication:1,num_threads:128}",1
d40400_2.json.gz,24358,d,40,400,LagrangeTemplate,highs,LTFarkas,1,262,24357.02446,25197,3.32976148,24357.50294,0.478480818,269,504,2.425049,1.329685,3.908625,39373,16235.96059,3.690311567,1,0,"{timeout:3600,max_col_multiplier:1,age_limit:2,random_seed:0,replication:1,num_threads:128}",1
d40400_3.json.gz,24409,d,40,400,LagrangeTemplate,highs,LTFarkas,1,225,24408.03952,25016,2.426447074,24408.06414,0.024625224,276,478,1.981796,1.213297,3.330873,35302,17813.13516,3.967901418,1,0,"{timeout:3600,max_col_multiplier:1,age_limit:2,random_seed:0,replication:1,num_threads:128}",1
d40400_4.json.gz,24369,d,40,400,LagrangeTemplate,highs,LTFarkas,1,263,24368.02277,25099,2.90848241,24368.26367,0.240901945,268,510,2.177054,1.277216,3.611935,38930,17881.96342,3.7016468,1,0,"{timeout:3600,max_col_multiplier:1,age_limit:2,random_seed:0,replication:1,num_threads:128}",1
d40400_5.json.gz,24457,d,40,400,LagrangeTemplate,highs,LTFarkas,1,231,24456.05635,25071,2.449044713,24456.18138,0.125026042,271,485,2.035246,1.133955,3.324351,36144,17759.03257,3.874722106,1,0,"{timeout:3600,max_col_multiplier:1,age_limit:2,random_seed:0,replication:1,num_threads:128}",1
d40400_6.json.gz,24381,d,40,400,LagrangeTemplate,highs,LTFarkas,1,229,24380.32054,24795,1.66969147,24380.88277,0.562231274,293,529,2.035139,1.150096,3.330688,34276,16842.09285,3.665295746,1,0,"{timeout:3600,max_col_multiplier:1,age_limit:2,random_seed:0,replication:1,num_threads:128}",1
d40400_7.json.gz,24271,d,40,400,LagrangeTemplate,highs,LTFarkas,1,256,24270.04236,24856,2.353556485,24270.23373,0.191376827,253,502,2.175223,1.310157,3.647169,37109,17059.86007,3.645769087,1,0,"{timeout:3600,max_col_multiplier:1,age_limit:2,random_seed:0,replication:1,num_threads:128}",1
d40400_8.json.gz,24293,d,40,400,LagrangeTemplate,highs,LTFarkas,1,303,24292.04274,24485,0.784153563,24292.48453,0.441785216,268,528,2.721454,1.565471,4.449988,43360,15932.65953,3.589783656,1,0,"{timeout:3600,max_col_multiplier:1,age_limit:2,random_seed:0,replication:1,num_threads:128}",1
d40400_9.json.gz,24425,d,40,400,LagrangeTemplate,highs,LTFarkas,1,225,24424.32638,25038,2.448278617,24424.88573,0.559343686,268,545,1.900263,1.103384,3.144724,34356,18079.60267,3.740555773,1,0,"{timeout:3600,max_col_multiplier:1,age_limit:2,random_seed:0,replication:1,num_threads:128}",1
d5100_0.json.gz,6337,d,5,100,LagrangeTemplate,highs,LTFarkas,1,202,6336.068627,6438,1.568810189,6336.803922,0.735294118,31,110,0.134798,0.316855,0.463436,1833,13598.1246,1.583663366,1,0,"{timeout:3600,max_col_multiplier:1,age_limit:2,random_seed:0,replication:1,num_threads:128}",1
d5100_1.json.gz,6619,d,5,100,LagrangeTemplate,highs,LTFarkas,1,256,6618.043712,6676,0.853804673,6618.778887,0.735174803,41,113,0.186533,0.35871,0.560086,2580,13831.33279,1.853342014,1,0,"{timeout:3600,max_col_multiplier:1,age_limit:2,random_seed:0,replication:1,num_threads:128}",1
d5100_2.json.gz,6529,d,5,100,LagrangeTemplate,highs,LTFarkas,1,219,6528.047619,6614,1.285152706,6528.095238,0.047619048,33,111,0.197257,0.339864,0.552099,2130,10798.09589,1.782302477,1,0,"{timeout:3600,max_col_multiplier:1,age_limit:2,random_seed:0,replication:1,num_threads:128}",1
d5100_3.json.gz,6626,d,5,100,LagrangeTemplate,highs,LTFarkas,1,214,6625.033119,6707,1.207693455,6625.071637,0.038517654,35,108,0.174752,0.310948,0.498901,1946,11135.78099,1.606591617,1,0,"{timeout:3600,max_col_multiplier:1,age_limit:2,random_seed:0,replication:1,num_threads:128}",1
d5100_4.json.gz,6560,d,5,100,LagrangeTemplate,highs,LTFarkas,1,206,6559.09919,6603,0.651219143,6559.580297,0.481106613,37,113,0.18096,0.336438,0.531661,2204,12179.48718,1.964748715,1,0,"{timeout:3600,max_col_multiplier:1,age_limit:2,random_seed:0,replication:1,num_threads:128}",1
d5100_5.json.gz,6474,d,5,100,LagrangeTemplate,highs,LTFarkas,1,287,6473.081583,6577,1.566063555,6473.986925,0.905342247,36,124,0.279554,0.476379,0.77532,3039,10870.8872,1.966914793,1,0,"{timeout:3600,max_col_multiplier:1,age_limit:2,random_seed:0,replication:1,num_threads:128}",1
d5100_6.json.gz,6249,d,5,100,LagrangeTemplate,highs,LTFarkas,1,195,6248.394086,6326,1.217198862,6248.94138,0.547293792,37,117,0.157978,0.317409,0.488793,1746,11052.17182,1.567752368,1,0,"{timeout:3600,max_col_multiplier:1,age_limit:2,random_seed:0,replication:1,num_threads:128}",1
d5100_7.json.gz,6290,d,5,100,LagrangeTemplate,highs,LTFarkas,1,202,6289.090152,6372,1.2868801,6289.76574,0.675587947,36,113,0.160326,0.314194,0.488124,1920,11975.59972,1.644430693,1,0,"{timeout:3600,max_col_multiplier:1,age_limit:2,random_seed:0,replication:1,num_threads:128}",1
d5100_8.json.gz,6282,d,5,100,LagrangeTemplate,highs,LTFarkas,1,292,6281.411831,6322,0.632711167,6281.640043,0.228211991,42,116,0.265691,0.402009,0.684263,3579,13470.53532,2.452054795,1,0,"{timeout:3600,max_col_multiplier:1,age_limit:2,random_seed:0,replication:1,num_threads:128}",1
d5100_9.json.gz,6545,d,5,100,LagrangeTemplate,highs,LTFarkas,1,255,6544.068807,6590,0.682852807,6544.068807,0,37,111,0.25368,0.393042,0.663838,2495,9835.225481,1.817867647,1,0,"{timeout:3600,max_col_multiplier:1,age_limit:2,random_seed:0,replication:1,num_threads:128}",1
d5200_0.json.gz,12450,d,5,200,LagrangeTemplate,highs,LTFarkas,1,425,12449.16306,12641,1.510956412,12449.75835,0.595284872,38,230,1.580396,3.258349,4.884518,5188,3282.721546,2.208906743,1,0,"{timeout:3600,max_col_multiplier:1,age_limit:4,random_seed:0,replication:1,num_threads:128}",1
d5200_1.json.gz,12510,d,5,200,LagrangeTemplate,highs,LTFarkas,1,437,12509.02857,12574,0.508986798,12509.35714,0.328571429,36,214,1.686444,3.080529,4.812437,5359,3177.692233,2.345614035,1,0,"{timeout:3600,max_col_multiplier:1,age_limit:4,random_seed:0,replication:1,num_threads:128}",1
d5200_2.json.gz,12684,d,5,200,LagrangeTemplate,highs,LTFarkas,1,501,12683.0859,12733,0.384826828,12683.78603,0.700132902,45,239,2.21867,3.086758,5.35571,9089,4096.598413,3.456287425,1,0,"{timeout:3600,max_col_multiplier:1,age_limit:4,random_seed:0,replication:1,num_threads:128}",1
d5200_3.json.gz,12597,d,5,200,LagrangeTemplate,highs,LTFarkas,1,459,12596.06972,12671,0.584010733,12596.78597,0.71625,39,225,1.93394,3.47867,5.460122,8030,4152.145361,3.290633944,1,0,"{timeout:3600,max_col_multiplier:1,age_limit:4,random_seed:0,replication:1,num_threads:128}",1
d5200_4.json.gz,12573,d,5,200,LagrangeTemplate,highs,LTFarkas,1,437,12572.00044,12638,0.514321886,12572.88445,0.884015276,41,226,1.743484,2.619166,4.408612,7860,4508.214586,3.367538167,1,0,"{timeout:3600,max_col_multiplier:1,age_limit:4,random_seed:0,replication:1,num_threads:128}",1
d5200_5.json.gz,12760,d,5,200,LagrangeTemplate,highs,LTFarkas,1,405,12759.10345,12834,0.576593424,12759.61755,0.514106583,39,239,1.569285,2.863543,4.478186,4910,3128.813441,2.167552523,1,0,"{timeout:3600,max_col_multiplier:1,age_limit:4,random_seed:0,replication:1,num_threads:128}",1
d5200_6.json.gz,12939,d,5,200,LagrangeTemplate,highs,LTFarkas,1,595,12938.07278,12940,0.007727974,12938.19937,0.126582278,42,228,3.061319,4.479043,7.597434,13587,4438.282975,4.432881152,1,0,"{timeout:3600,max_col_multiplier:1,age_limit:4,random_seed:0,replication:1,num_threads:128}",1
d5200_7.json.gz,12748,d,5,200,LagrangeTemplate,highs,LTFarkas,1,395,12747.03079,12890,1.10162917,12747.69998,0.669186938,40,240,1.536782,2.66731,4.246796,5002,3254.853323,2.318667011,1,0,"{timeout:3600,max_col_multiplier:1,age_limit:4,random_seed:0,replication:1,num_threads:128}",1
d5200_8.json.gz,12759,d,5,200,LagrangeTemplate,highs,LTFarkas,1,376,12758.03015,12912,1.184944238,12758.30317,0.273012577,45,223,1.508823,2.639253,4.189327,3632,2407.174334,1.67808384,1,0,"{timeout:3600,max_col_multiplier:1,age_limit:4,random_seed:0,replication:1,num_threads:128}",1
d5200_9.json.gz,12773,d,5,200,LagrangeTemplate,highs,LTFarkas,1,419,12772.21304,12917,1.11480994,12772.48411,0.27107003,38,225,1.528733,2.68803,4.261291,4968,3249.749956,2.132022778,1,0,"{timeout:3600,max_col_multiplier:1,age_limit:4,random_seed:0,replication:1,num_threads:128}",1
d60900_0.json.gz,54617,d,60,900,LagrangeTemplate,highs,LTFarkas,1,299,54617,55500,1.590990991,54617,147.000157,402,1262,6.97217,4.370043,11.885825,66432,9528.166984,3.51549181,1,0,"{timeout:3600,max_col_multiplier:1,age_limit:2,random_seed:0,replication:1,num_threads:128}",1
d60900_1.json.gz,54618,d,60,900,LagrangeTemplate,highs,LTFarkas,1,341,54618,55343,1.310012106,54618,12.00000017,439,1188,8.43374,4.99063,14.005888,78935,9359.430099,3.73793557,1,0,"{timeout:3600,max_col_multiplier:1,age_limit:2,random_seed:0,replication:1,num_threads:128}",1
d60900_2.json.gz,54814,d,60,900,LagrangeTemplate,highs,LTFarkas,1,380,54814,55402,1.061333526,54814,72.8333334,398,1207,9.150312,5.672457,15.404105,83879,9166.791253,3.561008772,1,0,"{timeout:3600,max_col_multiplier:1,age_limit:2,random_seed:0,replication:1,num_threads:128}",1
d60900_3.json.gz,54645,d,60,900,LagrangeTemplate,highs,LTFarkas,1,336,54645,55480,1.505046864,54645,68.00000162,421,1256,8.24393,5.161368,13.950991,75471,9154.735666,3.600992063,1,0,"{timeout:3600,max_col_multiplier:1,age_limit:2,random_seed:0,replication:1,num_threads:128}",1
d60900_4.json.gz,54701,d,60,900,LagrangeTemplate,highs,LTFarkas,1,316,54701,55428,1.31161146,54701,88.00000137,406,1253,7.698742,4.849946,13.086714,73480,9544.416477,3.725527426,1,0,"{timeout:3600,max_col_multiplier:1,age_limit:2,random_seed:0,replication:1,num_threads:128}",1
d60900_5.json.gz,54540,d,60,900,LagrangeTemplate,highs,LTFarkas,1,332,54540,55422,1.591425788,54540,71.00000004,394,1247,8.020593,5.143323,13.712128,74836,9330.482173,3.596402276,1,0,"{timeout:3600,max_col_multiplier:1,age_limit:2,random_seed:0,replication:1,num_threads:128}",1
d60900_6.json.gz,54675,d,60,900,LagrangeTemplate,highs,LTFarkas,1,352,54675,55827,2.063517653,54675,57.50000001,399,1182,8.202865,5.348141,14.114285,78474,9566.657503,3.573020909,1,0,"{timeout:3600,max_col_multiplier:1,age_limit:2,random_seed:0,replication:1,num_threads:128}",1
d60900_7.json.gz,54655,d,60,900,LagrangeTemplate,highs,LTFarkas,1,364,54655,55348,1.252077763,54655,144,398,1265,9.014967,5.552624,15.139401,82622,9164.980859,3.6371337,1,0,"{timeout:3600,max_col_multiplier:1,age_limit:2,random_seed:0,replication:1,num_threads:128}",1
d60900_8.json.gz,54653,d,60,900,LagrangeTemplate,highs,LTFarkas,1,309,54653,55436,1.41243957,54653,122.5000001,412,1264,7.884954,4.767418,13.188701,72344,9174.942555,3.744281514,1,0,"{timeout:3600,max_col_multiplier:1,age_limit:2,random_seed:0,replication:1,num_threads:128}",1
d60900_9.json.gz,54550,d,60,900,LagrangeTemplate,highs,LTFarkas,1,331,54550,55297,1.350887028,54550,122,396,1250,7.892661,5.130589,13.563489,73559,9319.923914,3.55347432,1,0,"{timeout:3600,max_col_multiplier:1,age_limit:2,random_seed:0,replication:1,num_threads:128}",1
d801600_0.json.gz,96900,d,80,1600,LagrangeTemplate,highs,LTFarkas,1,495,96900,98363,1.487347885,96900,58.50000015,594,2010,29.89783,20.955767,52.651417,163004,5452.034479,3.994050069,1,0,"{timeout:3600,max_col_multiplier:1,age_limit:2,random_seed:0,replication:1,num_threads:128}",1
d801600_1.json.gz,97046,d,80,1600,LagrangeTemplate,highs,LTFarkas,1,566,97046,98154,1.128838356,97046,407.5000003,545,2094,34.132354,23.504199,59.274896,182927,5359.34322,3.933145314,1,0,"{timeout:3600,max_col_multiplier:1,age_limit:2,random_seed:0,replication:1,num_threads:128}",1
d801600_2.json.gz,96904,d,80,1600,LagrangeTemplate,highs,LTFarkas,1,484,96904,97810,0.926285656,96904,265.0000212,544,2116,27.773048,20.872955,50.34436,147133,5297.690048,3.652341598,1,0,"{timeout:3600,max_col_multiplier:1,age_limit:2,random_seed:0,replication:1,num_threads:128}",1
d801600_3.json.gz,97082,d,80,1600,LagrangeTemplate,highs,LTFarkas,1,476,97082,98509,1.448598605,97082,74.00000286,572,2028,27.827435,21.220145,50.742406,149331,5366.322839,3.799241968,1,0,"{timeout:3600,max_col_multiplier:1,age_limit:2,random_seed:0,replication:1,num_threads:128}",1
d801600_4.json.gz,96972,d,80,1600,LagrangeTemplate,highs,LTFarkas,1,563,96972,97908,0.95599951,96972,79.25000003,573,2029,33.665213,25.317794,60.67997,175183,5203.680131,3.781892992,1,0,"{timeout:3600,max_col_multiplier:1,age_limit:2,random_seed:0,replication:1,num_threads:128}",1
d801600_5.json.gz,96974,d,80,1600,LagrangeTemplate,highs,LTFarkas,1,554,96974,98335,1.384044338,96974,60.00002174,580,2071,32.629484,25.58798,59.942512,169156,5184.145725,3.711488779,1,0,"{timeout:3600,max_col_multiplier:1,age_limit:2,random_seed:0,replication:1,num_threads:128}",1
d801600_6.json.gz,96893,d,80,1600,LagrangeTemplate,highs,LTFarkas,1,589,96893,97669,0.794520267,96893,137.000001,580,2057,33.529075,25.913977,61.117266,178387,5320.367472,3.684326312,1,0,"{timeout:3600,max_col_multiplier:1,age_limit:2,random_seed:0,replication:1,num_threads:128}",1
d801600_7.json.gz,97105,d,80,1600,LagrangeTemplate,highs,LTFarkas,1,560,97105,98182,1.096942413,97105,68.0000007,585,2039,33.249442,25.155112,60.1063,166668,5012.655551,3.614439054,1,0,"{timeout:3600,max_col_multiplier:1,age_limit:2,random_seed:0,replication:1,num_threads:128}",1
d801600_8.json.gz,96915,d,80,1600,LagrangeTemplate,highs,LTFarkas,1,568,96915,98696,1.804531085,96915,224.0000004,560,2020,32.282326,23.911089,58.022518,173246,5366.589756,3.688563342,1,0,"{timeout:3600,max_col_multiplier:1,age_limit:2,random_seed:0,replication:1,num_threads:128}",1
d801600_9.json.gz,97126,d,80,1600,LagrangeTemplate,highs,LTFarkas,1,561,97126,98116,1.009009744,97126,138.5833335,591,2007,33.649365,23.926203,59.314912,177407,5272.224305,3.840345209,1,0,"{timeout:3600,max_col_multiplier:1,age_limit:2,random_seed:0,replication:1,num_threads:128}",1
e10100_0.json.gz,11813,e,10,100,LagrangeTemplate,highs,LTFarkas,1,96,11812.10362,12622,6.409443828,11812.69853,0.594916911,51,117,0.050138,0.032408,0.099757,2189,43659.49978,1.918855219,1,0,"{timeout:3600,max_col_multiplier:1,age_limit:2,random_seed:0,replication:1,num_threads:128}",1
e10100_1.json.gz,11487,e,10,100,LagrangeTemplate,highs,LTFarkas,1,118,11486.14828,11523,0.312418641,11486.14828,0,51,113,0.071031,0.040417,0.124803,3034,42713.7447,2.295837845,1,0,"{timeout:3600,max_col_multiplier:1,age_limit:2,random_seed:0,replication:1,num_threads:128}",1
e10100_2.json.gz,11277,e,10,100,LagrangeTemplate,highs,LTFarkas,1,122,11276.36517,11460,1.596858639,11276.36517,0,55,122,0.062778,0.036323,0.112582,2668,42498.96461,1.953754662,1,0,"{timeout:3600,max_col_multiplier:1,age_limit:2,random_seed:0,replication:1,num_threads:128}",1
e10100_3.json.gz,11134,e,10,100,LagrangeTemplate,highs,LTFarkas,1,120,11133.11209,11488,3.081476323,11133.23048,0.118387909,49,114,0.058178,0.03348,0.104787,2528,43452.85159,1.82646615,1,0,"{timeout:3600,max_col_multiplier:1,age_limit:2,random_seed:0,replication:1,num_threads:128}",1
e10100_4.json.gz,11683,e,10,100,LagrangeTemplate,highs,LTFarkas,1,135,11682.35516,11760,0.654761905,11682.92625,0.571091445,47,126,0.076074,0.042464,0.132027,3174,41722.53332,2.158385709,1,0,"{timeout:3600,max_col_multiplier:1,age_limit:2,random_seed:0,replication:1,num_threads:128}",1
e10100_5.json.gz,11873,e,10,100,LagrangeTemplate,highs,LTFarkas,1,136,11872.32727,12034,1.337876018,11872.32727,0,43,116,0.075114,0.039604,0.127354,3189,42455.46769,2.105996148,1,0,"{timeout:3600,max_col_multiplier:1,age_limit:2,random_seed:0,replication:1,num_threads:128}",1
e10100_6.json.gz,11359,e,10,100,LagrangeTemplate,highs,LTFarkas,1,115,11358.05536,11705,2.956001709,11358.05536,0,57,112,0.063114,0.033796,0.109054,2734,43318.43965,2.117414496,1,0,"{timeout:3600,max_col_multiplier:1,age_limit:2,random_seed:0,replication:1,num_threads:128}",1
e10100_7.json.gz,11720,e,10,100,LagrangeTemplate,highs,LTFarkas,1,104,11719.66667,11810,0.762066046,11719.66667,0,44,116,0.051723,0.029336,0.093059,2396,46323.68579,1.995640083,1,0,"{timeout:3600,max_col_multiplier:1,age_limit:2,random_seed:0,replication:1,num_threads:128}",1
e10100_8.json.gz,11914,e,10,100,LagrangeTemplate,highs,LTFarkas,1,122,11913.39209,12074,1.325161504,11913.88849,0.496402878,56,117,0.064432,0.037261,0.113858,2675,41516.6377,1.999938495,1,0,"{timeout:3600,max_col_multiplier:1,age_limit:2,random_seed:0,replication:1,num_threads:128}",1
e10100_9.json.gz,11977,e,10,100,LagrangeTemplate,highs,LTFarkas,1,135,11976.475,12023,0.382600017,11976.875,0.4,31,117,0.078616,0.037753,0.129332,3360,42739.39147,2.307394581,1,0,"{timeout:3600,max_col_multiplier:1,age_limit:2,random_seed:0,replication:1,num_threads:128}",1
e10200_0.json.gz,22824,e,10,200,LagrangeTemplate,highs,LTFarkas,1,238,22823.05378,23083,1.122037863,22823.05378,0,50,213,0.305592,0.236081,0.571062,5541,18132.01916,2.043060002,1,0,"{timeout:3600,max_col_multiplier:1,age_limit:2,random_seed:0,replication:1,num_threads:128}",1
e10200_1.json.gz,23093,e,10,200,LagrangeTemplate,highs,LTFarkas,1,224,23092.13433,23507,1.761177522,23092.48507,0.350746269,53,229,0.247833,0.236644,0.512349,5260,21223.96937,1.97778515,1,0,"{timeout:3600,max_col_multiplier:1,age_limit:2,random_seed:0,replication:1,num_threads:128}",1
e10200_2.json.gz,23190,e,10,200,LagrangeTemplate,highs,LTFarkas,1,281,23189.14706,23546,1.511934086,23189.17647,0.029411765,55,215,0.353276,0.298067,0.683548,6339,17943.47762,2.054245097,1,0,"{timeout:3600,max_col_multiplier:1,age_limit:2,random_seed:0,replication:1,num_threads:128}",1
e10200_3.json.gz,23879,e,10,200,LagrangeTemplate,highs,LTFarkas,1,230,23878.16667,24130,1.040198923,23879,0.833333333,28,222,0.266817,0.224793,0.519153,6045,22655.97769,2.317130514,1,0,"{timeout:3600,max_col_multiplier:1,age_limit:2,random_seed:0,replication:1,num_threads:128}",1
e10200_4.json.gz,23762,e,10,200,LagrangeTemplate,highs,LTFarkas,1,316,23761.4288,23762,3.38E-12,23762,0.571201785,10,232,0.47704,0.340483,0.852068,7814,16380.17776,2.287659484,1,0,"{timeout:3600,max_col_multiplier:1,age_limit:2,random_seed:0,replication:1,num_threads:128}",1
e10200_5.json.gz,22438,e,10,200,LagrangeTemplate,highs,LTFarkas,1,223,22437.0995,22770,1.458058849,22437.53731,0.437810945,54,216,0.234411,0.220788,0.485709,5282,22533.07225,2.066594742,1,0,"{timeout:3600,max_col_multiplier:1,age_limit:2,random_seed:0,replication:1,num_threads:128}",1
e10200_6.json.gz,23505,e,10,200,LagrangeTemplate,highs,LTFarkas,1,281,23504.33575,23636,0.554239296,23504.52174,0.185990338,54,224,0.357321,0.283379,0.670976,7269,20343.05289,2.323733212,1,0,"{timeout:3600,max_col_multiplier:1,age_limit:2,random_seed:0,replication:1,num_threads:128}",1
e10200_7.json.gz,23719,e,10,200,LagrangeTemplate,highs,LTFarkas,1,334,23718.625,23786,0.281678298,23718.75,0.125,43,220,0.480529,0.35657,0.871685,9202,19149.72874,2.537341983,1,0,"{timeout:3600,max_col_multiplier:1,age_limit:2,random_seed:0,replication:1,num_threads:128}",1
e10200_8.json.gz,23913,e,10,200,LagrangeTemplate,highs,LTFarkas,1,278,23912.05636,24127,0.886973101,23912.45455,0.398181818,42,214,0.321575,0.273733,0.628567,6541,20340.51154,2.108724925,1,0,"{timeout:3600,max_col_multiplier:1,age_limit:2,random_seed:0,replication:1,num_threads:128}",1
e10200_9.json.gz,23082,e,10,200,LagrangeTemplate,highs,LTFarkas,1,284,23081.04274,23305,0.956876207,23081.85152,0.808773903,56,225,0.351807,0.300892,0.682351,6588,18726.17657,2.110675637,1,0,"{timeout:3600,max_col_multiplier:1,age_limit:2,random_seed:0,replication:1,num_threads:128}",1
e10400_0.json.gz,47838,e,10,400,LagrangeTemplate,highs,LTFarkas,1,461,47837.07143,48077,0.497119205,47837.31868,0.247252747,59,439,2.665119,1.440833,4.186474,13910,5219.279139,2.692119518,1,0,"{timeout:3600,max_col_multiplier:1,age_limit:4,random_seed:0,replication:1,num_threads:128}",1
e10400_1.json.gz,46579,e,10,400,LagrangeTemplate,highs,LTFarkas,1,540,46578.01568,47005,0.906286565,46578.07527,0.059587814,49,426,3.308344,1.763303,5.156284,17867,5400.587122,3.106360229,1,0,"{timeout:3600,max_col_multiplier:1,age_limit:4,random_seed:0,replication:1,num_threads:128}",1
e10400_2.json.gz,46711,e,10,400,LagrangeTemplate,highs,LTFarkas,1,567,46710.0625,47128,0.884824308,46710.125,0.0625,41,415,3.48099,1.754244,5.324735,16922,4861.260733,2.794472299,1,0,"{timeout:3600,max_col_multiplier:1,age_limit:4,random_seed:0,replication:1,num_threads:128}",1
e10400_3.json.gz,47720,e,10,400,LagrangeTemplate,highs,LTFarkas,1,532,47719.10417,48046,0.678516422,47719.5,0.395833334,20,444,3.334514,1.867742,5.290109,17665,5297.623582,3.080541363,1,0,"{timeout:3600,max_col_multiplier:1,age_limit:4,random_seed:0,replication:1,num_threads:128}",1
e10400_4.json.gz,47607,e,10,400,LagrangeTemplate,highs,LTFarkas,1,791,47606.06469,47631,0.050387353,47606.62253,0.557838661,57,449,5.881827,2.761242,8.748731,37116,6310.284203,4.532965605,1,0,"{timeout:3600,max_col_multiplier:1,age_limit:4,random_seed:0,replication:1,num_threads:128}",1
e10400_5.json.gz,47490,e,10,400,LagrangeTemplate,highs,LTFarkas,1,685,47489.33212,47492,0.004211236,47489.33212,0,52,416,3.952663,2.065443,6.109023,26814,6783.78096,3.758025796,1,0,"{timeout:3600,max_col_multiplier:1,age_limit:4,random_seed:0,replication:1,num_threads:128}",1
e10400_6.json.gz,46821,e,10,400,LagrangeTemplate,highs,LTFarkas,1,501,46820.20161,47044,0.474024318,46820.23387,0.032258065,49,422,2.828285,1.575451,4.487607,16084,5686.83849,2.951687026,1,0,"{timeout:3600,max_col_multiplier:1,age_limit:4,random_seed:0,replication:1,num_threads:128}",1
e10400_7.json.gz,46234,e,10,400,LagrangeTemplate,highs,LTFarkas,1,648,46233.00285,46255,0.045400497,46233.05797,0.055124224,54,425,4.855219,2.117861,7.063863,30327,6246.268191,4.451471703,1,0,"{timeout:3600,max_col_multiplier:1,age_limit:4,random_seed:0,replication:1,num_threads:128}",1
e10400_8.json.gz,46264,e,10,400,LagrangeTemplate,highs,LTFarkas,1,575,46263.04196,46304,0.086385625,46263.71739,0.675430254,46,447,4.048739,1.996092,6.132306,23969,5920.11488,3.982623188,1,0,"{timeout:3600,max_col_multiplier:1,age_limit:4,random_seed:0,replication:1,num_threads:128}",1
e10400_9.json.gz,46365,e,10,400,LagrangeTemplate,highs,LTFarkas,1,582,46364.05,46448,0.178694454,46364.2,0.15,44,419,3.791102,1.961484,5.841837,18372,4846.084331,3.086823624,1,0,"{timeout:3600,max_col_multiplier:1,age_limit:4,random_seed:0,replication:1,num_threads:128}",1
e15900_0.json.gz,101229,e,15,900,LagrangeTemplate,highs,LTFarkas,1,871,101228.098,101408,0.176514673,101229,0.902012821,27,988,25.772433,9.925537,36.055917,68031,2639.680933,5.03409241,1,0,"{timeout:3600,max_col_multiplier:1,age_limit:6,random_seed:0,replication:1,num_threads:128}",1
e15900_1.json.gz,102763,e,15,900,LagrangeTemplate,highs,LTFarkas,1,936,102762.0361,103393,0.609325583,102762.7917,0.755527212,65,1007,30.085779,10.900475,41.367526,84593,2811.727095,5.771732102,1,0,"{timeout:3600,max_col_multiplier:1,age_limit:6,random_seed:0,replication:1,num_threads:128}",1
e15900_2.json.gz,100556,e,15,900,LagrangeTemplate,highs,LTFarkas,1,1113,100555.3138,100557,0.000994455,100556,0.686190543,19,1032,41.302086,14.699257,56.420829,101113,2448.133007,5.887428267,1,0,"{timeout:3600,max_col_multiplier:1,age_limit:6,random_seed:0,replication:1,num_threads:128}",1
e15900_3.json.gz,102233,e,15,900,LagrangeTemplate,highs,LTFarkas,1,832,102232.0135,102462,0.223497492,102232.5938,0.580339322,87,956,21.200272,9.373358,30.927971,54573,2574.165086,4.105064117,1,0,"{timeout:3600,max_col_multiplier:1,age_limit:6,random_seed:0,replication:1,num_threads:128}",1
e15900_4.json.gz,101998,e,15,900,LagrangeTemplate,highs,LTFarkas,1,1023,101997.4876,102066,0.066623536,101997.8132,0.325576141,75,967,41.594844,11.523829,53.533787,98991,2379.886315,6.204856725,1,0,"{timeout:3600,max_col_multiplier:1,age_limit:6,random_seed:0,replication:1,num_threads:128}",1
e15900_5.json.gz,101526,e,15,900,LagrangeTemplate,highs,LTFarkas,1,1223,101525.002,101528.9999,0.002954738,101525.7226,0.720600163,73,1026,54.606292,15.444669,70.492212,142068,2601.67821,7.553537336,1,0,"{timeout:3600,max_col_multiplier:1,age_limit:6,random_seed:0,replication:1,num_threads:128}",1
e15900_6.json.gz,102713,e,15,900,LagrangeTemplate,highs,LTFarkas,1,1119,102712.1574,102714,0.000973573,102712.9417,0.784276317,57,971,43.774341,13.545152,57.739181,116481,2660.9424,6.747489741,1,0,"{timeout:3600,max_col_multiplier:1,age_limit:6,random_seed:0,replication:1,num_threads:128}",1
e15900_7.json.gz,104075,e,15,900,LagrangeTemplate,highs,LTFarkas,1,857,104074.0233,104225,0.143919405,104074.2826,0.259290121,74,952,23.615721,9.887199,33.845198,55875,2366.008643,4.115720909,1,0,"{timeout:3600,max_col_multiplier:1,age_limit:6,random_seed:0,replication:1,num_threads:128}",1
e15900_8.json.gz,103136,e,15,900,LagrangeTemplate,highs,LTFarkas,1,988,103135.0873,103286,0.145227813,103135.9048,0.817460318,43,994,39.417925,11.246798,51.055888,95079,2412.075217,6.173503125,1,0,"{timeout:3600,max_col_multiplier:1,age_limit:6,random_seed:0,replication:1,num_threads:128}",1
e15900_9.json.gz,101466,e,15,900,LagrangeTemplate,highs,LTFarkas,1,849,101465.0122,101724,0.253627462,101465.9647,0.952490208,77,964,33.632387,8.62666,42.624181,75687,2250.420108,5.679452565,1,0,"{timeout:3600,max_col_multiplier:1,age_limit:6,random_seed:0,replication:1,num_threads:128}",1
e20100_0.json.gz,11524,e,20,100,LagrangeTemplate,highs,LTFarkas,1,72,11523.03242,11683,1.36095181,11523.13716,0.104738155,89,131,0.054598,0.026893,0.102551,3491,63940.07106,2.287186179,1,0,"{timeout:3600,max_col_multiplier:1,age_limit:2,random_seed:0,replication:1,num_threads:128}",1
e20100_1.json.gz,11149,e,20,100,LagrangeTemplate,highs,LTFarkas,1,69,11148.69697,11460,2.713787086,11148.90909,0.212121212,77,138,0.047829,0.024214,0.093409,3310,69204.8757,2.23694525,1,0,"{timeout:3600,max_col_multiplier:1,age_limit:2,random_seed:0,replication:1,num_threads:128}",1
e20100_2.json.gz,12002,e,20,100,LagrangeTemplate,highs,LTFarkas,1,66,12001.54703,12088,0.711449371,12001.54703,0,77,131,0.053161,0.022721,0.096936,3518,66176.33227,2.38247122,1,0,"{timeout:3600,max_col_multiplier:1,age_limit:2,random_seed:0,replication:1,num_threads:128}",1
e20100_3.json.gz,11570,e,20,100,LagrangeTemplate,highs,LTFarkas,1,72,11569.5,12318,6.072414353,11570,0.5,67,125,0.048796,0.025346,0.096412,3278,67177.63751,1.987727154,1,0,"{timeout:3600,max_col_multiplier:1,age_limit:2,random_seed:0,replication:1,num_threads:128}",1
e20100_4.json.gz,11210,e,20,100,LagrangeTemplate,highs,LTFarkas,1,71,11209.16667,12127,7.561639317,11209.38095,0.214285714,52,130,0.057642,0.024901,0.104036,3780,65577.1833,2.294073805,1,0,"{timeout:3600,max_col_multiplier:1,age_limit:2,random_seed:0,replication:1,num_threads:128}",1
e20100_5.json.gz,11751,e,20,100,LagrangeTemplate,highs,LTFarkas,1,69,11750.05978,12073,2.667108424,11750.0689,0.009118541,89,131,0.050358,0.024133,0.0955,3592,71329.28234,2.514416004,1,0,"{timeout:3600,max_col_multiplier:1,age_limit:2,random_seed:0,replication:1,num_threads:128}",1
e20100_6.json.gz,11155,e,20,100,LagrangeTemplate,highs,LTFarkas,1,76,11154.46218,11291,1.204499159,11154.52101,0.058823529,78,144,0.058823,0.025757,0.105835,3852,65484.58936,2.412928857,1,0,"{timeout:3600,max_col_multiplier:1,age_limit:2,random_seed:0,replication:1,num_threads:128}",1
e20100_7.json.gz,11364,e,20,100,LagrangeTemplate,highs,LTFarkas,1,73,11363.02012,11988,5.205205205,11363.02012,0,81,128,0.050995,0.023836,0.095224,3439,67437.98412,2.203651605,1,0,"{timeout:3600,max_col_multiplier:1,age_limit:2,random_seed:0,replication:1,num_threads:128}",1
e20100_8.json.gz,11362,e,20,100,LagrangeTemplate,highs,LTFarkas,1,73,11361.65101,11365,0.026396832,11361.65101,0,78,130,0.051154,0.024576,0.09746,3539,69183.25058,2.155655608,1,0,"{timeout:3600,max_col_multiplier:1,age_limit:2,random_seed:0,replication:1,num_threads:128}",1
e20100_9.json.gz,11552,e,20,100,LagrangeTemplate,highs,LTFarkas,1,74,11551.28832,11993,3.677145001,11551.66788,0.379562044,82,149,0.052851,0.024272,0.099899,3598,68078.18206,2.208901882,1,0,"{timeout:3600,max_col_multiplier:1,age_limit:2,random_seed:0,replication:1,num_threads:128}",1
e201600_0.json.gz,180501,e,20,1600,LagrangeTemplate,highs,LTFarkas,1,1108,180500.2359,181273,0.425876992,180500.7747,0.538800701,115,1749,162.83994,27.235872,191.110228,117320,720.4620685,5.089748719,1,0,"{timeout:3600,max_col_multiplier:1,age_limit:8,random_seed:0,replication:1,num_threads:128}",1
e201600_1.json.gz,180902,e,20,1600,LagrangeTemplate,highs,LTFarkas,1,1286,180901.0532,181525,0.343203415,180901.5212,0.467961148,100,1747,189.792762,31.666819,222.560687,194419,1024.375208,7.303008519,1,0,"{timeout:3600,max_col_multiplier:1,age_limit:8,random_seed:0,replication:1,num_threads:128}",1
e201600_2.json.gz,180681,e,20,1600,LagrangeTemplate,highs,LTFarkas,1,1176,180680.0239,181103,0.233016558,180680.3226,0.298709672,108,1703,175.833275,27.314349,204.219987,154877,880.8173538,6.371977614,1,0,"{timeout:3600,max_col_multiplier:1,age_limit:8,random_seed:0,replication:1,num_threads:128}",1
e201600_3.json.gz,182570,e,20,1600,LagrangeTemplate,highs,LTFarkas,1,1049,182569.0172,183575,0.547460165,182569.9278,0.910597199,119,1752,153.856776,25.160268,180.032283,114886,746.7074443,5.116095023,1,0,"{timeout:3600,max_col_multiplier:1,age_limit:8,random_seed:0,replication:1,num_threads:128}",1
e201600_4.json.gz,181316,e,20,1600,LagrangeTemplate,highs,LTFarkas,1,1412,181315.0222,181428.9999,0.062283277,181315.697,0.674862886,112,1773,359.357042,35.860539,396.39297,286275,796.6311121,9.966729683,1,0,"{timeout:3600,max_col_multiplier:1,age_limit:8,random_seed:0,replication:1,num_threads:128}",1
e201600_5.json.gz,181068,e,20,1600,LagrangeTemplate,highs,LTFarkas,1,1514,181067.0111,181367,0.16485908,181067.0212,0.010107393,129,1635,278.302868,38.036394,317.441636,223730,803.9083521,7.568102065,1,0,"{timeout:3600,max_col_multiplier:1,age_limit:8,random_seed:0,replication:1,num_threads:128}",1
e201600_6.json.gz,182103,e,20,1600,LagrangeTemplate,highs,LTFarkas,1,1221,182102.0884,182672,0.311487256,182102.8502,0.761767673,107,1740,176.702416,29.016316,206.900343,129144,730.8558814,5.134702791,1,0,"{timeout:3600,max_col_multiplier:1,age_limit:8,random_seed:0,replication:1,num_threads:128}",1
e201600_7.json.gz,181309,e,20,1600,LagrangeTemplate,highs,LTFarkas,1,1048,181308.1138,182362,0.577422928,181308.7633,0.64942934,106,1669,134.050074,26.232168,161.277925,106063,791.2192574,4.732042533,1,0,"{timeout:3600,max_col_multiplier:1,age_limit:8,random_seed:0,replication:1,num_threads:128}",1
e201600_8.json.gz,181136,e,20,1600,LagrangeTemplate,highs,LTFarkas,1,1350,181135.0163,181578.9999,0.243970881,181135.3622,0.345905753,107,1718,242.763762,32.581108,276.464879,207116,853.1586358,7.499330618,1,0,"{timeout:3600,max_col_multiplier:1,age_limit:8,random_seed:0,replication:1,num_threads:128}",1
e201600_9.json.gz,180974,e,20,1600,LagrangeTemplate,highs,LTFarkas,1,1394,180973.0264,181353,0.208984687,180973.5992,0.572843634,106,1723,278.153368,36.783207,316.122823,262323,943.0876278,9.179011728,1,0,"{timeout:3600,max_col_multiplier:1,age_limit:8,random_seed:0,replication:1,num_threads:128}",1
e20200_0.json.gz,22997,e,20,200,LagrangeTemplate,highs,LTFarkas,1,152,22996.64665,23133,0.587904725,22996.69578,0.049131328,89,228,0.201634,0.110664,0.358867,8500,42155.58884,2.579335819,1,0,"{timeout:3600,max_col_multiplier:1,age_limit:2,random_seed:0,replication:1,num_threads:128}",1
e20200_1.json.gz,22436,e,20,200,LagrangeTemplate,highs,LTFarkas,1,153,22435.72213,22711,1.210866981,22436,9.916666667,83,262,0.205976,0.113772,0.367857,8913,43272.03169,2.681537174,1,0,"{timeout:3600,max_col_multiplier:1,age_limit:2,random_seed:0,replication:1,num_threads:128}",1
e20200_2.json.gz,23277,e,20,200,LagrangeTemplate,highs,LTFarkas,1,146,23276.67736,23500,0.94893617,23276.79899,0.121621622,100,239,0.190919,0.10814,0.346831,8214,43023.48116,2.523141024,1,0,"{timeout:3600,max_col_multiplier:1,age_limit:2,random_seed:0,replication:1,num_threads:128}",1
e20200_3.json.gz,22639,e,20,200,LagrangeTemplate,highs,LTFarkas,1,151,22638.05648,23042,1.748980123,22638.36514,0.308660489,98,229,0.188057,0.108004,0.342561,7862,41806.47357,2.388180381,1,0,"{timeout:3600,max_col_multiplier:1,age_limit:2,random_seed:0,replication:1,num_threads:128}",1
e20200_4.json.gz,22212,e,20,200,LagrangeTemplate,highs,LTFarkas,1,163,22211.31741,22240,0.125899281,22211.40804,0.090630741,93,229,0.206437,0.126198,0.380667,8560,41465.43498,2.448583641,1,0,"{timeout:3600,max_col_multiplier:1,age_limit:2,random_seed:0,replication:1,num_threads:128}",1
e20200_5.json.gz,22427,e,20,200,LagrangeTemplate,highs,LTFarkas,1,173,22426.21739,22487,0.26682083,22426.44928,0.231884058,99,240,0.262671,0.132963,0.443345,10466,39844.52033,2.791552962,1,0,"{timeout:3600,max_col_multiplier:1,age_limit:2,random_seed:0,replication:1,num_threads:128}",1
e20200_6.json.gz,23226,e,20,200,LagrangeTemplate,highs,LTFarkas,1,157,23225.22059,23236,0.043036667,23225.64706,0.426470588,85,239,0.207899,0.113576,0.369065,8601,41371.05037,2.534153641,1,0,"{timeout:3600,max_col_multiplier:1,age_limit:2,random_seed:0,replication:1,num_threads:128}",1
e20200_7.json.gz,23543,e,20,200,LagrangeTemplate,highs,LTFarkas,1,149,23542.3631,24269,2.9914706,23542.74405,0.380952381,87,238,0.198817,0.109391,0.355633,8760,44060.61856,2.657469983,1,0,"{timeout:3600,max_col_multiplier:1,age_limit:2,random_seed:0,replication:1,num_threads:128}",1
e20200_8.json.gz,23172,e,20,200,LagrangeTemplate,highs,LTFarkas,1,156,23171.04962,24203,4.259802504,23171.09474,0.045112782,105,224,0.199874,0.114577,0.361187,8210,41075.8778,2.505608509,1,0,"{timeout:3600,max_col_multiplier:1,age_limit:2,random_seed:0,replication:1,num_threads:128}",1
e20200_9.json.gz,22279,e,20,200,LagrangeTemplate,highs,LTFarkas,1,164,22278.15204,22662,1.690053835,22278.42881,0.276774331,108,254,0.235971,0.127028,0.409387,9572,40564.30663,2.673615628,1,0,"{timeout:3600,max_col_multiplier:1,age_limit:2,random_seed:0,replication:1,num_threads:128}",1
e20400_0.json.gz,45263,e,20,400,LagrangeTemplate,highs,LTFarkas,1,421,45262.13804,45631,0.806469286,45262.84783,0.709782609,101,438,1.716697,0.845717,2.692014,25773,15013.13278,2.852505212,1,0,"{timeout:3600,max_col_multiplier:1,age_limit:2,random_seed:0,replication:1,num_threads:128}",1
e20400_1.json.gz,44861,e,20,400,LagrangeTemplate,highs,LTFarkas,1,326,44860.19288,45470,1.339344623,44860.36202,0.169139466,79,438,1.265739,0.659807,2.046492,18404,14540.12241,2.568975839,1,0,"{timeout:3600,max_col_multiplier:1,age_limit:2,random_seed:0,replication:1,num_threads:128}",1
e20400_2.json.gz,45739,e,20,400,LagrangeTemplate,highs,LTFarkas,1,387,45738.01415,45739,2.07E-13,45738.06958,0.055424528,89,429,1.5654,0.816498,2.517652,21565,13776.03169,2.580630884,1,0,"{timeout:3600,max_col_multiplier:1,age_limit:2,random_seed:0,replication:1,num_threads:128}",1
e20400_3.json.gz,45227,e,20,400,LagrangeTemplate,highs,LTFarkas,1,343,45226.54746,45744,1.130202868,45226.82119,0.273730684,88,432,1.270892,0.708734,2.104872,21190,16673.32865,2.853496903,1,0,"{timeout:3600,max_col_multiplier:1,age_limit:2,random_seed:0,replication:1,num_threads:128}",1
e20400_4.json.gz,44847,e,20,400,LagrangeTemplate,highs,LTFarkas,1,321,44846.20533,45420,1.261558785,44846.48701,0.281687305,124,439,1.306294,0.68994,2.122356,18309,14015.98721,2.552240228,1,0,"{timeout:3600,max_col_multiplier:1,age_limit:2,random_seed:0,replication:1,num_threads:128}",1
e20400_5.json.gz,45123,e,20,400,LagrangeTemplate,highs,LTFarkas,1,370,45122.05163,45308,0.408316412,45122.188,0.136363636,107,428,1.397748,0.782178,2.305641,21657,15494.20926,2.706411032,1,0,"{timeout:3600,max_col_multiplier:1,age_limit:2,random_seed:0,replication:1,num_threads:128}",1
e20400_6.json.gz,44853,e,20,400,LagrangeTemplate,highs,LTFarkas,1,326,44852.1357,45300,0.986754967,44852.95867,0.822973735,103,445,1.233475,0.691697,2.04815,18843,15276.35339,2.628988545,1,0,"{timeout:3600,max_col_multiplier:1,age_limit:2,random_seed:0,replication:1,num_threads:128}",1
e20400_7.json.gz,45518,e,20,400,LagrangeTemplate,highs,LTFarkas,1,367,45517.07802,45581,0.138215485,45517.24409,0.16607015,119,454,1.418697,0.773004,2.320625,21001,14803.01995,2.671174021,1,0,"{timeout:3600,max_col_multiplier:1,age_limit:2,random_seed:0,replication:1,num_threads:128}",1
e20400_8.json.gz,45401,e,20,400,LagrangeTemplate,highs,LTFarkas,1,361,45400.1286,46000,1.302173913,45400.68701,0.558418541,108,448,1.42458,0.756074,2.312234,21508,15097.78321,2.754967124,1,0,"{timeout:3600,max_col_multiplier:1,age_limit:2,random_seed:0,replication:1,num_threads:128}",1
e20400_9.json.gz,45444,e,20,400,LagrangeTemplate,highs,LTFarkas,1,335,45443.21453,46306,1.861529823,45443.68837,0.473837209,99,443,1.262032,0.713795,2.09742,20261,16054.26804,2.776241526,1,0,"{timeout:3600,max_col_multiplier:1,age_limit:2,random_seed:0,replication:1,num_threads:128}",1
e30900_0.json.gz,100540,e,30,900,LagrangeTemplate,highs,LTFarkas,1,880,100539.0221,100541,0.000994619,100539.0346,0.012448133,152,934,21.367148,6.039943,28.02703,132580,6204.852421,4.902524448,1,0,"{timeout:3600,max_col_multiplier:1,age_limit:3,random_seed:0,replication:1,num_threads:128}",1
e30900_1.json.gz,99451,e,30,900,LagrangeTemplate,highs,LTFarkas,1,740,99450.05588,99563.99999,0.113494823,99450.08991,0.034022162,150,950,19.412388,4.991405,25.007091,111637,5750.812316,4.844895559,1,0,"{timeout:3600,max_col_multiplier:1,age_limit:3,random_seed:0,replication:1,num_threads:128}",1
e30900_2.json.gz,101439,e,30,900,LagrangeTemplate,highs,LTFarkas,1,585,101438.0191,102260,0.802855466,101438.7618,0.742701077,167,972,9.816754,3.672029,14.024735,72558,7391.241545,3.934267772,1,0,"{timeout:3600,max_col_multiplier:1,age_limit:3,random_seed:0,replication:1,num_threads:128}",1
e30900_3.json.gz,101394,e,30,900,LagrangeTemplate,highs,LTFarkas,1,614,101393.0503,102929,1.491319259,101393.382,0.331661797,173,982,11.405031,4.200173,16.132901,76612,6717.386389,3.994268124,1,0,"{timeout:3600,max_col_multiplier:1,age_limit:3,random_seed:0,replication:1,num_threads:128}",1
e30900_4.json.gz,99774,e,30,900,LagrangeTemplate,highs,LTFarkas,1,705,99773.1426,99795,0.021043138,99773.68407,0.541469207,167,970,16.392207,4.809583,21.736378,102401,6246.93185,4.646512585,1,0,"{timeout:3600,max_col_multiplier:1,age_limit:3,random_seed:0,replication:1,num_threads:128}",1
e30900_5.json.gz,101144,e,30,900,LagrangeTemplate,highs,LTFarkas,1,605,101143.0023,101245,0.099758012,101143.9235,0.921172304,152,1039,11.12485,3.872316,15.541244,78927,7094.657456,4.126716596,1,0,"{timeout:3600,max_col_multiplier:1,age_limit:3,random_seed:0,replication:1,num_threads:128}",1
e30900_6.json.gz,100223,e,30,900,LagrangeTemplate,highs,LTFarkas,1,552,100222.157,101349,1.111012442,100222.4853,0.328293728,180,996,8.845978,3.489091,12.851495,66813,7552.924052,3.791423115,1,0,"{timeout:3600,max_col_multiplier:1,age_limit:3,random_seed:0,replication:1,num_threads:128}",1
e30900_7.json.gz,101431,e,30,900,LagrangeTemplate,highs,LTFarkas,1,600,101430.0619,102255,0.805828566,101430.0619,0,151,935,10.630037,3.861625,15.025239,76075,7156.607263,4.015667792,1,0,"{timeout:3600,max_col_multiplier:1,age_limit:3,random_seed:0,replication:1,num_threads:128}",1
e30900_8.json.gz,100872,e,30,900,LagrangeTemplate,highs,LTFarkas,1,571,100871.0309,101569,0.686233004,100871.1286,0.09774668,150,939,9.239971,3.508227,13.266995,66490,7195.91003,3.744919651,1,0,"{timeout:3600,max_col_multiplier:1,age_limit:3,random_seed:0,replication:1,num_threads:128}",1
e30900_9.json.gz,102266,e,30,900,LagrangeTemplate,highs,LTFarkas,1,846,102265.3159,102318,0.050821947,102265.9807,0.664783709,179,1000,20.403992,5.815897,26.821994,124838,6118.312534,4.754157713,1,0,"{timeout:3600,max_col_multiplier:1,age_limit:3,random_seed:0,replication:1,num_threads:128}",1
e401600_0.json.gz,177283,e,40,1600,LagrangeTemplate,highs,LTFarkas,1,822,177282.316,178076,0.445315483,177282.6108,0.294798584,208,1734,60.619815,12.792971,75.109412,173126,2855.930854,5.106093918,1,0,"{timeout:3600,max_col_multiplier:1,age_limit:4,random_seed:0,replication:1,num_threads:128}",1
e401600_1.json.gz,176824,e,40,1600,LagrangeTemplate,highs,LTFarkas,1,874,176823.0964,177787,0.541659401,176823.6842,0.587828008,217,1738,87.249142,14.060291,103.012318,238530,2733.895079,6.622488271,1,0,"{timeout:3600,max_col_multiplier:1,age_limit:4,random_seed:0,replication:1,num_threads:128}",1
e401600_2.json.gz,179309,e,40,1600,LagrangeTemplate,highs,LTFarkas,1,901,179308.0011,180665,0.75056043,179308.0117,0.010640887,257,1653,87.267007,14.190934,103.195947,226906,2600.135009,6.19427022,1,0,"{timeout:3600,max_col_multiplier:1,age_limit:4,random_seed:0,replication:1,num_threads:128}",1
e401600_3.json.gz,178550,e,40,1600,LagrangeTemplate,highs,LTFarkas,1,961,178549.0814,178995,0.248610296,178549.2821,0.200762641,195,1671,95.970148,15.374331,113.052547,260345,2712.770642,6.586335356,1,0,"{timeout:3600,max_col_multiplier:1,age_limit:4,random_seed:0,replication:1,num_threads:128}",1
e401600_4.json.gz,178461,e,40,1600,LagrangeTemplate,highs,LTFarkas,1,907,178460.0612,179886,0.792168373,178460.5095,0.448288197,252,1711,84.970309,14.009791,100.743235,243132,2861.375966,6.512419853,1,0,"{timeout:3600,max_col_multiplier:1,age_limit:4,random_seed:0,replication:1,num_threads:128}",1
e401600_5.json.gz,177622,e,40,1600,LagrangeTemplate,highs,LTFarkas,1,792,177621.0927,179235,0.899935838,177621.4459,0.353172204,202,1698,59.701558,12.347163,73.751933,179045,2999.000462,5.417708911,1,0,"{timeout:3600,max_col_multiplier:1,age_limit:4,random_seed:0,replication:1,num_threads:128}",1
e401600_6.json.gz,179003,e,40,1600,LagrangeTemplate,highs,LTFarkas,1,823,179002.1947,180763,0.973650581,179002.9483,0.75368167,205,1713,72.73723,12.500308,86.902941,197654,2717.370458,5.82158364,1,0,"{timeout:3600,max_col_multiplier:1,age_limit:4,random_seed:0,replication:1,num_threads:128}",1
e401600_7.json.gz,178406,e,40,1600,LagrangeTemplate,highs,LTFarkas,1,947,178405.1272,178420,0.007846652,178405.3451,0.217971078,195,1699,95.885831,14.4781,112.094706,265356,2767.416179,6.853234995,1,0,"{timeout:3600,max_col_multiplier:1,age_limit:4,random_seed:0,replication:1,num_threads:128}",1
e401600_8.json.gz,176567,e,40,1600,LagrangeTemplate,highs,LTFarkas,1,1348,176566.3037,176571.9999,0.002831646,176567,0.69626169,65,1751,149.633056,23.679182,175.207925,392823,2625.242112,7.355197584,1,0,"{timeout:3600,max_col_multiplier:1,age_limit:4,random_seed:0,replication:1,num_threads:128}",1
e401600_9.json.gz,178426,e,40,1600,LagrangeTemplate,highs,LTFarkas,1,796,178425.0913,179079,0.364643537,178425.7164,0.625072332,259,1736,56.634555,12.496058,70.821277,158827,2804.41861,4.794057067,1,0,"{timeout:3600,max_col_multiplier:1,age_limit:4,random_seed:0,replication:1,num_threads:128}",1
e40400_0.json.gz,44562,e,40,400,LagrangeTemplate,highs,LTFarkas,1,193,44561.01572,45960,3.041775457,44561.01572,0,168,445,0.830249,0.272769,1.326035,25590,30822.07868,3.157501251,1,0,"{timeout:3600,max_col_multiplier:1,age_limit:2,random_seed:0,replication:1,num_threads:128}",1
e40400_1.json.gz,44343,e,40,400,LagrangeTemplate,highs,LTFarkas,1,196,44342.44952,44358,0.033815772,44342.75488,0.305362509,158,461,0.999769,0.289378,1.530269,28638,28644.61691,3.416962411,1,0,"{timeout:3600,max_col_multiplier:1,age_limit:2,random_seed:0,replication:1,num_threads:128}",1
e40400_2.json.gz,45288,e,40,400,LagrangeTemplate,highs,LTFarkas,1,197,45287.03448,47291,4.235478209,45287.03448,0,153,445,0.823364,0.267022,1.338572,25269,30689.95001,3.023079481,1,0,"{timeout:3600,max_col_multiplier:1,age_limit:2,random_seed:0,replication:1,num_threads:128}",1
e40400_3.json.gz,44768,e,40,400,LagrangeTemplate,highs,LTFarkas,1,201,44767.00037,46084,2.855654891,44767.2356,0.23522176,203,466,0.983837,0.281858,1.510428,28478,28945.8518,3.386043783,1,0,"{timeout:3600,max_col_multiplier:1,age_limit:2,random_seed:0,replication:1,num_threads:128}",1
e40400_4.json.gz,44510,e,40,400,LagrangeTemplate,highs,LTFarkas,1,182,44509.05227,45377,1.910659585,44509.05909,0.006818182,171,451,0.802393,0.259675,1.301622,24129,30071.29923,3.180751602,1,0,"{timeout:3600,max_col_multiplier:1,age_limit:2,random_seed:0,replication:1,num_threads:128}",1
e40400_5.json.gz,45199,e,40,400,LagrangeTemplate,highs,LTFarkas,1,191,45198.34376,45698,1.091951508,45198.77416,0.430395913,165,481,0.900194,0.266077,1.410471,26609,29559.18391,3.229305433,1,0,"{timeout:3600,max_col_multiplier:1,age_limit:2,random_seed:0,replication:1,num_threads:128}",1
e40400_6.json.gz,44648,e,40,400,LagrangeTemplate,highs,LTFarkas,1,183,44647.14212,45173,1.162198658,44647.40749,0.265370382,188,483,0.82718,0.258425,1.322053,24778,29954.78614,3.142457342,1,0,"{timeout:3600,max_col_multiplier:1,age_limit:2,random_seed:0,replication:1,num_threads:128}",1
e40400_7.json.gz,44601,e,40,400,LagrangeTemplate,highs,LTFarkas,1,173,44600.18939,45547,2.076975432,44600.90909,0.71969697,172,502,0.80556,0.246195,1.276289,24913,30926.31213,3.324863378,1,0,"{timeout:3600,max_col_multiplier:1,age_limit:2,random_seed:0,replication:1,num_threads:128}",1
e40400_8.json.gz,44983,e,40,400,LagrangeTemplate,highs,LTFarkas,1,176,44982.26601,45050,0.14872364,44982.91749,0.651482024,197,478,0.851427,0.246753,1.332008,25621,30091.83406,3.377083307,1,0,"{timeout:3600,max_col_multiplier:1,age_limit:2,random_seed:0,replication:1,num_threads:128}",1
e40400_9.json.gz,45000,e,40,400,LagrangeTemplate,highs,LTFarkas,1,189,44999.18411,46284,2.774176821,44999.23887,0.054758999,189,460,0.880437,0.267155,1.378279,26249,29813.60393,3.314104473,1,0,"{timeout:3600,max_col_multiplier:1,age_limit:2,random_seed:0,replication:1,num_threads:128}",1
e5100_0.json.gz,12347,e,5,100,LagrangeTemplate,highs,LTFarkas,1,250,12346.13636,12437,0.723647182,12346.72727,0.590909091,15,111,0.136035,0.08992,0.236562,2662,19568.4934,1.9386,1,0,"{timeout:3600,max_col_multiplier:1,age_limit:2,random_seed:0,replication:1,num_threads:128}",1
e5100_1.json.gz,12104,e,5,100,LagrangeTemplate,highs,LTFarkas,1,212,12103.33333,12131,0.222570275,12103.66667,0.333333333,13,112,0.107506,0.072955,0.190195,2090,19440.7754,1.721329959,1,0,"{timeout:3600,max_col_multiplier:1,age_limit:2,random_seed:0,replication:1,num_threads:128}",1
e5100_2.json.gz,11331,e,5,100,LagrangeTemplate,highs,LTFarkas,1,221,11330.14706,11355,0.211360634,11330.20588,0.058823529,30,108,0.121212,0.079957,0.211835,2397,19775.26978,1.987481146,1,0,"{timeout:3600,max_col_multiplier:1,age_limit:2,random_seed:0,replication:1,num_threads:128}",1
e5100_3.json.gz,12391,e,5,100,LagrangeTemplate,highs,LTFarkas,1,169,12390.05263,12875,3.759223301,12391,0.947368421,13,114,0.078006,0.058639,0.145611,1622,20793.27231,1.797677963,1,0,"{timeout:3600,max_col_multiplier:1,age_limit:2,random_seed:0,replication:1,num_threads:128}",1
e5100_4.json.gz,13445,e,5,100,LagrangeTemplate,highs,LTFarkas,1,237,13444.14286,13510,0.481125093,13444.28571,0.142857143,18,111,0.123383,0.086766,0.220659,2566,20797.03039,2.010636428,1,0,"{timeout:3600,max_col_multiplier:1,age_limit:2,random_seed:0,replication:1,num_threads:128}",1
e5100_5.json.gz,13192,e,5,100,LagrangeTemplate,highs,LTFarkas,1,201,13191.5,13217,0.189150337,13191.5,0,28,107,0.102965,0.06968,0.182342,1953,18967.61035,1.691252073,1,0,"{timeout:3600,max_col_multiplier:1,age_limit:2,random_seed:0,replication:1,num_threads:128}",1
e5100_6.json.gz,12389,e,5,100,LagrangeTemplate,highs,LTFarkas,1,244,12388.45833,12511,0.975141875,12388.5,0.041666667,9,109,0.117344,0.097125,0.225256,2299,19591.96891,1.682832423,1,0,"{timeout:3600,max_col_multiplier:1,age_limit:2,random_seed:0,replication:1,num_threads:128}",1
e5100_7.json.gz,13152,e,5,100,LagrangeTemplate,highs,LTFarkas,1,187,13151.37705,13395,1.814109742,13151.63934,0.262295082,26,112,0.092444,0.070896,0.173069,1681,18183.98165,1.513090226,1,0,"{timeout:3600,max_col_multiplier:1,age_limit:2,random_seed:0,replication:1,num_threads:128}",1
e5100_8.json.gz,12300,e,5,100,LagrangeTemplate,highs,LTFarkas,1,266,12299.09259,12398,0.790450073,12299.09259,0,29,107,0.148509,0.086073,0.246268,2975,20032.45595,2.039316032,1,0,"{timeout:3600,max_col_multiplier:1,age_limit:2,random_seed:0,replication:1,num_threads:128}",1
e5100_9.json.gz,13552,e,5,100,LagrangeTemplate,highs,LTFarkas,1,346,13551.1875,13552,6.98E-13,13551.1875,0,21,110,0.182569,0.117882,0.313898,3726,20408.72218,2.009521516,1,0,"{timeout:3600,max_col_multiplier:1,age_limit:2,random_seed:0,replication:1,num_threads:128}",1
e5200_0.json.gz,25010,e,5,200,LagrangeTemplate,highs,LTFarkas,1,623,25009.11111,25012,0.007996162,25009.11111,0,24,214,1.55657,0.912838,2.50564,10040,6450.079341,3.181196124,1,0,"{timeout:3600,max_col_multiplier:1,age_limit:4,random_seed:0,replication:1,num_threads:128}",1
e5200_1.json.gz,23829,e,5,200,LagrangeTemplate,highs,LTFarkas,1,384,23828.16667,23931,0.426225398,23829,0.833333333,18,215,0.842469,0.504826,1.374483,5433,6448.901977,2.599768519,1,0,"{timeout:3600,max_col_multiplier:1,age_limit:4,random_seed:0,replication:1,num_threads:128}",1
e5200_2.json.gz,24566,e,5,200,LagrangeTemplate,highs,LTFarkas,1,327,24565.04651,24947,1.527237744,24565.04651,0,31,218,0.577649,0.479465,1.083285,3531,6112.708583,1.855211174,1,0,"{timeout:3600,max_col_multiplier:1,age_limit:4,random_seed:0,replication:1,num_threads:128}",1
e5200_3.json.gz,26689,e,5,200,LagrangeTemplate,highs,LTFarkas,1,610,26688.05797,26692,0.011239323,26688.92754,0.869565217,26,216,1.541418,0.86121,2.438706,12569,8154.180112,3.965290611,1,0,"{timeout:3600,max_col_multiplier:1,age_limit:4,random_seed:0,replication:1,num_threads:128}",1
e5200_4.json.gz,24314,e,5,200,LagrangeTemplate,highs,LTFarkas,1,346,24313.005,24622,1.250913817,24313.435,0.43,31,215,0.714373,0.507809,1.247632,3615,5060.381621,1.871747138,1,0,"{timeout:3600,max_col_multiplier:1,age_limit:4,random_seed:0,replication:1,num_threads:128}",1
e5200_5.json.gz,25692,e,5,200,LagrangeTemplate,highs,LTFarkas,1,605,25691.17647,25710,0.070011669,25691.5,0.323529412,9,225,1.483103,0.906467,2.428574,11871,8004.164242,3.844926121,1,0,"{timeout:3600,max_col_multiplier:1,age_limit:4,random_seed:0,replication:1,num_threads:128}",1
e5200_6.json.gz,24743,e,5,200,LagrangeTemplate,highs,LTFarkas,1,321,24742.23077,25173,1.708179399,24742.76923,0.538461538,27,225,0.579736,0.458086,1.066151,3702,6385.665199,1.920170243,1,0,"{timeout:3600,max_col_multiplier:1,age_limit:4,random_seed:0,replication:1,num_threads:128}",1
e5200_7.json.gz,24250,e,5,200,LagrangeTemplate,highs,LTFarkas,1,380,24249.01111,24373,0.504656792,24249.76667,0.755555556,27,230,0.635898,0.492604,1.157073,5679,8930.677561,2.685394737,1,0,"{timeout:3600,max_col_multiplier:1,age_limit:4,random_seed:0,replication:1,num_threads:128}",1
e5200_8.json.gz,23872,e,5,200,LagrangeTemplate,highs,LTFarkas,1,662,23871.09091,23872,1.24E-10,23871.72727,0.636363636,23,214,1.655199,1.10412,2.803512,11087,6698.288242,3.173779419,1,0,"{timeout:3600,max_col_multiplier:1,age_limit:4,random_seed:0,replication:1,num_threads:128}",1
e5200_9.json.gz,23905,e,5,200,LagrangeTemplate,highs,LTFarkas,1,577,23904.2,23928,0.096121698,23904.4,0.2,22,220,1.487673,0.861669,2.386013,9749,6553.187428,3.174475255,1,0,"{timeout:3600,max_col_multiplier:1,age_limit:4,random_seed:0,replication:1,num_threads:128}",1
e60900_0.json.gz,100180,e,60,900,LagrangeTemplate,highs,LTFarkas,1,419,100179.0303,102006,1.790090779,100179.0391,0.008824367,244,969,8.510446,1.753765,11.413868,106839,12553.86615,4.095626461,1,0,"{timeout:3600,max_col_multiplier:1,age_limit:2,random_seed:0,replication:1,num_threads:128}",1
e60900_1.json.gz,99210,e,60,900,LagrangeTemplate,highs,LTFarkas,1,377,99209.00676,101917,2.656082891,99209.07853,0.071769878,349,1015,7.679916,1.673533,10.498093,95212,12397.53143,4.088607822,1,0,"{timeout:3600,max_col_multiplier:1,age_limit:2,random_seed:0,replication:1,num_threads:128}",1
e60900_2.json.gz,99300,e,60,900,LagrangeTemplate,highs,LTFarkas,1,368,99299.01556,99371,0.071449417,99299.05985,0.044286316,309,974,6.826382,1.564481,9.545972,91286,13372.53028,3.958930754,1,0,"{timeout:3600,max_col_multiplier:1,age_limit:2,random_seed:0,replication:1,num_threads:128}",1
e60900_3.json.gz,100112,e,60,900,LagrangeTemplate,highs,LTFarkas,1,462,100111.0256,100167,0.054908303,100111.1715,0.145923176,304,1018,10.116942,2.01602,13.355156,119643,11826.00434,4.155151481,1,0,"{timeout:3600,max_col_multiplier:1,age_limit:2,random_seed:0,replication:1,num_threads:128}",1
e60900_4.json.gz,99595,e,60,900,LagrangeTemplate,highs,LTFarkas,1,337,99594.58771,100937,1.32954219,99594.83778,0.250064491,255,1025,6.49348,1.423387,9.07608,87509,13476.44098,4.116593216,1,0,"{timeout:3600,max_col_multiplier:1,age_limit:2,random_seed:0,replication:1,num_threads:128}",1
e60900_5.json.gz,100296,e,60,900,LagrangeTemplate,highs,LTFarkas,1,352,100295.5669,103082,2.702702703,100295.8343,0.267360372,296,1018,6.946959,1.481969,9.597336,93454,13452.5049,4.209131633,1,0,"{timeout:3600,max_col_multiplier:1,age_limit:2,random_seed:0,replication:1,num_threads:128}",1
e60900_6.json.gz,100037,e,60,900,LagrangeTemplate,highs,LTFarkas,1,430,100036.0977,100076,0.038970383,100036.6324,0.534722445,315,988,10.799961,1.899857,13.860347,122630,11354.67063,4.596862904,1,0,"{timeout:3600,max_col_multiplier:1,age_limit:2,random_seed:0,replication:1,num_threads:128}",1
e60900_7.json.gz,100418,e,60,900,LagrangeTemplate,highs,LTFarkas,1,363,100417.3167,102263,1.804171597,100417.6211,0.304408711,307,1058,6.850216,1.503912,9.525544,93064,13585.55701,4.063046741,1,0,"{timeout:3600,max_col_multiplier:1,age_limit:2,random_seed:0,replication:1,num_threads:128}",1
e60900_8.json.gz,100752,e,60,900,LagrangeTemplate,highs,LTFarkas,1,364,100751.1612,100775,0.022823121,100751.5434,0.382237312,241,998,6.805726,1.513136,9.465492,89726,13183.89838,3.904332685,1,0,"{timeout:3600,max_col_multiplier:1,age_limit:2,random_seed:0,replication:1,num_threads:128}",1
e60900_9.json.gz,100369,e,60,900,LagrangeTemplate,highs,LTFarkas,1,373,100368.0943,101993,1.592266136,100368.3176,0.223282091,303,1006,7.20148,1.535499,9.894101,94681,13147.43636,4.047398878,1,0,"{timeout:3600,max_col_multiplier:1,age_limit:2,random_seed:0,replication:1,num_threads:128}",1
e801600_0.json.gz,177195,e,80,1600,LagrangeTemplate,highs,LTFarkas,1,604,177194.0682,179237,1.139273699,177194.356,0.287848168,393,1748,36.567639,6.532778,47.050863,233690,6390.623141,4.656128213,1,0,"{timeout:3600,max_col_multiplier:1,age_limit:2,random_seed:0,replication:1,num_threads:128}",1
e801600_1.json.gz,177332,e,80,1600,LagrangeTemplate,highs,LTFarkas,1,640,177331.0027,179503,1.209450538,177331.0103,0.007574283,414,1690,41.780478,6.99228,52.590632,254782,6098.11118,4.876390233,1,0,"{timeout:3600,max_col_multiplier:1,age_limit:2,random_seed:0,replication:1,num_threads:128}",1
e801600_2.json.gz,177153,e,80,1600,LagrangeTemplate,highs,LTFarkas,1,731,177152.1617,177161,0.004515667,177152.6199,0.458278878,356,1731,53.103375,7.781058,64.831028,309493,5828.122977,5.140851821,1,0,"{timeout:3600,max_col_multiplier:1,age_limit:2,random_seed:0,replication:1,num_threads:128}",1
e801600_3.json.gz,176785,e,80,1600,LagrangeTemplate,highs,LTFarkas,1,857,176784.054,176805,0.011311897,176784.24,0.186033367,431,1706,63.10956,9.879532,76.861338,355872,5638.955493,5.105817492,1,0,"{timeout:3600,max_col_multiplier:1,age_limit:2,random_seed:0,replication:1,num_threads:128}",1
e801600_4.json.gz,176556,e,80,1600,LagrangeTemplate,highs,LTFarkas,1,1032,176555.2383,176596,0.022650569,176555.9285,0.690218247,355,1745,90.715453,12.213866,107.036215,463894,5113.726324,5.525812571,1,0,"{timeout:3600,max_col_multiplier:1,age_limit:2,random_seed:0,replication:1,num_threads:128}",1
e801600_5.json.gz,176530,e,80,1600,LagrangeTemplate,highs,LTFarkas,1,823,176529.2325,176550,0.011328236,176529.4589,0.226397934,450,1757,69.358289,9.35064,82.68479,373072,5378.910082,5.579823897,1,0,"{timeout:3600,max_col_multiplier:1,age_limit:2,random_seed:0,replication:1,num_threads:128}",1
e801600_6.json.gz,177313,e,80,1600,LagrangeTemplate,highs,LTFarkas,1,784,177312.1977,177346,0.018607693,177312.3311,0.133353915,398,1724,56.67524,8.646164,69.299354,325637,5745.666009,5.090236987,1,0,"{timeout:3600,max_col_multiplier:1,age_limit:2,random_seed:0,replication:1,num_threads:128}",1
e801600_7.json.gz,176238,e,80,1600,LagrangeTemplate,highs,LTFarkas,1,767,176237.006,176313,0.042537986,176237.4723,0.466366105,537,1796,61.944873,8.653289,74.655718,345867,5583.46451,5.534642718,1,0,"{timeout:3600,max_col_multiplier:1,age_limit:2,random_seed:0,replication:1,num_threads:128}",1
e801600_8.json.gz,177482,e,80,1600,LagrangeTemplate,highs,LTFarkas,1,680,177481.2235,177517,0.019716422,177481.7362,0.512636337,377,1777,42.193238,7.265925,53.339604,269878,6396.238184,4.844043653,1,0,"{timeout:3600,max_col_multiplier:1,age_limit:2,random_seed:0,replication:1,num_threads:128}",1
e801600_9.json.gz,176266,e,80,1600,LagrangeTemplate,highs,LTFarkas,1,755,176265.0014,176292,0.014748258,176265.0722,0.070749569,339,1712,54.037135,8.47874,66.471623,311895,5771.864108,5.036783964,1,0,"{timeout:3600,max_col_multiplier:1,age_limit:2,random_seed:0,replication:1,num_threads:128}",1
f1201600.json.gz,220868,f,120,1600,LagrangeTemplate,highs,LTFarkas,1,212,220867.2797,237611,7.04639095,220867.2797,0,703,1738,21.719912,16.168326,40.294422,177099,8153.762317,6.543545117,1,0,"{timeout:3600,max_col_multiplier:1,age_limit:2,random_seed:0,replication:1,num_threads:128}",1
f1201600_0.json.gz,203375,f,120,1600,LagrangeTemplate,highs,LTFarkas,1,218,203374.0265,264405,23.08201433,203374.7052,0.678693367,698,1769,18.587655,14.887905,35.74993,155898,8387.179555,5.961217811,1,0,"{timeout:3600,max_col_multiplier:1,age_limit:2,random_seed:0,replication:1,num_threads:128}",1
f1201600_1.json.gz,206759,f,120,1600,LagrangeTemplate,highs,LTFarkas,1,213,206758.3133,238818,13.42403001,206758.3133,0,700,1722,18.702711,14.797277,35.943094,160752,8595.117574,6.170157362,1,0,"{timeout:3600,max_col_multiplier:1,age_limit:2,random_seed:0,replication:1,num_threads:128}",1
f1201600_2.json.gz,204174,f,120,1600,LagrangeTemplate,highs,LTFarkas,1,196,204173.2687,236237,13.57238705,204173.4555,0.18681457,709,1723,15.875182,13.560488,31.833957,139671,8798.072362,5.752923617,1,0,"{timeout:3600,max_col_multiplier:1,age_limit:2,random_seed:0,replication:1,num_threads:128}",1
f1201600_3.json.gz,228203,f,120,1600,LagrangeTemplate,highs,LTFarkas,1,229,228202.1824,242131,5.752258075,228202.1824,0,712,1762,22.954221,18.141138,43.389952,180983,7884.519366,6.212836643,1,0,"{timeout:3600,max_col_multiplier:1,age_limit:2,random_seed:0,replication:1,num_threads:128}",1
f1201600_4.json.gz,220824,f,120,1600,LagrangeTemplate,highs,LTFarkas,1,207,220823.2035,244959,9.852669222,220823.2035,0,705,1731,18.481421,15.662545,36.561074,153403,8300.389889,5.911491871,1,0,"{timeout:3600,max_col_multiplier:1,age_limit:2,random_seed:0,replication:1,num_threads:128}",1
f1201600_5.json.gz,199464,f,120,1600,LagrangeTemplate,highs,LTFarkas,1,212,199463.2904,215081,7.260985396,199463.892,0.601587621,690,1759,17.35238,13.708856,33.337456,148914,8581.762271,5.651646537,1,0,"{timeout:3600,max_col_multiplier:1,age_limit:2,random_seed:0,replication:1,num_threads:128}",1
f1201600_6.json.gz,258157,f,120,1600,LagrangeTemplate,highs,LTFarkas,1,239,258156.5509,280150,7.850437266,258156.6378,0.086949002,776,1758,23.254596,22.566723,48.608238,182286,7838.708529,6.093810143,1,0,"{timeout:3600,max_col_multiplier:1,age_limit:2,random_seed:0,replication:1,num_threads:128}",1
f1201600_7.json.gz,241319,f,120,1600,LagrangeTemplate,highs,LTFarkas,1,212,241318.206,268035,9.96735501,241318.206,0,722,1722,18.742827,18.772478,40.021886,157988,8429.251361,5.919979783,1,0,"{timeout:3600,max_col_multiplier:1,age_limit:2,random_seed:0,replication:1,num_threads:128}",1
f1201600_8.json.gz,224966,f,120,1600,LagrangeTemplate,highs,LTFarkas,1,202,224965.2464,256680,12.35546205,224965.6155,0.369090498,706,1738,17.802059,15.589198,35.848989,153067,8598.275065,6.121495465,1,0,"{timeout:3600,max_col_multiplier:1,age_limit:2,random_seed:0,replication:1,num_threads:128}",1
f1201600_9.json.gz,240712,f,120,1600,LagrangeTemplate,highs,LTFarkas,1,240,240711.1404,256026,5.981423762,240711.4173,0.276910314,699,1725,22.184121,21.05396,45.81924,173659,7828.076668,5.90084298,1,0,"{timeout:3600,max_col_multiplier:1,age_limit:2,random_seed:0,replication:1,num_threads:128}",1
f1203200.json.gz,451382,f,120,3200,LagrangeTemplate,highs,LTFarkas,1,416,451381.4672,474932,4.9586046,451381.9495,0.482284237,921,3346,187.125739,150.290852,344.531528,502375,2684.692136,9.704706178,1,0,"{timeout:3600,max_col_multiplier:1,age_limit:3,random_seed:0,replication:1,num_threads:128}",1
f1203200_0.json.gz,398774,f,120,3200,LagrangeTemplate,highs,LTFarkas,1,426,398773.2743,421321,5.351501587,398773.874,0.599767512,857,3328,180.317471,135.511443,322.814107,461320,2558.376609,8.728145252,1,0,"{timeout:3600,max_col_multiplier:1,age_limit:3,random_seed:0,replication:1,num_threads:128}",1
f1203200_1.json.gz,403753,f,120,3200,LagrangeTemplate,highs,LTFarkas,1,426,403752.528,419269,3.700726741,403752.6098,0.08176171,890,3325,189.926546,135.950403,332.866887,485953,2558.636537,9.301531768,1,0,"{timeout:3600,max_col_multiplier:1,age_limit:3,random_seed:0,replication:1,num_threads:128}",1
f1203200_2.json.gz,404674,f,120,3200,LagrangeTemplate,highs,LTFarkas,1,411,404673.6197,432184,6.36534439,404673.6197,0,835,3323,167.408264,133.830125,307.532378,431891,2579.866667,8.667316677,1,0,"{timeout:3600,max_col_multiplier:1,age_limit:3,random_seed:0,replication:1,num_threads:128}",1
f1203200_3.json.gz,426001,f,120,3200,LagrangeTemplate,highs,LTFarkas,1,468,426000.0699,442684,3.768602434,426000.0699,0,863,3323,181.802867,155.275065,343.755722,494354,2719.17604,8.526067233,1,0,"{timeout:3600,max_col_multiplier:1,age_limit:3,random_seed:0,replication:1,num_threads:128}",1
f1203200_4.json.gz,431379,f,120,3200,LagrangeTemplate,highs,LTFarkas,1,419,431378.2337,456450,5.492605981,431378.2337,0,872,3323,170.874428,146.908698,324.351796,462818,2708.526989,8.920957942,1,0,"{timeout:3600,max_col_multiplier:1,age_limit:3,random_seed:0,replication:1,num_threads:128}",1
f1203200_5.json.gz,464191,f,120,3200,LagrangeTemplate,highs,LTFarkas,1,413,464190.3568,513313,9.569599835,464190.3568,0,835,3324,176.446251,157.460742,341.683823,470870,2668.631367,9.134218611,1,0,"{timeout:3600,max_col_multiplier:1,age_limit:3,random_seed:0,replication:1,num_threads:128}",1
f1203200_6.json.gz,467231,f,120,3200,LagrangeTemplate,highs,LTFarkas,1,474,467230.0744,484665,3.597123786,467230.5305,0.456090747,890,3333,240.194727,176.178161,423.17869,586961,2443.688116,10.08369946,1,0,"{timeout:3600,max_col_multiplier:1,age_limit:3,random_seed:0,replication:1,num_threads:128}",1
f1203200_7.json.gz,402305,f,120,3200,LagrangeTemplate,highs,LTFarkas,1,402,402304.0577,429356,6.30036613,402304.1028,0.045111074,868,3327,157.857483,125.216347,289.796323,440259,2788.965031,8.960975618,1,0,"{timeout:3600,max_col_multiplier:1,age_limit:3,random_seed:0,replication:1,num_threads:128}",1
f1203200_8.json.gz,423595,f,120,3200,LagrangeTemplate,highs,LTFarkas,1,400,423594.2187,455729,7.051120293,423594.6418,0.423124708,858,3329,161.559664,132.530575,300.824911,433471,2683.039747,8.698784721,1,0,"{timeout:3600,max_col_multiplier:1,age_limit:3,random_seed:0,replication:1,num_threads:128}",1
f1203200_9.json.gz,433128,f,120,3200,LagrangeTemplate,highs,LTFarkas,1,449,433127.2135,452394,4.258677171,433127.5879,0.37442017,853,3329,182.417961,148.697806,337.91737,494971,2713.38961,8.890938842,1,0,"{timeout:3600,max_col_multiplier:1,age_limit:3,random_seed:0,replication:1,num_threads:128}",1
f1204000.json.gz,483365,f,120,4000,LagrangeTemplate,highs,LTFarkas,1,553,483364.1718,510402,5.297197111,483364.1718,0,909,4126,417.690478,259.399458,687.240115,623141,1491.872649,9.150821089,1,0,"{timeout:3600,max_col_multiplier:1,age_limit:3,random_seed:0,replication:1,num_threads:128}",1
f1204000_0.json.gz,537743,f,120,4000,LagrangeTemplate,highs,LTFarkas,1,587,537742.0326,558177,3.660845932,537742.0326,0,900,4123,465.980002,329.799903,806.030869,683351,1466.481388,9.329383973,1,0,"{timeout:3600,max_col_multiplier:1,age_limit:3,random_seed:0,replication:1,num_threads:128}",1
f1204000_1.json.gz,621842,f,120,4000,LagrangeTemplate,highs,LTFarkas,1,553,621841.7206,664368,6.400970546,621841.9978,0.277149512,928,4129,464.433026,356.524371,830.630037,693165,1492.49722,9.995234576,1,0,"{timeout:3600,max_col_multiplier:1,age_limit:3,random_seed:0,replication:1,num_threads:128}",1
f1204000_2.json.gz,523765,f,120,4000,LagrangeTemplate,highs,LTFarkas,1,611,523764.0662,558544,6.2267252,523764.9048,0.838575026,924,4124,473.352512,326.667262,809.179157,706685,1492.935988,9.459946168,1,0,"{timeout:3600,max_col_multiplier:1,age_limit:3,random_seed:0,replication:1,num_threads:128}",1
f1204000_3.json.gz,574724,f,120,4000,LagrangeTemplate,highs,LTFarkas,1,581,574723.0352,593900,3.228826402,574723.1412,0.106007703,928,4142,442.694991,321.682673,774.667407,686161,1549.963325,9.51072843,1,0,"{timeout:3600,max_col_multiplier:1,age_limit:3,random_seed:0,replication:1,num_threads:128}",1
f1204000_4.json.gz,525874,f,120,4000,LagrangeTemplate,highs,LTFarkas,1,604,525873.0261,542880,3.132552314,525873.1951,0.169066051,920,4210,465.755683,317.68497,792.816115,671708,1442.189595,9.049844537,1,0,"{timeout:3600,max_col_multiplier:1,age_limit:3,random_seed:0,replication:1,num_threads:128}",1
f1204000_5.json.gz,528205,f,120,4000,LagrangeTemplate,highs,LTFarkas,1,602,528204.134,551779,4.272362667,528204.8546,0.720607577,891,4174,505.070865,315.78478,831.184576,718994,1423.550733,9.656456473,1,0,"{timeout:3600,max_col_multiplier:1,age_limit:3,random_seed:0,replication:1,num_threads:128}",1
f1204000_6.json.gz,525513,f,120,4000,LagrangeTemplate,highs,LTFarkas,1,626,525512.3265,546042,3.75960091,525512.4516,0.125056675,920,4160,569.885365,341.676413,921.455138,813997,1428.352174,10.51538985,1,0,"{timeout:3600,max_col_multiplier:1,age_limit:3,random_seed:0,replication:1,num_threads:128}",1
f1204000_7.json.gz,473469,f,120,4000,LagrangeTemplate,highs,LTFarkas,1,530,473468.0349,506080,6.443842871,473468.8256,0.790668268,899,4125,439.005814,241.588541,689.172572,615936,1403.024699,9.362621598,1,0,"{timeout:3600,max_col_multiplier:1,age_limit:3,random_seed:0,replication:1,num_threads:128}",1
f1204000_8.json.gz,533700,f,120,4000,LagrangeTemplate,highs,LTFarkas,1,613,533699.0297,551145,3.165228751,533699.9611,0.931446642,902,4129,492.752401,330.22927,832.769288,740491,1502.764874,9.734511941,1,0,"{timeout:3600,max_col_multiplier:1,age_limit:3,random_seed:0,replication:1,num_threads:128}",1
f1204000_9.json.gz,581825,f,120,4000,LagrangeTemplate,highs,LTFarkas,1,603,581824.35,603172,3.539123169,581824.6979,0.347867984,892,4188,483.129912,370.146143,862.99817,698023,1444.79359,9.433905029,1,0,"{timeout:3600,max_col_multiplier:1,age_limit:3,random_seed:0,replication:1,num_threads:128}",1
f1205000.json.gz,646010,f,120,5000,LagrangeTemplate,highs,LTFarkas,1,593,646009.0412,677294,4.618969015,646009.4074,0.366189419,954,5147,1299.857733,497.350044,1811.519725,832341,640.3323832,11.19948834,1,0,"{timeout:3600,max_col_multiplier:1,age_limit:4,random_seed:0,replication:1,num_threads:128}",1
f1205000_0.json.gz,607887,f,120,5000,LagrangeTemplate,highs,LTFarkas,1,683,607886.2554,633095,3.981708906,607886.3563,0.10091497,941,5169,1652.429576,496.281449,2163.462408,1110247,671.8876351,13.18911402,1,0,"{timeout:3600,max_col_multiplier:1,age_limit:4,random_seed:0,replication:1,num_threads:128}",1
f1205000_1.json.gz,664240,f,120,5000,LagrangeTemplate,highs,LTFarkas,1,760,664239.1241,676459,1.806317898,664239.1764,0.052278109,968,5172,2231.958353,665.631078,2911.97161,1291518,578.6478938,13.9678234,1,0,"{timeout:3600,max_col_multiplier:1,age_limit:4,random_seed:0,replication:1,num_threads:128}",1
f1205000_2.json.gz,805289,f,120,5000,LagrangeTemplate,highs,LTFarkas,1,636,805288.0147,852944,5.587119436,805288.1742,0.159521733,964,5169,1727.141627,693.376713,2436.339778,1018446,589.6713877,12.89718033,1,0,"{timeout:3600,max_col_multiplier:1,age_limit:4,random_seed:0,replication:1,num_threads:128}",1
f1205000_3.json.gz,747278,f,120,5000,LagrangeTemplate,highs,LTFarkas,1,704,747277.2382,793803,5.861025972,747277.2382,0,960,5124,1868.691911,713.293168,2595.662985,1076451,576.045197,12.41384804,1,0,"{timeout:3600,max_col_multiplier:1,age_limit:4,random_seed:0,replication:1,num_threads:128}",1
f1205000_4.json.gz,714762,f,120,5000,LagrangeTemplate,highs,LTFarkas,1,640,714761.1667,732186,2.379723185,714761.7075,0.540791602,957,5146,1663.120627,626.854135,2302.982392,986349,593.0712325,12.50731228,1,0,"{timeout:3600,max_col_multiplier:1,age_limit:4,random_seed:0,replication:1,num_threads:128}",1
f1205000_5.json.gz,766005,f,120,5000,LagrangeTemplate,highs,LTFarkas,1,654,766004.3814,804379,4.770636727,766004.766,0.384547634,976,5136,1598.934058,652.869349,2265.021712,1008414,630.678917,12.52168384,1,0,"{timeout:3600,max_col_multiplier:1,age_limit:4,random_seed:0,replication:1,num_threads:128}",1
f1205000_6.json.gz,664053,f,120,5000,LagrangeTemplate,highs,LTFarkas,1,654,664052.0439,691034,3.904438854,664052.2881,0.244157583,941,5139,1342.052089,545.96068,1901.927303,917666,683.7782285,11.39166657,1,0,"{timeout:3600,max_col_multiplier:1,age_limit:4,random_seed:100,replication:1,num_threads:128}",1
f1205000_7.json.gz,618339,f,120,5000,LagrangeTemplate,highs,LTFarkas,1,633,618338.2478,640669,3.485419148,618338.2478,0,931,5126,1321.755494,498.708655,1832.771413,867848,656.5873975,11.16995627,1,0,"{timeout:3600,max_col_multiplier:1,age_limit:4,random_seed:0,replication:1,num_threads:128}",1
f1205000_8.json.gz,753942,f,120,5000,LagrangeTemplate,highs,LTFarkas,1,683,753941.0585,790209,4.589545298,753941.7086,0.650093152,969,5127,1666.529993,671.681407,2352.068811,1099329,659.6514942,12.98071252,1,0,"{timeout:3600,max_col_multiplier:1,age_limit:4,random_seed:0,replication:1,num_threads:128}",1
f1205000_9.json.gz,605081,f,120,5000,LagrangeTemplate,highs,LTFarkas,1,674,605080.4198,632876,4.391855592,605080.4198,0,934,5130,1449.687532,489.840632,1953.048505,936736,646.1640728,11.41710458,1,0,"{timeout:3600,max_col_multiplier:1,age_limit:4,random_seed:0,replication:1,num_threads:128}",1
f1603200.json.gz,314240,f,160,3200,LagrangeTemplate,highs,LTFarkas,1,417,314239.1888,334544,6.069156822,314239.5461,0.357274627,1064,3367,144.088889,93.491458,246.57422,508389,3528.3012,7.479753949,1,0,"{timeout:3600,max_col_multiplier:1,age_limit:2,random_seed:0,replication:1,num_threads:128}",1
f1603200_0.json.gz,343233,f,160,3200,LagrangeTemplate,highs,LTFarkas,1,381,343232.466,377452,9.065788498,343232.466,0,1052,3371,135.120528,102.576153,247.569734,484625,3586.612687,7.922101786,1,0,"{timeout:3600,max_col_multiplier:1,age_limit:2,random_seed:0,replication:1,num_threads:128}",1
f1603200_1.json.gz,344970,f,160,3200,LagrangeTemplate,highs,LTFarkas,1,456,344969.0424,363312,5.04855331,344969.0424,0,1076,3362,171.627185,115.009429,295.72559,587757,3424.614813,7.83767193,1,0,"{timeout:3600,max_col_multiplier:1,age_limit:2,random_seed:0,replication:1,num_threads:128}",1
f1603200_2.json.gz,334084,f,160,3200,LagrangeTemplate,highs,LTFarkas,1,458,334083.276,343858,2.842452408,334083.276,0,1074,3364,168.718384,109.098741,286.812414,580399,3440.045988,7.72344754,1,0,"{timeout:3600,max_col_multiplier:1,age_limit:2,random_seed:0,replication:1,num_threads:128}",1
f1603200_3.json.gz,358531,f,160,3200,LagrangeTemplate,highs,LTFarkas,1,398,358530.2342,402713,10.97108859,358530.8091,0.574973572,1064,3373,157.748292,112.752966,280.532548,550519,3489.85712,8.219135194,1,0,"{timeout:3600,max_col_multiplier:1,age_limit:2,random_seed:0,replication:1,num_threads:128}",1
f1603200_4.json.gz,320630,f,160,3200,LagrangeTemplate,highs,LTFarkas,1,409,320629.3014,345926,7.312546614,320629.3014,0,1041,3370,160.027858,99.464697,268.492896,541922,3386.422881,8.100943203,1,0,"{timeout:3600,max_col_multiplier:1,age_limit:2,random_seed:0,replication:1,num_threads:128}",1
f1603200_5.json.gz,368282,f,160,3200,LagrangeTemplate,highs,LTFarkas,1,417,368281.3669,394833,6.724615217,368281.5727,0.205761182,1084,3377,153.660881,120.066312,282.693489,551072,3586.28687,7.901884961,1,0,"{timeout:3600,max_col_multiplier:1,age_limit:2,random_seed:0,replication:1,num_threads:128}",1
f1603200_6.json.gz,294378,f,160,3200,LagrangeTemplate,highs,LTFarkas,1,392,294377.0656,312918,5.924874887,294377.9868,0.921190559,1050,3395,121.811145,79.186398,209.410802,464834,3816.021925,7.256234277,1,0,"{timeout:3600,max_col_multiplier:1,age_limit:2,random_seed:0,replication:1,num_threads:128}",1
f1603200_7.json.gz,319163,f,160,3200,LagrangeTemplate,highs,LTFarkas,1,389,319162.0335,351205,9.12344642,319162.0335,0,1053,3364,130.111301,89.723273,228.673189,487374,3745.823739,7.72686169,1,0,"{timeout:3600,max_col_multiplier:1,age_limit:2,random_seed:0,replication:1,num_threads:128}",1
f1603200_8.json.gz,317219,f,160,3200,LagrangeTemplate,highs,LTFarkas,1,391,317218.2673,343350,7.610601427,317218.3305,0.06313406,1050,3394,149.480184,92.494664,251.086808,516881,3457.856327,7.973679981,1,0,"{timeout:3600,max_col_multiplier:1,age_limit:2,random_seed:0,replication:1,num_threads:128}",1
f1603200_9.json.gz,337974,f,160,3200,LagrangeTemplate,highs,LTFarkas,1,385,337973.606,356034,5.072549251,337973.6859,0.079840096,1083,3365,139.468012,105.013562,253.373396,496026,3556.557471,7.799152198,1,0,"{timeout:3600,max_col_multiplier:1,age_limit:2,random_seed:0,replication:1,num_threads:128}",1
f1604000.json.gz,473522,f,160,4000,LagrangeTemplate,highs,LTFarkas,1,407,473521.0893,516718,8.359685554,473521.0893,0,1170,4169,346.428063,202.418843,562.198751,810781,2340.402198,11.93898175,1,0,"{timeout:3600,max_col_multiplier:1,age_limit:3,random_seed:0,replication:1,num_threads:128}",1
f1604000_0.json.gz,386967,f,160,4000,LagrangeTemplate,highs,LTFarkas,1,405,386966.5331,414138,6.560856526,386966.5795,0.046376634,1140,4185,319.859991,148.16483,480.659863,716855,2241.152442,10.92263123,1,0,"{timeout:3600,max_col_multiplier:1,age_limit:3,random_seed:0,replication:1,num_threads:128}",1
f1604000_1.json.gz,454124,f,160,4000,LagrangeTemplate,highs,LTFarkas,1,467,454123.2336,484440,6.257947321,454123.6022,0.368660875,1145,4177,468.299768,218.99339,700.098345,996347,2127.5838,12.94643391,1,0,"{timeout:3600,max_col_multiplier:1,age_limit:3,random_seed:0,replication:1,num_threads:128}",1
f1604000_2.json.gz,465368,f,160,4000,LagrangeTemplate,highs,LTFarkas,1,422,465367.6088,505795,7.992763867,465367.8859,0.277105954,1171,4226,405.143152,214.435064,633.937928,891722,2201.004745,12.62649782,1,0,"{timeout:3600,max_col_multiplier:1,age_limit:3,random_seed:0,replication:1,num_threads:128}",1
f1604000_3.json.gz,399568,f,160,4000,LagrangeTemplate,highs,LTFarkas,1,513,399567.7075,415323,3.793433063,399567.7973,0.089855226,1131,4164,434.540042,206.359841,653.813667,947229,2179.842842,11.41282414,1,0,"{timeout:3600,max_col_multiplier:1,age_limit:3,random_seed:0,replication:1,num_threads:128}",1
f1604000_4.json.gz,377773,f,160,4000,LagrangeTemplate,highs,LTFarkas,1,410,377772.1344,402367,6.112330286,377772.6236,0.489223331,1116,4296,316.783645,148.548971,477.665146,716549,2261.950739,10.75520532,1,0,"{timeout:3600,max_col_multiplier:1,age_limit:3,random_seed:0,replication:1,num_threads:128}",1
f1604000_5.json.gz,392765,f,160,4000,LagrangeTemplate,highs,LTFarkas,1,469,392764.0642,402755,2.480416134,392764.7355,0.67129761,1122,4193,424.349018,171.416713,608.241259,926234,2182.717435,12.21927217,1,0,"{timeout:3600,max_col_multiplier:1,age_limit:3,random_seed:0,replication:1,num_threads:128}",1
f1604000_6.json.gz,408636,f,160,4000,LagrangeTemplate,highs,LTFarkas,1,403,408635.2532,447010,8.584595423,408635.9047,0.651464192,1129,4199,339.019005,164.20488,515.618092,767318,2263.348039,11.46286862,1,0,"{timeout:3600,max_col_multiplier:1,age_limit:3,random_seed:0,replication:1,num_threads:128}",1
f1604000_7.json.gz,407618,f,160,4000,LagrangeTemplate,highs,LTFarkas,1,390,407617.3262,433336,5.934886555,407617.6813,0.355059006,1122,4181,297.519605,154.743703,464.906726,711571,2391.677685,11.17601055,1,0,"{timeout:3600,max_col_multiplier:1,age_limit:3,random_seed:0,replication:1,num_threads:128}",1
f1604000_8.json.gz,414072,f,160,4000,LagrangeTemplate,highs,LTFarkas,1,449,414071.0264,492548,15.93266037,414071.0264,0,1112,4163,394.594724,187.319726,594.944073,853870,2163.916414,11.71172359,1,0,"{timeout:3600,max_col_multiplier:1,age_limit:3,random_seed:0,replication:1,num_threads:128}",1
f1604000_9.json.gz,428830,f,160,4000,LagrangeTemplate,highs,LTFarkas,1,449,428829.0272,459749,6.725191354,428829.2041,0.176900071,1145,4164,391.698646,190.596051,595.903275,852240,2175.754266,11.6264544,1,0,"{timeout:3600,max_col_multiplier:1,age_limit:3,random_seed:0,replication:1,num_threads:128}",1
f1605000.json.gz,558314,f,160,5000,LagrangeTemplate,highs,LTFarkas,1,549,558313.1249,602157,7.280991502,558313.1249,0,1212,5166,958.478124,407.882203,1385.01546,1182218,1233.432428,13.05850688,1,0,"{timeout:3600,max_col_multiplier:1,age_limit:3,random_seed:0,replication:1,num_threads:128}",1
f1605000_0.json.gz,529074,f,160,5000,LagrangeTemplate,highs,LTFarkas,1,579,529073.046,547972,3.448716358,529073.4022,0.356209755,1203,5165,831.619344,356.54746,1207.660696,1121324,1348.362094,11.91167736,1,0,"{timeout:3600,max_col_multiplier:1,age_limit:3,random_seed:0,replication:1,num_threads:128}",1
f1605000_1.json.gz,550876,f,160,5000,LagrangeTemplate,highs,LTFarkas,1,673,550875.9966,579479,4.935985601,550875.9966,0,1199,5163,1160.492652,462.313766,1640.913949,1415008,1219.316639,12.90193363,1,0,"{timeout:3600,max_col_multiplier:1,age_limit:3,random_seed:0,replication:1,num_threads:128}",1
f1605000_2.json.gz,497173,f,160,5000,LagrangeTemplate,highs,LTFarkas,1,569,497172.2197,517889,4.00008496,497172.5087,0.288987443,1200,5186,802.870874,337.25104,1159.258813,1046631,1303.610623,11.31414833,1,0,"{timeout:3600,max_col_multiplier:1,age_limit:3,random_seed:0,replication:1,num_threads:128}",1
f1605000_3.json.gz,559389,f,160,5000,LagrangeTemplate,highs,LTFarkas,1,600,559388.2227,579498,3.470072373,559388.2227,0,1207,5165,975.174922,418.510319,1411.540089,1232871,1264.25626,12.58169012,1,0,"{timeout:3600,max_col_multiplier:1,age_limit:3,random_seed:0,replication:1,num_threads:128}",1
f1605000_4.json.gz,572283,f,160,5000,LagrangeTemplate,highs,LTFarkas,1,545,572282.0906,604955,5.400732286,572282.0906,0,1232,5172,813.925615,390.689652,1222.981007,1052525,1293.146426,11.73200242,1,0,"{timeout:3600,max_col_multiplier:1,age_limit:3,random_seed:0,replication:1,num_threads:128}",1
f1605000_5.json.gz,497691,f,160,5000,LagrangeTemplate,highs,LTFarkas,1,541,497690.1075,522877,4.816811602,497690.5612,0.4536415,1199,5174,777.911249,320.879554,1116.511386,1039128,1335.792484,11.74768014,1,0,"{timeout:3600,max_col_multiplier:1,age_limit:3,random_seed:0,replication:1,num_threads:128}",1
f1605000_6.json.gz,482511,f,160,5000,LagrangeTemplate,highs,LTFarkas,1,595,482510.1266,499832,3.465364362,482510.7865,0.659921038,1186,5249,912.638928,334.34408,1265.237291,1167698,1279.474241,11.99762094,1,0,"{timeout:3600,max_col_multiplier:1,age_limit:3,random_seed:0,replication:1,num_threads:128}",1
f1605000_7.json.gz,508386,f,160,5000,LagrangeTemplate,highs,LTFarkas,1,585,508385.098,524645,3.099047928,508385.5701,0.472100468,1152,5167,773.556085,348.594876,1139.591293,1029796,1331.249304,10.85626572,1,0,"{timeout:3600,max_col_multiplier:1,age_limit:3,random_seed:0,replication:1,num_threads:128}",1
f1605000_8.json.gz,515581,f,160,5000,LagrangeTemplate,highs,LTFarkas,1,603,515580.3341,533832,3.41886586,515580.3364,0.002355836,1194,5177,862.0371,388.424378,1269.353643,1111088,1288.909723,11.36389874,1,0,"{timeout:3600,max_col_multiplier:1,age_limit:3,random_seed:0,replication:1,num_threads:128}",1
f1605000_9.json.gz,509520,f,160,5000,LagrangeTemplate,highs,LTFarkas,1,531,509519.2893,533769,4.542976456,509519.8412,0.551975153,1202,5165,675.697514,323.878525,1018.615557,912337,1350.21512,10.53577285,1,0,"{timeout:3600,max_col_multiplier:1,age_limit:3,random_seed:0,replication:1,num_threads:128}",1
f2004000.json.gz,328306,f,200,4000,LagrangeTemplate,highs,LTFarkas,1,415,328305.1871,375044,12.46200446,328305.2809,0.093842769,1342,4212,288.739771,124.951502,429.489414,813227,2816.470337,9.561285371,1,0,"{timeout:3600,max_col_multiplier:1,age_limit:2,random_seed:0,replication:1,num_threads:128}",1
f2004000_0.json.gz,344665,f,200,4000,LagrangeTemplate,highs,LTFarkas,1,472,344664.2366,359370,4.091883018,344664.5907,0.354107859,1345,4242,297.619445,144.684682,458.763613,858668,2885.120628,9.003245696,1,0,"{timeout:3600,max_col_multiplier:1,age_limit:2,random_seed:0,replication:1,num_threads:128}",1
f2004000_1.json.gz,352493,f,200,4000,LagrangeTemplate,highs,LTFarkas,1,408,352492.11,387572,9.050963434,352492.6032,0.49320292,1363,4213,265.849249,137.232955,419.191749,763502,2871.935892,9.143999746,1,0,"{timeout:3600,max_col_multiplier:1,age_limit:2,random_seed:0,replication:1,num_threads:128}",1
f2004000_2.json.gz,384314,f,200,4000,LagrangeTemplate,highs,LTFarkas,1,441,384313.5111,473231,18.78934389,384313.5568,0.045739414,1372,4243,319.147312,166.036147,501.653029,873756,2737.782733,9.730177837,1,0,"{timeout:3600,max_col_multiplier:1,age_limit:2,random_seed:0,replication:1,num_threads:128}",1
f2004000_3.json.gz,350265,f,200,4000,LagrangeTemplate,highs,LTFarkas,1,447,350264.0754,369399,5.17976497,350264.1628,0.087394892,1339,4222,291.520888,143.98709,451.733597,828687,2842.633355,9.151049188,1,0,"{timeout:3600,max_col_multiplier:1,age_limit:2,random_seed:0,replication:1,num_threads:128}",1
f2004000_4.json.gz,329125,f,200,4000,LagrangeTemplate,highs,LTFarkas,1,417,329124.0216,374683,12.15907847,329124.0216,0,1326,4218,276.88633,129.124154,421.480289,804877,2906.886013,9.512204307,1,0,"{timeout:3600,max_col_multiplier:1,age_limit:2,random_seed:0,replication:1,num_threads:128}",1
f2004000_5.json.gz,333431,f,200,4000,LagrangeTemplate,highs,LTFarkas,1,399,333430.3298,364332,8.481549795,333430.3298,0,1357,4213,226.337159,120.04388,361.999865,693244,3062.881955,8.403618524,1,0,"{timeout:3600,max_col_multiplier:1,age_limit:2,random_seed:0,replication:1,num_threads:128}",1
f2004000_6.json.gz,344643,f,200,4000,LagrangeTemplate,highs,LTFarkas,1,456,344642.4233,355489,3.05100861,344642.804,0.380702967,1327,4213,343.690417,158.297101,518.51918,924484,2689.874242,9.874840979,1,0,"{timeout:3600,max_col_multiplier:1,age_limit:2,random_seed:0,replication:1,num_threads:128}",1
f2004000_7.json.gz,335171,f,200,4000,LagrangeTemplate,highs,LTFarkas,1,380,335170.094,353508,5.187152766,335170.4497,0.355722554,1354,4229,239.882563,113.593442,369.261066,714392,2978.090575,9.165162427,1,0,"{timeout:3600,max_col_multiplier:1,age_limit:2,random_seed:0,replication:1,num_threads:128}",1
f2004000_8.json.gz,305961,f,200,4000,LagrangeTemplate,highs,LTFarkas,1,487,305960.0756,320830,4.634541658,305960.0989,0.023292585,1306,4228,289.184658,134.479347,440.008083,818900,2831.75465,8.410719509,1,0,"{timeout:3600,max_col_multiplier:1,age_limit:2,random_seed:0,replication:1,num_threads:128}",1
f2004000_9.json.gz,336713,f,200,4000,LagrangeTemplate,highs,LTFarkas,1,531,336712.301,348819,3.47056783,336712.9634,0.662372622,1339,4203,364.883658,159.727613,540.553586,981389,2689.594282,8.996196911,1,0,"{timeout:3600,max_col_multiplier:1,age_limit:2,random_seed:0,replication:1,num_threads:128}",1
f2005000.json.gz,427418,f,200,5000,LagrangeTemplate,highs,LTFarkas,1,501,427417.1342,442822,3.478598624,427417.2032,0.069026706,1453,5279,855.077472,252.641247,1129.479112,1478523,1729.109991,14.48737696,1,0,"{timeout:3600,max_col_multiplier:1,age_limit:3,random_seed:0,replication:1,num_threads:128}",1
f2005000_0.json.gz,396093,f,200,5000,LagrangeTemplate,highs,LTFarkas,1,434,396092.4397,427992,7.453176695,396092.582,0.142338002,1475,5240,641.440482,202.67288,867.478624,1157245,1804.134651,13.18400142,1,0,"{timeout:3600,max_col_multiplier:1,age_limit:3,random_seed:0,replication:1,num_threads:128}",1
f2005000_1.json.gz,437220,f,200,5000,LagrangeTemplate,highs,LTFarkas,1,452,437219.3407,475008,7.955234438,437219.3407,0,1405,5204,683.209237,237.466285,944.650134,1182217,1730.387905,13.01545086,1,0,"{timeout:3600,max_col_multiplier:1,age_limit:3,random_seed:0,replication:1,num_threads:128}",1
f2005000_2.json.gz,449431,f,200,5000,LagrangeTemplate,highs,LTFarkas,1,480,449430.2144,471360,4.652282756,449430.2144,0,1468,5203,873.534537,256.888444,1152.710587,1481088,1695.511668,15.08473152,1,0,"{timeout:3600,max_col_multiplier:1,age_limit:3,random_seed:0,replication:1,num_threads:128}",1
f2005000_3.json.gz,454999,f,200,5000,LagrangeTemplate,highs,LTFarkas,1,497,454998.0024,481948,5.59168209,454998.0024,0,1394,5205,885.1643,283.710324,1193.45595,1491315,1684.788914,14.76431816,1,0,"{timeout:3600,max_col_multiplier:1,age_limit:3,random_seed:0,replication:1,num_threads:128}",1
f2005000_4.json.gz,397754,f,200,5000,LagrangeTemplate,highs,LTFarkas,1,487,397753.2398,417742,4.784771462,397753.3899,0.150163908,1406,5295,829.583747,225.055314,1077.380061,1445190,1742.066434,14.67982806,1,0,"{timeout:3600,max_col_multiplier:1,age_limit:3,random_seed:0,replication:1,num_threads:128}",1
f2005000_5.json.gz,443890,f,200,5000,LagrangeTemplate,highs,LTFarkas,1,433,443889.4561,480004,7.523687303,443889.4561,0,1429,5213,725.362184,227.413797,975.702448,1273916,1756.248159,14.24384588,1,0,"{timeout:3600,max_col_multiplier:1,age_limit:3,random_seed:0,replication:1,num_threads:128}",1
f2005000_6.json.gz,429211,f,200,5000,LagrangeTemplate,highs,LTFarkas,1,404,429210.544,498773,13.94662502,429210.544,0,1444,5203,596.538194,207.745639,825.911311,1125191,1886.201104,13.51457074,1,0,"{timeout:3600,max_col_multiplier:1,age_limit:3,random_seed:0,replication:1,num_threads:128}",1
f2005000_7.json.gz,460354,f,200,5000,LagrangeTemplate,highs,LTFarkas,1,486,460353.3576,487052,5.481550225,460353.3576,0,1452,5208,883.828451,266.911961,1174.983724,1484374,1679.482029,15.0661528,1,0,"{timeout:3600,max_col_multiplier:1,age_limit:3,random_seed:0,replication:1,num_threads:128}",1
f2005000_8.json.gz,422661,f,200,5000,LagrangeTemplate,highs,LTFarkas,1,447,422660.0939,447364,5.521901628,422660.7462,0.652295293,1447,5210,710.414137,222.651503,958.696127,1251396,1761.502108,13.8887433,1,0,"{timeout:3600,max_col_multiplier:1,age_limit:3,random_seed:0,replication:1,num_threads:128}",1
f2005000_9.json.gz,458034,f,200,5000,LagrangeTemplate,highs,LTFarkas,1,512,458033.5416,478227,4.222471755,458033.6594,0.117772231,1442,5212,952.939572,287.128538,1263.770931,1558011,1634.952568,15.03609781,1,0,"{timeout:3600,max_col_multiplier:1,age_limit:3,random_seed:0,replication:1,num_threads:128}",1
f801600.json.gz,299827,f,80,1600,LagrangeTemplate,highs,LTFarkas,1,312,299826.1567,321398,6.711616127,299826.8223,0.665631826,523,1688,18.643507,32.950603,53.3484,132343,7098.610792,4.76909071,1,0,"{timeout:3600,max_col_multiplier:1,age_limit:2,random_seed:0,replication:1,num_threads:128}",1
f801600_0.json.gz,290239,f,80,1600,LagrangeTemplate,highs,LTFarkas,1,338,290238.074,309306,6.164445565,290238.5365,0.462514927,497,1685,21.056322,35.315336,57.921857,133855,6356.99815,4.683806415,1,0,"{timeout:3600,max_col_multiplier:1,age_limit:2,random_seed:0,replication:1,num_threads:128}",1
f801600_1.json.gz,307995,f,80,1600,LagrangeTemplate,highs,LTFarkas,1,306,307994,348370,11.58968912,307994,0,559,1682,20.926591,36.96367,59.496257,141070,6741.18398,5.299445621,1,0,"{timeout:3600,max_col_multiplier:1,age_limit:2,random_seed:0,replication:1,num_threads:128}",1
f801600_2.json.gz,273650,f,80,1600,LagrangeTemplate,highs,LTFarkas,1,343,273649.1666,287611,4.854125885,273649.9742,0.807630715,546,1699,20.286616,32.923846,54.826491,134997,6654.485894,4.690540145,1,0,"{timeout:3600,max_col_multiplier:1,age_limit:2,random_seed:0,replication:1,num_threads:128}",1
f801600_3.json.gz,383555,f,80,1600,LagrangeTemplate,highs,LTFarkas,1,311,383554.0418,406768,5.706692759,383554.0511,0.009257451,556,1689,21.576616,37.772046,61.094365,141166,6542.545875,5.084036658,1,0,"{timeout:3600,max_col_multiplier:1,age_limit:2,random_seed:0,replication:1,num_threads:128}",1
f801600_4.json.gz,398485,f,80,1600,LagrangeTemplate,highs,LTFarkas,1,368,398484.9309,417995,4.667519946,398484.9775,0.046685885,549,1704,30.269655,43.398136,75.539849,185390,6124.61556,5.619159898,1,0,"{timeout:3600,max_col_multiplier:1,age_limit:2,random_seed:0,replication:1,num_threads:128}",1
f801600_5.json.gz,344101,f,80,1600,LagrangeTemplate,highs,LTFarkas,1,323,344100.8732,372047,7.511416568,344100.9679,0.094685763,542,1684,20.802084,38.314685,60.618601,134500,6465.698341,4.878741486,1,0,"{timeout:3600,max_col_multiplier:1,age_limit:2,random_seed:0,replication:1,num_threads:128}",1
f801600_6.json.gz,295943,f,80,1600,LagrangeTemplate,highs,LTFarkas,1,332,295942.809,305345,3.079139989,295942.809,0,530,1689,20.8239,35.742869,58.315728,134755,6471.170146,4.67792697,1,0,"{timeout:3600,max_col_multiplier:1,age_limit:2,random_seed:0,replication:1,num_threads:128}",1
f801600_7.json.gz,293047,f,80,1600,LagrangeTemplate,highs,LTFarkas,1,394,293046.1813,304622,3.799791217,293046.1813,0,546,1683,25.607846,45.210273,72.539553,156693,6118.944951,4.840130273,1,0,"{timeout:3600,max_col_multiplier:1,age_limit:2,random_seed:0,replication:1,num_threads:128}",1
f801600_8.json.gz,280513,f,80,1600,LagrangeTemplate,highs,LTFarkas,1,316,280512.3664,297030,5.560717773,280512.3664,0,558,1682,20.821136,32.887202,55.416168,136245,6543.591089,5.066738853,1,0,"{timeout:3600,max_col_multiplier:1,age_limit:2,random_seed:0,replication:1,num_threads:128}",1
f801600_9.json.gz,280560,f,80,1600,LagrangeTemplate,highs,LTFarkas,1,341,280559.1703,289110,2.957351873,280559.7703,0.599952336,505,1687,21.286644,36.103253,59.104886,145122,6817.514306,5.135893987,1,0,"{timeout:3600,max_col_multiplier:1,age_limit:2,random_seed:0,replication:1,num_threads:128}",1
f803200.json.gz,569688,f,80,3200,LagrangeTemplate,highs,LTFarkas,1,581,569687.429,599047,4.900951011,569687.429,0,601,3285,358.85489,260.021077,623.172253,401191,1117.975569,8.320170548,1,0,"{timeout:3600,max_col_multiplier:1,age_limit:4,random_seed:0,replication:1,num_threads:128}",1
f803200_0.json.gz,588557,f,80,3200,LagrangeTemplate,highs,LTFarkas,1,664,588556.1308,601695,2.183498283,588556.1308,0,618,3285,442.241468,313.910939,760.665057,533586,1206.548998,9.721154225,1,0,"{timeout:3600,max_col_multiplier:1,age_limit:4,random_seed:0,replication:1,num_threads:128}",1
f803200_1.json.gz,635543,f,80,3200,LagrangeTemplate,highs,LTFarkas,1,592,635542.0787,693219,8.32002585,635542.2817,0.202933905,629,3286,397.792108,299.715003,702.554905,469731,1180.845448,9.386798895,1,0,"{timeout:3600,max_col_multiplier:1,age_limit:4,random_seed:0,replication:1,num_threads:128}",1
f803200_2.json.gz,525639,f,80,3200,LagrangeTemplate,highs,LTFarkas,1,823,525638.6448,535550,1.850620857,525638.7518,0.107004546,578,3286,416.544857,304.720218,725.721524,496199,1191.225847,7.826315998,1,0,"{timeout:3600,max_col_multiplier:1,age_limit:4,random_seed:0,replication:1,num_threads:128}",1
f803200_3.json.gz,512874,f,80,3200,LagrangeTemplate,highs,LTFarkas,1,574,512873.0825,528366,2.932058459,512873.485,0.402481134,590,3291,320.505353,234.596379,559.281469,396799,1238.041725,8.422476295,1,0,"{timeout:3600,max_col_multiplier:1,age_limit:4,random_seed:0,replication:1,num_threads:128}",1
f803200_4.json.gz,687988,f,80,3200,LagrangeTemplate,highs,LTFarkas,1,552,687987.4044,721552,4.651639799,687987.6502,0.245814167,608,3292,339.706932,263.155691,607.820793,426612,1255.823652,8.97353127,1,0,"{timeout:3600,max_col_multiplier:1,age_limit:4,random_seed:0,replication:1,num_threads:128}",1
f803200_5.json.gz,614378,f,80,3200,LagrangeTemplate,highs,LTFarkas,1,497,614377.2512,632321,2.837641008,614377.2512,0,607,3290,314.853373,233.484677,552.77391,359351,1141.328094,8.604410961,1,0,"{timeout:3600,max_col_multiplier:1,age_limit:4,random_seed:0,replication:1,num_threads:128}",1
f803200_6.json.gz,623281,f,80,3200,LagrangeTemplate,highs,LTFarkas,1,658,623280.2787,638149,2.329863402,623280.533,0.254354255,622,3319,377.560694,314.733854,697.366809,500623,1325.940459,9.067041947,1,0,"{timeout:3600,max_col_multiplier:1,age_limit:4,random_seed:0,replication:1,num_threads:128}",1
f803200_7.json.gz,561599,f,80,3200,LagrangeTemplate,highs,LTFarkas,1,527,561598.2057,583873,3.8148707,561598.8213,0.615608249,613,3309,307.020427,236.455701,547.732682,363324,1183.387058,8.188886858,1,0,"{timeout:3600,max_col_multiplier:1,age_limit:4,random_seed:0,replication:1,num_threads:128}",1
f803200_8.json.gz,682990,f,80,3200,LagrangeTemplate,highs,LTFarkas,1,535,682989.6952,725692,5.884314558,682989.6952,0,638,3291,350.651443,269.115749,624.847542,411367,1173.15074,8.673571565,1,0,"{timeout:3600,max_col_multiplier:1,age_limit:4,random_seed:0,replication:1,num_threads:128}",1
f803200_9.json.gz,731102,f,80,3200,LagrangeTemplate,highs,LTFarkas,1,605,731101.8455,763145,4.198808876,731101.9963,0.150764967,658,3298,381.514112,292.026894,678.936855,489850,1283.96299,9.301335135,1,0,"{timeout:3600,max_col_multiplier:1,age_limit:4,random_seed:0,replication:1,num_threads:128}",1
f804000.json.gz,853423,f,80,4000,LagrangeTemplate,highs,LTFarkas,1,754,853422.0379,885663,3.64021078,853422.5841,0.546172354,622,4130,1404.158662,601.457574,2013.187389,677833,482.7324848,10.68948395,1,0,"{timeout:3600,max_col_multiplier:1,age_limit:5,random_seed:0,replication:1,num_threads:128}",1
f804000_0.json.gz,785772,f,80,4000,LagrangeTemplate,highs,LTFarkas,1,675,785771.1302,817577,3.890153466,785771.1302,0,659,4086,1195.700208,505.773462,1707.834444,572363,478.6843694,10.16416065,1,0,"{timeout:3600,max_col_multiplier:1,age_limit:5,random_seed:0,replication:1,num_threads:128}",1
f804000_1.json.gz,710009,f,80,4000,LagrangeTemplate,highs,LTFarkas,1,705,710008.1049,733355,3.183451398,710008.9253,0.820383031,654,4099,1185.952143,487.156676,1679.92999,585990,494.1093142,9.935448184,1,0,"{timeout:3600,max_col_multiplier:1,age_limit:5,random_seed:0,replication:1,num_threads:128}",1
f804000_2.json.gz,648244,f,80,4000,LagrangeTemplate,highs,LTFarkas,1,649,648243.1603,679138,4.549001823,648243.2277,0.067434908,615,4088,1146.884571,431.620013,1584.611674,523125,456.1269837,9.753423724,1,0,"{timeout:3600,max_col_multiplier:1,age_limit:5,random_seed:0,replication:1,num_threads:128}",1
f804000_3.json.gz,825925,f,80,4000,LagrangeTemplate,highs,LTFarkas,1,702,825924.5404,839250,1.587727137,825924.7733,0.232926951,655,4110,1142.649843,528.109099,1677.838058,607320,531.5014076,10.40710618,1,0,"{timeout:3600,max_col_multiplier:1,age_limit:5,random_seed:0,replication:1,num_threads:128}",1
f804000_4.json.gz,908093,f,80,4000,LagrangeTemplate,highs,LTFarkas,1,896,908092.108,930113,2.367454277,908092.7422,0.634211862,680,4087,1697.082468,660.640427,2366.407907,962669,567.2493931,12.67435327,1,0,"{timeout:3600,max_col_multiplier:1,age_limit:5,random_seed:0,replication:1,num_threads:128}",1
f804000_5.json.gz,701035,f,80,4000,LagrangeTemplate,highs,LTFarkas,1,671,701034.017,729637,3.920031468,701034.3629,0.34581105,646,4089,1075.407612,458.650212,1540.290889,514428,478.3562942,9.188597295,1,0,"{timeout:3600,max_col_multiplier:1,age_limit:5,random_seed:0,replication:1,num_threads:128}",1
f804000_6.json.gz,822937,f,80,4000,LagrangeTemplate,highs,LTFarkas,1,664,822936.0659,861220,4.445205638,822936.889,0.823103884,674,4091,1203.828641,510.660007,1721.609528,553484,459.7697556,9.740918301,1,0,"{timeout:3600,max_col_multiplier:1,age_limit:5,random_seed:0,replication:1,num_threads:128}",1
f804000_7.json.gz,734957,f,80,4000,LagrangeTemplate,highs,LTFarkas,1,734,734956.0029,751636,2.219026229,734956.07,0.06709903,613,4091,1324.54109,532.988274,1864.185317,625020,471.8766407,10.18613098,1,0,"{timeout:3600,max_col_multiplier:1,age_limit:5,random_seed:0,replication:1,num_threads:128}",1
f804000_8.json.gz,795328,f,80,4000,LagrangeTemplate,highs,LTFarkas,1,697,795327.0437,819000,2.89035409,795327.7958,0.75212101,650,4101,1143.074313,530.406665,1679.894203,616661,539.4758617,10.49928166,1,0,"{timeout:3600,max_col_multiplier:1,age_limit:5,random_seed:0,replication:1,num_threads:128}",1
f804000_9.json.gz,745334,f,80,4000,LagrangeTemplate,highs,LTFarkas,1,760,745333.0469,768368,2.997782313,745333.0469,0,633,4087,1365.073547,578.354993,1949.633398,705499,516.8212376,11.26297925,1,0,"{timeout:3600,max_col_multiplier:1,age_limit:5,random_seed:0,replication:1,num_threads:128}",1
f805000.json.gz,900885,f,80,5000,LagrangeTemplate,highs,LTFarkas,1,912,900884.3139,923044,2.400643956,900884.4829,0.168970425,644,5110,3622.68096,480.320235,4110.313213,993675,274.2927161,13.30662717,1,0,"{timeout:-1,max_col_multiplier:1,age_limit:6,random_seed:0,replication:1,num_threads:128}",1
f805000_0.json.gz,893952,f,80,5000,LagrangeTemplate,highs,LTFarkas,1,954,893951.198,907043,1.443261231,893951.6609,0.462849112,680,5147,3353.24381,484.084615,3844.162267,1041624,310.6317521,13.29426522,1,0,"{timeout:-1,max_col_multiplier:1,age_limit:6,random_seed:0,replication:1,num_threads:128}",1
f805000_1.json.gz,853738,f,80,5000,LagrangeTemplate,highs,LTFarkas,1,804,853737.3868,877425,2.699603955,853737.5247,0.137995144,682,5179,2756.103419,412.513054,3174.663149,709554,257.4482493,10.67747911,1,0,"{timeout:-1,max_col_multiplier:1,age_limit:6,random_seed:0,replication:1,num_threads:128}",1
f805000_2.json.gz,936977,f,80,5000,LagrangeTemplate,highs,LTFarkas,1,808,936976.5027,970443,3.448528146,936976.6991,0.196398289,674,5114,3138.335522,464.733476,3610.234309,788931,251.3851672,11.70606637,1,0,"{timeout:-1,max_col_multiplier:1,age_limit:6,random_seed:0,replication:1,num_threads:128}",1
f805000_3.json.gz,898750,f,80,5000,LagrangeTemplate,highs,LTFarkas,1,918,898749.5851,917136,2.004719038,898749.9259,0.340784199,671,5107,3927.034288,497.830038,4431.76715,947516,241.2802972,12.67465022,1,0,"{timeout:-1,max_col_multiplier:1,age_limit:6,random_seed:0,replication:1,num_threads:128}",1
f805000_4.json.gz,790316,f,80,5000,LagrangeTemplate,highs,LTFarkas,1,902,790315.4711,808027,2.191882201,790315.4711,0,656,5090,3291.818298,403.881736,3702.483707,845839,256.9519103,11.45669042,1,0,"{timeout:-1,max_col_multiplier:1,age_limit:6,random_seed:0,replication:1,num_threads:128}",1
f805000_5.json.gz,1079456,f,80,5000,LagrangeTemplate,highs,LTFarkas,1,964,1079455.075,1116149,3.287464308,1079455.075,0,683,5086,4455.44915,556.148459,5019.277855,1158216,259.9549363,14.60064706,1,0,"{timeout:-1,max_col_multiplier:1,age_limit:6,random_seed:0,replication:1,num_threads:128}",1
f805000_6.json.gz,955268,f,80,5000,LagrangeTemplate,highs,LTFarkas,1,952,955267.364,980758,2.599010153,955267.364,0,646,5092,3465.545058,523.871104,3997.21112,971413,280.3059789,12.36859959,1,0,"{timeout:-1,max_col_multiplier:1,age_limit:6,random_seed:0,replication:1,num_threads:128}",1
f805000_7.json.gz,926653,f,80,5000,LagrangeTemplate,highs,LTFarkas,1,801,926652.2769,941848,1.613317646,926652.6427,0.365835923,658,5110,3199.735837,449.650731,3655.524414,760660,237.7258745,11.51934448,1,0,"{timeout:-1,max_col_multiplier:1,age_limit:6,random_seed:100,replication:1,num_threads:128}",1
f805000_8.json.gz,901464,f,80,5000,LagrangeTemplate,highs,LTFarkas,1,840,901463.5095,917777,1.777447025,901463.9267,0.417226912,670,5117,3304.523948,442.797532,3754.117775,862460,260.9937206,12.54509731,1,0,"{timeout:-1,max_col_multiplier:1,age_limit:6,random_seed:0,replication:1,num_threads:128}",1
f805000_9.json.gz,975938,f,80,5000,LagrangeTemplate,highs,LTFarkas,1,870,975937.5655,1002233,2.623641409,975937.6459,0.080477316,677,5087,3437.000434,502.106798,3946.028092,790279,229.9327612,10.98203571,1,0,"{timeout:-1,max_col_multiplier:1,age_limit:6,random_seed:0,replication:1,num_threads:128}",1
f80900.json.gz,172904,f,80,900,LagrangeTemplate,highs,LTFarkas,1,141,172903.4268,207402,16.63339794,172903.8432,0.416432259,448,1011,4.279554,3.714504,8.70835,60594,14158.95208,4.891645979,1,0,"{timeout:3600,max_col_multiplier:1,age_limit:2,random_seed:0,replication:1,num_threads:128}",1
f80900_0.json.gz,171913,f,80,900,LagrangeTemplate,highs,LTFarkas,1,155,171912.9273,182261,5.677572273,171912.9273,0,446,988,4.349244,3.902834,8.938795,60083,13814.58479,4.404721809,1,0,"{timeout:3600,max_col_multiplier:1,age_limit:2,random_seed:0,replication:1,num_threads:128}",1
f80900_1.json.gz,220160,f,80,900,LagrangeTemplate,highs,LTFarkas,1,156,220159.2949,243596,9.620847633,220159.2949,0,457,1000,5.332954,4.468937,10.513424,69889,13105.1196,5.075053385,1,0,"{timeout:3600,max_col_multiplier:1,age_limit:2,random_seed:0,replication:1,num_threads:128}",1
f80900_2.json.gz,163312,f,80,900,LagrangeTemplate,highs,LTFarkas,1,143,163311.4246,inf,nan,163311.4246,0,439,997,4.297543,3.652987,8.649277,60641,14110.62088,4.800528495,0,0,"{timeout:3600,max_col_multiplier:1,age_limit:2,random_seed:0,replication:1,num_threads:128}",1
f80900_3.json.gz,168898,f,80,900,LagrangeTemplate,highs,LTFarkas,1,164,168897.6149,188735,10.51050415,168897.9074,0.292475058,458,1008,4.429866,4.045645,9.153413,58927,13302.20824,4.309379602,1,0,"{timeout:3600,max_col_multiplier:1,age_limit:2,random_seed:0,replication:1,num_threads:128}",1
f80900_4.json.gz,226791,f,80,900,LagrangeTemplate,highs,LTFarkas,1,146,226790.7345,239388,5.26216853,226790.7345,0,485,982,5.425117,4.098212,10.253998,67482,12438.81008,4.86164476,1,0,"{timeout:3600,max_col_multiplier:1,age_limit:2,random_seed:0,replication:1,num_threads:128}",1
f80900_5.json.gz,195423,f,80,900,LagrangeTemplate,highs,LTFarkas,1,167,195422.4809,223763,12.66518593,195422.4809,0,427,983,5.426694,4.650628,10.814159,69023,12719.16198,4.727878064,1,0,"{timeout:3600,max_col_multiplier:1,age_limit:2,random_seed:0,replication:1,num_threads:128}",1
f80900_6.json.gz,169928,f,80,900,LagrangeTemplate,highs,LTFarkas,1,159,169927.6832,inf,nan,169927.6832,0,416,983,4.675987,4.192363,9.5699,65142,13931.17646,4.738415375,0,0,"{timeout:3600,max_col_multiplier:1,age_limit:2,random_seed:0,replication:1,num_threads:128}",1
f80900_7.json.gz,256978,f,80,900,LagrangeTemplate,highs,LTFarkas,1,149,256977.1267,293446,12.42749944,256977.4886,0.361877447,463,991,6.202685,4.530623,11.53032,78237,12613.40855,5.265449661,1,0,"{timeout:3600,max_col_multiplier:1,age_limit:2,random_seed:0,replication:1,num_threads:128}",1
f80900_8.json.gz,181112,f,80,900,LagrangeTemplate,highs,LTFarkas,1,176,181111.5189,193015,6.166878222,181111.8385,0.31963022,448,1001,5.669412,4.67524,10.994807,72643,12813.14535,5.0001278,1,0,"{timeout:3600,max_col_multiplier:1,age_limit:2,random_seed:0,replication:1,num_threads:128}",1
f80900_9.json.gz,174495,f,80,900,LagrangeTemplate,highs,LTFarkas,1,143,174494.822,197453,11.62707075,174494.822,0,471,982,4.248687,3.791926,8.710516,58798,13839.099,4.631764064,1,0,"{timeout:3600,max_col_multiplier:1,age_limit:2,random_seed:0,replication:1,num_threads:128}",1
new10100_0_eec.json.gz,20896,n,10,100,LagrangeTemplate,highs,LTFarkas,1,96,20895.14667,21230,1.573245407,20895.18667,0.04,36,121,0.046585,0.035239,0.0989,2207,47375.76473,2.011243386,1,0,"{timeout:3600,max_col_multiplier:1,age_limit:2,random_seed:0,replication:1,num_threads:128}",1
new10100_1_eea.json.gz,4751,n,10,100,LagrangeTemplate,highs,LTFarkas,1,99,4750.07563,4922,3.474197481,4750.07563,0,51,125,0.044554,0.03005,0.083586,1768,39682.18342,1.661351247,1,0,"{timeout:3600,max_col_multiplier:1,age_limit:2,random_seed:0,replication:1,num_threads:128}",1
new10100_10_eea.json.gz,3447,n,10,100,LagrangeTemplate,highs,LTFarkas,1,103,3446.719911,3459,0.346921075,3446.984398,0.26448737,54,125,0.044436,0.030538,0.083305,1716,38617.33729,1.546278317,1,0,"{timeout:3600,max_col_multiplier:1,age_limit:2,random_seed:0,replication:1,num_threads:128}",1
new10100_11_adc.json.gz,26919,n,10,100,LagrangeTemplate,highs,LTFarkas,1,173,26918.07257,27765,3.047001621,26918.13587,0.063298096,73,117,0.22218,0.680742,0.919182,4020,18093.43775,2.345270048,1,0,"{timeout:3600,max_col_multiplier:1,age_limit:2,random_seed:0,replication:1,num_threads:128}",1
new10100_12_eaa.json.gz,2630,n,10,100,LagrangeTemplate,highs,LTFarkas,1,52,2630,2630,0,2630,0,10,114,0.017626,0.019465,0.044757,536,30409.62215,1.438507326,1,0,"{timeout:3600,max_col_multiplier:1,age_limit:2,random_seed:0,replication:1,num_threads:128}",1
new10100_13_eec.json.gz,18728,n,10,100,LagrangeTemplate,highs,LTFarkas,1,129,18727.11111,18771,0.229076767,18727.55556,0.444444444,33,118,0.070517,0.041066,0.125423,2974,42174.22749,2.039852622,1,0,"{timeout:3600,max_col_multiplier:1,age_limit:2,random_seed:0,replication:1,num_threads:128}",1
new10100_14_edc.json.gz,8543,n,10,100,LagrangeTemplate,highs,LTFarkas,1,106,8542.075993,8561,0.210255811,8542.896373,0.820379965,44,138,0.057391,0.028953,0.095351,2215,38594.90164,1.96319019,1,0,"{timeout:3600,max_col_multiplier:1,age_limit:2,random_seed:0,replication:1,num_threads:128}",1
new10100_15_aac.json.gz,14269,n,10,100,LagrangeTemplate,highs,LTFarkas,1,71,14268.5098,14943,4.510473131,14268.5098,0,43,112,0.029342,0.077176,0.113323,1218,41510.46282,1.480338978,1,0,"{timeout:3600,max_col_multiplier:1,age_limit:2,random_seed:0,replication:1,num_threads:128}",1
new10100_16_aac.json.gz,11263,n,10,100,LagrangeTemplate,highs,LTFarkas,1,82,11262.2381,11322,0.521109345,11262.29167,0.053571429,28,113,0.035742,0.096661,0.141096,1367,38246.32086,1.614277897,1,0,"{timeout:3600,max_col_multiplier:1,age_limit:2,random_seed:0,replication:1,num_threads:128}",1
new10100_17_eda.json.gz,7354,n,10,100,LagrangeTemplate,highs,LTFarkas,1,118,7353.364973,7395,0.554428668,7353.377459,0.012485035,56,130,0.057473,0.034942,0.103771,2188,38070.05028,1.7520682,1,0,"{timeout:3600,max_col_multiplier:1,age_limit:2,random_seed:0,replication:1,num_threads:128}",1
new10100_18_ada.json.gz,20532,n,10,100,LagrangeTemplate,highs,LTFarkas,1,174,20531.04538,20866,1.600690118,20531.08983,0.044448274,68,114,0.211227,0.642338,0.869275,4029,19074.26607,2.258538588,1,0,"{timeout:3600,max_col_multiplier:1,age_limit:2,random_seed:0,replication:1,num_threads:128}",1
new10100_19_eea.json.gz,4560,n,10,100,LagrangeTemplate,highs,LTFarkas,1,134,4559.163065,4589,0.631945958,4559.522282,0.359216745,57,125,0.072508,0.043822,0.131964,2591,35733.98797,1.90366727,1,0,"{timeout:3600,max_col_multiplier:1,age_limit:2,random_seed:0,replication:1,num_threads:128}",1
new10100_20_eea.json.gz,3613,n,10,100,LagrangeTemplate,highs,LTFarkas,1,93,3612.5,3613,0,3613,0.5,10,115,0.031381,0.027561,0.065401,1036,33013.60696,1.28607308,1,0,"{timeout:3600,max_col_multiplier:1,age_limit:2,random_seed:0,replication:1,num_threads:128}",1
new10100_21_edc.json.gz,8628,n,10,100,LagrangeTemplate,highs,LTFarkas,1,102,8627.112913,8639,0.127329552,8627.4398,0.326887087,43,126,0.048248,0.028944,0.086154,1754,36353.8385,1.498183529,1,0,"{timeout:3600,max_col_multiplier:1,age_limit:2,random_seed:0,replication:1,num_threads:128}",1
new10100_22_eda.json.gz,7119,n,10,100,LagrangeTemplate,highs,LTFarkas,1,125,7118.213496,7159,0.558737254,7118.213496,0,49,126,0.059476,0.039651,0.108055,2170,36485.305,1.649239683,1,0,"{timeout:3600,max_col_multiplier:1,age_limit:2,random_seed:0,replication:1,num_threads:128}",1
new10100_23_aea.json.gz,100,n,10,100,LagrangeTemplate,highs,LTFarkas,1,0,100,100,0,100,0,0,0,0.009553,0.009554,0.002011,100,,,1,0,"{timeout:3600,max_col_multiplier:1,age_limit:2,random_seed:0,replication:1,num_threads:128}",1
new10100_24_adc.json.gz,26570,n,10,100,LagrangeTemplate,highs,LTFarkas,1,172,26569.12971,27103,1.966571966,26569.56217,0.432459297,84,134,0.243903,0.86169,1.12181,4654,19081.35611,2.636118032,1,0,"{timeout:3600,max_col_multiplier:1,age_limit:2,random_seed:0,replication:1,num_threads:128}",1
new10100_25_aac.json.gz,13028,n,10,100,LagrangeTemplate,highs,LTFarkas,1,89,13027.67308,13608,4.262198707,13027.67308,0,35,117,0.042954,0.134499,0.188957,1480,34455.46398,1.574665597,1,0,"{timeout:3600,max_col_multiplier:1,age_limit:2,random_seed:0,replication:1,num_threads:128}",1
new10100_26_eaa.json.gz,7574,n,10,100,LagrangeTemplate,highs,LTFarkas,1,49,7574,7574,0,7574,0,10,110,0.014864,0.018007,0.039775,348,23412.27126,1.393926142,1,0,"{timeout:3600,max_col_multiplier:1,age_limit:2,random_seed:0,replication:1,num_threads:128}",1
new10100_28_eec.json.gz,15953,n,10,100,LagrangeTemplate,highs,LTFarkas,1,118,15952.10182,16143,1.176980735,15952.13455,0.032727273,47,118,0.060012,0.032427,0.105621,2696,44924.34846,1.938530608,1,0,"{timeout:3600,max_col_multiplier:1,age_limit:2,random_seed:0,replication:1,num_threads:128}",1
new10100_29_eac.json.gz,11451,n,10,100,LagrangeTemplate,highs,LTFarkas,1,68,11450.2,11504,0.460709318,11450.2,0,24,114,0.027565,0.017955,0.051862,1038,37656.44839,1.517641223,1,0,"{timeout:3600,max_col_multiplier:1,age_limit:2,random_seed:0,replication:1,num_threads:128}",1
new10100_3_aec.json.gz,121,n,10,100,LagrangeTemplate,highs,LTFarkas,1,108,120.047619,124,2.419354839,120.1369048,0.089285714,53,126,0.093986,0.349048,0.45448,2352,25025.00372,1.994805529,1,0,"{timeout:3600,max_col_multiplier:1,age_limit:2,random_seed:0,replication:1,num_threads:128}",1
new10100_30_ada.json.gz,11724,n,10,100,LagrangeTemplate,highs,LTFarkas,1,160,11723.36786,11932,1.743211532,11723.87469,0.506827536,80,124,0.19883,0.612194,0.82642,3966,19946.68813,2.293147081,1,0,"{timeout:3600,max_col_multiplier:1,age_limit:2,random_seed:0,replication:1,num_threads:128}",1
new10100_31_eaa.json.gz,4650,n,10,100,LagrangeTemplate,highs,LTFarkas,1,42,4650,4650,0,4650,0,10,111,0.013288,0.014103,0.034369,369,27769.41601,1.340891912,1,0,"{timeout:3600,max_col_multiplier:1,age_limit:2,random_seed:0,replication:1,num_threads:128}",1
new10100_32_eec.json.gz,23668,n,10,100,LagrangeTemplate,highs,LTFarkas,1,130,23667.27273,23678,0.042233297,23667.31818,0.045454545,36,116,0.072424,0.036934,0.122883,3236,44681.32111,2.223600338,1,0,"{timeout:3600,max_col_multiplier:1,age_limit:2,random_seed:0,replication:1,num_threads:128}",1
new10100_33_adc.json.gz,34236,n,10,100,LagrangeTemplate,highs,LTFarkas,1,122,34235.05335,34827,1.696959256,34235.99878,9.096470928,65,122,0.116768,0.230514,0.358709,2670,22865.85366,2.086909316,1,0,"{timeout:3600,max_col_multiplier:1,age_limit:2,random_seed:0,replication:1,num_threads:128}",1
new10100_34_aec.json.gz,882,n,10,100,LagrangeTemplate,highs,LTFarkas,1,95,881.4808511,956,7.740585774,881.5404255,0.059574468,50,121,0.086513,0.183144,0.288603,2244,25938.29829,1.931704261,1,0,"{timeout:3600,max_col_multiplier:1,age_limit:2,random_seed:0,replication:1,num_threads:128}",1
new10100_35_eea.json.gz,3679,n,10,100,LagrangeTemplate,highs,LTFarkas,1,112,3678.22871,3711,0.862301267,3678.22871,0,50,118,0.055162,0.037317,0.105825,1932,35024.1108,1.614923469,1,0,"{timeout:3600,max_col_multiplier:1,age_limit:2,random_seed:0,replication:1,num_threads:128}",1
new10100_4_aaa.json.gz,3131,n,10,100,LagrangeTemplate,highs,LTFarkas,1,108,3130.333333,3160,0.917721519,3130.4,0.066666667,23,118,0.073908,0.167903,0.256513,2346,31742.16594,1.927190556,1,0,"{timeout:3600,max_col_multiplier:1,age_limit:2,random_seed:0,replication:1,num_threads:128}",1
new10100_5_aaa.json.gz,1894,n,10,100,LagrangeTemplate,highs,LTFarkas,1,80,1893.290323,2002,5.394605395,1893.709677,0.419354839,39,121,0.035559,0.0965,0.142983,1304,36671.44745,1.405084325,1,0,"{timeout:3600,max_col_multiplier:1,age_limit:2,random_seed:0,replication:1,num_threads:128}",1
new10100_6_eac.json.gz,7417,n,10,100,LagrangeTemplate,highs,LTFarkas,1,84,7416.333333,7419,0.026957811,7416.333333,0,34,112,0.038923,0.023425,0.072495,1403,36045.52578,1.581644502,1,0,"{timeout:3600,max_col_multiplier:1,age_limit:2,random_seed:0,replication:1,num_threads:128}",1
new10100_7_ada.json.gz,17319,n,10,100,LagrangeTemplate,highs,LTFarkas,1,148,17318.0782,17760,2.483108108,17318.0782,0,79,122,0.185999,0.526298,0.727295,3726,20032.36577,2.348874905,1,0,"{timeout:3600,max_col_multiplier:1,age_limit:2,random_seed:0,replication:1,num_threads:128}",1
new10100_8_eac.json.gz,7009,n,10,100,LagrangeTemplate,highs,LTFarkas,1,86,7008.5,7032,0.327076223,7008.5,0,14,113,0.036135,0.024458,0.071375,1125,31133.25031,1.531455334,1,0,"{timeout:3600,max_col_multiplier:1,age_limit:2,random_seed:0,replication:1,num_threads:128}",1
new10100_9_ada.json.gz,142,n,10,100,LagrangeTemplate,highs,LTFarkas,1,130,142,142,2.20E-13,142,0,10,120,0.061276,0.104022,0.173818,2759,45025.78497,1.873076923,1,0,"{timeout:3600,max_col_multiplier:1,age_limit:2,random_seed:0,replication:1,num_threads:128}",1
new10200_1_eec.json.gz,32591,n,10,200,LagrangeTemplate,highs,LTFarkas,1,308,32590.54545,32861,0.821642677,32590.54545,0,35,213,0.368217,0.291793,0.708156,7393,20077.83454,2.18788441,1,0,"{timeout:3600,max_col_multiplier:1,age_limit:2,random_seed:0,replication:1,num_threads:128}",1
new10200_10_adc.json.gz,33769,n,10,200,LagrangeTemplate,highs,LTFarkas,1,327,33768.07887,34439,1.9454688,33768.96578,0.886903134,82,243,1.004432,3.417546,4.463372,7971,7935.828408,2.236161772,1,0,"{timeout:3600,max_col_multiplier:1,age_limit:2,random_seed:0,replication:1,num_threads:128}",1
new10200_11_aac.json.gz,4743,n,10,200,LagrangeTemplate,highs,LTFarkas,1,198,4742.027972,4778,0.732524069,4742.307692,0.27972028,51,219,0.388982,0.938172,1.360542,3714,9547.99965,1.716775953,1,0,"{timeout:3600,max_col_multiplier:1,age_limit:2,random_seed:0,replication:1,num_threads:128}",1
new10200_12_eea.json.gz,10194,n,10,200,LagrangeTemplate,highs,LTFarkas,1,244,10193.08867,10323,1.249636734,10193.24537,0.156701222,58,219,0.311762,0.303859,0.650575,5073,16272.02802,1.967811606,1,0,"{timeout:3600,max_col_multiplier:1,age_limit:2,random_seed:0,replication:1,num_threads:128}",1
new10200_13_aec.json.gz,632,n,10,200,LagrangeTemplate,highs,LTFarkas,1,224,631.0315079,656,3.658536585,631.4898725,0.458364591,64,240,0.583654,3.176799,3.798094,5513,9445.664726,2.216604663,1,0,"{timeout:3600,max_col_multiplier:1,age_limit:2,random_seed:0,replication:1,num_threads:128}",1
new10200_14_eec.json.gz,25000,n,10,200,LagrangeTemplate,highs,LTFarkas,1,268,24999.40029,25043,0.171704668,24999.99729,0.596996245,58,222,0.314962,0.264164,0.624099,6596,20942.2089,2.166451078,1,0,"{timeout:3600,max_col_multiplier:1,age_limit:2,random_seed:0,replication:1,num_threads:128}",1
new10200_15_aec.json.gz,1900,n,10,200,LagrangeTemplate,highs,LTFarkas,1,235,1899.002054,2010,5.472636816,1899.559264,0.557210226,75,243,0.59436,1.738225,2.366473,5230,8799.380847,1.945393938,1,0,"{timeout:3600,max_col_multiplier:1,age_limit:2,random_seed:0,replication:1,num_threads:128}",1
new10200_16_eac.json.gz,16344,n,10,200,LagrangeTemplate,highs,LTFarkas,1,173,16343.28333,16400,0.341463415,16343.33333,0.05,30,214,0.149609,0.071208,0.24164,3046,20359.73772,1.893673732,1,0,"{timeout:3600,max_col_multiplier:1,age_limit:2,random_seed:0,replication:1,num_threads:128}",1
new10200_18_eac.json.gz,15696,n,10,200,LagrangeTemplate,highs,LTFarkas,1,214,15695.1,15696,1.20E-11,15696,0.9,10,213,0.215237,0.085925,0.31825,4523,21014.04498,2.376145972,1,0,"{timeout:3600,max_col_multiplier:1,age_limit:2,random_seed:0,replication:1,num_threads:128}",1
new10200_19_adc.json.gz,14265,n,10,200,LagrangeTemplate,highs,LTFarkas,1,270,14264.2832,14360,0.661559889,14264.88234,0.599144568,65,230,0.725801,1.087488,1.851913,7001,9645.894674,2.187552381,1,0,"{timeout:3600,max_col_multiplier:1,age_limit:2,random_seed:0,replication:1,num_threads:128}",1
new10200_2_eec.json.gz,46191,n,10,200,LagrangeTemplate,highs,LTFarkas,1,239,46190.09524,46207,0.034626788,46190.46939,0.37414966,37,214,0.266759,0.196276,0.49175,5802,21749.96907,2.142149076,1,0,"{timeout:3600,max_col_multiplier:1,age_limit:2,random_seed:0,replication:1,num_threads:128}",1
new10200_20_adc.json.gz,26194,n,10,200,LagrangeTemplate,highs,LTFarkas,1,321,26193.00259,26619,1.59660393,26193.14849,0.145902709,88,221,0.928778,1.898541,2.866588,7422,7991.145354,2.173442511,1,0,"{timeout:3600,max_col_multiplier:1,age_limit:2,random_seed:0,replication:1,num_threads:128}",1
new10200_21_eea.json.gz,9120,n,10,200,LagrangeTemplate,highs,LTFarkas,1,241,9119.010952,9175,0.599455041,9119.720909,0.709956853,52,227,0.312926,0.268464,0.612652,4723,15093.02519,1.844937273,1,0,"{timeout:3600,max_col_multiplier:1,age_limit:2,random_seed:0,replication:1,num_threads:128}",1
new10200_22_eaa.json.gz,6399,n,10,200,LagrangeTemplate,highs,LTFarkas,1,70,6398.672241,6399,0,6399,22.75,10,217,0.032386,0.023298,0.066548,739,22818.50182,1.431587302,1,0,"{timeout:3600,max_col_multiplier:1,age_limit:2,random_seed:0,replication:1,num_threads:128}",1
new10200_23_eea.json.gz,9304,n,10,200,LagrangeTemplate,highs,LTFarkas,1,292,9303.238277,9419,1.220936405,9303.68495,0.446673438,55,228,0.366728,0.315184,0.70615,5806,15831.89721,1.890000783,1,0,"{timeout:3600,max_col_multiplier:1,age_limit:2,random_seed:0,replication:1,num_threads:128}",1
new10200_24_edc.json.gz,17119,n,10,200,LagrangeTemplate,highs,LTFarkas,1,256,17118.14335,17127,0.046709873,17118.63773,0.494377038,51,228,0.263924,0.178875,0.467584,5105,19342.68956,1.861055589,1,0,"{timeout:3600,max_col_multiplier:1,age_limit:2,random_seed:0,replication:1,num_threads:128}",1
new10200_25_aec.json.gz,241,n,10,200,LagrangeTemplate,highs,LTFarkas,1,215,240.1805104,250,3.6,240.4523575,0.271847127,63,250,0.460536,3.179169,3.66849,4828,10483.43669,2.054288231,1,0,"{timeout:3600,max_col_multiplier:1,age_limit:2,random_seed:0,replication:1,num_threads:128}",1
new10200_26_edc.json.gz,17499,n,10,200,LagrangeTemplate,highs,LTFarkas,1,199,17498.00968,17542,0.245125983,17498.01977,0.010096761,50,216,0.204782,0.122688,0.357298,3579,17477.12201,1.597900022,1,0,"{timeout:3600,max_col_multiplier:1,age_limit:2,random_seed:0,replication:1,num_threads:128}",1
new10200_27_edc.json.gz,17510,n,10,200,LagrangeTemplate,highs,LTFarkas,1,208,17509.07456,17542,0.182419336,17509.72368,0.649122807,34,215,0.208816,0.133363,0.360744,4322,20697.64769,1.918874008,1,0,"{timeout:3600,max_col_multiplier:1,age_limit:2,random_seed:0,replication:1,num_threads:128}",1
new10200_28_eec.json.gz,38733,n,10,200,LagrangeTemplate,highs,LTFarkas,1,247,38732.4,38733,1.31E-13,38732.4,0,31,212,0.249965,0.214608,0.49363,5617,22471.14596,1.947061564,1,0,"{timeout:3600,max_col_multiplier:1,age_limit:2,random_seed:0,replication:1,num_threads:128}",1
new10200_29_eac.json.gz,6309,n,10,200,LagrangeTemplate,highs,LTFarkas,1,181,6308.589862,6448,2.155707196,6308.589862,0,47,213,0.165965,0.067916,0.250057,3254,19606.54355,1.681315523,1,0,"{timeout:3600,max_col_multiplier:1,age_limit:2,random_seed:0,replication:1,num_threads:128}",1
new10200_3_eac.json.gz,19059,n,10,200,LagrangeTemplate,highs,LTFarkas,1,279,19058.58156,19059,2.86E-11,19059,0.418439716,10,224,0.269137,0.111286,0.406402,5103,18960.60371,2.106354378,1,0,"{timeout:3600,max_col_multiplier:1,age_limit:2,random_seed:0,replication:1,num_threads:128}",1
new10200_30_eea.json.gz,10793,n,10,200,LagrangeTemplate,highs,LTFarkas,1,227,10792.13901,11018,2.042112906,10792.14225,0.003242148,59,218,0.264985,0.23803,0.525478,4357,16442.44014,1.755684917,1,0,"{timeout:3600,max_col_multiplier:1,age_limit:2,random_seed:0,replication:1,num_threads:128}",1
new10200_31_edc.json.gz,17187,n,10,200,LagrangeTemplate,highs,LTFarkas,1,318,17186.03841,17210,0.133643231,17186.09478,0.056367432,57,214,0.364771,0.208645,0.598017,6867,18825.5097,2.062001729,1,0,"{timeout:3600,max_col_multiplier:1,age_limit:2,random_seed:0,replication:1,num_threads:128}",1
new10200_32_aac.json.gz,10720,n,10,200,LagrangeTemplate,highs,LTFarkas,1,192,10719.37121,10835,1.061375173,10719.83333,0.462121212,37,222,0.331166,0.497059,0.8502,3289,9931.575101,1.556169562,1,0,"{timeout:3600,max_col_multiplier:1,age_limit:2,random_seed:0,replication:1,num_threads:128}",1
new10200_33_eac.json.gz,23021,n,10,200,LagrangeTemplate,highs,LTFarkas,1,175,23020.76,23026,0.021714584,23020.76,0,42,214,0.142322,0.066684,0.229254,2955,20762.77736,1.724356995,1,0,"{timeout:3600,max_col_multiplier:1,age_limit:2,random_seed:0,replication:1,num_threads:128}",1
new10200_34_eec.json.gz,22982,n,10,200,LagrangeTemplate,highs,LTFarkas,1,223,22981.16667,23814,3.493743176,22981.16667,0,35,214,0.247595,0.244654,0.520733,4952,20000.40389,1.901512563,1,0,"{timeout:3600,max_col_multiplier:1,age_limit:2,random_seed:0,replication:1,num_threads:128}",1
new10200_35_ada.json.gz,35208,n,10,200,LagrangeTemplate,highs,LTFarkas,1,355,35207.10269,35620,1.156653565,35207.85264,0.749947135,92,241,1.200191,4.936157,6.18543,8887,7404.654759,2.365285731,1,0,"{timeout:3600,max_col_multiplier:1,age_limit:2,random_seed:0,replication:1,num_threads:128}",1
new10200_4_eda.json.gz,14055,n,10,200,LagrangeTemplate,highs,LTFarkas,1,248,14054.07571,14078,0.163375479,14054.99747,0.921756099,57,237,0.24839,0.215743,0.483362,4125,16606.94875,1.51647239,1,0,"{timeout:3600,max_col_multiplier:1,age_limit:2,random_seed:0,replication:1,num_threads:128}",1
new10200_5_eec.json.gz,27204,n,10,200,LagrangeTemplate,highs,LTFarkas,1,280,27203.14286,27319,0.420952451,27203.14286,0,46,217,0.361402,0.26708,0.659705,7758,21466.4003,2.505301398,1,0,"{timeout:3600,max_col_multiplier:1,age_limit:2,random_seed:0,replication:1,num_threads:128}",1
new10200_6_eda.json.gz,15076,n,10,200,LagrangeTemplate,highs,LTFarkas,1,267,15075.02478,15183,0.70473556,15075.13467,0.10989011,61,218,0.282869,0.238392,0.542787,4730,16721.52127,1.652412163,1,0,"{timeout:3600,max_col_multiplier:1,age_limit:2,random_seed:0,replication:1,num_threads:128}",1
new10200_7_aea.json.gz,201,n,10,200,LagrangeTemplate,highs,LTFarkas,1,0,201,201,0,201,0,0,0,0.011863,0.011864,0.003893,200,,,1,0,"{timeout:3600,max_col_multiplier:1,age_limit:2,random_seed:0,replication:1,num_threads:128}",1
new10200_9_eac.json.gz,3390,n,10,200,LagrangeTemplate,highs,LTFarkas,1,181,3389.046931,3393,0.08841733,3389.198556,0.151624549,44,217,0.167047,0.064604,0.248066,3276,19611.24713,1.627721162,1,0,"{timeout:3600,max_col_multiplier:1,age_limit:2,random_seed:0,replication:1,num_threads:128}",1
new10400_0_eec.json.gz,59935,n,10,400,LagrangeTemplate,highs,LTFarkas,1,548,59934.06917,60006,0.118321501,59934.49004,0.420867526,53,427,2.743655,1.561943,4.385734,19973,7279.705357,3.395685259,1,0,"{timeout:3600,max_col_multiplier:1,age_limit:4,random_seed:0,replication:1,num_threads:128}",1
new10400_1_eaa.json.gz,32360,n,10,400,LagrangeTemplate,highs,LTFarkas,1,153,32360,32360,0,32360,39,10,416,0.158939,0.091649,0.277379,1248,7852.069033,1.502342048,1,0,"{timeout:3600,max_col_multiplier:1,age_limit:4,random_seed:0,replication:1,num_threads:128}",1
new10400_10_adc.json.gz,146985,n,10,400,LagrangeTemplate,highs,LTFarkas,1,569,146984.0254,147816,0.56218542,146984.2587,0.233263563,88,422,8.325511,21.538174,29.98955,21416,2572.334599,3.531648395,1,0,"{timeout:3600,max_col_multiplier:1,age_limit:4,random_seed:0,replication:1,num_threads:128}",1
new10400_11_edc.json.gz,33783,n,10,400,LagrangeTemplate,highs,LTFarkas,1,498,33782.02931,33813,0.088723272,33782.28727,0.257958372,63,444,2.104191,1.020566,3.193836,14187,6742.258664,2.739677273,1,0,"{timeout:3600,max_col_multiplier:1,age_limit:4,random_seed:0,replication:1,num_threads:128}",1
new10400_12_eaa.json.gz,25218,n,10,400,LagrangeTemplate,highs,LTFarkas,1,192,25217.15504,25218,0,25218,0.84496124,10,415,0.213691,0.136942,0.370219,1523,7127.113449,1.48682209,1,0,"{timeout:3600,max_col_multiplier:1,age_limit:4,random_seed:0,replication:1,num_threads:128}",1
new10400_13_ada.json.gz,8310,n,10,400,LagrangeTemplate,highs,LTFarkas,1,542,8309.15906,8401,1.08320438,8309.904183,0.745122551,81,457,6.705095,8.912866,15.727805,20059,2991.605637,3.462434749,1,0,"{timeout:3600,max_col_multiplier:1,age_limit:4,random_seed:0,replication:1,num_threads:128}",1
new10400_14_eaa.json.gz,16467,n,10,400,LagrangeTemplate,highs,LTFarkas,1,210,16466.19231,16467,0,16467,0.807692308,10,412,0.236457,0.143778,0.40984,1596,6749.641584,1.458412698,1,0,"{timeout:3600,max_col_multiplier:1,age_limit:4,random_seed:0,replication:1,num_threads:128}",1
new10400_15_aea.json.gz,405,n,10,400,LagrangeTemplate,highs,LTFarkas,1,0,405,405,0,405,0,0,0,0.016335,0.016335,0.007919,400,,,1,0,"{timeout:3600,max_col_multiplier:1,age_limit:4,random_seed:0,replication:1,num_threads:128}",1
new10400_16_eda.json.gz,29300,n,10,400,LagrangeTemplate,highs,LTFarkas,1,588,29299.11725,29327,0.092065332,29299.84075,0.723502348,60,462,3.461419,1.740043,5.267761,16646,4809.010409,2.724253084,1,0,"{timeout:3600,max_col_multiplier:1,age_limit:4,random_seed:0,replication:1,num_threads:128}",1
new10400_17_aea.json.gz,400,n,10,400,LagrangeTemplate,highs,LTFarkas,1,0,400,400,0,400,0,0,0,0.02344,0.02344,0.011833,400,,,1,0,"{timeout:3600,max_col_multiplier:1,age_limit:4,random_seed:0,replication:1,num_threads:128}",1
new10400_18_eec.json.gz,58795,n,10,400,LagrangeTemplate,highs,LTFarkas,1,640,58794.07143,59131,0.568229862,58794.88889,0.817460323,39,454,3.835289,1.879704,5.805942,26029,6786.71151,3.843498264,1,0,"{timeout:3600,max_col_multiplier:1,age_limit:4,random_seed:0,replication:1,num_threads:128}",1
new10400_19_aaa.json.gz,66939,n,10,400,LagrangeTemplate,highs,LTFarkas,1,396,66938.19105,67517,0.856080691,66938.2085,0.017453683,56,415,3.138193,5.257267,8.476652,10237,3262.06833,2.415631872,1,0,"{timeout:3600,max_col_multiplier:1,age_limit:4,random_seed:0,replication:1,num_threads:128}",1
new10400_20_adc.json.gz,56202,n,10,400,LagrangeTemplate,highs,LTFarkas,1,604,56201.008,56354,0.269723533,56201.03825,0.030249264,89,418,7.802763,13.973359,21.901674,20048,2569.346269,3.161441054,1,0,"{timeout:3600,max_col_multiplier:1,age_limit:4,random_seed:0,replication:1,num_threads:128}",1
new10400_21_ada.json.gz,71065,n,10,400,LagrangeTemplate,highs,LTFarkas,1,622,71064.00598,71621,0.776308625,71064.86003,0.854047764,96,464,9.248933,37.761246,47.159247,21503,2324.916831,3.251634164,1,0,"{timeout:3600,max_col_multiplier:1,age_limit:4,random_seed:0,replication:1,num_threads:128}",1
new10400_22_aea.json.gz,8504,n,10,400,LagrangeTemplate,highs,LTFarkas,1,583,8503.099339,8536,0.374882849,8503.811282,0.711943611,74,475,6.664005,9.181037,15.971472,20505,3076.978484,3.241641846,1,0,"{timeout:3600,max_col_multiplier:1,age_limit:4,random_seed:0,replication:1,num_threads:128}",1
new10400_23_eac.json.gz,13231,n,10,400,LagrangeTemplate,highs,LTFarkas,1,398,13230.09706,13262,0.233750566,13230.87397,0.776908023,52,434,1.096463,0.40859,1.556292,8708,7941.900456,2.110049024,1,0,"{timeout:3600,max_col_multiplier:1,age_limit:4,random_seed:0,replication:1,num_threads:128}",1
new10400_24_aec.json.gz,6638,n,10,400,LagrangeTemplate,highs,LTFarkas,1,550,6637.047405,6731,1.381666914,6637.208042,0.160636631,79,443,7.273619,13.62857,21.027287,22836,3139.56505,3.867809446,1,0,"{timeout:3600,max_col_multiplier:1,age_limit:4,random_seed:0,replication:1,num_threads:128}",1
new10400_25_ada.json.gz,73851,n,10,400,LagrangeTemplate,highs,LTFarkas,1,643,73850.00844,74087,0.318544414,73850.22107,0.212622775,102,436,10.00402,26.013913,36.180876,23308,2329.863395,3.453688457,1,0,"{timeout:3600,max_col_multiplier:1,age_limit:4,random_seed:0,replication:1,num_threads:128}",1
new10400_26_aec.json.gz,2170,n,10,400,LagrangeTemplate,highs,LTFarkas,1,442,2169.001656,2207,1.676483915,2169.196514,0.194857784,74,437,4.424923,16.554511,21.111657,12362,2793.72093,2.378794898,1,0,"{timeout:3600,max_col_multiplier:1,age_limit:4,random_seed:0,replication:1,num_threads:128}",1
new10400_27_eda.json.gz,29023,n,10,400,LagrangeTemplate,highs,LTFarkas,1,523,29022.07479,29073,0.171980876,29022.50274,0.427958285,67,442,2.704504,1.516021,4.297333,12041,4452.202696,2.160650901,1,0,"{timeout:3600,max_col_multiplier:1,age_limit:4,random_seed:0,replication:1,num_threads:128}",1
new10400_28_edc.json.gz,34445,n,10,400,LagrangeTemplate,highs,LTFarkas,1,491,34444.11739,34478,0.095713208,34444.46154,0.344146839,38,456,1.998949,0.963796,3.018861,12439,6222.770066,2.41920441,1,0,"{timeout:3600,max_col_multiplier:1,age_limit:4,random_seed:0,replication:1,num_threads:128}",1
new10400_29_eac.json.gz,24880,n,10,400,LagrangeTemplate,highs,LTFarkas,1,310,24879.05899,25091,0.840938982,24879.05899,0,51,415,0.886935,0.295893,1.219788,6468,7292.529892,1.997362391,1,0,"{timeout:3600,max_col_multiplier:1,age_limit:4,random_seed:0,replication:1,num_threads:128}",1
new10400_3_eda.json.gz,29613,n,10,400,LagrangeTemplate,highs,LTFarkas,1,539,29612.15484,29655,0.14162873,29612.47556,0.320724371,59,444,2.792999,1.54799,4.404927,12908,4621.555539,2.249313838,1,0,"{timeout:3600,max_col_multiplier:1,age_limit:4,random_seed:0,replication:1,num_threads:128}",1
new10400_30_aac.json.gz,7403,n,10,400,LagrangeTemplate,highs,LTFarkas,1,405,7402.020833,7415,0.16183412,7402.75,0.729166667,62,442,3.279941,8.522117,11.883474,10545,3214.996855,2.380781036,1,0,"{timeout:3600,max_col_multiplier:1,age_limit:4,random_seed:0,replication:1,num_threads:128}",1
new10400_31_eec.json.gz,58370,n,10,400,LagrangeTemplate,highs,LTFarkas,1,818,58369.11905,58370,5.16E-11,58370,0.880952414,10,442,5.550846,2.582304,8.257023,34036,6131.677946,4.024367149,1,0,"{timeout:3600,max_col_multiplier:1,age_limit:4,random_seed:0,replication:1,num_threads:128}",1
new10400_32_eac.json.gz,41522,n,10,400,LagrangeTemplate,highs,LTFarkas,1,429,41521.42883,41611,0.213885751,41521.42883,0,55,415,1.49123,0.424268,1.959603,10983,7365.061057,2.533567975,1,0,"{timeout:3600,max_col_multiplier:1,age_limit:4,random_seed:0,replication:1,num_threads:128}",1
new10400_33_eaa.json.gz,5823,n,10,400,LagrangeTemplate,highs,LTFarkas,1,0,5823,5823,0,5823,0,0,0,0.016243,0.016243,0.007763,400,,,1,0,"{timeout:3600,max_col_multiplier:1,age_limit:4,random_seed:0,replication:1,num_threads:128}",1
new10400_34_eda.json.gz,29193,n,10,400,LagrangeTemplate,highs,LTFarkas,1,546,29192.04639,29249,0.191459537,29192.24576,0.199369833,65,449,3.018071,1.620436,4.704659,11717,3882.281099,2.017775743,1,0,"{timeout:3600,max_col_multiplier:1,age_limit:4,random_seed:0,replication:1,num_threads:128}",1
new10400_35_eaa.json.gz,18046,n,10,400,LagrangeTemplate,highs,LTFarkas,1,270,18045.5,18046,6.05E-14,18045.5,0,12,417,0.412383,0.229008,0.668326,2656,6440.614671,1.301294827,1,0,"{timeout:3600,max_col_multiplier:1,age_limit:4,random_seed:0,replication:1,num_threads:128}",1
new10400_4_eea.json.gz,21790,n,10,400,LagrangeTemplate,highs,LTFarkas,1,443,21789.15698,22154,1.643044146,21789.67722,0.520236693,62,446,2.899574,1.773042,4.74632,11683,4029.212567,2.435564692,1,0,"{timeout:3600,max_col_multiplier:1,age_limit:4,random_seed:0,replication:1,num_threads:128}",1
new10400_5_edc.json.gz,34000,n,10,400,LagrangeTemplate,highs,LTFarkas,1,518,33999.15799,34011,0.032342477,33999.76852,0.610532408,54,462,2.19036,0.971406,3.225331,16091,7346.280977,2.937912913,1,0,"{timeout:3600,max_col_multiplier:1,age_limit:4,random_seed:0,replication:1,num_threads:128}",1
new10400_6_eda.json.gz,29270,n,10,400,LagrangeTemplate,highs,LTFarkas,1,768,29269.04004,29306,0.122841739,29269.35949,0.319447818,66,438,5.037931,2.272767,7.394502,28227,5602.895316,3.590411603,1,0,"{timeout:3600,max_col_multiplier:1,age_limit:4,random_seed:0,replication:1,num_threads:128}",1
new10400_7_ada.json.gz,53305,n,10,400,LagrangeTemplate,highs,LTFarkas,1,559,53304.01901,53542,0.442643159,53304.40134,0.382331921,97,450,7.767429,20.204519,28.110022,19397,2497.222697,3.233897364,1,0,"{timeout:3600,max_col_multiplier:1,age_limit:4,random_seed:0,replication:1,num_threads:128}",1
new10400_8_eea.json.gz,16417,n,10,400,LagrangeTemplate,highs,LTFarkas,1,577,16416.00692,16440,0.139902676,16416.00692,0,72,427,4.29063,2.380276,6.763993,17656,4115.013413,2.967129578,1,0,"{timeout:3600,max_col_multiplier:1,age_limit:4,random_seed:0,replication:1,num_threads:128}",1
new10400_9_edc.json.gz,33969,n,10,400,LagrangeTemplate,highs,LTFarkas,1,601,33968.17441,34002,0.097053115,33968.89547,0.721063257,58,450,2.382672,1.148136,3.594,20333,8533.696623,3.243575522,1,0,"{timeout:3600,max_col_multiplier:1,age_limit:4,random_seed:0,replication:1,num_threads:128}",1
new1201600_0_aec.json.gz,1600,n,120,1600,LagrangeTemplate,highs,LTFarkas,1,95,1600,1604,0.249376559,1600,673,124,2150,1.85344,2.467039,5.560885,16985,9164.040919,1.164619883,1,0,"{timeout:3600,max_col_multiplier:1,age_limit:2,random_seed:0,replication:1,num_threads:128}",1
new1201600_1_eaa.json.gz,19802,n,120,1600,LagrangeTemplate,highs,LTFarkas,1,491,19801.16667,19802,0,19802,0.833333333,120,1733,6.596856,1.058963,8.423036,70352,10664.47411,1.202191373,1,0,"{timeout:3600,max_col_multiplier:1,age_limit:2,random_seed:0,replication:1,num_threads:128}",1
new1201600_10_adc.json.gz,415491,n,120,1600,LagrangeTemplate,highs,LTFarkas,1,385,415491,419427,0.938423134,415491,73.0000035,946,2296,65.084822,71.993919,139.735245,304551,4679.293738,6.457955045,1,0,"{timeout:3600,max_col_multiplier:1,age_limit:2,random_seed:0,replication:1,num_threads:128}",1
new1201600_11_aea.json.gz,1600,n,120,1600,LagrangeTemplate,highs,LTFarkas,1,0,1600,1600,0,1600,0,0,0,0.420861,0.420861,0.373408,1600,,,1,0,"{timeout:3600,max_col_multiplier:1,age_limit:2,random_seed:0,replication:1,num_threads:128}",1
new1201600_12_eac.json.gz,21041,n,120,1600,LagrangeTemplate,highs,LTFarkas,1,228,21040.27975,21062,0.099705631,21040.35865,0.078902897,444,1775,6.920092,0.506224,8.28447,67863,9806.66153,2.528128318,1,0,"{timeout:3600,max_col_multiplier:1,age_limit:2,random_seed:0,replication:1,num_threads:128}",1
new1201600_13_adc.json.gz,287578,n,120,1600,LagrangeTemplate,highs,LTFarkas,1,369,287578,290976,1.167793907,287578,114.0000005,930,2298,58.303479,72.319354,133.551739,282376,4843.210128,6.190165943,1,0,"{timeout:3600,max_col_multiplier:1,age_limit:2,random_seed:0,replication:1,num_threads:128}",1
new1201600_14_eaa.json.gz,27031,n,120,1600,LagrangeTemplate,highs,LTFarkas,1,46,27030.25,27031,0,27031,0.75,120,1707,0.12781,0.077422,0.612421,4467,34950.31688,1.116487053,1,0,"{timeout:3600,max_col_multiplier:1,age_limit:2,random_seed:0,replication:1,num_threads:128}",1
new1201600_15_eaa.json.gz,26128,n,120,1600,LagrangeTemplate,highs,LTFarkas,1,87,26127.5,26128,0,26128,0.5,120,1716,0.241904,0.126824,0.798662,4937,20408.92255,1.148085511,1,0,"{timeout:3600,max_col_multiplier:1,age_limit:2,random_seed:0,replication:1,num_threads:128}",1
new1201600_16_eaa.json.gz,18120,n,120,1600,LagrangeTemplate,highs,LTFarkas,1,2,18119.06018,18120,0,18120,481636,120,240,0.00522,0.006176,0.397544,2190,419540.2299,9.125,1,0,"{timeout:3600,max_col_multiplier:1,age_limit:2,random_seed:0,replication:1,num_threads:128}",1
new1201600_17_eec.json.gz,206505,n,120,1600,LagrangeTemplate,highs,LTFarkas,1,524,206504.0455,206546,0.0198503,206504.7664,0.720948039,435,1756,52.016553,4.559894,63.649789,363033,6979.182185,5.602425531,1,0,"{timeout:3600,max_col_multiplier:1,age_limit:2,random_seed:0,replication:1,num_threads:128}",1
new1201600_18_eac.json.gz,20292,n,120,1600,LagrangeTemplate,highs,LTFarkas,1,187,20291.47253,20381,0.436681223,20291.73667,0.264136027,490,1740,6.004888,0.41629,7.488719,62829,10462.97616,2.886747184,1,0,"{timeout:3600,max_col_multiplier:1,age_limit:2,random_seed:0,replication:1,num_threads:128}",1
new1201600_19_eec.json.gz,228373,n,120,1600,LagrangeTemplate,highs,LTFarkas,1,546,228372.1833,228381,0.003502918,228372.4,0.216749483,465,1763,54.937535,4.622589,66.848668,368828,6713.588442,5.553932055,1,0,"{timeout:3600,max_col_multiplier:1,age_limit:2,random_seed:0,replication:1,num_threads:128}",1
new1201600_2_eea.json.gz,25110,n,120,1600,LagrangeTemplate,highs,LTFarkas,1,692,25109.00564,25921,3.128737317,25109.00763,0.001983735,760,1740,27.37335,3.55898,32.644508,236177,8627.990363,2.862687096,1,0,"{timeout:3600,max_col_multiplier:1,age_limit:2,random_seed:0,replication:1,num_threads:128}",1
new1201600_20_eaa.json.gz,17455,n,120,1600,LagrangeTemplate,highs,LTFarkas,1,2,17454.4058,17455,0,17455,551739,120,240,0.005206,0.006385,0.404623,2188,420284.2874,9.116666667,1,0,"{timeout:3600,max_col_multiplier:1,age_limit:2,random_seed:0,replication:1,num_threads:128}",1
new1201600_21_adc.json.gz,385603,n,120,1600,LagrangeTemplate,highs,LTFarkas,1,482,385602.0969,388251,0.682033015,385602.7949,0.69792999,930,1873,85.11576,49.159614,137.036877,404209,4748.932513,7.183928886,1,0,"{timeout:3600,max_col_multiplier:1,age_limit:2,random_seed:100,replication:1,num_threads:128}",1
new1201600_22_eda.json.gz,76572,n,120,1600,LagrangeTemplate,highs,LTFarkas,1,1136,76571.58147,77205,0.819895085,76571.81585,0.234380049,713,1808,35.40281,6.834373,44.178617,294145,8308.521273,2.173924406,1,0,"{timeout:3600,max_col_multiplier:1,age_limit:2,random_seed:0,replication:1,num_threads:128}",1
new1201600_23_aaa.json.gz,24199,n,120,1600,LagrangeTemplate,highs,LTFarkas,1,192,24198.46833,24523,1.321208661,24198.83795,0.369621954,541,1792,8.067008,1.698899,10.942754,83021,10291.42403,3.663518116,1,0,"{timeout:3600,max_col_multiplier:1,age_limit:2,random_seed:0,replication:1,num_threads:128}",1
new1201600_24_eea.json.gz,22184,n,120,1600,LagrangeTemplate,highs,LTFarkas,1,719,22183.01404,22570,1.710234825,22183.93308,0.919043317,638,1858,21.991821,3.805621,27.314897,208922,9499.986381,2.428345643,1,0,"{timeout:3600,max_col_multiplier:1,age_limit:2,random_seed:0,replication:1,num_threads:128}",1
new1201600_25_eec.json.gz,190692,n,120,1600,LagrangeTemplate,highs,LTFarkas,1,506,190690.6407,190692,0.000524406,190691.5432,0.902496626,330,1818,47.852135,4.45278,59.194929,349680,7307.51094,5.582639765,1,0,"{timeout:3600,max_col_multiplier:1,age_limit:2,random_seed:0,replication:1,num_threads:128}",1
new1201600_26_eec.json.gz,178932,n,120,1600,LagrangeTemplate,highs,LTFarkas,1,463,178931.6021,178965,0.01843936,178931.752,0.149948355,681,1839,43.232161,4.02851,54.078471,325293,7524.328937,5.699312497,1,0,"{timeout:3600,max_col_multiplier:1,age_limit:2,random_seed:0,replication:1,num_threads:128}",1
new1201600_27_aec.json.gz,1600,n,120,1600,LagrangeTemplate,highs,LTFarkas,1,71,1600,1654,3.264812576,1600,1265,122,1937,0.915881,1.704236,3.209891,10044,10966.49019,0.79496401,1,0,"{timeout:3600,max_col_multiplier:1,age_limit:2,random_seed:0,replication:1,num_threads:128}",1
new1201600_28_eea.json.gz,34619,n,120,1600,LagrangeTemplate,highs,LTFarkas,1,665,34618.07406,35651,2.894729461,34618.35451,0.280448175,831,1841,34.891379,3.967054,41.250937,274884,7878.278471,3.465352409,1,0,"{timeout:3600,max_col_multiplier:1,age_limit:2,random_seed:0,replication:1,num_threads:128}",1
new1201600_29_ada.json.gz,249563,n,120,1600,LagrangeTemplate,highs,LTFarkas,1,652,249563,257810,3.198867383,249563,11.00000037,999,2084,81.842549,202.48485,288.004158,373566,4564.447278,4.672741392,1,0,"{timeout:3600,max_col_multiplier:1,age_limit:2,random_seed:0,replication:1,num_threads:128}",1
new1201600_3_eac.json.gz,21744,n,120,1600,LagrangeTemplate,highs,LTFarkas,1,208,21743.01,21853,0.498787352,21743.70746,0.697464424,477,1824,6.152513,0.46743,7.650574,65198,10596.9707,2.657314163,1,0,"{timeout:3600,max_col_multiplier:1,age_limit:2,random_seed:0,replication:1,num_threads:128}",1
new1201600_30_ada.json.gz,3978,n,120,1600,LagrangeTemplate,highs,LTFarkas,1,761,3977.187216,6644,40.12642986,3977.776022,0.588806565,1433,2125,259.315062,128.731734,390.061955,1077871,4156.607764,12.34166492,1,0,"{timeout:3600,max_col_multiplier:1,age_limit:2,random_seed:0,replication:1,num_threads:128}",1
new1201600_31_aea.json.gz,1600,n,120,1600,LagrangeTemplate,highs,LTFarkas,1,0,1600,1600,0,1600,0,0,0,0.42969,0.42969,0.381745,1600,,,1,0,"{timeout:3600,max_col_multiplier:1,age_limit:2,random_seed:0,replication:1,num_threads:128}",1
new1201600_32_eac.json.gz,27468,n,120,1600,LagrangeTemplate,highs,LTFarkas,1,270,27467.03333,27486,0.065487885,27467.6875,0.654166667,271,1728,4.511445,0.588711,5.820003,48167,10676.62357,1.654205545,1,0,"{timeout:3600,max_col_multiplier:1,age_limit:2,random_seed:0,replication:1,num_threads:128}",1
new1201600_33_eac.json.gz,24780,n,120,1600,LagrangeTemplate,highs,LTFarkas,1,278,24779.18111,24815,0.141043724,24779.5514,0.370289351,418,1727,6.502389,0.592999,7.966596,64406,9904.974925,2.143002211,1,0,"{timeout:3600,max_col_multiplier:1,age_limit:2,random_seed:0,replication:1,num_threads:128}",1
new1201600_34_aec.json.gz,1600,n,120,1600,LagrangeTemplate,highs,LTFarkas,1,97,1600,1600,0,1600,2664,120,1617,1.811404,2.091409,4.526367,19159,10576.87849,1.385760309,1,0,"{timeout:3600,max_col_multiplier:1,age_limit:2,random_seed:0,replication:1,num_threads:128}",1
new1201600_35_aac.json.gz,82558,n,120,1600,LagrangeTemplate,highs,LTFarkas,1,190,82557.50544,88135,6.327792591,82557.7145,0.209064314,652,1775,11.551302,1.871606,15.420069,108531,9395.56424,4.68502946,1,0,"{timeout:3600,max_col_multiplier:1,age_limit:2,random_seed:0,replication:1,num_threads:128}",1
new1201600_4_eec.json.gz,208457,n,120,1600,LagrangeTemplate,highs,LTFarkas,1,513,208456.394,208462,0.002398519,208456.733,0.338942907,294,1806,48.156057,4.406166,59.685029,345489,7174.362303,5.454006016,1,0,"{timeout:3600,max_col_multiplier:1,age_limit:2,random_seed:0,replication:1,num_threads:128}",1
new1201600_5_eda.json.gz,75463,n,120,1600,LagrangeTemplate,highs,LTFarkas,1,1078,75462.11634,75973,0.671291117,75462.19121,0.074873105,646,1763,36.880135,6.418562,45.12067,303181,8220.712858,2.374417204,1,0,"{timeout:3600,max_col_multiplier:1,age_limit:2,random_seed:0,replication:1,num_threads:128}",1
new1201600_6_aac.json.gz,16907,n,120,1600,LagrangeTemplate,highs,LTFarkas,1,210,16906.16237,17014,0.628893852,16906.56053,0.398164376,620,1787,11.244493,1.964725,14.596602,105187,9354.534704,4.21979062,1,0,"{timeout:3600,max_col_multiplier:1,age_limit:2,random_seed:0,replication:1,num_threads:128}",1
new1201600_7_aac.json.gz,47155,n,120,1600,LagrangeTemplate,highs,LTFarkas,1,183,47154.42852,49273,4.298500193,47154.88253,0.454010863,607,1799,9.03132,2.289924,13.062894,88408,9789.045234,3.994601523,1,0,"{timeout:3600,max_col_multiplier:1,age_limit:2,random_seed:0,replication:1,num_threads:128}",1
new1201600_8_aac.json.gz,30555,n,120,1600,LagrangeTemplate,highs,LTFarkas,1,188,30554.1288,31030,1.530776668,30554.57492,0.446119751,519,1769,7.258256,0.857907,9.229774,74399,10250.25846,3.306897529,1,0,"{timeout:3600,max_col_multiplier:1,age_limit:2,random_seed:0,replication:1,num_threads:128}",1
new1201600_9_aec.json.gz,1600,n,120,1600,LagrangeTemplate,highs,LTFarkas,1,173,1600,1600,0,1600,1572.333333,120,2097,3.664816,3.566877,8.015717,34261,9348.627598,1.504511882,1,0,"{timeout:3600,max_col_multiplier:1,age_limit:2,random_seed:0,replication:1,num_threads:128}",1
new1203200_0_eec.json.gz,592925,n,120,3200,LagrangeTemplate,highs,LTFarkas,1,1248,592924.055,592940,0.002529767,592924.3196,0.264576101,397,3387,641.858904,32.905536,694.967527,1332060,2075.315917,8.976984342,1,0,"{timeout:3600,max_col_multiplier:1,age_limit:3,random_seed:0,replication:1,num_threads:128}",1
new1203200_1_aea.json.gz,3200,n,120,3200,LagrangeTemplate,highs,LTFarkas,1,0,3200,3200,0,3200,0,0,0,0.912151,0.912151,0.822784,3200,,,1,0,"{timeout:3600,max_col_multiplier:1,age_limit:3,random_seed:0,replication:1,num_threads:128}",1
new1203200_10_aaa.json.gz,53063,n,120,3200,LagrangeTemplate,highs,LTFarkas,1,456,53062.08354,53146,0.15617356,53062.27348,0.18993706,590,3445,87.983051,6.596846,97.126688,273570,3109.348868,5.016334225,1,0,"{timeout:3600,max_col_multiplier:1,age_limit:3,random_seed:0,replication:1,num_threads:128}",1
new1203200_11_eac.json.gz,56626,n,120,3200,LagrangeTemplate,highs,LTFarkas,1,595,56625.35598,56677,0.089983591,56625.85001,0.494030055,539,3361,63.872317,2.750718,69.026231,248153,3885.141665,3.511404908,1,0,"{timeout:3600,max_col_multiplier:1,age_limit:3,random_seed:0,replication:1,num_threads:128}",1
new1203200_12_ada.json.gz,127478,n,120,3200,LagrangeTemplate,highs,LTFarkas,1,1142,127477.0031,131292,2.90497517,127477.0039,0.000847095,1179,3327,616.599249,1722.742002,2347.127954,1120558,1817.319761,8.161937459,1,0,"{timeout:3600,max_col_multiplier:1,age_limit:3,random_seed:0,replication:1,num_threads:128}",1
new1203200_13_eda.json.gz,155598,n,120,3200,LagrangeTemplate,highs,LTFarkas,1,4247,155597.0376,156280,0.436396212,155597.9938,0.956227406,853,3640,519.89917,78.483449,606.957678,1746313,3358.945543,3.424348698,1,0,"{timeout:3600,max_col_multiplier:1,age_limit:3,random_seed:0,replication:1,num_threads:128}",1
new1203200_14_eda.json.gz,176939,n,120,3200,LagrangeTemplate,highs,LTFarkas,1,3015,176938.0556,178099,0.65132314,176938.6443,0.58863608,812,3529,385.693901,68.99971,462.587862,1264428,3278.319923,3.489738187,1,0,"{timeout:3600,max_col_multiplier:1,age_limit:3,random_seed:0,replication:1,num_threads:128}",1
new1203200_15_aac.json.gz,226994,n,120,3200,LagrangeTemplate,highs,LTFarkas,1,671,226993.1034,234858,3.348406271,226993.1034,0,846,3337,373.060959,65.88503,445.923353,840567,2253.162599,10.14557128,1,0,"{timeout:3600,max_col_multiplier:1,age_limit:3,random_seed:0,replication:1,num_threads:128}",1
new1203200_16_aec.json.gz,33659,n,120,3200,LagrangeTemplate,highs,LTFarkas,1,638,33658.0693,34607,2.739330193,33658.19217,0.122877077,949,3498,276.176694,205.908585,491.521387,683031,2473.166689,8.77900288,1,0,"{timeout:3600,max_col_multiplier:1,age_limit:3,random_seed:0,replication:1,num_threads:128}",1
new1203200_17_eda.json.gz,170811,n,120,3200,LagrangeTemplate,highs,LTFarkas,1,3113,170810.0607,171835,0.595920505,170810.3465,0.285783365,827,3599,396.006618,70.408022,474.334525,1288910,3254.768838,3.449741995,1,0,"{timeout:3600,max_col_multiplier:1,age_limit:3,random_seed:0,replication:1,num_threads:128}",1
new1203200_18_eda.json.gz,196406,n,120,3200,LagrangeTemplate,highs,LTFarkas,1,2673,196405.0462,197648,0.628389865,196405.9481,0.901859532,780,3810,390.327392,64.902203,463.57455,1251381,3205.977919,3.88330901,1,0,"{timeout:3600,max_col_multiplier:1,age_limit:3,random_seed:0,replication:1,num_threads:128}",1
new1203200_19_eaa.json.gz,46501,n,120,3200,LagrangeTemplate,highs,LTFarkas,1,1164,46500.22857,46501,0,46501,0.771428571,120,3337,55.050507,5.713676,63.239301,264100,4797.412674,1.981137837,1,0,"{timeout:3600,max_col_multiplier:1,age_limit:3,random_seed:0,replication:1,num_threads:128}",1
new1203200_2_aaa.json.gz,58623,n,120,3200,LagrangeTemplate,highs,LTFarkas,1,516,58622.43315,58801,0.30271594,58622.85881,0.425660048,629,3368,96.216815,16.624224,115.631031,310417,3226.224023,5.040056562,1,0,"{timeout:3600,max_col_multiplier:1,age_limit:3,random_seed:0,replication:1,num_threads:128}",1
new1203200_20_aac.json.gz,69744,n,120,3200,LagrangeTemplate,highs,LTFarkas,1,404,69743.10945,70415,0.952921963,69743.37156,0.262110358,701,3395,86.052346,6.574654,95.645858,289384,3362.883332,5.960219204,1,0,"{timeout:3600,max_col_multiplier:1,age_limit:3,random_seed:0,replication:1,num_threads:128}",1
new1203200_21_ada.json.gz,3208,n,120,3200,LagrangeTemplate,highs,LTFarkas,1,0,3208,3208,0,3208,0,0,0,0.897933,0.897933,0.811688,3200,,,1,0,"{timeout:3600,max_col_multiplier:1,age_limit:3,random_seed:0,replication:1,num_threads:128}",1
new1203200_22_eda.json.gz,180534,n,120,3200,LagrangeTemplate,highs,LTFarkas,1,3789,180533.1323,181894,0.747688214,180533.7802,0.647952169,801,3668,526.734476,85.001828,620.859535,1641518,3116.405086,3.600743433,1,0,"{timeout:3600,max_col_multiplier:1,age_limit:3,random_seed:0,replication:1,num_threads:128}",1
new1203200_23_aec.json.gz,27852,n,120,3200,LagrangeTemplate,highs,LTFarkas,1,706,27851.04456,28551,2.448250499,27851.13846,0.093903671,929,3365,334.545265,299.818515,647.373789,793792,2372.74917,9.203874081,1,0,"{timeout:3600,max_col_multiplier:1,age_limit:3,random_seed:0,replication:1,num_threads:128}",1
new1203200_25_eec.json.gz,782888,n,120,3200,LagrangeTemplate,highs,LTFarkas,1,756,782887.5,782894,0.000766387,782887.5,0,220,3431,258.41961,16.029556,295.233542,661220,2558.706748,7.123932323,1,0,"{timeout:3600,max_col_multiplier:1,age_limit:3,random_seed:0,replication:1,num_threads:128}",1
new1203200_26_aec.json.gz,3627,n,120,3200,LagrangeTemplate,highs,LTFarkas,1,615,3626.008416,3761,3.562882212,3626.149999,0.141583667,947,3387,248.360618,362.00847,616.629903,656000,2641.320533,8.839095423,1,0,"{timeout:3600,max_col_multiplier:1,age_limit:3,random_seed:0,replication:1,num_threads:128}",1
new1203200_27_edc.json.gz,276176,n,120,3200,LagrangeTemplate,highs,LTFarkas,1,580,276176,276400,0.081041968,276176,37.00000018,592,4241,240.146784,5.060913,250.82214,459327,1912.692697,6.470725992,1,0,"{timeout:3600,max_col_multiplier:1,age_limit:3,random_seed:0,replication:1,num_threads:128}",1
new1203200_28_eea.json.gz,60432,n,120,3200,LagrangeTemplate,highs,LTFarkas,1,1266,60431.05964,61416,1.602188355,60431.11535,0.055708479,888,3350,230.646262,22.650663,259.180594,690694,2994.603051,4.55053014,1,0,"{timeout:3600,max_col_multiplier:1,age_limit:3,random_seed:0,replication:1,num_threads:128}",1
new1203200_29_eaa.json.gz,38753,n,120,3200,LagrangeTemplate,highs,LTFarkas,1,1325,38752.04678,38753,0,38753,0.953221237,120,3339,56.64839,6.722156,66.01995,275392,4861.426777,1.760929488,1,0,"{timeout:3600,max_col_multiplier:1,age_limit:3,random_seed:0,replication:1,num_threads:128}",1
new1203200_3_aac.json.gz,258347,n,120,3200,LagrangeTemplate,highs,LTFarkas,1,474,258346.1514,266190,2.946391675,258346.1514,0,813,3327,186.4179,28.567219,221.789254,478223,2565.327686,8.311601485,1,0,"{timeout:3600,max_col_multiplier:1,age_limit:3,random_seed:0,replication:1,num_threads:128}",1
new1203200_30_eda.json.gz,177346,n,120,3200,LagrangeTemplate,highs,LTFarkas,1,4862,177345.4123,177988,0.360698473,177345.9012,0.48882171,796,3578,612.693571,101.64892,724.841445,1969609,3214.672217,3.37225258,1,0,"{timeout:3600,max_col_multiplier:1,age_limit:3,random_seed:0,replication:1,num_threads:128}",1
new1203200_31_edc.json.gz,263226,n,120,3200,LagrangeTemplate,highs,LTFarkas,1,828,263226,263765,0.204348568,263226,630.6666671,803,4082,196.358315,8.425957,210.742483,442040,2251.190636,4.352863325,1,0,"{timeout:3600,max_col_multiplier:1,age_limit:3,random_seed:0,replication:1,num_threads:128}",1
new1203200_32_eac.json.gz,49847,n,120,3200,LagrangeTemplate,highs,LTFarkas,1,576,49846.02304,49911,0.128228246,49846.08509,0.062051651,599,3327,81.620115,2.425187,86.573809,260312,3189.31185,4.119720213,1,0,"{timeout:3600,max_col_multiplier:1,age_limit:3,random_seed:0,replication:1,num_threads:128}",1
new1203200_33_adc.json.gz,709641,n,120,3200,LagrangeTemplate,highs,LTFarkas,1,786,709641,713292,0.511852089,709641,121.0000027,983,3993,448.410851,552.659872,1007.942609,727972,1623.448671,7.562521175,1,0,"{timeout:3600,max_col_multiplier:1,age_limit:3,random_seed:0,replication:1,num_threads:128}",1
new1203200_34_adc.json.gz,322289,n,120,3200,LagrangeTemplate,highs,LTFarkas,1,603,322289,324717,0.747728022,322289,420.000042,865,4160,212.372397,162.341808,381.503702,461605,2173.564015,6.209621338,1,0,"{timeout:3600,max_col_multiplier:1,age_limit:3,random_seed:0,replication:1,num_threads:128}",1
new1203200_35_eec.json.gz,712750,n,120,3200,LagrangeTemplate,highs,LTFarkas,1,1207,712749.0735,712759,0.001262699,712749.6667,0.593137251,363,3535,912.82676,27.414022,961.38565,1660459,1819.029714,11.4554185,1,0,"{timeout:3600,max_col_multiplier:1,age_limit:3,random_seed:0,replication:1,num_threads:128}",1
new1203200_4_eda.json.gz,169060,n,120,3200,LagrangeTemplate,highs,LTFarkas,1,4317,169059.1381,169713,0.384767224,169059.2849,0.146777171,838,3443,473.744676,91.040322,573.894662,1541599,3254.071398,2.977904958,1,0,"{timeout:3600,max_col_multiplier:1,age_limit:3,random_seed:0,replication:1,num_threads:128}",1
new1203200_5_edc.json.gz,265521,n,120,3200,LagrangeTemplate,highs,LTFarkas,1,689,265521,265951,0.161683919,265521,399.000001,676,4039,159.885287,6.741095,172.350609,370381,2316.542109,4.360911645,1,0,"{timeout:3600,max_col_multiplier:1,age_limit:3,random_seed:0,replication:1,num_threads:128}",1
new1203200_6_ada.json.gz,515738,n,120,3200,LagrangeTemplate,highs,LTFarkas,1,815,515738,520885,0.988125978,515738,398.7252647,1054,4194,381.548483,1479.761616,1869.155451,637900,1671.871409,6.379474945,1,0,"{timeout:3600,max_col_multiplier:1,age_limit:3,random_seed:0,replication:1,num_threads:128}",1
new1203200_7_edc.json.gz,270406,n,120,3200,LagrangeTemplate,highs,LTFarkas,1,621,270406,270628,0.082031423,270406,1131,710,4225,192.578728,6.131286,204.194444,394483,2048.42458,5.141462024,1,0,"{timeout:3600,max_col_multiplier:1,age_limit:3,random_seed:0,replication:1,num_threads:128}",1
new1203200_8_eac.json.gz,66862,n,120,3200,LagrangeTemplate,highs,LTFarkas,1,469,66861.04132,67188,0.485205691,66861.11143,0.070104621,571,3325,69.81734,2.000134,74.827741,231938,3322.068701,4.34138876,1,0,"{timeout:3600,max_col_multiplier:1,age_limit:3,random_seed:0,replication:1,num_threads:128}",1
new1203200_9_eac.json.gz,50105,n,120,3200,LagrangeTemplate,highs,LTFarkas,1,581,50104.12382,50168,0.125578058,50104.21128,0.087460096,526,3450,53.336553,2.608383,58.216909,212479,3983.740757,3.216548361,1,0,"{timeout:3600,max_col_multiplier:1,age_limit:3,random_seed:0,replication:1,num_threads:128}",1
new1204000_0_eec.json.gz,500704,n,120,4000,LagrangeTemplate,highs,LTFarkas,1,2114,500703.2132,500718,0.002795985,500704,0.786821709,580,4274,2155.619568,138.400832,2321.940235,2627741,1219.018903,11.6715425,1,0,"{timeout:3600,max_col_multiplier:1,age_limit:3,random_seed:0,replication:1,num_threads:128}",1
new1204000_1_edc.json.gz,327426,n,120,4000,LagrangeTemplate,highs,LTFarkas,1,1192,327426,327937,0.155822612,327426,252.0000031,738,4897,431.03015,19.869381,459.445125,615421,1427.791072,4.204155738,1,0,"{timeout:3600,max_col_multiplier:1,age_limit:3,random_seed:0,replication:1,num_threads:128}",1
new1204000_10_eec.json.gz,858078,n,120,4000,LagrangeTemplate,highs,LTFarkas,1,939,858078,858150,0.008390142,858078,0,436,4356,622.855933,29.76048,680.630953,962997,1546.099104,8.761980717,1,0,"{timeout:3600,max_col_multiplier:1,age_limit:3,random_seed:0,replication:1,num_threads:128}",1
new1204000_11_eaa.json.gz,44798,n,120,4000,LagrangeTemplate,highs,LTFarkas,1,16129,44797.13333,44798,0,44798,147.2,120,4234,1249.638422,127.670602,1405.187477,4517323,3614.904056,2.331535222,1,0,"{timeout:3600,max_col_multiplier:1,age_limit:3,random_seed:0,replication:1,num_threads:128}",1
new1204000_12_eac.json.gz,40885,n,120,4000,LagrangeTemplate,highs,LTFarkas,1,928,40884.02771,40901,0.039118848,40884.93653,0.908821225,635,4624,172.752224,5.33696,182.214954,397977,2303.744582,3.534060707,1,0,"{timeout:3600,max_col_multiplier:1,age_limit:3,random_seed:0,replication:1,num_threads:128}",1
new1204000_13_adc.json.gz,491009,n,120,4000,LagrangeTemplate,highs,LTFarkas,1,1163,491008.1063,493590,0.522903624,491008.6114,0.505140596,991,4633,1057.657076,926.436416,1995.88266,1133529,1071.735845,7.995176238,1,0,"{timeout:3600,max_col_multiplier:1,age_limit:3,random_seed:0,replication:1,num_threads:128}",1
new1204000_14_aec.json.gz,119825,n,120,4000,LagrangeTemplate,highs,LTFarkas,1,1031,119824.0186,inf,nan,119824.9545,0.93590308,911,4457,1651.467075,389.597285,2061.408999,1748052,1058.484318,13.28882215,0,0,"{timeout:3600,max_col_multiplier:1,age_limit:3,random_seed:0,replication:1,num_threads:128}",1
new1204000_15_eda.json.gz,246995,n,120,4000,LagrangeTemplate,highs,LTFarkas,1,4504,246994.0273,247840,0.340945771,246994.0822,0.05488806,799,4159,1389.562889,176.195884,1579.402132,2266067,1630.776856,4.182918049,1,0,"{timeout:3600,max_col_multiplier:1,age_limit:3,random_seed:0,replication:1,num_threads:128}",1
new1204000_16_eda.json.gz,226013,n,120,4000,LagrangeTemplate,highs,LTFarkas,1,5114,226012.0201,227066,0.46374182,226012.5893,0.569272957,847,4477,1211.926251,202.8885,1427.982129,2291771,1891.015231,3.723018268,1,0,"{timeout:3600,max_col_multiplier:1,age_limit:3,random_seed:0,replication:1,num_threads:128}",1
new1204000_17_eaa.json.gz,60107,n,120,4000,LagrangeTemplate,highs,LTFarkas,1,219,60106.08696,60107,1.21E-14,60107,0.913043478,120,4125,2.890461,0.922491,5.197978,14309,4950.421403,1.337492437,1,0,"{timeout:3600,max_col_multiplier:1,age_limit:3,random_seed:0,replication:1,num_threads:128}",1
new1204000_18_aac.json.gz,51414,n,120,4000,LagrangeTemplate,highs,LTFarkas,1,710,51413.08378,51534,0.232855979,51413.63778,0.554002209,719,4201,195.452045,34.143356,233.769705,418051,2138.892944,4.928163659,1,0,"{timeout:3600,max_col_multiplier:1,age_limit:3,random_seed:0,replication:1,num_threads:128}",1
new1204000_19_ada.json.gz,609536,n,120,4000,LagrangeTemplate,highs,LTFarkas,1,920,609536,614620,0.827177768,609536,933.310216,985,4957,893.870217,2486.567094,3390.458745,740300,828.1962928,6.551852355,1,0,"{timeout:3600,max_col_multiplier:1,age_limit:3,random_seed:0,replication:1,num_threads:128}",1
new1204000_2_eea.json.gz,83009,n,120,4000,LagrangeTemplate,highs,LTFarkas,1,1585,83008.06672,84151,1.357084289,83008.28067,0.213947623,891,4216,543.062503,52.810676,605.40605,929015,1710.696273,4.851617492,1,0,"{timeout:3600,max_col_multiplier:1,age_limit:3,random_seed:0,replication:1,num_threads:128}",1
new1204000_20_aea.json.gz,4000,n,120,4000,LagrangeTemplate,highs,LTFarkas,1,0,4000,4000,0,4000,0,0,0,1.108858,1.108858,0.99957,4000,,,1,0,"{timeout:3600,max_col_multiplier:1,age_limit:3,random_seed:0,replication:1,num_threads:128}",1
new1204000_22_eac.json.gz,68905,n,120,4000,LagrangeTemplate,highs,LTFarkas,1,751,68904.14301,68959,0.0783074,68904.285,0.141991058,554,4128,144.800528,4.372756,152.313613,325276,2246.373024,3.816729827,1,0,"{timeout:3600,max_col_multiplier:1,age_limit:3,random_seed:0,replication:1,num_threads:128}",1
new1204000_23_eac.json.gz,80060,n,120,4000,LagrangeTemplate,highs,LTFarkas,1,612,80059.57475,80377,0.39439143,80059.76135,0.186595186,582,4170,151.864002,3.375757,159.222504,322701,2124.934124,4.458420585,1,0,"{timeout:3600,max_col_multiplier:1,age_limit:3,random_seed:0,replication:1,num_threads:128}",1
new1204000_24_ada.json.gz,365532,n,120,4000,LagrangeTemplate,highs,LTFarkas,1,1414,365532,369334,1.029420525,365532,705.7183679,1104,4979,1008.708062,2184.238282,3207.61668,981455,972.9822106,5.637590581,1,0,"{timeout:3600,max_col_multiplier:1,age_limit:3,random_seed:0,replication:1,num_threads:128}",1
new1204000_25_aea.json.gz,4000,n,120,4000,LagrangeTemplate,highs,LTFarkas,1,0,4000,4000,0,4000,0,0,0,1.144443,1.144443,1.036924,4000,,,1,0,"{timeout:3600,max_col_multiplier:1,age_limit:3,random_seed:0,replication:1,num_threads:128}",1
new1204000_26_eaa.json.gz,52360,n,120,4000,LagrangeTemplate,highs,LTFarkas,1,2,52360,52360,0,52360,2568901,120,240,0.020652,0.014827,1.148017,5414,262153.7866,22.55833333,1,0,"{timeout:3600,max_col_multiplier:1,age_limit:3,random_seed:0,replication:1,num_threads:128}",1
new1204000_27_eea.json.gz,92554,n,120,4000,LagrangeTemplate,highs,LTFarkas,1,1461,92553.21245,94125,1.669057105,92553.86673,0.654281379,896,4428,534.960566,55.027239,600.214899,884093,1652.632093,5.006957966,1,0,"{timeout:3600,max_col_multiplier:1,age_limit:3,random_seed:0,replication:1,num_threads:128}",1
new1204000_28_eea.json.gz,80822,n,120,4000,LagrangeTemplate,highs,LTFarkas,1,1433,80821.26938,81660,1.026206221,80821.93408,0.664705414,888,4447,496.382693,47.461393,552.391347,830488,1673.080089,4.78698051,1,0,"{timeout:3600,max_col_multiplier:1,age_limit:3,random_seed:0,replication:1,num_threads:128}",1
new1204000_29_eda.json.gz,209843,n,120,4000,LagrangeTemplate,highs,LTFarkas,1,5989,209842.0446,211593,0.827059496,209842.1366,0.091928725,851,4219,1161.777554,179.13838,1355.80072,2615572,2251.353532,3.630736144,1,0,"{timeout:3600,max_col_multiplier:1,age_limit:3,random_seed:0,replication:1,num_threads:128}",1
new1204000_3_adc.json.gz,863120,n,120,4000,LagrangeTemplate,highs,LTFarkas,1,1175,863120,867923,0.553390105,863120,1106.103028,1002,5075,1004.676017,1502.934331,2518.697218,892699,888.5441524,6.227938534,1,0,"{timeout:3600,max_col_multiplier:1,age_limit:3,random_seed:0,replication:1,num_threads:128}",1
new1204000_30_eac.json.gz,62956,n,120,4000,LagrangeTemplate,highs,LTFarkas,1,696,62955.04321,63122,0.262982795,62955.64925,0.606041839,591,4129,133.395563,3.957162,140.593255,308335,2311.433702,3.79159258,1,0,"{timeout:3600,max_col_multiplier:1,age_limit:3,random_seed:0,replication:1,num_threads:128}",1
new1204000_31_ada.json.gz,296098,n,120,4000,LagrangeTemplate,highs,LTFarkas,1,1458,296098,301749,1.872748543,296098,349.0000217,1093,4896,1011.597207,1535.529605,2555.439454,1189550,1175.912697,6.698604875,1,0,"{timeout:-1,max_col_multiplier:1,age_limit:3,random_seed:0,replication:1,num_threads:128}",1
new1204000_32_aea.json.gz,4000,n,120,4000,LagrangeTemplate,highs,LTFarkas,1,0,4000,4000,0,4000,0,0,0,1.330603,1.330603,1.22401,4000,,,1,0,"{timeout:3600,max_col_multiplier:1,age_limit:3,random_seed:0,replication:1,num_threads:128}",1
new1204000_33_aaa.json.gz,64551,n,120,4000,LagrangeTemplate,highs,LTFarkas,1,603,64550.0318,64808,0.396555981,64550.84827,0.816466489,715,4141,256.52312,30.21277,291.099733,477812,1862.646922,6.592495916,1,0,"{timeout:3600,max_col_multiplier:1,age_limit:3,random_seed:0,replication:1,num_threads:128}",1
new1204000_34_eac.json.gz,56117,n,120,4000,LagrangeTemplate,highs,LTFarkas,1,546,56116.14498,56230,0.200960341,56116.4516,0.306628268,574,4175,167.924716,3.025121,175.131451,311121,1852.740963,4.840177807,1,0,"{timeout:3600,max_col_multiplier:1,age_limit:3,random_seed:0,replication:1,num_threads:128}",1
new1204000_35_aac.json.gz,49997,n,120,4000,LagrangeTemplate,highs,LTFarkas,1,533,49996.0351,50180,0.364687126,49996.76123,0.726129368,754,4135,180.983274,27.782676,213.145121,334419,1847.789537,5.235911498,1,0,"{timeout:3600,max_col_multiplier:1,age_limit:3,random_seed:0,replication:1,num_threads:128}",1
new1204000_4_edc.json.gz,331713,n,120,4000,LagrangeTemplate,highs,LTFarkas,1,1048,331713,331999,0.086144838,331713,431.0000704,754,4982,622.199993,17.053594,647.519753,690580,1109.900366,5.3853835,1,0,"{timeout:3600,max_col_multiplier:1,age_limit:3,random_seed:0,replication:1,num_threads:128}",1
new1204000_5_aea.json.gz,4000,n,120,4000,LagrangeTemplate,highs,LTFarkas,1,0,4000,4000,0,4000,0,0,0,1.352952,1.352952,1.247974,4000,,,1,0,"{timeout:3600,max_col_multiplier:1,age_limit:3,random_seed:0,replication:1,num_threads:128}",1
new1204000_6_eaa.json.gz,58056,n,120,4000,LagrangeTemplate,highs,LTFarkas,1,2,58056,58056,0,58056,2486672,120,240,0.020735,0.013813,1.110622,5414,261104.4128,22.55833333,1,0,"{timeout:3600,max_col_multiplier:1,age_limit:3,random_seed:0,replication:1,num_threads:128}",1
new1204000_7_aec.json.gz,65891,n,120,4000,LagrangeTemplate,highs,LTFarkas,1,690,65890.1423,67254,2.026645255,65890.97156,0.829263839,902,4458,571.37421,350.138015,938.244713,744558,1303.100467,8.794513561,1,0,"{timeout:3600,max_col_multiplier:1,age_limit:3,random_seed:0,replication:1,num_threads:128}",1
new1204000_8_eda.json.gz,241536,n,120,4000,LagrangeTemplate,highs,LTFarkas,1,4387,241535.1938,243061,0.627414517,241535.6142,0.420402172,796,4452,1098.213094,161.759857,1273.129731,2078356,1892.488818,3.935268371,1,0,"{timeout:3600,max_col_multiplier:1,age_limit:3,random_seed:0,replication:1,num_threads:128}",1
new1204000_9_eaa.json.gz,50710,n,120,4000,LagrangeTemplate,highs,LTFarkas,1,268,50709.1896,50710,0,50710,0.810395554,120,4121,3.970548,1.090499,6.528237,15907,4006.248004,1.26462253,1,0,"{timeout:3600,max_col_multiplier:1,age_limit:3,random_seed:0,replication:1,num_threads:128}",1
new1205000_0_eec.json.gz,1077817,n,120,5000,LagrangeTemplate,highs,LTFarkas,1,1343,1077816.2,1077938,0.011225135,1077817,84.87950421,425,6117,3016.914518,45.464797,3090.473334,2587267,857.5871091,16.69215617,1,0,"{timeout:-1,max_col_multiplier:1,age_limit:4,random_seed:0,replication:1,num_threads:128}",1
new1205000_1_adc.json.gz,365036,n,120,5000,LagrangeTemplate,highs,LTFarkas,1,1092,365035.0696,367075,0.555472315,365035.9167,0.84709787,834,5666,2528.580261,264.876109,2806.744041,1632886,645.7718686,12.28398436,1,0,"{timeout:-1,max_col_multiplier:1,age_limit:4,random_seed:0,replication:1,num_threads:20}",1
new1205000_10_eda.json.gz,282734,n,120,5000,LagrangeTemplate,highs,LTFarkas,1,8551,282733.0449,283939,0.424386928,282733.4568,0.411892635,841,5508,3170.516209,161.333627,3349.862385,4585594,1446.324099,4.459928533,1,0,"{timeout:-1,max_col_multiplier:1,age_limit:4,random_seed:0,replication:1,num_threads:128}",1
new1205000_11_aac.json.gz,81971,n,120,5000,LagrangeTemplate,highs,LTFarkas,1,654,81970.03294,82574,0.730254075,81970.27423,0.24129267,816,5126,826.999779,28.572226,860.911721,627502,758.7692475,8.11309911,1,0,"{timeout:-1,max_col_multiplier:1,age_limit:4,random_seed:0,replication:1,num_threads:128}",1
new1205000_12_eaa.json.gz,65371,n,120,5000,LagrangeTemplate,highs,LTFarkas,1,2,65371,65371,0,65371,3855250,120,240,0.022616,0.015236,0.933567,6670,294923.9476,27.79166667,1,0,"{timeout:-1,max_col_multiplier:1,age_limit:4,random_seed:0,replication:1,num_threads:128}",1
new1205000_13_eac.json.gz,58779,n,120,5000,LagrangeTemplate,highs,LTFarkas,1,640,58778.08698,58853,0.125737006,58778.78992,0.702935288,527,5331,367.648995,3.579812,375.42005,474323,1290.151766,6.212143022,1,0,"{timeout:-1,max_col_multiplier:1,age_limit:4,random_seed:0,replication:1,num_threads:128}",1
new1205000_14_aea.json.gz,16324,n,120,5000,LagrangeTemplate,highs,LTFarkas,1,1264,16323.06485,16650,1.957957958,16323.34671,0.281861375,1103,5494,2875.454918,366.653766,3248.761098,1828190,635.7915711,12.00132865,1,0,"{timeout:-1,max_col_multiplier:1,age_limit:4,random_seed:0,replication:1,num_threads:128}",1
new1205000_15_eea.json.gz,95085,n,120,5000,LagrangeTemplate,highs,LTFarkas,1,1631,95084.05632,96161,1.11895675,95084.52415,0.467826488,890,5459,1331.917499,39.764004,1379.32718,1150288,863.633071,5.850970541,1,0,"{timeout:-1,max_col_multiplier:1,age_limit:4,random_seed:0,replication:1,num_threads:128}",1
new1205000_16_eac.json.gz,60410,n,120,5000,LagrangeTemplate,highs,LTFarkas,1,967,60409.07386,60434,0.039712744,60409.80952,0.735656974,606,5411,338.010627,5.617745,346.924605,561105,1660.021772,4.875423096,1,0,"{timeout:-1,max_col_multiplier:1,age_limit:4,random_seed:0,replication:1,num_threads:128}",1
new1205000_17_aaa.json.gz,99182,n,120,5000,LagrangeTemplate,highs,LTFarkas,1,559,99181.06856,101158,1.953379861,99181.84593,0.777365141,830,5287,548.64936,14.08233,568.04079,509251,928.1902744,7.510843863,1,0,"{timeout:-1,max_col_multiplier:1,age_limit:4,random_seed:0,replication:1,num_threads:128}",1
new1205000_18_ada.json.gz,6804,n,120,5000,LagrangeTemplate,highs,LTFarkas,1,3940,6803.087053,7242,6.048053023,6803.256244,0.16919058,2880,6257,308356.3653,1022.509782,309391.0208,35711168,115.8113534,81.60134614,1,0,"{timeout:-1,max_col_multiplier:1,age_limit:4,random_seed:100,replication:1,num_threads:20}",1
new1205000_19_eec.json.gz,574023,n,120,5000,LagrangeTemplate,highs,LTFarkas,1,2024,574022.1877,574055,0.005574379,574022.2651,0.077494476,639,5326,5573.81547,99.499394,5700.052504,4637077,831.9394542,19.16175698,1,0,"{timeout:-1,max_col_multiplier:1,age_limit:4,random_seed:0,replication:1,num_threads:20}",1
new1205000_2_eac.json.gz,67554,n,120,5000,LagrangeTemplate,highs,LTFarkas,1,681,67553.12732,67652,0.144858984,67553.31046,0.183141442,528,5164,479.863297,7.820522,492.344544,628716,1310.198142,7.744655091,1,0,"{timeout:-1,max_col_multiplier:1,age_limit:4,random_seed:0,replication:1,num_threads:20}",1
new1205000_20_eea.json.gz,105081,n,120,5000,LagrangeTemplate,highs,LTFarkas,1,1775,105080.0407,106240,1.090926205,105080.4143,0.373597355,903,5544,1638.937507,67.590425,1715.749929,1369297,835.4784695,6.394045406,1,0,"{timeout:-1,max_col_multiplier:1,age_limit:4,random_seed:0,replication:1,num_threads:20}",1
new1205000_21_ada.json.gz,5093,n,120,5000,LagrangeTemplate,highs,LTFarkas,1,0,5093,5093,0,5093,0,0,0,1.25085,1.25085,1.151871,5000,,,1,0,"{timeout:-1,max_col_multiplier:1,age_limit:4,random_seed:0,replication:1,num_threads:20}",1
new1205000_22_eec.json.gz,814114,n,120,5000,LagrangeTemplate,highs,LTFarkas,1,1751,814113.0145,814154,0.004913075,814114,0.985507226,455,5277,3660.182676,95.615347,3790.355019,2827015,772.3699198,22.21127506,1,0,"{timeout:-1,max_col_multiplier:1,age_limit:4,random_seed:0,replication:1,num_threads:20}",1
new1205000_23_eda.json.gz,309218,n,120,5000,LagrangeTemplate,highs,LTFarkas,1,6566,309217.0047,310371,0.371490893,309217.0401,0.035400025,814,5312,5285.15648,242.44829,5546.144687,4145976,784.4566222,5.257139018,1,0,"{timeout:-1,max_col_multiplier:1,age_limit:4,random_seed:100,replication:1,num_threads:20}",1
new1205000_24_aec.json.gz,5000,n,120,5000,LagrangeTemplate,highs,LTFarkas,1,0,5000,5000,0,5000,0,0,0,1.292407,1.292407,1.200255,5000,,,1,0,"{timeout:-1,max_col_multiplier:1,age_limit:4,random_seed:0,replication:1,num_threads:20}",1
new1205000_25_aea.json.gz,5000,n,120,5000,LagrangeTemplate,highs,LTFarkas,1,0,5000,5000,0,5000,0,0,0,1.237785,1.237785,1.13809,5000,,,1,0,"{timeout:-1,max_col_multiplier:1,age_limit:4,random_seed:0,replication:1,num_threads:20}",1
new1205000_26_edc.json.gz,429008,n,120,5000,LagrangeTemplate,highs,LTFarkas,1,877,429008,429269,0.060801036,429008,261.0000014,473,6416,1728.274899,21.940241,1759.614937,988313,571.8494208,9.209436038,1,0,"{timeout:-1,max_col_multiplier:1,age_limit:4,random_seed:0,replication:1,num_threads:20}",1
new1205000_27_eac.json.gz,85590,n,120,5000,LagrangeTemplate,highs,LTFarkas,1,980,85589.15711,85705.99999,0.135346406,85589.75491,0.597804689,640,5150,474.603696,11.215481,489.693592,686565,1446.606939,5.868295995,1,0,"{timeout:-1,max_col_multiplier:1,age_limit:4,random_seed:0,replication:1,num_threads:20}",1
new1205000_28_aaa.json.gz,118040,n,120,5000,LagrangeTemplate,highs,LTFarkas,1,683,118039.2212,119075,0.869200084,118039.4516,0.23038325,860,5255,864.850222,36.008136,906.090041,873784,1010.329856,10.60540748,1,0,"{timeout:-1,max_col_multiplier:1,age_limit:4,random_seed:0,replication:1,num_threads:20}",1
new1205000_29_edc.json.gz,420147,n,120,5000,LagrangeTemplate,highs,LTFarkas,1,1120,420147,420645,0.118389616,420147,661.8465903,691,6382,2826.039042,29.22781,2863.136573,1351831,478.3483101,9.92105506,1,0,"{timeout:-1,max_col_multiplier:1,age_limit:4,random_seed:0,replication:1,num_threads:20}",1
new1205000_3_eaa.json.gz,57685,n,120,5000,LagrangeTemplate,highs,LTFarkas,1,13772,57684.05556,57685,2.52E-14,57685,0.944444444,120,5133,1182.743081,139.107236,1342.816755,4285795,3623.606064,2.602086007,1,0,"{timeout:-1,max_col_multiplier:1,age_limit:4,random_seed:0,replication:1,num_threads:20}",1
new1205000_30_edc.json.gz,419675,n,120,5000,LagrangeTemplate,highs,LTFarkas,1,1386,419675,420195,0.123752067,419675,191568.7678,1464,5913,3410.681441,34.355632,3453.440306,1507527,442.0017014,8.967425809,1,0,"{timeout:-1,max_col_multiplier:1,age_limit:4,random_seed:0,replication:1,num_threads:20}",1
new1205000_31_eac.json.gz,63316,n,120,5000,LagrangeTemplate,highs,LTFarkas,1,787,63315.04687,63421,0.165560303,63315.30248,0.255602896,593,5301,437.041557,9.238348,450.264264,551732,1262.424571,5.927930152,1,0,"{timeout:-1,max_col_multiplier:1,age_limit:4,random_seed:0,replication:1,num_threads:20}",1
new1205000_32_adc.json.gz,1906818,n,120,5000,LagrangeTemplate,highs,LTFarkas,1,1292,1906818,1912331,0.288286913,1906818,284.5000116,1005,6000,4132.361477,1228.775702,5371.79055,1465913,354.7397797,9.355323079,1,0,"{timeout:-1,max_col_multiplier:1,age_limit:4,random_seed:0,replication:1,num_threads:20}",1
new1205000_33_eac.json.gz,98840,n,120,5000,LagrangeTemplate,highs,LTFarkas,1,654,98839.21744,99210,0.372946276,98839.39981,0.182373703,543,5133,397.989785,6.963179,410.669814,496629,1247.843585,6.390112394,1,0,"{timeout:-1,max_col_multiplier:1,age_limit:4,random_seed:0,replication:1,num_threads:20}",1
new1205000_34_eda.json.gz,312045,n,120,5000,LagrangeTemplate,highs,LTFarkas,1,3729,312044.0318,313880,0.584618325,312044.8379,0.806119142,814,5909,2597.432865,136.952617,2746.17907,2305109,887.4566234,5.128717778,1,0,"{timeout:-1,max_col_multiplier:1,age_limit:4,random_seed:0,replication:1,num_threads:20}",1
new1205000_35_eac.json.gz,66722,n,120,5000,LagrangeTemplate,highs,LTFarkas,1,922,66721.00192,66768,0.068895279,66721.98827,0.986345613,589,5232,268.464482,10.276421,282.535023,490057,1825.407206,4.472405157,1,0,"{timeout:-1,max_col_multiplier:1,age_limit:4,random_seed:0,replication:1,num_threads:20}",1
new1205000_4_aec.json.gz,5000,n,120,5000,LagrangeTemplate,highs,LTFarkas,1,281,5000,5006,0.119856173,5000,2475,202,6217,85.588257,32.729599,128.046169,194676,2274.564372,5.369925533,1,0,"{timeout:-1,max_col_multiplier:1,age_limit:4,random_seed:0,replication:1,num_threads:20}",1
new1205000_5_adc.json.gz,1655922,n,120,5000,LagrangeTemplate,highs,LTFarkas,1,1538,1655921.043,1660092,0.251190898,1655921.671,0.628167764,1086,5885,7193.501321,1291.977301,8497.238847,2302154,320.0324706,12.39825915,1,0,"{timeout:-1,max_col_multiplier:1,age_limit:4,random_seed:600,replication:1,num_threads:20}",1
new1205000_6_aec.json.gz,80281,n,120,5000,LagrangeTemplate,highs,LTFarkas,1,1108,80280.10491,81335,1.295875084,80280.98102,0.876104453,927,5659,2335.968194,330.95827,2683.679661,1524097,652.4476677,11.30352745,1,0,"{timeout:-1,max_col_multiplier:1,age_limit:4,random_seed:0,replication:1,num_threads:20}",1
new1205000_7_eec.json.gz,568150,n,120,5000,LagrangeTemplate,highs,LTFarkas,1,1885,568149.0656,568226,0.01337496,568149.8333,0.767704599,626,5400,6623.588662,117.104598,6770.370942,4609392,695.9055333,21.17266443,1,0,"{timeout:-1,max_col_multiplier:1,age_limit:4,random_seed:0,replication:1,num_threads:20}",1
new1205000_8_aaa.json.gz,80443,n,120,5000,LagrangeTemplate,highs,LTFarkas,1,732,80442.08252,80909,0.575955703,80442.65215,0.569633995,850,5240,736.066504,39.175348,781.514418,869235,1180.919109,9.813652354,1,0,"{timeout:-1,max_col_multiplier:1,age_limit:4,random_seed:0,replication:1,num_threads:20}",1
new1205000_9_aac.json.gz,80770,n,120,5000,LagrangeTemplate,highs,LTFarkas,1,748,80769.20668,80930,0.197701718,80769.50501,0.298335682,692,5239,471.940292,36.659261,512.614517,564685,1196.517885,6.293192999,1,0,"{timeout:-1,max_col_multiplier:1,age_limit:4,random_seed:0,replication:1,num_threads:20}",1
new15900_0_aec.json.gz,2104,n,15,900,LagrangeTemplate,highs,LTFarkas,1,761,2103.071515,2130,1.220657275,2103.697946,0.626430963,124,1036,29.108638,86.458144,115.901079,66268,2276.575084,5.554988155,1,0,"{timeout:3600,max_col_multiplier:1,age_limit:6,random_seed:0,replication:1,num_threads:128}",1
new15900_1_edc.json.gz,77037,n,15,900,LagrangeTemplate,highs,LTFarkas,1,833,77036.03553,77063,0.033738629,77036.29003,0.254502243,71,958,21.069316,4.540172,25.831429,60818,2886.567366,4.777924232,1,0,"{timeout:3600,max_col_multiplier:1,age_limit:6,random_seed:0,replication:1,num_threads:128}",1
new15900_10_aaa.json.gz,151735,n,15,900,LagrangeTemplate,highs,LTFarkas,1,1091,151734.2012,152526,0.518600098,151734.7186,0.517387439,103,937,44.81826,55.25698,100.452943,91489,2041.333153,5.766087869,1,0,"{timeout:3600,max_col_multiplier:1,age_limit:6,random_seed:0,replication:1,num_threads:128}",1
new15900_11_eaa.json.gz,61447,n,15,900,LagrangeTemplate,highs,LTFarkas,1,253,61446.5,61447,0,61447,0.5,15,922,0.823421,0.318316,1.207546,2747,3336.082029,1.621083988,1,0,"{timeout:3600,max_col_multiplier:1,age_limit:6,random_seed:0,replication:1,num_threads:128}",1
new15900_12_ada.json.gz,176096,n,15,900,LagrangeTemplate,highs,LTFarkas,1,682,176096,176786,0.3903024,176096,165.0000001,124,1096,41.869713,114.903531,157.073977,43391,1036.333829,3.947185697,1,0,"{timeout:3600,max_col_multiplier:1,age_limit:6,random_seed:0,replication:1,num_threads:128}",1
new15900_13_ada.json.gz,48369,n,15,900,LagrangeTemplate,highs,LTFarkas,1,964,48368.00679,48720,0.72044335,48368.11492,0.108125368,143,1010,42.938893,68.502418,111.798808,61447,1431.033632,4.093721197,1,0,"{timeout:3600,max_col_multiplier:1,age_limit:6,random_seed:0,replication:1,num_threads:128}",1
new15900_14_adc.json.gz,263992,n,15,900,LagrangeTemplate,highs,LTFarkas,1,989,263991.116,264866,0.329978178,263991.9463,0.830327977,156,1030,66.385006,152.92711,219.697134,64209,967.2214235,4.138780727,1,0,"{timeout:3600,max_col_multiplier:1,age_limit:6,random_seed:0,replication:1,num_threads:128}",1
new15900_15_eea.json.gz,32932,n,15,900,LagrangeTemplate,highs,LTFarkas,1,827,32931.07296,33204,0.819178412,32931.79185,0.718897152,106,1041,23.602421,10.112249,33.951625,43207,1830.617291,3.342849545,1,0,"{timeout:3600,max_col_multiplier:1,age_limit:6,random_seed:0,replication:1,num_threads:128}",1
new15900_16_eaa.json.gz,61021,n,15,900,LagrangeTemplate,highs,LTFarkas,1,0,61021,61021,0,61021,0,0,0,0.040301,0.040301,0.02849,900,,,1,0,"{timeout:3600,max_col_multiplier:1,age_limit:6,random_seed:0,replication:1,num_threads:128}",1
new15900_17_eac.json.gz,38730,n,15,900,LagrangeTemplate,highs,LTFarkas,1,702,38729.05262,38781,0.131507697,38729.32227,0.269648386,83,922,13.82728,1.640396,15.614899,28615,2069.459793,2.774146763,1,0,"{timeout:3600,max_col_multiplier:1,age_limit:6,random_seed:0,replication:1,num_threads:128}",1
new15900_18_edc.json.gz,78171,n,15,900,LagrangeTemplate,highs,LTFarkas,1,959,78170.03657,78175,0.005116721,78170.84894,0.81236182,80,990,29.619212,4.887889,34.760866,77683,2622.723386,5.264120331,1,0,"{timeout:3600,max_col_multiplier:1,age_limit:6,random_seed:0,replication:1,num_threads:128}",1
new15900_19_eda.json.gz,63163,n,15,900,LagrangeTemplate,highs,LTFarkas,1,1107,63162.07786,63236,0.115440572,63162.89972,0.821866872,89,1054,30.27399,11.122976,41.674556,58390,1928.718349,3.418139049,1,0,"{timeout:3600,max_col_multiplier:1,age_limit:6,random_seed:0,replication:1,num_threads:128}",1
new15900_2_edc.json.gz,79351,n,15,900,LagrangeTemplate,highs,LTFarkas,1,795,79350.00912,79402,0.06423012,79350.02763,0.018508584,77,956,18.005844,3.369383,21.586884,38339,2129.253147,3.116380377,1,0,"{timeout:3600,max_col_multiplier:1,age_limit:6,random_seed:0,replication:1,num_threads:128}",1
new15900_20_aec.json.gz,1281,n,15,900,LagrangeTemplate,highs,LTFarkas,1,648,1280.022626,1301,1.537279016,1280.776765,0.754139491,118,1063,24.292644,61.323108,85.946696,43076,1773.211677,4.142431717,1,0,"{timeout:3600,max_col_multiplier:1,age_limit:6,random_seed:0,replication:1,num_threads:128}",1
new15900_21_eaa.json.gz,37895,n,15,900,LagrangeTemplate,highs,LTFarkas,1,159,37894.5,37895,0,37895,0.5,15,926,0.428726,0.167322,0.640956,2219,5175.799928,1.37881891,1,0,"{timeout:3600,max_col_multiplier:1,age_limit:6,random_seed:0,replication:1,num_threads:128}",1
new15900_22_aaa.json.gz,77953,n,15,900,LagrangeTemplate,highs,LTFarkas,1,678,77952.0974,78622.99998,0.85216791,77952.7245,0.627100641,110,953,23.471505,32.616481,56.341844,42050,1791.534032,3.946795602,1,0,"{timeout:3600,max_col_multiplier:1,age_limit:6,random_seed:0,replication:1,num_threads:128}",1
new15900_23_aac.json.gz,47664,n,15,900,LagrangeTemplate,highs,LTFarkas,1,910,47663.01062,47705.99999,0.088039216,47663.09444,0.083823519,96,922,30.694877,29.011445,60.04727,72987,2377.823505,5.247318591,1,0,"{timeout:3600,max_col_multiplier:1,age_limit:6,random_seed:0,replication:1,num_threads:128}",1
new15900_24_edc.json.gz,78852,n,15,900,LagrangeTemplate,highs,LTFarkas,1,754,78851.01626,78869,0.02155473,78851.68382,0.667568299,60,995,20.263133,3.438338,23.907039,59049,2914.110074,5.097792695,1,0,"{timeout:3600,max_col_multiplier:1,age_limit:6,random_seed:0,replication:1,num_threads:128}",1
new15900_25_ada.json.gz,112288,n,15,900,LagrangeTemplate,highs,LTFarkas,1,913,112287.0108,112653,0.324003799,112287.2653,0.254467482,149,1064,49.259535,75.428174,125.049845,62743,1273.722945,4.374373256,1,0,"{timeout:3600,max_col_multiplier:1,age_limit:6,random_seed:0,replication:1,num_threads:128}",1
new15900_26_adc.json.gz,105234,n,15,900,LagrangeTemplate,highs,LTFarkas,1,985,105233.0014,105529,0.279544012,105233.0063,0.004918342,132,922,52.443256,95.622044,148.415982,66853,1274.768294,4.378035354,1,0,"{timeout:3600,max_col_multiplier:1,age_limit:6,random_seed:0,replication:1,num_threads:128}",1
new15900_27_aec.json.gz,25932,n,15,900,LagrangeTemplate,highs,LTFarkas,1,737,25931.01547,26241,1.177546587,25931.37979,0.364317244,116,964,30.982864,35.319877,66.657732,43891,1416.621782,3.598508997,1,0,"{timeout:3600,max_col_multiplier:1,age_limit:6,random_seed:0,replication:1,num_threads:128}",1
new15900_28_eea.json.gz,37626,n,15,900,LagrangeTemplate,highs,LTFarkas,1,793,37625.12349,37901,0.725574523,37625.69646,0.572971093,109,1007,20.670576,10.601217,31.560245,34239,1656.412477,2.725310986,1,0,"{timeout:3600,max_col_multiplier:1,age_limit:6,random_seed:0,replication:1,num_threads:128}",1
new15900_29_adc.json.gz,346388,n,15,900,LagrangeTemplate,highs,LTFarkas,1,884,346387.0921,347485,0.31569708,346387.1754,0.083229408,139,971,47.225626,92.35562,139.907332,60977,1291.184578,4.398462286,1,0,"{timeout:3600,max_col_multiplier:1,age_limit:6,random_seed:0,replication:1,num_threads:128}",1
new15900_3_adc.json.gz,133683,n,15,900,LagrangeTemplate,highs,LTFarkas,1,838,133682.0042,134142,0.34217471,133682.2,0.195828147,118,953,37.953354,41.872232,80.145478,56245,1481.950712,4.247729121,1,0,"{timeout:3600,max_col_multiplier:1,age_limit:6,random_seed:0,replication:1,num_threads:128}",1
new15900_30_eaa.json.gz,32452,n,15,900,LagrangeTemplate,highs,LTFarkas,1,0,32452,32452,0,32452,0,0,0,0.035775,0.035775,0.025101,900,,,1,0,"{timeout:3600,max_col_multiplier:1,age_limit:6,random_seed:0,replication:1,num_threads:128}",1
new15900_31_aac.json.gz,211212,n,15,900,LagrangeTemplate,highs,LTFarkas,1,638,211211.979,213191,0.928275584,211211.9942,0.015192278,105,923,22.84277,45.918456,69.074762,35486,1553.489354,3.445707871,1,0,"{timeout:3600,max_col_multiplier:1,age_limit:6,random_seed:0,replication:1,num_threads:128}",1
new15900_32_edc.json.gz,76177,n,15,900,LagrangeTemplate,highs,LTFarkas,1,826,76176.04551,76201,0.031495646,76176.39301,0.347496169,89,1042,25.766837,4.847051,30.860588,60079,2331.640473,4.688389839,1,0,"{timeout:3600,max_col_multiplier:1,age_limit:6,random_seed:0,replication:1,num_threads:128}",1
new15900_33_aaa.json.gz,87301,n,15,900,LagrangeTemplate,highs,LTFarkas,1,654,87300.05245,87807,0.576263848,87300.76331,0.710863519,105,922,18.667159,17.159308,36.076754,42084,2254.440539,4.131166153,1,0,"{timeout:3600,max_col_multiplier:1,age_limit:6,random_seed:0,replication:1,num_threads:128}",1
new15900_34_eaa.json.gz,33448,n,15,900,LagrangeTemplate,highs,LTFarkas,1,548,33447.004,33448,1.65E-12,33448,0.995997611,15,980,4.978955,1.209591,6.308497,17028,3419.994758,2.422005029,1,0,"{timeout:3600,max_col_multiplier:1,age_limit:6,random_seed:0,replication:1,num_threads:128}",1
new15900_35_edc.json.gz,77158,n,15,900,LagrangeTemplate,highs,LTFarkas,1,1277,77157.10393,77173.99999,0.02073236,77157.59206,0.488124236,88,1011,66.273413,7.723912,74.316974,185062,2792.401834,9.572768647,1,0,"{timeout:3600,max_col_multiplier:1,age_limit:6,random_seed:0,replication:1,num_threads:128}",1
new15900_4_eea.json.gz,40891,n,15,900,LagrangeTemplate,highs,LTFarkas,1,828,40890.01852,41111,0.535136581,40890.41294,0.394415267,95,987,21.745599,11.735106,33.760137,47381,2178.877666,3.657608719,1,0,"{timeout:3600,max_col_multiplier:1,age_limit:6,random_seed:0,replication:1,num_threads:128}",1
new15900_5_adc.json.gz,161078,n,15,900,LagrangeTemplate,highs,LTFarkas,1,902,161077.0697,161807,0.450536751,161077.7191,0.649444761,146,1022,52.905514,132.075445,185.338994,59802,1130.354768,4.192815632,1,0,"{timeout:3600,max_col_multiplier:1,age_limit:6,random_seed:0,replication:1,num_threads:128}",1
new15900_6_eea.json.gz,31873,n,15,900,LagrangeTemplate,highs,LTFarkas,1,825,31872.06194,32075,0.629773967,31872.81495,0.753006242,96,990,22.168716,9.707405,32.092251,60291,2719.643303,4.734199114,1,0,"{timeout:3600,max_col_multiplier:1,age_limit:6,random_seed:0,replication:1,num_threads:128}",1
new15900_7_eea.json.gz,42187,n,15,900,LagrangeTemplate,highs,LTFarkas,1,783,42186.02678,42432,0.577394419,42186.65027,0.623491738,99,948,20.256518,10.118275,30.621525,40552,2001.923529,3.275930501,1,0,"{timeout:3600,max_col_multiplier:1,age_limit:6,random_seed:0,replication:1,num_threads:128}",1
new15900_9_eaa.json.gz,54249,n,15,900,LagrangeTemplate,highs,LTFarkas,1,297,54249,54254,0.00921591,54249,0,25,927,1.063907,0.493144,1.616281,3472,3263.443139,1.532383357,1,0,"{timeout:3600,max_col_multiplier:1,age_limit:6,random_seed:0,replication:1,num_threads:128}",1
new1603200_0_aac.json.gz,42650,n,160,3200,LagrangeTemplate,highs,LTFarkas,1,494,42649.07015,43079,0.995844843,42649.21914,0.148990544,1043,3404,147.508589,18.116325,173.403095,527646,3577.052723,6.522295547,1,0,"{timeout:3600,max_col_multiplier:1,age_limit:2,random_seed:0,replication:1,num_threads:128}",1
new1603200_0_aea.json.gz,17053,n,160,3200,LagrangeTemplate,highs,LTFarkas,1,577,17053,17053,0,17053,2822.928571,160,3552,9.192387,6.011773,17.36296,42835,4659.834274,0.40319409,1,0,"{timeout:3600,max_col_multiplier:1,age_limit:2,random_seed:0,replication:1,num_threads:128}",1
new1603200_1_aac.json.gz,41851,n,160,3200,LagrangeTemplate,highs,LTFarkas,1,404,41850.02167,42060,0.496909177,41850.07745,0.055774392,845,3365,69.608201,5.3114,79.503122,286096,4110.090419,4.554270947,1,0,"{timeout:3600,max_col_multiplier:1,age_limit:2,random_seed:0,replication:1,num_threads:128}",1
new1603200_1_adc.json.gz,288200,n,160,3200,LagrangeTemplate,highs,LTFarkas,1,1063,288200,291619,1.172420178,288200,123.0000015,1228,3963,278.681898,304.454276,596.159181,739732,2654.395586,4.256515198,1,0,"{timeout:3600,max_col_multiplier:1,age_limit:2,random_seed:0,replication:1,num_threads:128}",1
new1603200_10_ada.json.gz,204482,n,160,3200,LagrangeTemplate,highs,LTFarkas,1,1003,204482,212319,3.691143986,204482,32.20000204,1442,4019,518.653691,2076.607808,2607.449485,955407,1842.090429,5.855010117,1,0,"{timeout:3600,max_col_multiplier:1,age_limit:2,random_seed:0,replication:1,num_threads:128}",1
new1603200_10_eea.json.gz,49925,n,160,3200,LagrangeTemplate,highs,LTFarkas,1,1433,49924.11511,50986,2.080963402,49924.50945,0.394334708,1174,3523,175.555302,19.080617,202.472479,697277,3971.836749,3.036938098,1,0,"{timeout:3600,max_col_multiplier:1,age_limit:2,random_seed:0,replication:1,num_threads:128}",1
new1603200_11_aea.json.gz,3200,n,160,3200,LagrangeTemplate,highs,LTFarkas,1,0,3200,3200,0,3200,0,0,0,1.149923,1.149923,1.036919,3200,,,1,0,"{timeout:3600,max_col_multiplier:1,age_limit:2,random_seed:0,replication:1,num_threads:128}",1
new1603200_11_edc.json.gz,275415,n,160,3200,LagrangeTemplate,highs,LTFarkas,1,440,275415,275636,0.080178206,275415,25882.50001,673,4123,77.27613,3.880744,88.784151,248213,3212.026793,3.352862806,1,0,"{timeout:3600,max_col_multiplier:1,age_limit:2,random_seed:0,replication:1,num_threads:128}",1
new1603200_12_ada.json.gz,5206,n,160,3200,LagrangeTemplate,highs,LTFarkas,1,660,5206,5213,0.134279685,5206,74.375,376,3783,51.751898,98.176989,152.837304,246133,4756.018803,2.30167216,1,0,"{timeout:3600,max_col_multiplier:1,age_limit:2,random_seed:0,replication:1,num_threads:128}",1
new1603200_12_eec.json.gz,479680,n,160,3200,LagrangeTemplate,highs,LTFarkas,1,1626,479679.1954,479734,0.011256238,479679.767,0.571598544,901,3387,779.535506,41.872448,853.420642,1876774,2407.554224,7.179371883,1,0,"{timeout:3600,max_col_multiplier:1,age_limit:2,random_seed:0,replication:1,num_threads:128}",1
new1603200_13_ada.json.gz,3224,n,160,3200,LagrangeTemplate,highs,LTFarkas,1,0,3224,3224,0,3224,0,0,0,1.14583,1.14583,1.028131,3200,,,1,0,"{timeout:3600,max_col_multiplier:1,age_limit:2,random_seed:0,replication:1,num_threads:128}",1
new1603200_13_aea.json.gz,3200,n,160,3200,LagrangeTemplate,highs,LTFarkas,1,0,3200,3200,0,3200,0,0,0,1.150503,1.150503,1.038823,3200,,,1,0,"{timeout:3600,max_col_multiplier:1,age_limit:2,random_seed:0,replication:1,num_threads:128}",1
new1603200_14_aac.json.gz,129199,n,160,3200,LagrangeTemplate,highs,LTFarkas,1,381,129198.0052,136514,5.358424777,129198.0052,0,1020,3362,108.071553,25.870268,143.113289,410110,3794.800654,6.664212156,1,0,"{timeout:3600,max_col_multiplier:1,age_limit:2,random_seed:0,replication:1,num_threads:128}",1
new1603200_14_eac.json.gz,38679,n,160,3200,LagrangeTemplate,highs,LTFarkas,1,552,38678.51707,38706,0.069756627,38678.86562,0.348548571,594,3403,37.934689,2.668735,43.501737,197423,5204.286768,2.321004013,1,0,"{timeout:3600,max_col_multiplier:1,age_limit:2,random_seed:0,replication:1,num_threads:128}",1
new1603200_15_eec.json.gz,493996,n,160,3200,LagrangeTemplate,highs,LTFarkas,1,1354,493995.6,494007,0.002226689,493995.6,0,373,3366,329.206654,32.557848,392.26393,1083472,3291.160694,5.032005894,1,0,"{timeout:3600,max_col_multiplier:1,age_limit:2,random_seed:0,replication:1,num_threads:128}",1
new1603200_16_eac.json.gz,40193,n,160,3200,LagrangeTemplate,highs,LTFarkas,1,382,40192.07084,40323,0.322396647,40192.2616,0.190757206,698,3390,40.85228,1.826841,45.853308,196560,4811.481758,3.306334395,1,0,"{timeout:3600,max_col_multiplier:1,age_limit:2,random_seed:0,replication:1,num_threads:128}",1
new1603200_16_eda.json.gz,173299,n,160,3200,LagrangeTemplate,highs,LTFarkas,1,4596,173298.0168,174142,0.484087699,173298.3658,0.349092458,1057,3496,467.511151,105.17732,586.182132,1684962,3604.110825,2.288475069,1,0,"{timeout:3600,max_col_multiplier:1,age_limit:2,random_seed:0,replication:1,num_threads:128}",1
new1603200_17_eac.json.gz,33363,n,160,3200,LagrangeTemplate,highs,LTFarkas,1,490,33362.09262,33387,0.071884266,33362.90537,0.812746236,737,3617,52.374514,2.340789,58.082058,243844,4655.775899,3.120024591,1,0,"{timeout:3600,max_col_multiplier:1,age_limit:2,random_seed:0,replication:1,num_threads:128}",1
new1603200_17_eda.json.gz,166234,n,160,3200,LagrangeTemplate,highs,LTFarkas,1,3385,166233.0792,167238,0.600342027,166233.9749,0.895673739,1061,3640,397.466016,78.575483,486.945865,1410798,3549.480819,2.601411608,1,0,"{timeout:3600,max_col_multiplier:1,age_limit:2,random_seed:0,replication:1,num_threads:128}",1
new1603200_18_eda.json.gz,163108,n,160,3200,LagrangeTemplate,highs,LTFarkas,1,3574,163107.2661,164333,0.745437618,163107.5488,0.28267105,1059,3533,409.693032,89.002049,510.198834,1399689,3416.433502,2.447530354,1,0,"{timeout:3600,max_col_multiplier:1,age_limit:2,random_seed:0,replication:1,num_threads:128}",1
new1603200_18_edc.json.gz,269799,n,160,3200,LagrangeTemplate,highs,LTFarkas,1,642,269799,270119,0.118466306,269799,452.7830776,836,4179,124.680707,6.146856,138.913239,369214,2961.276118,3.492077979,1,0,"{timeout:3600,max_col_multiplier:1,age_limit:2,random_seed:0,replication:1,num_threads:128}",1
new1603200_19_adc.json.gz,505353,n,160,3200,LagrangeTemplate,highs,LTFarkas,1,653,505353,510223,0.954484608,505353,612.5000016,1301,4273,264.351843,482.220556,756.300528,593479,2245.034471,5.519970562,1,0,"{timeout:3600,max_col_multiplier:1,age_limit:2,random_seed:0,replication:1,num_threads:128}",1
new1603200_19_eec.json.gz,363636,n,160,3200,LagrangeTemplate,highs,LTFarkas,1,1579,363635.4,363657,0.005774672,363636,0.599999997,353,3590,613.642205,56.156998,698.820943,1637604,2668.662596,7.033758127,1,0,"{timeout:3600,max_col_multiplier:1,age_limit:2,random_seed:0,replication:1,num_threads:128}",1
new1603200_2_edc.json.gz,264237,n,160,3200,LagrangeTemplate,highs,LTFarkas,1,955,264237,264604,0.138697827,264237,471.9000024,921,4189,204.076528,9.340764,222.307657,556544,2727.133813,3.564327275,1,0,"{timeout:3600,max_col_multiplier:1,age_limit:2,random_seed:0,replication:1,num_threads:128}",1
new1603200_2_eea.json.gz,47506,n,160,3200,LagrangeTemplate,highs,LTFarkas,1,1412,47505.03745,48426,1.899805889,47505.0929,0.055449882,1129,3474,174.141276,18.118692,199.537078,704804,4047.311563,3.123381681,1,0,"{timeout:3600,max_col_multiplier:1,age_limit:2,random_seed:0,replication:1,num_threads:128}",1
new1603200_20_aac.json.gz,46413,n,160,3200,LagrangeTemplate,highs,LTFarkas,1,433,46412.10571,46511,0.210702844,46412.54462,0.438908335,735,3398,47.855016,14.292085,65.349459,229083,4787.021699,3.359728344,1,0,"{timeout:3600,max_col_multiplier:1,age_limit:2,random_seed:0,replication:1,num_threads:128}",1
new1603200_20_eaa.json.gz,43665,n,160,3200,LagrangeTemplate,highs,LTFarkas,1,19097,43664.16667,43665,0,43665,0.833333333,160,3366,813.986315,111.114205,958.671266,4112181,5051.904343,1.347659754,1,0,"{timeout:3600,max_col_multiplier:1,age_limit:2,random_seed:0,replication:1,num_threads:128}",1
new1603200_21_eda.json.gz,149449,n,160,3200,LagrangeTemplate,highs,LTFarkas,1,2856,149448.1667,150696,0.827493762,149448.8102,0.64349857,1089,3447,292.238493,53.282718,354.749867,1104306,3778.783516,2.427162602,1,0,"{timeout:3600,max_col_multiplier:1,age_limit:2,random_seed:0,replication:1,num_threads:128}",1
new1603200_22_aea.json.gz,3200,n,160,3200,LagrangeTemplate,highs,LTFarkas,1,0,3200,3200,0,3200,0,0,0,1.157643,1.157643,1.040826,3200,,,1,0,"{timeout:3600,max_col_multiplier:1,age_limit:2,random_seed:0,replication:1,num_threads:128}",1
new1603200_22_eea.json.gz,60314,n,160,3200,LagrangeTemplate,highs,LTFarkas,1,1405,60313.09164,61431,1.818300207,60313.74128,0.649644462,1151,3555,203.532954,20.609434,233.473958,773972,3802.686419,3.446090624,1,0,"{timeout:3600,max_col_multiplier:1,age_limit:2,random_seed:0,replication:1,num_threads:128}",1
new1603200_23_adc.json.gz,1024508,n,160,3200,LagrangeTemplate,highs,LTFarkas,1,805,1024508,1031277,0.656370694,1024508,689.2000072,1324,4037,333.782189,930.959549,1276.092892,683362,2047.329134,5.208890414,1,0,"{timeout:3600,max_col_multiplier:1,age_limit:2,random_seed:0,replication:1,num_threads:128}",1
new1603200_23_aec.json.gz,50376,n,160,3200,LagrangeTemplate,highs,LTFarkas,1,651,50375.13786,51941,3.013034019,50375.44561,0.307742041,1143,3510,223.782212,185.490293,423.706678,763514,3411.861887,7.18386933,1,0,"{timeout:3600,max_col_multiplier:1,age_limit:2,random_seed:0,replication:1,num_threads:128}",1
new1603200_24_aec.json.gz,64754,n,160,3200,LagrangeTemplate,highs,LTFarkas,1,574,64753.09984,66520,2.654840649,64753.35543,0.255585049,1135,3509,249.100174,156.951906,423.817414,721323,2895.714557,7.809028721,1,0,"{timeout:3600,max_col_multiplier:1,age_limit:2,random_seed:0,replication:1,num_threads:128}",1
new1603200_24_eac.json.gz,39223,n,160,3200,LagrangeTemplate,highs,LTFarkas,1,455,39222.03661,39257,0.086608758,39222.65669,0.620077954,669,3391,39.023141,2.230517,44.255732,198157,5077.935679,2.783530714,1,0,"{timeout:3600,max_col_multiplier:1,age_limit:2,random_seed:0,replication:1,num_threads:128}",1
new1603200_25_aaa.json.gz,57225,n,160,3200,LagrangeTemplate,highs,LTFarkas,1,311,57224.19494,57930,1.216986018,57224.24163,0.046688953,856,3376,50.434313,6.274317,60.405181,226972,4500.3488,4.553004643,1,0,"{timeout:3600,max_col_multiplier:1,age_limit:2,random_seed:0,replication:1,num_threads:128}",1
new1603200_25_adc.json.gz,1033557,n,160,3200,LagrangeTemplate,highs,LTFarkas,1,717,1033557,1040920,0.707355032,1033557,139.5000125,1395,4089,356.565675,796.340315,1163.057297,702905,1971.31987,5.9990792,1,0,"{timeout:3600,max_col_multiplier:1,age_limit:2,random_seed:0,replication:1,num_threads:128}",1
new1603200_26_eaa.json.gz,36514,n,160,3200,LagrangeTemplate,highs,LTFarkas,1,19974,36513.3,36514,0,36514,0.7,160,3366,786.947199,108.241616,930.047369,4095740,5204.593148,1.281353603,1,0,"{timeout:3600,max_col_multiplier:1,age_limit:2,random_seed:0,replication:1,num_threads:128}",1
new1603200_26_eac.json.gz,47444,n,160,3200,LagrangeTemplate,highs,LTFarkas,1,445,47443.05335,47520,0.15993266,47443.18255,0.129200957,685,3370,39.628266,2.147759,44.689785,196525,4959.212699,2.850085622,1,0,"{timeout:3600,max_col_multiplier:1,age_limit:2,random_seed:0,replication:1,num_threads:128}",1
new1603200_27_aaa.json.gz,58130,n,160,3200,LagrangeTemplate,highs,LTFarkas,1,377,58129.03715,59049,1.55633457,58129.47433,0.437173634,953,3368,86.321974,7.560822,98.521738,352406,4082.459931,5.808355612,1,0,"{timeout:3600,max_col_multiplier:1,age_limit:2,random_seed:0,replication:1,num_threads:128}",1
new1603200_27_eec.json.gz,532113,n,160,3200,LagrangeTemplate,highs,LTFarkas,1,1468,532112.5583,532153,0.007516635,532113,0.441666668,328,3615,558.726232,36.216072,626.726801,1504554,2692.828641,6.604396999,1,0,"{timeout:3600,max_col_multiplier:1,age_limit:2,random_seed:0,replication:1,num_threads:128}",1
new1603200_28_adc.json.gz,453625,n,160,3200,LagrangeTemplate,highs,LTFarkas,1,686,453625,458239,1.006898147,453625,780.0000014,1234,4215,255.141872,574.38456,840.667802,559626,2193.391448,4.955720082,1,0,"{timeout:3600,max_col_multiplier:1,age_limit:2,random_seed:200,replication:1,num_threads:128}",1
new1603200_28_eec.json.gz,750289,n,160,3200,LagrangeTemplate,highs,LTFarkas,1,1107,750289,750329,0.005330995,750289,0,416,3457,419.826726,21.612072,471.762635,1133791,2700.61654,6.562959079,1,0,"{timeout:3600,max_col_multiplier:1,age_limit:2,random_seed:0,replication:1,num_threads:128}",1
new1603200_29_aea.json.gz,3200,n,160,3200,LagrangeTemplate,highs,LTFarkas,1,0,3200,3200,0,3200,0,0,0,1.169855,1.169855,1.052819,3200,,,1,0,"{timeout:3600,max_col_multiplier:1,age_limit:2,random_seed:0,replication:1,num_threads:128}",1
new1603200_29_eea.json.gz,60281,n,160,3200,LagrangeTemplate,highs,LTFarkas,1,1449,60280.09537,61840,2.521021992,60280.76474,0.669371967,1157,3575,221.868627,21.31408,252.367091,818186,3687.704797,3.519810959,1,0,"{timeout:3600,max_col_multiplier:1,age_limit:2,random_seed:0,replication:1,num_threads:128}",1
new1603200_3_eaa.json.gz,37928,n,160,3200,LagrangeTemplate,highs,MTFarkas,1,97,37927.10714,37928,0,37928,303.25,160,3532,0.636639,0.827291,2.532469,11460,18000.78223,0.518137492,1,0,"{timeout:-1,max_col_multiplier:1,age_limit:2,random_seed:0,replication:1,num_threads:128}",1
new1603200_3_eec.json.gz,372436,n,160,3200,LagrangeTemplate,highs,LTFarkas,1,1247,372435.4697,372500,0.017181208,372435.5227,0.053030327,594,3418,473.026246,39.561585,541.221517,1401225,2962.256348,6.976981597,1,0,"{timeout:3600,max_col_multiplier:1,age_limit:2,random_seed:0,replication:1,num_threads:128}",1
new1603200_30_eaa.json.gz,32734,n,160,3200,LagrangeTemplate,highs,LTFarkas,1,0,32734,32734,0,32734,0,0,0,1.155437,1.155436,1.042085,3200,,,1,0,"{timeout:3600,max_col_multiplier:1,age_limit:2,random_seed:0,replication:1,num_threads:128}",1
new1603200_30_eec.json.gz,472497,n,160,3200,LagrangeTemplate,highs,LTFarkas,1,2149,472496.6667,472507,0.002116371,472497,0.333333356,560,3491,875.233506,58.484266,964.152037,2140933,2446.127788,6.405507455,1,0,"{timeout:3600,max_col_multiplier:1,age_limit:2,random_seed:0,replication:1,num_threads:128}",1
new1603200_31_ada.json.gz,208002,n,160,3200,LagrangeTemplate,highs,LTFarkas,1,935,208002,215541,3.497710412,208002,171.1250125,1422,4111,432.474869,1579.137308,2021.915384,838336,1938.46177,5.506582063,1,0,"{timeout:3600,max_col_multiplier:1,age_limit:2,random_seed:0,replication:1,num_threads:128}",1
new1603200_31_aec.json.gz,45037,n,160,3200,LagrangeTemplate,highs,LTFarkas,1,533,45036.1883,46650,3.457663451,45036.7224,0.534099315,1191,3664,258.5368,194.031391,471.139939,786966,3043.922567,8.784502166,1,0,"{timeout:3600,max_col_multiplier:1,age_limit:2,random_seed:0,replication:1,num_threads:128}",1
new1603200_32_ada.json.gz,145009,n,160,3200,LagrangeTemplate,highs,LTFarkas,1,1504,145008.1001,153229,5.364519771,145008.4688,0.3687947,1553,3727,775.555847,2123.111866,2908.54368,1528950,1971.424761,6.336076329,1,0,"{timeout:3600,max_col_multiplier:1,age_limit:2,random_seed:0,replication:1,num_threads:128}",1
new1603200_32_eda.json.gz,186083,n,160,3200,LagrangeTemplate,highs,LTFarkas,1,2921,186082.026,187629,0.823966444,186082.0587,0.032667497,1031,3418,358.705035,70.985559,440.924034,1305705,3640.052056,2.802780354,1,0,"{timeout:3600,max_col_multiplier:1,age_limit:2,random_seed:0,replication:1,num_threads:128}",1
new1603200_33_ada.json.gz,4110,n,160,3200,LagrangeTemplate,highs,LTFarkas,1,499,4110,4116,0.145772595,4110,1146.270143,162,3504,27.473855,49.234156,78.939527,147728,5377.039371,1.769633213,1,0,"{timeout:3600,max_col_multiplier:1,age_limit:2,random_seed:0,replication:1,num_threads:128}",1
new1603200_33_eac.json.gz,50570,n,160,3200,LagrangeTemplate,highs,LTFarkas,1,351,50569.28218,50731,0.317360194,50569.47927,0.197089125,729,3428,50.800215,1.722456,56.436499,213126,4195.375945,3.860328308,1,0,"{timeout:3600,max_col_multiplier:1,age_limit:2,random_seed:0,replication:1,num_threads:128}",1
new1603200_34_aaa.json.gz,49913,n,160,3200,LagrangeTemplate,highs,LTFarkas,1,422,49912.0561,50059,0.291655846,49912.09201,0.035918236,780,3363,45.086956,11.6714,60.008424,216652,4805.203527,3.313306229,1,0,"{timeout:3600,max_col_multiplier:1,age_limit:2,random_seed:0,replication:1,num_threads:128}",1
new1603200_34_ada.json.gz,57164,n,160,3200,LagrangeTemplate,highs,LTFarkas,1,1249,57163.03912,59889,4.550084323,57163.08102,0.041906076,1275,3430,530.903814,1852.751489,2395.457492,1212117,2283.119782,6.059750141,1,0,"{timeout:3600,max_col_multiplier:1,age_limit:2,random_seed:0,replication:1,num_threads:128}",1
new1603200_35_aaa.json.gz,45112,n,160,3200,LagrangeTemplate,highs,LTFarkas,1,387,45111.01645,45305,0.426001545,45111.68609,0.669643228,787,3473,51.178013,9.68371,64.52611,245624,4799.404776,3.997545528,1,0,"{timeout:3600,max_col_multiplier:1,age_limit:2,random_seed:0,replication:1,num_threads:128}",1
new1603200_35_eda.json.gz,167334,n,160,3200,LagrangeTemplate,highs,LTFarkas,1,3353,167333.2192,168304,0.576338055,167333.4338,0.214576503,1060,3547,335.751134,74.854322,421.982931,1266875,3773.256057,2.360197402,1,0,"{timeout:3600,max_col_multiplier:1,age_limit:2,random_seed:0,replication:1,num_threads:128}",1
new1603200_4_aac.json.gz,54472,n,160,3200,LagrangeTemplate,highs,LTFarkas,1,346,54471.03245,55784,2.351928868,54471.20472,0.172262742,979,3438,73.527309,7.944838,86.840519,315584,4292.065143,5.634140198,1,0,"{timeout:3600,max_col_multiplier:1,age_limit:2,random_seed:0,replication:1,num_threads:128}",1
new1603200_4_edc.json.gz,272403,n,160,3200,LagrangeTemplate,highs,LTFarkas,1,480,272403,272736,0.122096093,272403,202.0000015,799,4080,98.689486,4.494445,110.757739,292283,2961.642743,3.643992181,1,0,"{timeout:3600,max_col_multiplier:1,age_limit:2,random_seed:0,replication:1,num_threads:128}",1
new1603200_5_adc.json.gz,709939,n,160,3200,LagrangeTemplate,highs,LTFarkas,1,730,709939,716237,0.879317879,709939,180.0000031,1323,4042,282.327766,801.21655,1093.76758,611307,2165.238682,5.107087919,1,0,"{timeout:3600,max_col_multiplier:1,age_limit:2,random_seed:0,replication:1,num_threads:128}",1
new1603200_5_eac.json.gz,46492,n,160,3200,LagrangeTemplate,highs,LTFarkas,1,520,46491.07661,46569,0.165346046,46491.48009,0.40348442,672,3404,39.039718,2.49549,44.526873,198658,5088.612577,2.515397928,1,0,"{timeout:3600,max_col_multiplier:1,age_limit:2,random_seed:0,replication:1,num_threads:128}",1
new1603200_6_aec.json.gz,59741,n,160,3200,LagrangeTemplate,highs,LTFarkas,1,466,59740.04514,61954,3.572005036,59740.4743,0.429157658,1156,3643,199.609658,143.887247,360.421263,687357,3443.505725,8.907836112,1,0,"{timeout:3600,max_col_multiplier:1,age_limit:2,random_seed:0,replication:1,num_threads:128}",1
new1603200_6_eac.json.gz,39503,n,160,3200,LagrangeTemplate,highs,LTFarkas,1,436,39502.17114,39539,0.091049344,39502.49003,0.318881974,740,3394,42.44564,2.141276,47.594789,206701,4869.781678,2.993381836,1,0,"{timeout:3600,max_col_multiplier:1,age_limit:2,random_seed:0,replication:1,num_threads:128}",1
new1603200_7_adc.json.gz,719979,n,160,3200,LagrangeTemplate,highs,LTFarkas,1,715,719979,725293,0.732669418,719979,111.5000014,1302,3947,270.851683,470.904358,751.090259,616560,2276.375,5.280256907,1,0,"{timeout:3600,max_col_multiplier:1,age_limit:2,random_seed:0,replication:1,num_threads:128}",1
new1603200_7_aec.json.gz,5264,n,160,3200,LagrangeTemplate,highs,LTFarkas,1,530,5263.018312,5808,9.366391185,5263.230098,0.211785684,1262,3527,214.472162,325.956223,556.478805,634691,2959.316464,7.524004817,1,0,"{timeout:3600,max_col_multiplier:1,age_limit:2,random_seed:0,replication:1,num_threads:128}",1
new1603200_8_eea.json.gz,57148,n,160,3200,LagrangeTemplate,highs,LTFarkas,1,1385,57147.15563,58173,1.761985801,57147.89789,0.742265787,1141,3601,191.920447,19.424062,219.917578,725905,3782.32237,3.269386681,1,0,"{timeout:3600,max_col_multiplier:1,age_limit:2,random_seed:0,replication:1,num_threads:128}",1
new1603200_8_eec.json.gz,572977,n,160,3200,LagrangeTemplate,highs,LTFarkas,1,1361,572976.8,573076,0.017275196,572977,0.200000004,442,3608,529.07326,31.936661,591.003016,1369063,2587.662434,6.550286283,1,0,"{timeout:3600,max_col_multiplier:1,age_limit:2,random_seed:0,replication:1,num_threads:128}",1
new1603200_9_eaa.json.gz,49441,n,160,3200,LagrangeTemplate,highs,LTFarkas,1,95,49440.02778,49441,0,49441,0.972222222,160,3347,0.71883,0.339607,2.276795,10235,14238.4152,1.204743389,1,0,"{timeout:3600,max_col_multiplier:1,age_limit:2,random_seed:0,replication:1,num_threads:128}",1
new1603200_9_eec.json.gz,502195,n,160,3200,LagrangeTemplate,highs,LTFarkas,1,1158,502193.5,502195,0.000199126,502195,1.500000001,160,3497,295.722863,26.651865,353.922108,938524,3173.660604,5.108312696,1,0,"{timeout:3600,max_col_multiplier:1,age_limit:2,random_seed:0,replication:1,num_threads:128}",1
new1604000_0_adc.json.gz,673384,n,160,4000,LagrangeTemplate,highs,LTFarkas,1,729,673384,676926,0.523247741,673384,672.0000022,1240,5114,507.225923,530.753672,1051.310522,807102,1591.208106,6.76227078,1,0,"{timeout:3600,max_col_multiplier:1,age_limit:3,random_seed:0,replication:1,num_threads:128}",1
new1604000_1_eac.json.gz,48175,n,160,4000,LagrangeTemplate,highs,LTFarkas,1,568,48174.19065,48227,0.107823418,48174.96356,0.772908826,730,4347,116.064565,3.631008,123.986312,370786,3194.652907,4.127042769,1,0,"{timeout:3600,max_col_multiplier:1,age_limit:3,random_seed:0,replication:1,num_threads:128}",1
new1604000_10_eaa.json.gz,50322,n,160,4000,LagrangeTemplate,highs,LTFarkas,1,2,50321.10464,50322,0,50322,2032522,160,320,0.021277,0.017057,1.531237,5447,256004.1359,17.021875,1,0,"{timeout:3600,max_col_multiplier:1,age_limit:3,random_seed:0,replication:1,num_threads:128}",1
new1604000_11_ada.json.gz,4664,n,160,4000,LagrangeTemplate,highs,LTFarkas,1,393,4664,4664,0,4664,2213.165398,160,4219,28.598555,59.639087,90.784245,125989,4405.432372,1.880656277,1,0,"{timeout:3600,max_col_multiplier:1,age_limit:3,random_seed:0,replication:1,num_threads:128}",1
new1604000_12_aea.json.gz,15550,n,160,4000,LagrangeTemplate,highs,LTFarkas,1,1030,15549.05274,16159,3.768797574,15549.44954,0.396800456,1347,4633,805.03804,318.334478,1133.527128,1528653,1898.858096,9.259196504,1,0,"{timeout:3600,max_col_multiplier:1,age_limit:3,random_seed:0,replication:1,num_threads:128}",1
new1604000_13_edc.json.gz,332970,n,160,4000,LagrangeTemplate,highs,LTFarkas,1,1029,332970,333266,0.088817941,332970,13984.13889,986,5490,456.06947,13.305247,481.67928,821710,1801.721128,4.900051628,1,0,"{timeout:3600,max_col_multiplier:1,age_limit:3,random_seed:0,replication:1,num_threads:128}",1
new1604000_14_eac.json.gz,54280,n,160,4000,LagrangeTemplate,highs,LTFarkas,1,371,54279.0285,54566,0.524135909,54279.8335,0.804999934,629,4215,154.002574,2.29387,162.52254,381403,2476.601463,6.482415321,1,0,"{timeout:3600,max_col_multiplier:1,age_limit:3,random_seed:0,replication:1,num_threads:128}",1
new1604000_15_aac.json.gz,60755,n,160,4000,LagrangeTemplate,highs,LTFarkas,1,574,60754.22782,61024,0.440810173,60754.84365,0.615825548,847,4401,137.476783,17.437512,160.058344,453828,3301.124671,5.021166551,1,0,"{timeout:3600,max_col_multiplier:1,age_limit:3,random_seed:0,replication:1,num_threads:128}",1
new1604000_16_ada.json.gz,4028,n,160,4000,LagrangeTemplate,highs,LTFarkas,1,0,4028,4028,0,4028,0,0,0,1.552828,1.552828,1.408476,4000,,,1,0,"{timeout:3600,max_col_multiplier:1,age_limit:3,random_seed:0,replication:1,num_threads:128}",1
new1604000_17_eea.json.gz,70594,n,160,4000,LagrangeTemplate,highs,LTFarkas,1,1800,70593.14988,71706,1.550776783,70593.53511,0.385231666,1206,4391,478.784516,44.534413,535.396442,1302975,2721.422595,4.513094979,1,0,"{timeout:3600,max_col_multiplier:1,age_limit:3,random_seed:0,replication:1,num_threads:128}",1
new1604000_18_eac.json.gz,67097,n,160,4000,LagrangeTemplate,highs,LTFarkas,1,491,67096.0544,67264,0.248275452,67096.13095,0.076550763,783,4177,128.297749,2.977554,135.999413,364086,2837.820639,4.815265538,1,0,"{timeout:3600,max_col_multiplier:1,age_limit:3,random_seed:0,replication:1,num_threads:128}",1
new1604000_19_eaa.json.gz,40170,n,160,4000,LagrangeTemplate,highs,LTFarkas,1,0,40170,40170,0,40170,0,0,0,1.555948,1.555948,1.418018,4000,,,1,0,"{timeout:3600,max_col_multiplier:1,age_limit:3,random_seed:0,replication:1,num_threads:128}",1
new1604000_2_eda.json.gz,219368,n,160,4000,LagrangeTemplate,highs,LTFarkas,1,5657,219367.158,220948,0.715100386,219367.5622,0.404159446,1086,4442,1045.002102,154.391919,1219.050803,2937594,2811.089082,3.242743787,1,0,"{timeout:3600,max_col_multiplier:1,age_limit:3,random_seed:0,replication:1,num_threads:128}",1
new1604000_20_adc.json.gz,506199,n,160,4000,LagrangeTemplate,highs,LTFarkas,1,688,506199,508899,0.530557144,506199,575.3055639,1235,5040,491.862787,552.33104,1059.447745,837470,1702.649646,7.423357653,1,0,"{timeout:3600,max_col_multiplier:1,age_limit:3,random_seed:0,replication:1,num_threads:128}",1
new1604000_21_aaa.json.gz,56093,n,160,4000,LagrangeTemplate,highs,LTFarkas,1,389,56092.26295,56597,0.890506564,56092.69037,0.427421577,989,4401,178.821509,11.520981,196.702176,467240,2612.884784,7.579906136,1,0,"{timeout:3600,max_col_multiplier:1,age_limit:3,random_seed:0,replication:1,num_threads:128}",1
new1604000_22_aec.json.gz,17666,n,160,4000,LagrangeTemplate,highs,LTFarkas,1,592,17665.06385,18646,5.255818942,17665.61462,0.550769458,1307,4607,642.861662,517.738472,1191.615192,1164307,1811.13149,12.07499198,1,0,"{timeout:3600,max_col_multiplier:1,age_limit:3,random_seed:0,replication:1,num_threads:128}",1
new1604000_23_aec.json.gz,4000,n,160,4000,LagrangeTemplate,highs,LTFarkas,1,150,4000,4000,0,4000,44299.5,160,2188,3.227243,9.464016,14.603456,24069,7458.068698,0.829815735,1,0,"{timeout:3600,max_col_multiplier:1,age_limit:3,random_seed:0,replication:1,num_threads:128}",1
new1604000_24_eaa.json.gz,48171,n,160,4000,LagrangeTemplate,highs,LTFarkas,1,143,48170.2,48171,0,48171,0.8,160,4154,2.024269,0.700858,4.460798,15493,7653.627062,0.912489419,1,0,"{timeout:3600,max_col_multiplier:1,age_limit:3,random_seed:0,replication:1,num_threads:128}",1
new1604000_25_edc.json.gz,333202,n,160,4000,LagrangeTemplate,highs,LTFarkas,1,845,333202,333647,0.133374495,333202,1429.575006,920,5311,308.607619,10.114117,330.375164,614961,1992.695456,4.44041605,1,0,"{timeout:3600,max_col_multiplier:1,age_limit:3,random_seed:0,replication:1,num_threads:128}",1
new1604000_26_eec.json.gz,503264,n,160,4000,LagrangeTemplate,highs,LTFarkas,1,1140,503263.3333,503364,0.019866339,503264,0.66666668,917,4429,1500.358313,59.609038,1602.130696,2317147,1544.395749,14.1402828,1,0,"{timeout:3600,max_col_multiplier:1,age_limit:3,random_seed:0,replication:1,num_threads:128}",1
new1604000_27_edc.json.gz,330762,n,160,4000,LagrangeTemplate,highs,LTFarkas,1,1163,330762,331050,0.086995922,330762,1334.89524,856,5274,590.880716,15.7189,619.144938,998991,1690.681339,5.295236227,1,0,"{timeout:3600,max_col_multiplier:1,age_limit:3,random_seed:0,replication:1,num_threads:128}",1
new1604000_28_aaa.json.gz,41911,n,160,4000,LagrangeTemplate,highs,LTFarkas,1,554,41910.06017,41938,0.064380753,41910.21324,0.153062053,812,4472,105.799436,12.733241,123.071779,355972,3364.592605,4.096628234,1,0,"{timeout:3600,max_col_multiplier:1,age_limit:3,random_seed:0,replication:1,num_threads:128}",1
new1604000_29_eea.json.gz,87130,n,160,4000,LagrangeTemplate,highs,LTFarkas,1,1601,87129.14102,88572,1.628054013,87129.96203,0.821011102,1165,4367,485.898893,44.950877,545.737953,1269892,2613.49021,4.936212395,1,0,"{timeout:3600,max_col_multiplier:1,age_limit:3,random_seed:0,replication:1,num_threads:128}",1
new1604000_3_eaa.json.gz,42119,n,160,4000,LagrangeTemplate,highs,LTFarkas,1,2,42119,42119,0,42119,2692163,160,320,0.021309,0.01904,1.546353,5446,255572.7627,17.01875,1,0,"{timeout:3600,max_col_multiplier:1,age_limit:3,random_seed:0,replication:1,num_threads:128}",1
new1604000_31_aec.json.gz,28958,n,160,4000,LagrangeTemplate,highs,LTFarkas,1,655,28957.04194,inf,nan,28957.94631,0.904362426,1320,4378,821.610938,522.043074,1396.492595,1508942,1836.565131,13.59639662,0,0,"{timeout:3600,max_col_multiplier:1,age_limit:3,random_seed:0,replication:1,num_threads:128}",1
new1604000_32_eaa.json.gz,46931,n,160,4000,LagrangeTemplate,highs,LTFarkas,1,2,46931,46931,0,46931,2240217,160,320,0.021329,0.017579,1.498774,5441,255098.6919,17.003125,1,0,"{timeout:3600,max_col_multiplier:1,age_limit:3,random_seed:0,replication:1,num_threads:128}",1
new1604000_34_eec.json.gz,460571,n,160,4000,LagrangeTemplate,highs,LTFarkas,1,1124,460571,460591,0.004342247,460571,0,558,4372,1214.797547,61.200119,1315.034355,2121331,1746.242413,12.33268106,1,0,"{timeout:3600,max_col_multiplier:1,age_limit:3,random_seed:0,replication:1,num_threads:128}",1
new1604000_35_eac.json.gz,46052,n,160,4000,LagrangeTemplate,highs,LTFarkas,1,400,46051.17237,46149,0.210188736,46051.72006,0.547693149,701,4236,131.08606,2.411742,139.27645,360153,2747.454611,5.653490648,1,0,"{timeout:3600,max_col_multiplier:1,age_limit:3,random_seed:0,replication:1,num_threads:128}",1
new1604000_4_aac.json.gz,63776,n,160,4000,LagrangeTemplate,highs,LTFarkas,1,490,63775.0017,63965,0.295474087,63775.12144,0.119741746,816,4292,116.791084,21.322308,142.743107,366965,3142.063481,4.797386153,1,0,"{timeout:3600,max_col_multiplier:1,age_limit:3,random_seed:0,replication:1,num_threads:128}",1
new1604000_5_aac.json.gz,44756,n,160,4000,LagrangeTemplate,highs,LTFarkas,1,392,44755.07773,44852,0.214037278,44755.9712,0.893471635,902,4592,117.439727,16.635357,139.446443,353549,3010.471916,5.636301168,1,0,"{timeout:3600,max_col_multiplier:1,age_limit:3,random_seed:0,replication:1,num_threads:128}",1
new1604000_6_eac.json.gz,44220,n,160,4000,LagrangeTemplate,highs,LTFarkas,1,406,44219.00071,44280,0.135501355,44219.20073,0.200022608,633,4275,147.212094,2.463532,156.635385,367636,2497.321993,5.792996302,1,0,"{timeout:3600,max_col_multiplier:1,age_limit:3,random_seed:0,replication:1,num_threads:128}",1
new1604000_7_aac.json.gz,64795,n,160,4000,LagrangeTemplate,highs,LTFarkas,1,367,64794.03604,65561,1.168377542,64794.3133,0.277264543,987,4222,152.118268,9.812285,168.01114,415576,2731.926977,7.136203732,1,0,"{timeout:3600,max_col_multiplier:1,age_limit:3,random_seed:0,replication:1,num_threads:128}",1
new1604000_8_adc.json.gz,819234,n,160,4000,LagrangeTemplate,highs,LTFarkas,1,918,819234,823977,0.575622863,819234,1026.081821,1280,5168,588.766916,1087.047967,1688.585627,941358,1598.863615,6.286135434,1,0,"{timeout:3600,max_col_multiplier:1,age_limit:3,random_seed:0,replication:1,num_threads:128}",1
new1604000_9_aaa.json.gz,61272,n,160,4000,LagrangeTemplate,highs,LTFarkas,1,489,61271.01632,61464,0.312377977,61271.61282,0.596508661,881,4325,142.637603,23.986124,171.918649,438784,3076.215463,5.679096611,1,0,"{timeout:3600,max_col_multiplier:1,age_limit:3,random_seed:0,replication:1,num_threads:128}",1
new1605000_0_aea.json.gz,5000,n,160,5000,LagrangeTemplate,highs,LTFarkas,1,0,5000,5000,0,5000,0,0,0,2.102695,2.102695,1.918844,5000,,,1,0,"{timeout:3600,max_col_multiplier:1,age_limit:3,random_seed:0,replication:1,num_threads:128}",1
new1605000_1_eaa.json.gz,52283,n,160,5000,LagrangeTemplate,highs,LTFarkas,1,0,52283,52283,0,52283,0,0,0,2.113925,2.113925,1.933319,5000,,,1,0,"{timeout:3600,max_col_multiplier:1,age_limit:3,random_seed:0,replication:1,num_threads:128}",1
new1605000_10_edc.json.gz,419318,n,160,5000,LagrangeTemplate,highs,LTFarkas,1,1399,419318,419751,0.103156395,419318,1250.166675,1176,6185,1333.238937,27.606854,1377.634921,1260102,945.1434136,5.536154396,1,0,"{timeout:3600,max_col_multiplier:1,age_limit:3,random_seed:0,replication:1,num_threads:128}",1
new1605000_11_ada.json.gz,5033,n,160,5000,LagrangeTemplate,highs,LTFarkas,1,0,5033,5033,0,5033,0,0,0,2.109627,2.109627,1.921051,5000,,,1,0,"{timeout:3600,max_col_multiplier:1,age_limit:3,random_seed:0,replication:1,num_threads:128}",1
new1605000_12_aec.json.gz,34934,n,160,5000,LagrangeTemplate,highs,LTFarkas,1,717,34933.18704,35916,2.734157478,34933.64719,0.460149116,1257,5414,1163.846692,723.672798,1910.397095,1162837,999.1324527,10.08498465,1,0,"{timeout:3600,max_col_multiplier:1,age_limit:3,random_seed:0,replication:1,num_threads:128}",1
new1605000_13_aac.json.gz,65971,n,160,5000,LagrangeTemplate,highs,LTFarkas,1,976,65970.04115,66070,0.149841078,65970.22891,0.187764794,901,5320,457.356801,19.929742,484.688874,867493,1896.753253,5.547730072,1,0,"{timeout:3600,max_col_multiplier:1,age_limit:3,random_seed:0,replication:1,num_threads:128}",1
new1605000_14_eea.json.gz,73535,n,160,5000,LagrangeTemplate,highs,LTFarkas,1,2731,73534.1017,74516,1.316495786,73534.47924,0.377534197,1256,5399,1006.09263,89.583679,1111.628008,1859186,1847.927263,4.242218498,1,0,"{timeout:3600,max_col_multiplier:1,age_limit:3,random_seed:0,replication:1,num_threads:128}",1
new1605000_15_eda.json.gz,261481,n,160,5000,LagrangeTemplate,highs,MTFarkas,1,1577,261480.0906,262855,0.522721652,261480.5689,0.478252084,1101,5570,854.753943,88.587851,953.181039,1181622,1382.411874,4.650931525,1,0,"{timeout:-1,max_col_multiplier:1,age_limit:3,random_seed:0,replication:1,num_threads:128}",1
new1605000_16_aaa.json.gz,59054,n,160,5000,LagrangeTemplate,highs,LTFarkas,1,593,59053.15329,59221,0.281994563,59053.87253,0.719242068,941,5219,318.745805,31.977063,358.286476,563185,1766.878155,5.943378921,1,0,"{timeout:3600,max_col_multiplier:1,age_limit:3,random_seed:0,replication:1,num_threads:128}",1
new1605000_17_aaa.json.gz,83414,n,160,5000,LagrangeTemplate,highs,LTFarkas,1,611,83413.02857,83695,0.335742876,83413.09741,0.068835775,936,5173,423.689871,11.514092,442.68483,698791,1649.298338,7.153196306,1,0,"{timeout:3600,max_col_multiplier:1,age_limit:3,random_seed:0,replication:1,num_threads:128}",1
new1605000_18_eaa.json.gz,68041,n,160,5000,LagrangeTemplate,highs,MTFarkas,1,184,68040.75,68041,0,68041,0.25,160,5171,3.494988,7.304117,12.871539,17926,5129.059098,0.497326355,1,0,"{timeout:-1,max_col_multiplier:1,age_limit:3,random_seed:0,replication:1,num_threads:128}",1
new1605000_19_aac.json.gz,52881,n,160,5000,LagrangeTemplate,highs,LTFarkas,1,610,52880.014,52977,0.181210714,52880.4012,0.387201703,968,5431,412.750333,17.829015,439.748568,618992,1499.676561,6.364079875,1,0,"{timeout:3600,max_col_multiplier:1,age_limit:3,random_seed:0,replication:1,num_threads:128}",1
new1605000_2_edc.json.gz,410003,n,160,5000,LagrangeTemplate,highs,LTFarkas,1,2234,410003,410335,0.080909501,410003,1472.052023,1492,6049,1561.739168,55.675562,1635.688947,1443891,924.5404288,3.988609383,1,0,"{timeout:3600,max_col_multiplier:1,age_limit:3,random_seed:0,replication:1,num_threads:128}",1
new1605000_20_aac.json.gz,80758,n,160,5000,LagrangeTemplate,highs,LTFarkas,1,656,80757.04317,81261,0.618993121,80757.5534,0.51023659,1057,5335,701.68791,47.03607,759.720847,1057954,1507.727274,10.0629965,1,0,"{timeout:3600,max_col_multiplier:1,age_limit:3,random_seed:0,replication:1,num_threads:128}",1
new1605000_21_aec.json.gz,87727,n,160,5000,LagrangeTemplate,highs,LTFarkas,1,866,87726.03445,89278,1.7372701,87726.13927,0.104824205,1209,5335,1172.611498,503.515633,1724.001698,1447130,1234.108656,10.28353256,1,0,"{timeout:3600,max_col_multiplier:1,age_limit:3,random_seed:100,replication:1,num_threads:128}",1
new1605000_22_aec.json.gz,6411,n,160,5000,LagrangeTemplate,highs,LTFarkas,1,945,6410.04619,6795,5.651214128,6410.360526,0.314336151,1347,5401,1282.507092,1050.944482,2354.641953,1508641,1176.32176,9.950317236,1,0,"{timeout:3600,max_col_multiplier:1,age_limit:3,random_seed:0,replication:1,num_threads:128}",1
new1605000_23_edc.json.gz,413796,n,160,5000,LagrangeTemplate,highs,LTFarkas,1,1361,413796,414198,0.097055032,413796,1709.245548,1388,6121,1416.552067,31.927564,1464.578087,1243881,878.1046804,5.632784962,1,0,"{timeout:3600,max_col_multiplier:1,age_limit:3,random_seed:0,replication:1,num_threads:128}",1
new1605000_24_aac.json.gz,73723,n,160,5000,LagrangeTemplate,highs,LTFarkas,1,546,73722.02585,74233,0.687025986,73722.08334,0.057493461,1016,5199,504.790211,48.153225,561.837209,747358,1480.53188,8.605133467,1,0,"{timeout:3600,max_col_multiplier:1,age_limit:3,random_seed:0,replication:1,num_threads:128}",1
new1605000_25_adc.json.gz,1203811,n,160,5000,LagrangeTemplate,highs,MTFarkas,1,1007,1203811,1210328,0.538449082,1203811,1162.145839,1405,6250,1274.679468,1499.232316,2788.448869,1133065,888.9018992,6.841103182,1,0,"{timeout:-1,max_col_multiplier:1,age_limit:3,random_seed:100,replication:1,num_threads:128}",1
new1605000_26_eaa.json.gz,59230,n,160,5000,LagrangeTemplate,highs,LTFarkas,1,2,59229.35294,59230,0,59230,3286143,160,320,0.029353,0.023169,2.089306,6703,228358.2598,20.946875,1,0,"{timeout:3600,max_col_multiplier:1,age_limit:3,random_seed:0,replication:1,num_threads:128}",1
new1605000_27_ada.json.gz,479046,n,160,5000,LagrangeTemplate,highs,MTFarkas,1,1262,479046,485857,1.401852809,479046,1245.287545,1444,6171,1511.343585,3392.027077,4921.366858,1339751,886.4635502,6.497017643,1,0,"{timeout:-1,max_col_multiplier:1,age_limit:3,random_seed:0,replication:1,num_threads:128}",1
new1605000_28_aac.json.gz,69910,n,160,5000,LagrangeTemplate,highs,LTFarkas,1,514,69909.1078,70471,0.796072143,69909.43496,0.327156691,980,5207,448.766703,14.825676,473.011998,641285,1428.994165,7.795105607,1,0,"{timeout:3600,max_col_multiplier:1,age_limit:3,random_seed:0,replication:1,num_threads:128}",1
new1605000_29_adc.json.gz,635053,n,160,5000,LagrangeTemplate,highs,LTFarkas,1,1421,635053,638442,0.530823473,635053,35510.59048,1294,6379,1486.692411,1992.694711,3503.49465,1261652,848.6301475,5.438012403,1,0,"{timeout:3600,max_col_multiplier:1,age_limit:3,random_seed:0,replication:1,num_threads:128}",1
new1605000_3_edc.json.gz,410371,n,160,5000,LagrangeTemplate,highs,LTFarkas,1,1693,410371,411009,0.155227744,410371,32547.60231,1307,6127,1214.323349,36.626165,1268.948078,1297754,1068.705466,4.721328633,1,0,"{timeout:3600,max_col_multiplier:1,age_limit:3,random_seed:0,replication:1,num_threads:128}",1
new1605000_30_eaa.json.gz,78155,n,160,5000,LagrangeTemplate,highs,LTFarkas,1,152,78154.24324,78155,0,78155,0.756756757,160,5157,2.694557,0.854845,5.91695,17240,6398.083247,1.342544063,1,0,"{timeout:3600,max_col_multiplier:1,age_limit:3,random_seed:0,replication:1,num_threads:128}",1
new1605000_31_ada.json.gz,8524,n,160,5000,LagrangeTemplate,highs,MTFarkas,1,1286,8523.026917,10693,20.28429814,8523.989986,4.323798236,4328,7816,633416.5263,1350.695793,634777.3439,53355488,84.23444256,319.361279,1,0,"{timeout:-1,max_col_multiplier:1,age_limit:10,random_seed:0,replication:1,num_threads:128}",1
new1605000_32_eac.json.gz,61425,n,160,5000,LagrangeTemplate,highs,LTFarkas,1,835,61424.00972,61452,0.043936731,61424.13399,0.124273295,709,5192,175.247928,7.082732,188.063344,446727,2549.114304,3.420298226,1,0,"{timeout:3600,max_col_multiplier:1,age_limit:3,random_seed:0,replication:1,num_threads:128}",1
new1605000_33_aea.json.gz,5000,n,160,5000,LagrangeTemplate,highs,LTFarkas,1,0,5000,5000,0,5000,0,0,0,2.112474,2.112474,1.93273,5000,,,1,0,"{timeout:3600,max_col_multiplier:1,age_limit:3,random_seed:0,replication:1,num_threads:128}",1
new1605000_34_aac.json.gz,214251,n,160,5000,LagrangeTemplate,highs,MTFarkas,1,1189,214250.0807,229122,6.49042868,214250.4272,0.34647811,1260,5189,1922.259663,286.589479,2233.788928,2682434,1395.458715,12.61303055,1,0,"{timeout:-1,max_col_multiplier:1,age_limit:3,random_seed:0,replication:1,num_threads:128}",1
new1605000_35_aec.json.gz,110522,n,160,5000,LagrangeTemplate,highs,LTFarkas,1,859,110522,112214,1.507833247,110522,225.3145845,863,6417,1285.104033,412.067763,1728.380016,1367716,1064.284264,9.682873346,1,0,"{timeout:3600,max_col_multiplier:1,age_limit:3,random_seed:0,replication:1,num_threads:128}",1
new1605000_4_eac.json.gz,50294,n,160,5000,LagrangeTemplate,highs,LTFarkas,1,1097,50293.03075,50306,0.023854013,50293.28088,0.250126819,765,5698,494.92322,8.526413,512.376243,819144,1655.093087,4.685211554,1,0,"{timeout:3600,max_col_multiplier:1,age_limit:3,random_seed:0,replication:1,num_threads:128}",1
new1605000_5_eaa.json.gz,51644,n,160,5000,LagrangeTemplate,highs,LTFarkas,1,2,51644,51644,0,51644,3945237,160,320,0.029005,0.022196,2.086984,6707,231235.9938,20.959375,1,0,"{timeout:3600,max_col_multiplier:1,age_limit:3,random_seed:0,replication:1,num_threads:128}",1
new1605000_6_ada.json.gz,5032,n,160,5000,LagrangeTemplate,highs,LTFarkas,1,0,5032,5032,0,5032,0,0,0,2.07948,2.07948,1.897217,5000,,,1,0,"{timeout:3600,max_col_multiplier:1,age_limit:3,random_seed:0,replication:1,num_threads:128}",1
new1605000_7_aec.json.gz,48752,n,160,5000,LagrangeTemplate,highs,LTFarkas,1,780,48751.21068,49976,2.449175604,48751.86174,0.651062887,1316,5726,1241.149061,690.614093,1956.908028,1344420,1083.205912,10.66166422,1,0,"{timeout:3600,max_col_multiplier:1,age_limit:3,random_seed:0,replication:1,num_threads:128}",1
new1605000_8_aac.json.gz,51797,n,160,5000,LagrangeTemplate,highs,LTFarkas,1,661,51796.05233,51846,0.094510666,51796.81033,0.757999397,892,5651,260.751151,24.611901,291.611305,479977,1840.747388,4.501137435,1,0,"{timeout:3600,max_col_multiplier:1,age_limit:3,random_seed:0,replication:1,num_threads:128}",1
new1605000_9_aaa.json.gz,71569,n,160,5000,LagrangeTemplate,highs,LTFarkas,1,557,71568.05235,72082,0.711689465,71568.55635,0.503999222,1069,5378,560.767039,27.39039,597.365939,823297,1468.162254,9.211399626,1,0,"{timeout:3600,max_col_multiplier:1,age_limit:3,random_seed:0,replication:1,num_threads:128}",1
new2004000_0_aaa.json.gz,50563,n,200,4000,LagrangeTemplate,highs,LTFarkas,1,372,50562.04831,50842,0.5487589,50562.39768,0.349364505,1060,4222,86.365237,11.231666,103.581331,315332,3651.144962,4.399094911,1,0,"{timeout:3600,max_col_multiplier:1,age_limit:2,random_seed:0,replication:1,num_threads:128}",1
new2004000_1_eac.json.gz,51994,n,200,4000,LagrangeTemplate,highs,LTFarkas,1,447,51993.1026,52072,0.149792595,51993.2672,0.164595804,917,4204,70.175981,3.082232,78.734472,277351,3952.221202,3.208774295,1,0,"{timeout:3600,max_col_multiplier:1,age_limit:2,random_seed:0,replication:1,num_threads:128}",1
new2004000_10_eea.json.gz,62374,n,200,4000,LagrangeTemplate,highs,LTFarkas,1,2127,62373.04558,63945,2.456798811,62373.53781,0.492231676,1438,4459,415.284699,37.536493,468.778925,1299319,3128.742771,3.053239747,1,0,"{timeout:3600,max_col_multiplier:1,age_limit:2,random_seed:0,replication:1,num_threads:128}",1
new2004000_11_eec.json.gz,751283,n,200,4000,LagrangeTemplate,highs,LTFarkas,1,1534,751282.1111,751291,0.001064834,751282.2222,0.111111111,302,4367,757.368128,52.786805,871.364203,1734214,2289.790045,6.063871426,1,0,"{timeout:3600,max_col_multiplier:1,age_limit:2,random_seed:0,replication:1,num_threads:128}",1
new2004000_12_eaa.json.gz,56263,n,200,4000,LagrangeTemplate,highs,MTFarkas,1,135,56262.5,56263,0,56263,0.5,200,4201,1.00621,2.680102,5.491985,12665,12586.83575,0.684383307,1,0,"{timeout:-1,max_col_multiplier:1,age_limit:2,random_seed:0,replication:1,num_threads:128}",1
new2004000_13_eda.json.gz,185621,n,200,4000,LagrangeTemplate,highs,LTFarkas,1,6105,185620.0945,187067,0.77298508,185620.2416,0.147094105,1386,4379,782.20172,143.248202,949.021151,2508141,3206.514299,2.056180064,1,0,"{timeout:3600,max_col_multiplier:1,age_limit:2,random_seed:0,replication:1,num_threads:128}",1
new2004000_14_aea.json.gz,4000,n,200,4000,LagrangeTemplate,highs,LTFarkas,1,0,4000,4000,0,4000,0,0,0,2.058923,2.058923,1.88923,4000,,,1,0,"{timeout:3600,max_col_multiplier:1,age_limit:2,random_seed:0,replication:1,num_threads:128}",1
new2004000_15_aac.json.gz,60016,n,200,4000,LagrangeTemplate,highs,LTFarkas,1,334,60015.04613,60573,0.919551615,60015.68673,0.640608472,1119,4225,95.278313,13.771578,116.145594,347604,3648.301372,5.29007804,1,0,"{timeout:3600,max_col_multiplier:1,age_limit:2,random_seed:0,replication:1,num_threads:128}",1
new2004000_16_aaa.json.gz,47912,n,200,4000,LagrangeTemplate,highs,LTFarkas,1,355,47911.11812,48056,0.299650408,47911.23366,0.115541296,1058,4212,96.720521,8.229132,111.46271,346758,3585.154385,4.940508993,1,0,"{timeout:3600,max_col_multiplier:1,age_limit:2,random_seed:0,replication:1,num_threads:128}",1
new2004000_17_aaa.json.gz,69793,n,200,4000,LagrangeTemplate,highs,LTFarkas,1,311,69792.25774,70675,1.247966042,69792.71604,0.458304159,1137,4320,96.036346,10.085435,114.920851,347707,3620.577151,5.606491865,1,0,"{timeout:3600,max_col_multiplier:1,age_limit:2,random_seed:0,replication:1,num_threads:128}",1
new2004000_18_edc.json.gz,334161,n,200,4000,LagrangeTemplate,highs,LTFarkas,1,934,334161,335317,0.344748402,334161,38986.14035,1149,5049,287.954638,11.823801,315.132982,664204,2306.627199,3.487531987,1,0,"{timeout:3600,max_col_multiplier:1,age_limit:2,random_seed:0,replication:1,num_threads:128}",1
new2004000_19_ada.json.gz,4197,n,200,4000,LagrangeTemplate,highs,LTFarkas,1,0,4197,4197,0,4197,0,0,0,2.050429,2.050429,1.862088,4000,,,1,0,"{timeout:3600,max_col_multiplier:1,age_limit:2,random_seed:0,replication:1,num_threads:128}",1
new2004000_2_aea.json.gz,4000,n,200,4000,LagrangeTemplate,highs,LTFarkas,1,0,4000,4000,0,4000,0,0,0,2.045205,2.045205,1.880072,4000,,,1,0,"{timeout:3600,max_col_multiplier:1,age_limit:2,random_seed:0,replication:1,num_threads:128}",1
new2004000_20_eaa.json.gz,46965,n,200,4000,LagrangeTemplate,highs,LTFarkas,1,2,46964.19443,46965,0,46965,1697199,200,400,0.022287,0.017693,1.989762,5515,247453.6725,13.7875,1,0,"{timeout:3600,max_col_multiplier:1,age_limit:2,random_seed:0,replication:1,num_threads:128}",1
new2004000_21_edc.json.gz,333147,n,200,4000,LagrangeTemplate,highs,LTFarkas,1,1322,333147,333555,0.122318658,333147,852.9633125,999,5161,392.697761,17.714664,426.630399,870795,2217.468716,3.241037254,1,0,"{timeout:3600,max_col_multiplier:1,age_limit:2,random_seed:0,replication:1,num_threads:128}",1
new2004000_22_aec.json.gz,4000,n,200,4000,LagrangeTemplate,highs,LTFarkas,1,2,4000,4000,0,4000,113856,200,400,0.022262,0.130331,2.1151,5529,248360.4348,13.8225,1,0,"{timeout:3600,max_col_multiplier:1,age_limit:2,random_seed:0,replication:1,num_threads:128}",1
new2004000_23_aec.json.gz,4000,n,200,4000,LagrangeTemplate,highs,LTFarkas,1,355,4000,4085,2.080783353,4000,2413.087018,328,5126,157.707971,105.739527,295.174395,412040,2612.677073,5.578934397,1,0,"{timeout:3600,max_col_multiplier:1,age_limit:2,random_seed:0,replication:1,num_threads:128}",1
new2004000_24_aaa.json.gz,49503,n,200,4000,LagrangeTemplate,highs,LTFarkas,1,368,49502.14511,49722,0.440448896,49502.51461,0.369505606,1011,4377,72.182198,12.925141,91.311747,296364,4105.776884,4.121495489,1,0,"{timeout:3600,max_col_multiplier:1,age_limit:2,random_seed:0,replication:1,num_threads:128}",1
new2004000_25_eea.json.gz,56794,n,200,4000,LagrangeTemplate,highs,LTFarkas,1,2133,56793.06986,57491,1.212363674,56793.67745,0.607598098,1445,4477,438.052112,36.995346,489.833996,1340321,3059.729569,3.148114523,1,0,"{timeout:3600,max_col_multiplier:1,age_limit:2,random_seed:0,replication:1,num_threads:128}",1
new2004000_27_eaa.json.gz,54836,n,200,4000,LagrangeTemplate,highs,LTFarkas,1,2,54835.63636,54836,0,54836,1524442,200,400,0.022304,0.01787,1.998785,5516,247309.8996,13.79,1,0,"{timeout:3600,max_col_multiplier:1,age_limit:2,random_seed:0,replication:1,num_threads:128}",1
new2004000_28_adc.json.gz,1264601,n,200,4000,LagrangeTemplate,highs,LTFarkas,1,988,1264601,1274840,0.803159612,1264601,459.000007,1610,5108,651.649267,1004.198233,1676.002451,1132817,1738.384523,5.657071057,1,0,"{timeout:3600,max_col_multiplier:1,age_limit:2,random_seed:0,replication:1,num_threads:128}",1
new2004000_29_edc.json.gz,342769,n,200,4000,LagrangeTemplate,highs,LTFarkas,1,518,342769,343148,0.11044797,342769,16772.37838,844,5268,158.740705,6.051034,179.130086,387755,2442.694204,3.591409045,1,0,"{timeout:3600,max_col_multiplier:1,age_limit:2,random_seed:0,replication:1,num_threads:128}",1
new2004000_3_eea.json.gz,71115,n,200,4000,LagrangeTemplate,highs,LTFarkas,1,2491,71114.07159,72855,2.388305538,71114.3487,0.277107234,1431,4385,463.094242,47.110515,529.990635,1463755,3160.814511,2.949422712,1,0,"{timeout:3600,max_col_multiplier:1,age_limit:2,random_seed:0,replication:1,num_threads:128}",1
new2004000_30_aec.json.gz,26673,n,200,4000,LagrangeTemplate,highs,LTFarkas,1,549,26672.32376,27862,4.267461058,26672.8271,0.503343376,1594,4492,387.923669,428.071672,838.531412,974943,2513.234118,8.729544016,1,0,"{timeout:3600,max_col_multiplier:1,age_limit:2,random_seed:0,replication:1,num_threads:128}",1
new2004000_31_eac.json.gz,58280,n,200,4000,LagrangeTemplate,highs,LTFarkas,1,382,58279.12872,58483,0.347109416,58279.73996,0.611231062,867,4285,98.111171,2.70027,108.654933,331998,3383.896009,4.542329871,1,0,"{timeout:3600,max_col_multiplier:1,age_limit:2,random_seed:0,replication:1,num_threads:128}",1
new2004000_32_eec.json.gz,519372,n,200,4000,LagrangeTemplate,highs,LTFarkas,1,1820,519371.5,519451,0.015208364,519372,0.5,497,4425,1104.355963,101.153922,1263.491041,2424178,2195.105637,6.721672962,1,0,"{timeout:3600,max_col_multiplier:1,age_limit:2,random_seed:0,replication:1,num_threads:128}",1
new2004000_33_eaa.json.gz,53612,n,200,4000,LagrangeTemplate,highs,LTFarkas,1,9449,53611.27556,53612,0,53612,0.724444444,200,4215,582.291094,72.012152,680.494882,2594811,4456.20932,1.376976301,1,0,"{timeout:3600,max_col_multiplier:1,age_limit:2,random_seed:0,replication:1,num_threads:128}",1
new2004000_34_edc.json.gz,328665,n,200,4000,LagrangeTemplate,highs,LTFarkas,1,1081,328665,329235,0.173128616,328665,16957.5,1303,5068,324.267127,14.166667,354.20449,749923,2312.670442,3.399617004,1,0,"{timeout:3600,max_col_multiplier:1,age_limit:2,random_seed:0,replication:1,num_threads:128}",1
new2004000_35_aaa.json.gz,66309,n,200,4000,LagrangeTemplate,highs,LTFarkas,1,340,66308.28219,66984,1.007703332,66308.92538,0.643191486,986,4207,76.702673,12.904662,96.175572,305059,3977.162569,4.5300498,1,0,"{timeout:3600,max_col_multiplier:1,age_limit:2,random_seed:0,replication:1,num_threads:128}",1
new2004000_4_eda.json.gz,221454,n,200,4000,LagrangeTemplate,highs,LTFarkas,1,5135,221453.0821,223324,0.837348426,221453.2515,0.169464328,1341,4415,811.443925,152.440164,988.843896,2549803,3142.303395,2.481070135,1,0,"{timeout:3600,max_col_multiplier:1,age_limit:2,random_seed:100,replication:1,num_threads:128}",1
new2004000_5_eea.json.gz,69542,n,200,4000,LagrangeTemplate,highs,LTFarkas,1,2056,69541.17559,71052,2.125204076,69541.65847,0.482882157,1425,4396,448.442044,41.536088,507.969051,1370828,3056.867701,3.32803421,1,0,"{timeout:3600,max_col_multiplier:1,age_limit:2,random_seed:0,replication:1,num_threads:128}",1
new2004000_6_aea.json.gz,51266,n,200,4000,LagrangeTemplate,highs,LTFarkas,1,1405,51265.20833,51529,0.510392206,51266,0.791666667,785,4354,630.269175,305.780207,951.24859,1432029,2272.091127,5.334230906,1,0,"{timeout:3600,max_col_multiplier:1,age_limit:2,random_seed:0,replication:1,num_threads:128}",1
new2004000_7_eec.json.gz,532247,n,200,4000,LagrangeTemplate,highs,LTFarkas,1,1639,532246.5,532270,0.004321115,532247,0.5,464,4397,724.250935,83.281919,864.353971,1807189,2495.25256,5.711412532,1,0,"{timeout:3600,max_col_multiplier:1,age_limit:2,random_seed:0,replication:1,num_threads:128}",1
new2004000_8_eea.json.gz,86168,n,200,4000,LagrangeTemplate,highs,LTFarkas,1,1728,86167.03112,87932,2.006095619,86167.5963,0.565178082,1416,4428,452.51984,45.449371,518.356629,1393308,3078.998702,4.056149301,1,0,"{timeout:3600,max_col_multiplier:1,age_limit:2,random_seed:0,replication:1,num_threads:128}",1
new2004000_9_eda.json.gz,187356,n,200,4000,LagrangeTemplate,highs,LTFarkas,1,5163,187355.0101,188850,0.791104051,187355.0157,0.005619876,1411,4266,728.887098,136.772572,887.30531,2319504,3182.25416,2.253315451,1,0,"{timeout:3600,max_col_multiplier:1,age_limit:2,random_seed:0,replication:1,num_threads:128}",1
new2005000_0_aec.json.gz,29325,n,200,5000,LagrangeTemplate,highs,LTFarkas,1,570,29324.03971,30748,4.627943281,29324.27097,0.231262435,1603,5532,1001.478775,748.454754,1791.761102,1562588,1560.280696,13.60888367,1,0,"{timeout:3600,max_col_multiplier:1,age_limit:3,random_seed:0,replication:1,num_threads:128}",1
new2005000_1_edc.json.gz,411935,n,200,5000,LagrangeTemplate,highs,LTFarkas,1,1880,411935,412422,0.118082934,411935,120003.3346,1408,6345,1160.138051,33.876915,1220.084276,1706233,1470.715488,4.488693484,1,0,"{timeout:3600,max_col_multiplier:1,age_limit:3,random_seed:0,replication:1,num_threads:128}",1
new2005000_10_eac.json.gz,54096,n,200,5000,LagrangeTemplate,highs,LTFarkas,1,663,54095.05183,54159,0.116324157,54095.51847,0.466638588,958,5402,213.003108,6.028009,228.229256,564349,2649.487161,4.349702903,1,0,"{timeout:3600,max_col_multiplier:1,age_limit:3,random_seed:0,replication:1,num_threads:128}",1
new2005000_11_adc.json.gz,698395,n,200,5000,LagrangeTemplate,highs,LTFarkas,1,912,698395,703397,0.711120463,698395,570.3461586,1499,6621,1112.648096,1062.294405,2205.218817,1479523,1329.731301,7.96749956,1,0,"{timeout:3600,max_col_multiplier:1,age_limit:3,random_seed:100,replication:1,num_threads:128}",1
new2005000_12_aea.json.gz,5000,n,200,5000,LagrangeTemplate,highs,LTFarkas,1,0,5000,5000,0,5000,0,0,0,2.99993,2.99993,2.783897,5000,,,1,0,"{timeout:3600,max_col_multiplier:1,age_limit:3,random_seed:0,replication:1,num_threads:128}",1
new2005000_13_aaa.json.gz,69281,n,200,5000,LagrangeTemplate,highs,LTFarkas,1,424,69280.04946,69605,0.465483801,69280.09234,0.042879007,1047,5211,147.164434,6.758303,162.254592,392852,2669.476512,4.860635305,1,0,"{timeout:3600,max_col_multiplier:1,age_limit:3,random_seed:0,replication:1,num_threads:128}",1
new2005000_14_eea.json.gz,79136,n,200,5000,LagrangeTemplate,highs,LTFarkas,1,3610,79135.09481,80724,1.967196868,79135.2102,0.115389196,1513,5306,1181.296066,108.113105,1315.378874,2718773,2301.517019,3.764004675,1,0,"{timeout:3600,max_col_multiplier:1,age_limit:3,random_seed:0,replication:1,num_threads:128}",1
new2005000_15_aec.json.gz,14303,n,200,5000,LagrangeTemplate,highs,LTFarkas,1,774,14302.03669,15078,5.139938984,14302.23079,0.194100167,1676,5589,1070.845356,997.643195,2102.431852,1790131,1671.698897,11.5591148,1,0,"{timeout:3600,max_col_multiplier:1,age_limit:3,random_seed:0,replication:1,num_threads:128}",1
new2005000_17_aec.json.gz,5000,n,200,5000,LagrangeTemplate,highs,LTFarkas,1,187,5000,5051,1.009701049,5000,4476.5,211,6129,34.108702,33.611831,76.313054,101018,2961.648907,2.386301248,1,0,"{timeout:3600,max_col_multiplier:1,age_limit:3,random_seed:0,replication:1,num_threads:128}",1
new2005000_18_edc.json.gz,421948,n,200,5000,LagrangeTemplate,highs,LTFarkas,1,899,421948,422543,0.140814071,421948,1247.500007,1000,6607,577.406453,14.772799,613.309862,914389,1583.614099,4.983935484,1,0,"{timeout:3600,max_col_multiplier:1,age_limit:3,random_seed:0,replication:1,num_threads:128}",1
new2005000_19_aec.json.gz,139243,n,200,5000,LagrangeTemplate,highs,LTFarkas,1,687,139242.0673,142284,2.137274746,139242.9416,0.874281587,1400,5607,1647.483333,403.935227,2106.397996,2591944,1573.274793,17.85940654,1,0,"{timeout:3600,max_col_multiplier:1,age_limit:3,random_seed:0,replication:1,num_threads:128}",1
new2005000_2_aac.json.gz,59241,n,200,5000,LagrangeTemplate,highs,LTFarkas,1,422,59240.04569,59707,0.780478001,59240.46316,0.41746763,1175,5256,372.128651,21.202272,404.518252,724332,1946.455878,8.625150622,1,0,"{timeout:3600,max_col_multiplier:1,age_limit:3,random_seed:0,replication:1,num_threads:128}",1
new2005000_20_eda.json.gz,286933,n,200,5000,LagrangeTemplate,highs,LTFarkas,1,14017,286932.0286,289423,0.860332455,286932.2276,0.199067544,1313,5533,3115.720612,424.376825,3599.597129,8063874,2588.124869,2.877101323,1,0,"{timeout:3600,max_col_multiplier:1,age_limit:3,random_seed:0,replication:1,num_threads:128}",1
new2005000_21_eec.json.gz,1373159,n,200,5000,LagrangeTemplate,highs,LTFarkas,1,684,1373159,1373215,0.004078021,1373159,785.6391542,506,6860,1186.52643,26.222571,1300.939505,1659868,1398.93049,11.60119433,1,0,"{timeout:3600,max_col_multiplier:1,age_limit:3,random_seed:0,replication:1,num_threads:128}",1
new2005000_22_ada.json.gz,5596,n,200,5000,LagrangeTemplate,highs,MTFarkas,1,61,5596,5596,0,5597,3939.833333,200,4073,1.059277,11.046883,14.322113,14900,14066.19798,0.430938525,1,0,"{timeout:-1,max_col_multiplier:1,age_limit:3,random_seed:0,replication:1,num_threads:128}",1
new2005000_23_ada.json.gz,6976,n,200,5000,LagrangeTemplate,highs,LTFarkas,1,1334,6976,7014,0.541773596,6976,234.0000001,527,5775,232.682271,424.814476,667.25536,666135,2862.852409,2.487995125,1,0,"{timeout:3600,max_col_multiplier:1,age_limit:3,random_seed:0,replication:1,num_threads:128}",1
new2005000_24_ada.json.gz,8108,n,200,5000,LagrangeTemplate,highs,LTFarkas,1,521,8108,8110,0.024660912,8108,80,611,5791,103.17781,295.096295,405.325214,320120,3102.605105,3.043258897,1,0,"{timeout:3600,max_col_multiplier:1,age_limit:3,random_seed:0,replication:1,num_threads:128}",1
new2005000_25_aea.json.gz,5592,n,200,5000,LagrangeTemplate,highs,LTFarkas,1,990,5592,5598,0.107181136,5592,1401.700965,239,5490,214.21431,63.175732,284.643268,609672,2846.084372,3.025829966,1,0,"{timeout:3600,max_col_multiplier:1,age_limit:3,random_seed:0,replication:1,num_threads:128}",1
new2005000_26_eec.json.gz,738000,n,200,5000,LagrangeTemplate,highs,LTFarkas,1,1377,738000,738078,0.010567989,738000,33.62500053,976,6907,2666.767611,112.30245,2857.026368,3395813,1273.381672,15.58264694,1,0,"{timeout:3600,max_col_multiplier:1,age_limit:3,random_seed:0,replication:1,num_threads:128}",1
new2005000_27_aea.json.gz,5000,n,200,5000,LagrangeTemplate,highs,LTFarkas,1,0,5000,5000,0,5000,0,0,0,3.091923,3.091923,2.872346,5000,,,1,0,"{timeout:3600,max_col_multiplier:1,age_limit:3,random_seed:0,replication:1,num_threads:128}",1
new2005000_28_eaa.json.gz,65556,n,200,5000,LagrangeTemplate,highs,MTFarkas,1,151,65555.33333,65556,0,65556,0.666666667,200,5198,1.675193,1.954717,6.192316,17297,10325.37743,0.695269385,1,0,"{timeout:-1,max_col_multiplier:1,age_limit:3,random_seed:0,replication:1,num_threads:128}",1
new2005000_29_eda.json.gz,218865,n,200,5000,LagrangeTemplate,highs,MTFarkas,1,1896,218864.3333,219954,0.495103522,218864.826,0.492654957,1440,5403,687.602184,65.019603,764.071483,1512540,2199.731233,3.99106509,1,0,"{timeout:-1,max_col_multiplier:1,age_limit:3,random_seed:0,replication:1,num_threads:128}",1
new2005000_3_eda.json.gz,295768,n,200,5000,LagrangeTemplate,highs,LTFarkas,1,14586,295767.3042,297827,0.691340946,295767.8968,0.592687834,1320,5929,3121.770285,410.508117,3594.83667,7976584,2555.147648,2.73154699,1,0,"{timeout:3600,max_col_multiplier:1,age_limit:3,random_seed:0,replication:1,num_threads:128}",1
new2005000_30_aea.json.gz,43575,n,200,5000,LagrangeTemplate,highs,MTFarkas,1,540,43575,43593,0.041291033,43575,269.0588237,529,6395,111.350938,23.835775,141.035017,306707,2754.417749,2.965398498,1,0,"{timeout:-1,max_col_multiplier:1,age_limit:3,random_seed:0,replication:1,num_threads:128}",1
new2005000_31_aec.json.gz,8139,n,200,5000,LagrangeTemplate,highs,LTFarkas,1,603,8138.102442,8789,7.395608146,8138.758499,0.656056814,1638,5749,943.901266,996.330177,1982.275095,1581102,1675.071384,13.00931455,1,0,"{timeout:3600,max_col_multiplier:1,age_limit:3,random_seed:0,replication:1,num_threads:128}",1
new2005000_32_edc.json.gz,418214,n,200,5000,LagrangeTemplate,highs,LTFarkas,1,1199,418214,418652,0.104621499,418214,159.0000025,1688,6592,1140.362114,22.784081,1187.52576,1371613,1202.78724,5.65433759,1,0,"{timeout:3600,max_col_multiplier:1,age_limit:3,random_seed:0,replication:1,num_threads:128}",1
new2005000_33_eea.json.gz,105502,n,200,5000,LagrangeTemplate,highs,LTFarkas,1,2291,105501.0026,107598,1.947991598,105501.2672,0.26458928,1469,5489,1192.62628,93.820449,1315.184667,2345411,1966.593424,5.116360568,1,0,"{timeout:3600,max_col_multiplier:1,age_limit:3,random_seed:0,replication:1,num_threads:128}",1
new2005000_34_eea.json.gz,87025,n,200,5000,LagrangeTemplate,highs,LTFarkas,1,2541,87024.04019,88608,1.786520404,87024.53351,0.493321935,1527,5481,1031.934222,88.479523,1147.500124,2258939,2189.033905,4.472155282,1,0,"{timeout:3600,max_col_multiplier:1,age_limit:3,random_seed:0,replication:1,num_threads:128}",1
new2005000_35_aec.json.gz,5000,n,200,5000,LagrangeTemplate,highs,LTFarkas,1,2,5000,5000,0,5000,170770,200,400,0.029653,0.178627,2.803563,6749,227599.2311,16.8725,1,0,"{timeout:3600,max_col_multiplier:1,age_limit:3,random_seed:0,replication:1,num_threads:128}",1
new2005000_4_aec.json.gz,5640,n,200,5000,LagrangeTemplate,highs,LTFarkas,1,649,5639.031305,6192,8.914728682,5639.21812,0.186815142,1627,5773,1152.440137,1097.960376,2292.961206,1760326,1527.477171,13.75861578,1,0,"{timeout:3600,max_col_multiplier:1,age_limit:3,random_seed:0,replication:1,num_threads:128}",1
new2005000_5_adc.json.gz,1039055,n,200,5000,LagrangeTemplate,highs,MTFarkas,1,943,1039055,1048901,0.938696788,1039055,793.4000103,1600,6579,856.171648,1015.886615,1887.186867,1289488,1506.109205,6.690723402,1,0,"{timeout:-1,max_col_multiplier:1,age_limit:3,random_seed:100,replication:1,num_threads:128}",1
new2005000_6_eda.json.gz,285681,n,200,5000,LagrangeTemplate,highs,LTFarkas,1,14588,285680.2317,287093,0.49182669,285680.8641,0.632354379,1367,5809,3102.106169,426.362836,3590.042818,7834104,2525.414532,2.684437354,1,0,"{timeout:3600,max_col_multiplier:1,age_limit:3,random_seed:0,replication:1,num_threads:128}",1
new2005000_7_aac.json.gz,65231,n,200,5000,LagrangeTemplate,highs,LTFarkas,1,557,65230.14753,65380,0.22789844,65230.6815,0.533964117,1059,5522,286.361894,24.582687,319.401527,667214,2329.967827,6.121626418,1,0,"{timeout:3600,max_col_multiplier:1,age_limit:3,random_seed:0,replication:1,num_threads:128}",1
new2005000_8_aaa.json.gz,78342,n,200,5000,LagrangeTemplate,highs,LTFarkas,1,435,78341.00156,78826,0.614010606,78341.1165,0.114940576,1129,5211,226.935309,22.697623,260.166269,549052,2419.42077,6.460985302,1,0,"{timeout:3600,max_col_multiplier:1,age_limit:3,random_seed:0,replication:1,num_threads:128}",1
new2005000_9_aac.json.gz,130244,n,200,5000,LagrangeTemplate,highs,LTFarkas,1,548,130243.0279,134880,3.4371293,130243.4868,0.458875304,1425,5274,857.625737,102.419279,985.881431,1474803,1719.634727,13.07873498,1,0,"{timeout:3600,max_col_multiplier:1,age_limit:3,random_seed:0,replication:1,num_threads:128}",1
new20100_0_aaa.json.gz,3184,n,20,100,LagrangeTemplate,highs,LTFarkas,1,35,3183.5,3209,0.779058897,3183.5,0,30,133,0.014135,0.015907,0.036722,848,59992.92536,1.269384721,1,0,"{timeout:3600,max_col_multiplier:1,age_limit:2,random_seed:0,replication:1,num_threads:128}",1
new20100_1_eec.json.gz,26495,n,20,100,LagrangeTemplate,highs,LTFarkas,1,67,26495,26495,0,26495,0,20,129,0.047315,0.022673,0.103105,3302,69787.59379,2.137334727,1,0,"{timeout:3600,max_col_multiplier:1,age_limit:2,random_seed:0,replication:1,num_threads:128}",1
new20100_11_aec.json.gz,110,n,20,100,LagrangeTemplate,highs,LTFarkas,1,54,109.076779,112,1.785714286,109.8726592,0.79588015,83,153,0.037872,0.083185,0.133265,2208,58301.64766,1.795930545,1,0,"{timeout:3600,max_col_multiplier:1,age_limit:2,random_seed:0,replication:1,num_threads:128}",1
new20100_12_ada.json.gz,12781,n,20,100,LagrangeTemplate,highs,LTFarkas,1,92,12780.18606,13793,7.337055028,12780.51179,0.325730411,115,144,0.170032,0.321252,0.514854,4680,27524.23073,2.597313644,1,0,"{timeout:3600,max_col_multiplier:1,age_limit:2,random_seed:0,replication:1,num_threads:128}",1
new20100_13_edc.json.gz,8735,n,20,100,LagrangeTemplate,highs,LTFarkas,1,56,8734.650794,8748,0.148605396,8734.873016,0.222222222,68,147,0.040865,0.019856,0.08026,2068,50605.65276,1.767882694,1,0,"{timeout:3600,max_col_multiplier:1,age_limit:2,random_seed:0,replication:1,num_threads:128}",1
new20100_14_aaa.json.gz,4545,n,20,100,LagrangeTemplate,highs,LTFarkas,1,42,4544.623873,4954,8.255954784,4544.623873,0,66,138,0.021318,0.016096,0.046753,1324,62107.13951,1.548530055,1,0,"{timeout:3600,max_col_multiplier:1,age_limit:2,random_seed:0,replication:1,num_threads:128}",1
new20100_15_edc.json.gz,8352,n,20,100,LagrangeTemplate,highs,LTFarkas,1,67,8351.233871,8437,1.007467109,8351.532258,0.298387097,84,150,0.039187,0.016533,0.067967,2173,55452.06318,1.612822217,1,0,"{timeout:3600,max_col_multiplier:1,age_limit:2,random_seed:0,replication:1,num_threads:128}",1
new20100_16_eda.json.gz,6430,n,20,100,LagrangeTemplate,highs,LTFarkas,1,62,6429.25,6430,0,6430,0.75,20,124,0.024419,0.017954,0.050927,1040,42589.78664,0.944168239,1,0,"{timeout:3600,max_col_multiplier:1,age_limit:2,random_seed:0,replication:1,num_threads:128}",1
new20100_17_eaa.json.gz,5205,n,20,100,LagrangeTemplate,highs,LTFarkas,1,30,5205,5205,0,5205,0,20,119,0.008951,0.008888,0.023443,403,45022.90247,1.239110127,1,0,"{timeout:3600,max_col_multiplier:1,age_limit:2,random_seed:0,replication:1,num_threads:128}",1
new20100_18_eaa.json.gz,2598,n,20,100,LagrangeTemplate,highs,LTFarkas,1,43,2597.5,2608,0.383435583,2597.5,5,23,123,0.013655,0.009905,0.029972,692,50677.40754,0.930820246,1,0,"{timeout:3600,max_col_multiplier:1,age_limit:2,random_seed:0,replication:1,num_threads:128}",1
new20100_19_adc.json.gz,21769,n,20,100,LagrangeTemplate,highs,LTFarkas,1,76,21768.12533,22278,2.284765239,21768.94207,0.816732689,113,147,0.101807,0.140933,0.257439,3922,38523.8736,2.499087236,1,0,"{timeout:3600,max_col_multiplier:1,age_limit:2,random_seed:0,replication:1,num_threads:128}",1
new20100_2_eaa.json.gz,2950,n,20,100,LagrangeTemplate,highs,LTFarkas,1,18,2950,2950,0,2950,0,20,117,0.005241,0.005456,0.015719,310,59149.01736,1.214583333,1,0,"{timeout:3600,max_col_multiplier:1,age_limit:2,random_seed:0,replication:1,num_threads:128}",1
new20100_20_eda.json.gz,6691,n,20,100,LagrangeTemplate,highs,LTFarkas,1,84,6690.04342,6723,0.475977986,6690.047459,0.004039044,78,132,0.045611,0.024694,0.082314,2163,47422.77082,1.284334509,1,0,"{timeout:3600,max_col_multiplier:1,age_limit:2,random_seed:0,replication:1,num_threads:128}",1
new20100_21_eaa.json.gz,1441,n,20,100,LagrangeTemplate,highs,LTFarkas,1,41,1441,1441,0,1441,0,20,122,0.014523,0.011357,0.032776,609,41933.48482,0.810802528,1,0,"{timeout:3600,max_col_multiplier:1,age_limit:2,random_seed:0,replication:1,num_threads:128}",1
new20100_22_ada.json.gz,13648,n,20,100,LagrangeTemplate,highs,LTFarkas,1,90,13647.50562,14426,5.393040344,13647.5945,0.088887289,111,139,0.178759,0.416112,0.613655,4836,27053.18334,2.574569657,1,0,"{timeout:3600,max_col_multiplier:1,age_limit:2,random_seed:0,replication:1,num_threads:128}",1
new20100_23_aac.json.gz,3776,n,20,100,LagrangeTemplate,highs,LTFarkas,1,41,3775.021739,3949,4.380855913,3775.246377,0.224637681,57,134,0.02574,0.019111,0.062823,1355,52641.80264,1.432669153,1,0,"{timeout:3600,max_col_multiplier:1,age_limit:2,random_seed:0,replication:1,num_threads:128}",1
new20100_24_eec.json.gz,13488,n,20,100,LagrangeTemplate,highs,LTFarkas,1,68,13487.02137,13991,3.595168322,13487.07913,0.057760038,82,140,0.049617,0.024969,0.096482,3420,68927.98839,2.281060893,1,0,"{timeout:3600,max_col_multiplier:1,age_limit:2,random_seed:0,replication:1,num_threads:128}",1
new20100_25_ada.json.gz,139,n,20,100,LagrangeTemplate,highs,LTFarkas,1,33,138.6933333,141,1.418439716,139,6,27,159,0.015096,0.014558,0.037927,965,63924.21834,1.115991122,1,0,"{timeout:3600,max_col_multiplier:1,age_limit:2,random_seed:0,replication:1,num_threads:128}",1
new20100_26_eda.json.gz,6431,n,20,100,LagrangeTemplate,highs,LTFarkas,1,67,6430.133333,6431,0,6430.2,0.066666667,45,127,0.031033,0.020555,0.061744,1424,45886.63681,1.119538247,1,0,"{timeout:3600,max_col_multiplier:1,age_limit:2,random_seed:0,replication:1,num_threads:128}",1
new20100_27_eea.json.gz,2884,n,20,100,LagrangeTemplate,highs,LTFarkas,1,68,2883.666667,3005,4.026622296,2883.666667,0,59,127,0.034412,0.018671,0.064039,1793,52103.91724,1.347606446,1,0,"{timeout:3600,max_col_multiplier:1,age_limit:2,random_seed:0,replication:1,num_threads:128}",1
new20100_28_aaa.json.gz,2816,n,20,100,LagrangeTemplate,highs,LTFarkas,1,42,2815.150685,2944,4.347826087,2815.150685,0,62,139,0.021724,0.01506,0.045857,1349,62097.21966,1.430334995,1,0,"{timeout:3600,max_col_multiplier:1,age_limit:2,random_seed:0,replication:1,num_threads:128}",1
new20100_29_eda.json.gz,6479,n,20,100,LagrangeTemplate,highs,LTFarkas,1,59,6478.846154,6479,0,6478.846154,0,47,129,0.025256,0.016368,0.050492,1276,50522.64808,1.21024021,1,0,"{timeout:3600,max_col_multiplier:1,age_limit:2,random_seed:0,replication:1,num_threads:128}",1
new20100_3_eac.json.gz,1944,n,20,100,LagrangeTemplate,highs,LTFarkas,1,45,1944,1944,0,1944,0,20,123,0.016717,0.011917,0.036026,865,51743.73392,0.955363806,1,0,"{timeout:3600,max_col_multiplier:1,age_limit:2,random_seed:0,replication:1,num_threads:128}",1
new20100_31_edc.json.gz,8745,n,20,100,LagrangeTemplate,highs,LTFarkas,1,54,8744.077277,8769,0.273691413,8744.615288,0.538010647,82,146,0.03301,0.015554,0.060856,1994,60405.93759,1.909882713,1,0,"{timeout:3600,max_col_multiplier:1,age_limit:2,random_seed:0,replication:1,num_threads:128}",1
new20100_32_aaa.json.gz,1941,n,20,100,LagrangeTemplate,highs,LTFarkas,1,43,1940.617391,1951,0.512557663,1940.617391,0,53,138,0.02154,0.015876,0.047701,1124,52181.987,1.309271939,1,0,"{timeout:3600,max_col_multiplier:1,age_limit:2,random_seed:0,replication:1,num_threads:128}",1
new20100_33_aec.json.gz,100,n,20,100,LagrangeTemplate,highs,LTFarkas,1,33,100,100,2.84E-14,100,0,20,192,0.020188,0.033041,0.063712,1519,75242.71845,1.664961647,1,0,"{timeout:3600,max_col_multiplier:1,age_limit:2,random_seed:0,replication:1,num_threads:128}",1
new20100_34_eea.json.gz,2623,n,20,100,LagrangeTemplate,highs,LTFarkas,1,61,2622.333333,2628,0.190258752,2622.333333,0,38,123,0.023567,0.017927,0.049485,1212,51427.84402,1.063440882,1,0,"{timeout:3600,max_col_multiplier:1,age_limit:2,random_seed:0,replication:1,num_threads:128}",1
new20100_35_eaa.json.gz,3925,n,20,100,LagrangeTemplate,highs,LTFarkas,1,27,3925,3925,0,3925,0,20,116,0.007516,0.007706,0.020445,352,46833.42203,1.357557206,1,0,"{timeout:3600,max_col_multiplier:1,age_limit:2,random_seed:0,replication:1,num_threads:128}",1
new20100_4_eaa.json.gz,1399,n,20,100,LagrangeTemplate,highs,LTFarkas,1,2,1398.773913,1399,0,1399,7791,20,40,0.000649,0.00097,0.005716,157,241910.6317,3.925,1,0,"{timeout:3600,max_col_multiplier:1,age_limit:2,random_seed:0,replication:1,num_threads:128}",1
new20100_5_eac.json.gz,1614,n,20,100,LagrangeTemplate,highs,LTFarkas,1,42,1613.2,1615,0.061919505,1613.4,0.2,41,129,0.013699,0.013091,0.033733,712,51974.59669,1.130188352,1,0,"{timeout:3600,max_col_multiplier:1,age_limit:2,random_seed:0,replication:1,num_threads:128}",1
new20100_6_adc.json.gz,16593,n,20,100,LagrangeTemplate,highs,LTFarkas,1,57,16592.39915,16999,2.388375787,16592.39915,0,95,145,0.042616,0.07197,0.13007,2876,67486.39009,2.128081656,1,0,"{timeout:3600,max_col_multiplier:1,age_limit:2,random_seed:0,replication:1,num_threads:128}",1
new20100_7_adc.json.gz,20563,n,20,100,LagrangeTemplate,highs,LTFarkas,1,92,20562.23839,20938,1.791002006,20562.23839,0,103,132,0.075117,0.117383,0.208296,4162,55406.89857,2.373326639,1,0,"{timeout:3600,max_col_multiplier:1,age_limit:2,random_seed:0,replication:1,num_threads:128}",1
new20100_8_aac.json.gz,10292,n,20,100,LagrangeTemplate,highs,LTFarkas,1,44,10291.6069,10644,3.307027433,10291.67203,0.065127141,78,140,0.027877,0.037342,0.077157,1848,66291.20781,1.551276815,1,0,"{timeout:3600,max_col_multiplier:1,age_limit:2,random_seed:0,replication:1,num_threads:128}",1
new20100_9_aaa.json.gz,6876,n,20,100,LagrangeTemplate,highs,LTFarkas,1,48,6875.40678,6981,1.50408251,6875.40678,0,64,124,0.021538,0.027703,0.058764,1179,54740.45872,1.28105754,1,0,"{timeout:3600,max_col_multiplier:1,age_limit:2,random_seed:0,replication:1,num_threads:128}",1
new201600_0_eac.json.gz,91967,n,20,1600,LagrangeTemplate,highs,LTFarkas,1,1208,91966.14801,92074.99994,0.117295619,91966.14801,0,105,1633,191.474359,4.977204,197.034977,198941,1038.995514,8.298800562,1,0,"{timeout:3600,max_col_multiplier:1,age_limit:8,random_seed:0,replication:1,num_threads:128}",1
new201600_1_edc.json.gz,136809,n,20,1600,LagrangeTemplate,highs,LTFarkas,1,1255,136808.0154,136894,0.062091837,136808.2563,0.240900921,108,1790,181.965074,15.769408,198.461417,164807,905.7067732,6.455551224,1,0,"{timeout:3600,max_col_multiplier:1,age_limit:8,random_seed:0,replication:1,num_threads:128}",1
new201600_10_ada.json.gz,26950,n,20,1600,LagrangeTemplate,highs,LTFarkas,1,1081,26949.01039,27083,0.491082967,26949.34033,0.32993096,148,1802,196.765064,87.065964,284.652302,122932,624.7653801,5.495520095,1,0,"{timeout:3600,max_col_multiplier:1,age_limit:8,random_seed:0,replication:1,num_threads:128}",1
new201600_11_aaa.json.gz,129881,n,20,1600,LagrangeTemplate,highs,LTFarkas,1,978,129880.0256,130215,0.256498863,129880.2852,0.259622006,150,1637,148.026165,62.359228,211.040939,146052,986.6634051,7.461489925,1,0,"{timeout:3600,max_col_multiplier:1,age_limit:8,random_seed:0,replication:1,num_threads:128}",1
new201600_12_eaa.json.gz,74706,n,20,1600,LagrangeTemplate,highs,LTFarkas,1,590,74705.5,74706,4.09E-13,74706,0.5,20,1629,7.044446,1.7981,9.053205,15659,2222.885944,1.485950532,1,0,"{timeout:3600,max_col_multiplier:1,age_limit:8,random_seed:0,replication:1,num_threads:128}",1
new201600_13_eea.json.gz,66963,n,20,1600,LagrangeTemplate,highs,LTFarkas,1,1277,66962.01545,67228,0.394180996,66962.28746,0.27201164,140,1718,192.285857,32.156782,225.284531,171048,889.5506028,6.538388687,1,0,"{timeout:3600,max_col_multiplier:1,age_limit:8,random_seed:0,replication:1,num_threads:128}",1
new201600_14_aea.json.gz,44602,n,20,1600,LagrangeTemplate,highs,LTFarkas,1,1158,44601.00739,44769,0.373025974,44601.12288,0.115495558,151,1711,222.912575,83.34453,307.18733,160529,720.1433118,6.642339488,1,0,"{timeout:3600,max_col_multiplier:1,age_limit:8,random_seed:0,replication:1,num_threads:128}",1
new201600_15_adc.json.gz,523724,n,20,1600,LagrangeTemplate,highs,LTFarkas,1,1393,523723.0096,525577,0.352564895,523723.1368,0.1271218,189,1760,564.88856,491.149031,1057.172155,163753,289.8854953,5.715873599,1,0,"{timeout:3600,max_col_multiplier:1,age_limit:8,random_seed:0,replication:1,num_threads:128}",1
new201600_16_aec.json.gz,2744,n,20,1600,LagrangeTemplate,highs,LTFarkas,1,929,2743.012445,2799,1.964987495,2743.055533,0.043087893,175,1729,125.479934,221.822313,348.152581,96037,765.3574316,4.886694045,1,0,"{timeout:3600,max_col_multiplier:1,age_limit:8,random_seed:0,replication:1,num_threads:128}",1
new201600_17_aaa.json.gz,119016,n,20,1600,LagrangeTemplate,highs,LTFarkas,1,823,119015.0979,120213,0.995732575,119015.9952,0.897312337,156,1642,134.630296,59.857754,195.080798,66224,491.8952269,3.861316554,1,0,"{timeout:3600,max_col_multiplier:1,age_limit:8,random_seed:0,replication:1,num_threads:128}",1
new201600_18_aaa.json.gz,140223,n,20,1600,LagrangeTemplate,highs,LTFarkas,1,1165,140222.0117,141038,0.577858449,140222.2962,0.28449533,155,1643,191.066934,88.424034,280.24411,201224,1053.159727,8.580834938,1,0,"{timeout:3600,max_col_multiplier:1,age_limit:8,random_seed:0,replication:1,num_threads:128}",1
new201600_19_aac.json.gz,81573,n,20,1600,LagrangeTemplate,highs,LTFarkas,1,1053,81572.18908,81883,0.378588956,81572.29214,0.103057636,158,1684,131.491665,50.215257,182.416959,129332,983.575651,6.004144029,1,0,"{timeout:3600,max_col_multiplier:1,age_limit:8,random_seed:0,replication:1,num_threads:128}",1
new201600_2_aaa.json.gz,179521,n,20,1600,LagrangeTemplate,highs,LTFarkas,1,984,179520.0403,181492,1.085998281,179520.686,0.645646619,151,1655,138.747631,80.41598,219.867862,112169,808.4390284,5.51468671,1,0,"{timeout:3600,max_col_multiplier:1,age_limit:8,random_seed:0,replication:1,num_threads:128}",1
new201600_20_edc.json.gz,133428,n,20,1600,LagrangeTemplate,highs,LTFarkas,1,1321,133427.0532,133497,0.051686553,133427.3131,0.259955977,100,1815,251.551142,17.421306,269.71464,224757,893.4843158,8.365495408,1,0,"{timeout:3600,max_col_multiplier:1,age_limit:8,random_seed:0,replication:1,num_threads:128}",1
new201600_21_eaa.json.gz,38212,n,20,1600,LagrangeTemplate,highs,LTFarkas,1,869,38211.11485,38212,1.66E-12,38212,0.885145482,20,1646,18.768111,2.94141,21.970995,16626,885.8643259,2.518654054,1,0,"{timeout:3600,max_col_multiplier:1,age_limit:8,random_seed:0,replication:1,num_threads:128}",1
new201600_22_aec.json.gz,22292,n,20,1600,LagrangeTemplate,highs,LTFarkas,1,1101,22291.07421,22479,0.831887539,22291.29929,0.225081777,164,1819,164.841041,109.094756,274.862192,120678,732.087102,5.22316905,1,0,"{timeout:3600,max_col_multiplier:1,age_limit:8,random_seed:0,replication:1,num_threads:128}",1
new201600_23_aea.json.gz,1600,n,20,1600,LagrangeTemplate,highs,LTFarkas,1,0,1600,1600,0,1600,0,0,0,0.075523,0.075523,0.061038,1600,,,1,0,"{timeout:3600,max_col_multiplier:1,age_limit:8,random_seed:0,replication:1,num_threads:128}",1
new201600_24_aac.json.gz,71829,n,20,1600,LagrangeTemplate,highs,LTFarkas,1,969,71828.07259,72117,0.399351054,71828.23187,0.159281757,146,1644,115.839251,44.130374,160.655209,104774,904.4775333,5.329252923,1,0,"{timeout:3600,max_col_multiplier:1,age_limit:8,random_seed:0,replication:1,num_threads:128}",1
new201600_25_eda.json.gz,115748,n,20,1600,LagrangeTemplate,highs,LTFarkas,1,1403,115747.0389,115878,0.112186955,115747.8142,0.775263867,127,1801,188.942131,29.650385,219.340073,144395,764.2287045,5.033628161,1,0,"{timeout:3600,max_col_multiplier:1,age_limit:8,random_seed:0,replication:1,num_threads:128}",1
new201600_26_ada.json.gz,398172,n,20,1600,LagrangeTemplate,highs,LTFarkas,1,1310,398171.0294,399152,0.245520503,398171.8669,0.837507843,199,1874,469.497462,450.014693,920.669932,157863,336.2382393,5.824299585,1,0,"{timeout:3600,max_col_multiplier:1,age_limit:8,random_seed:0,replication:1,num_threads:128}",1
new201600_27_aec.json.gz,18469,n,20,1600,LagrangeTemplate,highs,LTFarkas,1,987,18468.04347,18613,0.773652823,18468.72505,0.681584012,163,1916,174.653997,133.487646,309.010724,120338,689.0079933,5.787186217,1,0,"{timeout:3600,max_col_multiplier:1,age_limit:8,random_seed:0,replication:1,num_threads:128}",1
new201600_28_eea.json.gz,74043,n,20,1600,LagrangeTemplate,highs,LTFarkas,1,1234,74042.03158,74425,0.513268391,74042.96739,0.935805446,143,1792,143.663471,32.807495,177.357693,107541,748.5618943,4.180566347,1,0,"{timeout:3600,max_col_multiplier:1,age_limit:8,random_seed:0,replication:1,num_threads:128}",1
new201600_29_eda.json.gz,114163,n,20,1600,LagrangeTemplate,highs,LTFarkas,1,2376,114162.0195,114208.9999,0.040276949,114162.1353,0.115827425,127,1706,2122.743128,41.061878,2164.983087,754780,355.5682221,15.83084581,1,0,"{timeout:3600,max_col_multiplier:1,age_limit:8,random_seed:0,replication:1,num_threads:128}",1
new201600_3_aec.json.gz,2539,n,20,1600,LagrangeTemplate,highs,LTFarkas,1,1029,2538.035066,2571,1.244651884,2538.349022,0.313955912,182,1857,157.634468,207.534591,365.98747,128698,816.4331166,5.999771872,1,0,"{timeout:3600,max_col_multiplier:1,age_limit:8,random_seed:0,replication:1,num_threads:128}",1
new201600_30_eaa.json.gz,19292,n,20,1600,LagrangeTemplate,highs,LTFarkas,1,665,19292,19292,0,19292,96.5,20,1702,6.848045,1.850329,8.941746,12360,1804.894682,0.848718378,1,0,"{timeout:3600,max_col_multiplier:1,age_limit:8,random_seed:0,replication:1,num_threads:128}",1
new201600_31_ada.json.gz,337879,n,20,1600,LagrangeTemplate,highs,LTFarkas,1,1466,337878.0028,338450,0.168710297,337878.5519,0.549020001,206,1834,572.005038,477.874085,1051.060962,177311,309.9815355,5.89232328,1,0,"{timeout:3600,max_col_multiplier:1,age_limit:8,random_seed:100,replication:1,num_threads:128}",1
new201600_33_eac.json.gz,66352,n,20,1600,LagrangeTemplate,highs,LTFarkas,1,1164,66351.07259,66390,0.057237533,66351.14331,0.070716432,116,1631,113.507504,4.908896,118.929395,118062,1040.125065,5.193434957,1,0,"{timeout:3600,max_col_multiplier:1,age_limit:8,random_seed:0,replication:1,num_threads:128}",1
new201600_34_eec.json.gz,348776,n,20,1600,LagrangeTemplate,highs,LTFarkas,1,1404,348772.4555,348776,0.000860148,348776,3.544529633,20,1883,226.362876,24.480449,252.132441,277891,1227.635047,9.646762299,1,0,"{timeout:3600,max_col_multiplier:1,age_limit:8,random_seed:0,replication:1,num_threads:128}",1
new201600_35_aea.json.gz,1610,n,20,1600,LagrangeTemplate,highs,LTFarkas,1,0,1610,1610,0,1610,0,0,0,0.075259,0.07526,0.060524,1600,,,1,0,"{timeout:3600,max_col_multiplier:1,age_limit:8,random_seed:0,replication:1,num_threads:128}",1
new201600_4_edc.json.gz,140970,n,20,1600,LagrangeTemplate,highs,LTFarkas,1,1398,140969.0027,141001,0.021985656,140969.2274,0.224691202,92,1673,183.164698,12.30955,196.256607,234807,1281.944625,8.375533409,1,0,"{timeout:3600,max_col_multiplier:1,age_limit:8,random_seed:0,replication:1,num_threads:128}",1
new201600_5_eec.json.gz,196151,n,20,1600,LagrangeTemplate,highs,LTFarkas,1,1168,196150.102,196545.9999,0.200970738,196150.75,0.64802808,74,1735,157.268525,29.500506,187.818708,156839,997.2688432,6.540356642,1,0,"{timeout:3600,max_col_multiplier:1,age_limit:8,random_seed:0,replication:1,num_threads:128}",1
new201600_6_edc.json.gz,140577,n,20,1600,LagrangeTemplate,highs,LTFarkas,1,1472,140576.0775,140602,0.017780682,140576.6463,0.568779162,85,1749,309.909128,14.139695,324.889895,369150,1191.155622,12.41660949,1,0,"{timeout:3600,max_col_multiplier:1,age_limit:8,random_seed:0,replication:1,num_threads:128}",1
new201600_7_eec.json.gz,305858,n,20,1600,LagrangeTemplate,highs,LTFarkas,1,1266,305857.0234,305934.9999,0.025168711,305857.0937,0.0703125,85,1652,309.591787,23.732766,334.455344,300989,972.2124831,11.65215958,1,0,"{timeout:3600,max_col_multiplier:1,age_limit:8,random_seed:0,replication:1,num_threads:128}",1
new201600_8_aea.json.gz,1600,n,20,1600,LagrangeTemplate,highs,LTFarkas,1,0,1600,1600,0,1600,0,0,0,0.075379,0.075379,0.06047,1600,,,1,0,"{timeout:3600,max_col_multiplier:1,age_limit:8,random_seed:0,replication:1,num_threads:128}",1
new201600_9_eec.json.gz,224872,n,20,1600,LagrangeTemplate,highs,LTFarkas,1,1414,224871.0177,224879,0.003112784,224871.3404,0.322695035,83,1714,266.17356,34.643161,302.032885,291088,1093.602235,10.05291503,1,0,"{timeout:3600,max_col_multiplier:1,age_limit:8,random_seed:0,replication:1,num_threads:128}",1
new20200_0_eda.json.gz,12584,n,20,200,LagrangeTemplate,highs,LTFarkas,1,145,12583.1485,12642,0.458788166,12583.83761,0.689102564,72,248,0.133717,0.086135,0.240838,4863,36367.85151,1.617465108,1,0,"{timeout:3600,max_col_multiplier:1,age_limit:2,random_seed:0,replication:1,num_threads:128}",1
new20200_1_eac.json.gz,7700,n,20,200,LagrangeTemplate,highs,LTFarkas,1,104,7699.373333,7702,0.025967281,7699.373333,0,65,230,0.088254,0.034293,0.144441,2978,33743.51304,1.511022596,1,0,"{timeout:3600,max_col_multiplier:1,age_limit:2,random_seed:0,replication:1,num_threads:128}",1
new20200_10_edc.json.gz,17096,n,20,200,LagrangeTemplate,highs,LTFarkas,1,168,17095.41858,17124,0.163513198,17095.88877,0.470184634,93,244,0.22852,0.088163,0.344671,7588,33204.97112,2.205442662,1,0,"{timeout:3600,max_col_multiplier:1,age_limit:2,random_seed:0,replication:1,num_threads:128}",1
new20200_11_aaa.json.gz,2790,n,20,200,LagrangeTemplate,highs,LTFarkas,1,109,2789.166168,2809,0.676397294,2789.566143,0.399975087,86,234,0.189726,0.208183,0.42142,4846,25542.09755,2.117694367,1,0,"{timeout:3600,max_col_multiplier:1,age_limit:2,random_seed:0,replication:1,num_threads:128}",1
new20200_12_eaa.json.gz,9465,n,20,200,LagrangeTemplate,highs,LTFarkas,1,50,9464.25,9465,0,9465,0.75,20,222,0.021681,0.01558,0.052729,583,26889.9036,1.212330409,1,0,"{timeout:3600,max_col_multiplier:1,age_limit:2,random_seed:0,replication:1,num_threads:128}",1
new20200_13_aea.json.gz,2452,n,20,200,LagrangeTemplate,highs,LTFarkas,1,161,2451.317902,2516,2.543720191,2451.454519,0.136617111,124,252,0.429382,0.456444,0.926706,8634,20107.96913,2.513046115,1,0,"{timeout:3600,max_col_multiplier:1,age_limit:2,random_seed:0,replication:1,num_threads:128}",1
new20200_14_edc.json.gz,16602,n,20,200,LagrangeTemplate,highs,LTFarkas,1,163,16601.33349,16671,0.413892388,16601.61743,0.283937104,103,267,0.219885,0.087516,0.348514,7489,34058.71251,2.242589423,1,0,"{timeout:3600,max_col_multiplier:1,age_limit:2,random_seed:0,replication:1,num_threads:128}",1
new20200_15_edc.json.gz,17467,n,20,200,LagrangeTemplate,highs,LTFarkas,1,116,17466.34942,17508,0.234178661,17466.8792,0.529777778,83,250,0.143266,0.054181,0.222527,5342,37287.28379,2.159388768,1,0,"{timeout:3600,max_col_multiplier:1,age_limit:2,random_seed:0,replication:1,num_threads:128}",1
new20200_16_aac.json.gz,7599,n,20,200,LagrangeTemplate,highs,LTFarkas,1,98,7598.038632,7875,3.504761905,7598.038632,0,93,235,0.204346,0.309065,0.539565,3889,19031.44666,1.864876389,1,0,"{timeout:3600,max_col_multiplier:1,age_limit:2,random_seed:0,replication:1,num_threads:128}",1
new20200_17_aaa.json.gz,14737,n,20,200,LagrangeTemplate,highs,LTFarkas,1,108,14736.37244,15816,6.822205362,14736.37244,0,82,242,0.217769,0.254681,0.513065,4761,21862.61589,2.049043301,1,0,"{timeout:3600,max_col_multiplier:1,age_limit:2,random_seed:0,replication:1,num_threads:128}",1
new20200_18_aaa.json.gz,7134,n,20,200,LagrangeTemplate,highs,LTFarkas,1,89,7133.607306,7376,3.280911063,7133.71588,0.108574328,87,235,0.15454,0.180864,0.366836,3364,21767.8271,1.738874466,1,0,"{timeout:3600,max_col_multiplier:1,age_limit:2,random_seed:0,replication:1,num_threads:128}",1
new20200_19_aac.json.gz,23828,n,20,200,LagrangeTemplate,highs,LTFarkas,1,86,23827.1374,24337,2.09146567,23827.25443,0.117036011,86,251,0.106398,0.122213,0.258866,3682,34605.91364,1.965461878,1,0,"{timeout:3600,max_col_multiplier:1,age_limit:2,random_seed:0,replication:1,num_threads:128}",1
new20200_2_adc.json.gz,38242,n,20,200,LagrangeTemplate,highs,LTFarkas,1,198,38241.00232,39053,2.076665045,38241.16721,0.164884522,148,247,0.772589,1.024585,1.863317,12423,16079.70085,3.065575876,1,0,"{timeout:3600,max_col_multiplier:1,age_limit:2,random_seed:0,replication:1,num_threads:128}",1
new20200_20_aec.json.gz,1998,n,20,200,LagrangeTemplate,highs,LTFarkas,1,132,1997.340562,2047,2.393746947,1997.418994,0.078431926,116,244,0.406696,0.580782,1.027456,7829,19250.2508,2.762180444,1,0,"{timeout:3600,max_col_multiplier:1,age_limit:2,random_seed:0,replication:1,num_threads:128}",1
new20200_21_eea.json.gz,4994,n,20,200,LagrangeTemplate,highs,LTFarkas,1,132,4993.005291,5059,1.284838901,4993.592593,0.587301587,70,230,0.121353,0.076709,0.229339,4610,37988.34804,1.680579832,1,0,"{timeout:3600,max_col_multiplier:1,age_limit:2,random_seed:0,replication:1,num_threads:128}",1
new20200_22_eec.json.gz,24663,n,20,200,LagrangeTemplate,highs,LTFarkas,1,140,24662.09836,25000,1.348,24662.57377,0.475409836,96,235,0.178801,0.103528,0.327932,7735,43260.38445,2.482749563,1,0,"{timeout:3600,max_col_multiplier:1,age_limit:2,random_seed:0,replication:1,num_threads:128}",1
new20200_23_eea.json.gz,5470,n,20,200,LagrangeTemplate,highs,LTFarkas,1,147,5469.214938,5522,0.941687794,5469.260106,0.045167802,94,228,0.141152,0.087596,0.250176,5065,35883.30311,1.685141978,1,0,"{timeout:3600,max_col_multiplier:1,age_limit:2,random_seed:0,replication:1,num_threads:128}",1
new20200_24_eaa.json.gz,8009,n,20,200,LagrangeTemplate,highs,LTFarkas,1,56,8009,8009,0,8009,0,20,222,0.029153,0.016258,0.056681,879,30151.27088,1.285377447,1,0,"{timeout:3600,max_col_multiplier:1,age_limit:2,random_seed:0,replication:1,num_threads:128}",1
new20200_25_ada.json.gz,6091,n,20,200,LagrangeTemplate,highs,LTFarkas,1,199,6090.137651,6589,7.558051298,6090.268214,0.130563097,151,229,0.727342,1.442441,2.213152,10745,14772.96787,2.688414156,1,0,"{timeout:3600,max_col_multiplier:1,age_limit:2,random_seed:0,replication:1,num_threads:128}",1
new20200_26_aec.json.gz,235,n,20,200,LagrangeTemplate,highs,LTFarkas,1,144,234.1792485,251,6.374501992,234.8606518,0.681403316,103,270,0.377653,0.879943,1.318856,7269,19247.82803,2.29398591,1,0,"{timeout:3600,max_col_multiplier:1,age_limit:2,random_seed:0,replication:1,num_threads:128}",1
new20200_27_edc.json.gz,17811,n,20,200,LagrangeTemplate,highs,LTFarkas,1,114,17810.11554,17819,0.044895898,17810.96215,0.846613546,63,242,0.12346,0.050827,0.21726,4656,37712.61947,1.849674447,1,0,"{timeout:3600,max_col_multiplier:1,age_limit:2,random_seed:0,replication:1,num_threads:128}",1
new20200_28_adc.json.gz,71581,n,20,200,LagrangeTemplate,highs,LTFarkas,1,162,71580.01249,72172,0.818877127,71580.16964,0.157143397,144,245,0.613746,0.881924,1.537028,9848,16045.72576,2.932875237,1,0,"{timeout:3600,max_col_multiplier:1,age_limit:2,random_seed:0,replication:1,num_threads:128}",1
new20200_29_ada.json.gz,40776,n,20,200,LagrangeTemplate,highs,LTFarkas,1,224,40775.12815,41537,1.8321015,40775.25283,0.1246821,162,245,1.062627,2.573153,3.705827,14927,14047.26212,3.254605794,1,0,"{timeout:3600,max_col_multiplier:1,age_limit:2,random_seed:0,replication:1,num_threads:128}",1
new20200_3_aaa.json.gz,7231,n,20,200,LagrangeTemplate,highs,LTFarkas,1,113,7230.554888,7267,0.49539012,7230.554888,0,79,222,0.138551,0.165368,0.324744,4210,30385.92287,1.908409149,1,0,"{timeout:3600,max_col_multiplier:1,age_limit:2,random_seed:0,replication:1,num_threads:128}",1
new20200_30_edc.json.gz,16409,n,20,200,LagrangeTemplate,highs,LTFarkas,1,170,16408.13482,16452,0.261366399,16408.80261,0.66779199,109,275,0.248341,0.0931,0.384774,8374,33719.76436,2.386297473,1,0,"{timeout:3600,max_col_multiplier:1,age_limit:2,random_seed:0,replication:1,num_threads:128}",1
new20200_31_ada.json.gz,2094,n,20,200,LagrangeTemplate,highs,LTFarkas,1,155,2093.211389,2371,11.68283425,2093.260625,0.049236215,122,229,0.439841,0.495149,0.971112,8796,19998.13569,2.646358249,1,0,"{timeout:3600,max_col_multiplier:1,age_limit:2,random_seed:0,replication:1,num_threads:128}",1
new20200_32_eec.json.gz,33599,n,20,200,LagrangeTemplate,highs,LTFarkas,1,157,33598.61765,33599,0,33599,0.382352941,20,236,0.247247,0.106833,0.418732,9724,39329.09196,2.728263049,1,0,"{timeout:3600,max_col_multiplier:1,age_limit:2,random_seed:0,replication:1,num_threads:128}",1
new20200_33_aec.json.gz,5749,n,20,200,LagrangeTemplate,highs,LTFarkas,1,155,5748.054203,6104,5.815858453,5748.065434,0.011231468,126,256,0.413541,0.316576,0.773804,8832,21357.01176,2.608273459,1,0,"{timeout:3600,max_col_multiplier:1,age_limit:2,random_seed:0,replication:1,num_threads:128}",1
new20200_34_eda.json.gz,12935,n,20,200,LagrangeTemplate,highs,LTFarkas,1,153,12934.05646,13023,0.675727559,12934.54709,0.490628413,112,251,0.174194,0.104841,0.30859,5865,33669.35715,1.838387059,1,0,"{timeout:3600,max_col_multiplier:1,age_limit:2,random_seed:0,replication:1,num_threads:128}",1
new20200_35_edc.json.gz,17289,n,20,200,LagrangeTemplate,highs,LTFarkas,1,129,17288.05721,17329,0.230826938,17288.11951,0.062304075,82,225,0.1645,0.062141,0.251947,5824,35404.25532,2.126616549,1,0,"{timeout:3600,max_col_multiplier:1,age_limit:2,random_seed:0,replication:1,num_threads:128}",1
new20200_4_ada.json.gz,39240,n,20,200,LagrangeTemplate,highs,LTFarkas,1,224,39239.61312,40898,4.05398797,39239.82986,0.216742352,163,268,1.032872,2.249949,3.34143,14502,14040.46194,3.103455682,1,0,"{timeout:3600,max_col_multiplier:1,age_limit:2,random_seed:0,replication:1,num_threads:128}",1
new20200_5_aec.json.gz,2334,n,20,200,LagrangeTemplate,highs,LTFarkas,1,132,2333.08203,2439,4.30504305,2333.386536,0.304506426,114,238,0.351936,0.430348,0.844029,7190,20429.85088,2.491008418,1,0,"{timeout:3600,max_col_multiplier:1,age_limit:2,random_seed:0,replication:1,num_threads:128}",1
new20200_6_ada.json.gz,14439,n,20,200,LagrangeTemplate,highs,LTFarkas,1,220,14438.00206,14822,2.583996762,14438.00302,0.000957677,157,234,0.861983,1.887492,2.813967,13145,15249.7207,2.912876322,1,0,"{timeout:3600,max_col_multiplier:1,age_limit:2,random_seed:0,replication:1,num_threads:128}",1
new20200_7_aea.json.gz,200,n,20,200,LagrangeTemplate,highs,LTFarkas,1,0,200,200,0,200,0,0,0,0.02778,0.02778,0.014087,200,,,1,0,"{timeout:3600,max_col_multiplier:1,age_limit:2,random_seed:0,replication:1,num_threads:128}",1
new20200_8_eec.json.gz,30150,n,20,200,LagrangeTemplate,highs,LTFarkas,1,162,30149.09418,30169,0.062978554,30149.09418,0,94,226,0.247227,0.107627,0.41558,9656,39057.22271,2.758949992,1,0,"{timeout:3600,max_col_multiplier:1,age_limit:2,random_seed:0,replication:1,num_threads:128}",1
new20200_9_aec.json.gz,200,n,20,200,LagrangeTemplate,highs,LTFarkas,1,44,200,201,0.497512438,200,35,29,302,0.036541,0.096895,0.156677,1649,45127.39115,1.185975845,1,0,"{timeout:3600,max_col_multiplier:1,age_limit:2,random_seed:0,replication:1,num_threads:128}",1
new20400_0_aea.json.gz,406,n,20,400,LagrangeTemplate,highs,LTFarkas,1,0,406,406,0,406,0,0,0,0.023058,0.023058,0.01369,400,,,1,0,"{timeout:3600,max_col_multiplier:1,age_limit:2,random_seed:0,replication:1,num_threads:128}",1
new20400_1_aea.json.gz,400,n,20,400,LagrangeTemplate,highs,LTFarkas,1,0,400,400,0,400,0,0,0,0.02278,0.02278,0.013495,400,,,1,0,"{timeout:3600,max_col_multiplier:1,age_limit:2,random_seed:0,replication:1,num_threads:128}",1
new20400_10_eaa.json.gz,11849,n,20,400,LagrangeTemplate,highs,LTFarkas,1,112,11848.45455,11849,0,11849,33.33333333,20,424,0.092888,0.043872,0.15881,1232,13263.28482,1.238241595,1,0,"{timeout:3600,max_col_multiplier:1,age_limit:2,random_seed:0,replication:1,num_threads:128}",1
new20400_11_aaa.json.gz,26571,n,20,400,LagrangeTemplate,highs,LTFarkas,1,256,26570.30342,26657,0.322616949,26570.30342,0,99,422,1.353978,1.487175,2.909939,12734,9404.879548,2.414889138,1,0,"{timeout:3600,max_col_multiplier:1,age_limit:2,random_seed:0,replication:1,num_threads:128}",1
new20400_12_aaa.json.gz,7739,n,20,400,LagrangeTemplate,highs,LTFarkas,1,245,7738.582571,7783,0.565334704,7738.782194,0.199622184,101,433,1.313467,1.766949,3.162449,10747,8182.162171,2.080567006,1,0,"{timeout:3600,max_col_multiplier:1,age_limit:2,random_seed:0,replication:1,num_threads:128}",1
new20400_13_eaa.json.gz,6616,n,20,400,LagrangeTemplate,highs,LTFarkas,1,63,6615.111111,6616,0,6616,0.888888889,20,423,0.051316,0.026109,0.110156,1070,20851.19651,1.153441216,1,0,"{timeout:3600,max_col_multiplier:1,age_limit:2,random_seed:0,replication:1,num_threads:128}",1
new20400_14_edc.json.gz,33578,n,20,400,LagrangeTemplate,highs,LTFarkas,1,325,33577.00405,33646,0.202104262,33577.01056,0.006510851,112,428,0.839734,0.394283,1.296472,12740,15171.47097,1.896218575,1,0,"{timeout:3600,max_col_multiplier:1,age_limit:2,random_seed:0,replication:1,num_threads:128}",1
new20400_15_eac.json.gz,15131,n,20,400,LagrangeTemplate,highs,LTFarkas,1,216,15130.5242,15248,0.767313746,15130.5242,0,102,436,0.509701,0.135009,0.68919,9837,19299.55013,2.157543408,1,0,"{timeout:3600,max_col_multiplier:1,age_limit:2,random_seed:0,replication:1,num_threads:128}",1
new20400_16_edc.json.gz,34220,n,20,400,LagrangeTemplate,highs,LTFarkas,1,332,34219.01627,34282,0.180852926,34219.04189,0.025624251,109,444,0.939557,0.389028,1.394878,15343,16330.03639,2.223528958,1,0,"{timeout:3600,max_col_multiplier:1,age_limit:2,random_seed:0,replication:1,num_threads:128}",1
new20400_17_aea.json.gz,400,n,20,400,LagrangeTemplate,highs,LTFarkas,1,0,400,400,0,400,0,0,0,0.022869,0.022869,0.01354,400,,,1,0,"{timeout:3600,max_col_multiplier:1,age_limit:2,random_seed:0,replication:1,num_threads:128}",1
new20400_18_aec.json.gz,400,n,20,400,LagrangeTemplate,highs,LTFarkas,1,83,400,405,1.234567901,400,231,28,507,0.264092,0.518826,0.840992,3203,12128.34921,1.289976573,1,0,"{timeout:3600,max_col_multiplier:1,age_limit:2,random_seed:0,replication:1,num_threads:128}",1
new20400_19_eac.json.gz,26702,n,20,400,LagrangeTemplate,highs,LTFarkas,1,224,26701.49198,26943,0.894480941,26701.68786,0.195883387,90,425,0.48298,0.132476,0.672429,7846,16244.97909,1.807307916,1,0,"{timeout:3600,max_col_multiplier:1,age_limit:2,random_seed:0,replication:1,num_threads:128}",1
new20400_2_edc.json.gz,33052,n,20,400,LagrangeTemplate,highs,LTFarkas,1,370,33051.02233,33101,0.148031782,33051.34316,0.320835089,113,438,1.088922,0.47259,1.632483,18139,16657.75877,2.359123917,1,0,"{timeout:3600,max_col_multiplier:1,age_limit:2,random_seed:0,replication:1,num_threads:128}",1
new20400_20_eaa.json.gz,9659,n,20,400,LagrangeTemplate,highs,LTFarkas,1,158,9658.023012,9659,1.88E-14,9659,0.976988285,20,427,0.162698,0.07865,0.266135,2072,12735.25182,1.638514834,1,0,"{timeout:3600,max_col_multiplier:1,age_limit:2,random_seed:0,replication:1,num_threads:128}",1
new20400_21_adc.json.gz,94524,n,20,400,LagrangeTemplate,highs,LTFarkas,1,452,94523.06169,95742,1.272168954,94523.85463,0.792944865,168,460,4.920665,15.798442,20.861954,28980,5889.447869,3.061154454,1,0,"{timeout:3600,max_col_multiplier:1,age_limit:2,random_seed:0,replication:1,num_threads:128}",1
new20400_22_aea.json.gz,400,n,20,400,LagrangeTemplate,highs,LTFarkas,1,0,400,400,0,400,0,0,0,0.043632,0.043632,0.027816,400,,,1,0,"{timeout:3600,max_col_multiplier:1,age_limit:2,random_seed:0,replication:1,num_threads:128}",1
new20400_23_aec.json.gz,16816,n,20,400,LagrangeTemplate,highs,LTFarkas,1,357,16815.03006,17196,2.209816236,16815.07164,0.04158511,117,430,2.337593,1.915901,4.384442,21703,9284.336495,2.814106604,1,0,"{timeout:3600,max_col_multiplier:1,age_limit:2,random_seed:0,replication:1,num_threads:128}",1
new20400_24_eac.json.gz,6542,n,20,400,LagrangeTemplate,highs,LTFarkas,1,176,6541.210017,6573,0.47162635,6541.621377,0.411360532,96,440,0.32522,0.107154,0.482216,6142,18885.67739,1.615978051,1,0,"{timeout:3600,max_col_multiplier:1,age_limit:2,random_seed:0,replication:1,num_threads:128}",1
new20400_25_ada.json.gz,35543,n,20,400,LagrangeTemplate,highs,LTFarkas,1,473,35542.03348,35826,0.789929102,35542.11744,0.083969111,181,452,5.030398,10.675612,15.849818,30299,6023.181466,3.075898232,1,0,"{timeout:3600,max_col_multiplier:1,age_limit:2,random_seed:0,replication:1,num_threads:128}",1
new20400_26_edc.json.gz,33558,n,20,400,LagrangeTemplate,highs,LTFarkas,1,391,33557.00327,33582,0.071466857,33557.06871,0.065438261,101,458,1.269753,0.516242,1.874514,19995,15747.15712,2.487659581,1,0,"{timeout:3600,max_col_multiplier:1,age_limit:2,random_seed:0,replication:1,num_threads:128}",1
new20400_27_aea.json.gz,423,n,20,400,LagrangeTemplate,highs,LTFarkas,1,0,423,423,0,423,0,0,0,0.022953,0.022953,0.013161,400,,,1,0,"{timeout:3600,max_col_multiplier:1,age_limit:2,random_seed:0,replication:1,num_threads:128}",1
new20400_28_eac.json.gz,14173,n,20,400,LagrangeTemplate,highs,LTFarkas,1,228,14172.20775,14208,0.24634009,14172.20775,0,92,422,0.598738,0.137677,0.781622,11089,18520.62171,2.348993581,1,0,"{timeout:3600,max_col_multiplier:1,age_limit:2,random_seed:0,replication:1,num_threads:128}",1
new20400_29_eec.json.gz,160449,n,20,400,LagrangeTemplate,highs,LTFarkas,1,273,160448.1724,160517,0.042363114,160448.931,0.75862069,48,429,0.78787,0.334098,1.239949,15519,19697.41201,2.460379684,1,0,"{timeout:3600,max_col_multiplier:1,age_limit:2,random_seed:0,replication:1,num_threads:128}",1
new20400_3_ada.json.gz,72802,n,20,400,LagrangeTemplate,highs,LTFarkas,1,428,72801.01428,73886,1.46712503,72801.07764,0.063354463,175,431,4.9156,18.842273,23.917552,28361,5769.590691,3.178407017,1,0,"{timeout:3600,max_col_multiplier:1,age_limit:2,random_seed:0,replication:1,num_threads:128}",1
new20400_30_aac.json.gz,31277,n,20,400,LagrangeTemplate,highs,LTFarkas,1,188,31276.35979,31873,1.86992125,31276.58829,0.228494416,118,431,0.515083,0.363432,0.93074,8164,15849.87274,1.969191194,1,0,"{timeout:3600,max_col_multiplier:1,age_limit:2,random_seed:0,replication:1,num_threads:128}",1
new20400_31_edc.json.gz,33861,n,20,400,LagrangeTemplate,highs,LTFarkas,1,312,33860.24791,33910,0.144500147,33860.97036,0.722453546,117,476,0.837353,0.35798,1.258409,14521,17341.55129,2.198322088,1,0,"{timeout:3600,max_col_multiplier:1,age_limit:2,random_seed:0,replication:1,num_threads:128}",1
new20400_32_aea.json.gz,400,n,20,400,LagrangeTemplate,highs,LTFarkas,1,0,400,400,0,400,0,0,0,0.023021,0.023021,0.013531,400,,,1,0,"{timeout:3600,max_col_multiplier:1,age_limit:2,random_seed:0,replication:1,num_threads:128}",1
new20400_33_edc.json.gz,34256,n,20,400,LagrangeTemplate,highs,LTFarkas,1,307,34255.00137,34289,0.096240777,34255.3059,0.304523811,106,469,0.89184,0.346536,1.300892,14839,16638.63473,2.275529552,1,0,"{timeout:3600,max_col_multiplier:1,age_limit:2,random_seed:0,replication:1,num_threads:128}",1
new20400_34_aea.json.gz,400,n,20,400,LagrangeTemplate,highs,LTFarkas,1,0,400,400,0,400,0,0,0,0.022896,0.022896,0.013514,400,,,1,0,"{timeout:3600,max_col_multiplier:1,age_limit:2,random_seed:0,replication:1,num_threads:128}",1
new20400_35_ada.json.gz,32241,n,20,400,LagrangeTemplate,highs,LTFarkas,1,466,32240.00633,33103,2.603993596,32240.68155,0.675222098,153,473,4.596583,10.929058,15.666069,27731,6032.959701,2.898633954,1,0,"{timeout:3600,max_col_multiplier:1,age_limit:2,random_seed:0,replication:1,num_threads:128}",1
new20400_4_aaa.json.gz,21680,n,20,400,LagrangeTemplate,highs,LTFarkas,1,250,21679.03935,22310,2.823845809,21679.12593,0.086578724,112,431,1.42654,1.634447,3.171065,11868,8319.43023,2.199270454,1,0,"{timeout:3600,max_col_multiplier:1,age_limit:2,random_seed:0,replication:1,num_threads:128}",1
new20400_5_ada.json.gz,55812,n,20,400,LagrangeTemplate,highs,LTFarkas,1,390,55811.07048,56300,0.86678508,55811.11381,0.043327446,178,444,3.761984,10.797411,14.701596,23918,6357.815451,2.902534377,1,0,"{timeout:3600,max_col_multiplier:1,age_limit:2,random_seed:0,replication:1,num_threads:128}",1
new20400_7_aea.json.gz,5877,n,20,400,LagrangeTemplate,highs,LTFarkas,1,358,5876.135138,5989,1.870095174,5876.755448,0.620310047,154,470,2.702945,3.304237,6.139256,20127,7446.322437,2.600986353,1,0,"{timeout:3600,max_col_multiplier:1,age_limit:2,random_seed:0,replication:1,num_threads:128}",1
new20400_8_eec.json.gz,80711,n,20,400,LagrangeTemplate,highs,LTFarkas,1,405,80710.01786,80714,0.003716827,80710.33929,0.321428571,65,428,1.438869,0.694347,2.283466,25489,17714.60779,2.882597044,1,0,"{timeout:3600,max_col_multiplier:1,age_limit:2,random_seed:0,replication:1,num_threads:128}",1
new20400_9_eac.json.gz,17580,n,20,400,LagrangeTemplate,highs,LTFarkas,1,189,17579.14747,17666,0.486810823,17579.14747,0,92,422,0.340044,0.117366,0.495009,5886,17309.52465,1.508338206,1,0,"{timeout:3600,max_col_multiplier:1,age_limit:2,random_seed:0,replication:1,num_threads:128}",1
new30900_1_eaa.json.gz,23514,n,30,900,LagrangeTemplate,highs,LTFarkas,1,403,23513.13194,23514,4.18E-13,23514,0.868055556,30,942,1.083777,0.416495,1.596856,5726,5283.374716,2.069341639,1,0,"{timeout:3600,max_col_multiplier:1,age_limit:3,random_seed:0,replication:1,num_threads:128}",1
new30900_10_aaa.json.gz,49810,n,30,900,LagrangeTemplate,highs,LTFarkas,1,363,49809.31326,50417,1.203958982,49809.79106,0.477803365,189,986,5.243482,2.592679,8.048396,39100,7456.876938,3.425618227,1,0,"{timeout:3600,max_col_multiplier:1,age_limit:3,random_seed:0,replication:1,num_threads:128}",1
new30900_11_aea.json.gz,8423,n,30,900,LagrangeTemplate,highs,LTFarkas,1,1267,8422.204351,8487,0.754094496,8422.468314,0.263962581,156,1002,162.455803,43.917098,207.545192,410991,2529.863461,9.538989683,1,0,"{timeout:3600,max_col_multiplier:1,age_limit:3,random_seed:0,replication:1,num_threads:128}",1
new30900_12_aea.json.gz,900,n,30,900,LagrangeTemplate,highs,LTFarkas,1,0,900,900,0,900,0,0,0,0.082841,0.082841,0.058423,900,,,1,0,"{timeout:3600,max_col_multiplier:1,age_limit:3,random_seed:0,replication:1,num_threads:128}",1
new30900_13_edc.json.gz,73742,n,30,900,LagrangeTemplate,highs,LTFarkas,1,494,73742,73831,0.12054557,73742,26.00000028,155,1117,6.990642,1.469497,8.711047,46449,6644.454115,3.014459397,1,0,"{timeout:3600,max_col_multiplier:1,age_limit:3,random_seed:0,replication:1,num_threads:128}",1
new30900_14_aaa.json.gz,50029,n,30,900,LagrangeTemplate,highs,LTFarkas,1,617,50028.20391,50186,0.312836249,50028.41405,0.210140403,180,944,14.784696,7.374958,22.465022,87893,5944.863526,4.700770357,1,0,"{timeout:3600,max_col_multiplier:1,age_limit:3,random_seed:0,replication:1,num_threads:128}",1
new30900_15_aec.json.gz,1969,n,30,900,LagrangeTemplate,highs,LTFarkas,1,479,1968.042866,2066,4.695062924,1968.170545,0.127678905,226,1015,13.41909,28.233246,42.004539,51468,3835.431464,3.400582957,1,0,"{timeout:3600,max_col_multiplier:1,age_limit:3,random_seed:0,replication:1,num_threads:128}",1
new30900_16_eaa.json.gz,34284,n,30,900,LagrangeTemplate,highs,LTFarkas,1,321,34283.66667,34284,0,34284,0.333333333,30,934,1.05868,0.359976,1.534794,9535,9006.498659,1.253323562,1,0,"{timeout:3600,max_col_multiplier:1,age_limit:3,random_seed:0,replication:1,num_threads:128}",1
new30900_17_ada.json.gz,16127,n,30,900,LagrangeTemplate,highs,LTFarkas,1,546,16126.0095,16737,3.644619705,16126.21807,0.208570829,245,1026,18.291685,34.046853,52.758616,67105,3668.606801,3.907072626,1,0,"{timeout:3600,max_col_multiplier:1,age_limit:3,random_seed:0,replication:1,num_threads:128}",1
new30900_18_aec.json.gz,2080,n,30,900,LagrangeTemplate,highs,LTFarkas,1,705,2079.115604,2124,2.071563088,2079.986717,0.871113017,237,1089,23.78507,49.373298,73.723539,100596,4229.375823,4.584323344,1,0,"{timeout:3600,max_col_multiplier:1,age_limit:3,random_seed:0,replication:1,num_threads:128}",1
new30900_19_aaa.json.gz,37226,n,30,900,LagrangeTemplate,highs,LTFarkas,1,325,37225.11128,37540,0.836441129,37225.36358,0.252303167,183,936,3.590355,1.997016,5.781566,27282,7598.691494,2.665608251,1,0,"{timeout:3600,max_col_multiplier:1,age_limit:3,random_seed:0,replication:1,num_threads:128}",1
new30900_2_aaa.json.gz,104236,n,30,900,LagrangeTemplate,highs,LTFarkas,1,586,104235.1214,111378,6.41239742,104235.1214,0,188,938,57.589831,23.325307,82.935311,222214,3858.563155,6.436813247,1,0,"{timeout:3600,max_col_multiplier:1,age_limit:3,random_seed:0,replication:1,num_threads:128}",1
new30900_20_aaa.json.gz,42604,n,30,900,LagrangeTemplate,highs,LTFarkas,1,398,42603.24167,43030,0.990006972,42603.96053,0.718856034,179,947,7.12095,5.954409,13.309334,38777,5445.481291,3.155958977,1,0,"{timeout:3600,max_col_multiplier:1,age_limit:3,random_seed:0,replication:1,num_threads:128}",1
new30900_21_eaa.json.gz,28196,n,30,900,LagrangeTemplate,highs,LTFarkas,1,94,28196,28196,0,28196,30,30,935,0.174353,0.076355,0.313932,2419,13874.15186,1.305050705,1,0,"{timeout:3600,max_col_multiplier:1,age_limit:3,random_seed:0,replication:1,num_threads:128}",1
new30900_22_eac.json.gz,34459,n,30,900,LagrangeTemplate,highs,LTFarkas,1,404,34458.12292,34942,1.382290653,34458.19734,0.074425687,139,939,5.286093,0.564496,6.007363,37599,7112.814701,3.084943149,1,0,"{timeout:3600,max_col_multiplier:1,age_limit:3,random_seed:0,replication:1,num_threads:128}",1
new30900_23_aec.json.gz,5934,n,30,900,LagrangeTemplate,highs,LTFarkas,1,452,5933.024245,6016,1.363031915,5933.099076,0.074831027,237,985,14.822607,28.396758,43.685409,58306,3933.586042,4.006524306,1,0,"{timeout:3600,max_col_multiplier:1,age_limit:3,random_seed:0,replication:1,num_threads:128}",1
new30900_24_adc.json.gz,176455,n,30,900,LagrangeTemplate,highs,LTFarkas,1,686,176454.1213,177581,0.634076844,176454.6738,0.552528456,283,1065,25.856576,72.49044,98.854178,95907,3709.191813,4.49854632,1,0,"{timeout:3600,max_col_multiplier:1,age_limit:3,random_seed:0,replication:1,num_threads:128}",1
new30900_25_aac.json.gz,20619,n,30,900,LagrangeTemplate,highs,LTFarkas,1,388,20618.0762,20646,0.130775937,20618.82102,0.744826227,154,964,5.922558,4.718496,10.86583,30480,5146.424906,2.513941078,1,0,"{timeout:3600,max_col_multiplier:1,age_limit:3,random_seed:0,replication:1,num_threads:128}",1
new30900_26_eac.json.gz,30069,n,30,900,LagrangeTemplate,highs,LTFarkas,1,396,30068.13847,30153,0.278579246,30068.13847,0,144,933,4.130168,0.481271,4.776169,32691,7915.174395,2.702131931,1,0,"{timeout:3600,max_col_multiplier:1,age_limit:3,random_seed:0,replication:1,num_threads:128}",1
new30900_27_ada.json.gz,900,n,30,900,LagrangeTemplate,highs,LTFarkas,1,0,900,900,0,900,0,0,0,0.058517,0.058517,0.045178,900,,,1,0,"{timeout:3600,max_col_multiplier:1,age_limit:3,random_seed:0,replication:1,num_threads:128}",1
new30900_28_adc.json.gz,170000,n,30,900,LagrangeTemplate,highs,LTFarkas,1,584,169999.0119,170905,0.529533952,169999.0234,0.011507524,276,937,21.424962,44.72712,66.56985,75030,3501.989875,4.120473319,1,0,"{timeout:3600,max_col_multiplier:1,age_limit:3,random_seed:0,replication:1,num_threads:128}",1
new30900_29_eea.json.gz,25794,n,30,900,LagrangeTemplate,highs,LTFarkas,1,567,25793.202,26098,1.164840218,25793.86029,0.658290705,212,1025,7.460133,3.096184,10.836265,51331,6880.708427,2.914792324,1,0,"{timeout:3600,max_col_multiplier:1,age_limit:3,random_seed:0,replication:1,num_threads:128}",1
new30900_3_eaa.json.gz,27507,n,30,900,LagrangeTemplate,highs,LTFarkas,1,513,27506.57457,27507,0,27507,0.42542629,30,936,2.003775,0.561848,2.688461,15838,7904.081047,1.702562266,1,0,"{timeout:3600,max_col_multiplier:1,age_limit:3,random_seed:0,replication:1,num_threads:128}",1
new30900_30_aea.json.gz,903,n,30,900,LagrangeTemplate,highs,LTFarkas,1,0,903,903,0,903,0,0,0,0.07211,0.07211,0.049043,900,,,1,0,"{timeout:3600,max_col_multiplier:1,age_limit:3,random_seed:0,replication:1,num_threads:128}",1
new30900_31_aea.json.gz,900,n,30,900,LagrangeTemplate,highs,LTFarkas,1,0,900,900,0,900,0,0,0,0.058305,0.058305,0.045234,900,,,1,0,"{timeout:3600,max_col_multiplier:1,age_limit:3,random_seed:0,replication:1,num_threads:128}",1
new30900_32_eaa.json.gz,21073,n,30,900,LagrangeTemplate,highs,LTFarkas,1,187,21072.3,21073,1.73E-14,21073,0.7,30,941,0.454257,0.186654,0.71542,3824,8418.142153,1.436972895,1,0,"{timeout:3600,max_col_multiplier:1,age_limit:3,random_seed:0,replication:1,num_threads:128}",1
new30900_33_aaa.json.gz,40335,n,30,900,LagrangeTemplate,highs,LTFarkas,1,320,40334.04774,41167,2.021036266,40334.04774,0,191,952,5.414451,3.925185,9.554993,29779,5499.911256,2.939002818,1,0,"{timeout:3600,max_col_multiplier:1,age_limit:3,random_seed:0,replication:1,num_threads:128}",1
new30900_34_eda.json.gz,58492,n,30,900,LagrangeTemplate,highs,LTFarkas,1,880,58491.0839,58637,0.247284138,58491.44269,0.358790008,196,1032,13.441224,5.243052,18.971199,83702,6227.260255,3.115762928,1,0,"{timeout:3600,max_col_multiplier:1,age_limit:3,random_seed:0,replication:1,num_threads:128}",1
new30900_35_eda.json.gz,55283,n,30,900,LagrangeTemplate,highs,LTFarkas,1,904,55282.20023,55368,0.153518275,55282.98579,0.785568886,203,1027,14.11229,5.088632,19.476601,90193,6391.095988,3.286036215,1,0,"{timeout:3600,max_col_multiplier:1,age_limit:3,random_seed:0,replication:1,num_threads:128}",1
new30900_4_eaa.json.gz,28716,n,30,900,LagrangeTemplate,highs,LTFarkas,1,188,28715.29167,28716,0,28716,0.708333333,30,933,0.396065,0.181635,0.649966,2841,7173.065027,1.257193853,1,0,"{timeout:3600,max_col_multiplier:1,age_limit:3,random_seed:0,replication:1,num_threads:128}",1
new30900_5_eec.json.gz,104621,n,30,900,LagrangeTemplate,highs,LTFarkas,1,629,104620.0763,104879,0.245997769,104620.3527,0.27639807,191,949,13.229141,3.934442,17.685402,88671,6702.702768,4.51458892,1,0,"{timeout:3600,max_col_multiplier:1,age_limit:3,random_seed:0,replication:1,num_threads:128}",1
new30900_6_eec.json.gz,359781,n,30,900,LagrangeTemplate,highs,LTFarkas,1,567,359780.0556,359788,0.00194559,359780.3333,0.277777778,81,938,12.689997,1.936056,15.169531,90667,7144.761342,5.035164389,1,0,"{timeout:3600,max_col_multiplier:1,age_limit:3,random_seed:0,replication:1,num_threads:128}",1
new30900_7_eaa.json.gz,16101,n,30,900,LagrangeTemplate,highs,LTFarkas,1,121,16100.11765,16101,0,16101,0.882352941,30,936,0.254929,0.12413,0.445258,2850,11179.58333,1.293507531,1,0,"{timeout:3600,max_col_multiplier:1,age_limit:3,random_seed:0,replication:1,num_threads:128}",1
new30900_8_aec.json.gz,1109,n,30,900,LagrangeTemplate,highs,LTFarkas,1,729,1108.0092,1134,2.204585538,1108.550682,0.541482408,207,1051,23.480944,46.846065,70.814309,102849,4380.104991,4.582514787,1,0,"{timeout:3600,max_col_multiplier:1,age_limit:3,random_seed:0,replication:1,num_threads:128}",1
new30900_9_eea.json.gz,25513,n,30,900,LagrangeTemplate,highs,LTFarkas,1,610,25512.07152,25725,0.824101069,25512.8588,0.787286517,224,998,8.399472,3.534209,12.210203,59582,7093.541118,3.171254654,1,0,"{timeout:3600,max_col_multiplier:1,age_limit:3,random_seed:0,replication:1,num_threads:128}",1
new401600_0_eea.json.gz,42171,n,40,1600,LagrangeTemplate,highs,LTFarkas,1,833,42170.00484,42654,1.132367422,42170.37424,0.36939691,288,1739,51.707636,10.991438,63.523617,134582,2602.749041,3.954784657,1,0,"{timeout:3600,max_col_multiplier:1,age_limit:4,random_seed:0,replication:1,num_threads:128}",1
new401600_1_ada.json.gz,250883,n,40,1600,LagrangeTemplate,highs,LTFarkas,1,588,250883,252629,0.691132055,250883,250.0000003,324,1972,87.045987,183.06188,271.236788,124850,1434.29932,5.001805108,1,0,"{timeout:3600,max_col_multiplier:1,age_limit:4,random_seed:0,replication:1,num_threads:128}",1
new401600_10_aac.json.gz,39506,n,40,1600,LagrangeTemplate,highs,LTFarkas,1,629,39505.11105,39692,0.468608283,39505.51639,0.405333732,278,1773,42.968974,24.26521,67.912422,138914,3232.890783,5.418585747,1,0,"{timeout:3600,max_col_multiplier:1,age_limit:4,random_seed:0,replication:1,num_threads:128}",1
new401600_11_eac.json.gz,43068,n,40,1600,LagrangeTemplate,highs,LTFarkas,1,584,43067.04995,43171,0.238586088,43067.75241,0.702459786,206,1669,19.767706,1.335859,21.500746,60398,3055.387408,2.695162277,1,0,"{timeout:3600,max_col_multiplier:1,age_limit:4,random_seed:0,replication:1,num_threads:128}",1
new401600_12_aec.json.gz,97997,n,40,1600,LagrangeTemplate,highs,LTFarkas,1,745,97996.03416,98611,0.622648588,97996.77963,0.745473434,278,1725,73.172021,23.499091,98.073931,175222,2394.658472,5.686082355,1,0,"{timeout:3600,max_col_multiplier:1,age_limit:4,random_seed:0,replication:1,num_threads:128}",1
new401600_13_aec.json.gz,1790,n,40,1600,LagrangeTemplate,highs,LTFarkas,1,623,1789.091599,1850,3.243243243,1789.765605,0.674006485,329,1893,56.181584,124.648302,182.632002,140306,2497.366397,5.377047094,1,0,"{timeout:3600,max_col_multiplier:1,age_limit:4,random_seed:0,replication:1,num_threads:128}",1
new401600_14_aac.json.gz,72504,n,40,1600,LagrangeTemplate,highs,LTFarkas,1,456,72503.19152,75004,3.333155565,72503.38564,0.194118653,254,1655,32.934093,21.315002,54.968683,82236,2496.986937,4.3627212,1,0,"{timeout:3600,max_col_multiplier:1,age_limit:4,random_seed:0,replication:1,num_threads:128}",1
new401600_15_edc.json.gz,137198,n,40,1600,LagrangeTemplate,highs,LTFarkas,1,636,137197.1558,137267,0.050266998,137197.7394,0.583589823,181,1810,35.239147,3.78398,39.718134,106310,3016.815362,4.057618122,1,0,"{timeout:3600,max_col_multiplier:1,age_limit:4,random_seed:0,replication:1,num_threads:128}",1
new401600_16_edc.json.gz,132018,n,40,1600,LagrangeTemplate,highs,LTFarkas,1,744,132018,132154,0.102910241,132018,230.9404786,234,2015,63.514745,4.333457,68.604776,170064,2677.551488,5.580962557,1,0,"{timeout:3600,max_col_multiplier:1,age_limit:4,random_seed:0,replication:1,num_threads:128}",1
new401600_17_eac.json.gz,38114,n,40,1600,LagrangeTemplate,highs,LTFarkas,1,542,38113.12371,38333,0.571309316,38113.65303,0.529323165,198,1696,25.88351,1.310724,27.6337,79565,3073.964853,3.629559429,1,0,"{timeout:3600,max_col_multiplier:1,age_limit:4,random_seed:0,replication:1,num_threads:128}",1
new401600_18_aac.json.gz,75085,n,40,1600,LagrangeTemplate,highs,LTFarkas,1,540,75084.0035,75776,0.911898226,75084.217,0.213498245,274,1650,29.33047,10.497518,40.437932,92161,3142.15899,4.197293067,1,0,"{timeout:3600,max_col_multiplier:1,age_limit:4,random_seed:0,replication:1,num_threads:128}",1
new401600_19_adc.json.gz,496667,n,40,1600,LagrangeTemplate,highs,LTFarkas,1,903,496666.0082,498638,0.395276734,496666.3585,0.350240783,366,1769,143.176954,184.791028,329.072433,226390,1581.190224,6.125307698,1,0,"{timeout:3600,max_col_multiplier:1,age_limit:4,random_seed:0,replication:1,num_threads:128}",1
new401600_2_eec.json.gz,445639,n,40,1600,LagrangeTemplate,highs,LTFarkas,1,1279,445635.5801,445640,0.000897576,445638.5313,2.95124754,126,1850,145.151685,13.668648,160.820012,405528,2793.822201,7.769688161,1,0,"{timeout:3600,max_col_multiplier:1,age_limit:4,random_seed:0,replication:1,num_threads:128}",1
new401600_20_aaa.json.gz,54137,n,40,1600,LagrangeTemplate,highs,LTFarkas,1,498,54136.28205,54616,0.877032371,54136.41296,0.130914859,249,1648,23.178762,4.871328,28.574842,75256,3246.765293,3.788069974,1,0,"{timeout:3600,max_col_multiplier:1,age_limit:4,random_seed:0,replication:1,num_threads:128}",1
new401600_21_eec.json.gz,178544,n,40,1600,LagrangeTemplate,highs,LTFarkas,1,872,178543.005,179539,0.554197138,178543.1184,0.113438515,229,1669,60.526593,13.137068,75.384874,180749,2986.274149,5.021205904,1,0,"{timeout:3600,max_col_multiplier:1,age_limit:4,random_seed:0,replication:1,num_threads:128}",1
new401600_22_eec.json.gz,240974,n,40,1600,LagrangeTemplate,highs,LTFarkas,1,1140,240973.356,240990,0.006639277,240973.9641,0.608097547,191,1699,139.884753,15.975498,157.82505,354342,2533.099515,7.699083457,1,0,"{timeout:3600,max_col_multiplier:1,age_limit:4,random_seed:0,replication:1,num_threads:128}",1
new401600_23_aea.json.gz,1600,n,40,1600,LagrangeTemplate,highs,LTFarkas,1,0,1600,1600,0,1600,0,0,0,0.136451,0.136451,0.114812,1600,,,1,0,"{timeout:3600,max_col_multiplier:1,age_limit:4,random_seed:0,replication:1,num_threads:128}",1
new401600_24_adc.json.gz,377040,n,40,1600,LagrangeTemplate,highs,LTFarkas,1,791,377039.0406,378086,0.276656634,377039.8166,0.776018234,343,1851,117.496859,104.657686,223.1397,207785,1768.430252,6.411552718,1,0,"{timeout:3600,max_col_multiplier:1,age_limit:4,random_seed:0,replication:1,num_threads:128}",1
new401600_25_eac.json.gz,57547,n,40,1600,LagrangeTemplate,highs,LTFarkas,1,488,57546.11609,58152,1.040376943,57546.55211,0.436018224,182,1647,16.567888,1.135719,18.128586,52273,3155.079271,2.780912934,1,0,"{timeout:3600,max_col_multiplier:1,age_limit:4,random_seed:0,replication:1,num_threads:128}",1
new401600_26_aaa.json.gz,31617,n,40,1600,LagrangeTemplate,highs,LTFarkas,1,461,31616.29929,31847,0.722203033,31616.97886,0.679565353,260,1725,25.426298,10.012163,36.022149,78764,3097.737626,4.117628126,1,0,"{timeout:3600,max_col_multiplier:1,age_limit:4,random_seed:0,replication:1,num_threads:128}",1
new401600_27_aea.json.gz,17210,n,40,1600,LagrangeTemplate,highs,LTFarkas,1,769,17209.01646,17409,1.143086909,17209.57013,0.553670982,329,1834,76.332567,64.668798,142.000659,161988,2122.134842,5.073518765,1,0,"{timeout:3600,max_col_multiplier:1,age_limit:4,random_seed:0,replication:1,num_threads:128}",1
new401600_28_aea.json.gz,1600,n,40,1600,LagrangeTemplate,highs,LTFarkas,1,0,1600,1600,0,1600,0,0,0,0.138394,0.138394,0.116829,1600,,,1,0,"{timeout:3600,max_col_multiplier:1,age_limit:4,random_seed:0,replication:1,num_threads:128}",1
new401600_29_eaa.json.gz,19252,n,40,1600,LagrangeTemplate,highs,LTFarkas,1,0,19252,19252,0,19252,0,0,0,0.134341,0.134341,0.113287,1601,,,1,0,"{timeout:3600,max_col_multiplier:1,age_limit:4,random_seed:0,replication:1,num_threads:128}",1
new401600_30_eaa.json.gz,35897,n,40,1600,LagrangeTemplate,highs,LTFarkas,1,2,35896.2621,35897,0,35897,1018306,40,80,0.004727,0.005524,0.136617,2117,447852.7607,26.4625,1,0,"{timeout:3600,max_col_multiplier:1,age_limit:4,random_seed:0,replication:1,num_threads:128}",1
new401600_31_eea.json.gz,41087,n,40,1600,LagrangeTemplate,highs,LTFarkas,1,910,41086.02606,41354,0.645644919,41086.1459,0.119837062,288,1762,60.844334,11.835362,73.448537,161831,2659.754645,4.364937608,1,0,"{timeout:3600,max_col_multiplier:1,age_limit:4,random_seed:0,replication:1,num_threads:128}",1
new401600_32_eaa.json.gz,17895,n,40,1600,LagrangeTemplate,highs,LTFarkas,1,0,17895,17895,0,17895,0,0,0,0.13517,0.13517,0.113889,1600,,,1,0,"{timeout:3600,max_col_multiplier:1,age_limit:4,random_seed:0,replication:1,num_threads:128}",1
new401600_33_eaa.json.gz,31003,n,40,1600,LagrangeTemplate,highs,LTFarkas,1,556,31002.08759,31003,7.04E-14,31003,0.912408759,40,1646,5.918756,1.091864,7.29128,26409,4461.917335,1.614856473,1,0,"{timeout:3600,max_col_multiplier:1,age_limit:4,random_seed:0,replication:1,num_threads:128}",1
new401600_35_eda.json.gz,106951,n,40,1600,LagrangeTemplate,highs,LTFarkas,1,992,106950.0565,107315,0.339188371,106950.87,0.813467008,269,1873,62.976061,13.495416,77.285481,155297,2465.968775,3.825904256,1,0,"{timeout:3600,max_col_multiplier:1,age_limit:4,random_seed:0,replication:1,num_threads:128}",1
new401600_4_aaa.json.gz,70543,n,40,1600,LagrangeTemplate,highs,LTFarkas,1,450,70542.0787,71050,0.713581985,70542.92506,0.846354743,254,1677,22.515097,6.85247,29.913433,71895,3193.190773,3.849305972,1,0,"{timeout:3600,max_col_multiplier:1,age_limit:4,random_seed:0,replication:1,num_threads:128}",1
new401600_5_eea.json.gz,40058,n,40,1600,LagrangeTemplate,highs,LTFarkas,1,989,40057.0384,40269,0.523976259,40057.80101,0.762610094,280,1727,60.48444,12.60859,73.902002,174878,2891.289065,4.348533948,1,0,"{timeout:3600,max_col_multiplier:1,age_limit:4,random_seed:0,replication:1,num_threads:128}",1
new401600_6_eaa.json.gz,28878,n,40,1600,LagrangeTemplate,highs,LTFarkas,1,479,28877.15,28878,1.26E-14,28878,0.85,40,1655,4.283698,0.914092,5.481578,27097,6325.609322,1.49285247,1,0,"{timeout:3600,max_col_multiplier:1,age_limit:4,random_seed:0,replication:1,num_threads:128}",1
new401600_7_aac.json.gz,93468,n,40,1600,LagrangeTemplate,highs,LTFarkas,1,548,93467.44814,95313,1.93572755,93467.44814,0,281,1656,35.161238,19.734919,55.580341,97485,2772.5133,4.352095171,1,0,"{timeout:3600,max_col_multiplier:1,age_limit:4,random_seed:0,replication:1,num_threads:128}",1
new401600_8_aec.json.gz,70104,n,40,1600,LagrangeTemplate,highs,LTFarkas,1,545,70103.03701,70635,0.751751964,70103.1366,0.099590301,268,1723,79.903313,26.839982,108.343013,188547,2359.689391,7.586056193,1,0,"{timeout:3600,max_col_multiplier:1,age_limit:4,random_seed:0,replication:1,num_threads:128}",1
new401600_9_edc.json.gz,135053,n,40,1600,LagrangeTemplate,highs,LTFarkas,1,793,135052.0311,135212,0.117593113,135052.7077,0.67659699,183,1959,72.948122,5.615256,79.324404,181269,2484.902901,5.596563832,1,0,"{timeout:3600,max_col_multiplier:1,age_limit:4,random_seed:0,replication:1,num_threads:128}",1
new40400_0_eea.json.gz,11261,n,40,400,LagrangeTemplate,highs,LTFarkas,1,210,11260.19648,11547,2.47683381,11260.60494,0.408466389,249,508,0.837439,0.252602,1.198524,21605,25798.89401,2.506682529,1,0,"{timeout:3600,max_col_multiplier:1,age_limit:2,random_seed:0,replication:1,num_threads:128}",1
new40400_1_aec.json.gz,3275,n,40,400,LagrangeTemplate,highs,LTFarkas,1,176,3274.140348,3560,8.005617978,3274.715088,0.574740213,240,505,1.664649,1.36416,3.21883,24999,15017.58028,3.416528572,1,0,"{timeout:3600,max_col_multiplier:1,age_limit:2,random_seed:0,replication:1,num_threads:128}",1
new40400_10_eac.json.gz,7800,n,40,400,LagrangeTemplate,highs,LTFarkas,1,102,7799.300725,7808,0.102459016,7799.333333,0.032608696,83,450,0.150123,0.053436,0.249553,4616,30748.11988,1.205855451,1,0,"{timeout:3600,max_col_multiplier:1,age_limit:2,random_seed:0,replication:1,num_threads:128}",1
new40400_11_ada.json.gz,12226,n,40,400,LagrangeTemplate,highs,LTFarkas,1,216,12225.01124,13015,6.062235882,12225.59918,0.58794344,269,559,2.94816,2.526402,5.621349,35215,11944.73841,3.9423033,1,0,"{timeout:3600,max_col_multiplier:1,age_limit:2,random_seed:0,replication:1,num_threads:128}",1
new40400_12_eec.json.gz,75651,n,40,400,LagrangeTemplate,highs,LTFarkas,1,193,75651,75651,1.92E-14,75651,0,40,453,0.886453,0.245046,1.415316,25354,28601.62919,2.99969749,1,0,"{timeout:3600,max_col_multiplier:1,age_limit:2,random_seed:0,replication:1,num_threads:128}",1
new40400_13_adc.json.gz,91718,n,40,400,LagrangeTemplate,highs,LTFarkas,1,286,91717.00367,92922,1.295710381,91717.03409,0.03041693,305,479,4.887262,5.835013,10.895557,47563,9732.03401,4.145675434,1,0,"{timeout:3600,max_col_multiplier:1,age_limit:2,random_seed:0,replication:1,num_threads:128}",1
new40400_14_eaa.json.gz,11812,n,40,400,LagrangeTemplate,highs,LTFarkas,1,49,11812,11812,0,11812,0,40,438,0.035908,0.022023,0.103726,1336,37206.19361,1.212972813,1,0,"{timeout:3600,max_col_multiplier:1,age_limit:2,random_seed:0,replication:1,num_threads:128}",1
new40400_15_eea.json.gz,9174,n,40,400,LagrangeTemplate,highs,LTFarkas,1,235,9173.595971,9215,0.44492675,9173.660257,0.064285561,220,495,0.899427,0.247009,1.232794,22686,25222.72514,2.380992286,1,0,"{timeout:3600,max_col_multiplier:1,age_limit:2,random_seed:0,replication:1,num_threads:128}",1
new40400_16_aaa.json.gz,19228,n,40,400,LagrangeTemplate,highs,LTFarkas,1,109,19227.33623,19500,1.394871795,19227.33623,0,176,444,0.374038,0.178056,0.622177,10366,27713.7617,2.275441448,1,0,"{timeout:3600,max_col_multiplier:1,age_limit:2,random_seed:0,replication:1,num_threads:128}",1
new40400_17_eea.json.gz,9561,n,40,400,LagrangeTemplate,highs,LTFarkas,1,219,9560.658254,9744,1.878078818,9560.660406,0.002151611,243,477,0.824336,0.240187,1.156414,21506,26088.87638,2.45003912,1,0,"{timeout:3600,max_col_multiplier:1,age_limit:2,random_seed:0,replication:1,num_threads:128}",1
new40400_18_eec.json.gz,66707,n,40,400,LagrangeTemplate,highs,LTFarkas,1,193,66706.00649,66751,0.065916615,66706.00649,0,153,444,0.922226,0.252872,1.430041,26320,28539.64213,3.142796392,1,0,"{timeout:3600,max_col_multiplier:1,age_limit:2,random_seed:0,replication:1,num_threads:128}",1
new40400_19_eaa.json.gz,12347,n,40,400,LagrangeTemplate,highs,LTFarkas,1,60,12347,12347,0,12347,0,40,439,0.04257,0.023175,0.097256,1327,31172.18699,1.244203018,1,0,"{timeout:3600,max_col_multiplier:1,age_limit:2,random_seed:0,replication:1,num_threads:128}",1
new40400_2_adc.json.gz,95760,n,40,400,LagrangeTemplate,highs,LTFarkas,1,212,95759.06267,96586,0.855196405,95759.85097,0.788301327,299,512,2.798252,1.915117,4.86127,36087,12896.26524,4.227673317,1,0,"{timeout:3600,max_col_multiplier:1,age_limit:2,random_seed:0,replication:1,num_threads:128}",1
new40400_20_eea.json.gz,11030,n,40,400,LagrangeTemplate,highs,LTFarkas,1,213,11029.08085,11322,2.579049638,11029.15568,0.074825952,252,470,0.90658,0.254606,1.277293,23089,25468.24329,2.661242303,1,0,"{timeout:3600,max_col_multiplier:1,age_limit:2,random_seed:0,replication:1,num_threads:128}",1
new40400_21_eea.json.gz,8223,n,40,400,LagrangeTemplate,highs,LTFarkas,1,225,8222.335409,8297,0.891888634,8222.335409,0,187,468,0.624041,0.214711,0.921848,17304,27728.9473,1.939164319,1,0,"{timeout:3600,max_col_multiplier:1,age_limit:2,random_seed:0,replication:1,num_threads:128}",1
new40400_22_aac.json.gz,11199,n,40,400,LagrangeTemplate,highs,LTFarkas,1,99,11198.35366,11278,0.700478808,11198.35366,0,139,455,0.392337,0.271698,0.734587,7288,18575.86718,1.832770058,1,0,"{timeout:3600,max_col_multiplier:1,age_limit:2,random_seed:0,replication:1,num_threads:128}",1
new40400_23_eda.json.gz,25785,n,40,400,LagrangeTemplate,highs,LTFarkas,1,248,25784.04359,26028,0.933609959,25784.53477,0.491171945,225,496,1.005123,0.315696,1.414538,25109,24981.02222,2.50670496,1,0,"{timeout:3600,max_col_multiplier:1,age_limit:2,random_seed:0,replication:1,num_threads:128}",1
new40400_24_eea.json.gz,8985,n,40,400,LagrangeTemplate,highs,LTFarkas,1,217,8984.019794,9116,1.437033787,8984.019794,0,227,443,0.719502,0.227605,1.031339,19478,27071.50223,2.241852843,1,0,"{timeout:3600,max_col_multiplier:1,age_limit:2,random_seed:0,replication:1,num_threads:128}",1
new40400_25_eac.json.gz,10822,n,40,400,LagrangeTemplate,highs,LTFarkas,1,100,10821.03608,10863,0.377427966,10821.17722,0.141139241,123,456,0.192817,0.056224,0.299948,6005,31143.5195,1.559302139,1,0,"{timeout:3600,max_col_multiplier:1,age_limit:2,random_seed:0,replication:1,num_threads:128}",1
new40400_26_adc.json.gz,118879,n,40,400,LagrangeTemplate,highs,LTFarkas,1,242,118878.3634,121413,2.087091168,118878.9517,0.588324316,296,513,4.095754,4.116233,8.377111,41207,10060.90698,4.222832266,1,0,"{timeout:3600,max_col_multiplier:1,age_limit:2,random_seed:0,replication:1,num_threads:128}",1
new40400_27_ada.json.gz,25353,n,40,400,LagrangeTemplate,highs,LTFarkas,1,255,25352.02899,27083,6.387770926,25352.28205,0.253062843,311,481,4.238274,5.561925,9.980359,41266,9736.510664,4.038366352,1,0,"{timeout:3600,max_col_multiplier:1,age_limit:2,random_seed:0,replication:1,num_threads:128}",1
new40400_28_aac.json.gz,9222,n,40,400,LagrangeTemplate,highs,LTFarkas,1,125,9221.02475,9450,2.412698413,9221.02475,0,181,452,0.449268,0.1769,0.724227,12768,28419.56249,2.640880574,1,0,"{timeout:3600,max_col_multiplier:1,age_limit:2,random_seed:0,replication:1,num_threads:128}",1
new40400_29_aec.json.gz,400,n,40,400,LagrangeTemplate,highs,LTFarkas,1,49,400,400,0,400,257.5,40,569,0.156225,0.196573,0.455103,3130,20035.20563,1.025376047,1,0,"{timeout:3600,max_col_multiplier:1,age_limit:2,random_seed:0,replication:1,num_threads:128}",1
new40400_3_ada.json.gz,33204,n,40,400,LagrangeTemplate,highs,LTFarkas,1,298,33203.20933,33915,2.096417514,33203.50266,0.293335668,299,519,4.780674,5.523311,10.47702,47864,10011.97739,3.994103944,1,0,"{timeout:3600,max_col_multiplier:1,age_limit:2,random_seed:0,replication:1,num_threads:128}",1
new40400_30_eea.json.gz,10422,n,40,400,LagrangeTemplate,highs,LTFarkas,1,203,10421.40889,10868,4.103790946,10421.7578,0.348915522,253,495,0.756403,0.230343,1.092665,20618,27257.95641,2.508082267,1,0,"{timeout:3600,max_col_multiplier:1,age_limit:2,random_seed:0,replication:1,num_threads:128}",1
new40400_31_edc.json.gz,33300,n,40,400,LagrangeTemplate,highs,LTFarkas,1,190,33299.06136,33378,0.23368686,33299.63918,0.577824147,198,551,0.940682,0.169158,1.212252,23786,25285.90958,3.031438825,1,0,"{timeout:3600,max_col_multiplier:1,age_limit:2,random_seed:0,replication:1,num_threads:128}",1
new40400_32_eda.json.gz,25183,n,40,400,LagrangeTemplate,highs,LTFarkas,1,260,25182.10806,25313,0.513570102,25182.7044,0.596341598,216,487,0.993666,0.331024,1.427495,24524,24680.32518,2.360409341,1,0,"{timeout:3600,max_col_multiplier:1,age_limit:2,random_seed:0,replication:1,num_threads:128}",1
new40400_33_aea.json.gz,400,n,40,400,LagrangeTemplate,highs,LTFarkas,1,0,400,400,0,400,0,0,0,0.036188,0.036189,0.024736,400,,,1,0,"{timeout:3600,max_col_multiplier:1,age_limit:2,random_seed:0,replication:1,num_threads:128}",1
new40400_34_eaa.json.gz,11353,n,40,400,LagrangeTemplate,highs,LTFarkas,1,137,11353,11353,0,11353,0,40,442,0.183896,0.073335,0.303342,4682,25460.04263,0.929586129,1,0,"{timeout:3600,max_col_multiplier:1,age_limit:2,random_seed:0,replication:1,num_threads:128}",1
new40400_35_eea.json.gz,8491,n,40,400,LagrangeTemplate,highs,LTFarkas,1,199,8490.092658,8725,2.681948424,8490.511403,0.41874485,219,492,0.612086,0.191226,0.888523,17087,27916.0118,2.112586982,1,0,"{timeout:3600,max_col_multiplier:1,age_limit:2,random_seed:0,replication:1,num_threads:128}",1
new40400_4_edc.json.gz,34270,n,40,400,LagrangeTemplate,highs,LTFarkas,1,152,34269.15271,34348,0.227087458,34269.43049,0.277772273,192,515,0.625238,0.128504,0.862897,16520,26421.93853,2.662806511,1,0,"{timeout:3600,max_col_multiplier:1,age_limit:2,random_seed:0,replication:1,num_threads:128}",1
new40400_5_eac.json.gz,9221,n,40,400,LagrangeTemplate,highs,LTFarkas,1,116,9220.166667,9221,0,9221,0.833333333,40,455,0.196452,0.06267,0.309767,5574,28373.34311,1.354542414,1,0,"{timeout:3600,max_col_multiplier:1,age_limit:2,random_seed:0,replication:1,num_threads:128}",1
new40400_6_aea.json.gz,400,n,40,400,LagrangeTemplate,highs,LTFarkas,1,0,400,400,0,400,0,0,0,0.036146,0.036146,0.024763,400,,,1,0,"{timeout:3600,max_col_multiplier:1,age_limit:2,random_seed:0,replication:1,num_threads:128}",1
new40400_7_eda.json.gz,24343,n,40,400,LagrangeTemplate,highs,LTFarkas,1,280,24342.39602,24544,0.818937419,24342.64769,0.251673406,201,464,0.971294,0.35384,1.418917,23755,24457.06449,2.138746438,1,0,"{timeout:3600,max_col_multiplier:1,age_limit:2,random_seed:0,replication:1,num_threads:128}",1
new40400_8_aec.json.gz,1014,n,40,400,LagrangeTemplate,highs,LTFarkas,1,147,1013.174307,1142,11.2084063,1013.821031,0.646724339,235,521,1.530685,1.86733,3.540491,19072,12459.78108,3.130163406,1,0,"{timeout:3600,max_col_multiplier:1,age_limit:2,random_seed:0,replication:1,num_threads:128}",1
new40400_9_ada.json.gz,3281,n,40,400,LagrangeTemplate,highs,LTFarkas,1,188,3280.515879,3845,14.66840052,3280.92742,0.411541775,257,489,2.12781,2.200069,4.462432,26753,12573.02109,3.498615917,1,0,"{timeout:3600,max_col_multiplier:1,age_limit:2,random_seed:0,replication:1,num_threads:128}",1
new5100_1_edc.json.gz,8736,n,5,100,LagrangeTemplate,highs,LTFarkas,1,198,8735.277512,8776,0.455788514,8735.62201,0.344497608,31,114,0.104205,0.064731,0.181653,1608,15431.12135,1.461447811,1,0,"{timeout:3600,max_col_multiplier:1,age_limit:2,random_seed:0,replication:1,num_threads:128}",1
new5100_10_aac.json.gz,28585,n,5,100,LagrangeTemplate,highs,LTFarkas,1,169,28584.73494,29469,2.999762462,28584.84337,0.108433735,33,108,0.164854,0.60554,0.783843,1636,9923.932692,1.640659341,1,0,"{timeout:3600,max_col_multiplier:1,age_limit:2,random_seed:0,replication:1,num_threads:128}",1
new5100_11_aec.json.gz,953,n,5,100,LagrangeTemplate,highs,LTFarkas,1,250,952.1208394,960,0.729166667,952.8885673,0.767727931,33,117,0.28367,0.958121,1.261171,3325,11721.36638,2.2782,1,0,"{timeout:3600,max_col_multiplier:1,age_limit:2,random_seed:0,replication:1,num_threads:128}",1
new5100_12_eda.json.gz,7618,n,5,100,LagrangeTemplate,highs,LTFarkas,1,167,7617.06875,7623,0.065590975,7617.84375,0.775,19,118,0.074579,0.061547,0.146597,1354,18155.24477,1.465768463,1,0,"{timeout:3600,max_col_multiplier:1,age_limit:2,random_seed:0,replication:1,num_threads:128}",1
new5100_13_edc.json.gz,8531,n,5,100,LagrangeTemplate,highs,LTFarkas,1,195,8530.282828,8576,0.524720149,8530.363636,0.080808081,26,116,0.089507,0.059853,0.158032,1619,18087.97077,1.677179487,1,0,"{timeout:3600,max_col_multiplier:1,age_limit:2,random_seed:0,replication:1,num_threads:128}",1
new5100_14_eda.json.gz,7646,n,5,100,LagrangeTemplate,highs,LTFarkas,1,208,7646,7655,0.117570216,7646,0,18,111,0.09358,0.075361,0.177291,1663,17770.89122,1.449465812,1,0,"{timeout:3600,max_col_multiplier:1,age_limit:2,random_seed:0,replication:1,num_threads:128}",1
new5100_15_ada.json.gz,361,n,5,100,LagrangeTemplate,highs,LTFarkas,1,333,360.1333333,361,1.04E-12,360.55,0.416666667,26,117,0.192037,0.217531,0.421252,3996,20808.49003,2.246081796,1,0,"{timeout:3600,max_col_multiplier:1,age_limit:2,random_seed:0,replication:1,num_threads:128}",1
new5100_17_eea.json.gz,5031,n,5,100,LagrangeTemplate,highs,LTFarkas,1,104,5031,5031,0,5031,0,5,106,0.03064,0.038308,0.073353,521,17003.91645,1.455128205,1,0,"{timeout:3600,max_col_multiplier:1,age_limit:2,random_seed:0,replication:1,num_threads:128}",1
new5100_18_eaa.json.gz,8405,n,5,100,LagrangeTemplate,highs,LTFarkas,1,66,8404.266667,8405,0,8405,0.733333333,5,106,0.02045,0.018328,0.042659,398,19462.10269,1.580555556,1,0,"{timeout:3600,max_col_multiplier:1,age_limit:2,random_seed:0,replication:1,num_threads:128}",1
new5100_19_aac.json.gz,16176,n,5,100,LagrangeTemplate,highs,LTFarkas,1,137,16175.73333,16818,3.817338566,16175.73333,0,25,107,0.108389,0.62062,0.737214,1111,10250.11763,1.438321168,1,0,"{timeout:3600,max_col_multiplier:1,age_limit:2,random_seed:0,replication:1,num_threads:128}",1
new5100_2_eaa.json.gz,3938,n,5,100,LagrangeTemplate,highs,LTFarkas,1,0,3938,3938,0,3938,0,0,0,0.014727,0.014727,0.002451,100,,,1,0,"{timeout:3600,max_col_multiplier:1,age_limit:2,random_seed:0,replication:1,num_threads:128}",1
new5100_20_eda.json.gz,7822,n,5,100,LagrangeTemplate,highs,LTFarkas,1,162,7821.378788,7858,0.45813184,7822,0.721698113,32,117,0.073378,0.055876,0.136473,1275,17375.78021,1.373004115,1,0,"{timeout:3600,max_col_multiplier:1,age_limit:2,random_seed:0,replication:1,num_threads:128}",1
new5100_21_eaa.json.gz,4476,n,5,100,LagrangeTemplate,highs,LTFarkas,1,64,4476,4476,0,4476,0,5,106,0.019313,0.016392,0.039435,389,20141.87335,1.465885417,1,0,"{timeout:3600,max_col_multiplier:1,age_limit:2,random_seed:0,replication:1,num_threads:128}",1
new5100_22_aec.json.gz,296,n,5,100,LagrangeTemplate,highs,LTFarkas,1,139,295.5550388,310,4.516129032,296,0.44496124,10,118,0.132255,0.988263,1.129853,1551,11727.3449,1.879188078,1,0,"{timeout:3600,max_col_multiplier:1,age_limit:2,random_seed:0,replication:1,num_threads:128}",1
new5100_23_eea.json.gz,5507,n,5,100,LagrangeTemplate,highs,LTFarkas,1,257,5506.275862,5537,0.541809644,5506.724138,0.448275862,30,108,0.134309,0.102811,0.250182,2405,17906.46941,1.803693678,1,0,"{timeout:3600,max_col_multiplier:1,age_limit:2,random_seed:0,replication:1,num_threads:128}",1
new5100_24_ada.json.gz,19163,n,5,100,LagrangeTemplate,highs,LTFarkas,1,355,19162.19098,19226,0.327681265,19162.65779,0.466815149,46,121,0.542975,1.818069,2.381933,5077,9350.338413,2.702930919,1,0,"{timeout:3600,max_col_multiplier:1,age_limit:2,random_seed:0,replication:1,num_threads:128}",1
new5100_25_eea.json.gz,6325,n,5,100,LagrangeTemplate,highs,LTFarkas,1,197,6324.273632,6420,1.479750779,6324.791045,0.517412935,34,120,0.097404,0.074048,0.182946,1765,18120.40573,1.678595601,1,0,"{timeout:3600,max_col_multiplier:1,age_limit:2,random_seed:0,replication:1,num_threads:128}",1
new5100_26_aec.json.gz,1796,n,5,100,LagrangeTemplate,highs,LTFarkas,1,172,1795.5,1839,2.338227297,1795.809524,0.30952381,34,112,0.163968,0.440233,0.614954,1900,11587.62685,1.828682171,1,0,"{timeout:3600,max_col_multiplier:1,age_limit:2,random_seed:0,replication:1,num_threads:128}",1
new5100_27_eea.json.gz,5820,n,5,100,LagrangeTemplate,highs,LTFarkas,1,232,5819.115044,5856,0.614754098,5819.783186,0.668141593,26,108,0.114115,0.090209,0.216907,2091,18323.62091,1.662428161,1,0,"{timeout:3600,max_col_multiplier:1,age_limit:2,random_seed:0,replication:1,num_threads:128}",1
new5100_29_aac.json.gz,24121,n,5,100,LagrangeTemplate,highs,LTFarkas,1,213,24120.875,24210,0.367616687,24120.875,0,19,107,0.185884,0.62902,0.825776,2274,12233.43591,2.201564945,1,0,"{timeout:3600,max_col_multiplier:1,age_limit:2,random_seed:0,replication:1,num_threads:128}",1
new5100_3_eaa.json.gz,4168,n,5,100,LagrangeTemplate,highs,LTFarkas,1,146,4167.666667,4168,4.36E-14,4168,0.333333333,5,109,0.05114,0.039327,0.096348,849,16601.48612,1.564041096,1,0,"{timeout:3600,max_col_multiplier:1,age_limit:2,random_seed:0,replication:1,num_threads:128}",1
new5100_30_aac.json.gz,23241,n,5,100,LagrangeTemplate,highs,LTFarkas,1,183,23240.19444,23477,1.00523917,23240.19444,0,22,108,0.151513,0.54877,0.711469,1604,10586.55033,1.73696331,1,0,"{timeout:3600,max_col_multiplier:1,age_limit:2,random_seed:0,replication:1,num_threads:128}",1
new5100_31_aec.json.gz,106,n,5,100,LagrangeTemplate,highs,LTFarkas,1,267,105.0142857,106,1.10E-12,105.2285714,0.214285714,31,113,0.24751,2.057812,2.324522,2470,9979.394772,1.668439451,1,0,"{timeout:3600,max_col_multiplier:1,age_limit:2,random_seed:0,replication:1,num_threads:128}",1
new5100_32_aec.json.gz,409,n,5,100,LagrangeTemplate,highs,LTFarkas,1,223,408.0833333,417,1.918465228,408.375,0.291666667,36,118,0.213435,0.932648,1.162168,2062,9661.02092,1.563136376,1,0,"{timeout:3600,max_col_multiplier:1,age_limit:2,random_seed:0,replication:1,num_threads:128}",1
new5100_33_eaa.json.gz,15410,n,5,100,LagrangeTemplate,highs,LTFarkas,1,77,15410,15410,2.36E-14,15410,0,5,107,0.028965,0.026818,0.062351,467,16122.90696,1.556493506,1,0,"{timeout:3600,max_col_multiplier:1,age_limit:2,random_seed:0,replication:1,num_threads:128}",1
new5100_34_edc.json.gz,9257,n,5,100,LagrangeTemplate,highs,LTFarkas,1,198,9256.5,9258,0.010801469,9256.5,0,13,107,0.10066,0.05887,0.168377,2103,20892.11206,1.883080808,1,0,"{timeout:3600,max_col_multiplier:1,age_limit:2,random_seed:0,replication:1,num_threads:128}",1
new5100_35_eac.json.gz,21835,n,5,100,LagrangeTemplate,highs,LTFarkas,1,154,21834.8,22034,0.903149678,21834.8,0,14,110,0.067351,0.041921,0.116769,1362,20222.41689,1.83961039,1,0,"{timeout:3600,max_col_multiplier:1,age_limit:2,random_seed:0,replication:1,num_threads:128}",1
new5100_5_edc.json.gz,8699,n,5,100,LagrangeTemplate,highs,LTFarkas,1,238,8698.435484,8699,8.82E-12,8699,0.564516129,5,120,0.126791,0.079661,0.216123,2615,20624.49227,2.132983193,1,0,"{timeout:3600,max_col_multiplier:1,age_limit:2,random_seed:0,replication:1,num_threads:128}",1
new5100_6_eda.json.gz,7681,n,5,100,LagrangeTemplate,highs,LTFarkas,1,204,7680.093458,7688,0.091050989,7680.149533,0.056074766,30,110,0.094375,0.077732,0.180288,1588,16826.49007,1.429456328,1,0,"{timeout:3600,max_col_multiplier:1,age_limit:2,random_seed:0,replication:1,num_threads:128}",1
new5100_7_eea.json.gz,5623,n,5,100,LagrangeTemplate,highs,LTFarkas,1,192,5622.3125,5677,0.951206623,5622.875,0.5625,24,111,0.086978,0.084289,0.179139,1840,21154.77477,1.737168561,1,0,"{timeout:3600,max_col_multiplier:1,age_limit:2,random_seed:0,replication:1,num_threads:128}",1
new5100_8_eda.json.gz,7927,n,5,100,LagrangeTemplate,highs,LTFarkas,1,210,7926.180147,7931,0.050435002,7926.691176,0.511029412,26,114,0.101264,0.078076,0.188189,1821,17982.69869,1.592142857,1,0,"{timeout:3600,max_col_multiplier:1,age_limit:2,random_seed:0,replication:1,num_threads:128}",1
new5100_9_eda.json.gz,7825,n,5,100,LagrangeTemplate,highs,LTFarkas,1,178,7824.053763,7829,0.051092093,7824.817204,0.76344086,30,121,0.078734,0.067783,0.153981,1310,16638.30112,1.292003745,1,0,"{timeout:3600,max_col_multiplier:1,age_limit:2,random_seed:0,replication:1,num_threads:128}",1
new5200_0_edc.json.gz,18039,n,5,200,LagrangeTemplate,highs,LTFarkas,1,320,18038.25,18060,0.11627907,18038.25,0,28,212,0.449812,0.294996,0.762798,2945,6547.179711,1.595308219,1,0,"{timeout:3600,max_col_multiplier:1,age_limit:4,random_seed:0,replication:1,num_threads:128}",1
new5200_1_aea.json.gz,4612,n,5,200,LagrangeTemplate,highs,LTFarkas,1,353,4611.210123,4672,1.284246575,4611.821702,0.611579755,42,238,1.14301,2.313352,3.489994,4098,3585.27047,2.088215853,1,0,"{timeout:3600,max_col_multiplier:1,age_limit:4,random_seed:0,replication:1,num_threads:128}",1
new5200_10_eea.json.gz,11430,n,5,200,LagrangeTemplate,highs,LTFarkas,1,316,11429.29692,11531,0.875899749,11429.75771,0.460792952,35,220,0.629732,0.499708,1.150007,2774,4405.048497,1.526371308,1,0,"{timeout:3600,max_col_multiplier:1,age_limit:4,random_seed:0,replication:1,num_threads:128}",1
new5200_11_aea.json.gz,207,n,5,200,LagrangeTemplate,highs,LTFarkas,1,2,207,207,0,207,952,5,10,0.000535,0.019482,0.025252,286,534579.4393,28.6,1,0,"{timeout:3600,max_col_multiplier:1,age_limit:4,random_seed:0,replication:1,num_threads:128}",1
new5200_12_edc.json.gz,17341,n,5,200,LagrangeTemplate,highs,LTFarkas,1,420,17340.01509,17353,0.069152308,17340.14717,0.132075472,33,212,0.620151,0.415155,1.062159,4591,7403.035712,2.20031746,1,0,"{timeout:3600,max_col_multiplier:1,age_limit:4,random_seed:0,replication:1,num_threads:128}",1
new5200_13_eda.json.gz,15169,n,5,200,LagrangeTemplate,highs,LTFarkas,1,541,15168.02128,15171,0.013183047,15168.86702,0.845744681,30,240,1.274126,0.901807,2.210924,7685,6031.585573,2.692798993,1,0,"{timeout:3600,max_col_multiplier:1,age_limit:4,random_seed:0,replication:1,num_threads:128}",1
new5200_14_adc.json.gz,25572,n,5,200,LagrangeTemplate,highs,LTFarkas,1,461,25571.10401,25781,0.810674528,25571.87633,0.772324198,50,228,1.950159,9.574369,11.578905,5850,2999.755405,2.281311358,1,0,"{timeout:3600,max_col_multiplier:1,age_limit:4,random_seed:0,replication:1,num_threads:128}",1
new5200_15_eda.json.gz,15225,n,5,200,LagrangeTemplate,highs,LTFarkas,1,421,15224.2,15244,0.124639202,15224.7,0.5,27,225,0.782453,0.594931,1.407764,4108,5250.1556,1.786198669,1,0,"{timeout:3600,max_col_multiplier:1,age_limit:4,random_seed:0,replication:1,num_threads:128}",1
new5200_16_eac.json.gz,26589,n,5,200,LagrangeTemplate,highs,LTFarkas,1,399,26588.25,26626,0.138961917,26588.25,0,14,210,0.52189,0.327967,0.87201,3867,7409.607389,1.906688289,1,0,"{timeout:3600,max_col_multiplier:1,age_limit:4,random_seed:0,replication:1,num_threads:128}",1
new5200_18_aac.json.gz,42347,n,5,200,LagrangeTemplate,highs,LTFarkas,1,314,42346.05637,43223,2.026698748,42346.05637,0,35,211,1.12841,5.881213,7.041086,2840,2516.815696,1.579670913,1,0,"{timeout:3600,max_col_multiplier:1,age_limit:4,random_seed:0,replication:1,num_threads:128}",1
new5200_19_eac.json.gz,54396,n,5,200,LagrangeTemplate,highs,LTFarkas,1,364,54395.2,55351,1.725352749,54395.8,0.6,24,214,0.461471,0.288762,0.773829,3455,7486.927673,1.9001221,1,0,"{timeout:3600,max_col_multiplier:1,age_limit:4,random_seed:0,replication:1,num_threads:128}",1
new5200_2_adc.json.gz,48911,n,5,200,LagrangeTemplate,highs,LTFarkas,1,435,48910.04135,49146,0.478167094,48910.74277,0.701420599,45,233,1.964662,8.663769,10.670258,5664,2882.938643,2.601609195,1,0,"{timeout:3600,max_col_multiplier:1,age_limit:4,random_seed:0,replication:1,num_threads:128}",1
new5200_20_aaa.json.gz,36593,n,5,200,LagrangeTemplate,highs,LTFarkas,1,376,36592.05702,37325,1.961152043,36592.23684,0.179824561,30,218,0.979648,4.047624,5.064601,4395,4486.305285,2.127437943,1,0,"{timeout:3600,max_col_multiplier:1,age_limit:4,random_seed:0,replication:1,num_threads:128}",1
new5200_22_eec.json.gz,38455,n,5,200,LagrangeTemplate,highs,LTFarkas,1,520,38454.15789,38486,0.080548771,38454.33333,0.175438596,22,225,1.086462,0.656614,1.783054,9772,8994.332061,3.619174679,1,0,"{timeout:3600,max_col_multiplier:1,age_limit:4,random_seed:0,replication:1,num_threads:128}",1
new5200_23_eaa.json.gz,9018,n,5,200,LagrangeTemplate,highs,LTFarkas,1,115,9018,9018,0,9018,0,5,209,0.07638,0.044384,0.130674,865,11324.95418,1.302700922,1,0,"{timeout:3600,max_col_multiplier:1,age_limit:4,random_seed:0,replication:1,num_threads:128}",1
new5200_24_eea.json.gz,14101,n,5,200,LagrangeTemplate,highs,LTFarkas,1,590,14100.3,14169,0.479920954,14100.65,0.35,32,225,1.434102,1.046635,2.515357,9434,6578.332643,3.04917726,1,0,"{timeout:3600,max_col_multiplier:1,age_limit:4,random_seed:0,replication:1,num_threads:128}",1
new5200_25_eec.json.gz,35782,n,5,200,LagrangeTemplate,highs,LTFarkas,1,404,35781.00877,35904,0.339795009,35781.10526,0.096491228,22,216,0.825522,0.485825,1.34074,6447,7809.604105,3.054484144,1,0,"{timeout:3600,max_col_multiplier:1,age_limit:4,random_seed:0,replication:1,num_threads:128}",1
new5200_27_edc.json.gz,17079,n,5,200,LagrangeTemplate,highs,LTFarkas,1,530,17078.03708,17089,0.058517175,17078.48649,0.449408536,24,236,1.044514,0.687687,1.758861,9050,8664.31661,3.480849057,1,0,"{timeout:3600,max_col_multiplier:1,age_limit:4,random_seed:0,replication:1,num_threads:128}",1
new5200_28_adc.json.gz,9083,n,5,200,LagrangeTemplate,highs,LTFarkas,1,361,9082.075984,9200,1.27173913,9082.224163,0.148179074,40,219,1.576076,3.400953,5.014544,4974,3155.939181,2.460451079,1,0,"{timeout:3600,max_col_multiplier:1,age_limit:4,random_seed:0,replication:1,num_threads:128}",1
new5200_29_edc.json.gz,18274,n,5,200,LagrangeTemplate,highs,LTFarkas,1,413,18273.42857,18282,0.043758889,18273.71429,0.285714286,22,225,0.687982,0.439018,1.158029,4888,7104.837045,2.161119491,1,0,"{timeout:3600,max_col_multiplier:1,age_limit:4,random_seed:0,replication:1,num_threads:128}",1
new5200_3_ada.json.gz,31796,n,5,200,LagrangeTemplate,highs,LTFarkas,1,538,31795.15626,31868,0.225931969,31795.63567,0.479411192,40,223,2.593346,8.027096,10.676931,9786,3773.50342,3.422505285,1,0,"{timeout:3600,max_col_multiplier:1,age_limit:4,random_seed:0,replication:1,num_threads:128}",1
new5200_30_eec.json.gz,33478,n,5,200,LagrangeTemplate,highs,LTFarkas,1,518,33477.4375,33536,0.172948473,33477.4375,0,24,209,1.199407,0.744352,1.985672,8582,7155.202529,3.178949485,1,0,"{timeout:3600,max_col_multiplier:1,age_limit:4,random_seed:0,replication:1,num_threads:128}",1
new5200_31_aec.json.gz,4085,n,5,200,LagrangeTemplate,highs,LTFarkas,1,401,4084.028399,4128,1.041666667,4084.822074,0.793674699,38,225,1.598368,3.169379,4.807491,5832,3648.721696,2.591345959,1,0,"{timeout:3600,max_col_multiplier:1,age_limit:4,random_seed:0,replication:1,num_threads:128}",1
new5200_32_aec.json.gz,7611,n,5,200,LagrangeTemplate,highs,LTFarkas,1,726,7610.045977,7652,0.535807632,7610.642146,0.596168582,36,219,3.278381,5.61136,8.971066,14570,4444.26685,3.583000297,1,0,"{timeout:3600,max_col_multiplier:1,age_limit:4,random_seed:0,replication:1,num_threads:128}",1
new5200_33_eec.json.gz,31025,n,5,200,LagrangeTemplate,highs,LTFarkas,1,368,31024.08333,31033,0.025779009,31024.08333,0,16,211,0.707422,0.491612,1.235818,4427,6257.933737,2.085138458,1,0,"{timeout:3600,max_col_multiplier:1,age_limit:4,random_seed:0,replication:1,num_threads:128}",1
new5200_34_aec.json.gz,3633,n,5,200,LagrangeTemplate,highs,LTFarkas,1,510,3632.014762,3678,1.223491028,3632.808571,0.793809524,35,226,2.170404,5.343102,7.560711,8967,4131.488884,3.254066496,1,0,"{timeout:3600,max_col_multiplier:1,age_limit:4,random_seed:0,replication:1,num_threads:128}",1
new5200_35_adc.json.gz,15907,n,5,200,LagrangeTemplate,highs,LTFarkas,1,445,15906.01183,16028,0.754928874,15906.99193,0.980096826,35,233,1.905986,5.856204,7.810369,5674,2976.936872,2.273111495,1,0,"{timeout:3600,max_col_multiplier:1,age_limit:4,random_seed:0,replication:1,num_threads:128}",1
new5200_4_eaa.json.gz,25304,n,5,200,LagrangeTemplate,highs,LTFarkas,1,2,25303.45455,25304,0,25304,119409,5,10,0.001052,0.002293,0.009972,285,270912.5475,28.5,1,0,"{timeout:3600,max_col_multiplier:1,age_limit:4,random_seed:0,replication:1,num_threads:128}",1
new5200_6_eea.json.gz,12225,n,5,200,LagrangeTemplate,highs,LTFarkas,1,324,12224.00184,12314,0.722754588,12224.46041,0.458563536,31,214,0.641858,0.488255,1.155804,3153,4912.301475,1.793046478,1,0,"{timeout:3600,max_col_multiplier:1,age_limit:4,random_seed:0,replication:1,num_threads:128}",1
new5200_8_eea.json.gz,14210,n,5,200,LagrangeTemplate,highs,LTFarkas,1,513,14209.07899,14248,0.266704099,14209.59028,0.511284722,33,215,0.995226,0.882978,1.910264,7831,7868.564527,2.920518374,1,0,"{timeout:3600,max_col_multiplier:1,age_limit:4,random_seed:0,replication:1,num_threads:128}",1
new5200_9_eaa.json.gz,23540,n,5,200,LagrangeTemplate,highs,LTFarkas,1,0,23540,23540,0,23540,0,0,0,0.010032,0.010032,0.002375,200,,,1,0,"{timeout:3600,max_col_multiplier:1,age_limit:4,random_seed:0,replication:1,num_threads:128}",1
new60900_0_aec.json.gz,2902,n,60,900,LagrangeTemplate,highs,LTFarkas,1,249,2901.199012,3225,10.01550388,2901.895716,0.696704479,450,1062,7.704008,11.841575,20.13512,64663,8393.423267,4.113376244,1,0,"{timeout:3600,max_col_multiplier:1,age_limit:2,random_seed:0,replication:1,num_threads:128}",1
new60900_1_aaa.json.gz,14113,n,60,900,LagrangeTemplate,highs,LTFarkas,1,190,14112.30524,14223,0.773395205,14112.66051,0.35526956,282,993,1.79604,0.832376,2.889727,27351,15228.50271,2.365609955,1,0,"{timeout:3600,max_col_multiplier:1,age_limit:2,random_seed:0,replication:1,num_threads:128}",1
new60900_10_eaa.json.gz,18428,n,60,900,LagrangeTemplate,highs,LTFarkas,1,49,18427.625,18428,0,18428,0.375,60,957,0.074681,0.045016,0.223091,2615,35015.59968,1.322171711,1,0,"{timeout:3600,max_col_multiplier:1,age_limit:2,random_seed:0,replication:1,num_threads:128}",1
new60900_11_eea.json.gz,18271,n,60,900,LagrangeTemplate,highs,LTFarkas,1,450,18270.04725,18500,1.237837838,18270.15776,0.110514821,421,992,5.915532,1.206644,7.520711,77417,13087.07315,2.826277656,1,0,"{timeout:3600,max_col_multiplier:1,age_limit:2,random_seed:0,replication:1,num_threads:128}",1
new60900_12_ada.json.gz,90655,n,60,900,LagrangeTemplate,highs,LTFarkas,1,344,90655,92375,1.861975643,90655,167,471,1275,12.610332,19.951651,33.19124,93435,7409.400482,4.345906008,1,0,"{timeout:3600,max_col_multiplier:1,age_limit:2,random_seed:0,replication:1,num_threads:128}",1
new60900_13_adc.json.gz,166290,n,60,900,LagrangeTemplate,highs,LTFarkas,1,435,166289.0181,167625,0.796420582,166289.1486,0.130517818,493,1027,17.046443,18.976464,36.665707,123553,7248.022359,4.732246666,1,0,"{timeout:3600,max_col_multiplier:1,age_limit:2,random_seed:0,replication:1,num_threads:128}",1
new60900_14_ada.json.gz,147048,n,60,900,LagrangeTemplate,highs,LTFarkas,1,430,147048,150479,2.280052366,147048,64.00000009,496,1252,17.968637,59.471875,78.131835,124214,6912.822603,4.667106852,1,0,"{timeout:3600,max_col_multiplier:1,age_limit:2,random_seed:0,replication:1,num_threads:128}",1
new60900_15_eec.json.gz,114061,n,60,900,LagrangeTemplate,highs,LTFarkas,1,438,114060.0622,114123,0.054327349,114060.7608,0.698617613,282,989,9.572529,1.861486,12.584989,113009,11805.55316,4.124720654,1,0,"{timeout:3600,max_col_multiplier:1,age_limit:2,random_seed:0,replication:1,num_threads:128}",1
new60900_16_adc.json.gz,8288,n,60,900,LagrangeTemplate,highs,LTFarkas,1,264,8287.056334,8722,4.975922953,8287.538594,0.482259828,381,1048,6.15952,2.795803,9.52303,74673,12123.18492,4.443532053,1,0,"{timeout:3600,max_col_multiplier:1,age_limit:2,random_seed:0,replication:1,num_threads:128}",1
new60900_17_aea.json.gz,900,n,60,900,LagrangeTemplate,highs,LTFarkas,1,0,900,900,0,900,0,0,0,0.11077,0.11077,0.088617,900,,,1,0,"{timeout:3600,max_col_multiplier:1,age_limit:2,random_seed:0,replication:1,num_threads:128}",1
new60900_18_adc.json.gz,223924,n,60,900,LagrangeTemplate,highs,LTFarkas,1,455,223923.0169,225698,0.786006079,223923.3792,0.362320223,478,1048,19.710421,28.619826,49.074266,143020,7256.060132,5.191035869,1,0,"{timeout:3600,max_col_multiplier:1,age_limit:2,random_seed:0,replication:1,num_threads:128}",1
new60900_19_aaa.json.gz,17604,n,60,900,LagrangeTemplate,highs,LTFarkas,1,173,17603.2594,17631,0.153139357,17603.52353,0.264129892,240,964,1.223692,0.443821,1.879442,19553,15978.69399,1.906118388,1,0,"{timeout:3600,max_col_multiplier:1,age_limit:2,random_seed:0,replication:1,num_threads:128}",1
new60900_2_aaa.json.gz,35084,n,60,900,LagrangeTemplate,highs,LTFarkas,1,235,35083.22085,35490,1.143984221,35083.22085,0,301,964,3.678152,1.674603,5.690416,44455,12086.23243,3.172851215,1,0,"{timeout:3600,max_col_multiplier:1,age_limit:2,random_seed:0,replication:1,num_threads:128}",1
new60900_20_edc.json.gz,75946,n,60,900,LagrangeTemplate,highs,LTFarkas,1,364,75946,76050,0.136752137,75946,0,263,973,7.980442,0.767548,9.250606,83563,10470.97391,3.763607607,1,0,"{timeout:3600,max_col_multiplier:1,age_limit:2,random_seed:0,replication:1,num_threads:128}",1
new60900_21_ada.json.gz,108469,n,60,900,LagrangeTemplate,highs,LTFarkas,1,385,108469,110598,1.924989602,108469,75.0000025,488,1242,15.756653,43.271959,59.718823,113943,7231.421546,4.740969697,1,0,"{timeout:3600,max_col_multiplier:1,age_limit:2,random_seed:0,replication:1,num_threads:128}",1
new60900_22_eda.json.gz,53988,n,60,900,LagrangeTemplate,highs,LTFarkas,1,591,53987.21607,54220,0.427886389,53987.40419,0.188125777,382,1022,7.498262,2.137275,10.067929,90526,12072.93103,2.52969832,1,0,"{timeout:3600,max_col_multiplier:1,age_limit:2,random_seed:0,replication:1,num_threads:128}",1
new60900_23_adc.json.gz,85384,n,60,900,LagrangeTemplate,highs,LTFarkas,1,348,85384,86572,1.37226817,85384,78.00000002,448,1262,12.22142,11.762079,24.601611,96297,7879.362627,4.44108558,1,0,"{timeout:3600,max_col_multiplier:1,age_limit:2,random_seed:0,replication:1,num_threads:128}",1
new60900_24_aac.json.gz,32283,n,60,900,LagrangeTemplate,highs,LTFarkas,1,223,32282.01464,32696,1.263151456,32282.01464,0,301,962,3.684793,1.416616,5.431216,42962,11659.27095,3.185029958,1,0,"{timeout:3600,max_col_multiplier:1,age_limit:2,random_seed:0,replication:1,num_threads:128}",1
new60900_25_ada.json.gz,917,n,60,900,LagrangeTemplate,highs,LTFarkas,1,2,917,917,0,917,8605,60,120,0.002464,0.004764,0.102378,1278,518668.8312,10.65,1,0,"{timeout:3600,max_col_multiplier:1,age_limit:2,random_seed:0,replication:1,num_threads:128}",1
new60900_26_aaa.json.gz,19258,n,60,900,LagrangeTemplate,highs,LTFarkas,1,190,19257.33303,19426,0.864820344,19257.98121,0.64817338,273,968,2.30385,0.996509,3.579455,31093,13496.10435,2.718877947,1,0,"{timeout:3600,max_col_multiplier:1,age_limit:2,random_seed:0,replication:1,num_threads:128}",1
new60900_27_eea.json.gz,20960,n,60,900,LagrangeTemplate,highs,LTFarkas,1,406,20959.19029,21520,2.602230483,20959.88861,0.698321034,417,1028,5.671335,1.226913,7.317341,74306,13102.02977,3.017793722,1,0,"{timeout:3600,max_col_multiplier:1,age_limit:2,random_seed:0,replication:1,num_threads:128}",1
new60900_28_eec.json.gz,116643,n,60,900,LagrangeTemplate,highs,LTFarkas,1,436,116642.0151,116656,0.011143876,116642.4436,0.428504744,317,993,9.804776,1.844309,12.889349,117634,11997.62238,4.354855971,1,0,"{timeout:3600,max_col_multiplier:1,age_limit:2,random_seed:0,replication:1,num_threads:128}",1
new60900_29_aaa.json.gz,22852,n,60,900,LagrangeTemplate,highs,LTFarkas,1,181,22851.09933,23107,1.103561691,22851.28252,0.183189198,290,990,1.63801,0.783389,2.661946,24788,15132.99675,2.268074779,1,0,"{timeout:3600,max_col_multiplier:1,age_limit:2,random_seed:0,replication:1,num_threads:128}",1
new60900_3_edc.json.gz,76244,n,60,900,LagrangeTemplate,highs,LTFarkas,1,364,76243.16667,76375,0.171522095,76244,13.00000005,264,1180,7.991307,0.782681,9.236589,88991,11135.97563,4.004248947,1,0,"{timeout:3600,max_col_multiplier:1,age_limit:2,random_seed:0,replication:1,num_threads:128}",1
new60900_30_eea.json.gz,25123,n,60,900,LagrangeTemplate,highs,LTFarkas,1,457,25122.32986,25415,1.148927799,25122.93833,0.608467901,391,997,7.609327,1.596459,9.753913,94564,12427.38024,3.417803678,1,0,"{timeout:3600,max_col_multiplier:1,age_limit:2,random_seed:0,replication:1,num_threads:128}",1
new60900_31_eaa.json.gz,19942,n,60,900,LagrangeTemplate,highs,LTFarkas,1,66,19941.07143,19942,0,19942,0.928571429,60,954,0.101019,0.056531,0.263009,2675,26480.1671,1.235365101,1,0,"{timeout:3600,max_col_multiplier:1,age_limit:2,random_seed:0,replication:1,num_threads:128}",1
new60900_32_eda.json.gz,52980,n,60,900,LagrangeTemplate,highs,LTFarkas,1,589,52979.06809,53212,0.435991882,52979.24603,0.177940564,373,1025,8.058128,2.269982,10.749114,92454,11473.38439,2.600803911,1,0,"{timeout:3600,max_col_multiplier:1,age_limit:2,random_seed:0,replication:1,num_threads:128}",1
new60900_33_aac.json.gz,206336,n,60,900,LagrangeTemplate,highs,LTFarkas,1,260,206335.7051,236004,12.57097337,206335.7051,0,386,963,9.392228,8.589773,18.700514,88334,9405.010185,4.677279605,1,0,"{timeout:3600,max_col_multiplier:1,age_limit:2,random_seed:0,replication:1,num_threads:128}",1
new60900_34_eda.json.gz,51012,n,60,900,LagrangeTemplate,highs,LTFarkas,1,558,51011.08337,51293,0.547833038,51011.71883,0.635463979,351,1024,7.210837,1.938555,9.552647,90877,12602.83654,2.699261625,1,0,"{timeout:3600,max_col_multiplier:1,age_limit:2,random_seed:0,replication:1,num_threads:128}",1
new60900_35_eac.json.gz,24029,n,60,900,LagrangeTemplate,highs,LTFarkas,1,188,24028.0034,24193,0.677882032,24028.79587,0.792468413,224,970,1.910052,0.234995,2.399305,25611,13408.53547,2.327342055,1,0,"{timeout:3600,max_col_multiplier:1,age_limit:2,random_seed:0,replication:1,num_threads:128}",1
new60900_4_eac.json.gz,15811,n,60,900,LagrangeTemplate,highs,LTFarkas,1,207,15810.02309,15825,0.088467615,15810.19355,0.170454545,149,985,1.145034,0.221338,1.539927,18501,16157.59881,1.595012747,1,0,"{timeout:3600,max_col_multiplier:1,age_limit:2,random_seed:0,replication:1,num_threads:128}",1
new60900_5_eea.json.gz,19985,n,60,900,LagrangeTemplate,highs,LTFarkas,1,397,19984.11743,20466,2.350239421,19984.37664,0.259212827,417,1011,5.632951,1.145604,7.168468,73281,13009.34448,3.030951814,1,0,"{timeout:3600,max_col_multiplier:1,age_limit:2,random_seed:0,replication:1,num_threads:128}",1
new60900_6_aea.json.gz,900,n,60,900,LagrangeTemplate,highs,LTFarkas,1,0,900,900,0,900,0,0,0,0.109018,0.109018,0.089044,900,,,1,0,"{timeout:3600,max_col_multiplier:1,age_limit:2,random_seed:0,replication:1,num_threads:128}",1
new60900_7_edc.json.gz,77929,n,60,900,LagrangeTemplate,highs,LTFarkas,1,306,77928.15181,78042,0.144793829,77928.39008,0.238274936,254,1048,5.565109,0.649552,6.662652,65836,11830.13666,3.533977794,1,0,"{timeout:3600,max_col_multiplier:1,age_limit:2,random_seed:0,replication:1,num_threads:128}",1
new60900_8_aac.json.gz,10432,n,60,900,LagrangeTemplate,highs,LTFarkas,1,205,10431.08554,10488,0.533943555,10431.79131,0.705769556,258,978,2.268624,1.173882,3.699459,30581,13479.97729,2.455913954,1,0,"{timeout:3600,max_col_multiplier:1,age_limit:2,random_seed:0,replication:1,num_threads:128}",1
new60900_9_eda.json.gz,55582,n,60,900,LagrangeTemplate,highs,LTFarkas,1,576,55581.06919,55946,0.650627391,55581.15515,0.085957852,379,985,7.813311,2.150582,10.429894,91365,11693.50612,2.628049704,1,0,"{timeout:3600,max_col_multiplier:1,age_limit:2,random_seed:0,replication:1,num_threads:128}",1
new801600_0_eda.json.gz,96990,n,80,1600,LagrangeTemplate,highs,LTFarkas,1,1135,96989.01229,97516,0.539398663,96989.0144,0.002110024,508,1692,40.190469,10.871669,52.618262,256956,6393.45612,2.813062297,1,0,"{timeout:3600,max_col_multiplier:1,age_limit:2,random_seed:0,replication:1,num_threads:128}",1
new801600_1_aea.json.gz,1600,n,80,1600,LagrangeTemplate,highs,LTFarkas,1,0,1600,1600,0,1600,0,0,0,0.266529,0.266529,0.232332,1600,,,1,0,"{timeout:3600,max_col_multiplier:1,age_limit:2,random_seed:0,replication:1,num_threads:128}",1
new801600_10_ada.json.gz,118116,n,80,1600,LagrangeTemplate,highs,LTFarkas,1,610,118116,119854,1.450097619,118116,201.0000007,630,2061,44.357136,127.821874,174.103899,202717,4570.110207,4.031673497,1,0,"{timeout:3600,max_col_multiplier:1,age_limit:2,random_seed:0,replication:1,num_threads:128}",1
new801600_12_eaa.json.gz,24777,n,80,1600,LagrangeTemplate,highs,LTFarkas,1,82,24776.33333,24777,0,24777,0.666666667,80,1675,0.262408,0.126538,0.663322,4853,18494.10079,1.110660307,1,0,"{timeout:3600,max_col_multiplier:1,age_limit:2,random_seed:0,replication:1,num_threads:128}",1
new801600_13_ada.json.gz,1600,n,80,1600,LagrangeTemplate,highs,LTFarkas,1,0,1600,1600,0,1600,0,0,0,0.261169,0.261169,0.226939,1600,,,1,0,"{timeout:3600,max_col_multiplier:1,age_limit:2,random_seed:0,replication:1,num_threads:128}",1
new801600_14_adc.json.gz,134128,n,80,1600,LagrangeTemplate,highs,LTFarkas,1,472,134128,135425,0.957725678,134128,155,573,2052,35.12414,25.998896,62.979124,175119,4985.716376,4.461236835,1,0,"{timeout:3600,max_col_multiplier:1,age_limit:2,random_seed:0,replication:1,num_threads:128}",1
new801600_15_adc.json.gz,34671,n,80,1600,LagrangeTemplate,highs,LTFarkas,1,522,34670.34389,36186,4.186702039,34670.64438,0.300489279,603,1851,44.104535,46.204424,93.083447,263721,5979.453133,5.897750945,1,0,"{timeout:3600,max_col_multiplier:1,age_limit:2,random_seed:0,replication:1,num_threads:128}",1
new801600_16_eea.json.gz,43178,n,80,1600,LagrangeTemplate,highs,LTFarkas,1,703,43177.13172,44166,2.237014898,43177.52212,0.390400079,544,1788,27.533204,6.004632,35.229101,195515,7101.062412,3.452563287,1,0,"{timeout:3600,max_col_multiplier:1,age_limit:2,random_seed:0,replication:1,num_threads:128}",1
new801600_17_ada.json.gz,2488,n,80,1600,LagrangeTemplate,highs,LTFarkas,1,249,2488,2501,0.519792083,2488,126,192,1929,6.152436,7.692305,14.431944,43212,7023.559449,2.012543473,1,0,"{timeout:3600,max_col_multiplier:1,age_limit:2,random_seed:0,replication:1,num_threads:128}",1
new801600_18_aac.json.gz,28414,n,80,1600,LagrangeTemplate,highs,LTFarkas,1,273,28413.01164,28685,0.94474464,28413.01548,0.003838904,441,1701,8.9194,3.174439,12.835577,68592,7690.203377,3.079356965,1,0,"{timeout:3600,max_col_multiplier:1,age_limit:2,random_seed:0,replication:1,num_threads:128}",1
new801600_19_aec.json.gz,1600,n,80,1600,LagrangeTemplate,highs,LTFarkas,1,116,1600,1600,0,1600,1127.5,80,1916,1.914731,2.629894,5.063611,15271,7975.532856,1.297551569,1,0,"{timeout:3600,max_col_multiplier:1,age_limit:2,random_seed:0,replication:1,num_threads:128}",1
new801600_2_aac.json.gz,19819,n,80,1600,LagrangeTemplate,highs,LTFarkas,1,310,19818.02501,19885,0.331908474,19818.34384,0.318834336,385,1709,10.225458,5.117278,16.137279,74384,7274.392991,2.954222796,1,0,"{timeout:3600,max_col_multiplier:1,age_limit:2,random_seed:0,replication:1,num_threads:128}",1
new801600_20_aac.json.gz,43489,n,80,1600,LagrangeTemplate,highs,LTFarkas,1,323,43488.11888,44334,1.905986376,43488.29322,0.174340319,433,1698,13.378935,4.702695,19.045535,93683,7002.27634,3.621408395,1,0,"{timeout:3600,max_col_multiplier:1,age_limit:2,random_seed:0,replication:1,num_threads:128}",1
new801600_21_ada.json.gz,179316,n,80,1600,LagrangeTemplate,highs,LTFarkas,1,521,179316,182237,1.602857817,179316,61.00000567,657,2031,45.376776,179.963865,227.233566,186890,4118.626674,4.298389427,1,0,"{timeout:3600,max_col_multiplier:1,age_limit:2,random_seed:0,replication:1,num_threads:128}",1
new801600_22_ada.json.gz,305871,n,80,1600,LagrangeTemplate,highs,LTFarkas,1,580,305871,310134,1.374567123,305871,63.75000022,678,2035,56.949027,249.470053,308.314763,216284,3797.85242,4.518625157,1,0,"{timeout:3600,max_col_multiplier:1,age_limit:2,random_seed:0,replication:1,num_threads:128}",1
new801600_23_adc.json.gz,67636,n,80,1600,LagrangeTemplate,highs,LTFarkas,1,470,67636,68607,1.415307476,67636,38,581,2017,38.678747,33.933312,74.543175,197941,5117.564951,5.023012975,1,0,"{timeout:3600,max_col_multiplier:1,age_limit:2,random_seed:0,replication:1,num_threads:128}",1
new801600_24_aaa.json.gz,30278,n,80,1600,LagrangeTemplate,highs,LTFarkas,1,260,30277.35753,30692,1.348885703,30277.75711,0.399575549,451,1714,7.954373,2.759272,11.437656,65598,8246.784505,3.068634328,1,0,"{timeout:3600,max_col_multiplier:1,age_limit:2,random_seed:0,replication:1,num_threads:128}",1
new801600_25_eda.json.gz,98556,n,80,1600,LagrangeTemplate,highs,LTFarkas,1,1162,98555.03141,98935,0.3830798,98555.09784,0.066424632,513,1747,41.329143,11.03765,53.989691,269718,6526.097093,2.884555212,1,0,"{timeout:3600,max_col_multiplier:1,age_limit:2,random_seed:0,replication:1,num_threads:128}",1
new801600_26_aac.json.gz,42433,n,80,1600,LagrangeTemplate,highs,LTFarkas,1,299,42432.21691,42975,1.261198371,42432.54211,0.325198478,432,1697,11.463897,4.824861,17.401781,85506,7458.720189,3.554298005,1,0,"{timeout:3600,max_col_multiplier:1,age_limit:2,random_seed:0,replication:1,num_threads:128}",1
new801600_27_ada.json.gz,188434,n,80,1600,LagrangeTemplate,highs,LTFarkas,1,727,188434,191102,1.39611307,188434,38.0000017,709,2024,75.836384,295.958414,373.763084,293149,3865.545594,4.935289966,1,0,"{timeout:3600,max_col_multiplier:1,age_limit:2,random_seed:0,replication:1,num_threads:128}",1
new801600_28_eac.json.gz,29278,n,80,1600,LagrangeTemplate,highs,LTFarkas,1,305,29277.49164,29533,0.863440897,29277.84736,0.355716874,349,1720,9.457263,0.646814,10.888077,74603,7888.434529,3.017119267,1,0,"{timeout:3600,max_col_multiplier:1,age_limit:2,random_seed:0,replication:1,num_threads:128}",1
new801600_29_ada.json.gz,209887,n,80,1600,LagrangeTemplate,highs,LTFarkas,1,645,209887,213611,1.743355913,209887,270.0000005,691,2095,70.418738,294.719023,366.901073,268924,3818.926718,5.06827907,1,0,"{timeout:3600,max_col_multiplier:1,age_limit:2,random_seed:0,replication:1,num_threads:128}",1
new801600_3_adc.json.gz,191008,n,80,1600,LagrangeTemplate,highs,LTFarkas,1,563,191008,192594,0.823493982,191008,173.0000488,615,2047,43.026415,54.798811,99.621163,198262,4607.913534,4.25696035,1,0,"{timeout:3600,max_col_multiplier:1,age_limit:2,random_seed:0,replication:1,num_threads:128}",1
new801600_30_ada.json.gz,237951,n,80,1600,LagrangeTemplate,highs,LTFarkas,1,655,237951,241243,1.36459918,237951,210.0000002,666,2104,61.51027,223.70501,287.186853,246649,4009.883228,4.58860687,1,0,"{timeout:3600,max_col_multiplier:1,age_limit:2,random_seed:0,replication:1,num_threads:128}",1
new801600_31_eea.json.gz,40123,n,80,1600,LagrangeTemplate,highs,LTFarkas,1,669,40122.21298,40944,2.005177804,40122.63371,0.420731228,541,1804,24.196103,5.417114,31.145169,180717,7468.847359,3.330553727,1,0,"{timeout:3600,max_col_multiplier:1,age_limit:2,random_seed:0,replication:1,num_threads:128}",1
new801600_32_eea.json.gz,26730,n,80,1600,LagrangeTemplate,highs,LTFarkas,1,745,26729.03154,27028,1.102560308,26729.54158,0.510040708,539,1818,22.500792,4.325131,27.894121,175735,7810.169526,2.933012578,1,0,"{timeout:3600,max_col_multiplier:1,age_limit:2,random_seed:0,replication:1,num_threads:128}",1
new801600_33_eec.json.gz,178710,n,80,1600,LagrangeTemplate,highs,LTFarkas,1,674,178709.2241,178723,0.007273825,178709.6402,0.416134517,301,1721,42.833913,7.224476,54.01302,261342,6101.287081,4.701329659,1,0,"{timeout:3600,max_col_multiplier:1,age_limit:2,random_seed:0,replication:1,num_threads:128}",1
new801600_34_edc.json.gz,131974,n,80,1600,LagrangeTemplate,highs,LTFarkas,1,499,131974,132156,0.137716033,131974,177.6407767,478,2038,17.63651,1.965086,20.949661,111144,6301.927082,2.67096129,1,0,"{timeout:3600,max_col_multiplier:1,age_limit:2,random_seed:0,replication:1,num_threads:128}",1
new801600_35_eea.json.gz,39923,n,80,1600,LagrangeTemplate,highs,LTFarkas,1,764,39922.0785,40647,1.781189264,39922.30178,0.223276749,566,1773,28.956549,5.666138,36.215563,210508,7269.788952,3.402713439,1,0,"{timeout:3600,max_col_multiplier:1,age_limit:2,random_seed:0,replication:1,num_threads:128}",1
new801600_4_eea.json.gz,26288,n,80,1600,LagrangeTemplate,highs,LTFarkas,1,799,26287.4009,26535,0.930846052,26287.76785,0.366953335,541,1715,25.260751,4.55592,30.862937,188508,7462.485973,2.933208073,1,0,"{timeout:3600,max_col_multiplier:1,age_limit:2,random_seed:0,replication:1,num_threads:128}",1
new801600_5_aaa.json.gz,26507,n,80,1600,LagrangeTemplate,highs,LTFarkas,1,299,26506.07005,26634,0.476834122,26506.60691,0.536865515,441,1770,11.930646,3.837373,16.647359,85254,7145.799146,3.514518413,1,0,"{timeout:3600,max_col_multiplier:1,age_limit:2,random_seed:0,replication:1,num_threads:128}",1
new801600_6_adc.json.gz,19147,n,80,1600,LagrangeTemplate,highs,MTFarkas,1,431,19146.01786,19154,0.03654589,19146.24107,0.223214286,255,1940,254.087728,16.506455,273.358703,1136160,4471.526464,31.66713924,1,0,"{timeout:-1,max_col_multiplier:1,age_limit:10,random_seed:0,replication:1,num_threads:128}",1
new801600_7_eda.json.gz,92024,n,80,1600,LagrangeTemplate,highs,LTFarkas,1,1196,92023.17686,92631,0.655288186,92023.9968,1.821217931,527,1932,37.568762,10.482976,49.532075,254106,6763.757613,2.632597913,1,0,"{timeout:3600,max_col_multiplier:1,age_limit:2,random_seed:0,replication:1,num_threads:128}",1
new801600_8_eda.json.gz,86819,n,80,1600,LagrangeTemplate,highs,LTFarkas,1,1171,86818.04735,87171,0.403804017,86818.97557,0.928218791,522,1810,36.790948,10.108839,48.22946,252033,6850.407878,2.677575365,1,0,"{timeout:3600,max_col_multiplier:1,age_limit:2,random_seed:0,replication:1,num_threads:128}",1
new801600_9_adc.json.gz,149051,n,80,1600,LagrangeTemplate,highs,LTFarkas,1,568,149050.0536,151072,1.337772718,149050.3296,0.275996209,620,1832,48.478446,80.020181,130.818954,246792,5090.757241,5.252176803,1,0,"{timeout:3600,max_col_multiplier:1,age_limit:2,random_seed:0,replication:1,num_threads:128}",1
new803200_0_eda.json.gz,204060,n,80,3200,LagrangeTemplate,highs,LTFarkas,1,1616,204059.0061,204661,0.293656339,204059.0717,0.065638697,542,3493,635.303292,68.382382,707.951528,706708,1112.394677,5.426134467,1,0,"{timeout:3600,max_col_multiplier:1,age_limit:4,random_seed:0,replication:1,num_threads:128}",1
new803200_1_aea.json.gz,3200,n,80,3200,LagrangeTemplate,highs,LTFarkas,1,0,3200,3200,0,3200,0,0,0,0.59146,0.591459,0.528799,3200,,,1,0,"{timeout:3600,max_col_multiplier:1,age_limit:4,random_seed:0,replication:1,num_threads:128}",1
new803200_10_eda.json.gz,200003,n,80,3200,LagrangeTemplate,highs,LTFarkas,1,1749,200002.0015,200971,0.481661533,200002.5948,0.593337507,518,3578,658.253432,70.036759,732.676648,777702,1181.462887,5.507620837,1,0,"{timeout:3600,max_col_multiplier:1,age_limit:4,random_seed:100,replication:1,num_threads:128}",1
new803200_11_ada.json.gz,577833,n,80,3200,LagrangeTemplate,highs,LTFarkas,1,932,577833,581169,0.574015476,577833,808.1280653,717,4079,788.810216,1214.339442,2008.151822,495755,628.4845074,6.464595534,1,0,"{timeout:3600,max_col_multiplier:1,age_limit:4,random_seed:100,replication:1,num_threads:128}",1
new803200_12_eda.json.gz,201794,n,80,3200,LagrangeTemplate,highs,LTFarkas,1,1537,201793.0534,202300,0.250123579,201793.9088,0.855394377,528,3676,645.321763,66.159042,715.520638,673794,1044.120993,5.427736317,1,0,"{timeout:3600,max_col_multiplier:1,age_limit:4,random_seed:0,replication:1,num_threads:128}",1
new803200_13_eaa.json.gz,36834,n,80,3200,LagrangeTemplate,highs,LTFarkas,1,2,36834,36834,0,36834,2161305,80,160,0.01471,0.010746,0.563607,4352,295853.1611,27.2,1,0,"{timeout:3600,max_col_multiplier:1,age_limit:4,random_seed:0,replication:1,num_threads:128}",1
new803200_14_eea.json.gz,60988,n,80,3200,LagrangeTemplate,highs,LTFarkas,1,1351,60987.04316,61517,0.859924898,60987.19185,0.148693813,619,3365,422.113902,30.24282,455.903045,562852,1333.412611,5.18409297,1,0,"{timeout:3600,max_col_multiplier:1,age_limit:4,random_seed:0,replication:1,num_threads:128}",1
new803200_15_edc.json.gz,268663,n,80,3200,LagrangeTemplate,highs,LTFarkas,1,706,268663,268908,0.091109227,268663,287.7023822,557,3912,263.892931,8.22796,275.525265,291725,1105.467278,5.011368597,1,0,"{timeout:3600,max_col_multiplier:1,age_limit:4,random_seed:0,replication:1,num_threads:128}",1
new803200_16_eea.json.gz,98978,n,80,3200,LagrangeTemplate,highs,LTFarkas,1,1206,98977.02672,99682,0.706245862,98977.31223,0.285512836,571,3403,465.306071,42.762388,513.527707,564193,1212.520178,5.794209069,1,0,"{timeout:3600,max_col_multiplier:1,age_limit:4,random_seed:0,replication:1,num_threads:128}",1
new803200_17_eda.json.gz,182095,n,80,3200,LagrangeTemplate,highs,LTFarkas,1,2005,182094.0179,182704,0.333326036,182094.8452,0.827321499,569,3620,616.089668,73.065442,693.270147,789508,1281.482292,4.882469037,1,0,"{timeout:3600,max_col_multiplier:1,age_limit:4,random_seed:0,replication:1,num_threads:128}",1
new803200_18_aec.json.gz,9104,n,80,3200,LagrangeTemplate,highs,LTFarkas,1,680,9103.033706,9529,4.460069262,9103.658483,0.624777186,691,3728,455.467161,465.32128,927.509783,502037,1102.246315,8.942946562,1,0,"{timeout:3600,max_col_multiplier:1,age_limit:4,random_seed:0,replication:1,num_threads:128}",1
new803200_19_edc.json.gz,262331,n,80,3200,LagrangeTemplate,highs,LTFarkas,1,797,262331,262650,0.121454407,262331,1236.423964,419,3900,227.788893,9.774433,241.166871,289504,1270.931151,4.397062023,1,0,"{timeout:3600,max_col_multiplier:1,age_limit:4,random_seed:0,replication:1,num_threads:128}",1
new803200_2_aac.json.gz,70495,n,80,3200,LagrangeTemplate,highs,LTFarkas,1,591,70494.05216,70848,0.498249774,70494.62274,0.570585278,496,3424,185.137516,28.537819,216.062222,287746,1554.22848,6.071972405,1,0,"{timeout:3600,max_col_multiplier:1,age_limit:4,random_seed:0,replication:1,num_threads:128}",1
new803200_20_ada.json.gz,67053,n,80,3200,LagrangeTemplate,highs,LTFarkas,1,1059,67052.07354,68995,2.814696717,67052.38661,0.313066933,803,3588,951.78809,1119.366386,2075.54976,710208,746.182903,8.25648538,1,0,"{timeout:3600,max_col_multiplier:1,age_limit:4,random_seed:0,replication:1,num_threads:128}",1
new803200_21_eea.json.gz,94418,n,80,3200,LagrangeTemplate,highs,LTFarkas,1,1026,94417.07585,95613,1.249830044,94417.53068,0.454827405,566,3476,380.110003,36.791134,421.729861,470626,1238.131058,5.666520585,1,0,"{timeout:3600,max_col_multiplier:1,age_limit:4,random_seed:0,replication:1,num_threads:128}",1
new803200_22_eac.json.gz,46518,n,80,3200,LagrangeTemplate,highs,LTFarkas,1,610,46517.00871,46595,0.165253783,46517.74249,0.733772267,406,3466,92.406974,2.680234,96.8021,182830,1978.530322,3.76652685,1,0,"{timeout:3600,max_col_multiplier:1,age_limit:4,random_seed:0,replication:1,num_threads:128}",1
new803200_23_edc.json.gz,275398,n,80,3200,LagrangeTemplate,highs,LTFarkas,1,1088,275397.0165,275498,0.036297904,275397.2401,0.223582464,356,3707,587.937811,13.080369,605.170786,745189,1267.462283,8.497745952,1,0,"{timeout:3600,max_col_multiplier:1,age_limit:4,random_seed:0,replication:1,num_threads:128}",1
new803200_24_eaa.json.gz,52870,n,80,3200,LagrangeTemplate,highs,LTFarkas,1,958,52869.01371,52870,8.26E-14,52870,0.98628743,80,3299,33.751896,4.561839,39.925388,130509,3866.71611,1.97265822,1,0,"{timeout:3600,max_col_multiplier:1,age_limit:4,random_seed:0,replication:1,num_threads:128}",1
new803200_25_edc.json.gz,272716,n,80,3200,LagrangeTemplate,highs,LTFarkas,1,708,272716,272931,0.078774489,272716,448.7471196,334,4046,297.808877,7.126403,308.281178,354649,1190.861077,6.077520714,1,0,"{timeout:3600,max_col_multiplier:1,age_limit:4,random_seed:0,replication:1,num_threads:128}",1
new803200_26_eda.json.gz,197447,n,80,3200,LagrangeTemplate,highs,LTFarkas,1,1696,197446.0537,198002,0.280300199,197446.7425,0.688842547,540,3650,655.03545,71.30244,730.577227,713745,1089.62805,5.210206755,1,0,"{timeout:3600,max_col_multiplier:1,age_limit:4,random_seed:0,replication:1,num_threads:128}",1
new803200_27_aaa.json.gz,102325,n,80,3200,LagrangeTemplate,highs,LTFarkas,1,517,102324.1707,104349,1.939644846,102324.8482,0.677560468,565,3346,195.236741,33.333307,231.61736,280483,1436.630209,6.69154693,1,0,"{timeout:3600,max_col_multiplier:1,age_limit:4,random_seed:0,replication:1,num_threads:128}",1
new803200_28_aac.json.gz,66858,n,80,3200,LagrangeTemplate,highs,LTFarkas,1,530,66857.15182,67246,0.576985992,66857.77534,0.623520342,478,3364,139.021775,20.30468,161.302202,219885,1581.658701,5.121570875,1,0,"{timeout:3600,max_col_multiplier:1,age_limit:4,random_seed:0,replication:1,num_threads:128}",1
new803200_29_ada.json.gz,3478,n,80,3200,LagrangeTemplate,highs,LTFarkas,1,2,3478,3478,0,3478,68996,80,160,0.014623,0.038331,0.608126,4368,298707.5156,27.3,1,0,"{timeout:3600,max_col_multiplier:1,age_limit:4,random_seed:0,replication:1,num_threads:128}",1
new803200_3_adc.json.gz,1134403,n,80,3200,LagrangeTemplate,highs,LTFarkas,1,1241,1134402.026,1138090,0.323963834,1134402.512,0.486712916,761,3793,1298.363113,1350.911347,2654.678135,904225,696.4346037,9.010537356,1,0,"{timeout:3600,max_col_multiplier:1,age_limit:4,random_seed:100,replication:1,num_threads:128}",1
new803200_30_ada.json.gz,378633,n,80,3200,LagrangeTemplate,highs,LTFarkas,1,867,378633,381473,0.744482571,378633,456.9858693,714,3837,698.299869,1286.540034,1989.588891,437775,626.9154835,6.082387023,1,0,"{timeout:3600,max_col_multiplier:1,age_limit:4,random_seed:0,replication:1,num_threads:128}",1
new803200_31_aec.json.gz,3200,n,80,3200,LagrangeTemplate,highs,LTFarkas,1,515,3200,3201,0.031240233,3200,1359,91,4109,228.859641,127.317644,364.098932,393124,1717.751537,9.264232722,1,0,"{timeout:3600,max_col_multiplier:1,age_limit:4,random_seed:0,replication:1,num_threads:128}",1
new803200_32_ada.json.gz,366331,n,80,3200,LagrangeTemplate,highs,LTFarkas,1,750,366331,369702,0.911815462,366331,600.9583351,652,3882,620.55008,777.562935,1403.367818,372111,599.64701,5.948539524,1,0,"{timeout:3600,max_col_multiplier:1,age_limit:4,random_seed:0,replication:1,num_threads:128}",1
new803200_33_eaa.json.gz,67472,n,80,3200,LagrangeTemplate,highs,LTFarkas,1,2,67471.04082,67472,0,67472,2264679,80,160,0.014819,0.009878,0.583443,4354,293811.9981,27.2125,1,0,"{timeout:3600,max_col_multiplier:1,age_limit:4,random_seed:0,replication:1,num_threads:128}",1
new803200_34_eea.json.gz,78482,n,80,3200,LagrangeTemplate,highs,LTFarkas,1,1220,78481.01157,79150,0.843967151,78481.38,0.368428571,475,3353,469.539332,34.21445,507.85104,593779,1264.599065,6.103551722,1,0,"{timeout:3600,max_col_multiplier:1,age_limit:4,random_seed:100,replication:1,num_threads:128}",1
new803200_35_ada.json.gz,918157,n,80,3200,LagrangeTemplate,highs,LTFarkas,1,945,918157,922169,0.435061252,918157,517.3095349,701,3986,805.806009,1459.500313,2270.076702,512926,636.5378196,6.614775662,1,0,"{timeout:3600,max_col_multiplier:1,age_limit:4,random_seed:100,replication:1,num_threads:128}",1
new803200_4_eec.json.gz,536748,n,80,3200,LagrangeTemplate,highs,LTFarkas,1,1674,536747.25,536765,0.003167122,536748,0.750000017,209,3521,1220.581348,52.13893,1285.215475,1491974,1222.347042,17.77790763,1,0,"{timeout:3600,max_col_multiplier:1,age_limit:4,random_seed:0,replication:1,num_threads:128}",1
new803200_5_eec.json.gz,365471,n,80,3200,LagrangeTemplate,highs,LTFarkas,1,1293,365470.0274,365476,0.001368079,365470.0917,0.064242379,406,3300,1048.688844,53.201543,1112.568853,1315825,1254.733477,12.60876926,1,0,"{timeout:3600,max_col_multiplier:1,age_limit:4,random_seed:0,replication:1,num_threads:128}",1
new803200_6_eaa.json.gz,60971,n,80,3200,LagrangeTemplate,highs,LTFarkas,1,236,60970.11187,60971,0,60971,0.888128007,80,3296,2.479502,0.681192,3.89092,10941,4412.579623,1.53654262,1,0,"{timeout:3600,max_col_multiplier:1,age_limit:4,random_seed:0,replication:1,num_threads:128}",1
new803200_7_ada.json.gz,656869,n,80,3200,LagrangeTemplate,highs,LTFarkas,1,950,656869,659641,0.420228579,656869,443.2458381,708,3953,782.183865,1158.905846,1946.575074,511136,653.4729529,6.54461439,1,0,"{timeout:3600,max_col_multiplier:1,age_limit:4,random_seed:100,replication:1,num_threads:128}",1
new803200_9_eda.json.gz,186198,n,80,3200,LagrangeTemplate,highs,LTFarkas,1,1912,186197.0214,186987,0.421954467,186197.1374,0.116037485,555,3357,568.764381,69.671865,642.620963,768627,1351.397917,4.993114631,1,0,"{timeout:3600,max_col_multiplier:1,age_limit:4,random_seed:0,replication:1,num_threads:128}",1
new804000_0_aec.json.gz,93270,n,80,4000,LagrangeTemplate,highs,LTFarkas,1,954,93269.07559,94231,1.019834237,93269.76913,0.69354113,623,4489,2026.208597,402.54632,2438.639415,1027872,507.2883421,12.805428,1,0,"{timeout:3600,max_col_multiplier:1,age_limit:5,random_seed:0,replication:1,num_threads:128}",1
new804000_1_edc.json.gz,337142,n,80,4000,LagrangeTemplate,highs,LTFarkas,1,785,337142,337402,0.077059413,337142,1577.641241,455,5102,894.180158,12.019031,911.028125,428974,479.7400123,6.571820594,1,0,"{timeout:3600,max_col_multiplier:1,age_limit:5,random_seed:0,replication:1,num_threads:128}",1
new804000_10_eac.json.gz,72040,n,80,4000,LagrangeTemplate,highs,LTFarkas,1,905,72039.00925,72068,0.038852195,72039.44739,0.438139912,387,4111,303.312338,5.417528,311.16883,321752,1060.794302,4.501630112,1,0,"{timeout:3600,max_col_multiplier:1,age_limit:5,random_seed:0,replication:1,num_threads:128}",1
new804000_11_adc.json.gz,97841,n,80,4000,LagrangeTemplate,highs,LTFarkas,1,703,97841,98415,0.583244424,97841,853.2473663,519,4827,1299.557315,104.030242,1409.949755,480367,369.6389489,8.242494944,1,0,"{timeout:3600,max_col_multiplier:1,age_limit:5,random_seed:0,replication:1,num_threads:128}",1
new804000_12_eac.json.gz,41378,n,80,4000,LagrangeTemplate,highs,LTFarkas,1,1167,41377.08905,41387,0.021745959,41377.80842,0.719371102,413,4582,655.80632,6.598356,665.264773,553059,843.326731,5.864581932,1,0,"{timeout:3600,max_col_multiplier:1,age_limit:5,random_seed:0,replication:1,num_threads:128}",1
new804000_13_aaa.json.gz,63191,n,80,4000,LagrangeTemplate,highs,LTFarkas,1,692,63190.13225,63701,0.800615375,63190.73502,0.602774172,560,4093,642.776179,47.666949,693.692872,340261,529.3615587,6.361630737,1,0,"{timeout:3600,max_col_multiplier:1,age_limit:5,random_seed:0,replication:1,num_threads:128}",1
new804000_14_aac.json.gz,70061,n,80,4000,LagrangeTemplate,highs,LTFarkas,1,722,70060.01371,70484,0.600136201,70060.21359,0.19987373,557,4106,776.514442,18.645834,799.327445,541441,697.2709981,9.276771255,1,0,"{timeout:3600,max_col_multiplier:1,age_limit:5,random_seed:0,replication:1,num_threads:128}",1
new804000_15_aec.json.gz,4000,n,80,4000,LagrangeTemplate,highs,LTFarkas,1,362,4000,4047,1.161354089,4000,3597.5,129,5127,212.385338,89.861242,311.895828,294117,1384.827233,9.6818316,1,0,"{timeout:3600,max_col_multiplier:1,age_limit:5,random_seed:0,replication:1,num_threads:128}",1
new804000_16_aaa.json.gz,65768,n,80,4000,LagrangeTemplate,highs,LTFarkas,1,915,65767.02852,66000,0.351515151,65767.11271,0.084191042,575,4124,943.079565,88.930152,1036.026208,612294,649.2495678,8.586618474,1,0,"{timeout:3600,max_col_multiplier:1,age_limit:5,random_seed:0,replication:1,num_threads:128}",1
new804000_17_adc.json.gz,1198542,n,80,4000,LagrangeTemplate,highs,MTFarkas,1,972,1198542,1203700,0.428512088,1198542,495.8461632,783,4782,3702.237401,870.934343,4579.460565,684275,184.8274235,8.538898283,1,0,"{timeout:-1,max_col_multiplier:1,age_limit:5,random_seed:0,replication:1,num_threads:128}",1
new804000_18_adc.json.gz,812084,n,80,4000,LagrangeTemplate,highs,MTFarkas,1,1179,812083.0745,814095,0.247022768,812083.7751,0.700630403,691,4731,4346.169945,426.70699,4777.986712,1058084,243.452054,11.06979,1,0,"{timeout:-1,max_col_multiplier:1,age_limit:5,random_seed:0,replication:1,num_threads:128}",1
new804000_19_eea.json.gz,90973,n,80,4000,LagrangeTemplate,highs,LTFarkas,1,1451,90972.00789,91556,0.636768753,90972.36922,0.361322366,602,4239,1852.552298,66.972455,1925.446539,807006,435.6184713,6.904966779,1,0,"{timeout:3600,max_col_multiplier:1,age_limit:5,random_seed:0,replication:1,num_threads:128}",1
new804000_2_aec.json.gz,10266,n,80,4000,LagrangeTemplate,highs,LTFarkas,1,909,10265.01134,10554,2.728823194,10265.17043,0.159087013,698,4411,1699.350824,791.644898,2496.889361,731195,430.2790158,9.908851013,1,0,"{timeout:3600,max_col_multiplier:1,age_limit:5,random_seed:0,replication:1,num_threads:128}",1
new804000_20_aaa.json.gz,82451,n,80,4000,LagrangeTemplate,highs,LTFarkas,1,885,82450.06071,82810,0.433522521,82450.21787,0.157165694,558,4109,1027.464735,45.831357,1077.262873,892718,868.8551243,12.54371566,1,0,"{timeout:3600,max_col_multiplier:1,age_limit:5,random_seed:0,replication:1,num_threads:128}",1
new804000_21_aaa.json.gz,67504,n,80,4000,LagrangeTemplate,highs,LTFarkas,1,676,67503.2894,67708,0.301293791,67503.87249,0.583094804,553,4219,531.42809,30.232431,564.632261,398604,750.0619698,7.304211789,1,0,"{timeout:3600,max_col_multiplier:1,age_limit:5,random_seed:0,replication:1,num_threads:128}",1
new804000_22_aea.json.gz,118883,n,80,4000,LagrangeTemplate,highs,LTFarkas,1,1221,118882.0117,119862,0.816772622,118882.9086,0.896918056,608,4452,2914.01956,349.839287,3271.405056,1246236,427.6690579,12.61354507,1,0,"{timeout:3600,max_col_multiplier:1,age_limit:5,random_seed:0,replication:1,num_threads:128}",1
new804000_23_aaa.json.gz,56607,n,80,4000,LagrangeTemplate,highs,LTFarkas,1,732,56606.14334,56760,0.269556025,56606.72642,0.583082948,528,4184,677.987166,59.637283,740.757732,442399,652.5182514,7.471890426,1,0,"{timeout:3600,max_col_multiplier:1,age_limit:5,random_seed:0,replication:1,num_threads:128}",1
new804000_24_eec.json.gz,819592,n,80,4000,LagrangeTemplate,highs,MTFarkas,1,1821,819590.0424,819599,0.000976087,819591.0385,0.996024906,407,4241,3071.404285,73.653473,3157.586568,2330082,758.6373475,15.97939049,1,0,"{timeout:-1,max_col_multiplier:1,age_limit:5,random_seed:0,replication:1,num_threads:128}",1
new804000_25_edc.json.gz,327232,n,80,4000,LagrangeTemplate,highs,LTFarkas,1,1000,327232,327644,0.125746237,327232,1236.42272,590,5011,1494.288521,19.668774,1518.829458,535850,358.5987528,6.560626471,1,0,"{timeout:3600,max_col_multiplier:1,age_limit:5,random_seed:0,replication:1,num_threads:128}",1
new804000_26_aea.json.gz,4000,n,80,4000,LagrangeTemplate,highs,LTFarkas,1,0,4000,4000,0,4000,0,0,0,0.71134,0.71134,0.634488,4000,,,1,0,"{timeout:3600,max_col_multiplier:1,age_limit:5,random_seed:0,replication:1,num_threads:128}",1
new804000_27_edc.json.gz,347786,n,80,4000,LagrangeTemplate,highs,LTFarkas,1,1126,347785.1063,347912,0.036216055,347785.6961,0.589852842,328,4504,2768.887199,17.461855,2791.509165,1579725,570.5270336,17.44123252,1,0,"{timeout:3600,max_col_multiplier:1,age_limit:5,random_seed:0,replication:1,num_threads:128}",1
new804000_28_eaa.json.gz,45466,n,80,4000,LagrangeTemplate,highs,LTFarkas,1,2,45465.65,45466,0,45466,2803787,80,160,0.020407,0.013639,0.733859,5417,265448.1305,33.85625,1,0,"{timeout:3600,max_col_multiplier:1,age_limit:5,random_seed:0,replication:1,num_threads:128}",1
new804000_29_eea.json.gz,115593,n,80,4000,LagrangeTemplate,highs,LTFarkas,1,1310,115592.0094,116614,0.8755381,115592.1044,0.095076826,593,4197,1423.12223,74.712002,1504.275933,671835,472.0852404,6.356697972,1,0,"{timeout:3600,max_col_multiplier:1,age_limit:5,random_seed:0,replication:1,num_threads:128}",1
new804000_3_ada.json.gz,870988,n,80,4000,LagrangeTemplate,highs,MTFarkas,1,860,870988,874201,0.367535613,870988,1189.285898,989,6133,11178.61982,1306.667605,12490.42575,2000967,178.999468,28.75895578,1,0,"{timeout:-1,max_col_multiplier:1,age_limit:10,random_seed:100,replication:1,num_threads:128}",1
new804000_30_eac.json.gz,65824,n,80,4000,LagrangeTemplate,highs,LTFarkas,1,896,65823.06986,65879,0.083486392,65823.21393,0.144065112,455,4224,361.049132,5.235934,368.69391,351555,973.7040442,4.900133263,1,0,"{timeout:3600,max_col_multiplier:1,age_limit:5,random_seed:0,replication:1,num_threads:128}",1
new804000_31_adc.json.gz,370970,n,80,4000,LagrangeTemplate,highs,MTFarkas,1,805,370969.0072,372143,0.315201415,370969.9324,0.925198985,624,5176,5001.199965,128.254834,5134.189825,1644031,328.7273077,25.29443181,1,0,"{timeout:-1,max_col_multiplier:1,age_limit:10,random_seed:0,replication:1,num_threads:128}",1
new804000_32_eec.json.gz,510403,n,80,4000,LagrangeTemplate,highs,MTFarkas,1,1477,510402.1784,510422,0.00372241,510402.8763,0.697938225,511,4529,12218.26846,69.51796,12299.304,6484290,530.7044956,55.98413511,1,0,"{timeout:-1,max_col_multiplier:1,age_limit:10,random_seed:0,replication:1,num_threads:128}",1
new804000_33_edc.json.gz,342645,n,80,4000,LagrangeTemplate,highs,MTFarkas,1,710,342645,342864,0.063873723,342645,20.00000012,315,6572,6600.248913,16.285618,6620.702718,2884553,437.0370024,50.49773665,1,0,"{timeout:-1,max_col_multiplier:1,age_limit:10,random_seed:0,replication:1,num_threads:128}",1
new804000_34_eec.json.gz,1422178,n,80,4000,LagrangeTemplate,highs,MTFarkas,1,518,1422175.667,1422182,0.000421887,1422178,828.8646366,80,6425,1055.287804,17.224279,1084.695454,955372,905.3189058,21.92788215,1,0,"{timeout:-1,max_col_multiplier:1,age_limit:10,random_seed:0,replication:1,num_threads:128}",1
new804000_35_eac.json.gz,70829,n,80,4000,LagrangeTemplate,highs,LTFarkas,1,729,70828.07644,70985,0.219764739,70828.84607,0.769625232,382,4150,409.858089,4.065536,416.943053,317456,774.5510178,5.524907618,1,0,"{timeout:3600,max_col_multiplier:1,age_limit:5,random_seed:0,replication:1,num_threads:128}",1
new804000_4_eea.json.gz,93581,n,80,4000,LagrangeTemplate,highs,LTFarkas,1,1351,93580.054,94394,0.861283556,93580.30084,0.246846402,607,4409,1311.514795,63.826256,1380.97376,625222,476.7174586,5.715165459,1,0,"{timeout:3600,max_col_multiplier:1,age_limit:5,random_seed:0,replication:1,num_threads:128}",1
new804000_5_aac.json.gz,128163,n,80,4000,LagrangeTemplate,highs,LTFarkas,1,880,128162.0223,128974,0.628808907,128162.0867,0.064405248,536,4094,659.463605,32.915629,696.402996,433008,656.6063642,6.400502831,1,0,"{timeout:3600,max_col_multiplier:1,age_limit:5,random_seed:0,replication:1,num_threads:128}",1
new804000_6_aec.json.gz,30631,n,80,4000,LagrangeTemplate,highs,LTFarkas,1,938,30630.00816,30986,1.145678693,30630.94923,0.941079304,656,4641,1813.727057,681.760404,2509.118236,888215,489.7181175,11.3674681,1,0,"{timeout:3600,max_col_multiplier:1,age_limit:5,random_seed:0,replication:1,num_threads:128}",1
new804000_7_adc.json.gz,385119,n,80,4000,LagrangeTemplate,highs,LTFarkas,1,916,385119,386536,0.366589399,385119,188.5000006,589,4897,2843.179185,479.046785,3328.48067,686492,241.452246,9.15013343,1,0,"{timeout:3600,max_col_multiplier:1,age_limit:5,random_seed:0,replication:1,num_threads:128}",1
new804000_8_aaa.json.gz,55613,n,80,4000,LagrangeTemplate,highs,LTFarkas,1,608,55612.01747,55613,0,55613,118.860119,80,4238,27.80038,5.447664,34.707501,94154,3386.788238,1.809997612,1,0,"{timeout:3600,max_col_multiplier:1,age_limit:5,random_seed:0,replication:1,num_threads:128}",1
new804000_9_ada.json.gz,4415,n,80,4000,LagrangeTemplate,highs,LTFarkas,1,2,4415,4415,0,4415,102800,80,160,0.020361,0.054649,0.770229,5409,265654.9285,33.80625,1,0,"{timeout:3600,max_col_multiplier:1,age_limit:5,random_seed:0,replication:1,num_threads:128}",1
new805000_0_eac.json.gz,87233,n,80,5000,LagrangeTemplate,highs,MTFarkas,1,1003,87232.09735,87325,0.105353564,87232.40905,0.311696704,392,5193,2460.661988,53.80792,2520.224818,691886,281.1788061,8.661602629,1,0,"{timeout:-1,max_col_multiplier:1,age_limit:6,random_seed:0,replication:1,num_threads:10}",1
new805000_1_eac.json.gz,71752,n,80,5000,LagrangeTemplate,highs,MTFarkas,1,1061,71751.02914,71772,0.02786602,71751.43513,0.405991946,425,5316,2491.859903,41.185385,2536.42387,579749,232.6571407,6.894591405,1,0,"{timeout:-1,max_col_multiplier:1,age_limit:6,random_seed:0,replication:1,num_threads:10}",1
new805000_10_eda.json.gz,330212,n,80,5000,LagrangeTemplate,highs,MTFarkas,1,1894,330211.0269,330607,0.119477201,330211.3406,0.313628876,511,5630,13880.26844,225.186585,14111.93557,1714307,123.5067612,11.22629359,1,0,"{timeout:-1,max_col_multiplier:1,age_limit:6,random_seed:300,replication:1,num_threads:10}",1
new805000_11_eda.json.gz,294737,n,80,5000,LagrangeTemplate,highs,MTFarkas,1,2136,294736.0027,295249,0.173412949,294736.0582,0.055544056,574,5309,14173.42285,303.408706,14484.68996,1683771,118.797768,9.874587165,1,0,"{timeout:-1,max_col_multiplier:1,age_limit:6,random_seed:0,replication:1,num_threads:10}",1
new805000_12_aaa.json.gz,112142,n,80,5000,LagrangeTemplate,highs,MTFarkas,1,790,112141.1614,112952,0.717118776,112141.6575,0.496037359,607,5407,2848.555667,139.122666,2993.202841,515534,180.9808409,8.021417108,1,0,"{timeout:-1,max_col_multiplier:1,age_limit:6,random_seed:0,replication:1,num_threads:10}",1
new805000_13_eda.json.gz,297984,n,80,5000,LagrangeTemplate,highs,MTFarkas,1,1630,297983.033,298644,0.220998915,297983.8343,0.801204649,530,5572,13456.50288,233.603814,13695.95258,1354273,100.640784,10.28475359,1,0,"{timeout:-1,max_col_multiplier:1,age_limit:6,random_seed:100,replication:1,num_threads:10}",1
new805000_14_aac.json.gz,82655,n,80,5000,LagrangeTemplate,highs,MTFarkas,1,1007,82654.06175,83102,0.537893191,82654.68536,0.623611662,634,5211,4197.288693,263.031862,4468.107213,1051247,250.4585881,12.92908015,1,0,"{timeout:-1,max_col_multiplier:1,age_limit:6,random_seed:0,replication:1,num_threads:10}",1
new805000_15_ada.json.gz,977906,n,80,5000,LagrangeTemplate,highs,MTFarkas,1,1353,977906,980628,0.277577226,977906,1570.474671,929,5782,32587.66869,5009.279482,37605.57637,953706,29.26585541,8.602205977,1,0,"{timeout:-1,max_col_multiplier:1,age_limit:6,random_seed:0,replication:1,num_threads:10}",1
new805000_16_aac.json.gz,68198,n,80,5000,LagrangeTemplate,highs,MTFarkas,1,776,68197.01141,68315,0.171265461,68197.1024,0.090991534,548,5265,2417.94746,117.676808,2540.914408,413457,170.9950306,6.598076885,1,0,"{timeout:-1,max_col_multiplier:1,age_limit:6,random_seed:0,replication:1,num_threads:10}",1
new805000_17_eec.json.gz,846284,n,80,5000,LagrangeTemplate,highs,MTFarkas,1,2204,846280.01,846289,0.000945304,846283.5455,3.535451192,306,6035,18522.62305,250.935174,18801.29626,5093268,274.9755252,29.24831634,1,0,"{timeout:-1,max_col_multiplier:1,age_limit:6,random_seed:0,replication:1,num_threads:10}",1
new805000_18_aec.json.gz,5000,n,80,5000,LagrangeTemplate,highs,MTFarkas,1,283,5000,5000,0,5000,4565.5,80,4643,50.542592,89.571074,142.458863,65656,1299.023208,2.444464075,1,0,"{timeout:-1,max_col_multiplier:1,age_limit:6,random_seed:0,replication:1,num_threads:10}",1
new805000_19_eda.json.gz,316051,n,80,5000,LagrangeTemplate,highs,MTFarkas,1,1836,316050.1272,317017,0.30471552,316050.5789,0.451681434,554,5662,11993.88872,239.867146,12242.52313,1337560,111.5201276,9.013264888,1,0,"{timeout:-1,max_col_multiplier:1,age_limit:6,random_seed:0,replication:1,num_threads:10}",1
new805000_2_aea.json.gz,5000,n,80,5000,LagrangeTemplate,highs,MTFarkas,1,0,5000,5000,0,5000,0,0,0,0.915906,0.915906,0.855608,5000,,,1,0,"{timeout:-1,max_col_multiplier:1,age_limit:6,random_seed:0,replication:1,num_threads:10}",1
new805000_20_adc.json.gz,757528,n,80,5000,LagrangeTemplate,highs,MTFarkas,1,1135,757527.0347,759042,0.199461953,757527.6139,0.579237608,637,5748,15851.02003,655.420307,16513.99966,1133631,71.51785801,12.29688335,1,0,"{timeout:-1,max_col_multiplier:1,age_limit:6,random_seed:200,replication:1,num_threads:10}",1
new805000_21_aac.json.gz,119611,n,80,5000,LagrangeTemplate,highs,MTFarkas,1,848,119610.0246,121161,1.279289537,119610.174,0.149387343,631,5273,2624.704267,214.885848,2845.885028,669021,254.8938592,9.670019471,1,0,"{timeout:-1,max_col_multiplier:1,age_limit:6,random_seed:0,replication:1,num_threads:10}",1
new805000_22_aac.json.gz,68656,n,80,5000,LagrangeTemplate,highs,MTFarkas,1,893,68655.10293,68833,0.257144102,68655.76323,0.66030821,540,5292,2489.481035,66.329574,2559.481673,732240,294.1335924,10.14757408,1,0,"{timeout:-1,max_col_multiplier:1,age_limit:6,random_seed:0,replication:1,num_threads:10}",1
new805000_23_ada.json.gz,255508,n,80,5000,LagrangeTemplate,highs,MTFarkas,1,1214,255508,258662,1.219351896,255508,1179.1667,871,6310,19867.07553,2570.243382,22444.91456,868823,43.73180133,8.67745301,1,0,"{timeout:-1,max_col_multiplier:1,age_limit:6,random_seed:0,replication:1,num_threads:10}",1
new805000_24_aac.json.gz,134817,n,80,5000,LagrangeTemplate,highs,MTFarkas,1,760,134816.0564,135768,0.700459608,134816.7625,0.706084821,597,5183,1921.164089,94.007462,2020.063796,531262,276.5312984,8.685195934,1,0,"{timeout:-1,max_col_multiplier:1,age_limit:6,random_seed:0,replication:1,num_threads:10}",1
new805000_25_eea.json.gz,127671,n,80,5000,LagrangeTemplate,highs,MTFarkas,1,1255,127670.0065,128277,0.472415162,127670.0873,0.080790386,594,5108,5290.801017,130.533294,5428.119807,1006647,190.2636287,9.943085319,1,0,"{timeout:-1,max_col_multiplier:1,age_limit:6,random_seed:0,replication:1,num_threads:10}",1
new805000_26_eea.json.gz,102664,n,80,5000,LagrangeTemplate,highs,MTFarkas,1,1219,102663.0049,103331,0.645498447,102663.0545,0.049615329,623,5113,6404.593717,122.048217,6531.975166,942422,147.1478195,9.605673561,1,0,"{timeout:-1,max_col_multiplier:1,age_limit:6,random_seed:0,replication:1,num_threads:10}",1
new805000_27_eda.json.gz,307799,n,80,5000,LagrangeTemplate,highs,MTFarkas,1,2704,307798.1723,308125,0.105801211,307798.8194,0.647096756,561,5703,15423.81471,288.444656,15719.00344,2279279,147.7766067,10.47409672,1,0,"{timeout:-1,max_col_multiplier:1,age_limit:6,random_seed:0,replication:1,num_threads:10}",1
new805000_28_aaa.json.gz,102185,n,80,5000,LagrangeTemplate,highs,MTFarkas,1,964,102184.1164,102558,0.36369664,102184.8079,0.691480848,547,5280,2904.273172,106.231968,3014.410223,745589,256.7213743,9.691213851,1,0,"{timeout:-1,max_col_multiplier:1,age_limit:6,random_seed:0,replication:1,num_threads:10}",1
new805000_29_aea.json.gz,35896,n,80,5000,LagrangeTemplate,highs,MTFarkas,1,1447,35895.0165,36306,1.129289924,35895.14882,0.132316166,702,5369,8975.84571,1004.985973,9986.353694,1431122,159.4414662,12.31681584,1,0,"{timeout:-1,max_col_multiplier:1,age_limit:6,random_seed:0,replication:1,num_threads:10}",1
new805000_3_eea.json.gz,156738,n,80,5000,LagrangeTemplate,highs,MTFarkas,1,1177,156737.0105,157546,0.512866083,156737.4564,0.445901404,571,5158,5429.517627,138.368819,5575.123805,1004791,185.0608229,10.53820126,1,0,"{timeout:-1,max_col_multiplier:1,age_limit:6,random_seed:0,replication:1,num_threads:10}",1
new805000_30_ada.json.gz,968294,n,80,5000,LagrangeTemplate,highs,MTFarkas,1,1434,968294,971358,0.31543468,968294,108388.1582,1065,5985,52918.4983,3716.879355,56644.07308,2023907,38.2457376,17.44526937,1,0,"{timeout:-1,max_col_multiplier:1,age_limit:6,random_seed:0,replication:1,num_threads:10}",1
new805000_31_eea.json.gz,104582,n,80,5000,LagrangeTemplate,highs,MTFarkas,1,1184,104581.0741,105259,0.643175405,104581.1155,0.041454202,610,5096,6487.27739,126.386315,6619.222509,873941,134.7161448,9.200155349,1,0,"{timeout:-1,max_col_multiplier:1,age_limit:6,random_seed:0,replication:1,num_threads:10}",1
new805000_32_edc.json.gz,427072,n,80,5000,LagrangeTemplate,highs,MTFarkas,1,1106,427071.7369,427171,0.023175731,427072,4.750000311,282,6899,26854.62988,82.325789,26943.61138,3431309,127.7734609,38.7851435,1,0,"{timeout:-1,max_col_multiplier:1,age_limit:6,random_seed:0,replication:1,num_threads:10}",1
new805000_33_edc.json.gz,420444,n,80,5000,LagrangeTemplate,highs,MTFarkas,1,819,420444,420741,0.070589745,420444,690.2769427,652,5977,5283.398047,64.911487,5354.101007,606466,114.7871114,9.009708319,1,0,"{timeout:-1,max_col_multiplier:1,age_limit:6,random_seed:0,replication:1,num_threads:10}",1
new805000_34_ada.json.gz,1164037,n,80,5000,LagrangeTemplate,highs,MTFarkas,1,1346,1164037,1168287,0.363780475,1164037,1153.426845,853,5975,28301.55877,5648.625031,33956.77819,932305,32.94182514,8.465412393,1,0,"{timeout:-1,max_col_multiplier:1,age_limit:6,random_seed:0,replication:1,num_threads:10}",1
new805000_35_eac.json.gz,69048,n,80,5000,LagrangeTemplate,highs,MTFarkas,1,866,69047.04435,69117,0.099830722,69047.56363,0.519281676,422,5206,1814.286484,38.056961,1856.147355,582874,321.2689976,8.370385324,1,0,"{timeout:-1,max_col_multiplier:1,age_limit:6,random_seed:0,replication:1,num_threads:10}",1
new805000_4_aea.json.gz,5000,n,80,5000,LagrangeTemplate,highs,MTFarkas,1,0,5000,5000,0,5000,0,0,0,0.628851,0.628851,0.569575,5000,,,1,0,"{timeout:-1,max_col_multiplier:1,age_limit:6,random_seed:0,replication:1,num_threads:10}",1
new805000_5_aaa.json.gz,69299,n,80,5000,LagrangeTemplate,highs,MTFarkas,1,848,69298.01235,69399,0.144094295,69298.9677,0.955349709,553,5472,2406.063301,92.216006,2501.256979,644152,267.7203047,9.378266137,1,0,"{timeout:-1,max_col_multiplier:1,age_limit:6,random_seed:0,replication:1,num_threads:10}",1
new805000_6_eea.json.gz,128248,n,80,5000,LagrangeTemplate,highs,MTFarkas,1,1203,128247.0329,128677,0.333392914,128247.4984,0.465501141,608,5436,5404.936684,125.841722,5537.084742,974488,180.2959141,9.981717992,1,0,"{timeout:-1,max_col_multiplier:1,age_limit:6,random_seed:0,replication:1,num_threads:10}",1
new805000_7_edc.json.gz,410041,n,80,5000,LagrangeTemplate,highs,MTFarkas,1,925,410041,410241,0.048751831,410041,19586.91256,756,6113,6782.478492,76.246787,6864.393945,760987,112.1989551,10.0630452,1,0,"{timeout:-1,max_col_multiplier:1,age_limit:6,random_seed:0,replication:1,num_threads:10}",1
new805000_8_eac.json.gz,126796,n,80,5000,LagrangeTemplate,highs,MTFarkas,1,890,126795.2098,127027,0.181851102,126795.4903,0.280522179,407,5122,1570.906525,36.276488,1610.780354,572129,364.2030833,8.086582867,1,0,"{timeout:-1,max_col_multiplier:1,age_limit:6,random_seed:0,replication:1,num_threads:10}",1
new805000_9_aea.json.gz,35068,n,80,5000,LagrangeTemplate,highs,MTFarkas,1,1234,35067.03224,35514,1.255842766,35067.37368,0.341438563,694,5602,8907.200745,671.44786,9585.010548,1137630,127.7202606,11.33537033,1,0,"{timeout:-1,max_col_multiplier:1,age_limit:6,random_seed:0,replication:1,num_threads:10}",1
new80900_0_adc.json.gz,72078,n,80,900,LagrangeTemplate,highs,LTFarkas,1,241,72078,73380,1.774325429,72078,64.00000003,549,1369,10.400277,6.31946,17.4713,98723,9492.343329,4.920487552,1,0,"{timeout:3600,max_col_multiplier:1,age_limit:2,random_seed:0,replication:1,num_threads:128}",1
new80900_1_ada.json.gz,901,n,80,900,LagrangeTemplate,highs,LTFarkas,1,0,901,901,0,901,0,0,0,0.138905,0.138905,0.116723,900,,,1,0,"{timeout:3600,max_col_multiplier:1,age_limit:2,random_seed:0,replication:1,num_threads:128}",1
new80900_10_edc.json.gz,75905,n,80,900,LagrangeTemplate,highs,LTFarkas,1,240,75905,76010,0.138139718,75905,0,379,1021,4.525061,0.434708,5.555655,60594,13390.75871,3.034724853,1,0,"{timeout:3600,max_col_multiplier:1,age_limit:2,random_seed:0,replication:1,num_threads:128}",1
new80900_11_eaa.json.gz,19378,n,80,900,LagrangeTemplate,highs,LTFarkas,1,59,19377.25,19378,0,19378,0.75,80,970,0.084792,0.051705,0.272492,2611,30792.99934,1.24765071,1,0,"{timeout:3600,max_col_multiplier:1,age_limit:2,random_seed:0,replication:1,num_threads:128}",1
new80900_12_eea.json.gz,19659,n,80,900,LagrangeTemplate,highs,LTFarkas,1,351,19658.0187,20526,4.223911137,19658.1083,0.089601303,507,984,6.254102,0.915055,7.764265,87225,13946.84641,3.119949176,1,0,"{timeout:3600,max_col_multiplier:1,age_limit:2,random_seed:0,replication:1,num_threads:128}",1
new80900_13_adc.json.gz,142094,n,80,900,LagrangeTemplate,highs,LTFarkas,1,316,142094,144328,1.5478632,142094,66.00000023,602,1393,16.247275,19.21993,36.327957,131181,8074.030876,5.004598497,1,0,"{timeout:3600,max_col_multiplier:1,age_limit:2,random_seed:0,replication:1,num_threads:128}",1
new80900_14_aea.json.gz,5509,n,80,900,LagrangeTemplate,highs,LTFarkas,1,268,5508.061366,5895,6.547921968,5508.842156,0.780789934,588,1185,10.177208,7.556933,18.401261,116116,11409.41602,5.181192829,1,0,"{timeout:3600,max_col_multiplier:1,age_limit:2,random_seed:0,replication:1,num_threads:128}",1
new80900_15_eaa.json.gz,10752,n,80,900,LagrangeTemplate,highs,LTFarkas,1,290,10752,10752,0,10752,0,80,986,1.499417,0.31116,2.032121,24506,16343.68558,1.067512922,1,0,"{timeout:3600,max_col_multiplier:1,age_limit:2,random_seed:0,replication:1,num_threads:128}",1
new80900_16_aec.json.gz,1265,n,80,900,LagrangeTemplate,highs,LTFarkas,1,189,1264.066818,1353,6.504065041,1264.790855,0.724037043,489,1129,6.177525,8.495911,15.395408,70588,11426.58265,4.584900044,1,0,"{timeout:3600,max_col_multiplier:1,age_limit:2,random_seed:0,replication:1,num_threads:128}",1
new80900_17_eec.json.gz,125166,n,80,900,LagrangeTemplate,highs,LTFarkas,1,261,125165.1985,127660,1.953626821,125165.2353,0.036764706,298,986,5.864075,0.868995,8.489257,92845,15832.84661,4.218594487,1,0,"{timeout:3600,max_col_multiplier:1,age_limit:2,random_seed:0,replication:1,num_threads:128}",1
new80900_18_aea.json.gz,900,n,80,900,LagrangeTemplate,highs,LTFarkas,1,0,900,900,0,900,0,0,0,0.142056,0.142056,0.11883,900,,,1,0,"{timeout:3600,max_col_multiplier:1,age_limit:2,random_seed:0,replication:1,num_threads:128}",1
new80900_19_eaa.json.gz,18324,n,80,900,LagrangeTemplate,highs,LTFarkas,1,255,18323.5,18324,0,18324,0.5,80,988,1.240095,0.281153,1.731218,21704,17501.88494,1.085693958,1,0,"{timeout:3600,max_col_multiplier:1,age_limit:2,random_seed:0,replication:1,num_threads:128}",1
new80900_2_aaa.json.gz,26175,n,80,900,LagrangeTemplate,highs,LTFarkas,1,195,26174.11539,27896,6.169343275,26174.11539,0,432,992,4.393264,1.039556,5.906855,68064,15492.80899,4.328978306,1,0,"{timeout:3600,max_col_multiplier:1,age_limit:2,random_seed:0,replication:1,num_threads:128}",1
new80900_20_eac.json.gz,16903,n,80,900,LagrangeTemplate,highs,LTFarkas,1,168,16902.16558,17012,0.640724195,16902.16558,0,298,984,1.53158,0.206464,2.019797,25588,16706.9301,2.055794167,1,0,"{timeout:3600,max_col_multiplier:1,age_limit:2,random_seed:0,replication:1,num_threads:128}",1
new80900_21_ada.json.gz,89757,n,80,900,LagrangeTemplate,highs,LTFarkas,1,425,89756.25596,93970,4.483345749,89756.99873,0.742778377,704,1213,30.711651,70.730071,102.402304,200356,6523.778223,5.834291091,1,0,"{timeout:3600,max_col_multiplier:1,age_limit:2,random_seed:0,replication:1,num_threads:128}",1
new80900_22_eaa.json.gz,12124,n,80,900,LagrangeTemplate,highs,LTFarkas,1,41,12124,12124,0,12124,0,80,970,0.060796,0.039912,0.235089,2589,42585.03849,0.986582006,1,0,"{timeout:3600,max_col_multiplier:1,age_limit:2,random_seed:0,replication:1,num_threads:128}",1
new80900_23_eac.json.gz,11821,n,80,900,LagrangeTemplate,highs,LTFarkas,1,168,11820.43617,11824,0.025372124,11820.89362,0.457446809,242,1010,1.192364,0.201679,1.644409,21242,17815.02964,1.660472707,1,0,"{timeout:3600,max_col_multiplier:1,age_limit:2,random_seed:0,replication:1,num_threads:128}",1
new80900_24_eec.json.gz,176030,n,80,900,LagrangeTemplate,highs,LTFarkas,1,267,176029.3333,176030,3.14E-13,176030,0.666666667,80,1005,5.84291,0.847391,8.622274,88984,15229.39768,3.916244042,1,0,"{timeout:3600,max_col_multiplier:1,age_limit:2,random_seed:0,replication:1,num_threads:128}",1
new80900_25_eea.json.gz,15969,n,80,900,LagrangeTemplate,highs,LTFarkas,1,377,15968.03529,16353,2.348192992,15968.05622,0.020930671,475,1020,5.666882,0.821022,6.947197,83947,14813.61355,2.794990473,1,0,"{timeout:3600,max_col_multiplier:1,age_limit:2,random_seed:0,replication:1,num_threads:128}",1
new80900_26_adc.json.gz,226590,n,80,900,LagrangeTemplate,highs,LTFarkas,1,274,226589.5131,229634,1.325587674,226589.6681,0.154986507,599,1065,13.863003,10.151727,24.981844,139120,10035.34371,6.243771096,1,0,"{timeout:3600,max_col_multiplier:1,age_limit:2,random_seed:0,replication:1,num_threads:128}",1
new80900_27_eac.json.gz,20116,n,80,900,LagrangeTemplate,highs,LTFarkas,1,159,20115.28692,20231,0.568434581,20115.88222,0.595299338,304,1058,1.647178,0.203929,2.110665,27145,16479.70043,2.208972638,1,0,"{timeout:3600,max_col_multiplier:1,age_limit:2,random_seed:0,replication:1,num_threads:128}",1
new80900_28_eac.json.gz,11392,n,80,900,LagrangeTemplate,highs,LTFarkas,1,180,11391.08367,11397,0.043871194,11391.25,0.166326531,152,1010,1.155417,0.204905,1.588273,20205,17487.19294,1.561838124,1,0,"{timeout:3600,max_col_multiplier:1,age_limit:2,random_seed:0,replication:1,num_threads:128}",1
new80900_29_adc.json.gz,304647,n,80,900,LagrangeTemplate,highs,LTFarkas,1,413,304646.0489,310116,1.763533645,304646.3974,0.348570334,650,1121,28.695988,30.260328,59.950166,201448,7020.07542,6.20102329,1,0,"{timeout:3600,max_col_multiplier:1,age_limit:2,random_seed:0,replication:1,num_threads:128}",1
new80900_3_aec.json.gz,2886,n,80,900,LagrangeTemplate,highs,LTFarkas,1,215,2885.186881,3296,12.43932039,2885.967369,0.780487772,542,1145,7.436018,8.4754,16.605994,87528,11770.81605,4.989846302,1,0,"{timeout:3600,max_col_multiplier:1,age_limit:2,random_seed:0,replication:1,num_threads:128}",1
new80900_30_eac.json.gz,21071,n,80,900,LagrangeTemplate,highs,LTFarkas,1,153,21070.38839,21085,0.066397913,21070.67729,0.288893738,212,989,1.200719,0.190561,1.630333,20676,17219.68254,1.839807835,1,0,"{timeout:3600,max_col_multiplier:1,age_limit:2,random_seed:0,replication:1,num_threads:128}",1
new80900_31_ada.json.gz,982,n,80,900,LagrangeTemplate,highs,LTFarkas,1,163,982,982,0,982,530.5,80,1058,1.076501,0.88528,2.20234,14420,13395.24998,1.000609413,1,0,"{timeout:3600,max_col_multiplier:1,age_limit:2,random_seed:0,replication:1,num_threads:128}",1
new80900_32_edc.json.gz,76564,n,80,900,LagrangeTemplate,highs,LTFarkas,1,218,76563.65455,76683,0.15518433,76564,42,343,1334,5.024942,0.423346,6.057764,64417,12819.45145,3.907282799,1,0,"{timeout:3600,max_col_multiplier:1,age_limit:2,random_seed:0,replication:1,num_threads:128}",1
new80900_33_edc.json.gz,77428,n,80,900,LagrangeTemplate,highs,LTFarkas,1,261,77427.09025,77605,0.228078088,77427.38342,0.293174263,336,1082,5.791384,0.509136,6.9474,78700,13589.15244,3.742455812,1,0,"{timeout:3600,max_col_multiplier:1,age_limit:2,random_seed:0,replication:1,num_threads:128}",1
new80900_34_aec.json.gz,900,n,80,900,LagrangeTemplate,highs,LTFarkas,1,106,900,900,0,900,498,80,1246,0.928329,0.895652,2.121657,11329,12203.64763,1.13427673,1,0,"{timeout:3600,max_col_multiplier:1,age_limit:2,random_seed:0,replication:1,num_threads:128}",1
new80900_35_edc.json.gz,76758,n,80,900,LagrangeTemplate,highs,LTFarkas,1,221,76758,76926,0.218391701,76758,0,365,998,4.646625,0.407697,5.686675,61818,13303.84957,3.357952668,1,0,"{timeout:3600,max_col_multiplier:1,age_limit:2,random_seed:0,replication:1,num_threads:128}",1
new80900_4_aea.json.gz,900,n,80,900,LagrangeTemplate,highs,LTFarkas,1,0,900,900,0,900,0,0,0,0.147309,0.147309,0.11756,900,,,1,0,"{timeout:3600,max_col_multiplier:1,age_limit:2,random_seed:0,replication:1,num_threads:128}",1
new80900_5_aac.json.gz,31550,n,80,900,LagrangeTemplate,highs,LTFarkas,1,138,31549.71699,32274,2.243291814,31549.83259,0.115590606,364,1010,2.073507,0.478848,2.928597,33949,16372.74434,3.076349425,1,0,"{timeout:3600,max_col_multiplier:1,age_limit:2,random_seed:0,replication:1,num_threads:128}",1
new80900_6_ada.json.gz,101425,n,80,900,LagrangeTemplate,highs,LTFarkas,1,272,101425,104482,2.925862828,101425,106.0000001,605,1404,15.359741,27.271498,43.480694,118599,7721.419261,5.247552849,1,0,"{timeout:3600,max_col_multiplier:1,age_limit:2,random_seed:0,replication:1,num_threads:128}",1
new80900_7_aac.json.gz,16424,n,80,900,LagrangeTemplate,highs,LTFarkas,1,127,16423.04655,16668,1.463882889,16423.787,0.740443105,376,1002,1.639139,0.24254,2.205229,28441,17351.18254,2.813137614,1,0,"{timeout:3600,max_col_multiplier:1,age_limit:2,random_seed:0,replication:1,num_threads:128}",1
new80900_8_eec.json.gz,109120,n,80,900,LagrangeTemplate,highs,LTFarkas,1,294,109119.6637,111300,1.958670261,109119.7974,0.133729681,316,1088,8.119439,1.050255,10.922677,116883,14395.45269,4.766814505,1,0,"{timeout:3600,max_col_multiplier:1,age_limit:2,random_seed:0,replication:1,num_threads:128}",1
new80900_9_aea.json.gz,900,n,80,900,LagrangeTemplate,highs,LTFarkas,1,0,900,900,0,900,0,0,0,0.140924,0.140924,0.11785,900,,,1,0,"{timeout:3600,max_col_multiplier:1,age_limit:2,random_seed:0,replication:1,num_threads:128}",1
