instance,optRMP,class,machines,jobs,algorithm,solver,farkas,replication,iterations,lb,ub,gap,obj,redcost,basis,cols,rmptime,cgtime,time,lpiters,lpiters_per_second,lpiters_per_column,has_integer,timeout,params,last
new10100_0_eec.json.gz,20896,n,10,100,LagrangeTemplate,highs,LTFarkas,1,96,20895.14667,21230,1.573245407,20895.18667,0.04,36,121,0.046585,0.035239,0.0989,2207,47375.76473,2.011243386,1,0,"{timeout:3600,max_col_multiplier:1,age_limit:2,random_seed:0,replication:1,num_threads:128}",1
new10100_1_eea.json.gz,4751,n,10,100,LagrangeTemplate,highs,LTFarkas,1,99,4750.07563,4922,3.474197481,4750.07563,0,51,125,0.044554,0.03005,0.083586,1768,39682.18342,1.661351247,1,0,"{timeout:3600,max_col_multiplier:1,age_limit:2,random_seed:0,replication:1,num_threads:128}",1
new10100_10_eea.json.gz,3447,n,10,100,LagrangeTemplate,highs,LTFarkas,1,103,3446.719911,3459,0.346921075,3446.984398,0.26448737,54,125,0.044436,0.030538,0.083305,1716,38617.33729,1.546278317,1,0,"{timeout:3600,max_col_multiplier:1,age_limit:2,random_seed:0,replication:1,num_threads:128}",1
new10100_11_adc.json.gz,26919,n,10,100,LagrangeTemplate,highs,LTFarkas,1,173,26918.07257,27765,3.047001621,26918.13587,0.063298096,73,117,0.22218,0.680742,0.919182,4020,18093.43775,2.345270048,1,0,"{timeout:3600,max_col_multiplier:1,age_limit:2,random_seed:0,replication:1,num_threads:128}",1
new10100_12_eaa.json.gz,2630,n,10,100,LagrangeTemplate,highs,LTFarkas,1,52,2630,2630,0,2630,0,10,114,0.017626,0.019465,0.044757,536,30409.62215,1.438507326,1,0,"{timeout:3600,max_col_multiplier:1,age_limit:2,random_seed:0,replication:1,num_threads:128}",1
new10100_13_eec.json.gz,18728,n,10,100,LagrangeTemplate,highs,LTFarkas,1,129,18727.11111,18771,0.229076767,18727.55556,0.444444444,33,118,0.070517,0.041066,0.125423,2974,42174.22749,2.039852622,1,0,"{timeout:3600,max_col_multiplier:1,age_limit:2,random_seed:0,replication:1,num_threads:128}",1
new10100_14_edc.json.gz,8543,n,10,100,LagrangeTemplate,highs,LTFarkas,1,106,8542.075993,8561,0.210255811,8542.896373,0.820379965,44,138,0.057391,0.028953,0.095351,2215,38594.90164,1.96319019,1,0,"{timeout:3600,max_col_multiplier:1,age_limit:2,random_seed:0,replication:1,num_threads:128}",1
new10100_15_aac.json.gz,14269,n,10,100,LagrangeTemplate,highs,LTFarkas,1,71,14268.5098,14943,4.510473131,14268.5098,0,43,112,0.029342,0.077176,0.113323,1218,41510.46282,1.480338978,1,0,"{timeout:3600,max_col_multiplier:1,age_limit:2,random_seed:0,replication:1,num_threads:128}",1
new10100_16_aac.json.gz,11263,n,10,100,LagrangeTemplate,highs,LTFarkas,1,82,11262.2381,11322,0.521109345,11262.29167,0.053571429,28,113,0.035742,0.096661,0.141096,1367,38246.32086,1.614277897,1,0,"{timeout:3600,max_col_multiplier:1,age_limit:2,random_seed:0,replication:1,num_threads:128}",1
new10100_17_eda.json.gz,7354,n,10,100,LagrangeTemplate,highs,LTFarkas,1,118,7353.364973,7395,0.554428668,7353.377459,0.012485035,56,130,0.057473,0.034942,0.103771,2188,38070.05028,1.7520682,1,0,"{timeout:3600,max_col_multiplier:1,age_limit:2,random_seed:0,replication:1,num_threads:128}",1
new10100_18_ada.json.gz,20532,n,10,100,LagrangeTemplate,highs,LTFarkas,1,174,20531.04538,20866,1.600690118,20531.08983,0.044448274,68,114,0.211227,0.642338,0.869275,4029,19074.26607,2.258538588,1,0,"{timeout:3600,max_col_multiplier:1,age_limit:2,random_seed:0,replication:1,num_threads:128}",1
new10100_19_eea.json.gz,4560,n,10,100,LagrangeTemplate,highs,LTFarkas,1,134,4559.163065,4589,0.631945958,4559.522282,0.359216745,57,125,0.072508,0.043822,0.131964,2591,35733.98797,1.90366727,1,0,"{timeout:3600,max_col_multiplier:1,age_limit:2,random_seed:0,replication:1,num_threads:128}",1
new10100_20_eea.json.gz,3613,n,10,100,LagrangeTemplate,highs,LTFarkas,1,93,3612.5,3613,0,3613,0.5,10,115,0.031381,0.027561,0.065401,1036,33013.60696,1.28607308,1,0,"{timeout:3600,max_col_multiplier:1,age_limit:2,random_seed:0,replication:1,num_threads:128}",1
new10100_21_edc.json.gz,8628,n,10,100,LagrangeTemplate,highs,LTFarkas,1,102,8627.112913,8639,0.127329552,8627.4398,0.326887087,43,126,0.048248,0.028944,0.086154,1754,36353.8385,1.498183529,1,0,"{timeout:3600,max_col_multiplier:1,age_limit:2,random_seed:0,replication:1,num_threads:128}",1
new10100_22_eda.json.gz,7119,n,10,100,LagrangeTemplate,highs,LTFarkas,1,125,7118.213496,7159,0.558737254,7118.213496,0,49,126,0.059476,0.039651,0.108055,2170,36485.305,1.649239683,1,0,"{timeout:3600,max_col_multiplier:1,age_limit:2,random_seed:0,replication:1,num_threads:128}",1
new10100_23_aea.json.gz,100,n,10,100,LagrangeTemplate,highs,LTFarkas,1,0,100,100,0,100,0,0,0,0.009553,0.009554,0.002011,100,,,1,0,"{timeout:3600,max_col_multiplier:1,age_limit:2,random_seed:0,replication:1,num_threads:128}",1
new10100_24_adc.json.gz,26570,n,10,100,LagrangeTemplate,highs,LTFarkas,1,172,26569.12971,27103,1.966571966,26569.56217,0.432459297,84,134,0.243903,0.86169,1.12181,4654,19081.35611,2.636118032,1,0,"{timeout:3600,max_col_multiplier:1,age_limit:2,random_seed:0,replication:1,num_threads:128}",1
new10100_25_aac.json.gz,13028,n,10,100,LagrangeTemplate,highs,LTFarkas,1,89,13027.67308,13608,4.262198707,13027.67308,0,35,117,0.042954,0.134499,0.188957,1480,34455.46398,1.574665597,1,0,"{timeout:3600,max_col_multiplier:1,age_limit:2,random_seed:0,replication:1,num_threads:128}",1
new10100_26_eaa.json.gz,7574,n,10,100,LagrangeTemplate,highs,LTFarkas,1,49,7574,7574,0,7574,0,10,110,0.014864,0.018007,0.039775,348,23412.27126,1.393926142,1,0,"{timeout:3600,max_col_multiplier:1,age_limit:2,random_seed:0,replication:1,num_threads:128}",1
new10100_28_eec.json.gz,15953,n,10,100,LagrangeTemplate,highs,LTFarkas,1,118,15952.10182,16143,1.176980735,15952.13455,0.032727273,47,118,0.060012,0.032427,0.105621,2696,44924.34846,1.938530608,1,0,"{timeout:3600,max_col_multiplier:1,age_limit:2,random_seed:0,replication:1,num_threads:128}",1
new10100_29_eac.json.gz,11451,n,10,100,LagrangeTemplate,highs,LTFarkas,1,68,11450.2,11504,0.460709318,11450.2,0,24,114,0.027565,0.017955,0.051862,1038,37656.44839,1.517641223,1,0,"{timeout:3600,max_col_multiplier:1,age_limit:2,random_seed:0,replication:1,num_threads:128}",1
new10100_3_aec.json.gz,121,n,10,100,LagrangeTemplate,highs,LTFarkas,1,108,120.047619,124,2.419354839,120.1369048,0.089285714,53,126,0.093986,0.349048,0.45448,2352,25025.00372,1.994805529,1,0,"{timeout:3600,max_col_multiplier:1,age_limit:2,random_seed:0,replication:1,num_threads:128}",1
new10100_30_ada.json.gz,11724,n,10,100,LagrangeTemplate,highs,LTFarkas,1,160,11723.36786,11932,1.743211532,11723.87469,0.506827536,80,124,0.19883,0.612194,0.82642,3966,19946.68813,2.293147081,1,0,"{timeout:3600,max_col_multiplier:1,age_limit:2,random_seed:0,replication:1,num_threads:128}",1
new10100_31_eaa.json.gz,4650,n,10,100,LagrangeTemplate,highs,LTFarkas,1,42,4650,4650,0,4650,0,10,111,0.013288,0.014103,0.034369,369,27769.41601,1.340891912,1,0,"{timeout:3600,max_col_multiplier:1,age_limit:2,random_seed:0,replication:1,num_threads:128}",1
new10100_32_eec.json.gz,23668,n,10,100,LagrangeTemplate,highs,LTFarkas,1,130,23667.27273,23678,0.042233297,23667.31818,0.045454545,36,116,0.072424,0.036934,0.122883,3236,44681.32111,2.223600338,1,0,"{timeout:3600,max_col_multiplier:1,age_limit:2,random_seed:0,replication:1,num_threads:128}",1
new10100_33_adc.json.gz,34236,n,10,100,LagrangeTemplate,highs,LTFarkas,1,122,34235.05335,34827,1.696959256,34235.99878,9.096470928,65,122,0.116768,0.230514,0.358709,2670,22865.85366,2.086909316,1,0,"{timeout:3600,max_col_multiplier:1,age_limit:2,random_seed:0,replication:1,num_threads:128}",1
new10100_34_aec.json.gz,882,n,10,100,LagrangeTemplate,highs,LTFarkas,1,95,881.4808511,956,7.740585774,881.5404255,0.059574468,50,121,0.086513,0.183144,0.288603,2244,25938.29829,1.931704261,1,0,"{timeout:3600,max_col_multiplier:1,age_limit:2,random_seed:0,replication:1,num_threads:128}",1
new10100_35_eea.json.gz,3679,n,10,100,LagrangeTemplate,highs,LTFarkas,1,112,3678.22871,3711,0.862301267,3678.22871,0,50,118,0.055162,0.037317,0.105825,1932,35024.1108,1.614923469,1,0,"{timeout:3600,max_col_multiplier:1,age_limit:2,random_seed:0,replication:1,num_threads:128}",1
new10100_4_aaa.json.gz,3131,n,10,100,LagrangeTemplate,highs,LTFarkas,1,108,3130.333333,3160,0.917721519,3130.4,0.066666667,23,118,0.073908,0.167903,0.256513,2346,31742.16594,1.927190556,1,0,"{timeout:3600,max_col_multiplier:1,age_limit:2,random_seed:0,replication:1,num_threads:128}",1
new10100_5_aaa.json.gz,1894,n,10,100,LagrangeTemplate,highs,LTFarkas,1,80,1893.290323,2002,5.394605395,1893.709677,0.419354839,39,121,0.035559,0.0965,0.142983,1304,36671.44745,1.405084325,1,0,"{timeout:3600,max_col_multiplier:1,age_limit:2,random_seed:0,replication:1,num_threads:128}",1
new10100_6_eac.json.gz,7417,n,10,100,LagrangeTemplate,highs,LTFarkas,1,84,7416.333333,7419,0.026957811,7416.333333,0,34,112,0.038923,0.023425,0.072495,1403,36045.52578,1.581644502,1,0,"{timeout:3600,max_col_multiplier:1,age_limit:2,random_seed:0,replication:1,num_threads:128}",1
new10100_7_ada.json.gz,17319,n,10,100,LagrangeTemplate,highs,LTFarkas,1,148,17318.0782,17760,2.483108108,17318.0782,0,79,122,0.185999,0.526298,0.727295,3726,20032.36577,2.348874905,1,0,"{timeout:3600,max_col_multiplier:1,age_limit:2,random_seed:0,replication:1,num_threads:128}",1
new10100_8_eac.json.gz,7009,n,10,100,LagrangeTemplate,highs,LTFarkas,1,86,7008.5,7032,0.327076223,7008.5,0,14,113,0.036135,0.024458,0.071375,1125,31133.25031,1.531455334,1,0,"{timeout:3600,max_col_multiplier:1,age_limit:2,random_seed:0,replication:1,num_threads:128}",1
new10100_9_ada.json.gz,142,n,10,100,LagrangeTemplate,highs,LTFarkas,1,130,142,142,2.20E-13,142,0,10,120,0.061276,0.104022,0.173818,2759,45025.78497,1.873076923,1,0,"{timeout:3600,max_col_multiplier:1,age_limit:2,random_seed:0,replication:1,num_threads:128}",1
new10200_1_eec.json.gz,32591,n,10,200,LagrangeTemplate,highs,LTFarkas,1,308,32590.54545,32861,0.821642677,32590.54545,0,35,213,0.368217,0.291793,0.708156,7393,20077.83454,2.18788441,1,0,"{timeout:3600,max_col_multiplier:1,age_limit:2,random_seed:0,replication:1,num_threads:128}",1
new10200_10_adc.json.gz,33769,n,10,200,LagrangeTemplate,highs,LTFarkas,1,327,33768.07887,34439,1.9454688,33768.96578,0.886903134,82,243,1.004432,3.417546,4.463372,7971,7935.828408,2.236161772,1,0,"{timeout:3600,max_col_multiplier:1,age_limit:2,random_seed:0,replication:1,num_threads:128}",1
new10200_11_aac.json.gz,4743,n,10,200,LagrangeTemplate,highs,LTFarkas,1,198,4742.027972,4778,0.732524069,4742.307692,0.27972028,51,219,0.388982,0.938172,1.360542,3714,9547.99965,1.716775953,1,0,"{timeout:3600,max_col_multiplier:1,age_limit:2,random_seed:0,replication:1,num_threads:128}",1
new10200_12_eea.json.gz,10194,n,10,200,LagrangeTemplate,highs,LTFarkas,1,244,10193.08867,10323,1.249636734,10193.24537,0.156701222,58,219,0.311762,0.303859,0.650575,5073,16272.02802,1.967811606,1,0,"{timeout:3600,max_col_multiplier:1,age_limit:2,random_seed:0,replication:1,num_threads:128}",1
new10200_13_aec.json.gz,632,n,10,200,LagrangeTemplate,highs,LTFarkas,1,224,631.0315079,656,3.658536585,631.4898725,0.458364591,64,240,0.583654,3.176799,3.798094,5513,9445.664726,2.216604663,1,0,"{timeout:3600,max_col_multiplier:1,age_limit:2,random_seed:0,replication:1,num_threads:128}",1
new10200_14_eec.json.gz,25000,n,10,200,LagrangeTemplate,highs,LTFarkas,1,268,24999.40029,25043,0.171704668,24999.99729,0.596996245,58,222,0.314962,0.264164,0.624099,6596,20942.2089,2.166451078,1,0,"{timeout:3600,max_col_multiplier:1,age_limit:2,random_seed:0,replication:1,num_threads:128}",1
new10200_15_aec.json.gz,1900,n,10,200,LagrangeTemplate,highs,LTFarkas,1,235,1899.002054,2010,5.472636816,1899.559264,0.557210226,75,243,0.59436,1.738225,2.366473,5230,8799.380847,1.945393938,1,0,"{timeout:3600,max_col_multiplier:1,age_limit:2,random_seed:0,replication:1,num_threads:128}",1
new10200_16_eac.json.gz,16344,n,10,200,LagrangeTemplate,highs,LTFarkas,1,173,16343.28333,16400,0.341463415,16343.33333,0.05,30,214,0.149609,0.071208,0.24164,3046,20359.73772,1.893673732,1,0,"{timeout:3600,max_col_multiplier:1,age_limit:2,random_seed:0,replication:1,num_threads:128}",1
new10200_18_eac.json.gz,15696,n,10,200,LagrangeTemplate,highs,LTFarkas,1,214,15695.1,15696,1.20E-11,15696,0.9,10,213,0.215237,0.085925,0.31825,4523,21014.04498,2.376145972,1,0,"{timeout:3600,max_col_multiplier:1,age_limit:2,random_seed:0,replication:1,num_threads:128}",1
new10200_19_adc.json.gz,14265,n,10,200,LagrangeTemplate,highs,LTFarkas,1,270,14264.2832,14360,0.661559889,14264.88234,0.599144568,65,230,0.725801,1.087488,1.851913,7001,9645.894674,2.187552381,1,0,"{timeout:3600,max_col_multiplier:1,age_limit:2,random_seed:0,replication:1,num_threads:128}",1
new10200_2_eec.json.gz,46191,n,10,200,LagrangeTemplate,highs,LTFarkas,1,239,46190.09524,46207,0.034626788,46190.46939,0.37414966,37,214,0.266759,0.196276,0.49175,5802,21749.96907,2.142149076,1,0,"{timeout:3600,max_col_multiplier:1,age_limit:2,random_seed:0,replication:1,num_threads:128}",1
new10200_20_adc.json.gz,26194,n,10,200,LagrangeTemplate,highs,LTFarkas,1,321,26193.00259,26619,1.59660393,26193.14849,0.145902709,88,221,0.928778,1.898541,2.866588,7422,7991.145354,2.173442511,1,0,"{timeout:3600,max_col_multiplier:1,age_limit:2,random_seed:0,replication:1,num_threads:128}",1
new10200_21_eea.json.gz,9120,n,10,200,LagrangeTemplate,highs,LTFarkas,1,241,9119.010952,9175,0.599455041,9119.720909,0.709956853,52,227,0.312926,0.268464,0.612652,4723,15093.02519,1.844937273,1,0,"{timeout:3600,max_col_multiplier:1,age_limit:2,random_seed:0,replication:1,num_threads:128}",1
new10200_22_eaa.json.gz,6399,n,10,200,LagrangeTemplate,highs,LTFarkas,1,70,6398.672241,6399,0,6399,22.75,10,217,0.032386,0.023298,0.066548,739,22818.50182,1.431587302,1,0,"{timeout:3600,max_col_multiplier:1,age_limit:2,random_seed:0,replication:1,num_threads:128}",1
new10200_23_eea.json.gz,9304,n,10,200,LagrangeTemplate,highs,LTFarkas,1,292,9303.238277,9419,1.220936405,9303.68495,0.446673438,55,228,0.366728,0.315184,0.70615,5806,15831.89721,1.890000783,1,0,"{timeout:3600,max_col_multiplier:1,age_limit:2,random_seed:0,replication:1,num_threads:128}",1
new10200_24_edc.json.gz,17119,n,10,200,LagrangeTemplate,highs,LTFarkas,1,256,17118.14335,17127,0.046709873,17118.63773,0.494377038,51,228,0.263924,0.178875,0.467584,5105,19342.68956,1.861055589,1,0,"{timeout:3600,max_col_multiplier:1,age_limit:2,random_seed:0,replication:1,num_threads:128}",1
new10200_25_aec.json.gz,241,n,10,200,LagrangeTemplate,highs,LTFarkas,1,215,240.1805104,250,3.6,240.4523575,0.271847127,63,250,0.460536,3.179169,3.66849,4828,10483.43669,2.054288231,1,0,"{timeout:3600,max_col_multiplier:1,age_limit:2,random_seed:0,replication:1,num_threads:128}",1
new10200_26_edc.json.gz,17499,n,10,200,LagrangeTemplate,highs,LTFarkas,1,199,17498.00968,17542,0.245125983,17498.01977,0.010096761,50,216,0.204782,0.122688,0.357298,3579,17477.12201,1.597900022,1,0,"{timeout:3600,max_col_multiplier:1,age_limit:2,random_seed:0,replication:1,num_threads:128}",1
new10200_27_edc.json.gz,17510,n,10,200,LagrangeTemplate,highs,LTFarkas,1,208,17509.07456,17542,0.182419336,17509.72368,0.649122807,34,215,0.208816,0.133363,0.360744,4322,20697.64769,1.918874008,1,0,"{timeout:3600,max_col_multiplier:1,age_limit:2,random_seed:0,replication:1,num_threads:128}",1
new10200_28_eec.json.gz,38733,n,10,200,LagrangeTemplate,highs,LTFarkas,1,247,38732.4,38733,1.31E-13,38732.4,0,31,212,0.249965,0.214608,0.49363,5617,22471.14596,1.947061564,1,0,"{timeout:3600,max_col_multiplier:1,age_limit:2,random_seed:0,replication:1,num_threads:128}",1
new10200_29_eac.json.gz,6309,n,10,200,LagrangeTemplate,highs,LTFarkas,1,181,6308.589862,6448,2.155707196,6308.589862,0,47,213,0.165965,0.067916,0.250057,3254,19606.54355,1.681315523,1,0,"{timeout:3600,max_col_multiplier:1,age_limit:2,random_seed:0,replication:1,num_threads:128}",1
new10200_3_eac.json.gz,19059,n,10,200,LagrangeTemplate,highs,LTFarkas,1,279,19058.58156,19059,2.86E-11,19059,0.418439716,10,224,0.269137,0.111286,0.406402,5103,18960.60371,2.106354378,1,0,"{timeout:3600,max_col_multiplier:1,age_limit:2,random_seed:0,replication:1,num_threads:128}",1
new10200_30_eea.json.gz,10793,n,10,200,LagrangeTemplate,highs,LTFarkas,1,227,10792.13901,11018,2.042112906,10792.14225,0.003242148,59,218,0.264985,0.23803,0.525478,4357,16442.44014,1.755684917,1,0,"{timeout:3600,max_col_multiplier:1,age_limit:2,random_seed:0,replication:1,num_threads:128}",1
new10200_31_edc.json.gz,17187,n,10,200,LagrangeTemplate,highs,LTFarkas,1,318,17186.03841,17210,0.133643231,17186.09478,0.056367432,57,214,0.364771,0.208645,0.598017,6867,18825.5097,2.062001729,1,0,"{timeout:3600,max_col_multiplier:1,age_limit:2,random_seed:0,replication:1,num_threads:128}",1
new10200_32_aac.json.gz,10720,n,10,200,LagrangeTemplate,highs,LTFarkas,1,192,10719.37121,10835,1.061375173,10719.83333,0.462121212,37,222,0.331166,0.497059,0.8502,3289,9931.575101,1.556169562,1,0,"{timeout:3600,max_col_multiplier:1,age_limit:2,random_seed:0,replication:1,num_threads:128}",1
new10200_33_eac.json.gz,23021,n,10,200,LagrangeTemplate,highs,LTFarkas,1,175,23020.76,23026,0.021714584,23020.76,0,42,214,0.142322,0.066684,0.229254,2955,20762.77736,1.724356995,1,0,"{timeout:3600,max_col_multiplier:1,age_limit:2,random_seed:0,replication:1,num_threads:128}",1
new10200_34_eec.json.gz,22982,n,10,200,LagrangeTemplate,highs,LTFarkas,1,223,22981.16667,23814,3.493743176,22981.16667,0,35,214,0.247595,0.244654,0.520733,4952,20000.40389,1.901512563,1,0,"{timeout:3600,max_col_multiplier:1,age_limit:2,random_seed:0,replication:1,num_threads:128}",1
new10200_35_ada.json.gz,35208,n,10,200,LagrangeTemplate,highs,LTFarkas,1,355,35207.10269,35620,1.156653565,35207.85264,0.749947135,92,241,1.200191,4.936157,6.18543,8887,7404.654759,2.365285731,1,0,"{timeout:3600,max_col_multiplier:1,age_limit:2,random_seed:0,replication:1,num_threads:128}",1
new10200_4_eda.json.gz,14055,n,10,200,LagrangeTemplate,highs,LTFarkas,1,248,14054.07571,14078,0.163375479,14054.99747,0.921756099,57,237,0.24839,0.215743,0.483362,4125,16606.94875,1.51647239,1,0,"{timeout:3600,max_col_multiplier:1,age_limit:2,random_seed:0,replication:1,num_threads:128}",1
new10200_5_eec.json.gz,27204,n,10,200,LagrangeTemplate,highs,LTFarkas,1,280,27203.14286,27319,0.420952451,27203.14286,0,46,217,0.361402,0.26708,0.659705,7758,21466.4003,2.505301398,1,0,"{timeout:3600,max_col_multiplier:1,age_limit:2,random_seed:0,replication:1,num_threads:128}",1
new10200_6_eda.json.gz,15076,n,10,200,LagrangeTemplate,highs,LTFarkas,1,267,15075.02478,15183,0.70473556,15075.13467,0.10989011,61,218,0.282869,0.238392,0.542787,4730,16721.52127,1.652412163,1,0,"{timeout:3600,max_col_multiplier:1,age_limit:2,random_seed:0,replication:1,num_threads:128}",1
new10200_7_aea.json.gz,201,n,10,200,LagrangeTemplate,highs,LTFarkas,1,0,201,201,0,201,0,0,0,0.011863,0.011864,0.003893,200,,,1,0,"{timeout:3600,max_col_multiplier:1,age_limit:2,random_seed:0,replication:1,num_threads:128}",1
new10200_9_eac.json.gz,3390,n,10,200,LagrangeTemplate,highs,LTFarkas,1,181,3389.046931,3393,0.08841733,3389.198556,0.151624549,44,217,0.167047,0.064604,0.248066,3276,19611.24713,1.627721162,1,0,"{timeout:3600,max_col_multiplier:1,age_limit:2,random_seed:0,replication:1,num_threads:128}",1
new10400_0_eec.json.gz,59935,n,10,400,LagrangeTemplate,highs,LTFarkas,1,548,59934.06917,60006,0.118321501,59934.49004,0.420867526,53,427,2.743655,1.561943,4.385734,19973,7279.705357,3.395685259,1,0,"{timeout:3600,max_col_multiplier:1,age_limit:4,random_seed:0,replication:1,num_threads:128}",1
new10400_1_eaa.json.gz,32360,n,10,400,LagrangeTemplate,highs,LTFarkas,1,153,32360,32360,0,32360,39,10,416,0.158939,0.091649,0.277379,1248,7852.069033,1.502342048,1,0,"{timeout:3600,max_col_multiplier:1,age_limit:4,random_seed:0,replication:1,num_threads:128}",1
new10400_10_adc.json.gz,146985,n,10,400,LagrangeTemplate,highs,LTFarkas,1,569,146984.0254,147816,0.56218542,146984.2587,0.233263563,88,422,8.325511,21.538174,29.98955,21416,2572.334599,3.531648395,1,0,"{timeout:3600,max_col_multiplier:1,age_limit:4,random_seed:0,replication:1,num_threads:128}",1
new10400_11_edc.json.gz,33783,n,10,400,LagrangeTemplate,highs,LTFarkas,1,498,33782.02931,33813,0.088723272,33782.28727,0.257958372,63,444,2.104191,1.020566,3.193836,14187,6742.258664,2.739677273,1,0,"{timeout:3600,max_col_multiplier:1,age_limit:4,random_seed:0,replication:1,num_threads:128}",1
new10400_12_eaa.json.gz,25218,n,10,400,LagrangeTemplate,highs,LTFarkas,1,192,25217.15504,25218,0,25218,0.84496124,10,415,0.213691,0.136942,0.370219,1523,7127.113449,1.48682209,1,0,"{timeout:3600,max_col_multiplier:1,age_limit:4,random_seed:0,replication:1,num_threads:128}",1
new10400_13_ada.json.gz,8310,n,10,400,LagrangeTemplate,highs,LTFarkas,1,542,8309.15906,8401,1.08320438,8309.904183,0.745122551,81,457,6.705095,8.912866,15.727805,20059,2991.605637,3.462434749,1,0,"{timeout:3600,max_col_multiplier:1,age_limit:4,random_seed:0,replication:1,num_threads:128}",1
new10400_14_eaa.json.gz,16467,n,10,400,LagrangeTemplate,highs,LTFarkas,1,210,16466.19231,16467,0,16467,0.807692308,10,412,0.236457,0.143778,0.40984,1596,6749.641584,1.458412698,1,0,"{timeout:3600,max_col_multiplier:1,age_limit:4,random_seed:0,replication:1,num_threads:128}",1
new10400_15_aea.json.gz,405,n,10,400,LagrangeTemplate,highs,LTFarkas,1,0,405,405,0,405,0,0,0,0.016335,0.016335,0.007919,400,,,1,0,"{timeout:3600,max_col_multiplier:1,age_limit:4,random_seed:0,replication:1,num_threads:128}",1
new10400_16_eda.json.gz,29300,n,10,400,LagrangeTemplate,highs,LTFarkas,1,588,29299.11725,29327,0.092065332,29299.84075,0.723502348,60,462,3.461419,1.740043,5.267761,16646,4809.010409,2.724253084,1,0,"{timeout:3600,max_col_multiplier:1,age_limit:4,random_seed:0,replication:1,num_threads:128}",1
new10400_17_aea.json.gz,400,n,10,400,LagrangeTemplate,highs,LTFarkas,1,0,400,400,0,400,0,0,0,0.02344,0.02344,0.011833,400,,,1,0,"{timeout:3600,max_col_multiplier:1,age_limit:4,random_seed:0,replication:1,num_threads:128}",1
new10400_18_eec.json.gz,58795,n,10,400,LagrangeTemplate,highs,LTFarkas,1,640,58794.07143,59131,0.568229862,58794.88889,0.817460323,39,454,3.835289,1.879704,5.805942,26029,6786.71151,3.843498264,1,0,"{timeout:3600,max_col_multiplier:1,age_limit:4,random_seed:0,replication:1,num_threads:128}",1
new10400_19_aaa.json.gz,66939,n,10,400,LagrangeTemplate,highs,LTFarkas,1,396,66938.19105,67517,0.856080691,66938.2085,0.017453683,56,415,3.138193,5.257267,8.476652,10237,3262.06833,2.415631872,1,0,"{timeout:3600,max_col_multiplier:1,age_limit:4,random_seed:0,replication:1,num_threads:128}",1
new10400_20_adc.json.gz,56202,n,10,400,LagrangeTemplate,highs,LTFarkas,1,604,56201.008,56354,0.269723533,56201.03825,0.030249264,89,418,7.802763,13.973359,21.901674,20048,2569.346269,3.161441054,1,0,"{timeout:3600,max_col_multiplier:1,age_limit:4,random_seed:0,replication:1,num_threads:128}",1
new10400_21_ada.json.gz,71065,n,10,400,LagrangeTemplate,highs,LTFarkas,1,622,71064.00598,71621,0.776308625,71064.86003,0.854047764,96,464,9.248933,37.761246,47.159247,21503,2324.916831,3.251634164,1,0,"{timeout:3600,max_col_multiplier:1,age_limit:4,random_seed:0,replication:1,num_threads:128}",1
new10400_22_aea.json.gz,8504,n,10,400,LagrangeTemplate,highs,LTFarkas,1,583,8503.099339,8536,0.374882849,8503.811282,0.711943611,74,475,6.664005,9.181037,15.971472,20505,3076.978484,3.241641846,1,0,"{timeout:3600,max_col_multiplier:1,age_limit:4,random_seed:0,replication:1,num_threads:128}",1
new10400_23_eac.json.gz,13231,n,10,400,LagrangeTemplate,highs,LTFarkas,1,398,13230.09706,13262,0.233750566,13230.87397,0.776908023,52,434,1.096463,0.40859,1.556292,8708,7941.900456,2.110049024,1,0,"{timeout:3600,max_col_multiplier:1,age_limit:4,random_seed:0,replication:1,num_threads:128}",1
new10400_24_aec.json.gz,6638,n,10,400,LagrangeTemplate,highs,LTFarkas,1,550,6637.047405,6731,1.381666914,6637.208042,0.160636631,79,443,7.273619,13.62857,21.027287,22836,3139.56505,3.867809446,1,0,"{timeout:3600,max_col_multiplier:1,age_limit:4,random_seed:0,replication:1,num_threads:128}",1
new10400_25_ada.json.gz,73851,n,10,400,LagrangeTemplate,highs,LTFarkas,1,643,73850.00844,74087,0.318544414,73850.22107,0.212622775,102,436,10.00402,26.013913,36.180876,23308,2329.863395,3.453688457,1,0,"{timeout:3600,max_col_multiplier:1,age_limit:4,random_seed:0,replication:1,num_threads:128}",1
new10400_26_aec.json.gz,2170,n,10,400,LagrangeTemplate,highs,LTFarkas,1,442,2169.001656,2207,1.676483915,2169.196514,0.194857784,74,437,4.424923,16.554511,21.111657,12362,2793.72093,2.378794898,1,0,"{timeout:3600,max_col_multiplier:1,age_limit:4,random_seed:0,replication:1,num_threads:128}",1
new10400_27_eda.json.gz,29023,n,10,400,LagrangeTemplate,highs,LTFarkas,1,523,29022.07479,29073,0.171980876,29022.50274,0.427958285,67,442,2.704504,1.516021,4.297333,12041,4452.202696,2.160650901,1,0,"{timeout:3600,max_col_multiplier:1,age_limit:4,random_seed:0,replication:1,num_threads:128}",1
new10400_28_edc.json.gz,34445,n,10,400,LagrangeTemplate,highs,LTFarkas,1,491,34444.11739,34478,0.095713208,34444.46154,0.344146839,38,456,1.998949,0.963796,3.018861,12439,6222.770066,2.41920441,1,0,"{timeout:3600,max_col_multiplier:1,age_limit:4,random_seed:0,replication:1,num_threads:128}",1
new10400_29_eac.json.gz,24880,n,10,400,LagrangeTemplate,highs,LTFarkas,1,310,24879.05899,25091,0.840938982,24879.05899,0,51,415,0.886935,0.295893,1.219788,6468,7292.529892,1.997362391,1,0,"{timeout:3600,max_col_multiplier:1,age_limit:4,random_seed:0,replication:1,num_threads:128}",1
new10400_3_eda.json.gz,29613,n,10,400,LagrangeTemplate,highs,LTFarkas,1,539,29612.15484,29655,0.14162873,29612.47556,0.320724371,59,444,2.792999,1.54799,4.404927,12908,4621.555539,2.249313838,1,0,"{timeout:3600,max_col_multiplier:1,age_limit:4,random_seed:0,replication:1,num_threads:128}",1
new10400_30_aac.json.gz,7403,n,10,400,LagrangeTemplate,highs,LTFarkas,1,405,7402.020833,7415,0.16183412,7402.75,0.729166667,62,442,3.279941,8.522117,11.883474,10545,3214.996855,2.380781036,1,0,"{timeout:3600,max_col_multiplier:1,age_limit:4,random_seed:0,replication:1,num_threads:128}",1
new10400_31_eec.json.gz,58370,n,10,400,LagrangeTemplate,highs,LTFarkas,1,818,58369.11905,58370,5.16E-11,58370,0.880952414,10,442,5.550846,2.582304,8.257023,34036,6131.677946,4.024367149,1,0,"{timeout:3600,max_col_multiplier:1,age_limit:4,random_seed:0,replication:1,num_threads:128}",1
new10400_32_eac.json.gz,41522,n,10,400,LagrangeTemplate,highs,LTFarkas,1,429,41521.42883,41611,0.213885751,41521.42883,0,55,415,1.49123,0.424268,1.959603,10983,7365.061057,2.533567975,1,0,"{timeout:3600,max_col_multiplier:1,age_limit:4,random_seed:0,replication:1,num_threads:128}",1
new10400_33_eaa.json.gz,5823,n,10,400,LagrangeTemplate,highs,LTFarkas,1,0,5823,5823,0,5823,0,0,0,0.016243,0.016243,0.007763,400,,,1,0,"{timeout:3600,max_col_multiplier:1,age_limit:4,random_seed:0,replication:1,num_threads:128}",1
new10400_34_eda.json.gz,29193,n,10,400,LagrangeTemplate,highs,LTFarkas,1,546,29192.04639,29249,0.191459537,29192.24576,0.199369833,65,449,3.018071,1.620436,4.704659,11717,3882.281099,2.017775743,1,0,"{timeout:3600,max_col_multiplier:1,age_limit:4,random_seed:0,replication:1,num_threads:128}",1
new10400_35_eaa.json.gz,18046,n,10,400,LagrangeTemplate,highs,LTFarkas,1,270,18045.5,18046,6.05E-14,18045.5,0,12,417,0.412383,0.229008,0.668326,2656,6440.614671,1.301294827,1,0,"{timeout:3600,max_col_multiplier:1,age_limit:4,random_seed:0,replication:1,num_threads:128}",1
new10400_4_eea.json.gz,21790,n,10,400,LagrangeTemplate,highs,LTFarkas,1,443,21789.15698,22154,1.643044146,21789.67722,0.520236693,62,446,2.899574,1.773042,4.74632,11683,4029.212567,2.435564692,1,0,"{timeout:3600,max_col_multiplier:1,age_limit:4,random_seed:0,replication:1,num_threads:128}",1
new10400_5_edc.json.gz,34000,n,10,400,LagrangeTemplate,highs,LTFarkas,1,518,33999.15799,34011,0.032342477,33999.76852,0.610532408,54,462,2.19036,0.971406,3.225331,16091,7346.280977,2.937912913,1,0,"{timeout:3600,max_col_multiplier:1,age_limit:4,random_seed:0,replication:1,num_threads:128}",1
new10400_6_eda.json.gz,29270,n,10,400,LagrangeTemplate,highs,LTFarkas,1,768,29269.04004,29306,0.122841739,29269.35949,0.319447818,66,438,5.037931,2.272767,7.394502,28227,5602.895316,3.590411603,1,0,"{timeout:3600,max_col_multiplier:1,age_limit:4,random_seed:0,replication:1,num_threads:128}",1
new10400_7_ada.json.gz,53305,n,10,400,LagrangeTemplate,highs,LTFarkas,1,559,53304.01901,53542,0.442643159,53304.40134,0.382331921,97,450,7.767429,20.204519,28.110022,19397,2497.222697,3.233897364,1,0,"{timeout:3600,max_col_multiplier:1,age_limit:4,random_seed:0,replication:1,num_threads:128}",1
new10400_8_eea.json.gz,16417,n,10,400,LagrangeTemplate,highs,LTFarkas,1,577,16416.00692,16440,0.139902676,16416.00692,0,72,427,4.29063,2.380276,6.763993,17656,4115.013413,2.967129578,1,0,"{timeout:3600,max_col_multiplier:1,age_limit:4,random_seed:0,replication:1,num_threads:128}",1
new10400_9_edc.json.gz,33969,n,10,400,LagrangeTemplate,highs,LTFarkas,1,601,33968.17441,34002,0.097053115,33968.89547,0.721063257,58,450,2.382672,1.148136,3.594,20333,8533.696623,3.243575522,1,0,"{timeout:3600,max_col_multiplier:1,age_limit:4,random_seed:0,replication:1,num_threads:128}",1
new1201600_0_aec.json.gz,1600,n,120,1600,LagrangeTemplate,highs,LTFarkas,1,95,1600,1604,0.249376559,1600,673,124,2150,1.85344,2.467039,5.560885,16985,9164.040919,1.164619883,1,0,"{timeout:3600,max_col_multiplier:1,age_limit:2,random_seed:0,replication:1,num_threads:128}",1
new1201600_1_eaa.json.gz,19802,n,120,1600,LagrangeTemplate,highs,LTFarkas,1,491,19801.16667,19802,0,19802,0.833333333,120,1733,6.596856,1.058963,8.423036,70352,10664.47411,1.202191373,1,0,"{timeout:3600,max_col_multiplier:1,age_limit:2,random_seed:0,replication:1,num_threads:128}",1
new1201600_10_adc.json.gz,415491,n,120,1600,LagrangeTemplate,highs,LTFarkas,1,385,415491,419427,0.938423134,415491,73.0000035,946,2296,65.084822,71.993919,139.735245,304551,4679.293738,6.457955045,1,0,"{timeout:3600,max_col_multiplier:1,age_limit:2,random_seed:0,replication:1,num_threads:128}",1
new1201600_11_aea.json.gz,1600,n,120,1600,LagrangeTemplate,highs,LTFarkas,1,0,1600,1600,0,1600,0,0,0,0.420861,0.420861,0.373408,1600,,,1,0,"{timeout:3600,max_col_multiplier:1,age_limit:2,random_seed:0,replication:1,num_threads:128}",1
new1201600_12_eac.json.gz,21041,n,120,1600,LagrangeTemplate,highs,LTFarkas,1,228,21040.27975,21062,0.099705631,21040.35865,0.078902897,444,1775,6.920092,0.506224,8.28447,67863,9806.66153,2.528128318,1,0,"{timeout:3600,max_col_multiplier:1,age_limit:2,random_seed:0,replication:1,num_threads:128}",1
new1201600_13_adc.json.gz,287578,n,120,1600,LagrangeTemplate,highs,LTFarkas,1,369,287578,290976,1.167793907,287578,114.0000005,930,2298,58.303479,72.319354,133.551739,282376,4843.210128,6.190165943,1,0,"{timeout:3600,max_col_multiplier:1,age_limit:2,random_seed:0,replication:1,num_threads:128}",1
new1201600_14_eaa.json.gz,27031,n,120,1600,LagrangeTemplate,highs,LTFarkas,1,46,27030.25,27031,0,27031,0.75,120,1707,0.12781,0.077422,0.612421,4467,34950.31688,1.116487053,1,0,"{timeout:3600,max_col_multiplier:1,age_limit:2,random_seed:0,replication:1,num_threads:128}",1
new1201600_15_eaa.json.gz,26128,n,120,1600,LagrangeTemplate,highs,LTFarkas,1,87,26127.5,26128,0,26128,0.5,120,1716,0.241904,0.126824,0.798662,4937,20408.92255,1.148085511,1,0,"{timeout:3600,max_col_multiplier:1,age_limit:2,random_seed:0,replication:1,num_threads:128}",1
new1201600_16_eaa.json.gz,18120,n,120,1600,LagrangeTemplate,highs,LTFarkas,1,2,18119.06018,18120,0,18120,481636,120,240,0.00522,0.006176,0.397544,2190,419540.2299,9.125,1,0,"{timeout:3600,max_col_multiplier:1,age_limit:2,random_seed:0,replication:1,num_threads:128}",1
new1201600_17_eec.json.gz,206505,n,120,1600,LagrangeTemplate,highs,LTFarkas,1,524,206504.0455,206546,0.0198503,206504.7664,0.720948039,435,1756,52.016553,4.559894,63.649789,363033,6979.182185,5.602425531,1,0,"{timeout:3600,max_col_multiplier:1,age_limit:2,random_seed:0,replication:1,num_threads:128}",1
new1201600_18_eac.json.gz,20292,n,120,1600,LagrangeTemplate,highs,LTFarkas,1,187,20291.47253,20381,0.436681223,20291.73667,0.264136027,490,1740,6.004888,0.41629,7.488719,62829,10462.97616,2.886747184,1,0,"{timeout:3600,max_col_multiplier:1,age_limit:2,random_seed:0,replication:1,num_threads:128}",1
new1201600_19_eec.json.gz,228373,n,120,1600,LagrangeTemplate,highs,LTFarkas,1,546,228372.1833,228381,0.003502918,228372.4,0.216749483,465,1763,54.937535,4.622589,66.848668,368828,6713.588442,5.553932055,1,0,"{timeout:3600,max_col_multiplier:1,age_limit:2,random_seed:0,replication:1,num_threads:128}",1
new1201600_2_eea.json.gz,25110,n,120,1600,LagrangeTemplate,highs,LTFarkas,1,692,25109.00564,25921,3.128737317,25109.00763,0.001983735,760,1740,27.37335,3.55898,32.644508,236177,8627.990363,2.862687096,1,0,"{timeout:3600,max_col_multiplier:1,age_limit:2,random_seed:0,replication:1,num_threads:128}",1
new1201600_20_eaa.json.gz,17455,n,120,1600,LagrangeTemplate,highs,LTFarkas,1,2,17454.4058,17455,0,17455,551739,120,240,0.005206,0.006385,0.404623,2188,420284.2874,9.116666667,1,0,"{timeout:3600,max_col_multiplier:1,age_limit:2,random_seed:0,replication:1,num_threads:128}",1
new1201600_21_adc.json.gz,385603,n,120,1600,LagrangeTemplate,highs,LTFarkas,1,482,385602.0969,388251,0.682033015,385602.7949,0.69792999,930,1873,85.11576,49.159614,137.036877,404209,4748.932513,7.183928886,1,0,"{timeout:3600,max_col_multiplier:1,age_limit:2,random_seed:100,replication:1,num_threads:128}",1
new1201600_22_eda.json.gz,76572,n,120,1600,LagrangeTemplate,highs,LTFarkas,1,1136,76571.58147,77205,0.819895085,76571.81585,0.234380049,713,1808,35.40281,6.834373,44.178617,294145,8308.521273,2.173924406,1,0,"{timeout:3600,max_col_multiplier:1,age_limit:2,random_seed:0,replication:1,num_threads:128}",1
new1201600_23_aaa.json.gz,24199,n,120,1600,LagrangeTemplate,highs,LTFarkas,1,192,24198.46833,24523,1.321208661,24198.83795,0.369621954,541,1792,8.067008,1.698899,10.942754,83021,10291.42403,3.663518116,1,0,"{timeout:3600,max_col_multiplier:1,age_limit:2,random_seed:0,replication:1,num_threads:128}",1
new1201600_24_eea.json.gz,22184,n,120,1600,LagrangeTemplate,highs,LTFarkas,1,719,22183.01404,22570,1.710234825,22183.93308,0.919043317,638,1858,21.991821,3.805621,27.314897,208922,9499.986381,2.428345643,1,0,"{timeout:3600,max_col_multiplier:1,age_limit:2,random_seed:0,replication:1,num_threads:128}",1
new1201600_25_eec.json.gz,190691,n,120,1600,LagrangeTemplate,highs,LTFarkas,1,506,190690.6407,190692,0.000524406,190691.5432,0.902496626,330,1818,47.852135,4.45278,59.194929,349680,7307.51094,5.582639765,1,0,"{timeout:3600,max_col_multiplier:1,age_limit:2,random_seed:0,replication:1,num_threads:128}",1
new1201600_26_eec.json.gz,178932,n,120,1600,LagrangeTemplate,highs,LTFarkas,1,463,178931.6021,178965,0.01843936,178931.752,0.149948355,681,1839,43.232161,4.02851,54.078471,325293,7524.328937,5.699312497,1,0,"{timeout:3600,max_col_multiplier:1,age_limit:2,random_seed:0,replication:1,num_threads:128}",1
new1201600_27_aec.json.gz,1600,n,120,1600,LagrangeTemplate,highs,LTFarkas,1,71,1600,1654,3.264812576,1600,1265,122,1937,0.915881,1.704236,3.209891,10044,10966.49019,0.79496401,1,0,"{timeout:3600,max_col_multiplier:1,age_limit:2,random_seed:0,replication:1,num_threads:128}",1
new1201600_28_eea.json.gz,34619,n,120,1600,LagrangeTemplate,highs,LTFarkas,1,665,34618.07406,35651,2.894729461,34618.35451,0.280448175,831,1841,34.891379,3.967054,41.250937,274884,7878.278471,3.465352409,1,0,"{timeout:3600,max_col_multiplier:1,age_limit:2,random_seed:0,replication:1,num_threads:128}",1
new1201600_29_ada.json.gz,249563,n,120,1600,LagrangeTemplate,highs,LTFarkas,1,652,249563,257810,3.198867383,249563,11.00000037,999,2084,81.842549,202.48485,288.004158,373566,4564.447278,4.672741392,1,0,"{timeout:3600,max_col_multiplier:1,age_limit:2,random_seed:0,replication:1,num_threads:128}",1
new1201600_3_eac.json.gz,21744,n,120,1600,LagrangeTemplate,highs,LTFarkas,1,208,21743.01,21853,0.498787352,21743.70746,0.697464424,477,1824,6.152513,0.46743,7.650574,65198,10596.9707,2.657314163,1,0,"{timeout:3600,max_col_multiplier:1,age_limit:2,random_seed:0,replication:1,num_threads:128}",1
new1201600_30_ada.json.gz,3978,n,120,1600,LagrangeTemplate,highs,LTFarkas,1,761,3977.187216,6644,40.12642986,3977.776022,0.588806565,1433,2125,259.315062,128.731734,390.061955,1077871,4156.607764,12.34166492,1,0,"{timeout:3600,max_col_multiplier:1,age_limit:2,random_seed:0,replication:1,num_threads:128}",1
new1201600_31_aea.json.gz,1600,n,120,1600,LagrangeTemplate,highs,LTFarkas,1,0,1600,1600,0,1600,0,0,0,0.42969,0.42969,0.381745,1600,,,1,0,"{timeout:3600,max_col_multiplier:1,age_limit:2,random_seed:0,replication:1,num_threads:128}",1
new1201600_32_eac.json.gz,27468,n,120,1600,LagrangeTemplate,highs,LTFarkas,1,270,27467.03333,27486,0.065487885,27467.6875,0.654166667,271,1728,4.511445,0.588711,5.820003,48167,10676.62357,1.654205545,1,0,"{timeout:3600,max_col_multiplier:1,age_limit:2,random_seed:0,replication:1,num_threads:128}",1
new1201600_33_eac.json.gz,24780,n,120,1600,LagrangeTemplate,highs,LTFarkas,1,278,24779.18111,24815,0.141043724,24779.5514,0.370289351,418,1727,6.502389,0.592999,7.966596,64406,9904.974925,2.143002211,1,0,"{timeout:3600,max_col_multiplier:1,age_limit:2,random_seed:0,replication:1,num_threads:128}",1
new1201600_34_aec.json.gz,1600,n,120,1600,LagrangeTemplate,highs,LTFarkas,1,97,1600,1600,0,1600,2664,120,1617,1.811404,2.091409,4.526367,19159,10576.87849,1.385760309,1,0,"{timeout:3600,max_col_multiplier:1,age_limit:2,random_seed:0,replication:1,num_threads:128}",1
new1201600_35_aac.json.gz,82558,n,120,1600,LagrangeTemplate,highs,LTFarkas,1,190,82557.50544,88135,6.327792591,82557.7145,0.209064314,652,1775,11.551302,1.871606,15.420069,108531,9395.56424,4.68502946,1,0,"{timeout:3600,max_col_multiplier:1,age_limit:2,random_seed:0,replication:1,num_threads:128}",1
new1201600_4_eec.json.gz,208457,n,120,1600,LagrangeTemplate,highs,LTFarkas,1,513,208456.394,208462,0.002398519,208456.733,0.338942907,294,1806,48.156057,4.406166,59.685029,345489,7174.362303,5.454006016,1,0,"{timeout:3600,max_col_multiplier:1,age_limit:2,random_seed:0,replication:1,num_threads:128}",1
new1201600_5_eda.json.gz,75463,n,120,1600,LagrangeTemplate,highs,LTFarkas,1,1078,75462.11634,75973,0.671291117,75462.19121,0.074873105,646,1763,36.880135,6.418562,45.12067,303181,8220.712858,2.374417204,1,0,"{timeout:3600,max_col_multiplier:1,age_limit:2,random_seed:0,replication:1,num_threads:128}",1
new1201600_6_aac.json.gz,16907,n,120,1600,LagrangeTemplate,highs,LTFarkas,1,210,16906.16237,17014,0.628893852,16906.56053,0.398164376,620,1787,11.244493,1.964725,14.596602,105187,9354.534704,4.21979062,1,0,"{timeout:3600,max_col_multiplier:1,age_limit:2,random_seed:0,replication:1,num_threads:128}",1
new1201600_7_aac.json.gz,47155,n,120,1600,LagrangeTemplate,highs,LTFarkas,1,183,47154.42852,49273,4.298500193,47154.88253,0.454010863,607,1799,9.03132,2.289924,13.062894,88408,9789.045234,3.994601523,1,0,"{timeout:3600,max_col_multiplier:1,age_limit:2,random_seed:0,replication:1,num_threads:128}",1
new1201600_8_aac.json.gz,30555,n,120,1600,LagrangeTemplate,highs,LTFarkas,1,188,30554.1288,31030,1.530776668,30554.57492,0.446119751,519,1769,7.258256,0.857907,9.229774,74399,10250.25846,3.306897529,1,0,"{timeout:3600,max_col_multiplier:1,age_limit:2,random_seed:0,replication:1,num_threads:128}",1
new1201600_9_aec.json.gz,1600,n,120,1600,LagrangeTemplate,highs,LTFarkas,1,173,1600,1600,0,1600,1572.333333,120,2097,3.664816,3.566877,8.015717,34261,9348.627598,1.504511882,1,0,"{timeout:3600,max_col_multiplier:1,age_limit:2,random_seed:0,replication:1,num_threads:128}",1
new1203200_0_eec.json.gz,592925,n,120,3200,LagrangeTemplate,highs,LTFarkas,1,1248,592924.055,592940,0.002529767,592924.3196,0.264576101,397,3387,641.858904,32.905536,694.967527,1332060,2075.315917,8.976984342,1,0,"{timeout:3600,max_col_multiplier:1,age_limit:3,random_seed:0,replication:1,num_threads:128}",1
new1203200_1_aea.json.gz,3200,n,120,3200,LagrangeTemplate,highs,LTFarkas,1,0,3200,3200,0,3200,0,0,0,0.912151,0.912151,0.822784,3200,,,1,0,"{timeout:3600,max_col_multiplier:1,age_limit:3,random_seed:0,replication:1,num_threads:128}",1
new1203200_10_aaa.json.gz,53063,n,120,3200,LagrangeTemplate,highs,LTFarkas,1,456,53062.08354,53146,0.15617356,53062.27348,0.18993706,590,3445,87.983051,6.596846,97.126688,273570,3109.348868,5.016334225,1,0,"{timeout:3600,max_col_multiplier:1,age_limit:3,random_seed:0,replication:1,num_threads:128}",1
new1203200_11_eac.json.gz,56626,n,120,3200,LagrangeTemplate,highs,LTFarkas,1,595,56625.35598,56677,0.089983591,56625.85001,0.494030055,539,3361,63.872317,2.750718,69.026231,248153,3885.141665,3.511404908,1,0,"{timeout:3600,max_col_multiplier:1,age_limit:3,random_seed:0,replication:1,num_threads:128}",1
new1203200_12_ada.json.gz,127478,n,120,3200,LagrangeTemplate,highs,LTFarkas,1,1142,127477.0031,131292,2.90497517,127477.0039,0.000847095,1179,3327,616.599249,1722.742002,2347.127954,1120558,1817.319761,8.161937459,1,0,"{timeout:3600,max_col_multiplier:1,age_limit:3,random_seed:0,replication:1,num_threads:128}",1
new1203200_13_eda.json.gz,155598,n,120,3200,LagrangeTemplate,highs,LTFarkas,1,4247,155597.0376,156280,0.436396212,155597.9938,0.956227406,853,3640,519.89917,78.483449,606.957678,1746313,3358.945543,3.424348698,1,0,"{timeout:3600,max_col_multiplier:1,age_limit:3,random_seed:0,replication:1,num_threads:128}",1
new1203200_14_eda.json.gz,176939,n,120,3200,LagrangeTemplate,highs,LTFarkas,1,3015,176938.0556,178099,0.65132314,176938.6443,0.58863608,812,3529,385.693901,68.99971,462.587862,1264428,3278.319923,3.489738187,1,0,"{timeout:3600,max_col_multiplier:1,age_limit:3,random_seed:0,replication:1,num_threads:128}",1
new1203200_15_aac.json.gz,226994,n,120,3200,LagrangeTemplate,highs,LTFarkas,1,671,226993.1034,234858,3.348406271,226993.1034,0,846,3337,373.060959,65.88503,445.923353,840567,2253.162599,10.14557128,1,0,"{timeout:3600,max_col_multiplier:1,age_limit:3,random_seed:0,replication:1,num_threads:128}",1
new1203200_16_aec.json.gz,33659,n,120,3200,LagrangeTemplate,highs,LTFarkas,1,638,33658.0693,34607,2.739330193,33658.19217,0.122877077,949,3498,276.176694,205.908585,491.521387,683031,2473.166689,8.77900288,1,0,"{timeout:3600,max_col_multiplier:1,age_limit:3,random_seed:0,replication:1,num_threads:128}",1
new1203200_17_eda.json.gz,170811,n,120,3200,LagrangeTemplate,highs,LTFarkas,1,3113,170810.0607,171835,0.595920505,170810.3465,0.285783365,827,3599,396.006618,70.408022,474.334525,1288910,3254.768838,3.449741995,1,0,"{timeout:3600,max_col_multiplier:1,age_limit:3,random_seed:0,replication:1,num_threads:128}",1
new1203200_18_eda.json.gz,196406,n,120,3200,LagrangeTemplate,highs,LTFarkas,1,2673,196405.0462,197648,0.628389865,196405.9481,0.901859532,780,3810,390.327392,64.902203,463.57455,1251381,3205.977919,3.88330901,1,0,"{timeout:3600,max_col_multiplier:1,age_limit:3,random_seed:0,replication:1,num_threads:128}",1
new1203200_19_eaa.json.gz,46501,n,120,3200,LagrangeTemplate,highs,LTFarkas,1,1164,46500.22857,46501,0,46501,0.771428571,120,3337,55.050507,5.713676,63.239301,264100,4797.412674,1.981137837,1,0,"{timeout:3600,max_col_multiplier:1,age_limit:3,random_seed:0,replication:1,num_threads:128}",1
new1203200_2_aaa.json.gz,58623,n,120,3200,LagrangeTemplate,highs,LTFarkas,1,516,58622.43315,58801,0.30271594,58622.85881,0.425660048,629,3368,96.216815,16.624224,115.631031,310417,3226.224023,5.040056562,1,0,"{timeout:3600,max_col_multiplier:1,age_limit:3,random_seed:0,replication:1,num_threads:128}",1
new1203200_20_aac.json.gz,69744,n,120,3200,LagrangeTemplate,highs,LTFarkas,1,404,69743.10945,70415,0.952921963,69743.37156,0.262110358,701,3395,86.052346,6.574654,95.645858,289384,3362.883332,5.960219204,1,0,"{timeout:3600,max_col_multiplier:1,age_limit:3,random_seed:0,replication:1,num_threads:128}",1
new1203200_21_ada.json.gz,3208,n,120,3200,LagrangeTemplate,highs,LTFarkas,1,0,3208,3208,0,3208,0,0,0,0.897933,0.897933,0.811688,3200,,,1,0,"{timeout:3600,max_col_multiplier:1,age_limit:3,random_seed:0,replication:1,num_threads:128}",1
new1203200_22_eda.json.gz,180534,n,120,3200,LagrangeTemplate,highs,LTFarkas,1,3789,180533.1323,181894,0.747688214,180533.7802,0.647952169,801,3668,526.734476,85.001828,620.859535,1641518,3116.405086,3.600743433,1,0,"{timeout:3600,max_col_multiplier:1,age_limit:3,random_seed:0,replication:1,num_threads:128}",1
new1203200_23_aec.json.gz,27852,n,120,3200,LagrangeTemplate,highs,LTFarkas,1,706,27851.04456,28551,2.448250499,27851.13846,0.093903671,929,3365,334.545265,299.818515,647.373789,793792,2372.74917,9.203874081,1,0,"{timeout:3600,max_col_multiplier:1,age_limit:3,random_seed:0,replication:1,num_threads:128}",1
new1203200_25_eec.json.gz,782888,n,120,3200,LagrangeTemplate,highs,LTFarkas,1,756,782887.5,782894,0.000766387,782887.5,0,220,3431,258.41961,16.029556,295.233542,661220,2558.706748,7.123932323,1,0,"{timeout:3600,max_col_multiplier:1,age_limit:3,random_seed:0,replication:1,num_threads:128}",1
new1203200_26_aec.json.gz,3627,n,120,3200,LagrangeTemplate,highs,LTFarkas,1,615,3626.008416,3761,3.562882212,3626.149999,0.141583667,947,3387,248.360618,362.00847,616.629903,656000,2641.320533,8.839095423,1,0,"{timeout:3600,max_col_multiplier:1,age_limit:3,random_seed:0,replication:1,num_threads:128}",1
new1203200_27_edc.json.gz,276176,n,120,3200,LagrangeTemplate,highs,LTFarkas,1,580,276176,276400,0.081041968,276176,37.00000018,592,4241,240.146784,5.060913,250.82214,459327,1912.692697,6.470725992,1,0,"{timeout:3600,max_col_multiplier:1,age_limit:3,random_seed:0,replication:1,num_threads:128}",1
new1203200_28_eea.json.gz,60432,n,120,3200,LagrangeTemplate,highs,LTFarkas,1,1266,60431.05964,61416,1.602188355,60431.11535,0.055708479,888,3350,230.646262,22.650663,259.180594,690694,2994.603051,4.55053014,1,0,"{timeout:3600,max_col_multiplier:1,age_limit:3,random_seed:0,replication:1,num_threads:128}",1
new1203200_29_eaa.json.gz,38753,n,120,3200,LagrangeTemplate,highs,LTFarkas,1,1325,38752.04678,38753,0,38753,0.953221237,120,3339,56.64839,6.722156,66.01995,275392,4861.426777,1.760929488,1,0,"{timeout:3600,max_col_multiplier:1,age_limit:3,random_seed:0,replication:1,num_threads:128}",1
new1203200_3_aac.json.gz,258347,n,120,3200,LagrangeTemplate,highs,LTFarkas,1,474,258346.1514,266190,2.946391675,258346.1514,0,813,3327,186.4179,28.567219,221.789254,478223,2565.327686,8.311601485,1,0,"{timeout:3600,max_col_multiplier:1,age_limit:3,random_seed:0,replication:1,num_threads:128}",1
new1203200_30_eda.json.gz,177346,n,120,3200,LagrangeTemplate,highs,LTFarkas,1,4862,177345.4123,177988,0.360698473,177345.9012,0.48882171,796,3578,612.693571,101.64892,724.841445,1969609,3214.672217,3.37225258,1,0,"{timeout:3600,max_col_multiplier:1,age_limit:3,random_seed:0,replication:1,num_threads:128}",1
new1203200_31_edc.json.gz,263226,n,120,3200,LagrangeTemplate,highs,LTFarkas,1,828,263226,263765,0.204348568,263226,630.6666671,803,4082,196.358315,8.425957,210.742483,442040,2251.190636,4.352863325,1,0,"{timeout:3600,max_col_multiplier:1,age_limit:3,random_seed:0,replication:1,num_threads:128}",1
new1203200_32_eac.json.gz,49847,n,120,3200,LagrangeTemplate,highs,LTFarkas,1,576,49846.02304,49911,0.128228246,49846.08509,0.062051651,599,3327,81.620115,2.425187,86.573809,260312,3189.31185,4.119720213,1,0,"{timeout:3600,max_col_multiplier:1,age_limit:3,random_seed:0,replication:1,num_threads:128}",1
new1203200_33_adc.json.gz,709641,n,120,3200,LagrangeTemplate,highs,LTFarkas,1,786,709641,713292,0.511852089,709641,121.0000027,983,3993,448.410851,552.659872,1007.942609,727972,1623.448671,7.562521175,1,0,"{timeout:3600,max_col_multiplier:1,age_limit:3,random_seed:0,replication:1,num_threads:128}",1
new1203200_34_adc.json.gz,322289,n,120,3200,LagrangeTemplate,highs,LTFarkas,1,603,322289,324717,0.747728022,322289,420.000042,865,4160,212.372397,162.341808,381.503702,461605,2173.564015,6.209621338,1,0,"{timeout:3600,max_col_multiplier:1,age_limit:3,random_seed:0,replication:1,num_threads:128}",1
new1203200_35_eec.json.gz,712750,n,120,3200,LagrangeTemplate,highs,LTFarkas,1,1207,712749.0735,712759,0.001262699,712749.6667,0.593137251,363,3535,912.82676,27.414022,961.38565,1660459,1819.029714,11.4554185,1,0,"{timeout:3600,max_col_multiplier:1,age_limit:3,random_seed:0,replication:1,num_threads:128}",1
new1203200_4_eda.json.gz,169060,n,120,3200,LagrangeTemplate,highs,LTFarkas,1,4317,169059.1381,169713,0.384767224,169059.2849,0.146777171,838,3443,473.744676,91.040322,573.894662,1541599,3254.071398,2.977904958,1,0,"{timeout:3600,max_col_multiplier:1,age_limit:3,random_seed:0,replication:1,num_threads:128}",1
new1203200_5_edc.json.gz,265521,n,120,3200,LagrangeTemplate,highs,LTFarkas,1,689,265521,265951,0.161683919,265521,399.000001,676,4039,159.885287,6.741095,172.350609,370381,2316.542109,4.360911645,1,0,"{timeout:3600,max_col_multiplier:1,age_limit:3,random_seed:0,replication:1,num_threads:128}",1
new1203200_6_ada.json.gz,515738,n,120,3200,LagrangeTemplate,highs,LTFarkas,1,815,515738,520885,0.988125978,515738,398.7252647,1054,4194,381.548483,1479.761616,1869.155451,637900,1671.871409,6.379474945,1,0,"{timeout:3600,max_col_multiplier:1,age_limit:3,random_seed:0,replication:1,num_threads:128}",1
new1203200_7_edc.json.gz,270406,n,120,3200,LagrangeTemplate,highs,LTFarkas,1,621,270406,270628,0.082031423,270406,1131,710,4225,192.578728,6.131286,204.194444,394483,2048.42458,5.141462024,1,0,"{timeout:3600,max_col_multiplier:1,age_limit:3,random_seed:0,replication:1,num_threads:128}",1
new1203200_8_eac.json.gz,66862,n,120,3200,LagrangeTemplate,highs,LTFarkas,1,469,66861.04132,67188,0.485205691,66861.11143,0.070104621,571,3325,69.81734,2.000134,74.827741,231938,3322.068701,4.34138876,1,0,"{timeout:3600,max_col_multiplier:1,age_limit:3,random_seed:0,replication:1,num_threads:128}",1
new1203200_9_eac.json.gz,50105,n,120,3200,LagrangeTemplate,highs,LTFarkas,1,581,50104.12382,50168,0.125578058,50104.21128,0.087460096,526,3450,53.336553,2.608383,58.216909,212479,3983.740757,3.216548361,1,0,"{timeout:3600,max_col_multiplier:1,age_limit:3,random_seed:0,replication:1,num_threads:128}",1
new1204000_0_eec.json.gz,500704,n,120,4000,LagrangeTemplate,highs,LTFarkas,1,2114,500703.2132,500718,0.002795985,500704,0.786821709,580,4274,2155.619568,138.400832,2321.940235,2627741,1219.018903,11.6715425,1,0,"{timeout:3600,max_col_multiplier:1,age_limit:3,random_seed:0,replication:1,num_threads:128}",1
new1204000_1_edc.json.gz,327426,n,120,4000,LagrangeTemplate,highs,LTFarkas,1,1192,327426,327937,0.155822612,327426,252.0000031,738,4897,431.03015,19.869381,459.445125,615421,1427.791072,4.204155738,1,0,"{timeout:3600,max_col_multiplier:1,age_limit:3,random_seed:0,replication:1,num_threads:128}",1
new1204000_10_eec.json.gz,858078,n,120,4000,LagrangeTemplate,highs,LTFarkas,1,939,858078,858150,0.008390142,858078,0,436,4356,622.855933,29.76048,680.630953,962997,1546.099104,8.761980717,1,0,"{timeout:3600,max_col_multiplier:1,age_limit:3,random_seed:0,replication:1,num_threads:128}",1
new1204000_11_eaa.json.gz,44798,n,120,4000,LagrangeTemplate,highs,LTFarkas,1,16129,44797.13333,44798,0,44798,147.2,120,4234,1249.638422,127.670602,1405.187477,4517323,3614.904056,2.331535222,1,0,"{timeout:3600,max_col_multiplier:1,age_limit:3,random_seed:0,replication:1,num_threads:128}",1
new1204000_12_eac.json.gz,40885,n,120,4000,LagrangeTemplate,highs,LTFarkas,1,928,40884.02771,40901,0.039118848,40884.93653,0.908821225,635,4624,172.752224,5.33696,182.214954,397977,2303.744582,3.534060707,1,0,"{timeout:3600,max_col_multiplier:1,age_limit:3,random_seed:0,replication:1,num_threads:128}",1
new1204000_13_adc.json.gz,491009,n,120,4000,LagrangeTemplate,highs,LTFarkas,1,1163,491008.1063,493590,0.522903624,491008.6114,0.505140596,991,4633,1057.657076,926.436416,1995.88266,1133529,1071.735845,7.995176238,1,0,"{timeout:3600,max_col_multiplier:1,age_limit:3,random_seed:0,replication:1,num_threads:128}",1
new1204000_14_aec.json.gz,119825,n,120,4000,LagrangeTemplate,highs,LTFarkas,1,1031,119824.0186,inf,nan,119824.9545,0.93590308,911,4457,1651.467075,389.597285,2061.408999,1748052,1058.484318,13.28882215,0,0,"{timeout:3600,max_col_multiplier:1,age_limit:3,random_seed:0,replication:1,num_threads:128}",1
new1204000_15_eda.json.gz,246995,n,120,4000,LagrangeTemplate,highs,LTFarkas,1,4504,246994.0273,247840,0.340945771,246994.0822,0.05488806,799,4159,1389.562889,176.195884,1579.402132,2266067,1630.776856,4.182918049,1,0,"{timeout:3600,max_col_multiplier:1,age_limit:3,random_seed:0,replication:1,num_threads:128}",1
new1204000_16_eda.json.gz,226013,n,120,4000,LagrangeTemplate,highs,LTFarkas,1,5114,226012.0201,227066,0.46374182,226012.5893,0.569272957,847,4477,1211.926251,202.8885,1427.982129,2291771,1891.015231,3.723018268,1,0,"{timeout:3600,max_col_multiplier:1,age_limit:3,random_seed:0,replication:1,num_threads:128}",1
new1204000_17_eaa.json.gz,60107,n,120,4000,LagrangeTemplate,highs,LTFarkas,1,219,60106.08696,60107,1.21E-14,60107,0.913043478,120,4125,2.890461,0.922491,5.197978,14309,4950.421403,1.337492437,1,0,"{timeout:3600,max_col_multiplier:1,age_limit:3,random_seed:0,replication:1,num_threads:128}",1
new1204000_18_aac.json.gz,51414,n,120,4000,LagrangeTemplate,highs,LTFarkas,1,710,51413.08378,51534,0.232855979,51413.63778,0.554002209,719,4201,195.452045,34.143356,233.769705,418051,2138.892944,4.928163659,1,0,"{timeout:3600,max_col_multiplier:1,age_limit:3,random_seed:0,replication:1,num_threads:128}",1
new1204000_19_ada.json.gz,609536,n,120,4000,LagrangeTemplate,highs,LTFarkas,1,920,609536,614620,0.827177768,609536,933.310216,985,4957,893.870217,2486.567094,3390.458745,740300,828.1962928,6.551852355,1,0,"{timeout:3600,max_col_multiplier:1,age_limit:3,random_seed:0,replication:1,num_threads:128}",1
new1204000_2_eea.json.gz,83009,n,120,4000,LagrangeTemplate,highs,LTFarkas,1,1585,83008.06672,84151,1.357084289,83008.28067,0.213947623,891,4216,543.062503,52.810676,605.40605,929015,1710.696273,4.851617492,1,0,"{timeout:3600,max_col_multiplier:1,age_limit:3,random_seed:0,replication:1,num_threads:128}",1
new1204000_20_aea.json.gz,4000,n,120,4000,LagrangeTemplate,highs,LTFarkas,1,0,4000,4000,0,4000,0,0,0,1.108858,1.108858,0.99957,4000,,,1,0,"{timeout:3600,max_col_multiplier:1,age_limit:3,random_seed:0,replication:1,num_threads:128}",1
new1204000_22_eac.json.gz,68905,n,120,4000,LagrangeTemplate,highs,LTFarkas,1,751,68904.14301,68959,0.0783074,68904.285,0.141991058,554,4128,144.800528,4.372756,152.313613,325276,2246.373024,3.816729827,1,0,"{timeout:3600,max_col_multiplier:1,age_limit:3,random_seed:0,replication:1,num_threads:128}",1
new1204000_23_eac.json.gz,80060,n,120,4000,LagrangeTemplate,highs,LTFarkas,1,612,80059.57475,80377,0.39439143,80059.76135,0.186595186,582,4170,151.864002,3.375757,159.222504,322701,2124.934124,4.458420585,1,0,"{timeout:3600,max_col_multiplier:1,age_limit:3,random_seed:0,replication:1,num_threads:128}",1
new1204000_24_ada.json.gz,365532,n,120,4000,LagrangeTemplate,highs,LTFarkas,1,1414,365532,369334,1.029420525,365532,705.7183679,1104,4979,1008.708062,2184.238282,3207.61668,981455,972.9822106,5.637590581,1,0,"{timeout:3600,max_col_multiplier:1,age_limit:3,random_seed:0,replication:1,num_threads:128}",1
new1204000_25_aea.json.gz,4000,n,120,4000,LagrangeTemplate,highs,LTFarkas,1,0,4000,4000,0,4000,0,0,0,1.144443,1.144443,1.036924,4000,,,1,0,"{timeout:3600,max_col_multiplier:1,age_limit:3,random_seed:0,replication:1,num_threads:128}",1
new1204000_26_eaa.json.gz,52360,n,120,4000,LagrangeTemplate,highs,LTFarkas,1,2,52360,52360,0,52360,2568901,120,240,0.020652,0.014827,1.148017,5414,262153.7866,22.55833333,1,0,"{timeout:3600,max_col_multiplier:1,age_limit:3,random_seed:0,replication:1,num_threads:128}",1
new1204000_27_eea.json.gz,92554,n,120,4000,LagrangeTemplate,highs,LTFarkas,1,1461,92553.21245,94125,1.669057105,92553.86673,0.654281379,896,4428,534.960566,55.027239,600.214899,884093,1652.632093,5.006957966,1,0,"{timeout:3600,max_col_multiplier:1,age_limit:3,random_seed:0,replication:1,num_threads:128}",1
new1204000_28_eea.json.gz,80822,n,120,4000,LagrangeTemplate,highs,LTFarkas,1,1433,80821.26938,81660,1.026206221,80821.93408,0.664705414,888,4447,496.382693,47.461393,552.391347,830488,1673.080089,4.78698051,1,0,"{timeout:3600,max_col_multiplier:1,age_limit:3,random_seed:0,replication:1,num_threads:128}",1
new1204000_29_eda.json.gz,209843,n,120,4000,LagrangeTemplate,highs,LTFarkas,1,5989,209842.0446,211593,0.827059496,209842.1366,0.091928725,851,4219,1161.777554,179.13838,1355.80072,2615572,2251.353532,3.630736144,1,0,"{timeout:3600,max_col_multiplier:1,age_limit:3,random_seed:0,replication:1,num_threads:128}",1
new1204000_3_adc.json.gz,863120,n,120,4000,LagrangeTemplate,highs,LTFarkas,1,1175,863120,867923,0.553390105,863120,1106.103028,1002,5075,1004.676017,1502.934331,2518.697218,892699,888.5441524,6.227938534,1,0,"{timeout:3600,max_col_multiplier:1,age_limit:3,random_seed:0,replication:1,num_threads:128}",1
new1204000_30_eac.json.gz,62956,n,120,4000,LagrangeTemplate,highs,LTFarkas,1,696,62955.04321,63122,0.262982795,62955.64925,0.606041839,591,4129,133.395563,3.957162,140.593255,308335,2311.433702,3.79159258,1,0,"{timeout:3600,max_col_multiplier:1,age_limit:3,random_seed:0,replication:1,num_threads:128}",1
new1204000_31_ada.json.gz,296098,n,120,4000,LagrangeTemplate,highs,LTFarkas,1,1458,296098,301749,1.872748543,296098,349.0000217,1093,4896,1011.597207,1535.529605,2555.439454,1189550,1175.912697,6.698604875,1,0,"{timeout:-1,max_col_multiplier:1,age_limit:3,random_seed:0,replication:1,num_threads:128}",1
new1204000_32_aea.json.gz,4000,n,120,4000,LagrangeTemplate,highs,LTFarkas,1,0,4000,4000,0,4000,0,0,0,1.330603,1.330603,1.22401,4000,,,1,0,"{timeout:3600,max_col_multiplier:1,age_limit:3,random_seed:0,replication:1,num_threads:128}",1
new1204000_33_aaa.json.gz,64551,n,120,4000,LagrangeTemplate,highs,LTFarkas,1,603,64550.0318,64808,0.396555981,64550.84827,0.816466489,715,4141,256.52312,30.21277,291.099733,477812,1862.646922,6.592495916,1,0,"{timeout:3600,max_col_multiplier:1,age_limit:3,random_seed:0,replication:1,num_threads:128}",1
new1204000_34_eac.json.gz,56117,n,120,4000,LagrangeTemplate,highs,LTFarkas,1,546,56116.14498,56230,0.200960341,56116.4516,0.306628268,574,4175,167.924716,3.025121,175.131451,311121,1852.740963,4.840177807,1,0,"{timeout:3600,max_col_multiplier:1,age_limit:3,random_seed:0,replication:1,num_threads:128}",1
new1204000_35_aac.json.gz,49997,n,120,4000,LagrangeTemplate,highs,LTFarkas,1,533,49996.0351,50180,0.364687126,49996.76123,0.726129368,754,4135,180.983274,27.782676,213.145121,334419,1847.789537,5.235911498,1,0,"{timeout:3600,max_col_multiplier:1,age_limit:3,random_seed:0,replication:1,num_threads:128}",1
new1204000_4_edc.json.gz,331713,n,120,4000,LagrangeTemplate,highs,LTFarkas,1,1048,331713,331999,0.086144838,331713,431.0000704,754,4982,622.199993,17.053594,647.519753,690580,1109.900366,5.3853835,1,0,"{timeout:3600,max_col_multiplier:1,age_limit:3,random_seed:0,replication:1,num_threads:128}",1
new1204000_5_aea.json.gz,4000,n,120,4000,LagrangeTemplate,highs,LTFarkas,1,0,4000,4000,0,4000,0,0,0,1.352952,1.352952,1.247974,4000,,,1,0,"{timeout:3600,max_col_multiplier:1,age_limit:3,random_seed:0,replication:1,num_threads:128}",1
new1204000_6_eaa.json.gz,58056,n,120,4000,LagrangeTemplate,highs,LTFarkas,1,2,58056,58056,0,58056,2486672,120,240,0.020735,0.013813,1.110622,5414,261104.4128,22.55833333,1,0,"{timeout:3600,max_col_multiplier:1,age_limit:3,random_seed:0,replication:1,num_threads:128}",1
new1204000_7_aec.json.gz,65891,n,120,4000,LagrangeTemplate,highs,LTFarkas,1,690,65890.1423,67254,2.026645255,65890.97156,0.829263839,902,4458,571.37421,350.138015,938.244713,744558,1303.100467,8.794513561,1,0,"{timeout:3600,max_col_multiplier:1,age_limit:3,random_seed:0,replication:1,num_threads:128}",1
new1204000_8_eda.json.gz,241536,n,120,4000,LagrangeTemplate,highs,LTFarkas,1,4387,241535.1938,243061,0.627414517,241535.6142,0.420402172,796,4452,1098.213094,161.759857,1273.129731,2078356,1892.488818,3.935268371,1,0,"{timeout:3600,max_col_multiplier:1,age_limit:3,random_seed:0,replication:1,num_threads:128}",1
new1204000_9_eaa.json.gz,50710,n,120,4000,LagrangeTemplate,highs,LTFarkas,1,268,50709.1896,50710,0,50710,0.810395554,120,4121,3.970548,1.090499,6.528237,15907,4006.248004,1.26462253,1,0,"{timeout:3600,max_col_multiplier:1,age_limit:3,random_seed:0,replication:1,num_threads:128}",1
new1205000_0_eec.json.gz,1077817,n,120,5000,LagrangeTemplate,highs,LTFarkas,1,1343,1077816.2,1077938,0.011225135,1077817,84.87950421,425,6117,3016.914518,45.464797,3090.473334,2587267,857.5871091,16.69215617,1,0,"{timeout:-1,max_col_multiplier:1,age_limit:4,random_seed:0,replication:1,num_threads:128}",1
new1205000_1_adc.json.gz,365036,n,120,5000,LagrangeTemplate,highs,LTFarkas,1,1092,365035.0696,367075,0.555472315,365035.9167,0.84709787,834,5666,2528.580261,264.876109,2806.744041,1632886,645.7718686,12.28398436,1,0,"{timeout:-1,max_col_multiplier:1,age_limit:4,random_seed:0,replication:1,num_threads:20}",1
new1205000_10_eda.json.gz,282734,n,120,5000,LagrangeTemplate,highs,LTFarkas,1,8551,282733.0449,283939,0.424386928,282733.4568,0.411892635,841,5508,3170.516209,161.333627,3349.862385,4585594,1446.324099,4.459928533,1,0,"{timeout:-1,max_col_multiplier:1,age_limit:4,random_seed:0,replication:1,num_threads:128}",1
new1205000_11_aac.json.gz,81971,n,120,5000,LagrangeTemplate,highs,LTFarkas,1,654,81970.03294,82574,0.730254075,81970.27423,0.24129267,816,5126,826.999779,28.572226,860.911721,627502,758.7692475,8.11309911,1,0,"{timeout:-1,max_col_multiplier:1,age_limit:4,random_seed:0,replication:1,num_threads:128}",1
new1205000_12_eaa.json.gz,65371,n,120,5000,LagrangeTemplate,highs,LTFarkas,1,2,65371,65371,0,65371,3855250,120,240,0.022616,0.015236,0.933567,6670,294923.9476,27.79166667,1,0,"{timeout:-1,max_col_multiplier:1,age_limit:4,random_seed:0,replication:1,num_threads:128}",1
new1205000_13_eac.json.gz,58779,n,120,5000,LagrangeTemplate,highs,LTFarkas,1,640,58778.08698,58853,0.125737006,58778.78992,0.702935288,527,5331,367.648995,3.579812,375.42005,474323,1290.151766,6.212143022,1,0,"{timeout:-1,max_col_multiplier:1,age_limit:4,random_seed:0,replication:1,num_threads:128}",1
new1205000_14_aea.json.gz,16324,n,120,5000,LagrangeTemplate,highs,LTFarkas,1,1264,16323.06485,16650,1.957957958,16323.34671,0.281861375,1103,5494,2875.454918,366.653766,3248.761098,1828190,635.7915711,12.00132865,1,0,"{timeout:-1,max_col_multiplier:1,age_limit:4,random_seed:0,replication:1,num_threads:128}",1
new1205000_15_eea.json.gz,95085,n,120,5000,LagrangeTemplate,highs,LTFarkas,1,1631,95084.05632,96161,1.11895675,95084.52415,0.467826488,890,5459,1331.917499,39.764004,1379.32718,1150288,863.633071,5.850970541,1,0,"{timeout:-1,max_col_multiplier:1,age_limit:4,random_seed:0,replication:1,num_threads:128}",1
new1205000_16_eac.json.gz,60410,n,120,5000,LagrangeTemplate,highs,LTFarkas,1,967,60409.07386,60434,0.039712744,60409.80952,0.735656974,606,5411,338.010627,5.617745,346.924605,561105,1660.021772,4.875423096,1,0,"{timeout:-1,max_col_multiplier:1,age_limit:4,random_seed:0,replication:1,num_threads:128}",1
new1205000_17_aaa.json.gz,99182,n,120,5000,LagrangeTemplate,highs,LTFarkas,1,559,99181.06856,101158,1.953379861,99181.84593,0.777365141,830,5287,548.64936,14.08233,568.04079,509251,928.1902744,7.510843863,1,0,"{timeout:-1,max_col_multiplier:1,age_limit:4,random_seed:0,replication:1,num_threads:128}",1
new1205000_18_ada.json.gz,6804,n,120,5000,LagrangeTemplate,highs,LTFarkas,1,3940,6803.087053,7242,6.048053023,6803.256244,0.16919058,2880,6257,308356.3653,1022.509782,309391.0208,35711168,115.8113534,81.60134614,1,0,"{timeout:-1,max_col_multiplier:1,age_limit:4,random_seed:100,replication:1,num_threads:20}",1
new1205000_19_eec.json.gz,574023,n,120,5000,LagrangeTemplate,highs,LTFarkas,1,2024,574022.1877,574055,0.005574379,574022.2651,0.077494476,639,5326,5573.81547,99.499394,5700.052504,4637077,831.9394542,19.16175698,1,0,"{timeout:-1,max_col_multiplier:1,age_limit:4,random_seed:0,replication:1,num_threads:20}",1
new1205000_2_eac.json.gz,67554,n,120,5000,LagrangeTemplate,highs,LTFarkas,1,681,67553.12732,67652,0.144858984,67553.31046,0.183141442,528,5164,479.863297,7.820522,492.344544,628716,1310.198142,7.744655091,1,0,"{timeout:-1,max_col_multiplier:1,age_limit:4,random_seed:0,replication:1,num_threads:20}",1
new1205000_20_eea.json.gz,105081,n,120,5000,LagrangeTemplate,highs,LTFarkas,1,1775,105080.0407,106240,1.090926205,105080.4143,0.373597355,903,5544,1638.937507,67.590425,1715.749929,1369297,835.4784695,6.394045406,1,0,"{timeout:-1,max_col_multiplier:1,age_limit:4,random_seed:0,replication:1,num_threads:20}",1
new1205000_21_ada.json.gz,5093,n,120,5000,LagrangeTemplate,highs,LTFarkas,1,0,5093,5093,0,5093,0,0,0,1.25085,1.25085,1.151871,5000,,,1,0,"{timeout:-1,max_col_multiplier:1,age_limit:4,random_seed:0,replication:1,num_threads:20}",1
new1205000_22_eec.json.gz,814114,n,120,5000,LagrangeTemplate,highs,LTFarkas,1,1751,814113.0145,814154,0.004913075,814114,0.985507226,455,5277,3660.182676,95.615347,3790.355019,2827015,772.3699198,22.21127506,1,0,"{timeout:-1,max_col_multiplier:1,age_limit:4,random_seed:0,replication:1,num_threads:20}",1
new1205000_23_eda.json.gz,309218,n,120,5000,LagrangeTemplate,highs,LTFarkas,1,6566,309217.0047,310371,0.371490893,309217.0401,0.035400025,814,5312,5285.15648,242.44829,5546.144687,4145976,784.4566222,5.257139018,1,0,"{timeout:-1,max_col_multiplier:1,age_limit:4,random_seed:100,replication:1,num_threads:20}",1
new1205000_24_aec.json.gz,5000,n,120,5000,LagrangeTemplate,highs,LTFarkas,1,0,5000,5000,0,5000,0,0,0,1.292407,1.292407,1.200255,5000,,,1,0,"{timeout:-1,max_col_multiplier:1,age_limit:4,random_seed:0,replication:1,num_threads:20}",1
new1205000_25_aea.json.gz,5000,n,120,5000,LagrangeTemplate,highs,LTFarkas,1,0,5000,5000,0,5000,0,0,0,1.237785,1.237785,1.13809,5000,,,1,0,"{timeout:-1,max_col_multiplier:1,age_limit:4,random_seed:0,replication:1,num_threads:20}",1
new1205000_26_edc.json.gz,429008,n,120,5000,LagrangeTemplate,highs,LTFarkas,1,877,429008,429269,0.060801036,429008,261.0000014,473,6416,1728.274899,21.940241,1759.614937,988313,571.8494208,9.209436038,1,0,"{timeout:-1,max_col_multiplier:1,age_limit:4,random_seed:0,replication:1,num_threads:20}",1
new1205000_27_eac.json.gz,85590,n,120,5000,LagrangeTemplate,highs,LTFarkas,1,980,85589.15711,85705.99999,0.135346406,85589.75491,0.597804689,640,5150,474.603696,11.215481,489.693592,686565,1446.606939,5.868295995,1,0,"{timeout:-1,max_col_multiplier:1,age_limit:4,random_seed:0,replication:1,num_threads:20}",1
new1205000_28_aaa.json.gz,118040,n,120,5000,LagrangeTemplate,highs,LTFarkas,1,683,118039.2212,119075,0.869200084,118039.4516,0.23038325,860,5255,864.850222,36.008136,906.090041,873784,1010.329856,10.60540748,1,0,"{timeout:-1,max_col_multiplier:1,age_limit:4,random_seed:0,replication:1,num_threads:20}",1
new1205000_29_edc.json.gz,420147,n,120,5000,LagrangeTemplate,highs,LTFarkas,1,1120,420147,420645,0.118389616,420147,661.8465903,691,6382,2826.039042,29.22781,2863.136573,1351831,478.3483101,9.92105506,1,0,"{timeout:-1,max_col_multiplier:1,age_limit:4,random_seed:0,replication:1,num_threads:20}",1
new1205000_3_eaa.json.gz,57685,n,120,5000,LagrangeTemplate,highs,LTFarkas,1,13772,57684.05556,57685,2.52E-14,57685,0.944444444,120,5133,1182.743081,139.107236,1342.816755,4285795,3623.606064,2.602086007,1,0,"{timeout:-1,max_col_multiplier:1,age_limit:4,random_seed:0,replication:1,num_threads:20}",1
new1205000_30_edc.json.gz,419675,n,120,5000,LagrangeTemplate,highs,LTFarkas,1,1386,419675,420195,0.123752067,419675,191568.7678,1464,5913,3410.681441,34.355632,3453.440306,1507527,442.0017014,8.967425809,1,0,"{timeout:-1,max_col_multiplier:1,age_limit:4,random_seed:0,replication:1,num_threads:20}",1
new1205000_31_eac.json.gz,63316,n,120,5000,LagrangeTemplate,highs,LTFarkas,1,787,63315.04687,63421,0.165560303,63315.30248,0.255602896,593,5301,437.041557,9.238348,450.264264,551732,1262.424571,5.927930152,1,0,"{timeout:-1,max_col_multiplier:1,age_limit:4,random_seed:0,replication:1,num_threads:20}",1
new1205000_32_adc.json.gz,1906818,n,120,5000,LagrangeTemplate,highs,LTFarkas,1,1292,1906818,1912331,0.288286913,1906818,284.5000116,1005,6000,4132.361477,1228.775702,5371.79055,1465913,354.7397797,9.355323079,1,0,"{timeout:-1,max_col_multiplier:1,age_limit:4,random_seed:0,replication:1,num_threads:20}",1
new1205000_33_eac.json.gz,98840,n,120,5000,LagrangeTemplate,highs,LTFarkas,1,654,98839.21744,99210,0.372946276,98839.39981,0.182373703,543,5133,397.989785,6.963179,410.669814,496629,1247.843585,6.390112394,1,0,"{timeout:-1,max_col_multiplier:1,age_limit:4,random_seed:0,replication:1,num_threads:20}",1
new1205000_34_eda.json.gz,312045,n,120,5000,LagrangeTemplate,highs,LTFarkas,1,3729,312044.0318,313880,0.584618325,312044.8379,0.806119142,814,5909,2597.432865,136.952617,2746.17907,2305109,887.4566234,5.128717778,1,0,"{timeout:-1,max_col_multiplier:1,age_limit:4,random_seed:0,replication:1,num_threads:20}",1
new1205000_35_eac.json.gz,66722,n,120,5000,LagrangeTemplate,highs,LTFarkas,1,922,66721.00192,66768,0.068895279,66721.98827,0.986345613,589,5232,268.464482,10.276421,282.535023,490057,1825.407206,4.472405157,1,0,"{timeout:-1,max_col_multiplier:1,age_limit:4,random_seed:0,replication:1,num_threads:20}",1
new1205000_4_aec.json.gz,5000,n,120,5000,LagrangeTemplate,highs,LTFarkas,1,281,5000,5006,0.119856173,5000,2475,202,6217,85.588257,32.729599,128.046169,194676,2274.564372,5.369925533,1,0,"{timeout:-1,max_col_multiplier:1,age_limit:4,random_seed:0,replication:1,num_threads:20}",1
new1205000_5_adc.json.gz,1655922,n,120,5000,LagrangeTemplate,highs,LTFarkas,1,1538,1655921.043,1660092,0.251190898,1655921.671,0.628167764,1086,5885,7193.501321,1291.977301,8497.238847,2302154,320.0324706,12.39825915,1,0,"{timeout:-1,max_col_multiplier:1,age_limit:4,random_seed:600,replication:1,num_threads:20}",1
new1205000_6_aec.json.gz,80281,n,120,5000,LagrangeTemplate,highs,LTFarkas,1,1108,80280.10491,81335,1.295875084,80280.98102,0.876104453,927,5659,2335.968194,330.95827,2683.679661,1524097,652.4476677,11.30352745,1,0,"{timeout:-1,max_col_multiplier:1,age_limit:4,random_seed:0,replication:1,num_threads:20}",1
new1205000_7_eec.json.gz,568150,n,120,5000,LagrangeTemplate,highs,LTFarkas,1,1885,568149.0656,568226,0.01337496,568149.8333,0.767704599,626,5400,6623.588662,117.104598,6770.370942,4609392,695.9055333,21.17266443,1,0,"{timeout:-1,max_col_multiplier:1,age_limit:4,random_seed:0,replication:1,num_threads:20}",1
new1205000_8_aaa.json.gz,80443,n,120,5000,LagrangeTemplate,highs,LTFarkas,1,732,80442.08252,80909,0.575955703,80442.65215,0.569633995,850,5240,736.066504,39.175348,781.514418,869235,1180.919109,9.813652354,1,0,"{timeout:-1,max_col_multiplier:1,age_limit:4,random_seed:0,replication:1,num_threads:20}",1
new1205000_9_aac.json.gz,80770,n,120,5000,LagrangeTemplate,highs,LTFarkas,1,748,80769.20668,80930,0.197701718,80769.50501,0.298335682,692,5239,471.940292,36.659261,512.614517,564685,1196.517885,6.293192999,1,0,"{timeout:-1,max_col_multiplier:1,age_limit:4,random_seed:0,replication:1,num_threads:20}",1
new15900_0_aec.json.gz,2104,n,15,900,LagrangeTemplate,highs,LTFarkas,1,761,2103.071515,2130,1.220657275,2103.697946,0.626430963,124,1036,29.108638,86.458144,115.901079,66268,2276.575084,5.554988155,1,0,"{timeout:3600,max_col_multiplier:1,age_limit:6,random_seed:0,replication:1,num_threads:128}",1
new15900_1_edc.json.gz,77037,n,15,900,LagrangeTemplate,highs,LTFarkas,1,833,77036.03553,77063,0.033738629,77036.29003,0.254502243,71,958,21.069316,4.540172,25.831429,60818,2886.567366,4.777924232,1,0,"{timeout:3600,max_col_multiplier:1,age_limit:6,random_seed:0,replication:1,num_threads:128}",1
new15900_10_aaa.json.gz,151735,n,15,900,LagrangeTemplate,highs,LTFarkas,1,1091,151734.2012,152526,0.518600098,151734.7186,0.517387439,103,937,44.81826,55.25698,100.452943,91489,2041.333153,5.766087869,1,0,"{timeout:3600,max_col_multiplier:1,age_limit:6,random_seed:0,replication:1,num_threads:128}",1
new15900_11_eaa.json.gz,61447,n,15,900,LagrangeTemplate,highs,LTFarkas,1,253,61446.5,61447,0,61447,0.5,15,922,0.823421,0.318316,1.207546,2747,3336.082029,1.621083988,1,0,"{timeout:3600,max_col_multiplier:1,age_limit:6,random_seed:0,replication:1,num_threads:128}",1
new15900_12_ada.json.gz,176096,n,15,900,LagrangeTemplate,highs,LTFarkas,1,682,176096,176786,0.3903024,176096,165.0000001,124,1096,41.869713,114.903531,157.073977,43391,1036.333829,3.947185697,1,0,"{timeout:3600,max_col_multiplier:1,age_limit:6,random_seed:0,replication:1,num_threads:128}",1
new15900_13_ada.json.gz,48369,n,15,900,LagrangeTemplate,highs,LTFarkas,1,964,48368.00679,48720,0.72044335,48368.11492,0.108125368,143,1010,42.938893,68.502418,111.798808,61447,1431.033632,4.093721197,1,0,"{timeout:3600,max_col_multiplier:1,age_limit:6,random_seed:0,replication:1,num_threads:128}",1
new15900_14_adc.json.gz,263992,n,15,900,LagrangeTemplate,highs,LTFarkas,1,989,263991.116,264866,0.329978178,263991.9463,0.830327977,156,1030,66.385006,152.92711,219.697134,64209,967.2214235,4.138780727,1,0,"{timeout:3600,max_col_multiplier:1,age_limit:6,random_seed:0,replication:1,num_threads:128}",1
new15900_15_eea.json.gz,32932,n,15,900,LagrangeTemplate,highs,LTFarkas,1,827,32931.07296,33204,0.819178412,32931.79185,0.718897152,106,1041,23.602421,10.112249,33.951625,43207,1830.617291,3.342849545,1,0,"{timeout:3600,max_col_multiplier:1,age_limit:6,random_seed:0,replication:1,num_threads:128}",1
new15900_16_eaa.json.gz,61021,n,15,900,LagrangeTemplate,highs,LTFarkas,1,0,61021,61021,0,61021,0,0,0,0.040301,0.040301,0.02849,900,,,1,0,"{timeout:3600,max_col_multiplier:1,age_limit:6,random_seed:0,replication:1,num_threads:128}",1
new15900_17_eac.json.gz,38730,n,15,900,LagrangeTemplate,highs,LTFarkas,1,702,38729.05262,38781,0.131507697,38729.32227,0.269648386,83,922,13.82728,1.640396,15.614899,28615,2069.459793,2.774146763,1,0,"{timeout:3600,max_col_multiplier:1,age_limit:6,random_seed:0,replication:1,num_threads:128}",1
new15900_18_edc.json.gz,78171,n,15,900,LagrangeTemplate,highs,LTFarkas,1,959,78170.03657,78175,0.005116721,78170.84894,0.81236182,80,990,29.619212,4.887889,34.760866,77683,2622.723386,5.264120331,1,0,"{timeout:3600,max_col_multiplier:1,age_limit:6,random_seed:0,replication:1,num_threads:128}",1
new15900_19_eda.json.gz,63163,n,15,900,LagrangeTemplate,highs,LTFarkas,1,1107,63162.07786,63236,0.115440572,63162.89972,0.821866872,89,1054,30.27399,11.122976,41.674556,58390,1928.718349,3.418139049,1,0,"{timeout:3600,max_col_multiplier:1,age_limit:6,random_seed:0,replication:1,num_threads:128}",1
new15900_2_edc.json.gz,79351,n,15,900,LagrangeTemplate,highs,LTFarkas,1,795,79350.00912,79402,0.06423012,79350.02763,0.018508584,77,956,18.005844,3.369383,21.586884,38339,2129.253147,3.116380377,1,0,"{timeout:3600,max_col_multiplier:1,age_limit:6,random_seed:0,replication:1,num_threads:128}",1
new15900_20_aec.json.gz,1281,n,15,900,LagrangeTemplate,highs,LTFarkas,1,648,1280.022626,1301,1.537279016,1280.776765,0.754139491,118,1063,24.292644,61.323108,85.946696,43076,1773.211677,4.142431717,1,0,"{timeout:3600,max_col_multiplier:1,age_limit:6,random_seed:0,replication:1,num_threads:128}",1
new15900_21_eaa.json.gz,37895,n,15,900,LagrangeTemplate,highs,LTFarkas,1,159,37894.5,37895,0,37895,0.5,15,926,0.428726,0.167322,0.640956,2219,5175.799928,1.37881891,1,0,"{timeout:3600,max_col_multiplier:1,age_limit:6,random_seed:0,replication:1,num_threads:128}",1
new15900_22_aaa.json.gz,77953,n,15,900,LagrangeTemplate,highs,LTFarkas,1,678,77952.0974,78622.99998,0.85216791,77952.7245,0.627100641,110,953,23.471505,32.616481,56.341844,42050,1791.534032,3.946795602,1,0,"{timeout:3600,max_col_multiplier:1,age_limit:6,random_seed:0,replication:1,num_threads:128}",1
new15900_23_aac.json.gz,47664,n,15,900,LagrangeTemplate,highs,LTFarkas,1,910,47663.01062,47705.99999,0.088039216,47663.09444,0.083823519,96,922,30.694877,29.011445,60.04727,72987,2377.823505,5.247318591,1,0,"{timeout:3600,max_col_multiplier:1,age_limit:6,random_seed:0,replication:1,num_threads:128}",1
new15900_24_edc.json.gz,78852,n,15,900,LagrangeTemplate,highs,LTFarkas,1,754,78851.01626,78869,0.02155473,78851.68382,0.667568299,60,995,20.263133,3.438338,23.907039,59049,2914.110074,5.097792695,1,0,"{timeout:3600,max_col_multiplier:1,age_limit:6,random_seed:0,replication:1,num_threads:128}",1
new15900_25_ada.json.gz,112288,n,15,900,LagrangeTemplate,highs,LTFarkas,1,913,112287.0108,112653,0.324003799,112287.2653,0.254467482,149,1064,49.259535,75.428174,125.049845,62743,1273.722945,4.374373256,1,0,"{timeout:3600,max_col_multiplier:1,age_limit:6,random_seed:0,replication:1,num_threads:128}",1
new15900_26_adc.json.gz,105234,n,15,900,LagrangeTemplate,highs,LTFarkas,1,985,105233.0014,105529,0.279544012,105233.0063,0.004918342,132,922,52.443256,95.622044,148.415982,66853,1274.768294,4.378035354,1,0,"{timeout:3600,max_col_multiplier:1,age_limit:6,random_seed:0,replication:1,num_threads:128}",1
new15900_27_aec.json.gz,25932,n,15,900,LagrangeTemplate,highs,LTFarkas,1,737,25931.01547,26241,1.177546587,25931.37979,0.364317244,116,964,30.982864,35.319877,66.657732,43891,1416.621782,3.598508997,1,0,"{timeout:3600,max_col_multiplier:1,age_limit:6,random_seed:0,replication:1,num_threads:128}",1
new15900_28_eea.json.gz,37626,n,15,900,LagrangeTemplate,highs,LTFarkas,1,793,37625.12349,37901,0.725574523,37625.69646,0.572971093,109,1007,20.670576,10.601217,31.560245,34239,1656.412477,2.725310986,1,0,"{timeout:3600,max_col_multiplier:1,age_limit:6,random_seed:0,replication:1,num_threads:128}",1
new15900_29_adc.json.gz,346388,n,15,900,LagrangeTemplate,highs,LTFarkas,1,884,346387.0921,347485,0.31569708,346387.1754,0.083229408,139,971,47.225626,92.35562,139.907332,60977,1291.184578,4.398462286,1,0,"{timeout:3600,max_col_multiplier:1,age_limit:6,random_seed:0,replication:1,num_threads:128}",1
new15900_3_adc.json.gz,133683,n,15,900,LagrangeTemplate,highs,LTFarkas,1,838,133682.0042,134142,0.34217471,133682.2,0.195828147,118,953,37.953354,41.872232,80.145478,56245,1481.950712,4.247729121,1,0,"{timeout:3600,max_col_multiplier:1,age_limit:6,random_seed:0,replication:1,num_threads:128}",1
new15900_30_eaa.json.gz,32452,n,15,900,LagrangeTemplate,highs,LTFarkas,1,0,32452,32452,0,32452,0,0,0,0.035775,0.035775,0.025101,900,,,1,0,"{timeout:3600,max_col_multiplier:1,age_limit:6,random_seed:0,replication:1,num_threads:128}",1
new15900_31_aac.json.gz,211212,n,15,900,LagrangeTemplate,highs,LTFarkas,1,638,211211.979,213191,0.928275584,211211.9942,0.015192278,105,923,22.84277,45.918456,69.074762,35486,1553.489354,3.445707871,1,0,"{timeout:3600,max_col_multiplier:1,age_limit:6,random_seed:0,replication:1,num_threads:128}",1
new15900_32_edc.json.gz,76177,n,15,900,LagrangeTemplate,highs,LTFarkas,1,826,76176.04551,76201,0.031495646,76176.39301,0.347496169,89,1042,25.766837,4.847051,30.860588,60079,2331.640473,4.688389839,1,0,"{timeout:3600,max_col_multiplier:1,age_limit:6,random_seed:0,replication:1,num_threads:128}",1
new15900_33_aaa.json.gz,87301,n,15,900,LagrangeTemplate,highs,LTFarkas,1,654,87300.05245,87807,0.576263848,87300.76331,0.710863519,105,922,18.667159,17.159308,36.076754,42084,2254.440539,4.131166153,1,0,"{timeout:3600,max_col_multiplier:1,age_limit:6,random_seed:0,replication:1,num_threads:128}",1
new15900_34_eaa.json.gz,33448,n,15,900,LagrangeTemplate,highs,LTFarkas,1,548,33447.004,33448,1.65E-12,33448,0.995997611,15,980,4.978955,1.209591,6.308497,17028,3419.994758,2.422005029,1,0,"{timeout:3600,max_col_multiplier:1,age_limit:6,random_seed:0,replication:1,num_threads:128}",1
new15900_35_edc.json.gz,77158,n,15,900,LagrangeTemplate,highs,LTFarkas,1,1277,77157.10393,77173.99999,0.02073236,77157.59206,0.488124236,88,1011,66.273413,7.723912,74.316974,185062,2792.401834,9.572768647,1,0,"{timeout:3600,max_col_multiplier:1,age_limit:6,random_seed:0,replication:1,num_threads:128}",1
new15900_4_eea.json.gz,40891,n,15,900,LagrangeTemplate,highs,LTFarkas,1,828,40890.01852,41111,0.535136581,40890.41294,0.394415267,95,987,21.745599,11.735106,33.760137,47381,2178.877666,3.657608719,1,0,"{timeout:3600,max_col_multiplier:1,age_limit:6,random_seed:0,replication:1,num_threads:128}",1
new15900_5_adc.json.gz,161078,n,15,900,LagrangeTemplate,highs,LTFarkas,1,902,161077.0697,161807,0.450536751,161077.7191,0.649444761,146,1022,52.905514,132.075445,185.338994,59802,1130.354768,4.192815632,1,0,"{timeout:3600,max_col_multiplier:1,age_limit:6,random_seed:0,replication:1,num_threads:128}",1
new15900_6_eea.json.gz,31873,n,15,900,LagrangeTemplate,highs,LTFarkas,1,825,31872.06194,32075,0.629773967,31872.81495,0.753006242,96,990,22.168716,9.707405,32.092251,60291,2719.643303,4.734199114,1,0,"{timeout:3600,max_col_multiplier:1,age_limit:6,random_seed:0,replication:1,num_threads:128}",1
new15900_7_eea.json.gz,42187,n,15,900,LagrangeTemplate,highs,LTFarkas,1,783,42186.02678,42432,0.577394419,42186.65027,0.623491738,99,948,20.256518,10.118275,30.621525,40552,2001.923529,3.275930501,1,0,"{timeout:3600,max_col_multiplier:1,age_limit:6,random_seed:0,replication:1,num_threads:128}",1
new15900_9_eaa.json.gz,54249,n,15,900,LagrangeTemplate,highs,LTFarkas,1,297,54249,54254,0.00921591,54249,0,25,927,1.063907,0.493144,1.616281,3472,3263.443139,1.532383357,1,0,"{timeout:3600,max_col_multiplier:1,age_limit:6,random_seed:0,replication:1,num_threads:128}",1
new1603200_0_aac.json.gz,42650,n,160,3200,LagrangeTemplate,highs,LTFarkas,1,494,42649.07015,43079,0.995844843,42649.21914,0.148990544,1043,3404,147.508589,18.116325,173.403095,527646,3577.052723,6.522295547,1,0,"{timeout:3600,max_col_multiplier:1,age_limit:2,random_seed:0,replication:1,num_threads:128}",1
new1603200_0_aea.json.gz,17053,n,160,3200,LagrangeTemplate,highs,LTFarkas,1,577,17053,17053,0,17053,2822.928571,160,3552,9.192387,6.011773,17.36296,42835,4659.834274,0.40319409,1,0,"{timeout:3600,max_col_multiplier:1,age_limit:2,random_seed:0,replication:1,num_threads:128}",1
new1603200_1_aac.json.gz,41851,n,160,3200,LagrangeTemplate,highs,LTFarkas,1,404,41850.02167,42060,0.496909177,41850.07745,0.055774392,845,3365,69.608201,5.3114,79.503122,286096,4110.090419,4.554270947,1,0,"{timeout:3600,max_col_multiplier:1,age_limit:2,random_seed:0,replication:1,num_threads:128}",1
new1603200_1_adc.json.gz,288200,n,160,3200,LagrangeTemplate,highs,LTFarkas,1,1063,288200,291619,1.172420178,288200,123.0000015,1228,3963,278.681898,304.454276,596.159181,739732,2654.395586,4.256515198,1,0,"{timeout:3600,max_col_multiplier:1,age_limit:2,random_seed:0,replication:1,num_threads:128}",1
new1603200_10_ada.json.gz,204482,n,160,3200,LagrangeTemplate,highs,LTFarkas,1,1003,204482,212319,3.691143986,204482,32.20000204,1442,4019,518.653691,2076.607808,2607.449485,955407,1842.090429,5.855010117,1,0,"{timeout:3600,max_col_multiplier:1,age_limit:2,random_seed:0,replication:1,num_threads:128}",1
new1603200_10_eea.json.gz,49925,n,160,3200,LagrangeTemplate,highs,LTFarkas,1,1433,49924.11511,50986,2.080963402,49924.50945,0.394334708,1174,3523,175.555302,19.080617,202.472479,697277,3971.836749,3.036938098,1,0,"{timeout:3600,max_col_multiplier:1,age_limit:2,random_seed:0,replication:1,num_threads:128}",1
new1603200_11_aea.json.gz,3200,n,160,3200,LagrangeTemplate,highs,LTFarkas,1,0,3200,3200,0,3200,0,0,0,1.149923,1.149923,1.036919,3200,,,1,0,"{timeout:3600,max_col_multiplier:1,age_limit:2,random_seed:0,replication:1,num_threads:128}",1
new1603200_11_edc.json.gz,275415,n,160,3200,LagrangeTemplate,highs,LTFarkas,1,440,275415,275636,0.080178206,275415,25882.50001,673,4123,77.27613,3.880744,88.784151,248213,3212.026793,3.352862806,1,0,"{timeout:3600,max_col_multiplier:1,age_limit:2,random_seed:0,replication:1,num_threads:128}",1
new1603200_12_ada.json.gz,5206,n,160,3200,LagrangeTemplate,highs,LTFarkas,1,660,5206,5213,0.134279685,5206,74.375,376,3783,51.751898,98.176989,152.837304,246133,4756.018803,2.30167216,1,0,"{timeout:3600,max_col_multiplier:1,age_limit:2,random_seed:0,replication:1,num_threads:128}",1
new1603200_12_eec.json.gz,479680,n,160,3200,LagrangeTemplate,highs,LTFarkas,1,1626,479679.1954,479734,0.011256238,479679.767,0.571598544,901,3387,779.535506,41.872448,853.420642,1876774,2407.554224,7.179371883,1,0,"{timeout:3600,max_col_multiplier:1,age_limit:2,random_seed:0,replication:1,num_threads:128}",1
new1603200_13_ada.json.gz,3224,n,160,3200,LagrangeTemplate,highs,LTFarkas,1,0,3224,3224,0,3224,0,0,0,1.14583,1.14583,1.028131,3200,,,1,0,"{timeout:3600,max_col_multiplier:1,age_limit:2,random_seed:0,replication:1,num_threads:128}",1
new1603200_13_aea.json.gz,3200,n,160,3200,LagrangeTemplate,highs,LTFarkas,1,0,3200,3200,0,3200,0,0,0,1.150503,1.150503,1.038823,3200,,,1,0,"{timeout:3600,max_col_multiplier:1,age_limit:2,random_seed:0,replication:1,num_threads:128}",1
new1603200_14_aac.json.gz,129199,n,160,3200,LagrangeTemplate,highs,LTFarkas,1,381,129198.0052,136514,5.358424777,129198.0052,0,1020,3362,108.071553,25.870268,143.113289,410110,3794.800654,6.664212156,1,0,"{timeout:3600,max_col_multiplier:1,age_limit:2,random_seed:0,replication:1,num_threads:128}",1
new1603200_14_eac.json.gz,38679,n,160,3200,LagrangeTemplate,highs,LTFarkas,1,552,38678.51707,38706,0.069756627,38678.86562,0.348548571,594,3403,37.934689,2.668735,43.501737,197423,5204.286768,2.321004013,1,0,"{timeout:3600,max_col_multiplier:1,age_limit:2,random_seed:0,replication:1,num_threads:128}",1
new1603200_15_eec.json.gz,493996,n,160,3200,LagrangeTemplate,highs,LTFarkas,1,1354,493995.6,494007,0.002226689,493995.6,0,373,3366,329.206654,32.557848,392.26393,1083472,3291.160694,5.032005894,1,0,"{timeout:3600,max_col_multiplier:1,age_limit:2,random_seed:0,replication:1,num_threads:128}",1
new1603200_16_eac.json.gz,40193,n,160,3200,LagrangeTemplate,highs,LTFarkas,1,382,40192.07084,40323,0.322396647,40192.2616,0.190757206,698,3390,40.85228,1.826841,45.853308,196560,4811.481758,3.306334395,1,0,"{timeout:3600,max_col_multiplier:1,age_limit:2,random_seed:0,replication:1,num_threads:128}",1
new1603200_16_eda.json.gz,173299,n,160,3200,LagrangeTemplate,highs,LTFarkas,1,4596,173298.0168,174142,0.484087699,173298.3658,0.349092458,1057,3496,467.511151,105.17732,586.182132,1684962,3604.110825,2.288475069,1,0,"{timeout:3600,max_col_multiplier:1,age_limit:2,random_seed:0,replication:1,num_threads:128}",1
new1603200_17_eac.json.gz,33363,n,160,3200,LagrangeTemplate,highs,LTFarkas,1,490,33362.09262,33387,0.071884266,33362.90537,0.812746236,737,3617,52.374514,2.340789,58.082058,243844,4655.775899,3.120024591,1,0,"{timeout:3600,max_col_multiplier:1,age_limit:2,random_seed:0,replication:1,num_threads:128}",1
new1603200_17_eda.json.gz,166234,n,160,3200,LagrangeTemplate,highs,LTFarkas,1,3385,166233.0792,167238,0.600342027,166233.9749,0.895673739,1061,3640,397.466016,78.575483,486.945865,1410798,3549.480819,2.601411608,1,0,"{timeout:3600,max_col_multiplier:1,age_limit:2,random_seed:0,replication:1,num_threads:128}",1
new1603200_18_eda.json.gz,163108,n,160,3200,LagrangeTemplate,highs,LTFarkas,1,3574,163107.2661,164333,0.745437618,163107.5488,0.28267105,1059,3533,409.693032,89.002049,510.198834,1399689,3416.433502,2.447530354,1,0,"{timeout:3600,max_col_multiplier:1,age_limit:2,random_seed:0,replication:1,num_threads:128}",1
new1603200_18_edc.json.gz,269799,n,160,3200,LagrangeTemplate,highs,LTFarkas,1,642,269799,270119,0.118466306,269799,452.7830776,836,4179,124.680707,6.146856,138.913239,369214,2961.276118,3.492077979,1,0,"{timeout:3600,max_col_multiplier:1,age_limit:2,random_seed:0,replication:1,num_threads:128}",1
new1603200_19_adc.json.gz,505353,n,160,3200,LagrangeTemplate,highs,LTFarkas,1,653,505353,510223,0.954484608,505353,612.5000016,1301,4273,264.351843,482.220556,756.300528,593479,2245.034471,5.519970562,1,0,"{timeout:3600,max_col_multiplier:1,age_limit:2,random_seed:0,replication:1,num_threads:128}",1
new1603200_19_eec.json.gz,363636,n,160,3200,LagrangeTemplate,highs,LTFarkas,1,1579,363635.4,363657,0.005774672,363636,0.599999997,353,3590,613.642205,56.156998,698.820943,1637604,2668.662596,7.033758127,1,0,"{timeout:3600,max_col_multiplier:1,age_limit:2,random_seed:0,replication:1,num_threads:128}",1
new1603200_2_edc.json.gz,264237,n,160,3200,LagrangeTemplate,highs,LTFarkas,1,955,264237,264604,0.138697827,264237,471.9000024,921,4189,204.076528,9.340764,222.307657,556544,2727.133813,3.564327275,1,0,"{timeout:3600,max_col_multiplier:1,age_limit:2,random_seed:0,replication:1,num_threads:128}",1
new1603200_2_eea.json.gz,47506,n,160,3200,LagrangeTemplate,highs,LTFarkas,1,1412,47505.03745,48426,1.899805889,47505.0929,0.055449882,1129,3474,174.141276,18.118692,199.537078,704804,4047.311563,3.123381681,1,0,"{timeout:3600,max_col_multiplier:1,age_limit:2,random_seed:0,replication:1,num_threads:128}",1
new1603200_20_aac.json.gz,46413,n,160,3200,LagrangeTemplate,highs,LTFarkas,1,433,46412.10571,46511,0.210702844,46412.54462,0.438908335,735,3398,47.855016,14.292085,65.349459,229083,4787.021699,3.359728344,1,0,"{timeout:3600,max_col_multiplier:1,age_limit:2,random_seed:0,replication:1,num_threads:128}",1
new1603200_20_eaa.json.gz,43665,n,160,3200,LagrangeTemplate,highs,LTFarkas,1,19097,43664.16667,43665,0,43665,0.833333333,160,3366,813.986315,111.114205,958.671266,4112181,5051.904343,1.347659754,1,0,"{timeout:3600,max_col_multiplier:1,age_limit:2,random_seed:0,replication:1,num_threads:128}",1
new1603200_21_eda.json.gz,149449,n,160,3200,LagrangeTemplate,highs,LTFarkas,1,2856,149448.1667,150696,0.827493762,149448.8102,0.64349857,1089,3447,292.238493,53.282718,354.749867,1104306,3778.783516,2.427162602,1,0,"{timeout:3600,max_col_multiplier:1,age_limit:2,random_seed:0,replication:1,num_threads:128}",1
new1603200_22_aea.json.gz,3200,n,160,3200,LagrangeTemplate,highs,LTFarkas,1,0,3200,3200,0,3200,0,0,0,1.157643,1.157643,1.040826,3200,,,1,0,"{timeout:3600,max_col_multiplier:1,age_limit:2,random_seed:0,replication:1,num_threads:128}",1
new1603200_22_eea.json.gz,60314,n,160,3200,LagrangeTemplate,highs,LTFarkas,1,1405,60313.09164,61431,1.818300207,60313.74128,0.649644462,1151,3555,203.532954,20.609434,233.473958,773972,3802.686419,3.446090624,1,0,"{timeout:3600,max_col_multiplier:1,age_limit:2,random_seed:0,replication:1,num_threads:128}",1
new1603200_23_adc.json.gz,1024508,n,160,3200,LagrangeTemplate,highs,LTFarkas,1,805,1024508,1031277,0.656370694,1024508,689.2000072,1324,4037,333.782189,930.959549,1276.092892,683362,2047.329134,5.208890414,1,0,"{timeout:3600,max_col_multiplier:1,age_limit:2,random_seed:0,replication:1,num_threads:128}",1
new1603200_23_aec.json.gz,50376,n,160,3200,LagrangeTemplate,highs,LTFarkas,1,651,50375.13786,51941,3.013034019,50375.44561,0.307742041,1143,3510,223.782212,185.490293,423.706678,763514,3411.861887,7.18386933,1,0,"{timeout:3600,max_col_multiplier:1,age_limit:2,random_seed:0,replication:1,num_threads:128}",1
new1603200_24_aec.json.gz,64754,n,160,3200,LagrangeTemplate,highs,LTFarkas,1,574,64753.09984,66520,2.654840649,64753.35543,0.255585049,1135,3509,249.100174,156.951906,423.817414,721323,2895.714557,7.809028721,1,0,"{timeout:3600,max_col_multiplier:1,age_limit:2,random_seed:0,replication:1,num_threads:128}",1
new1603200_24_eac.json.gz,39223,n,160,3200,LagrangeTemplate,highs,LTFarkas,1,455,39222.03661,39257,0.086608758,39222.65669,0.620077954,669,3391,39.023141,2.230517,44.255732,198157,5077.935679,2.783530714,1,0,"{timeout:3600,max_col_multiplier:1,age_limit:2,random_seed:0,replication:1,num_threads:128}",1
new1603200_25_aaa.json.gz,57225,n,160,3200,LagrangeTemplate,highs,LTFarkas,1,311,57224.19494,57930,1.216986018,57224.24163,0.046688953,856,3376,50.434313,6.274317,60.405181,226972,4500.3488,4.553004643,1,0,"{timeout:3600,max_col_multiplier:1,age_limit:2,random_seed:0,replication:1,num_threads:128}",1
new1603200_25_adc.json.gz,1033557,n,160,3200,LagrangeTemplate,highs,LTFarkas,1,717,1033557,1040920,0.707355032,1033557,139.5000125,1395,4089,356.565675,796.340315,1163.057297,702905,1971.31987,5.9990792,1,0,"{timeout:3600,max_col_multiplier:1,age_limit:2,random_seed:0,replication:1,num_threads:128}",1
new1603200_26_eaa.json.gz,36514,n,160,3200,LagrangeTemplate,highs,LTFarkas,1,19974,36513.3,36514,0,36514,0.7,160,3366,786.947199,108.241616,930.047369,4095740,5204.593148,1.281353603,1,0,"{timeout:3600,max_col_multiplier:1,age_limit:2,random_seed:0,replication:1,num_threads:128}",1
new1603200_26_eac.json.gz,47444,n,160,3200,LagrangeTemplate,highs,LTFarkas,1,445,47443.05335,47520,0.15993266,47443.18255,0.129200957,685,3370,39.628266,2.147759,44.689785,196525,4959.212699,2.850085622,1,0,"{timeout:3600,max_col_multiplier:1,age_limit:2,random_seed:0,replication:1,num_threads:128}",1
new1603200_27_aaa.json.gz,58130,n,160,3200,LagrangeTemplate,highs,LTFarkas,1,377,58129.03715,59049,1.55633457,58129.47433,0.437173634,953,3368,86.321974,7.560822,98.521738,352406,4082.459931,5.808355612,1,0,"{timeout:3600,max_col_multiplier:1,age_limit:2,random_seed:0,replication:1,num_threads:128}",1
new1603200_27_eec.json.gz,532113,n,160,3200,LagrangeTemplate,highs,LTFarkas,1,1468,532112.5583,532153,0.007516635,532113,0.441666668,328,3615,558.726232,36.216072,626.726801,1504554,2692.828641,6.604396999,1,0,"{timeout:3600,max_col_multiplier:1,age_limit:2,random_seed:0,replication:1,num_threads:128}",1
new1603200_28_adc.json.gz,453625,n,160,3200,LagrangeTemplate,highs,LTFarkas,1,686,453625,458239,1.006898147,453625,780.0000014,1234,4215,255.141872,574.38456,840.667802,559626,2193.391448,4.955720082,1,0,"{timeout:3600,max_col_multiplier:1,age_limit:2,random_seed:200,replication:1,num_threads:128}",1
new1603200_28_eec.json.gz,750289,n,160,3200,LagrangeTemplate,highs,LTFarkas,1,1107,750289,750329,0.005330995,750289,0,416,3457,419.826726,21.612072,471.762635,1133791,2700.61654,6.562959079,1,0,"{timeout:3600,max_col_multiplier:1,age_limit:2,random_seed:0,replication:1,num_threads:128}",1
new1603200_29_aea.json.gz,3200,n,160,3200,LagrangeTemplate,highs,LTFarkas,1,0,3200,3200,0,3200,0,0,0,1.169855,1.169855,1.052819,3200,,,1,0,"{timeout:3600,max_col_multiplier:1,age_limit:2,random_seed:0,replication:1,num_threads:128}",1
new1603200_29_eea.json.gz,60281,n,160,3200,LagrangeTemplate,highs,LTFarkas,1,1449,60280.09537,61840,2.521021992,60280.76474,0.669371967,1157,3575,221.868627,21.31408,252.367091,818186,3687.704797,3.519810959,1,0,"{timeout:3600,max_col_multiplier:1,age_limit:2,random_seed:0,replication:1,num_threads:128}",1
new1603200_3_eaa.json.gz,37928,n,160,3200,LagrangeTemplate,highs,MTFarkas,1,97,37927.10714,37928,0,37928,303.25,160,3532,0.636639,0.827291,2.532469,11460,18000.78223,0.518137492,1,0,"{timeout:-1,max_col_multiplier:1,age_limit:2,random_seed:0,replication:1,num_threads:128}",1
new1603200_3_eec.json.gz,372436,n,160,3200,LagrangeTemplate,highs,LTFarkas,1,1247,372435.4697,372500,0.017181208,372435.5227,0.053030327,594,3418,473.026246,39.561585,541.221517,1401225,2962.256348,6.976981597,1,0,"{timeout:3600,max_col_multiplier:1,age_limit:2,random_seed:0,replication:1,num_threads:128}",1
new1603200_30_eaa.json.gz,32734,n,160,3200,LagrangeTemplate,highs,LTFarkas,1,0,32734,32734,0,32734,0,0,0,1.155437,1.155436,1.042085,3200,,,1,0,"{timeout:3600,max_col_multiplier:1,age_limit:2,random_seed:0,replication:1,num_threads:128}",1
new1603200_30_eec.json.gz,472497,n,160,3200,LagrangeTemplate,highs,LTFarkas,1,2149,472496.6667,472507,0.002116371,472497,0.333333356,560,3491,875.233506,58.484266,964.152037,2140933,2446.127788,6.405507455,1,0,"{timeout:3600,max_col_multiplier:1,age_limit:2,random_seed:0,replication:1,num_threads:128}",1
new1603200_31_ada.json.gz,208002,n,160,3200,LagrangeTemplate,highs,LTFarkas,1,935,208002,215541,3.497710412,208002,171.1250125,1422,4111,432.474869,1579.137308,2021.915384,838336,1938.46177,5.506582063,1,0,"{timeout:3600,max_col_multiplier:1,age_limit:2,random_seed:0,replication:1,num_threads:128}",1
new1603200_31_aec.json.gz,45037,n,160,3200,LagrangeTemplate,highs,LTFarkas,1,533,45036.1883,46650,3.457663451,45036.7224,0.534099315,1191,3664,258.5368,194.031391,471.139939,786966,3043.922567,8.784502166,1,0,"{timeout:3600,max_col_multiplier:1,age_limit:2,random_seed:0,replication:1,num_threads:128}",1
new1603200_32_ada.json.gz,145009,n,160,3200,LagrangeTemplate,highs,LTFarkas,1,1504,145008.1001,153229,5.364519771,145008.4688,0.3687947,1553,3727,775.555847,2123.111866,2908.54368,1528950,1971.424761,6.336076329,1,0,"{timeout:3600,max_col_multiplier:1,age_limit:2,random_seed:0,replication:1,num_threads:128}",1
new1603200_32_eda.json.gz,186083,n,160,3200,LagrangeTemplate,highs,LTFarkas,1,2921,186082.026,187629,0.823966444,186082.0587,0.032667497,1031,3418,358.705035,70.985559,440.924034,1305705,3640.052056,2.802780354,1,0,"{timeout:3600,max_col_multiplier:1,age_limit:2,random_seed:0,replication:1,num_threads:128}",1
new1603200_33_ada.json.gz,4110,n,160,3200,LagrangeTemplate,highs,LTFarkas,1,499,4110,4116,0.145772595,4110,1146.270143,162,3504,27.473855,49.234156,78.939527,147728,5377.039371,1.769633213,1,0,"{timeout:3600,max_col_multiplier:1,age_limit:2,random_seed:0,replication:1,num_threads:128}",1
new1603200_33_eac.json.gz,50570,n,160,3200,LagrangeTemplate,highs,LTFarkas,1,351,50569.28218,50731,0.317360194,50569.47927,0.197089125,729,3428,50.800215,1.722456,56.436499,213126,4195.375945,3.860328308,1,0,"{timeout:3600,max_col_multiplier:1,age_limit:2,random_seed:0,replication:1,num_threads:128}",1
new1603200_34_aaa.json.gz,49913,n,160,3200,LagrangeTemplate,highs,LTFarkas,1,422,49912.0561,50059,0.291655846,49912.09201,0.035918236,780,3363,45.086956,11.6714,60.008424,216652,4805.203527,3.313306229,1,0,"{timeout:3600,max_col_multiplier:1,age_limit:2,random_seed:0,replication:1,num_threads:128}",1
new1603200_34_ada.json.gz,57164,n,160,3200,LagrangeTemplate,highs,LTFarkas,1,1249,57163.03912,59889,4.550084323,57163.08102,0.041906076,1275,3430,530.903814,1852.751489,2395.457492,1212117,2283.119782,6.059750141,1,0,"{timeout:3600,max_col_multiplier:1,age_limit:2,random_seed:0,replication:1,num_threads:128}",1
new1603200_35_aaa.json.gz,45112,n,160,3200,LagrangeTemplate,highs,LTFarkas,1,387,45111.01645,45305,0.426001545,45111.68609,0.669643228,787,3473,51.178013,9.68371,64.52611,245624,4799.404776,3.997545528,1,0,"{timeout:3600,max_col_multiplier:1,age_limit:2,random_seed:0,replication:1,num_threads:128}",1
new1603200_35_eda.json.gz,167334,n,160,3200,LagrangeTemplate,highs,LTFarkas,1,3353,167333.2192,168304,0.576338055,167333.4338,0.214576503,1060,3547,335.751134,74.854322,421.982931,1266875,3773.256057,2.360197402,1,0,"{timeout:3600,max_col_multiplier:1,age_limit:2,random_seed:0,replication:1,num_threads:128}",1
new1603200_4_aac.json.gz,54472,n,160,3200,LagrangeTemplate,highs,LTFarkas,1,346,54471.03245,55784,2.351928868,54471.20472,0.172262742,979,3438,73.527309,7.944838,86.840519,315584,4292.065143,5.634140198,1,0,"{timeout:3600,max_col_multiplier:1,age_limit:2,random_seed:0,replication:1,num_threads:128}",1
new1603200_4_edc.json.gz,272403,n,160,3200,LagrangeTemplate,highs,LTFarkas,1,480,272403,272736,0.122096093,272403,202.0000015,799,4080,98.689486,4.494445,110.757739,292283,2961.642743,3.643992181,1,0,"{timeout:3600,max_col_multiplier:1,age_limit:2,random_seed:0,replication:1,num_threads:128}",1
new1603200_5_adc.json.gz,709939,n,160,3200,LagrangeTemplate,highs,LTFarkas,1,730,709939,716237,0.879317879,709939,180.0000031,1323,4042,282.327766,801.21655,1093.76758,611307,2165.238682,5.107087919,1,0,"{timeout:3600,max_col_multiplier:1,age_limit:2,random_seed:0,replication:1,num_threads:128}",1
new1603200_5_eac.json.gz,46492,n,160,3200,LagrangeTemplate,highs,LTFarkas,1,520,46491.07661,46569,0.165346046,46491.48009,0.40348442,672,3404,39.039718,2.49549,44.526873,198658,5088.612577,2.515397928,1,0,"{timeout:3600,max_col_multiplier:1,age_limit:2,random_seed:0,replication:1,num_threads:128}",1
new1603200_6_aec.json.gz,59741,n,160,3200,LagrangeTemplate,highs,LTFarkas,1,466,59740.04514,61954,3.572005036,59740.4743,0.429157658,1156,3643,199.609658,143.887247,360.421263,687357,3443.505725,8.907836112,1,0,"{timeout:3600,max_col_multiplier:1,age_limit:2,random_seed:0,replication:1,num_threads:128}",1
new1603200_6_eac.json.gz,39503,n,160,3200,LagrangeTemplate,highs,LTFarkas,1,436,39502.17114,39539,0.091049344,39502.49003,0.318881974,740,3394,42.44564,2.141276,47.594789,206701,4869.781678,2.993381836,1,0,"{timeout:3600,max_col_multiplier:1,age_limit:2,random_seed:0,replication:1,num_threads:128}",1
new1603200_7_adc.json.gz,719979,n,160,3200,LagrangeTemplate,highs,LTFarkas,1,715,719979,725293,0.732669418,719979,111.5000014,1302,3947,270.851683,470.904358,751.090259,616560,2276.375,5.280256907,1,0,"{timeout:3600,max_col_multiplier:1,age_limit:2,random_seed:0,replication:1,num_threads:128}",1
new1603200_7_aec.json.gz,5264,n,160,3200,LagrangeTemplate,highs,LTFarkas,1,530,5263.018312,5808,9.366391185,5263.230098,0.211785684,1262,3527,214.472162,325.956223,556.478805,634691,2959.316464,7.524004817,1,0,"{timeout:3600,max_col_multiplier:1,age_limit:2,random_seed:0,replication:1,num_threads:128}",1
new1603200_8_eea.json.gz,57148,n,160,3200,LagrangeTemplate,highs,LTFarkas,1,1385,57147.15563,58173,1.761985801,57147.89789,0.742265787,1141,3601,191.920447,19.424062,219.917578,725905,3782.32237,3.269386681,1,0,"{timeout:3600,max_col_multiplier:1,age_limit:2,random_seed:0,replication:1,num_threads:128}",1
new1603200_8_eec.json.gz,572977,n,160,3200,LagrangeTemplate,highs,LTFarkas,1,1361,572976.8,573076,0.017275196,572977,0.200000004,442,3608,529.07326,31.936661,591.003016,1369063,2587.662434,6.550286283,1,0,"{timeout:3600,max_col_multiplier:1,age_limit:2,random_seed:0,replication:1,num_threads:128}",1
new1603200_9_eaa.json.gz,49441,n,160,3200,LagrangeTemplate,highs,LTFarkas,1,95,49440.02778,49441,0,49441,0.972222222,160,3347,0.71883,0.339607,2.276795,10235,14238.4152,1.204743389,1,0,"{timeout:3600,max_col_multiplier:1,age_limit:2,random_seed:0,replication:1,num_threads:128}",1
new1603200_9_eec.json.gz,502194,n,160,3200,LagrangeTemplate,highs,LTFarkas,1,1158,502193.5,502195,0.000199126,502195,1.500000001,160,3497,295.722863,26.651865,353.922108,938524,3173.660604,5.108312696,1,0,"{timeout:3600,max_col_multiplier:1,age_limit:2,random_seed:0,replication:1,num_threads:128}",1
new1604000_0_adc.json.gz,673384,n,160,4000,LagrangeTemplate,highs,LTFarkas,1,729,673384,676926,0.523247741,673384,672.0000022,1240,5114,507.225923,530.753672,1051.310522,807102,1591.208106,6.76227078,1,0,"{timeout:3600,max_col_multiplier:1,age_limit:3,random_seed:0,replication:1,num_threads:128}",1
new1604000_1_eac.json.gz,48175,n,160,4000,LagrangeTemplate,highs,LTFarkas,1,568,48174.19065,48227,0.107823418,48174.96356,0.772908826,730,4347,116.064565,3.631008,123.986312,370786,3194.652907,4.127042769,1,0,"{timeout:3600,max_col_multiplier:1,age_limit:3,random_seed:0,replication:1,num_threads:128}",1
new1604000_10_eaa.json.gz,50322,n,160,4000,LagrangeTemplate,highs,LTFarkas,1,2,50321.10464,50322,0,50322,2032522,160,320,0.021277,0.017057,1.531237,5447,256004.1359,17.021875,1,0,"{timeout:3600,max_col_multiplier:1,age_limit:3,random_seed:0,replication:1,num_threads:128}",1
new1604000_11_ada.json.gz,4664,n,160,4000,LagrangeTemplate,highs,LTFarkas,1,393,4664,4664,0,4664,2213.165398,160,4219,28.598555,59.639087,90.784245,125989,4405.432372,1.880656277,1,0,"{timeout:3600,max_col_multiplier:1,age_limit:3,random_seed:0,replication:1,num_threads:128}",1
new1604000_12_aea.json.gz,15550,n,160,4000,LagrangeTemplate,highs,LTFarkas,1,1030,15549.05274,16159,3.768797574,15549.44954,0.396800456,1347,4633,805.03804,318.334478,1133.527128,1528653,1898.858096,9.259196504,1,0,"{timeout:3600,max_col_multiplier:1,age_limit:3,random_seed:0,replication:1,num_threads:128}",1
new1604000_13_edc.json.gz,332970,n,160,4000,LagrangeTemplate,highs,LTFarkas,1,1029,332970,333266,0.088817941,332970,13984.13889,986,5490,456.06947,13.305247,481.67928,821710,1801.721128,4.900051628,1,0,"{timeout:3600,max_col_multiplier:1,age_limit:3,random_seed:0,replication:1,num_threads:128}",1
new1604000_14_eac.json.gz,54280,n,160,4000,LagrangeTemplate,highs,LTFarkas,1,371,54279.0285,54566,0.524135909,54279.8335,0.804999934,629,4215,154.002574,2.29387,162.52254,381403,2476.601463,6.482415321,1,0,"{timeout:3600,max_col_multiplier:1,age_limit:3,random_seed:0,replication:1,num_threads:128}",1
new1604000_15_aac.json.gz,60755,n,160,4000,LagrangeTemplate,highs,LTFarkas,1,574,60754.22782,61024,0.440810173,60754.84365,0.615825548,847,4401,137.476783,17.437512,160.058344,453828,3301.124671,5.021166551,1,0,"{timeout:3600,max_col_multiplier:1,age_limit:3,random_seed:0,replication:1,num_threads:128}",1
new1604000_16_ada.json.gz,4028,n,160,4000,LagrangeTemplate,highs,LTFarkas,1,0,4028,4028,0,4028,0,0,0,1.552828,1.552828,1.408476,4000,,,1,0,"{timeout:3600,max_col_multiplier:1,age_limit:3,random_seed:0,replication:1,num_threads:128}",1
new1604000_17_eea.json.gz,70594,n,160,4000,LagrangeTemplate,highs,LTFarkas,1,1800,70593.14988,71706,1.550776783,70593.53511,0.385231666,1206,4391,478.784516,44.534413,535.396442,1302975,2721.422595,4.513094979,1,0,"{timeout:3600,max_col_multiplier:1,age_limit:3,random_seed:0,replication:1,num_threads:128}",1
new1604000_18_eac.json.gz,67097,n,160,4000,LagrangeTemplate,highs,LTFarkas,1,491,67096.0544,67264,0.248275452,67096.13095,0.076550763,783,4177,128.297749,2.977554,135.999413,364086,2837.820639,4.815265538,1,0,"{timeout:3600,max_col_multiplier:1,age_limit:3,random_seed:0,replication:1,num_threads:128}",1
new1604000_19_eaa.json.gz,40170,n,160,4000,LagrangeTemplate,highs,LTFarkas,1,0,40170,40170,0,40170,0,0,0,1.555948,1.555948,1.418018,4000,,,1,0,"{timeout:3600,max_col_multiplier:1,age_limit:3,random_seed:0,replication:1,num_threads:128}",1
new1604000_2_eda.json.gz,219368,n,160,4000,LagrangeTemplate,highs,LTFarkas,1,5657,219367.158,220948,0.715100386,219367.5622,0.404159446,1086,4442,1045.002102,154.391919,1219.050803,2937594,2811.089082,3.242743787,1,0,"{timeout:3600,max_col_multiplier:1,age_limit:3,random_seed:0,replication:1,num_threads:128}",1
new1604000_20_adc.json.gz,506199,n,160,4000,LagrangeTemplate,highs,LTFarkas,1,688,506199,508899,0.530557144,506199,575.3055639,1235,5040,491.862787,552.33104,1059.447745,837470,1702.649646,7.423357653,1,0,"{timeout:3600,max_col_multiplier:1,age_limit:3,random_seed:0,replication:1,num_threads:128}",1
new1604000_21_aaa.json.gz,56093,n,160,4000,LagrangeTemplate,highs,LTFarkas,1,389,56092.26295,56597,0.890506564,56092.69037,0.427421577,989,4401,178.821509,11.520981,196.702176,467240,2612.884784,7.579906136,1,0,"{timeout:3600,max_col_multiplier:1,age_limit:3,random_seed:0,replication:1,num_threads:128}",1
new1604000_22_aec.json.gz,17666,n,160,4000,LagrangeTemplate,highs,LTFarkas,1,592,17665.06385,18646,5.255818942,17665.61462,0.550769458,1307,4607,642.861662,517.738472,1191.615192,1164307,1811.13149,12.07499198,1,0,"{timeout:3600,max_col_multiplier:1,age_limit:3,random_seed:0,replication:1,num_threads:128}",1
new1604000_23_aec.json.gz,4000,n,160,4000,LagrangeTemplate,highs,LTFarkas,1,150,4000,4000,0,4000,44299.5,160,2188,3.227243,9.464016,14.603456,24069,7458.068698,0.829815735,1,0,"{timeout:3600,max_col_multiplier:1,age_limit:3,random_seed:0,replication:1,num_threads:128}",1
new1604000_24_eaa.json.gz,48171,n,160,4000,LagrangeTemplate,highs,LTFarkas,1,143,48170.2,48171,0,48171,0.8,160,4154,2.024269,0.700858,4.460798,15493,7653.627062,0.912489419,1,0,"{timeout:3600,max_col_multiplier:1,age_limit:3,random_seed:0,replication:1,num_threads:128}",1
new1604000_25_edc.json.gz,333202,n,160,4000,LagrangeTemplate,highs,LTFarkas,1,845,333202,333647,0.133374495,333202,1429.575006,920,5311,308.607619,10.114117,330.375164,614961,1992.695456,4.44041605,1,0,"{timeout:3600,max_col_multiplier:1,age_limit:3,random_seed:0,replication:1,num_threads:128}",1
new1604000_26_eec.json.gz,503264,n,160,4000,LagrangeTemplate,highs,LTFarkas,1,1140,503263.3333,503364,0.019866339,503264,0.66666668,917,4429,1500.358313,59.609038,1602.130696,2317147,1544.395749,14.1402828,1,0,"{timeout:3600,max_col_multiplier:1,age_limit:3,random_seed:0,replication:1,num_threads:128}",1
new1604000_27_edc.json.gz,330762,n,160,4000,LagrangeTemplate,highs,LTFarkas,1,1163,330762,331050,0.086995922,330762,1334.89524,856,5274,590.880716,15.7189,619.144938,998991,1690.681339,5.295236227,1,0,"{timeout:3600,max_col_multiplier:1,age_limit:3,random_seed:0,replication:1,num_threads:128}",1
new1604000_28_aaa.json.gz,41911,n,160,4000,LagrangeTemplate,highs,LTFarkas,1,554,41910.06017,41938,0.064380753,41910.21324,0.153062053,812,4472,105.799436,12.733241,123.071779,355972,3364.592605,4.096628234,1,0,"{timeout:3600,max_col_multiplier:1,age_limit:3,random_seed:0,replication:1,num_threads:128}",1
new1604000_29_eea.json.gz,87130,n,160,4000,LagrangeTemplate,highs,LTFarkas,1,1601,87129.14102,88572,1.628054013,87129.96203,0.821011102,1165,4367,485.898893,44.950877,545.737953,1269892,2613.49021,4.936212395,1,0,"{timeout:3600,max_col_multiplier:1,age_limit:3,random_seed:0,replication:1,num_threads:128}",1
new1604000_3_eaa.json.gz,42119,n,160,4000,LagrangeTemplate,highs,LTFarkas,1,2,42119,42119,0,42119,2692163,160,320,0.021309,0.01904,1.546353,5446,255572.7627,17.01875,1,0,"{timeout:3600,max_col_multiplier:1,age_limit:3,random_seed:0,replication:1,num_threads:128}",1
new1604000_31_aec.json.gz,28958,n,160,4000,LagrangeTemplate,highs,LTFarkas,1,655,28957.04194,inf,nan,28957.94631,0.904362426,1320,4378,821.610938,522.043074,1396.492595,1508942,1836.565131,13.59639662,0,0,"{timeout:3600,max_col_multiplier:1,age_limit:3,random_seed:0,replication:1,num_threads:128}",1
new1604000_32_eaa.json.gz,46931,n,160,4000,LagrangeTemplate,highs,LTFarkas,1,2,46931,46931,0,46931,2240217,160,320,0.021329,0.017579,1.498774,5441,255098.6919,17.003125,1,0,"{timeout:3600,max_col_multiplier:1,age_limit:3,random_seed:0,replication:1,num_threads:128}",1
new1604000_34_eec.json.gz,460571,n,160,4000,LagrangeTemplate,highs,LTFarkas,1,1124,460571,460591,0.004342247,460571,0,558,4372,1214.797547,61.200119,1315.034355,2121331,1746.242413,12.33268106,1,0,"{timeout:3600,max_col_multiplier:1,age_limit:3,random_seed:0,replication:1,num_threads:128}",1
new1604000_35_eac.json.gz,46052,n,160,4000,LagrangeTemplate,highs,LTFarkas,1,400,46051.17237,46149,0.210188736,46051.72006,0.547693149,701,4236,131.08606,2.411742,139.27645,360153,2747.454611,5.653490648,1,0,"{timeout:3600,max_col_multiplier:1,age_limit:3,random_seed:0,replication:1,num_threads:128}",1
new1604000_4_aac.json.gz,63776,n,160,4000,LagrangeTemplate,highs,LTFarkas,1,490,63775.0017,63965,0.295474087,63775.12144,0.119741746,816,4292,116.791084,21.322308,142.743107,366965,3142.063481,4.797386153,1,0,"{timeout:3600,max_col_multiplier:1,age_limit:3,random_seed:0,replication:1,num_threads:128}",1
new1604000_5_aac.json.gz,44756,n,160,4000,LagrangeTemplate,highs,LTFarkas,1,392,44755.07773,44852,0.214037278,44755.9712,0.893471635,902,4592,117.439727,16.635357,139.446443,353549,3010.471916,5.636301168,1,0,"{timeout:3600,max_col_multiplier:1,age_limit:3,random_seed:0,replication:1,num_threads:128}",1
new1604000_6_eac.json.gz,44220,n,160,4000,LagrangeTemplate,highs,LTFarkas,1,406,44219.00071,44280,0.135501355,44219.20073,0.200022608,633,4275,147.212094,2.463532,156.635385,367636,2497.321993,5.792996302,1,0,"{timeout:3600,max_col_multiplier:1,age_limit:3,random_seed:0,replication:1,num_threads:128}",1
new1604000_7_aac.json.gz,64795,n,160,4000,LagrangeTemplate,highs,LTFarkas,1,367,64794.03604,65561,1.168377542,64794.3133,0.277264543,987,4222,152.118268,9.812285,168.01114,415576,2731.926977,7.136203732,1,0,"{timeout:3600,max_col_multiplier:1,age_limit:3,random_seed:0,replication:1,num_threads:128}",1
new1604000_8_adc.json.gz,819234,n,160,4000,LagrangeTemplate,highs,LTFarkas,1,918,819234,823977,0.575622863,819234,1026.081821,1280,5168,588.766916,1087.047967,1688.585627,941358,1598.863615,6.286135434,1,0,"{timeout:3600,max_col_multiplier:1,age_limit:3,random_seed:0,replication:1,num_threads:128}",1
new1604000_9_aaa.json.gz,61272,n,160,4000,LagrangeTemplate,highs,LTFarkas,1,489,61271.01632,61464,0.312377977,61271.61282,0.596508661,881,4325,142.637603,23.986124,171.918649,438784,3076.215463,5.679096611,1,0,"{timeout:3600,max_col_multiplier:1,age_limit:3,random_seed:0,replication:1,num_threads:128}",1
new1605000_0_aea.json.gz,5000,n,160,5000,LagrangeTemplate,highs,LTFarkas,1,0,5000,5000,0,5000,0,0,0,2.102695,2.102695,1.918844,5000,,,1,0,"{timeout:3600,max_col_multiplier:1,age_limit:3,random_seed:0,replication:1,num_threads:128}",1
new1605000_1_eaa.json.gz,52283,n,160,5000,LagrangeTemplate,highs,LTFarkas,1,0,52283,52283,0,52283,0,0,0,2.113925,2.113925,1.933319,5000,,,1,0,"{timeout:3600,max_col_multiplier:1,age_limit:3,random_seed:0,replication:1,num_threads:128}",1
new1605000_10_edc.json.gz,419318,n,160,5000,LagrangeTemplate,highs,LTFarkas,1,1399,419318,419751,0.103156395,419318,1250.166675,1176,6185,1333.238937,27.606854,1377.634921,1260102,945.1434136,5.536154396,1,0,"{timeout:3600,max_col_multiplier:1,age_limit:3,random_seed:0,replication:1,num_threads:128}",1
new1605000_11_ada.json.gz,5033,n,160,5000,LagrangeTemplate,highs,LTFarkas,1,0,5033,5033,0,5033,0,0,0,2.109627,2.109627,1.921051,5000,,,1,0,"{timeout:3600,max_col_multiplier:1,age_limit:3,random_seed:0,replication:1,num_threads:128}",1
new1605000_12_aec.json.gz,34934,n,160,5000,LagrangeTemplate,highs,LTFarkas,1,717,34933.18704,35916,2.734157478,34933.64719,0.460149116,1257,5414,1163.846692,723.672798,1910.397095,1162837,999.1324527,10.08498465,1,0,"{timeout:3600,max_col_multiplier:1,age_limit:3,random_seed:0,replication:1,num_threads:128}",1
new1605000_13_aac.json.gz,65971,n,160,5000,LagrangeTemplate,highs,LTFarkas,1,976,65970.04115,66070,0.149841078,65970.22891,0.187764794,901,5320,457.356801,19.929742,484.688874,867493,1896.753253,5.547730072,1,0,"{timeout:3600,max_col_multiplier:1,age_limit:3,random_seed:0,replication:1,num_threads:128}",1
new1605000_14_eea.json.gz,73535,n,160,5000,LagrangeTemplate,highs,LTFarkas,1,2731,73534.1017,74516,1.316495786,73534.47924,0.377534197,1256,5399,1006.09263,89.583679,1111.628008,1859186,1847.927263,4.242218498,1,0,"{timeout:3600,max_col_multiplier:1,age_limit:3,random_seed:0,replication:1,num_threads:128}",1
new1605000_15_eda.json.gz,261481,n,160,5000,LagrangeTemplate,highs,MTFarkas,1,1577,261480.0906,262855,0.522721652,261480.5689,0.478252084,1101,5570,854.753943,88.587851,953.181039,1181622,1382.411874,4.650931525,1,0,"{timeout:-1,max_col_multiplier:1,age_limit:3,random_seed:0,replication:1,num_threads:128}",1
new1605000_16_aaa.json.gz,59054,n,160,5000,LagrangeTemplate,highs,LTFarkas,1,593,59053.15329,59221,0.281994563,59053.87253,0.719242068,941,5219,318.745805,31.977063,358.286476,563185,1766.878155,5.943378921,1,0,"{timeout:3600,max_col_multiplier:1,age_limit:3,random_seed:0,replication:1,num_threads:128}",1
new1605000_17_aaa.json.gz,83414,n,160,5000,LagrangeTemplate,highs,LTFarkas,1,611,83413.02857,83695,0.335742876,83413.09741,0.068835775,936,5173,423.689871,11.514092,442.68483,698791,1649.298338,7.153196306,1,0,"{timeout:3600,max_col_multiplier:1,age_limit:3,random_seed:0,replication:1,num_threads:128}",1
new1605000_18_eaa.json.gz,68041,n,160,5000,LagrangeTemplate,highs,MTFarkas,1,184,68040.75,68041,0,68041,0.25,160,5171,3.494988,7.304117,12.871539,17926,5129.059098,0.497326355,1,0,"{timeout:-1,max_col_multiplier:1,age_limit:3,random_seed:0,replication:1,num_threads:128}",1
new1605000_19_aac.json.gz,52881,n,160,5000,LagrangeTemplate,highs,LTFarkas,1,610,52880.014,52977,0.181210714,52880.4012,0.387201703,968,5431,412.750333,17.829015,439.748568,618992,1499.676561,6.364079875,1,0,"{timeout:3600,max_col_multiplier:1,age_limit:3,random_seed:0,replication:1,num_threads:128}",1
new1605000_2_edc.json.gz,410003,n,160,5000,LagrangeTemplate,highs,LTFarkas,1,2234,410003,410335,0.080909501,410003,1472.052023,1492,6049,1561.739168,55.675562,1635.688947,1443891,924.5404288,3.988609383,1,0,"{timeout:3600,max_col_multiplier:1,age_limit:3,random_seed:0,replication:1,num_threads:128}",1
new1605000_20_aac.json.gz,80758,n,160,5000,LagrangeTemplate,highs,LTFarkas,1,656,80757.04317,81261,0.618993121,80757.5534,0.51023659,1057,5335,701.68791,47.03607,759.720847,1057954,1507.727274,10.0629965,1,0,"{timeout:3600,max_col_multiplier:1,age_limit:3,random_seed:0,replication:1,num_threads:128}",1
new1605000_21_aec.json.gz,87727,n,160,5000,LagrangeTemplate,highs,LTFarkas,1,866,87726.03445,89278,1.7372701,87726.13927,0.104824205,1209,5335,1172.611498,503.515633,1724.001698,1447130,1234.108656,10.28353256,1,0,"{timeout:3600,max_col_multiplier:1,age_limit:3,random_seed:100,replication:1,num_threads:128}",1
new1605000_22_aec.json.gz,6411,n,160,5000,LagrangeTemplate,highs,LTFarkas,1,945,6410.04619,6795,5.651214128,6410.360526,0.314336151,1347,5401,1282.507092,1050.944482,2354.641953,1508641,1176.32176,9.950317236,1,0,"{timeout:3600,max_col_multiplier:1,age_limit:3,random_seed:0,replication:1,num_threads:128}",1
new1605000_23_edc.json.gz,413796,n,160,5000,LagrangeTemplate,highs,LTFarkas,1,1361,413796,414198,0.097055032,413796,1709.245548,1388,6121,1416.552067,31.927564,1464.578087,1243881,878.1046804,5.632784962,1,0,"{timeout:3600,max_col_multiplier:1,age_limit:3,random_seed:0,replication:1,num_threads:128}",1
new1605000_24_aac.json.gz,73723,n,160,5000,LagrangeTemplate,highs,LTFarkas,1,546,73722.02585,74233,0.687025986,73722.08334,0.057493461,1016,5199,504.790211,48.153225,561.837209,747358,1480.53188,8.605133467,1,0,"{timeout:3600,max_col_multiplier:1,age_limit:3,random_seed:0,replication:1,num_threads:128}",1
new1605000_25_adc.json.gz,1203811,n,160,5000,LagrangeTemplate,highs,MTFarkas,1,1007,1203811,1210328,0.538449082,1203811,1162.145839,1405,6250,1274.679468,1499.232316,2788.448869,1133065,888.9018992,6.841103182,1,0,"{timeout:-1,max_col_multiplier:1,age_limit:3,random_seed:100,replication:1,num_threads:128}",1
new1605000_26_eaa.json.gz,59230,n,160,5000,LagrangeTemplate,highs,LTFarkas,1,2,59229.35294,59230,0,59230,3286143,160,320,0.029353,0.023169,2.089306,6703,228358.2598,20.946875,1,0,"{timeout:3600,max_col_multiplier:1,age_limit:3,random_seed:0,replication:1,num_threads:128}",1
new1605000_27_ada.json.gz,479046,n,160,5000,LagrangeTemplate,highs,MTFarkas,1,1262,479046,485857,1.401852809,479046,1245.287545,1444,6171,1511.343585,3392.027077,4921.366858,1339751,886.4635502,6.497017643,1,0,"{timeout:-1,max_col_multiplier:1,age_limit:3,random_seed:0,replication:1,num_threads:128}",1
new1605000_28_aac.json.gz,69910,n,160,5000,LagrangeTemplate,highs,LTFarkas,1,514,69909.1078,70471,0.796072143,69909.43496,0.327156691,980,5207,448.766703,14.825676,473.011998,641285,1428.994165,7.795105607,1,0,"{timeout:3600,max_col_multiplier:1,age_limit:3,random_seed:0,replication:1,num_threads:128}",1
new1605000_29_adc.json.gz,635053,n,160,5000,LagrangeTemplate,highs,LTFarkas,1,1421,635053,638442,0.530823473,635053,35510.59048,1294,6379,1486.692411,1992.694711,3503.49465,1261652,848.6301475,5.438012403,1,0,"{timeout:3600,max_col_multiplier:1,age_limit:3,random_seed:0,replication:1,num_threads:128}",1
new1605000_3_edc.json.gz,410371,n,160,5000,LagrangeTemplate,highs,LTFarkas,1,1693,410371,411009,0.155227744,410371,32547.60231,1307,6127,1214.323349,36.626165,1268.948078,1297754,1068.705466,4.721328633,1,0,"{timeout:3600,max_col_multiplier:1,age_limit:3,random_seed:0,replication:1,num_threads:128}",1
new1605000_30_eaa.json.gz,78155,n,160,5000,LagrangeTemplate,highs,LTFarkas,1,152,78154.24324,78155,0,78155,0.756756757,160,5157,2.694557,0.854845,5.91695,17240,6398.083247,1.342544063,1,0,"{timeout:3600,max_col_multiplier:1,age_limit:3,random_seed:0,replication:1,num_threads:128}",1
new1605000_31_ada.json.gz,8524,n,160,5000,LagrangeTemplate,highs,MTFarkas,1,1286,8523.026917,10693,20.28429814,8523.989986,4.323798236,4328,7816,633416.5263,1350.695793,634777.3439,53355488,84.23444256,319.361279,1,0,"{timeout:-1,max_col_multiplier:1,age_limit:10,random_seed:0,replication:1,num_threads:128}",1
new1605000_32_eac.json.gz,61425,n,160,5000,LagrangeTemplate,highs,LTFarkas,1,835,61424.00972,61452,0.043936731,61424.13399,0.124273295,709,5192,175.247928,7.082732,188.063344,446727,2549.114304,3.420298226,1,0,"{timeout:3600,max_col_multiplier:1,age_limit:3,random_seed:0,replication:1,num_threads:128}",1
new1605000_33_aea.json.gz,5000,n,160,5000,LagrangeTemplate,highs,LTFarkas,1,0,5000,5000,0,5000,0,0,0,2.112474,2.112474,1.93273,5000,,,1,0,"{timeout:3600,max_col_multiplier:1,age_limit:3,random_seed:0,replication:1,num_threads:128}",1
new1605000_34_aac.json.gz,214251,n,160,5000,LagrangeTemplate,highs,MTFarkas,1,1189,214250.0807,229122,6.49042868,214250.4272,0.34647811,1260,5189,1922.259663,286.589479,2233.788928,2682434,1395.458715,12.61303055,1,0,"{timeout:-1,max_col_multiplier:1,age_limit:3,random_seed:0,replication:1,num_threads:128}",1
new1605000_35_aec.json.gz,110522,n,160,5000,LagrangeTemplate,highs,LTFarkas,1,859,110522,112214,1.507833247,110522,225.3145845,863,6417,1285.104033,412.067763,1728.380016,1367716,1064.284264,9.682873346,1,0,"{timeout:3600,max_col_multiplier:1,age_limit:3,random_seed:0,replication:1,num_threads:128}",1
new1605000_4_eac.json.gz,50294,n,160,5000,LagrangeTemplate,highs,LTFarkas,1,1097,50293.03075,50306,0.023854013,50293.28088,0.250126819,765,5698,494.92322,8.526413,512.376243,819144,1655.093087,4.685211554,1,0,"{timeout:3600,max_col_multiplier:1,age_limit:3,random_seed:0,replication:1,num_threads:128}",1
new1605000_5_eaa.json.gz,51644,n,160,5000,LagrangeTemplate,highs,LTFarkas,1,2,51644,51644,0,51644,3945237,160,320,0.029005,0.022196,2.086984,6707,231235.9938,20.959375,1,0,"{timeout:3600,max_col_multiplier:1,age_limit:3,random_seed:0,replication:1,num_threads:128}",1
new1605000_6_ada.json.gz,5032,n,160,5000,LagrangeTemplate,highs,LTFarkas,1,0,5032,5032,0,5032,0,0,0,2.07948,2.07948,1.897217,5000,,,1,0,"{timeout:3600,max_col_multiplier:1,age_limit:3,random_seed:0,replication:1,num_threads:128}",1
new1605000_7_aec.json.gz,48752,n,160,5000,LagrangeTemplate,highs,LTFarkas,1,780,48751.21068,49976,2.449175604,48751.86174,0.651062887,1316,5726,1241.149061,690.614093,1956.908028,1344420,1083.205912,10.66166422,1,0,"{timeout:3600,max_col_multiplier:1,age_limit:3,random_seed:0,replication:1,num_threads:128}",1
new1605000_8_aac.json.gz,51797,n,160,5000,LagrangeTemplate,highs,LTFarkas,1,661,51796.05233,51846,0.094510666,51796.81033,0.757999397,892,5651,260.751151,24.611901,291.611305,479977,1840.747388,4.501137435,1,0,"{timeout:3600,max_col_multiplier:1,age_limit:3,random_seed:0,replication:1,num_threads:128}",1
new1605000_9_aaa.json.gz,71569,n,160,5000,LagrangeTemplate,highs,LTFarkas,1,557,71568.05235,72082,0.711689465,71568.55635,0.503999222,1069,5378,560.767039,27.39039,597.365939,823297,1468.162254,9.211399626,1,0,"{timeout:3600,max_col_multiplier:1,age_limit:3,random_seed:0,replication:1,num_threads:128}",1
new2004000_0_aaa.json.gz,50563,n,200,4000,LagrangeTemplate,highs,LTFarkas,1,372,50562.04831,50842,0.5487589,50562.39768,0.349364505,1060,4222,86.365237,11.231666,103.581331,315332,3651.144962,4.399094911,1,0,"{timeout:3600,max_col_multiplier:1,age_limit:2,random_seed:0,replication:1,num_threads:128}",1
new2004000_1_eac.json.gz,51994,n,200,4000,LagrangeTemplate,highs,LTFarkas,1,447,51993.1026,52072,0.149792595,51993.2672,0.164595804,917,4204,70.175981,3.082232,78.734472,277351,3952.221202,3.208774295,1,0,"{timeout:3600,max_col_multiplier:1,age_limit:2,random_seed:0,replication:1,num_threads:128}",1
new2004000_10_eea.json.gz,62374,n,200,4000,LagrangeTemplate,highs,LTFarkas,1,2127,62373.04558,63945,2.456798811,62373.53781,0.492231676,1438,4459,415.284699,37.536493,468.778925,1299319,3128.742771,3.053239747,1,0,"{timeout:3600,max_col_multiplier:1,age_limit:2,random_seed:0,replication:1,num_threads:128}",1
new2004000_11_eec.json.gz,751283,n,200,4000,LagrangeTemplate,highs,LTFarkas,1,1534,751282.1111,751291,0.001064834,751282.2222,0.111111111,302,4367,757.368128,52.786805,871.364203,1734214,2289.790045,6.063871426,1,0,"{timeout:3600,max_col_multiplier:1,age_limit:2,random_seed:0,replication:1,num_threads:128}",1
new2004000_12_eaa.json.gz,56263,n,200,4000,LagrangeTemplate,highs,MTFarkas,1,135,56262.5,56263,0,56263,0.5,200,4201,1.00621,2.680102,5.491985,12665,12586.83575,0.684383307,1,0,"{timeout:-1,max_col_multiplier:1,age_limit:2,random_seed:0,replication:1,num_threads:128}",1
new2004000_13_eda.json.gz,185621,n,200,4000,LagrangeTemplate,highs,LTFarkas,1,6105,185620.0945,187067,0.77298508,185620.2416,0.147094105,1386,4379,782.20172,143.248202,949.021151,2508141,3206.514299,2.056180064,1,0,"{timeout:3600,max_col_multiplier:1,age_limit:2,random_seed:0,replication:1,num_threads:128}",1
new2004000_14_aea.json.gz,4000,n,200,4000,LagrangeTemplate,highs,LTFarkas,1,0,4000,4000,0,4000,0,0,0,2.058923,2.058923,1.88923,4000,,,1,0,"{timeout:3600,max_col_multiplier:1,age_limit:2,random_seed:0,replication:1,num_threads:128}",1
new2004000_15_aac.json.gz,60016,n,200,4000,LagrangeTemplate,highs,LTFarkas,1,334,60015.04613,60573,0.919551615,60015.68673,0.640608472,1119,4225,95.278313,13.771578,116.145594,347604,3648.301372,5.29007804,1,0,"{timeout:3600,max_col_multiplier:1,age_limit:2,random_seed:0,replication:1,num_threads:128}",1
new2004000_16_aaa.json.gz,47912,n,200,4000,LagrangeTemplate,highs,LTFarkas,1,355,47911.11812,48056,0.299650408,47911.23366,0.115541296,1058,4212,96.720521,8.229132,111.46271,346758,3585.154385,4.940508993,1,0,"{timeout:3600,max_col_multiplier:1,age_limit:2,random_seed:0,replication:1,num_threads:128}",1
new2004000_17_aaa.json.gz,69793,n,200,4000,LagrangeTemplate,highs,LTFarkas,1,311,69792.25774,70675,1.247966042,69792.71604,0.458304159,1137,4320,96.036346,10.085435,114.920851,347707,3620.577151,5.606491865,1,0,"{timeout:3600,max_col_multiplier:1,age_limit:2,random_seed:0,replication:1,num_threads:128}",1
new2004000_18_edc.json.gz,334161,n,200,4000,LagrangeTemplate,highs,LTFarkas,1,934,334161,335317,0.344748402,334161,38986.14035,1149,5049,287.954638,11.823801,315.132982,664204,2306.627199,3.487531987,1,0,"{timeout:3600,max_col_multiplier:1,age_limit:2,random_seed:0,replication:1,num_threads:128}",1
new2004000_19_ada.json.gz,4197,n,200,4000,LagrangeTemplate,highs,LTFarkas,1,0,4197,4197,0,4197,0,0,0,2.050429,2.050429,1.862088,4000,,,1,0,"{timeout:3600,max_col_multiplier:1,age_limit:2,random_seed:0,replication:1,num_threads:128}",1
new2004000_2_aea.json.gz,4000,n,200,4000,LagrangeTemplate,highs,LTFarkas,1,0,4000,4000,0,4000,0,0,0,2.045205,2.045205,1.880072,4000,,,1,0,"{timeout:3600,max_col_multiplier:1,age_limit:2,random_seed:0,replication:1,num_threads:128}",1
new2004000_20_eaa.json.gz,46965,n,200,4000,LagrangeTemplate,highs,LTFarkas,1,2,46964.19443,46965,0,46965,1697199,200,400,0.022287,0.017693,1.989762,5515,247453.6725,13.7875,1,0,"{timeout:3600,max_col_multiplier:1,age_limit:2,random_seed:0,replication:1,num_threads:128}",1
new2004000_21_edc.json.gz,333147,n,200,4000,LagrangeTemplate,highs,LTFarkas,1,1322,333147,333555,0.122318658,333147,852.9633125,999,5161,392.697761,17.714664,426.630399,870795,2217.468716,3.241037254,1,0,"{timeout:3600,max_col_multiplier:1,age_limit:2,random_seed:0,replication:1,num_threads:128}",1
new2004000_22_aec.json.gz,4000,n,200,4000,LagrangeTemplate,highs,LTFarkas,1,2,4000,4000,0,4000,113856,200,400,0.022262,0.130331,2.1151,5529,248360.4348,13.8225,1,0,"{timeout:3600,max_col_multiplier:1,age_limit:2,random_seed:0,replication:1,num_threads:128}",1
new2004000_23_aec.json.gz,4000,n,200,4000,LagrangeTemplate,highs,LTFarkas,1,355,4000,4085,2.080783353,4000,2413.087018,328,5126,157.707971,105.739527,295.174395,412040,2612.677073,5.578934397,1,0,"{timeout:3600,max_col_multiplier:1,age_limit:2,random_seed:0,replication:1,num_threads:128}",1
new2004000_24_aaa.json.gz,49503,n,200,4000,LagrangeTemplate,highs,LTFarkas,1,368,49502.14511,49722,0.440448896,49502.51461,0.369505606,1011,4377,72.182198,12.925141,91.311747,296364,4105.776884,4.121495489,1,0,"{timeout:3600,max_col_multiplier:1,age_limit:2,random_seed:0,replication:1,num_threads:128}",1
new2004000_25_eea.json.gz,56794,n,200,4000,LagrangeTemplate,highs,LTFarkas,1,2133,56793.06986,57491,1.212363674,56793.67745,0.607598098,1445,4477,438.052112,36.995346,489.833996,1340321,3059.729569,3.148114523,1,0,"{timeout:3600,max_col_multiplier:1,age_limit:2,random_seed:0,replication:1,num_threads:128}",1
new2004000_27_eaa.json.gz,54836,n,200,4000,LagrangeTemplate,highs,LTFarkas,1,2,54835.63636,54836,0,54836,1524442,200,400,0.022304,0.01787,1.998785,5516,247309.8996,13.79,1,0,"{timeout:3600,max_col_multiplier:1,age_limit:2,random_seed:0,replication:1,num_threads:128}",1
new2004000_28_adc.json.gz,1264601,n,200,4000,LagrangeTemplate,highs,LTFarkas,1,988,1264601,1274840,0.803159612,1264601,459.000007,1610,5108,651.649267,1004.198233,1676.002451,1132817,1738.384523,5.657071057,1,0,"{timeout:3600,max_col_multiplier:1,age_limit:2,random_seed:0,replication:1,num_threads:128}",1
new2004000_29_edc.json.gz,342769,n,200,4000,LagrangeTemplate,highs,LTFarkas,1,518,342769,343148,0.11044797,342769,16772.37838,844,5268,158.740705,6.051034,179.130086,387755,2442.694204,3.591409045,1,0,"{timeout:3600,max_col_multiplier:1,age_limit:2,random_seed:0,replication:1,num_threads:128}",1
new2004000_3_eea.json.gz,71115,n,200,4000,LagrangeTemplate,highs,LTFarkas,1,2491,71114.07159,72855,2.388305538,71114.3487,0.277107234,1431,4385,463.094242,47.110515,529.990635,1463755,3160.814511,2.949422712,1,0,"{timeout:3600,max_col_multiplier:1,age_limit:2,random_seed:0,replication:1,num_threads:128}",1
new2004000_30_aec.json.gz,26673,n,200,4000,LagrangeTemplate,highs,LTFarkas,1,549,26672.32376,27862,4.267461058,26672.8271,0.503343376,1594,4492,387.923669,428.071672,838.531412,974943,2513.234118,8.729544016,1,0,"{timeout:3600,max_col_multiplier:1,age_limit:2,random_seed:0,replication:1,num_threads:128}",1
new2004000_31_eac.json.gz,58280,n,200,4000,LagrangeTemplate,highs,LTFarkas,1,382,58279.12872,58483,0.347109416,58279.73996,0.611231062,867,4285,98.111171,2.70027,108.654933,331998,3383.896009,4.542329871,1,0,"{timeout:3600,max_col_multiplier:1,age_limit:2,random_seed:0,replication:1,num_threads:128}",1
new2004000_32_eec.json.gz,519372,n,200,4000,LagrangeTemplate,highs,LTFarkas,1,1820,519371.5,519451,0.015208364,519372,0.5,497,4425,1104.355963,101.153922,1263.491041,2424178,2195.105637,6.721672962,1,0,"{timeout:3600,max_col_multiplier:1,age_limit:2,random_seed:0,replication:1,num_threads:128}",1
new2004000_33_eaa.json.gz,53612,n,200,4000,LagrangeTemplate,highs,LTFarkas,1,9449,53611.27556,53612,0,53612,0.724444444,200,4215,582.291094,72.012152,680.494882,2594811,4456.20932,1.376976301,1,0,"{timeout:3600,max_col_multiplier:1,age_limit:2,random_seed:0,replication:1,num_threads:128}",1
new2004000_34_edc.json.gz,328665,n,200,4000,LagrangeTemplate,highs,LTFarkas,1,1081,328665,329235,0.173128616,328665,16957.5,1303,5068,324.267127,14.166667,354.20449,749923,2312.670442,3.399617004,1,0,"{timeout:3600,max_col_multiplier:1,age_limit:2,random_seed:0,replication:1,num_threads:128}",1
new2004000_35_aaa.json.gz,66309,n,200,4000,LagrangeTemplate,highs,LTFarkas,1,340,66308.28219,66984,1.007703332,66308.92538,0.643191486,986,4207,76.702673,12.904662,96.175572,305059,3977.162569,4.5300498,1,0,"{timeout:3600,max_col_multiplier:1,age_limit:2,random_seed:0,replication:1,num_threads:128}",1
new2004000_4_eda.json.gz,221454,n,200,4000,LagrangeTemplate,highs,LTFarkas,1,5135,221453.0821,223324,0.837348426,221453.2515,0.169464328,1341,4415,811.443925,152.440164,988.843896,2549803,3142.303395,2.481070135,1,0,"{timeout:3600,max_col_multiplier:1,age_limit:2,random_seed:100,replication:1,num_threads:128}",1
new2004000_5_eea.json.gz,69542,n,200,4000,LagrangeTemplate,highs,LTFarkas,1,2056,69541.17559,71052,2.125204076,69541.65847,0.482882157,1425,4396,448.442044,41.536088,507.969051,1370828,3056.867701,3.32803421,1,0,"{timeout:3600,max_col_multiplier:1,age_limit:2,random_seed:0,replication:1,num_threads:128}",1
new2004000_6_aea.json.gz,51266,n,200,4000,LagrangeTemplate,highs,LTFarkas,1,1405,51265.20833,51529,0.510392206,51266,0.791666667,785,4354,630.269175,305.780207,951.24859,1432029,2272.091127,5.334230906,1,0,"{timeout:3600,max_col_multiplier:1,age_limit:2,random_seed:0,replication:1,num_threads:128}",1
new2004000_7_eec.json.gz,532247,n,200,4000,LagrangeTemplate,highs,LTFarkas,1,1639,532246.5,532270,0.004321115,532247,0.5,464,4397,724.250935,83.281919,864.353971,1807189,2495.25256,5.711412532,1,0,"{timeout:3600,max_col_multiplier:1,age_limit:2,random_seed:0,replication:1,num_threads:128}",1
new2004000_8_eea.json.gz,86168,n,200,4000,LagrangeTemplate,highs,LTFarkas,1,1728,86167.03112,87932,2.006095619,86167.5963,0.565178082,1416,4428,452.51984,45.449371,518.356629,1393308,3078.998702,4.056149301,1,0,"{timeout:3600,max_col_multiplier:1,age_limit:2,random_seed:0,replication:1,num_threads:128}",1
new2004000_9_eda.json.gz,187356,n,200,4000,LagrangeTemplate,highs,LTFarkas,1,5163,187355.0101,188850,0.791104051,187355.0157,0.005619876,1411,4266,728.887098,136.772572,887.30531,2319504,3182.25416,2.253315451,1,0,"{timeout:3600,max_col_multiplier:1,age_limit:2,random_seed:0,replication:1,num_threads:128}",1
new2005000_0_aec.json.gz,29325,n,200,5000,LagrangeTemplate,highs,LTFarkas,1,570,29324.03971,30748,4.627943281,29324.27097,0.231262435,1603,5532,1001.478775,748.454754,1791.761102,1562588,1560.280696,13.60888367,1,0,"{timeout:3600,max_col_multiplier:1,age_limit:3,random_seed:0,replication:1,num_threads:128}",1
new2005000_1_edc.json.gz,411935,n,200,5000,LagrangeTemplate,highs,LTFarkas,1,1880,411935,412422,0.118082934,411935,120003.3346,1408,6345,1160.138051,33.876915,1220.084276,1706233,1470.715488,4.488693484,1,0,"{timeout:3600,max_col_multiplier:1,age_limit:3,random_seed:0,replication:1,num_threads:128}",1
new2005000_10_eac.json.gz,54096,n,200,5000,LagrangeTemplate,highs,LTFarkas,1,663,54095.05183,54159,0.116324157,54095.51847,0.466638588,958,5402,213.003108,6.028009,228.229256,564349,2649.487161,4.349702903,1,0,"{timeout:3600,max_col_multiplier:1,age_limit:3,random_seed:0,replication:1,num_threads:128}",1
new2005000_11_adc.json.gz,698395,n,200,5000,LagrangeTemplate,highs,LTFarkas,1,912,698395,703397,0.711120463,698395,570.3461586,1499,6621,1112.648096,1062.294405,2205.218817,1479523,1329.731301,7.96749956,1,0,"{timeout:3600,max_col_multiplier:1,age_limit:3,random_seed:100,replication:1,num_threads:128}",1
new2005000_12_aea.json.gz,5000,n,200,5000,LagrangeTemplate,highs,LTFarkas,1,0,5000,5000,0,5000,0,0,0,2.99993,2.99993,2.783897,5000,,,1,0,"{timeout:3600,max_col_multiplier:1,age_limit:3,random_seed:0,replication:1,num_threads:128}",1
new2005000_13_aaa.json.gz,69281,n,200,5000,LagrangeTemplate,highs,LTFarkas,1,424,69280.04946,69605,0.465483801,69280.09234,0.042879007,1047,5211,147.164434,6.758303,162.254592,392852,2669.476512,4.860635305,1,0,"{timeout:3600,max_col_multiplier:1,age_limit:3,random_seed:0,replication:1,num_threads:128}",1
new2005000_14_eea.json.gz,79136,n,200,5000,LagrangeTemplate,highs,LTFarkas,1,3610,79135.09481,80724,1.967196868,79135.2102,0.115389196,1513,5306,1181.296066,108.113105,1315.378874,2718773,2301.517019,3.764004675,1,0,"{timeout:3600,max_col_multiplier:1,age_limit:3,random_seed:0,replication:1,num_threads:128}",1
new2005000_15_aec.json.gz,14303,n,200,5000,LagrangeTemplate,highs,LTFarkas,1,774,14302.03669,15078,5.139938984,14302.23079,0.194100167,1676,5589,1070.845356,997.643195,2102.431852,1790131,1671.698897,11.5591148,1,0,"{timeout:3600,max_col_multiplier:1,age_limit:3,random_seed:0,replication:1,num_threads:128}",1
new2005000_17_aec.json.gz,5000,n,200,5000,LagrangeTemplate,highs,LTFarkas,1,187,5000,5051,1.009701049,5000,4476.5,211,6129,34.108702,33.611831,76.313054,101018,2961.648907,2.386301248,1,0,"{timeout:3600,max_col_multiplier:1,age_limit:3,random_seed:0,replication:1,num_threads:128}",1
new2005000_18_edc.json.gz,421948,n,200,5000,LagrangeTemplate,highs,LTFarkas,1,899,421948,422543,0.140814071,421948,1247.500007,1000,6607,577.406453,14.772799,613.309862,914389,1583.614099,4.983935484,1,0,"{timeout:3600,max_col_multiplier:1,age_limit:3,random_seed:0,replication:1,num_threads:128}",1
new2005000_19_aec.json.gz,139243,n,200,5000,LagrangeTemplate,highs,LTFarkas,1,687,139242.0673,142284,2.137274746,139242.9416,0.874281587,1400,5607,1647.483333,403.935227,2106.397996,2591944,1573.274793,17.85940654,1,0,"{timeout:3600,max_col_multiplier:1,age_limit:3,random_seed:0,replication:1,num_threads:128}",1
new2005000_2_aac.json.gz,59241,n,200,5000,LagrangeTemplate,highs,LTFarkas,1,422,59240.04569,59707,0.780478001,59240.46316,0.41746763,1175,5256,372.128651,21.202272,404.518252,724332,1946.455878,8.625150622,1,0,"{timeout:3600,max_col_multiplier:1,age_limit:3,random_seed:0,replication:1,num_threads:128}",1
new2005000_20_eda.json.gz,286933,n,200,5000,LagrangeTemplate,highs,LTFarkas,1,14017,286932.0286,289423,0.860332455,286932.2276,0.199067544,1313,5533,3115.720612,424.376825,3599.597129,8063874,2588.124869,2.877101323,1,0,"{timeout:3600,max_col_multiplier:1,age_limit:3,random_seed:0,replication:1,num_threads:128}",1
new2005000_21_eec.json.gz,1373159,n,200,5000,LagrangeTemplate,highs,LTFarkas,1,684,1373159,1373215,0.004078021,1373159,785.6391542,506,6860,1186.52643,26.222571,1300.939505,1659868,1398.93049,11.60119433,1,0,"{timeout:3600,max_col_multiplier:1,age_limit:3,random_seed:0,replication:1,num_threads:128}",1
new2005000_22_ada.json.gz,5596,n,200,5000,LagrangeTemplate,highs,MTFarkas,1,61,5596,5596,0,5597,3939.833333,200,4073,1.059277,11.046883,14.322113,14900,14066.19798,0.430938525,1,0,"{timeout:-1,max_col_multiplier:1,age_limit:3,random_seed:0,replication:1,num_threads:128}",1
new2005000_23_ada.json.gz,6976,n,200,5000,LagrangeTemplate,highs,LTFarkas,1,1334,6976,7014,0.541773596,6976,234.0000001,527,5775,232.682271,424.814476,667.25536,666135,2862.852409,2.487995125,1,0,"{timeout:3600,max_col_multiplier:1,age_limit:3,random_seed:0,replication:1,num_threads:128}",1
new2005000_24_ada.json.gz,8108,n,200,5000,LagrangeTemplate,highs,LTFarkas,1,521,8108,8110,0.024660912,8108,80,611,5791,103.17781,295.096295,405.325214,320120,3102.605105,3.043258897,1,0,"{timeout:3600,max_col_multiplier:1,age_limit:3,random_seed:0,replication:1,num_threads:128}",1
new2005000_25_aea.json.gz,5592,n,200,5000,LagrangeTemplate,highs,LTFarkas,1,990,5592,5598,0.107181136,5592,1401.700965,239,5490,214.21431,63.175732,284.643268,609672,2846.084372,3.025829966,1,0,"{timeout:3600,max_col_multiplier:1,age_limit:3,random_seed:0,replication:1,num_threads:128}",1
new2005000_26_eec.json.gz,738000,n,200,5000,LagrangeTemplate,highs,LTFarkas,1,1377,738000,738078,0.010567989,738000,33.62500053,976,6907,2666.767611,112.30245,2857.026368,3395813,1273.381672,15.58264694,1,0,"{timeout:3600,max_col_multiplier:1,age_limit:3,random_seed:0,replication:1,num_threads:128}",1
new2005000_27_aea.json.gz,5000,n,200,5000,LagrangeTemplate,highs,LTFarkas,1,0,5000,5000,0,5000,0,0,0,3.091923,3.091923,2.872346,5000,,,1,0,"{timeout:3600,max_col_multiplier:1,age_limit:3,random_seed:0,replication:1,num_threads:128}",1
new2005000_28_eaa.json.gz,65556,n,200,5000,LagrangeTemplate,highs,MTFarkas,1,151,65555.33333,65556,0,65556,0.666666667,200,5198,1.675193,1.954717,6.192316,17297,10325.37743,0.695269385,1,0,"{timeout:-1,max_col_multiplier:1,age_limit:3,random_seed:0,replication:1,num_threads:128}",1
new2005000_29_eda.json.gz,218865,n,200,5000,LagrangeTemplate,highs,MTFarkas,1,1896,218864.3333,219954,0.495103522,218864.826,0.492654957,1440,5403,687.602184,65.019603,764.071483,1512540,2199.731233,3.99106509,1,0,"{timeout:-1,max_col_multiplier:1,age_limit:3,random_seed:0,replication:1,num_threads:128}",1
new2005000_3_eda.json.gz,295768,n,200,5000,LagrangeTemplate,highs,LTFarkas,1,14586,295767.3042,297827,0.691340946,295767.8968,0.592687834,1320,5929,3121.770285,410.508117,3594.83667,7976584,2555.147648,2.73154699,1,0,"{timeout:3600,max_col_multiplier:1,age_limit:3,random_seed:0,replication:1,num_threads:128}",1
new2005000_30_aea.json.gz,43575,n,200,5000,LagrangeTemplate,highs,MTFarkas,1,540,43575,43593,0.041291033,43575,269.0588237,529,6395,111.350938,23.835775,141.035017,306707,2754.417749,2.965398498,1,0,"{timeout:-1,max_col_multiplier:1,age_limit:3,random_seed:0,replication:1,num_threads:128}",1
new2005000_31_aec.json.gz,8139,n,200,5000,LagrangeTemplate,highs,LTFarkas,1,603,8138.102442,8789,7.395608146,8138.758499,0.656056814,1638,5749,943.901266,996.330177,1982.275095,1581102,1675.071384,13.00931455,1,0,"{timeout:3600,max_col_multiplier:1,age_limit:3,random_seed:0,replication:1,num_threads:128}",1
new2005000_32_edc.json.gz,418214,n,200,5000,LagrangeTemplate,highs,LTFarkas,1,1199,418214,418652,0.104621499,418214,159.0000025,1688,6592,1140.362114,22.784081,1187.52576,1371613,1202.78724,5.65433759,1,0,"{timeout:3600,max_col_multiplier:1,age_limit:3,random_seed:0,replication:1,num_threads:128}",1
new2005000_33_eea.json.gz,105502,n,200,5000,LagrangeTemplate,highs,LTFarkas,1,2291,105501.0026,107598,1.947991598,105501.2672,0.26458928,1469,5489,1192.62628,93.820449,1315.184667,2345411,1966.593424,5.116360568,1,0,"{timeout:3600,max_col_multiplier:1,age_limit:3,random_seed:0,replication:1,num_threads:128}",1
new2005000_34_eea.json.gz,87025,n,200,5000,LagrangeTemplate,highs,LTFarkas,1,2541,87024.04019,88608,1.786520404,87024.53351,0.493321935,1527,5481,1031.934222,88.479523,1147.500124,2258939,2189.033905,4.472155282,1,0,"{timeout:3600,max_col_multiplier:1,age_limit:3,random_seed:0,replication:1,num_threads:128}",1
new2005000_35_aec.json.gz,5000,n,200,5000,LagrangeTemplate,highs,LTFarkas,1,2,5000,5000,0,5000,170770,200,400,0.029653,0.178627,2.803563,6749,227599.2311,16.8725,1,0,"{timeout:3600,max_col_multiplier:1,age_limit:3,random_seed:0,replication:1,num_threads:128}",1
new2005000_4_aec.json.gz,5640,n,200,5000,LagrangeTemplate,highs,LTFarkas,1,649,5639.031305,6192,8.914728682,5639.21812,0.186815142,1627,5773,1152.440137,1097.960376,2292.961206,1760326,1527.477171,13.75861578,1,0,"{timeout:3600,max_col_multiplier:1,age_limit:3,random_seed:0,replication:1,num_threads:128}",1
new2005000_5_adc.json.gz,1039055,n,200,5000,LagrangeTemplate,highs,MTFarkas,1,943,1039055,1048901,0.938696788,1039055,793.4000103,1600,6579,856.171648,1015.886615,1887.186867,1289488,1506.109205,6.690723402,1,0,"{timeout:-1,max_col_multiplier:1,age_limit:3,random_seed:100,replication:1,num_threads:128}",1
new2005000_6_eda.json.gz,285681,n,200,5000,LagrangeTemplate,highs,LTFarkas,1,14588,285680.2317,287093,0.49182669,285680.8641,0.632354379,1367,5809,3102.106169,426.362836,3590.042818,7834104,2525.414532,2.684437354,1,0,"{timeout:3600,max_col_multiplier:1,age_limit:3,random_seed:0,replication:1,num_threads:128}",1
new2005000_7_aac.json.gz,65231,n,200,5000,LagrangeTemplate,highs,LTFarkas,1,557,65230.14753,65380,0.22789844,65230.6815,0.533964117,1059,5522,286.361894,24.582687,319.401527,667214,2329.967827,6.121626418,1,0,"{timeout:3600,max_col_multiplier:1,age_limit:3,random_seed:0,replication:1,num_threads:128}",1
new2005000_8_aaa.json.gz,78342,n,200,5000,LagrangeTemplate,highs,LTFarkas,1,435,78341.00156,78826,0.614010606,78341.1165,0.114940576,1129,5211,226.935309,22.697623,260.166269,549052,2419.42077,6.460985302,1,0,"{timeout:3600,max_col_multiplier:1,age_limit:3,random_seed:0,replication:1,num_threads:128}",1
new2005000_9_aac.json.gz,130244,n,200,5000,LagrangeTemplate,highs,LTFarkas,1,548,130243.0279,134880,3.4371293,130243.4868,0.458875304,1425,5274,857.625737,102.419279,985.881431,1474803,1719.634727,13.07873498,1,0,"{timeout:3600,max_col_multiplier:1,age_limit:3,random_seed:0,replication:1,num_threads:128}",1
new20100_0_aaa.json.gz,3184,n,20,100,LagrangeTemplate,highs,LTFarkas,1,35,3183.5,3209,0.779058897,3183.5,0,30,133,0.014135,0.015907,0.036722,848,59992.92536,1.269384721,1,0,"{timeout:3600,max_col_multiplier:1,age_limit:2,random_seed:0,replication:1,num_threads:128}",1
new20100_1_eec.json.gz,26495,n,20,100,LagrangeTemplate,highs,LTFarkas,1,67,26495,26495,0,26495,0,20,129,0.047315,0.022673,0.103105,3302,69787.59379,2.137334727,1,0,"{timeout:3600,max_col_multiplier:1,age_limit:2,random_seed:0,replication:1,num_threads:128}",1
new20100_11_aec.json.gz,110,n,20,100,LagrangeTemplate,highs,LTFarkas,1,54,109.076779,112,1.785714286,109.8726592,0.79588015,83,153,0.037872,0.083185,0.133265,2208,58301.64766,1.795930545,1,0,"{timeout:3600,max_col_multiplier:1,age_limit:2,random_seed:0,replication:1,num_threads:128}",1
new20100_12_ada.json.gz,12781,n,20,100,LagrangeTemplate,highs,LTFarkas,1,92,12780.18606,13793,7.337055028,12780.51179,0.325730411,115,144,0.170032,0.321252,0.514854,4680,27524.23073,2.597313644,1,0,"{timeout:3600,max_col_multiplier:1,age_limit:2,random_seed:0,replication:1,num_threads:128}",1
new20100_13_edc.json.gz,8735,n,20,100,LagrangeTemplate,highs,LTFarkas,1,56,8734.650794,8748,0.148605396,8734.873016,0.222222222,68,147,0.040865,0.019856,0.08026,2068,50605.65276,1.767882694,1,0,"{timeout:3600,max_col_multiplier:1,age_limit:2,random_seed:0,replication:1,num_threads:128}",1
new20100_14_aaa.json.gz,4545,n,20,100,LagrangeTemplate,highs,LTFarkas,1,42,4544.623873,4954,8.255954784,4544.623873,0,66,138,0.021318,0.016096,0.046753,1324,62107.13951,1.548530055,1,0,"{timeout:3600,max_col_multiplier:1,age_limit:2,random_seed:0,replication:1,num_threads:128}",1
new20100_15_edc.json.gz,8352,n,20,100,LagrangeTemplate,highs,LTFarkas,1,67,8351.233871,8437,1.007467109,8351.532258,0.298387097,84,150,0.039187,0.016533,0.067967,2173,55452.06318,1.612822217,1,0,"{timeout:3600,max_col_multiplier:1,age_limit:2,random_seed:0,replication:1,num_threads:128}",1
new20100_16_eda.json.gz,6430,n,20,100,LagrangeTemplate,highs,LTFarkas,1,62,6429.25,6430,0,6430,0.75,20,124,0.024419,0.017954,0.050927,1040,42589.78664,0.944168239,1,0,"{timeout:3600,max_col_multiplier:1,age_limit:2,random_seed:0,replication:1,num_threads:128}",1
new20100_17_eaa.json.gz,5205,n,20,100,LagrangeTemplate,highs,LTFarkas,1,30,5205,5205,0,5205,0,20,119,0.008951,0.008888,0.023443,403,45022.90247,1.239110127,1,0,"{timeout:3600,max_col_multiplier:1,age_limit:2,random_seed:0,replication:1,num_threads:128}",1
new20100_18_eaa.json.gz,2598,n,20,100,LagrangeTemplate,highs,LTFarkas,1,43,2597.5,2608,0.383435583,2597.5,5,23,123,0.013655,0.009905,0.029972,692,50677.40754,0.930820246,1,0,"{timeout:3600,max_col_multiplier:1,age_limit:2,random_seed:0,replication:1,num_threads:128}",1
new20100_19_adc.json.gz,21769,n,20,100,LagrangeTemplate,highs,LTFarkas,1,76,21768.12533,22278,2.284765239,21768.94207,0.816732689,113,147,0.101807,0.140933,0.257439,3922,38523.8736,2.499087236,1,0,"{timeout:3600,max_col_multiplier:1,age_limit:2,random_seed:0,replication:1,num_threads:128}",1
new20100_2_eaa.json.gz,2950,n,20,100,LagrangeTemplate,highs,LTFarkas,1,18,2950,2950,0,2950,0,20,117,0.005241,0.005456,0.015719,310,59149.01736,1.214583333,1,0,"{timeout:3600,max_col_multiplier:1,age_limit:2,random_seed:0,replication:1,num_threads:128}",1
new20100_20_eda.json.gz,6691,n,20,100,LagrangeTemplate,highs,LTFarkas,1,84,6690.04342,6723,0.475977986,6690.047459,0.004039044,78,132,0.045611,0.024694,0.082314,2163,47422.77082,1.284334509,1,0,"{timeout:3600,max_col_multiplier:1,age_limit:2,random_seed:0,replication:1,num_threads:128}",1
new20100_21_eaa.json.gz,1441,n,20,100,LagrangeTemplate,highs,LTFarkas,1,41,1441,1441,0,1441,0,20,122,0.014523,0.011357,0.032776,609,41933.48482,0.810802528,1,0,"{timeout:3600,max_col_multiplier:1,age_limit:2,random_seed:0,replication:1,num_threads:128}",1
new20100_22_ada.json.gz,13648,n,20,100,LagrangeTemplate,highs,LTFarkas,1,90,13647.50562,14426,5.393040344,13647.5945,0.088887289,111,139,0.178759,0.416112,0.613655,4836,27053.18334,2.574569657,1,0,"{timeout:3600,max_col_multiplier:1,age_limit:2,random_seed:0,replication:1,num_threads:128}",1
new20100_23_aac.json.gz,3776,n,20,100,LagrangeTemplate,highs,LTFarkas,1,41,3775.021739,3949,4.380855913,3775.246377,0.224637681,57,134,0.02574,0.019111,0.062823,1355,52641.80264,1.432669153,1,0,"{timeout:3600,max_col_multiplier:1,age_limit:2,random_seed:0,replication:1,num_threads:128}",1
new20100_24_eec.json.gz,13488,n,20,100,LagrangeTemplate,highs,LTFarkas,1,68,13487.02137,13991,3.595168322,13487.07913,0.057760038,82,140,0.049617,0.024969,0.096482,3420,68927.98839,2.281060893,1,0,"{timeout:3600,max_col_multiplier:1,age_limit:2,random_seed:0,replication:1,num_threads:128}",1
new20100_25_ada.json.gz,139,n,20,100,LagrangeTemplate,highs,LTFarkas,1,33,138.6933333,141,1.418439716,139,6,27,159,0.015096,0.014558,0.037927,965,63924.21834,1.115991122,1,0,"{timeout:3600,max_col_multiplier:1,age_limit:2,random_seed:0,replication:1,num_threads:128}",1
new20100_26_eda.json.gz,6431,n,20,100,LagrangeTemplate,highs,LTFarkas,1,67,6430.133333,6431,0,6430.2,0.066666667,45,127,0.031033,0.020555,0.061744,1424,45886.63681,1.119538247,1,0,"{timeout:3600,max_col_multiplier:1,age_limit:2,random_seed:0,replication:1,num_threads:128}",1
new20100_27_eea.json.gz,2884,n,20,100,LagrangeTemplate,highs,LTFarkas,1,68,2883.666667,3005,4.026622296,2883.666667,0,59,127,0.034412,0.018671,0.064039,1793,52103.91724,1.347606446,1,0,"{timeout:3600,max_col_multiplier:1,age_limit:2,random_seed:0,replication:1,num_threads:128}",1
new20100_28_aaa.json.gz,2816,n,20,100,LagrangeTemplate,highs,LTFarkas,1,42,2815.150685,2944,4.347826087,2815.150685,0,62,139,0.021724,0.01506,0.045857,1349,62097.21966,1.430334995,1,0,"{timeout:3600,max_col_multiplier:1,age_limit:2,random_seed:0,replication:1,num_threads:128}",1
new20100_29_eda.json.gz,6479,n,20,100,LagrangeTemplate,highs,LTFarkas,1,59,6478.846154,6479,0,6478.846154,0,47,129,0.025256,0.016368,0.050492,1276,50522.64808,1.21024021,1,0,"{timeout:3600,max_col_multiplier:1,age_limit:2,random_seed:0,replication:1,num_threads:128}",1
new20100_3_eac.json.gz,1944,n,20,100,LagrangeTemplate,highs,LTFarkas,1,45,1944,1944,0,1944,0,20,123,0.016717,0.011917,0.036026,865,51743.73392,0.955363806,1,0,"{timeout:3600,max_col_multiplier:1,age_limit:2,random_seed:0,replication:1,num_threads:128}",1
new20100_31_edc.json.gz,8745,n,20,100,LagrangeTemplate,highs,LTFarkas,1,54,8744.077277,8769,0.273691413,8744.615288,0.538010647,82,146,0.03301,0.015554,0.060856,1994,60405.93759,1.909882713,1,0,"{timeout:3600,max_col_multiplier:1,age_limit:2,random_seed:0,replication:1,num_threads:128}",1
new20100_32_aaa.json.gz,1941,n,20,100,LagrangeTemplate,highs,LTFarkas,1,43,1940.617391,1951,0.512557663,1940.617391,0,53,138,0.02154,0.015876,0.047701,1124,52181.987,1.309271939,1,0,"{timeout:3600,max_col_multiplier:1,age_limit:2,random_seed:0,replication:1,num_threads:128}",1
new20100_33_aec.json.gz,100,n,20,100,LagrangeTemplate,highs,LTFarkas,1,33,100,100,2.84E-14,100,0,20,192,0.020188,0.033041,0.063712,1519,75242.71845,1.664961647,1,0,"{timeout:3600,max_col_multiplier:1,age_limit:2,random_seed:0,replication:1,num_threads:128}",1
new20100_34_eea.json.gz,2623,n,20,100,LagrangeTemplate,highs,LTFarkas,1,61,2622.333333,2628,0.190258752,2622.333333,0,38,123,0.023567,0.017927,0.049485,1212,51427.84402,1.063440882,1,0,"{timeout:3600,max_col_multiplier:1,age_limit:2,random_seed:0,replication:1,num_threads:128}",1
new20100_35_eaa.json.gz,3925,n,20,100,LagrangeTemplate,highs,LTFarkas,1,27,3925,3925,0,3925,0,20,116,0.007516,0.007706,0.020445,352,46833.42203,1.357557206,1,0,"{timeout:3600,max_col_multiplier:1,age_limit:2,random_seed:0,replication:1,num_threads:128}",1
new20100_4_eaa.json.gz,1399,n,20,100,LagrangeTemplate,highs,LTFarkas,1,2,1398.773913,1399,0,1399,7791,20,40,0.000649,0.00097,0.005716,157,241910.6317,3.925,1,0,"{timeout:3600,max_col_multiplier:1,age_limit:2,random_seed:0,replication:1,num_threads:128}",1
new20100_5_eac.json.gz,1614,n,20,100,LagrangeTemplate,highs,LTFarkas,1,42,1613.2,1615,0.061919505,1613.4,0.2,41,129,0.013699,0.013091,0.033733,712,51974.59669,1.130188352,1,0,"{timeout:3600,max_col_multiplier:1,age_limit:2,random_seed:0,replication:1,num_threads:128}",1
new20100_6_adc.json.gz,16593,n,20,100,LagrangeTemplate,highs,LTFarkas,1,57,16592.39915,16999,2.388375787,16592.39915,0,95,145,0.042616,0.07197,0.13007,2876,67486.39009,2.128081656,1,0,"{timeout:3600,max_col_multiplier:1,age_limit:2,random_seed:0,replication:1,num_threads:128}",1
new20100_7_adc.json.gz,20563,n,20,100,LagrangeTemplate,highs,LTFarkas,1,92,20562.23839,20938,1.791002006,20562.23839,0,103,132,0.075117,0.117383,0.208296,4162,55406.89857,2.373326639,1,0,"{timeout:3600,max_col_multiplier:1,age_limit:2,random_seed:0,replication:1,num_threads:128}",1
new20100_8_aac.json.gz,10292,n,20,100,LagrangeTemplate,highs,LTFarkas,1,44,10291.6069,10644,3.307027433,10291.67203,0.065127141,78,140,0.027877,0.037342,0.077157,1848,66291.20781,1.551276815,1,0,"{timeout:3600,max_col_multiplier:1,age_limit:2,random_seed:0,replication:1,num_threads:128}",1
new20100_9_aaa.json.gz,6876,n,20,100,LagrangeTemplate,highs,LTFarkas,1,48,6875.40678,6981,1.50408251,6875.40678,0,64,124,0.021538,0.027703,0.058764,1179,54740.45872,1.28105754,1,0,"{timeout:3600,max_col_multiplier:1,age_limit:2,random_seed:0,replication:1,num_threads:128}",1
new201600_0_eac.json.gz,91967,n,20,1600,LagrangeTemplate,highs,LTFarkas,1,1208,91966.14801,92074.99994,0.117295619,91966.14801,0,105,1633,191.474359,4.977204,197.034977,198941,1038.995514,8.298800562,1,0,"{timeout:3600,max_col_multiplier:1,age_limit:8,random_seed:0,replication:1,num_threads:128}",1
new201600_1_edc.json.gz,136809,n,20,1600,LagrangeTemplate,highs,LTFarkas,1,1255,136808.0154,136894,0.062091837,136808.2563,0.240900921,108,1790,181.965074,15.769408,198.461417,164807,905.7067732,6.455551224,1,0,"{timeout:3600,max_col_multiplier:1,age_limit:8,random_seed:0,replication:1,num_threads:128}",1
new201600_10_ada.json.gz,26950,n,20,1600,LagrangeTemplate,highs,LTFarkas,1,1081,26949.01039,27083,0.491082967,26949.34033,0.32993096,148,1802,196.765064,87.065964,284.652302,122932,624.7653801,5.495520095,1,0,"{timeout:3600,max_col_multiplier:1,age_limit:8,random_seed:0,replication:1,num_threads:128}",1
new201600_11_aaa.json.gz,129881,n,20,1600,LagrangeTemplate,highs,LTFarkas,1,978,129880.0256,130215,0.256498863,129880.2852,0.259622006,150,1637,148.026165,62.359228,211.040939,146052,986.6634051,7.461489925,1,0,"{timeout:3600,max_col_multiplier:1,age_limit:8,random_seed:0,replication:1,num_threads:128}",1
new201600_12_eaa.json.gz,74706,n,20,1600,LagrangeTemplate,highs,LTFarkas,1,590,74705.5,74706,4.09E-13,74706,0.5,20,1629,7.044446,1.7981,9.053205,15659,2222.885944,1.485950532,1,0,"{timeout:3600,max_col_multiplier:1,age_limit:8,random_seed:0,replication:1,num_threads:128}",1
new201600_13_eea.json.gz,66963,n,20,1600,LagrangeTemplate,highs,LTFarkas,1,1277,66962.01545,67228,0.394180996,66962.28746,0.27201164,140,1718,192.285857,32.156782,225.284531,171048,889.5506028,6.538388687,1,0,"{timeout:3600,max_col_multiplier:1,age_limit:8,random_seed:0,replication:1,num_threads:128}",1
new201600_14_aea.json.gz,44602,n,20,1600,LagrangeTemplate,highs,LTFarkas,1,1158,44601.00739,44769,0.373025974,44601.12288,0.115495558,151,1711,222.912575,83.34453,307.18733,160529,720.1433118,6.642339488,1,0,"{timeout:3600,max_col_multiplier:1,age_limit:8,random_seed:0,replication:1,num_threads:128}",1
new201600_15_adc.json.gz,523724,n,20,1600,LagrangeTemplate,highs,LTFarkas,1,1393,523723.0096,525577,0.352564895,523723.1368,0.1271218,189,1760,564.88856,491.149031,1057.172155,163753,289.8854953,5.715873599,1,0,"{timeout:3600,max_col_multiplier:1,age_limit:8,random_seed:0,replication:1,num_threads:128}",1
new201600_16_aec.json.gz,2744,n,20,1600,LagrangeTemplate,highs,LTFarkas,1,929,2743.012445,2799,1.964987495,2743.055533,0.043087893,175,1729,125.479934,221.822313,348.152581,96037,765.3574316,4.886694045,1,0,"{timeout:3600,max_col_multiplier:1,age_limit:8,random_seed:0,replication:1,num_threads:128}",1
new201600_17_aaa.json.gz,119016,n,20,1600,LagrangeTemplate,highs,LTFarkas,1,823,119015.0979,120213,0.995732575,119015.9952,0.897312337,156,1642,134.630296,59.857754,195.080798,66224,491.8952269,3.861316554,1,0,"{timeout:3600,max_col_multiplier:1,age_limit:8,random_seed:0,replication:1,num_threads:128}",1
new201600_18_aaa.json.gz,140223,n,20,1600,LagrangeTemplate,highs,LTFarkas,1,1165,140222.0117,141038,0.577858449,140222.2962,0.28449533,155,1643,191.066934,88.424034,280.24411,201224,1053.159727,8.580834938,1,0,"{timeout:3600,max_col_multiplier:1,age_limit:8,random_seed:0,replication:1,num_threads:128}",1
new201600_19_aac.json.gz,81573,n,20,1600,LagrangeTemplate,highs,LTFarkas,1,1053,81572.18908,81883,0.378588956,81572.29214,0.103057636,158,1684,131.491665,50.215257,182.416959,129332,983.575651,6.004144029,1,0,"{timeout:3600,max_col_multiplier:1,age_limit:8,random_seed:0,replication:1,num_threads:128}",1
new201600_2_aaa.json.gz,179521,n,20,1600,LagrangeTemplate,highs,LTFarkas,1,984,179520.0403,181492,1.085998281,179520.686,0.645646619,151,1655,138.747631,80.41598,219.867862,112169,808.4390284,5.51468671,1,0,"{timeout:3600,max_col_multiplier:1,age_limit:8,random_seed:0,replication:1,num_threads:128}",1
new201600_20_edc.json.gz,133428,n,20,1600,LagrangeTemplate,highs,LTFarkas,1,1321,133427.0532,133497,0.051686553,133427.3131,0.259955977,100,1815,251.551142,17.421306,269.71464,224757,893.4843158,8.365495408,1,0,"{timeout:3600,max_col_multiplier:1,age_limit:8,random_seed:0,replication:1,num_threads:128}",1
new201600_21_eaa.json.gz,38212,n,20,1600,LagrangeTemplate,highs,LTFarkas,1,869,38211.11485,38212,1.66E-12,38212,0.885145482,20,1646,18.768111,2.94141,21.970995,16626,885.8643259,2.518654054,1,0,"{timeout:3600,max_col_multiplier:1,age_limit:8,random_seed:0,replication:1,num_threads:128}",1
new201600_22_aec.json.gz,22292,n,20,1600,LagrangeTemplate,highs,LTFarkas,1,1101,22291.07421,22479,0.831887539,22291.29929,0.225081777,164,1819,164.841041,109.094756,274.862192,120678,732.087102,5.22316905,1,0,"{timeout:3600,max_col_multiplier:1,age_limit:8,random_seed:0,replication:1,num_threads:128}",1
new201600_23_aea.json.gz,1600,n,20,1600,LagrangeTemplate,highs,LTFarkas,1,0,1600,1600,0,1600,0,0,0,0.075523,0.075523,0.061038,1600,,,1,0,"{timeout:3600,max_col_multiplier:1,age_limit:8,random_seed:0,replication:1,num_threads:128}",1
new201600_24_aac.json.gz,71829,n,20,1600,LagrangeTemplate,highs,LTFarkas,1,969,71828.07259,72117,0.399351054,71828.23187,0.159281757,146,1644,115.839251,44.130374,160.655209,104774,904.4775333,5.329252923,1,0,"{timeout:3600,max_col_multiplier:1,age_limit:8,random_seed:0,replication:1,num_threads:128}",1
new201600_25_eda.json.gz,115748,n,20,1600,LagrangeTemplate,highs,LTFarkas,1,1403,115747.0389,115878,0.112186955,115747.8142,0.775263867,127,1801,188.942131,29.650385,219.340073,144395,764.2287045,5.033628161,1,0,"{timeout:3600,max_col_multiplier:1,age_limit:8,random_seed:0,replication:1,num_threads:128}",1
new201600_26_ada.json.gz,398172,n,20,1600,LagrangeTemplate,highs,LTFarkas,1,1310,398171.0294,399152,0.245520503,398171.8669,0.837507843,199,1874,469.497462,450.014693,920.669932,157863,336.2382393,5.824299585,1,0,"{timeout:3600,max_col_multiplier:1,age_limit:8,random_seed:0,replication:1,num_threads:128}",1
new201600_27_aec.json.gz,18469,n,20,1600,LagrangeTemplate,highs,LTFarkas,1,987,18468.04347,18613,0.773652823,18468.72505,0.681584012,163,1916,174.653997,133.487646,309.010724,120338,689.0079933,5.787186217,1,0,"{timeout:3600,max_col_multiplier:1,age_limit:8,random_seed:0,replication:1,num_threads:128}",1
new201600_28_eea.json.gz,74043,n,20,1600,LagrangeTemplate,highs,LTFarkas,1,1234,74042.03158,74425,0.513268391,74042.96739,0.935805446,143,1792,143.663471,32.807495,177.357693,107541,748.5618943,4.180566347,1,0,"{timeout:3600,max_col_multiplier:1,age_limit:8,random_seed:0,replication:1,num_threads:128}",1
new201600_29_eda.json.gz,114163,n,20,1600,LagrangeTemplate,highs,LTFarkas,1,2376,114162.0195,114208.9999,0.040276949,114162.1353,0.115827425,127,1706,2122.743128,41.061878,2164.983087,754780,355.5682221,15.83084581,1,0,"{timeout:3600,max_col_multiplier:1,age_limit:8,random_seed:0,replication:1,num_threads:128}",1
new201600_3_aec.json.gz,2539,n,20,1600,LagrangeTemplate,highs,LTFarkas,1,1029,2538.035066,2571,1.244651884,2538.349022,0.313955912,182,1857,157.634468,207.534591,365.98747,128698,816.4331166,5.999771872,1,0,"{timeout:3600,max_col_multiplier:1,age_limit:8,random_seed:0,replication:1,num_threads:128}",1
new201600_30_eaa.json.gz,19292,n,20,1600,LagrangeTemplate,highs,LTFarkas,1,665,19292,19292,0,19292,96.5,20,1702,6.848045,1.850329,8.941746,12360,1804.894682,0.848718378,1,0,"{timeout:3600,max_col_multiplier:1,age_limit:8,random_seed:0,replication:1,num_threads:128}",1
new201600_31_ada.json.gz,337879,n,20,1600,LagrangeTemplate,highs,LTFarkas,1,1466,337878.0028,338450,0.168710297,337878.5519,0.549020001,206,1834,572.005038,477.874085,1051.060962,177311,309.9815355,5.89232328,1,0,"{timeout:3600,max_col_multiplier:1,age_limit:8,random_seed:100,replication:1,num_threads:128}",1
new201600_33_eac.json.gz,66352,n,20,1600,LagrangeTemplate,highs,LTFarkas,1,1164,66351.07259,66390,0.057237533,66351.14331,0.070716432,116,1631,113.507504,4.908896,118.929395,118062,1040.125065,5.193434957,1,0,"{timeout:3600,max_col_multiplier:1,age_limit:8,random_seed:0,replication:1,num_threads:128}",1
new201600_34_eec.json.gz,348773,n,20,1600,LagrangeTemplate,highs,LTFarkas,1,1404,348772.4555,348776,0.000860148,348776,3.544529633,20,1883,226.362876,24.480449,252.132441,277891,1227.635047,9.646762299,1,0,"{timeout:3600,max_col_multiplier:1,age_limit:8,random_seed:0,replication:1,num_threads:128}",1
new201600_35_aea.json.gz,1610,n,20,1600,LagrangeTemplate,highs,LTFarkas,1,0,1610,1610,0,1610,0,0,0,0.075259,0.07526,0.060524,1600,,,1,0,"{timeout:3600,max_col_multiplier:1,age_limit:8,random_seed:0,replication:1,num_threads:128}",1
new201600_4_edc.json.gz,140970,n,20,1600,LagrangeTemplate,highs,LTFarkas,1,1398,140969.0027,141001,0.021985656,140969.2274,0.224691202,92,1673,183.164698,12.30955,196.256607,234807,1281.944625,8.375533409,1,0,"{timeout:3600,max_col_multiplier:1,age_limit:8,random_seed:0,replication:1,num_threads:128}",1
new201600_5_eec.json.gz,196151,n,20,1600,LagrangeTemplate,highs,LTFarkas,1,1168,196150.102,196545.9999,0.200970738,196150.75,0.64802808,74,1735,157.268525,29.500506,187.818708,156839,997.2688432,6.540356642,1,0,"{timeout:3600,max_col_multiplier:1,age_limit:8,random_seed:0,replication:1,num_threads:128}",1
new201600_6_edc.json.gz,140577,n,20,1600,LagrangeTemplate,highs,LTFarkas,1,1472,140576.0775,140602,0.017780682,140576.6463,0.568779162,85,1749,309.909128,14.139695,324.889895,369150,1191.155622,12.41660949,1,0,"{timeout:3600,max_col_multiplier:1,age_limit:8,random_seed:0,replication:1,num_threads:128}",1
new201600_7_eec.json.gz,305858,n,20,1600,LagrangeTemplate,highs,LTFarkas,1,1266,305857.0234,305934.9999,0.025168711,305857.0937,0.0703125,85,1652,309.591787,23.732766,334.455344,300989,972.2124831,11.65215958,1,0,"{timeout:3600,max_col_multiplier:1,age_limit:8,random_seed:0,replication:1,num_threads:128}",1
new201600_8_aea.json.gz,1600,n,20,1600,LagrangeTemplate,highs,LTFarkas,1,0,1600,1600,0,1600,0,0,0,0.075379,0.075379,0.06047,1600,,,1,0,"{timeout:3600,max_col_multiplier:1,age_limit:8,random_seed:0,replication:1,num_threads:128}",1
new201600_9_eec.json.gz,224872,n,20,1600,LagrangeTemplate,highs,LTFarkas,1,1414,224871.0177,224879,0.003112784,224871.3404,0.322695035,83,1714,266.17356,34.643161,302.032885,291088,1093.602235,10.05291503,1,0,"{timeout:3600,max_col_multiplier:1,age_limit:8,random_seed:0,replication:1,num_threads:128}",1
new20200_0_eda.json.gz,12584,n,20,200,LagrangeTemplate,highs,LTFarkas,1,145,12583.1485,12642,0.458788166,12583.83761,0.689102564,72,248,0.133717,0.086135,0.240838,4863,36367.85151,1.617465108,1,0,"{timeout:3600,max_col_multiplier:1,age_limit:2,random_seed:0,replication:1,num_threads:128}",1
new20200_1_eac.json.gz,7700,n,20,200,LagrangeTemplate,highs,LTFarkas,1,104,7699.373333,7702,0.025967281,7699.373333,0,65,230,0.088254,0.034293,0.144441,2978,33743.51304,1.511022596,1,0,"{timeout:3600,max_col_multiplier:1,age_limit:2,random_seed:0,replication:1,num_threads:128}",1
new20200_10_edc.json.gz,17096,n,20,200,LagrangeTemplate,highs,LTFarkas,1,168,17095.41858,17124,0.163513198,17095.88877,0.470184634,93,244,0.22852,0.088163,0.344671,7588,33204.97112,2.205442662,1,0,"{timeout:3600,max_col_multiplier:1,age_limit:2,random_seed:0,replication:1,num_threads:128}",1
new20200_11_aaa.json.gz,2790,n,20,200,LagrangeTemplate,highs,LTFarkas,1,109,2789.166168,2809,0.676397294,2789.566143,0.399975087,86,234,0.189726,0.208183,0.42142,4846,25542.09755,2.117694367,1,0,"{timeout:3600,max_col_multiplier:1,age_limit:2,random_seed:0,replication:1,num_threads:128}",1
new20200_12_eaa.json.gz,9465,n,20,200,LagrangeTemplate,highs,LTFarkas,1,50,9464.25,9465,0,9465,0.75,20,222,0.021681,0.01558,0.052729,583,26889.9036,1.212330409,1,0,"{timeout:3600,max_col_multiplier:1,age_limit:2,random_seed:0,replication:1,num_threads:128}",1
new20200_13_aea.json.gz,2452,n,20,200,LagrangeTemplate,highs,LTFarkas,1,161,2451.317902,2516,2.543720191,2451.454519,0.136617111,124,252,0.429382,0.456444,0.926706,8634,20107.96913,2.513046115,1,0,"{timeout:3600,max_col_multiplier:1,age_limit:2,random_seed:0,replication:1,num_threads:128}",1
new20200_14_edc.json.gz,16602,n,20,200,LagrangeTemplate,highs,LTFarkas,1,163,16601.33349,16671,0.413892388,16601.61743,0.283937104,103,267,0.219885,0.087516,0.348514,7489,34058.71251,2.242589423,1,0,"{timeout:3600,max_col_multiplier:1,age_limit:2,random_seed:0,replication:1,num_threads:128}",1
new20200_15_edc.json.gz,17467,n,20,200,LagrangeTemplate,highs,LTFarkas,1,116,17466.34942,17508,0.234178661,17466.8792,0.529777778,83,250,0.143266,0.054181,0.222527,5342,37287.28379,2.159388768,1,0,"{timeout:3600,max_col_multiplier:1,age_limit:2,random_seed:0,replication:1,num_threads:128}",1
new20200_16_aac.json.gz,7599,n,20,200,LagrangeTemplate,highs,LTFarkas,1,98,7598.038632,7875,3.504761905,7598.038632,0,93,235,0.204346,0.309065,0.539565,3889,19031.44666,1.864876389,1,0,"{timeout:3600,max_col_multiplier:1,age_limit:2,random_seed:0,replication:1,num_threads:128}",1
new20200_17_aaa.json.gz,14737,n,20,200,LagrangeTemplate,highs,LTFarkas,1,108,14736.37244,15816,6.822205362,14736.37244,0,82,242,0.217769,0.254681,0.513065,4761,21862.61589,2.049043301,1,0,"{timeout:3600,max_col_multiplier:1,age_limit:2,random_seed:0,replication:1,num_threads:128}",1
new20200_18_aaa.json.gz,7134,n,20,200,LagrangeTemplate,highs,LTFarkas,1,89,7133.607306,7376,3.280911063,7133.71588,0.108574328,87,235,0.15454,0.180864,0.366836,3364,21767.8271,1.738874466,1,0,"{timeout:3600,max_col_multiplier:1,age_limit:2,random_seed:0,replication:1,num_threads:128}",1
new20200_19_aac.json.gz,23828,n,20,200,LagrangeTemplate,highs,LTFarkas,1,86,23827.1374,24337,2.09146567,23827.25443,0.117036011,86,251,0.106398,0.122213,0.258866,3682,34605.91364,1.965461878,1,0,"{timeout:3600,max_col_multiplier:1,age_limit:2,random_seed:0,replication:1,num_threads:128}",1
new20200_2_adc.json.gz,38242,n,20,200,LagrangeTemplate,highs,LTFarkas,1,198,38241.00232,39053,2.076665045,38241.16721,0.164884522,148,247,0.772589,1.024585,1.863317,12423,16079.70085,3.065575876,1,0,"{timeout:3600,max_col_multiplier:1,age_limit:2,random_seed:0,replication:1,num_threads:128}",1
new20200_20_aec.json.gz,1998,n,20,200,LagrangeTemplate,highs,LTFarkas,1,132,1997.340562,2047,2.393746947,1997.418994,0.078431926,116,244,0.406696,0.580782,1.027456,7829,19250.2508,2.762180444,1,0,"{timeout:3600,max_col_multiplier:1,age_limit:2,random_seed:0,replication:1,num_threads:128}",1
new20200_21_eea.json.gz,4994,n,20,200,LagrangeTemplate,highs,LTFarkas,1,132,4993.005291,5059,1.284838901,4993.592593,0.587301587,70,230,0.121353,0.076709,0.229339,4610,37988.34804,1.680579832,1,0,"{timeout:3600,max_col_multiplier:1,age_limit:2,random_seed:0,replication:1,num_threads:128}",1
new20200_22_eec.json.gz,24663,n,20,200,LagrangeTemplate,highs,LTFarkas,1,140,24662.09836,25000,1.348,24662.57377,0.475409836,96,235,0.178801,0.103528,0.327932,7735,43260.38445,2.482749563,1,0,"{timeout:3600,max_col_multiplier:1,age_limit:2,random_seed:0,replication:1,num_threads:128}",1
new20200_23_eea.json.gz,5470,n,20,200,LagrangeTemplate,highs,LTFarkas,1,147,5469.214938,5522,0.941687794,5469.260106,0.045167802,94,228,0.141152,0.087596,0.250176,5065,35883.30311,1.685141978,1,0,"{timeout:3600,max_col_multiplier:1,age_limit:2,random_seed:0,replication:1,num_threads:128}",1
new20200_24_eaa.json.gz,8009,n,20,200,LagrangeTemplate,highs,LTFarkas,1,56,8009,8009,0,8009,0,20,222,0.029153,0.016258,0.056681,879,30151.27088,1.285377447,1,0,"{timeout:3600,max_col_multiplier:1,age_limit:2,random_seed:0,replication:1,num_threads:128}",1
new20200_25_ada.json.gz,6091,n,20,200,LagrangeTemplate,highs,LTFarkas,1,199,6090.137651,6589,7.558051298,6090.268214,0.130563097,151,229,0.727342,1.442441,2.213152,10745,14772.96787,2.688414156,1,0,"{timeout:3600,max_col_multiplier:1,age_limit:2,random_seed:0,replication:1,num_threads:128}",1
new20200_26_aec.json.gz,235,n,20,200,LagrangeTemplate,highs,LTFarkas,1,144,234.1792485,251,6.374501992,234.8606518,0.681403316,103,270,0.377653,0.879943,1.318856,7269,19247.82803,2.29398591,1,0,"{timeout:3600,max_col_multiplier:1,age_limit:2,random_seed:0,replication:1,num_threads:128}",1
new20200_27_edc.json.gz,17811,n,20,200,LagrangeTemplate,highs,LTFarkas,1,114,17810.11554,17819,0.044895898,17810.96215,0.846613546,63,242,0.12346,0.050827,0.21726,4656,37712.61947,1.849674447,1,0,"{timeout:3600,max_col_multiplier:1,age_limit:2,random_seed:0,replication:1,num_threads:128}",1
new20200_28_adc.json.gz,71581,n,20,200,LagrangeTemplate,highs,LTFarkas,1,162,71580.01249,72172,0.818877127,71580.16964,0.157143397,144,245,0.613746,0.881924,1.537028,9848,16045.72576,2.932875237,1,0,"{timeout:3600,max_col_multiplier:1,age_limit:2,random_seed:0,replication:1,num_threads:128}",1
new20200_29_ada.json.gz,40776,n,20,200,LagrangeTemplate,highs,LTFarkas,1,224,40775.12815,41537,1.8321015,40775.25283,0.1246821,162,245,1.062627,2.573153,3.705827,14927,14047.26212,3.254605794,1,0,"{timeout:3600,max_col_multiplier:1,age_limit:2,random_seed:0,replication:1,num_threads:128}",1
new20200_3_aaa.json.gz,7231,n,20,200,LagrangeTemplate,highs,LTFarkas,1,113,7230.554888,7267,0.49539012,7230.554888,0,79,222,0.138551,0.165368,0.324744,4210,30385.92287,1.908409149,1,0,"{timeout:3600,max_col_multiplier:1,age_limit:2,random_seed:0,replication:1,num_threads:128}",1
new20200_30_edc.json.gz,16409,n,20,200,LagrangeTemplate,highs,LTFarkas,1,170,16408.13482,16452,0.261366399,16408.80261,0.66779199,109,275,0.248341,0.0931,0.384774,8374,33719.76436,2.386297473,1,0,"{timeout:3600,max_col_multiplier:1,age_limit:2,random_seed:0,replication:1,num_threads:128}",1
new20200_31_ada.json.gz,2094,n,20,200,LagrangeTemplate,highs,LTFarkas,1,155,2093.211389,2371,11.68283425,2093.260625,0.049236215,122,229,0.439841,0.495149,0.971112,8796,19998.13569,2.646358249,1,0,"{timeout:3600,max_col_multiplier:1,age_limit:2,random_seed:0,replication:1,num_threads:128}",1
new20200_32_eec.json.gz,33599,n,20,200,LagrangeTemplate,highs,LTFarkas,1,157,33598.61765,33599,0,33599,0.382352941,20,236,0.247247,0.106833,0.418732,9724,39329.09196,2.728263049,1,0,"{timeout:3600,max_col_multiplier:1,age_limit:2,random_seed:0,replication:1,num_threads:128}",1
new20200_33_aec.json.gz,5749,n,20,200,LagrangeTemplate,highs,LTFarkas,1,155,5748.054203,6104,5.815858453,5748.065434,0.011231468,126,256,0.413541,0.316576,0.773804,8832,21357.01176,2.608273459,1,0,"{timeout:3600,max_col_multiplier:1,age_limit:2,random_seed:0,replication:1,num_threads:128}",1
new20200_34_eda.json.gz,12935,n,20,200,LagrangeTemplate,highs,LTFarkas,1,153,12934.05646,13023,0.675727559,12934.54709,0.490628413,112,251,0.174194,0.104841,0.30859,5865,33669.35715,1.838387059,1,0,"{timeout:3600,max_col_multiplier:1,age_limit:2,random_seed:0,replication:1,num_threads:128}",1
new20200_35_edc.json.gz,17289,n,20,200,LagrangeTemplate,highs,LTFarkas,1,129,17288.05721,17329,0.230826938,17288.11951,0.062304075,82,225,0.1645,0.062141,0.251947,5824,35404.25532,2.126616549,1,0,"{timeout:3600,max_col_multiplier:1,age_limit:2,random_seed:0,replication:1,num_threads:128}",1
new20200_4_ada.json.gz,39240,n,20,200,LagrangeTemplate,highs,LTFarkas,1,224,39239.61312,40898,4.05398797,39239.82986,0.216742352,163,268,1.032872,2.249949,3.34143,14502,14040.46194,3.103455682,1,0,"{timeout:3600,max_col_multiplier:1,age_limit:2,random_seed:0,replication:1,num_threads:128}",1
new20200_5_aec.json.gz,2334,n,20,200,LagrangeTemplate,highs,LTFarkas,1,132,2333.08203,2439,4.30504305,2333.386536,0.304506426,114,238,0.351936,0.430348,0.844029,7190,20429.85088,2.491008418,1,0,"{timeout:3600,max_col_multiplier:1,age_limit:2,random_seed:0,replication:1,num_threads:128}",1
new20200_6_ada.json.gz,14439,n,20,200,LagrangeTemplate,highs,LTFarkas,1,220,14438.00206,14822,2.583996762,14438.00302,0.000957677,157,234,0.861983,1.887492,2.813967,13145,15249.7207,2.912876322,1,0,"{timeout:3600,max_col_multiplier:1,age_limit:2,random_seed:0,replication:1,num_threads:128}",1
new20200_7_aea.json.gz,200,n,20,200,LagrangeTemplate,highs,LTFarkas,1,0,200,200,0,200,0,0,0,0.02778,0.02778,0.014087,200,,,1,0,"{timeout:3600,max_col_multiplier:1,age_limit:2,random_seed:0,replication:1,num_threads:128}",1
new20200_8_eec.json.gz,30150,n,20,200,LagrangeTemplate,highs,LTFarkas,1,162,30149.09418,30169,0.062978554,30149.09418,0,94,226,0.247227,0.107627,0.41558,9656,39057.22271,2.758949992,1,0,"{timeout:3600,max_col_multiplier:1,age_limit:2,random_seed:0,replication:1,num_threads:128}",1
new20200_9_aec.json.gz,200,n,20,200,LagrangeTemplate,highs,LTFarkas,1,44,200,201,0.497512438,200,35,29,302,0.036541,0.096895,0.156677,1649,45127.39115,1.185975845,1,0,"{timeout:3600,max_col_multiplier:1,age_limit:2,random_seed:0,replication:1,num_threads:128}",1
new20400_0_aea.json.gz,406,n,20,400,LagrangeTemplate,highs,LTFarkas,1,0,406,406,0,406,0,0,0,0.023058,0.023058,0.01369,400,,,1,0,"{timeout:3600,max_col_multiplier:1,age_limit:2,random_seed:0,replication:1,num_threads:128}",1
new20400_1_aea.json.gz,400,n,20,400,LagrangeTemplate,highs,LTFarkas,1,0,400,400,0,400,0,0,0,0.02278,0.02278,0.013495,400,,,1,0,"{timeout:3600,max_col_multiplier:1,age_limit:2,random_seed:0,replication:1,num_threads:128}",1
new20400_10_eaa.json.gz,11849,n,20,400,LagrangeTemplate,highs,LTFarkas,1,112,11848.45455,11849,0,11849,33.33333333,20,424,0.092888,0.043872,0.15881,1232,13263.28482,1.238241595,1,0,"{timeout:3600,max_col_multiplier:1,age_limit:2,random_seed:0,replication:1,num_threads:128}",1
new20400_11_aaa.json.gz,26571,n,20,400,LagrangeTemplate,highs,LTFarkas,1,256,26570.30342,26657,0.322616949,26570.30342,0,99,422,1.353978,1.487175,2.909939,12734,9404.879548,2.414889138,1,0,"{timeout:3600,max_col_multiplier:1,age_limit:2,random_seed:0,replication:1,num_threads:128}",1
new20400_12_aaa.json.gz,7739,n,20,400,LagrangeTemplate,highs,LTFarkas,1,245,7738.582571,7783,0.565334704,7738.782194,0.199622184,101,433,1.313467,1.766949,3.162449,10747,8182.162171,2.080567006,1,0,"{timeout:3600,max_col_multiplier:1,age_limit:2,random_seed:0,replication:1,num_threads:128}",1
new20400_13_eaa.json.gz,6616,n,20,400,LagrangeTemplate,highs,LTFarkas,1,63,6615.111111,6616,0,6616,0.888888889,20,423,0.051316,0.026109,0.110156,1070,20851.19651,1.153441216,1,0,"{timeout:3600,max_col_multiplier:1,age_limit:2,random_seed:0,replication:1,num_threads:128}",1
new20400_14_edc.json.gz,33578,n,20,400,LagrangeTemplate,highs,LTFarkas,1,325,33577.00405,33646,0.202104262,33577.01056,0.006510851,112,428,0.839734,0.394283,1.296472,12740,15171.47097,1.896218575,1,0,"{timeout:3600,max_col_multiplier:1,age_limit:2,random_seed:0,replication:1,num_threads:128}",1
new20400_15_eac.json.gz,15131,n,20,400,LagrangeTemplate,highs,LTFarkas,1,216,15130.5242,15248,0.767313746,15130.5242,0,102,436,0.509701,0.135009,0.68919,9837,19299.55013,2.157543408,1,0,"{timeout:3600,max_col_multiplier:1,age_limit:2,random_seed:0,replication:1,num_threads:128}",1
new20400_16_edc.json.gz,34220,n,20,400,LagrangeTemplate,highs,LTFarkas,1,332,34219.01627,34282,0.180852926,34219.04189,0.025624251,109,444,0.939557,0.389028,1.394878,15343,16330.03639,2.223528958,1,0,"{timeout:3600,max_col_multiplier:1,age_limit:2,random_seed:0,replication:1,num_threads:128}",1
new20400_17_aea.json.gz,400,n,20,400,LagrangeTemplate,highs,LTFarkas,1,0,400,400,0,400,0,0,0,0.022869,0.022869,0.01354,400,,,1,0,"{timeout:3600,max_col_multiplier:1,age_limit:2,random_seed:0,replication:1,num_threads:128}",1
new20400_18_aec.json.gz,400,n,20,400,LagrangeTemplate,highs,LTFarkas,1,83,400,405,1.234567901,400,231,28,507,0.264092,0.518826,0.840992,3203,12128.34921,1.289976573,1,0,"{timeout:3600,max_col_multiplier:1,age_limit:2,random_seed:0,replication:1,num_threads:128}",1
new20400_19_eac.json.gz,26702,n,20,400,LagrangeTemplate,highs,LTFarkas,1,224,26701.49198,26943,0.894480941,26701.68786,0.195883387,90,425,0.48298,0.132476,0.672429,7846,16244.97909,1.807307916,1,0,"{timeout:3600,max_col_multiplier:1,age_limit:2,random_seed:0,replication:1,num_threads:128}",1
new20400_2_edc.json.gz,33052,n,20,400,LagrangeTemplate,highs,LTFarkas,1,370,33051.02233,33101,0.148031782,33051.34316,0.320835089,113,438,1.088922,0.47259,1.632483,18139,16657.75877,2.359123917,1,0,"{timeout:3600,max_col_multiplier:1,age_limit:2,random_seed:0,replication:1,num_threads:128}",1
new20400_20_eaa.json.gz,9659,n,20,400,LagrangeTemplate,highs,LTFarkas,1,158,9658.023012,9659,1.88E-14,9659,0.976988285,20,427,0.162698,0.07865,0.266135,2072,12735.25182,1.638514834,1,0,"{timeout:3600,max_col_multiplier:1,age_limit:2,random_seed:0,replication:1,num_threads:128}",1
new20400_21_adc.json.gz,94524,n,20,400,LagrangeTemplate,highs,LTFarkas,1,452,94523.06169,95742,1.272168954,94523.85463,0.792944865,168,460,4.920665,15.798442,20.861954,28980,5889.447869,3.061154454,1,0,"{timeout:3600,max_col_multiplier:1,age_limit:2,random_seed:0,replication:1,num_threads:128}",1
new20400_22_aea.json.gz,400,n,20,400,LagrangeTemplate,highs,LTFarkas,1,0,400,400,0,400,0,0,0,0.043632,0.043632,0.027816,400,,,1,0,"{timeout:3600,max_col_multiplier:1,age_limit:2,random_seed:0,replication:1,num_threads:128}",1
new20400_23_aec.json.gz,16816,n,20,400,LagrangeTemplate,highs,LTFarkas,1,357,16815.03006,17196,2.209816236,16815.07164,0.04158511,117,430,2.337593,1.915901,4.384442,21703,9284.336495,2.814106604,1,0,"{timeout:3600,max_col_multiplier:1,age_limit:2,random_seed:0,replication:1,num_threads:128}",1
new20400_24_eac.json.gz,6542,n,20,400,LagrangeTemplate,highs,LTFarkas,1,176,6541.210017,6573,0.47162635,6541.621377,0.411360532,96,440,0.32522,0.107154,0.482216,6142,18885.67739,1.615978051,1,0,"{timeout:3600,max_col_multiplier:1,age_limit:2,random_seed:0,replication:1,num_threads:128}",1
new20400_25_ada.json.gz,35543,n,20,400,LagrangeTemplate,highs,LTFarkas,1,473,35542.03348,35826,0.789929102,35542.11744,0.083969111,181,452,5.030398,10.675612,15.849818,30299,6023.181466,3.075898232,1,0,"{timeout:3600,max_col_multiplier:1,age_limit:2,random_seed:0,replication:1,num_threads:128}",1
new20400_26_edc.json.gz,33558,n,20,400,LagrangeTemplate,highs,LTFarkas,1,391,33557.00327,33582,0.071466857,33557.06871,0.065438261,101,458,1.269753,0.516242,1.874514,19995,15747.15712,2.487659581,1,0,"{timeout:3600,max_col_multiplier:1,age_limit:2,random_seed:0,replication:1,num_threads:128}",1
new20400_27_aea.json.gz,423,n,20,400,LagrangeTemplate,highs,LTFarkas,1,0,423,423,0,423,0,0,0,0.022953,0.022953,0.013161,400,,,1,0,"{timeout:3600,max_col_multiplier:1,age_limit:2,random_seed:0,replication:1,num_threads:128}",1
new20400_28_eac.json.gz,14173,n,20,400,LagrangeTemplate,highs,LTFarkas,1,228,14172.20775,14208,0.24634009,14172.20775,0,92,422,0.598738,0.137677,0.781622,11089,18520.62171,2.348993581,1,0,"{timeout:3600,max_col_multiplier:1,age_limit:2,random_seed:0,replication:1,num_threads:128}",1
new20400_29_eec.json.gz,160449,n,20,400,LagrangeTemplate,highs,LTFarkas,1,273,160448.1724,160517,0.042363114,160448.931,0.75862069,48,429,0.78787,0.334098,1.239949,15519,19697.41201,2.460379684,1,0,"{timeout:3600,max_col_multiplier:1,age_limit:2,random_seed:0,replication:1,num_threads:128}",1
new20400_3_ada.json.gz,72802,n,20,400,LagrangeTemplate,highs,LTFarkas,1,428,72801.01428,73886,1.46712503,72801.07764,0.063354463,175,431,4.9156,18.842273,23.917552,28361,5769.590691,3.178407017,1,0,"{timeout:3600,max_col_multiplier:1,age_limit:2,random_seed:0,replication:1,num_threads:128}",1
new20400_30_aac.json.gz,31277,n,20,400,LagrangeTemplate,highs,LTFarkas,1,188,31276.35979,31873,1.86992125,31276.58829,0.228494416,118,431,0.515083,0.363432,0.93074,8164,15849.87274,1.969191194,1,0,"{timeout:3600,max_col_multiplier:1,age_limit:2,random_seed:0,replication:1,num_threads:128}",1
new20400_31_edc.json.gz,33861,n,20,400,LagrangeTemplate,highs,LTFarkas,1,312,33860.24791,33910,0.144500147,33860.97036,0.722453546,117,476,0.837353,0.35798,1.258409,14521,17341.55129,2.198322088,1,0,"{timeout:3600,max_col_multiplier:1,age_limit:2,random_seed:0,replication:1,num_threads:128}",1
new20400_32_aea.json.gz,400,n,20,400,LagrangeTemplate,highs,LTFarkas,1,0,400,400,0,400,0,0,0,0.023021,0.023021,0.013531,400,,,1,0,"{timeout:3600,max_col_multiplier:1,age_limit:2,random_seed:0,replication:1,num_threads:128}",1
new20400_33_edc.json.gz,34256,n,20,400,LagrangeTemplate,highs,LTFarkas,1,307,34255.00137,34289,0.096240777,34255.3059,0.304523811,106,469,0.89184,0.346536,1.300892,14839,16638.63473,2.275529552,1,0,"{timeout:3600,max_col_multiplier:1,age_limit:2,random_seed:0,replication:1,num_threads:128}",1
new20400_34_aea.json.gz,400,n,20,400,LagrangeTemplate,highs,LTFarkas,1,0,400,400,0,400,0,0,0,0.022896,0.022896,0.013514,400,,,1,0,"{timeout:3600,max_col_multiplier:1,age_limit:2,random_seed:0,replication:1,num_threads:128}",1
new20400_35_ada.json.gz,32241,n,20,400,LagrangeTemplate,highs,LTFarkas,1,466,32240.00633,33103,2.603993596,32240.68155,0.675222098,153,473,4.596583,10.929058,15.666069,27731,6032.959701,2.898633954,1,0,"{timeout:3600,max_col_multiplier:1,age_limit:2,random_seed:0,replication:1,num_threads:128}",1
new20400_4_aaa.json.gz,21680,n,20,400,LagrangeTemplate,highs,LTFarkas,1,250,21679.03935,22310,2.823845809,21679.12593,0.086578724,112,431,1.42654,1.634447,3.171065,11868,8319.43023,2.199270454,1,0,"{timeout:3600,max_col_multiplier:1,age_limit:2,random_seed:0,replication:1,num_threads:128}",1
new20400_5_ada.json.gz,55812,n,20,400,LagrangeTemplate,highs,LTFarkas,1,390,55811.07048,56300,0.86678508,55811.11381,0.043327446,178,444,3.761984,10.797411,14.701596,23918,6357.815451,2.902534377,1,0,"{timeout:3600,max_col_multiplier:1,age_limit:2,random_seed:0,replication:1,num_threads:128}",1
new20400_7_aea.json.gz,5877,n,20,400,LagrangeTemplate,highs,LTFarkas,1,358,5876.135138,5989,1.870095174,5876.755448,0.620310047,154,470,2.702945,3.304237,6.139256,20127,7446.322437,2.600986353,1,0,"{timeout:3600,max_col_multiplier:1,age_limit:2,random_seed:0,replication:1,num_threads:128}",1
new20400_8_eec.json.gz,80711,n,20,400,LagrangeTemplate,highs,LTFarkas,1,405,80710.01786,80714,0.003716827,80710.33929,0.321428571,65,428,1.438869,0.694347,2.283466,25489,17714.60779,2.882597044,1,0,"{timeout:3600,max_col_multiplier:1,age_limit:2,random_seed:0,replication:1,num_threads:128}",1
new20400_9_eac.json.gz,17580,n,20,400,LagrangeTemplate,highs,LTFarkas,1,189,17579.14747,17666,0.486810823,17579.14747,0,92,422,0.340044,0.117366,0.495009,5886,17309.52465,1.508338206,1,0,"{timeout:3600,max_col_multiplier:1,age_limit:2,random_seed:0,replication:1,num_threads:128}",1
new30900_1_eaa.json.gz,23514,n,30,900,LagrangeTemplate,highs,LTFarkas,1,403,23513.13194,23514,4.18E-13,23514,0.868055556,30,942,1.083777,0.416495,1.596856,5726,5283.374716,2.069341639,1,0,"{timeout:3600,max_col_multiplier:1,age_limit:3,random_seed:0,replication:1,num_threads:128}",1
new30900_10_aaa.json.gz,49810,n,30,900,LagrangeTemplate,highs,LTFarkas,1,363,49809.31326,50417,1.203958982,49809.79106,0.477803365,189,986,5.243482,2.592679,8.048396,39100,7456.876938,3.425618227,1,0,"{timeout:3600,max_col_multiplier:1,age_limit:3,random_seed:0,replication:1,num_threads:128}",1
new30900_11_aea.json.gz,8423,n,30,900,LagrangeTemplate,highs,LTFarkas,1,1267,8422.204351,8487,0.754094496,8422.468314,0.263962581,156,1002,162.455803,43.917098,207.545192,410991,2529.863461,9.538989683,1,0,"{timeout:3600,max_col_multiplier:1,age_limit:3,random_seed:0,replication:1,num_threads:128}",1
new30900_12_aea.json.gz,900,n,30,900,LagrangeTemplate,highs,LTFarkas,1,0,900,900,0,900,0,0,0,0.082841,0.082841,0.058423,900,,,1,0,"{timeout:3600,max_col_multiplier:1,age_limit:3,random_seed:0,replication:1,num_threads:128}",1
new30900_13_edc.json.gz,73742,n,30,900,LagrangeTemplate,highs,LTFarkas,1,494,73742,73831,0.12054557,73742,26.00000028,155,1117,6.990642,1.469497,8.711047,46449,6644.454115,3.014459397,1,0,"{timeout:3600,max_col_multiplier:1,age_limit:3,random_seed:0,replication:1,num_threads:128}",1
new30900_14_aaa.json.gz,50029,n,30,900,LagrangeTemplate,highs,LTFarkas,1,617,50028.20391,50186,0.312836249,50028.41405,0.210140403,180,944,14.784696,7.374958,22.465022,87893,5944.863526,4.700770357,1,0,"{timeout:3600,max_col_multiplier:1,age_limit:3,random_seed:0,replication:1,num_threads:128}",1
new30900_15_aec.json.gz,1969,n,30,900,LagrangeTemplate,highs,LTFarkas,1,479,1968.042866,2066,4.695062924,1968.170545,0.127678905,226,1015,13.41909,28.233246,42.004539,51468,3835.431464,3.400582957,1,0,"{timeout:3600,max_col_multiplier:1,age_limit:3,random_seed:0,replication:1,num_threads:128}",1
new30900_16_eaa.json.gz,34284,n,30,900,LagrangeTemplate,highs,LTFarkas,1,321,34283.66667,34284,0,34284,0.333333333,30,934,1.05868,0.359976,1.534794,9535,9006.498659,1.253323562,1,0,"{timeout:3600,max_col_multiplier:1,age_limit:3,random_seed:0,replication:1,num_threads:128}",1
new30900_17_ada.json.gz,16127,n,30,900,LagrangeTemplate,highs,LTFarkas,1,546,16126.0095,16737,3.644619705,16126.21807,0.208570829,245,1026,18.291685,34.046853,52.758616,67105,3668.606801,3.907072626,1,0,"{timeout:3600,max_col_multiplier:1,age_limit:3,random_seed:0,replication:1,num_threads:128}",1
new30900_18_aec.json.gz,2080,n,30,900,LagrangeTemplate,highs,LTFarkas,1,705,2079.115604,2124,2.071563088,2079.986717,0.871113017,237,1089,23.78507,49.373298,73.723539,100596,4229.375823,4.584323344,1,0,"{timeout:3600,max_col_multiplier:1,age_limit:3,random_seed:0,replication:1,num_threads:128}",1
new30900_19_aaa.json.gz,37226,n,30,900,LagrangeTemplate,highs,LTFarkas,1,325,37225.11128,37540,0.836441129,37225.36358,0.252303167,183,936,3.590355,1.997016,5.781566,27282,7598.691494,2.665608251,1,0,"{timeout:3600,max_col_multiplier:1,age_limit:3,random_seed:0,replication:1,num_threads:128}",1
new30900_2_aaa.json.gz,104236,n,30,900,LagrangeTemplate,highs,LTFarkas,1,586,104235.1214,111378,6.41239742,104235.1214,0,188,938,57.589831,23.325307,82.935311,222214,3858.563155,6.436813247,1,0,"{timeout:3600,max_col_multiplier:1,age_limit:3,random_seed:0,replication:1,num_threads:128}",1
new30900_20_aaa.json.gz,42604,n,30,900,LagrangeTemplate,highs,LTFarkas,1,398,42603.24167,43030,0.990006972,42603.96053,0.718856034,179,947,7.12095,5.954409,13.309334,38777,5445.481291,3.155958977,1,0,"{timeout:3600,max_col_multiplier:1,age_limit:3,random_seed:0,replication:1,num_threads:128}",1
new30900_21_eaa.json.gz,28196,n,30,900,LagrangeTemplate,highs,LTFarkas,1,94,28196,28196,0,28196,30,30,935,0.174353,0.076355,0.313932,2419,13874.15186,1.305050705,1,0,"{timeout:3600,max_col_multiplier:1,age_limit:3,random_seed:0,replication:1,num_threads:128}",1
new30900_22_eac.json.gz,34459,n,30,900,LagrangeTemplate,highs,LTFarkas,1,404,34458.12292,34942,1.382290653,34458.19734,0.074425687,139,939,5.286093,0.564496,6.007363,37599,7112.814701,3.084943149,1,0,"{timeout:3600,max_col_multiplier:1,age_limit:3,random_seed:0,replication:1,num_threads:128}",1
new30900_23_aec.json.gz,5934,n,30,900,LagrangeTemplate,highs,LTFarkas,1,452,5933.024245,6016,1.363031915,5933.099076,0.074831027,237,985,14.822607,28.396758,43.685409,58306,3933.586042,4.006524306,1,0,"{timeout:3600,max_col_multiplier:1,age_limit:3,random_seed:0,replication:1,num_threads:128}",1
new30900_24_adc.json.gz,176455,n,30,900,LagrangeTemplate,highs,LTFarkas,1,686,176454.1213,177581,0.634076844,176454.6738,0.552528456,283,1065,25.856576,72.49044,98.854178,95907,3709.191813,4.49854632,1,0,"{timeout:3600,max_col_multiplier:1,age_limit:3,random_seed:0,replication:1,num_threads:128}",1
new30900_25_aac.json.gz,20619,n,30,900,LagrangeTemplate,highs,LTFarkas,1,388,20618.0762,20646,0.130775937,20618.82102,0.744826227,154,964,5.922558,4.718496,10.86583,30480,5146.424906,2.513941078,1,0,"{timeout:3600,max_col_multiplier:1,age_limit:3,random_seed:0,replication:1,num_threads:128}",1
new30900_26_eac.json.gz,30069,n,30,900,LagrangeTemplate,highs,LTFarkas,1,396,30068.13847,30153,0.278579246,30068.13847,0,144,933,4.130168,0.481271,4.776169,32691,7915.174395,2.702131931,1,0,"{timeout:3600,max_col_multiplier:1,age_limit:3,random_seed:0,replication:1,num_threads:128}",1
new30900_27_ada.json.gz,900,n,30,900,LagrangeTemplate,highs,LTFarkas,1,0,900,900,0,900,0,0,0,0.058517,0.058517,0.045178,900,,,1,0,"{timeout:3600,max_col_multiplier:1,age_limit:3,random_seed:0,replication:1,num_threads:128}",1
new30900_28_adc.json.gz,170000,n,30,900,LagrangeTemplate,highs,LTFarkas,1,584,169999.0119,170905,0.529533952,169999.0234,0.011507524,276,937,21.424962,44.72712,66.56985,75030,3501.989875,4.120473319,1,0,"{timeout:3600,max_col_multiplier:1,age_limit:3,random_seed:0,replication:1,num_threads:128}",1
new30900_29_eea.json.gz,25794,n,30,900,LagrangeTemplate,highs,LTFarkas,1,567,25793.202,26098,1.164840218,25793.86029,0.658290705,212,1025,7.460133,3.096184,10.836265,51331,6880.708427,2.914792324,1,0,"{timeout:3600,max_col_multiplier:1,age_limit:3,random_seed:0,replication:1,num_threads:128}",1
new30900_3_eaa.json.gz,27507,n,30,900,LagrangeTemplate,highs,LTFarkas,1,513,27506.57457,27507,0,27507,0.42542629,30,936,2.003775,0.561848,2.688461,15838,7904.081047,1.702562266,1,0,"{timeout:3600,max_col_multiplier:1,age_limit:3,random_seed:0,replication:1,num_threads:128}",1
new30900_30_aea.json.gz,903,n,30,900,LagrangeTemplate,highs,LTFarkas,1,0,903,903,0,903,0,0,0,0.07211,0.07211,0.049043,900,,,1,0,"{timeout:3600,max_col_multiplier:1,age_limit:3,random_seed:0,replication:1,num_threads:128}",1
new30900_31_aea.json.gz,900,n,30,900,LagrangeTemplate,highs,LTFarkas,1,0,900,900,0,900,0,0,0,0.058305,0.058305,0.045234,900,,,1,0,"{timeout:3600,max_col_multiplier:1,age_limit:3,random_seed:0,replication:1,num_threads:128}",1
new30900_32_eaa.json.gz,21073,n,30,900,LagrangeTemplate,highs,LTFarkas,1,187,21072.3,21073,1.73E-14,21073,0.7,30,941,0.454257,0.186654,0.71542,3824,8418.142153,1.436972895,1,0,"{timeout:3600,max_col_multiplier:1,age_limit:3,random_seed:0,replication:1,num_threads:128}",1
new30900_33_aaa.json.gz,40335,n,30,900,LagrangeTemplate,highs,LTFarkas,1,320,40334.04774,41167,2.021036266,40334.04774,0,191,952,5.414451,3.925185,9.554993,29779,5499.911256,2.939002818,1,0,"{timeout:3600,max_col_multiplier:1,age_limit:3,random_seed:0,replication:1,num_threads:128}",1
new30900_34_eda.json.gz,58492,n,30,900,LagrangeTemplate,highs,LTFarkas,1,880,58491.0839,58637,0.247284138,58491.44269,0.358790008,196,1032,13.441224,5.243052,18.971199,83702,6227.260255,3.115762928,1,0,"{timeout:3600,max_col_multiplier:1,age_limit:3,random_seed:0,replication:1,num_threads:128}",1
new30900_35_eda.json.gz,55283,n,30,900,LagrangeTemplate,highs,LTFarkas,1,904,55282.20023,55368,0.153518275,55282.98579,0.785568886,203,1027,14.11229,5.088632,19.476601,90193,6391.095988,3.286036215,1,0,"{timeout:3600,max_col_multiplier:1,age_limit:3,random_seed:0,replication:1,num_threads:128}",1
new30900_4_eaa.json.gz,28716,n,30,900,LagrangeTemplate,highs,LTFarkas,1,188,28715.29167,28716,0,28716,0.708333333,30,933,0.396065,0.181635,0.649966,2841,7173.065027,1.257193853,1,0,"{timeout:3600,max_col_multiplier:1,age_limit:3,random_seed:0,replication:1,num_threads:128}",1
new30900_5_eec.json.gz,104621,n,30,900,LagrangeTemplate,highs,LTFarkas,1,629,104620.0763,104879,0.245997769,104620.3527,0.27639807,191,949,13.229141,3.934442,17.685402,88671,6702.702768,4.51458892,1,0,"{timeout:3600,max_col_multiplier:1,age_limit:3,random_seed:0,replication:1,num_threads:128}",1
new30900_6_eec.json.gz,359781,n,30,900,LagrangeTemplate,highs,LTFarkas,1,567,359780.0556,359788,0.00194559,359780.3333,0.277777778,81,938,12.689997,1.936056,15.169531,90667,7144.761342,5.035164389,1,0,"{timeout:3600,max_col_multiplier:1,age_limit:3,random_seed:0,replication:1,num_threads:128}",1
new30900_7_eaa.json.gz,16101,n,30,900,LagrangeTemplate,highs,LTFarkas,1,121,16100.11765,16101,0,16101,0.882352941,30,936,0.254929,0.12413,0.445258,2850,11179.58333,1.293507531,1,0,"{timeout:3600,max_col_multiplier:1,age_limit:3,random_seed:0,replication:1,num_threads:128}",1
new30900_8_aec.json.gz,1109,n,30,900,LagrangeTemplate,highs,LTFarkas,1,729,1108.0092,1134,2.204585538,1108.550682,0.541482408,207,1051,23.480944,46.846065,70.814309,102849,4380.104991,4.582514787,1,0,"{timeout:3600,max_col_multiplier:1,age_limit:3,random_seed:0,replication:1,num_threads:128}",1
new30900_9_eea.json.gz,25513,n,30,900,LagrangeTemplate,highs,LTFarkas,1,610,25512.07152,25725,0.824101069,25512.8588,0.787286517,224,998,8.399472,3.534209,12.210203,59582,7093.541118,3.171254654,1,0,"{timeout:3600,max_col_multiplier:1,age_limit:3,random_seed:0,replication:1,num_threads:128}",1
new401600_0_eea.json.gz,42171,n,40,1600,LagrangeTemplate,highs,LTFarkas,1,833,42170.00484,42654,1.132367422,42170.37424,0.36939691,288,1739,51.707636,10.991438,63.523617,134582,2602.749041,3.954784657,1,0,"{timeout:3600,max_col_multiplier:1,age_limit:4,random_seed:0,replication:1,num_threads:128}",1
new401600_1_ada.json.gz,250883,n,40,1600,LagrangeTemplate,highs,LTFarkas,1,588,250883,252629,0.691132055,250883,250.0000003,324,1972,87.045987,183.06188,271.236788,124850,1434.29932,5.001805108,1,0,"{timeout:3600,max_col_multiplier:1,age_limit:4,random_seed:0,replication:1,num_threads:128}",1
new401600_10_aac.json.gz,39506,n,40,1600,LagrangeTemplate,highs,LTFarkas,1,629,39505.11105,39692,0.468608283,39505.51639,0.405333732,278,1773,42.968974,24.26521,67.912422,138914,3232.890783,5.418585747,1,0,"{timeout:3600,max_col_multiplier:1,age_limit:4,random_seed:0,replication:1,num_threads:128}",1
new401600_11_eac.json.gz,43068,n,40,1600,LagrangeTemplate,highs,LTFarkas,1,584,43067.04995,43171,0.238586088,43067.75241,0.702459786,206,1669,19.767706,1.335859,21.500746,60398,3055.387408,2.695162277,1,0,"{timeout:3600,max_col_multiplier:1,age_limit:4,random_seed:0,replication:1,num_threads:128}",1
new401600_12_aec.json.gz,97997,n,40,1600,LagrangeTemplate,highs,LTFarkas,1,745,97996.03416,98611,0.622648588,97996.77963,0.745473434,278,1725,73.172021,23.499091,98.073931,175222,2394.658472,5.686082355,1,0,"{timeout:3600,max_col_multiplier:1,age_limit:4,random_seed:0,replication:1,num_threads:128}",1
new401600_13_aec.json.gz,1790,n,40,1600,LagrangeTemplate,highs,LTFarkas,1,623,1789.091599,1850,3.243243243,1789.765605,0.674006485,329,1893,56.181584,124.648302,182.632002,140306,2497.366397,5.377047094,1,0,"{timeout:3600,max_col_multiplier:1,age_limit:4,random_seed:0,replication:1,num_threads:128}",1
new401600_14_aac.json.gz,72504,n,40,1600,LagrangeTemplate,highs,LTFarkas,1,456,72503.19152,75004,3.333155565,72503.38564,0.194118653,254,1655,32.934093,21.315002,54.968683,82236,2496.986937,4.3627212,1,0,"{timeout:3600,max_col_multiplier:1,age_limit:4,random_seed:0,replication:1,num_threads:128}",1
new401600_15_edc.json.gz,137198,n,40,1600,LagrangeTemplate,highs,LTFarkas,1,636,137197.1558,137267,0.050266998,137197.7394,0.583589823,181,1810,35.239147,3.78398,39.718134,106310,3016.815362,4.057618122,1,0,"{timeout:3600,max_col_multiplier:1,age_limit:4,random_seed:0,replication:1,num_threads:128}",1
new401600_16_edc.json.gz,132018,n,40,1600,LagrangeTemplate,highs,LTFarkas,1,744,132018,132154,0.102910241,132018,230.9404786,234,2015,63.514745,4.333457,68.604776,170064,2677.551488,5.580962557,1,0,"{timeout:3600,max_col_multiplier:1,age_limit:4,random_seed:0,replication:1,num_threads:128}",1
new401600_17_eac.json.gz,38114,n,40,1600,LagrangeTemplate,highs,LTFarkas,1,542,38113.12371,38333,0.571309316,38113.65303,0.529323165,198,1696,25.88351,1.310724,27.6337,79565,3073.964853,3.629559429,1,0,"{timeout:3600,max_col_multiplier:1,age_limit:4,random_seed:0,replication:1,num_threads:128}",1
new401600_18_aac.json.gz,75085,n,40,1600,LagrangeTemplate,highs,LTFarkas,1,540,75084.0035,75776,0.911898226,75084.217,0.213498245,274,1650,29.33047,10.497518,40.437932,92161,3142.15899,4.197293067,1,0,"{timeout:3600,max_col_multiplier:1,age_limit:4,random_seed:0,replication:1,num_threads:128}",1
new401600_19_adc.json.gz,496667,n,40,1600,LagrangeTemplate,highs,LTFarkas,1,903,496666.0082,498638,0.395276734,496666.3585,0.350240783,366,1769,143.176954,184.791028,329.072433,226390,1581.190224,6.125307698,1,0,"{timeout:3600,max_col_multiplier:1,age_limit:4,random_seed:0,replication:1,num_threads:128}",1
new401600_2_eec.json.gz,445636,n,40,1600,LagrangeTemplate,highs,LTFarkas,1,1279,445635.5801,445640,0.000897576,445638.5313,2.95124754,126,1850,145.151685,13.668648,160.820012,405528,2793.822201,7.769688161,1,0,"{timeout:3600,max_col_multiplier:1,age_limit:4,random_seed:0,replication:1,num_threads:128}",1
new401600_20_aaa.json.gz,54137,n,40,1600,LagrangeTemplate,highs,LTFarkas,1,498,54136.28205,54616,0.877032371,54136.41296,0.130914859,249,1648,23.178762,4.871328,28.574842,75256,3246.765293,3.788069974,1,0,"{timeout:3600,max_col_multiplier:1,age_limit:4,random_seed:0,replication:1,num_threads:128}",1
new401600_21_eec.json.gz,178544,n,40,1600,LagrangeTemplate,highs,LTFarkas,1,872,178543.005,179539,0.554197138,178543.1184,0.113438515,229,1669,60.526593,13.137068,75.384874,180749,2986.274149,5.021205904,1,0,"{timeout:3600,max_col_multiplier:1,age_limit:4,random_seed:0,replication:1,num_threads:128}",1
new401600_22_eec.json.gz,240974,n,40,1600,LagrangeTemplate,highs,LTFarkas,1,1140,240973.356,240990,0.006639277,240973.9641,0.608097547,191,1699,139.884753,15.975498,157.82505,354342,2533.099515,7.699083457,1,0,"{timeout:3600,max_col_multiplier:1,age_limit:4,random_seed:0,replication:1,num_threads:128}",1
new401600_23_aea.json.gz,1600,n,40,1600,LagrangeTemplate,highs,LTFarkas,1,0,1600,1600,0,1600,0,0,0,0.136451,0.136451,0.114812,1600,,,1,0,"{timeout:3600,max_col_multiplier:1,age_limit:4,random_seed:0,replication:1,num_threads:128}",1
new401600_24_adc.json.gz,377040,n,40,1600,LagrangeTemplate,highs,LTFarkas,1,791,377039.0406,378086,0.276656634,377039.8166,0.776018234,343,1851,117.496859,104.657686,223.1397,207785,1768.430252,6.411552718,1,0,"{timeout:3600,max_col_multiplier:1,age_limit:4,random_seed:0,replication:1,num_threads:128}",1
new401600_25_eac.json.gz,57547,n,40,1600,LagrangeTemplate,highs,LTFarkas,1,488,57546.11609,58152,1.040376943,57546.55211,0.436018224,182,1647,16.567888,1.135719,18.128586,52273,3155.079271,2.780912934,1,0,"{timeout:3600,max_col_multiplier:1,age_limit:4,random_seed:0,replication:1,num_threads:128}",1
new401600_26_aaa.json.gz,31617,n,40,1600,LagrangeTemplate,highs,LTFarkas,1,461,31616.29929,31847,0.722203033,31616.97886,0.679565353,260,1725,25.426298,10.012163,36.022149,78764,3097.737626,4.117628126,1,0,"{timeout:3600,max_col_multiplier:1,age_limit:4,random_seed:0,replication:1,num_threads:128}",1
new401600_27_aea.json.gz,17210,n,40,1600,LagrangeTemplate,highs,LTFarkas,1,769,17209.01646,17409,1.143086909,17209.57013,0.553670982,329,1834,76.332567,64.668798,142.000659,161988,2122.134842,5.073518765,1,0,"{timeout:3600,max_col_multiplier:1,age_limit:4,random_seed:0,replication:1,num_threads:128}",1
new401600_28_aea.json.gz,1600,n,40,1600,LagrangeTemplate,highs,LTFarkas,1,0,1600,1600,0,1600,0,0,0,0.138394,0.138394,0.116829,1600,,,1,0,"{timeout:3600,max_col_multiplier:1,age_limit:4,random_seed:0,replication:1,num_threads:128}",1
new401600_29_eaa.json.gz,19252,n,40,1600,LagrangeTemplate,highs,LTFarkas,1,0,19252,19252,0,19252,0,0,0,0.134341,0.134341,0.113287,1601,,,1,0,"{timeout:3600,max_col_multiplier:1,age_limit:4,random_seed:0,replication:1,num_threads:128}",1
new401600_30_eaa.json.gz,35897,n,40,1600,LagrangeTemplate,highs,LTFarkas,1,2,35896.2621,35897,0,35897,1018306,40,80,0.004727,0.005524,0.136617,2117,447852.7607,26.4625,1,0,"{timeout:3600,max_col_multiplier:1,age_limit:4,random_seed:0,replication:1,num_threads:128}",1
new401600_31_eea.json.gz,41087,n,40,1600,LagrangeTemplate,highs,LTFarkas,1,910,41086.02606,41354,0.645644919,41086.1459,0.119837062,288,1762,60.844334,11.835362,73.448537,161831,2659.754645,4.364937608,1,0,"{timeout:3600,max_col_multiplier:1,age_limit:4,random_seed:0,replication:1,num_threads:128}",1
new401600_32_eaa.json.gz,17895,n,40,1600,LagrangeTemplate,highs,LTFarkas,1,0,17895,17895,0,17895,0,0,0,0.13517,0.13517,0.113889,1600,,,1,0,"{timeout:3600,max_col_multiplier:1,age_limit:4,random_seed:0,replication:1,num_threads:128}",1
new401600_33_eaa.json.gz,31003,n,40,1600,LagrangeTemplate,highs,LTFarkas,1,556,31002.08759,31003,7.04E-14,31003,0.912408759,40,1646,5.918756,1.091864,7.29128,26409,4461.917335,1.614856473,1,0,"{timeout:3600,max_col_multiplier:1,age_limit:4,random_seed:0,replication:1,num_threads:128}",1
new401600_35_eda.json.gz,106951,n,40,1600,LagrangeTemplate,highs,LTFarkas,1,992,106950.0565,107315,0.339188371,106950.87,0.813467008,269,1873,62.976061,13.495416,77.285481,155297,2465.968775,3.825904256,1,0,"{timeout:3600,max_col_multiplier:1,age_limit:4,random_seed:0,replication:1,num_threads:128}",1
new401600_4_aaa.json.gz,70543,n,40,1600,LagrangeTemplate,highs,LTFarkas,1,450,70542.0787,71050,0.713581985,70542.92506,0.846354743,254,1677,22.515097,6.85247,29.913433,71895,3193.190773,3.849305972,1,0,"{timeout:3600,max_col_multiplier:1,age_limit:4,random_seed:0,replication:1,num_threads:128}",1
new401600_5_eea.json.gz,40058,n,40,1600,LagrangeTemplate,highs,LTFarkas,1,989,40057.0384,40269,0.523976259,40057.80101,0.762610094,280,1727,60.48444,12.60859,73.902002,174878,2891.289065,4.348533948,1,0,"{timeout:3600,max_col_multiplier:1,age_limit:4,random_seed:0,replication:1,num_threads:128}",1
new401600_6_eaa.json.gz,28878,n,40,1600,LagrangeTemplate,highs,LTFarkas,1,479,28877.15,28878,1.26E-14,28878,0.85,40,1655,4.283698,0.914092,5.481578,27097,6325.609322,1.49285247,1,0,"{timeout:3600,max_col_multiplier:1,age_limit:4,random_seed:0,replication:1,num_threads:128}",1
new401600_7_aac.json.gz,93468,n,40,1600,LagrangeTemplate,highs,LTFarkas,1,548,93467.44814,95313,1.93572755,93467.44814,0,281,1656,35.161238,19.734919,55.580341,97485,2772.5133,4.352095171,1,0,"{timeout:3600,max_col_multiplier:1,age_limit:4,random_seed:0,replication:1,num_threads:128}",1
new401600_8_aec.json.gz,70104,n,40,1600,LagrangeTemplate,highs,LTFarkas,1,545,70103.03701,70635,0.751751964,70103.1366,0.099590301,268,1723,79.903313,26.839982,108.343013,188547,2359.689391,7.586056193,1,0,"{timeout:3600,max_col_multiplier:1,age_limit:4,random_seed:0,replication:1,num_threads:128}",1
new401600_9_edc.json.gz,135053,n,40,1600,LagrangeTemplate,highs,LTFarkas,1,793,135052.0311,135212,0.117593113,135052.7077,0.67659699,183,1959,72.948122,5.615256,79.324404,181269,2484.902901,5.596563832,1,0,"{timeout:3600,max_col_multiplier:1,age_limit:4,random_seed:0,replication:1,num_threads:128}",1
new40400_0_eea.json.gz,11261,n,40,400,LagrangeTemplate,highs,LTFarkas,1,210,11260.19648,11547,2.47683381,11260.60494,0.408466389,249,508,0.837439,0.252602,1.198524,21605,25798.89401,2.506682529,1,0,"{timeout:3600,max_col_multiplier:1,age_limit:2,random_seed:0,replication:1,num_threads:128}",1
new40400_1_aec.json.gz,3275,n,40,400,LagrangeTemplate,highs,LTFarkas,1,176,3274.140348,3560,8.005617978,3274.715088,0.574740213,240,505,1.664649,1.36416,3.21883,24999,15017.58028,3.416528572,1,0,"{timeout:3600,max_col_multiplier:1,age_limit:2,random_seed:0,replication:1,num_threads:128}",1
new40400_10_eac.json.gz,7800,n,40,400,LagrangeTemplate,highs,LTFarkas,1,102,7799.300725,7808,0.102459016,7799.333333,0.032608696,83,450,0.150123,0.053436,0.249553,4616,30748.11988,1.205855451,1,0,"{timeout:3600,max_col_multiplier:1,age_limit:2,random_seed:0,replication:1,num_threads:128}",1
new40400_11_ada.json.gz,12226,n,40,400,LagrangeTemplate,highs,LTFarkas,1,216,12225.01124,13015,6.062235882,12225.59918,0.58794344,269,559,2.94816,2.526402,5.621349,35215,11944.73841,3.9423033,1,0,"{timeout:3600,max_col_multiplier:1,age_limit:2,random_seed:0,replication:1,num_threads:128}",1
new40400_12_eec.json.gz,75651,n,40,400,LagrangeTemplate,highs,LTFarkas,1,193,75651,75651,1.92E-14,75651,0,40,453,0.886453,0.245046,1.415316,25354,28601.62919,2.99969749,1,0,"{timeout:3600,max_col_multiplier:1,age_limit:2,random_seed:0,replication:1,num_threads:128}",1
new40400_13_adc.json.gz,91718,n,40,400,LagrangeTemplate,highs,LTFarkas,1,286,91717.00367,92922,1.295710381,91717.03409,0.03041693,305,479,4.887262,5.835013,10.895557,47563,9732.03401,4.145675434,1,0,"{timeout:3600,max_col_multiplier:1,age_limit:2,random_seed:0,replication:1,num_threads:128}",1
new40400_14_eaa.json.gz,11812,n,40,400,LagrangeTemplate,highs,LTFarkas,1,49,11812,11812,0,11812,0,40,438,0.035908,0.022023,0.103726,1336,37206.19361,1.212972813,1,0,"{timeout:3600,max_col_multiplier:1,age_limit:2,random_seed:0,replication:1,num_threads:128}",1
new40400_15_eea.json.gz,9174,n,40,400,LagrangeTemplate,highs,LTFarkas,1,235,9173.595971,9215,0.44492675,9173.660257,0.064285561,220,495,0.899427,0.247009,1.232794,22686,25222.72514,2.380992286,1,0,"{timeout:3600,max_col_multiplier:1,age_limit:2,random_seed:0,replication:1,num_threads:128}",1
new40400_16_aaa.json.gz,19228,n,40,400,LagrangeTemplate,highs,LTFarkas,1,109,19227.33623,19500,1.394871795,19227.33623,0,176,444,0.374038,0.178056,0.622177,10366,27713.7617,2.275441448,1,0,"{timeout:3600,max_col_multiplier:1,age_limit:2,random_seed:0,replication:1,num_threads:128}",1
new40400_17_eea.json.gz,9561,n,40,400,LagrangeTemplate,highs,LTFarkas,1,219,9560.658254,9744,1.878078818,9560.660406,0.002151611,243,477,0.824336,0.240187,1.156414,21506,26088.87638,2.45003912,1,0,"{timeout:3600,max_col_multiplier:1,age_limit:2,random_seed:0,replication:1,num_threads:128}",1
new40400_18_eec.json.gz,66707,n,40,400,LagrangeTemplate,highs,LTFarkas,1,193,66706.00649,66751,0.065916615,66706.00649,0,153,444,0.922226,0.252872,1.430041,26320,28539.64213,3.142796392,1,0,"{timeout:3600,max_col_multiplier:1,age_limit:2,random_seed:0,replication:1,num_threads:128}",1
new40400_19_eaa.json.gz,12347,n,40,400,LagrangeTemplate,highs,LTFarkas,1,60,12347,12347,0,12347,0,40,439,0.04257,0.023175,0.097256,1327,31172.18699,1.244203018,1,0,"{timeout:3600,max_col_multiplier:1,age_limit:2,random_seed:0,replication:1,num_threads:128}",1
new40400_2_adc.json.gz,95760,n,40,400,LagrangeTemplate,highs,LTFarkas,1,212,95759.06267,96586,0.855196405,95759.85097,0.788301327,299,512,2.798252,1.915117,4.86127,36087,12896.26524,4.227673317,1,0,"{timeout:3600,max_col_multiplier:1,age_limit:2,random_seed:0,replication:1,num_threads:128}",1
new40400_20_eea.json.gz,11030,n,40,400,LagrangeTemplate,highs,LTFarkas,1,213,11029.08085,11322,2.579049638,11029.15568,0.074825952,252,470,0.90658,0.254606,1.277293,23089,25468.24329,2.661242303,1,0,"{timeout:3600,max_col_multiplier:1,age_limit:2,random_seed:0,replication:1,num_threads:128}",1
new40400_21_eea.json.gz,8223,n,40,400,LagrangeTemplate,highs,LTFarkas,1,225,8222.335409,8297,0.891888634,8222.335409,0,187,468,0.624041,0.214711,0.921848,17304,27728.9473,1.939164319,1,0,"{timeout:3600,max_col_multiplier:1,age_limit:2,random_seed:0,replication:1,num_threads:128}",1
new40400_22_aac.json.gz,11199,n,40,400,LagrangeTemplate,highs,LTFarkas,1,99,11198.35366,11278,0.700478808,11198.35366,0,139,455,0.392337,0.271698,0.734587,7288,18575.86718,1.832770058,1,0,"{timeout:3600,max_col_multiplier:1,age_limit:2,random_seed:0,replication:1,num_threads:128}",1
new40400_23_eda.json.gz,25785,n,40,400,LagrangeTemplate,highs,LTFarkas,1,248,25784.04359,26028,0.933609959,25784.53477,0.491171945,225,496,1.005123,0.315696,1.414538,25109,24981.02222,2.50670496,1,0,"{timeout:3600,max_col_multiplier:1,age_limit:2,random_seed:0,replication:1,num_threads:128}",1
new40400_24_eea.json.gz,8985,n,40,400,LagrangeTemplate,highs,LTFarkas,1,217,8984.019794,9116,1.437033787,8984.019794,0,227,443,0.719502,0.227605,1.031339,19478,27071.50223,2.241852843,1,0,"{timeout:3600,max_col_multiplier:1,age_limit:2,random_seed:0,replication:1,num_threads:128}",1
new40400_25_eac.json.gz,10822,n,40,400,LagrangeTemplate,highs,LTFarkas,1,100,10821.03608,10863,0.377427966,10821.17722,0.141139241,123,456,0.192817,0.056224,0.299948,6005,31143.5195,1.559302139,1,0,"{timeout:3600,max_col_multiplier:1,age_limit:2,random_seed:0,replication:1,num_threads:128}",1
new40400_26_adc.json.gz,118879,n,40,400,LagrangeTemplate,highs,LTFarkas,1,242,118878.3634,121413,2.087091168,118878.9517,0.588324316,296,513,4.095754,4.116233,8.377111,41207,10060.90698,4.222832266,1,0,"{timeout:3600,max_col_multiplier:1,age_limit:2,random_seed:0,replication:1,num_threads:128}",1
new40400_27_ada.json.gz,25353,n,40,400,LagrangeTemplate,highs,LTFarkas,1,255,25352.02899,27083,6.387770926,25352.28205,0.253062843,311,481,4.238274,5.561925,9.980359,41266,9736.510664,4.038366352,1,0,"{timeout:3600,max_col_multiplier:1,age_limit:2,random_seed:0,replication:1,num_threads:128}",1
new40400_28_aac.json.gz,9222,n,40,400,LagrangeTemplate,highs,LTFarkas,1,125,9221.02475,9450,2.412698413,9221.02475,0,181,452,0.449268,0.1769,0.724227,12768,28419.56249,2.640880574,1,0,"{timeout:3600,max_col_multiplier:1,age_limit:2,random_seed:0,replication:1,num_threads:128}",1
new40400_29_aec.json.gz,400,n,40,400,LagrangeTemplate,highs,LTFarkas,1,49,400,400,0,400,257.5,40,569,0.156225,0.196573,0.455103,3130,20035.20563,1.025376047,1,0,"{timeout:3600,max_col_multiplier:1,age_limit:2,random_seed:0,replication:1,num_threads:128}",1
new40400_3_ada.json.gz,33204,n,40,400,LagrangeTemplate,highs,LTFarkas,1,298,33203.20933,33915,2.096417514,33203.50266,0.293335668,299,519,4.780674,5.523311,10.47702,47864,10011.97739,3.994103944,1,0,"{timeout:3600,max_col_multiplier:1,age_limit:2,random_seed:0,replication:1,num_threads:128}",1
new40400_30_eea.json.gz,10422,n,40,400,LagrangeTemplate,highs,LTFarkas,1,203,10421.40889,10868,4.103790946,10421.7578,0.348915522,253,495,0.756403,0.230343,1.092665,20618,27257.95641,2.508082267,1,0,"{timeout:3600,max_col_multiplier:1,age_limit:2,random_seed:0,replication:1,num_threads:128}",1
new40400_31_edc.json.gz,33300,n,40,400,LagrangeTemplate,highs,LTFarkas,1,190,33299.06136,33378,0.23368686,33299.63918,0.577824147,198,551,0.940682,0.169158,1.212252,23786,25285.90958,3.031438825,1,0,"{timeout:3600,max_col_multiplier:1,age_limit:2,random_seed:0,replication:1,num_threads:128}",1
new40400_32_eda.json.gz,25183,n,40,400,LagrangeTemplate,highs,LTFarkas,1,260,25182.10806,25313,0.513570102,25182.7044,0.596341598,216,487,0.993666,0.331024,1.427495,24524,24680.32518,2.360409341,1,0,"{timeout:3600,max_col_multiplier:1,age_limit:2,random_seed:0,replication:1,num_threads:128}",1
new40400_33_aea.json.gz,400,n,40,400,LagrangeTemplate,highs,LTFarkas,1,0,400,400,0,400,0,0,0,0.036188,0.036189,0.024736,400,,,1,0,"{timeout:3600,max_col_multiplier:1,age_limit:2,random_seed:0,replication:1,num_threads:128}",1
new40400_34_eaa.json.gz,11353,n,40,400,LagrangeTemplate,highs,LTFarkas,1,137,11353,11353,0,11353,0,40,442,0.183896,0.073335,0.303342,4682,25460.04263,0.929586129,1,0,"{timeout:3600,max_col_multiplier:1,age_limit:2,random_seed:0,replication:1,num_threads:128}",1
new40400_35_eea.json.gz,8491,n,40,400,LagrangeTemplate,highs,LTFarkas,1,199,8490.092658,8725,2.681948424,8490.511403,0.41874485,219,492,0.612086,0.191226,0.888523,17087,27916.0118,2.112586982,1,0,"{timeout:3600,max_col_multiplier:1,age_limit:2,random_seed:0,replication:1,num_threads:128}",1
new40400_4_edc.json.gz,34270,n,40,400,LagrangeTemplate,highs,LTFarkas,1,152,34269.15271,34348,0.227087458,34269.43049,0.277772273,192,515,0.625238,0.128504,0.862897,16520,26421.93853,2.662806511,1,0,"{timeout:3600,max_col_multiplier:1,age_limit:2,random_seed:0,replication:1,num_threads:128}",1
new40400_5_eac.json.gz,9221,n,40,400,LagrangeTemplate,highs,LTFarkas,1,116,9220.166667,9221,0,9221,0.833333333,40,455,0.196452,0.06267,0.309767,5574,28373.34311,1.354542414,1,0,"{timeout:3600,max_col_multiplier:1,age_limit:2,random_seed:0,replication:1,num_threads:128}",1
new40400_6_aea.json.gz,400,n,40,400,LagrangeTemplate,highs,LTFarkas,1,0,400,400,0,400,0,0,0,0.036146,0.036146,0.024763,400,,,1,0,"{timeout:3600,max_col_multiplier:1,age_limit:2,random_seed:0,replication:1,num_threads:128}",1
new40400_7_eda.json.gz,24343,n,40,400,LagrangeTemplate,highs,LTFarkas,1,280,24342.39602,24544,0.818937419,24342.64769,0.251673406,201,464,0.971294,0.35384,1.418917,23755,24457.06449,2.138746438,1,0,"{timeout:3600,max_col_multiplier:1,age_limit:2,random_seed:0,replication:1,num_threads:128}",1
new40400_8_aec.json.gz,1014,n,40,400,LagrangeTemplate,highs,LTFarkas,1,147,1013.174307,1142,11.2084063,1013.821031,0.646724339,235,521,1.530685,1.86733,3.540491,19072,12459.78108,3.130163406,1,0,"{timeout:3600,max_col_multiplier:1,age_limit:2,random_seed:0,replication:1,num_threads:128}",1
new40400_9_ada.json.gz,3281,n,40,400,LagrangeTemplate,highs,LTFarkas,1,188,3280.515879,3845,14.66840052,3280.92742,0.411541775,257,489,2.12781,2.200069,4.462432,26753,12573.02109,3.498615917,1,0,"{timeout:3600,max_col_multiplier:1,age_limit:2,random_seed:0,replication:1,num_threads:128}",1
new5100_1_edc.json.gz,8736,n,5,100,LagrangeTemplate,highs,LTFarkas,1,198,8735.277512,8776,0.455788514,8735.62201,0.344497608,31,114,0.104205,0.064731,0.181653,1608,15431.12135,1.461447811,1,0,"{timeout:3600,max_col_multiplier:1,age_limit:2,random_seed:0,replication:1,num_threads:128}",1
new5100_10_aac.json.gz,28585,n,5,100,LagrangeTemplate,highs,LTFarkas,1,169,28584.73494,29469,2.999762462,28584.84337,0.108433735,33,108,0.164854,0.60554,0.783843,1636,9923.932692,1.640659341,1,0,"{timeout:3600,max_col_multiplier:1,age_limit:2,random_seed:0,replication:1,num_threads:128}",1
new5100_11_aec.json.gz,953,n,5,100,LagrangeTemplate,highs,LTFarkas,1,250,952.1208394,960,0.729166667,952.8885673,0.767727931,33,117,0.28367,0.958121,1.261171,3325,11721.36638,2.2782,1,0,"{timeout:3600,max_col_multiplier:1,age_limit:2,random_seed:0,replication:1,num_threads:128}",1
new5100_12_eda.json.gz,7618,n,5,100,LagrangeTemplate,highs,LTFarkas,1,167,7617.06875,7623,0.065590975,7617.84375,0.775,19,118,0.074579,0.061547,0.146597,1354,18155.24477,1.465768463,1,0,"{timeout:3600,max_col_multiplier:1,age_limit:2,random_seed:0,replication:1,num_threads:128}",1
new5100_13_edc.json.gz,8531,n,5,100,LagrangeTemplate,highs,LTFarkas,1,195,8530.282828,8576,0.524720149,8530.363636,0.080808081,26,116,0.089507,0.059853,0.158032,1619,18087.97077,1.677179487,1,0,"{timeout:3600,max_col_multiplier:1,age_limit:2,random_seed:0,replication:1,num_threads:128}",1
new5100_14_eda.json.gz,7646,n,5,100,LagrangeTemplate,highs,LTFarkas,1,208,7646,7655,0.117570216,7646,0,18,111,0.09358,0.075361,0.177291,1663,17770.89122,1.449465812,1,0,"{timeout:3600,max_col_multiplier:1,age_limit:2,random_seed:0,replication:1,num_threads:128}",1
new5100_15_ada.json.gz,361,n,5,100,LagrangeTemplate,highs,LTFarkas,1,333,360.1333333,361,1.04E-12,360.55,0.416666667,26,117,0.192037,0.217531,0.421252,3996,20808.49003,2.246081796,1,0,"{timeout:3600,max_col_multiplier:1,age_limit:2,random_seed:0,replication:1,num_threads:128}",1
new5100_17_eea.json.gz,5031,n,5,100,LagrangeTemplate,highs,LTFarkas,1,104,5031,5031,0,5031,0,5,106,0.03064,0.038308,0.073353,521,17003.91645,1.455128205,1,0,"{timeout:3600,max_col_multiplier:1,age_limit:2,random_seed:0,replication:1,num_threads:128}",1
new5100_18_eaa.json.gz,8405,n,5,100,LagrangeTemplate,highs,LTFarkas,1,66,8404.266667,8405,0,8405,0.733333333,5,106,0.02045,0.018328,0.042659,398,19462.10269,1.580555556,1,0,"{timeout:3600,max_col_multiplier:1,age_limit:2,random_seed:0,replication:1,num_threads:128}",1
new5100_19_aac.json.gz,16176,n,5,100,LagrangeTemplate,highs,LTFarkas,1,137,16175.73333,16818,3.817338566,16175.73333,0,25,107,0.108389,0.62062,0.737214,1111,10250.11763,1.438321168,1,0,"{timeout:3600,max_col_multiplier:1,age_limit:2,random_seed:0,replication:1,num_threads:128}",1
new5100_2_eaa.json.gz,3938,n,5,100,LagrangeTemplate,highs,LTFarkas,1,0,3938,3938,0,3938,0,0,0,0.014727,0.014727,0.002451,100,,,1,0,"{timeout:3600,max_col_multiplier:1,age_limit:2,random_seed:0,replication:1,num_threads:128}",1
new5100_20_eda.json.gz,7822,n,5,100,LagrangeTemplate,highs,LTFarkas,1,162,7821.378788,7858,0.45813184,7822,0.721698113,32,117,0.073378,0.055876,0.136473,1275,17375.78021,1.373004115,1,0,"{timeout:3600,max_col_multiplier:1,age_limit:2,random_seed:0,replication:1,num_threads:128}",1
new5100_21_eaa.json.gz,4476,n,5,100,LagrangeTemplate,highs,LTFarkas,1,64,4476,4476,0,4476,0,5,106,0.019313,0.016392,0.039435,389,20141.87335,1.465885417,1,0,"{timeout:3600,max_col_multiplier:1,age_limit:2,random_seed:0,replication:1,num_threads:128}",1
new5100_22_aec.json.gz,296,n,5,100,LagrangeTemplate,highs,LTFarkas,1,139,295.5550388,310,4.516129032,296,0.44496124,10,118,0.132255,0.988263,1.129853,1551,11727.3449,1.879188078,1,0,"{timeout:3600,max_col_multiplier:1,age_limit:2,random_seed:0,replication:1,num_threads:128}",1
new5100_23_eea.json.gz,5507,n,5,100,LagrangeTemplate,highs,LTFarkas,1,257,5506.275862,5537,0.541809644,5506.724138,0.448275862,30,108,0.134309,0.102811,0.250182,2405,17906.46941,1.803693678,1,0,"{timeout:3600,max_col_multiplier:1,age_limit:2,random_seed:0,replication:1,num_threads:128}",1
new5100_24_ada.json.gz,19163,n,5,100,LagrangeTemplate,highs,LTFarkas,1,355,19162.19098,19226,0.327681265,19162.65779,0.466815149,46,121,0.542975,1.818069,2.381933,5077,9350.338413,2.702930919,1,0,"{timeout:3600,max_col_multiplier:1,age_limit:2,random_seed:0,replication:1,num_threads:128}",1
new5100_25_eea.json.gz,6325,n,5,100,LagrangeTemplate,highs,LTFarkas,1,197,6324.273632,6420,1.479750779,6324.791045,0.517412935,34,120,0.097404,0.074048,0.182946,1765,18120.40573,1.678595601,1,0,"{timeout:3600,max_col_multiplier:1,age_limit:2,random_seed:0,replication:1,num_threads:128}",1
new5100_26_aec.json.gz,1796,n,5,100,LagrangeTemplate,highs,LTFarkas,1,172,1795.5,1839,2.338227297,1795.809524,0.30952381,34,112,0.163968,0.440233,0.614954,1900,11587.62685,1.828682171,1,0,"{timeout:3600,max_col_multiplier:1,age_limit:2,random_seed:0,replication:1,num_threads:128}",1
new5100_27_eea.json.gz,5820,n,5,100,LagrangeTemplate,highs,LTFarkas,1,232,5819.115044,5856,0.614754098,5819.783186,0.668141593,26,108,0.114115,0.090209,0.216907,2091,18323.62091,1.662428161,1,0,"{timeout:3600,max_col_multiplier:1,age_limit:2,random_seed:0,replication:1,num_threads:128}",1
new5100_29_aac.json.gz,24121,n,5,100,LagrangeTemplate,highs,LTFarkas,1,213,24120.875,24210,0.367616687,24120.875,0,19,107,0.185884,0.62902,0.825776,2274,12233.43591,2.201564945,1,0,"{timeout:3600,max_col_multiplier:1,age_limit:2,random_seed:0,replication:1,num_threads:128}",1
new5100_3_eaa.json.gz,4168,n,5,100,LagrangeTemplate,highs,LTFarkas,1,146,4167.666667,4168,4.36E-14,4168,0.333333333,5,109,0.05114,0.039327,0.096348,849,16601.48612,1.564041096,1,0,"{timeout:3600,max_col_multiplier:1,age_limit:2,random_seed:0,replication:1,num_threads:128}",1
new5100_30_aac.json.gz,23241,n,5,100,LagrangeTemplate,highs,LTFarkas,1,183,23240.19444,23477,1.00523917,23240.19444,0,22,108,0.151513,0.54877,0.711469,1604,10586.55033,1.73696331,1,0,"{timeout:3600,max_col_multiplier:1,age_limit:2,random_seed:0,replication:1,num_threads:128}",1
new5100_31_aec.json.gz,106,n,5,100,LagrangeTemplate,highs,LTFarkas,1,267,105.0142857,106,1.10E-12,105.2285714,0.214285714,31,113,0.24751,2.057812,2.324522,2470,9979.394772,1.668439451,1,0,"{timeout:3600,max_col_multiplier:1,age_limit:2,random_seed:0,replication:1,num_threads:128}",1
new5100_32_aec.json.gz,409,n,5,100,LagrangeTemplate,highs,LTFarkas,1,223,408.0833333,417,1.918465228,408.375,0.291666667,36,118,0.213435,0.932648,1.162168,2062,9661.02092,1.563136376,1,0,"{timeout:3600,max_col_multiplier:1,age_limit:2,random_seed:0,replication:1,num_threads:128}",1
new5100_33_eaa.json.gz,15410,n,5,100,LagrangeTemplate,highs,LTFarkas,1,77,15410,15410,2.36E-14,15410,0,5,107,0.028965,0.026818,0.062351,467,16122.90696,1.556493506,1,0,"{timeout:3600,max_col_multiplier:1,age_limit:2,random_seed:0,replication:1,num_threads:128}",1
new5100_34_edc.json.gz,9257,n,5,100,LagrangeTemplate,highs,LTFarkas,1,198,9256.5,9258,0.010801469,9256.5,0,13,107,0.10066,0.05887,0.168377,2103,20892.11206,1.883080808,1,0,"{timeout:3600,max_col_multiplier:1,age_limit:2,random_seed:0,replication:1,num_threads:128}",1
new5100_35_eac.json.gz,21835,n,5,100,LagrangeTemplate,highs,LTFarkas,1,154,21834.8,22034,0.903149678,21834.8,0,14,110,0.067351,0.041921,0.116769,1362,20222.41689,1.83961039,1,0,"{timeout:3600,max_col_multiplier:1,age_limit:2,random_seed:0,replication:1,num_threads:128}",1
new5100_5_edc.json.gz,8699,n,5,100,LagrangeTemplate,highs,LTFarkas,1,238,8698.435484,8699,8.82E-12,8699,0.564516129,5,120,0.126791,0.079661,0.216123,2615,20624.49227,2.132983193,1,0,"{timeout:3600,max_col_multiplier:1,age_limit:2,random_seed:0,replication:1,num_threads:128}",1
new5100_6_eda.json.gz,7681,n,5,100,LagrangeTemplate,highs,LTFarkas,1,204,7680.093458,7688,0.091050989,7680.149533,0.056074766,30,110,0.094375,0.077732,0.180288,1588,16826.49007,1.429456328,1,0,"{timeout:3600,max_col_multiplier:1,age_limit:2,random_seed:0,replication:1,num_threads:128}",1
new5100_7_eea.json.gz,5623,n,5,100,LagrangeTemplate,highs,LTFarkas,1,192,5622.3125,5677,0.951206623,5622.875,0.5625,24,111,0.086978,0.084289,0.179139,1840,21154.77477,1.737168561,1,0,"{timeout:3600,max_col_multiplier:1,age_limit:2,random_seed:0,replication:1,num_threads:128}",1
new5100_8_eda.json.gz,7927,n,5,100,LagrangeTemplate,highs,LTFarkas,1,210,7926.180147,7931,0.050435002,7926.691176,0.511029412,26,114,0.101264,0.078076,0.188189,1821,17982.69869,1.592142857,1,0,"{timeout:3600,max_col_multiplier:1,age_limit:2,random_seed:0,replication:1,num_threads:128}",1
new5100_9_eda.json.gz,7825,n,5,100,LagrangeTemplate,highs,LTFarkas,1,178,7824.053763,7829,0.051092093,7824.817204,0.76344086,30,121,0.078734,0.067783,0.153981,1310,16638.30112,1.292003745,1,0,"{timeout:3600,max_col_multiplier:1,age_limit:2,random_seed:0,replication:1,num_threads:128}",1
new5200_0_edc.json.gz,18039,n,5,200,LagrangeTemplate,highs,LTFarkas,1,320,18038.25,18060,0.11627907,18038.25,0,28,212,0.449812,0.294996,0.762798,2945,6547.179711,1.595308219,1,0,"{timeout:3600,max_col_multiplier:1,age_limit:4,random_seed:0,replication:1,num_threads:128}",1
new5200_1_aea.json.gz,4612,n,5,200,LagrangeTemplate,highs,LTFarkas,1,353,4611.210123,4672,1.284246575,4611.821702,0.611579755,42,238,1.14301,2.313352,3.489994,4098,3585.27047,2.088215853,1,0,"{timeout:3600,max_col_multiplier:1,age_limit:4,random_seed:0,replication:1,num_threads:128}",1
new5200_10_eea.json.gz,11430,n,5,200,LagrangeTemplate,highs,LTFarkas,1,316,11429.29692,11531,0.875899749,11429.75771,0.460792952,35,220,0.629732,0.499708,1.150007,2774,4405.048497,1.526371308,1,0,"{timeout:3600,max_col_multiplier:1,age_limit:4,random_seed:0,replication:1,num_threads:128}",1
new5200_11_aea.json.gz,207,n,5,200,LagrangeTemplate,highs,LTFarkas,1,2,207,207,0,207,952,5,10,0.000535,0.019482,0.025252,286,534579.4393,28.6,1,0,"{timeout:3600,max_col_multiplier:1,age_limit:4,random_seed:0,replication:1,num_threads:128}",1
new5200_12_edc.json.gz,17341,n,5,200,LagrangeTemplate,highs,LTFarkas,1,420,17340.01509,17353,0.069152308,17340.14717,0.132075472,33,212,0.620151,0.415155,1.062159,4591,7403.035712,2.20031746,1,0,"{timeout:3600,max_col_multiplier:1,age_limit:4,random_seed:0,replication:1,num_threads:128}",1
new5200_13_eda.json.gz,15169,n,5,200,LagrangeTemplate,highs,LTFarkas,1,541,15168.02128,15171,0.013183047,15168.86702,0.845744681,30,240,1.274126,0.901807,2.210924,7685,6031.585573,2.692798993,1,0,"{timeout:3600,max_col_multiplier:1,age_limit:4,random_seed:0,replication:1,num_threads:128}",1
new5200_14_adc.json.gz,25572,n,5,200,LagrangeTemplate,highs,LTFarkas,1,461,25571.10401,25781,0.810674528,25571.87633,0.772324198,50,228,1.950159,9.574369,11.578905,5850,2999.755405,2.281311358,1,0,"{timeout:3600,max_col_multiplier:1,age_limit:4,random_seed:0,replication:1,num_threads:128}",1
new5200_15_eda.json.gz,15225,n,5,200,LagrangeTemplate,highs,LTFarkas,1,421,15224.2,15244,0.124639202,15224.7,0.5,27,225,0.782453,0.594931,1.407764,4108,5250.1556,1.786198669,1,0,"{timeout:3600,max_col_multiplier:1,age_limit:4,random_seed:0,replication:1,num_threads:128}",1
new5200_16_eac.json.gz,26589,n,5,200,LagrangeTemplate,highs,LTFarkas,1,399,26588.25,26626,0.138961917,26588.25,0,14,210,0.52189,0.327967,0.87201,3867,7409.607389,1.906688289,1,0,"{timeout:3600,max_col_multiplier:1,age_limit:4,random_seed:0,replication:1,num_threads:128}",1
new5200_18_aac.json.gz,42347,n,5,200,LagrangeTemplate,highs,LTFarkas,1,314,42346.05637,43223,2.026698748,42346.05637,0,35,211,1.12841,5.881213,7.041086,2840,2516.815696,1.579670913,1,0,"{timeout:3600,max_col_multiplier:1,age_limit:4,random_seed:0,replication:1,num_threads:128}",1
new5200_19_eac.json.gz,54396,n,5,200,LagrangeTemplate,highs,LTFarkas,1,364,54395.2,55351,1.725352749,54395.8,0.6,24,214,0.461471,0.288762,0.773829,3455,7486.927673,1.9001221,1,0,"{timeout:3600,max_col_multiplier:1,age_limit:4,random_seed:0,replication:1,num_threads:128}",1
new5200_2_adc.json.gz,48911,n,5,200,LagrangeTemplate,highs,LTFarkas,1,435,48910.04135,49146,0.478167094,48910.74277,0.701420599,45,233,1.964662,8.663769,10.670258,5664,2882.938643,2.601609195,1,0,"{timeout:3600,max_col_multiplier:1,age_limit:4,random_seed:0,replication:1,num_threads:128}",1
new5200_20_aaa.json.gz,36593,n,5,200,LagrangeTemplate,highs,LTFarkas,1,376,36592.05702,37325,1.961152043,36592.23684,0.179824561,30,218,0.979648,4.047624,5.064601,4395,4486.305285,2.127437943,1,0,"{timeout:3600,max_col_multiplier:1,age_limit:4,random_seed:0,replication:1,num_threads:128}",1
new5200_22_eec.json.gz,38455,n,5,200,LagrangeTemplate,highs,LTFarkas,1,520,38454.15789,38486,0.080548771,38454.33333,0.175438596,22,225,1.086462,0.656614,1.783054,9772,8994.332061,3.619174679,1,0,"{timeout:3600,max_col_multiplier:1,age_limit:4,random_seed:0,replication:1,num_threads:128}",1
new5200_23_eaa.json.gz,9018,n,5,200,LagrangeTemplate,highs,LTFarkas,1,115,9018,9018,0,9018,0,5,209,0.07638,0.044384,0.130674,865,11324.95418,1.302700922,1,0,"{timeout:3600,max_col_multiplier:1,age_limit:4,random_seed:0,replication:1,num_threads:128}",1
new5200_24_eea.json.gz,14101,n,5,200,LagrangeTemplate,highs,LTFarkas,1,590,14100.3,14169,0.479920954,14100.65,0.35,32,225,1.434102,1.046635,2.515357,9434,6578.332643,3.04917726,1,0,"{timeout:3600,max_col_multiplier:1,age_limit:4,random_seed:0,replication:1,num_threads:128}",1
new5200_25_eec.json.gz,35782,n,5,200,LagrangeTemplate,highs,LTFarkas,1,404,35781.00877,35904,0.339795009,35781.10526,0.096491228,22,216,0.825522,0.485825,1.34074,6447,7809.604105,3.054484144,1,0,"{timeout:3600,max_col_multiplier:1,age_limit:4,random_seed:0,replication:1,num_threads:128}",1
new5200_27_edc.json.gz,17079,n,5,200,LagrangeTemplate,highs,LTFarkas,1,530,17078.03708,17089,0.058517175,17078.48649,0.449408536,24,236,1.044514,0.687687,1.758861,9050,8664.31661,3.480849057,1,0,"{timeout:3600,max_col_multiplier:1,age_limit:4,random_seed:0,replication:1,num_threads:128}",1
new5200_28_adc.json.gz,9083,n,5,200,LagrangeTemplate,highs,LTFarkas,1,361,9082.075984,9200,1.27173913,9082.224163,0.148179074,40,219,1.576076,3.400953,5.014544,4974,3155.939181,2.460451079,1,0,"{timeout:3600,max_col_multiplier:1,age_limit:4,random_seed:0,replication:1,num_threads:128}",1
new5200_29_edc.json.gz,18274,n,5,200,LagrangeTemplate,highs,LTFarkas,1,413,18273.42857,18282,0.043758889,18273.71429,0.285714286,22,225,0.687982,0.439018,1.158029,4888,7104.837045,2.161119491,1,0,"{timeout:3600,max_col_multiplier:1,age_limit:4,random_seed:0,replication:1,num_threads:128}",1
new5200_3_ada.json.gz,31796,n,5,200,LagrangeTemplate,highs,LTFarkas,1,538,31795.15626,31868,0.225931969,31795.63567,0.479411192,40,223,2.593346,8.027096,10.676931,9786,3773.50342,3.422505285,1,0,"{timeout:3600,max_col_multiplier:1,age_limit:4,random_seed:0,replication:1,num_threads:128}",1
new5200_30_eec.json.gz,33478,n,5,200,LagrangeTemplate,highs,LTFarkas,1,518,33477.4375,33536,0.172948473,33477.4375,0,24,209,1.199407,0.744352,1.985672,8582,7155.202529,3.178949485,1,0,"{timeout:3600,max_col_multiplier:1,age_limit:4,random_seed:0,replication:1,num_threads:128}",1
new5200_31_aec.json.gz,4085,n,5,200,LagrangeTemplate,highs,LTFarkas,1,401,4084.028399,4128,1.041666667,4084.822074,0.793674699,38,225,1.598368,3.169379,4.807491,5832,3648.721696,2.591345959,1,0,"{timeout:3600,max_col_multiplier:1,age_limit:4,random_seed:0,replication:1,num_threads:128}",1
new5200_32_aec.json.gz,7611,n,5,200,LagrangeTemplate,highs,LTFarkas,1,726,7610.045977,7652,0.535807632,7610.642146,0.596168582,36,219,3.278381,5.61136,8.971066,14570,4444.26685,3.583000297,1,0,"{timeout:3600,max_col_multiplier:1,age_limit:4,random_seed:0,replication:1,num_threads:128}",1
new5200_33_eec.json.gz,31025,n,5,200,LagrangeTemplate,highs,LTFarkas,1,368,31024.08333,31033,0.025779009,31024.08333,0,16,211,0.707422,0.491612,1.235818,4427,6257.933737,2.085138458,1,0,"{timeout:3600,max_col_multiplier:1,age_limit:4,random_seed:0,replication:1,num_threads:128}",1
new5200_34_aec.json.gz,3633,n,5,200,LagrangeTemplate,highs,LTFarkas,1,510,3632.014762,3678,1.223491028,3632.808571,0.793809524,35,226,2.170404,5.343102,7.560711,8967,4131.488884,3.254066496,1,0,"{timeout:3600,max_col_multiplier:1,age_limit:4,random_seed:0,replication:1,num_threads:128}",1
new5200_35_adc.json.gz,15907,n,5,200,LagrangeTemplate,highs,LTFarkas,1,445,15906.01183,16028,0.754928874,15906.99193,0.980096826,35,233,1.905986,5.856204,7.810369,5674,2976.936872,2.273111495,1,0,"{timeout:3600,max_col_multiplier:1,age_limit:4,random_seed:0,replication:1,num_threads:128}",1
new5200_4_eaa.json.gz,25304,n,5,200,LagrangeTemplate,highs,LTFarkas,1,2,25303.45455,25304,0,25304,119409,5,10,0.001052,0.002293,0.009972,285,270912.5475,28.5,1,0,"{timeout:3600,max_col_multiplier:1,age_limit:4,random_seed:0,replication:1,num_threads:128}",1
new5200_6_eea.json.gz,12225,n,5,200,LagrangeTemplate,highs,LTFarkas,1,324,12224.00184,12314,0.722754588,12224.46041,0.458563536,31,214,0.641858,0.488255,1.155804,3153,4912.301475,1.793046478,1,0,"{timeout:3600,max_col_multiplier:1,age_limit:4,random_seed:0,replication:1,num_threads:128}",1
new5200_8_eea.json.gz,14210,n,5,200,LagrangeTemplate,highs,LTFarkas,1,513,14209.07899,14248,0.266704099,14209.59028,0.511284722,33,215,0.995226,0.882978,1.910264,7831,7868.564527,2.920518374,1,0,"{timeout:3600,max_col_multiplier:1,age_limit:4,random_seed:0,replication:1,num_threads:128}",1
new5200_9_eaa.json.gz,23540,n,5,200,LagrangeTemplate,highs,LTFarkas,1,0,23540,23540,0,23540,0,0,0,0.010032,0.010032,0.002375,200,,,1,0,"{timeout:3600,max_col_multiplier:1,age_limit:4,random_seed:0,replication:1,num_threads:128}",1
new60900_0_aec.json.gz,2902,n,60,900,LagrangeTemplate,highs,LTFarkas,1,249,2901.199012,3225,10.01550388,2901.895716,0.696704479,450,1062,7.704008,11.841575,20.13512,64663,8393.423267,4.113376244,1,0,"{timeout:3600,max_col_multiplier:1,age_limit:2,random_seed:0,replication:1,num_threads:128}",1
new60900_1_aaa.json.gz,14113,n,60,900,LagrangeTemplate,highs,LTFarkas,1,190,14112.30524,14223,0.773395205,14112.66051,0.35526956,282,993,1.79604,0.832376,2.889727,27351,15228.50271,2.365609955,1,0,"{timeout:3600,max_col_multiplier:1,age_limit:2,random_seed:0,replication:1,num_threads:128}",1
new60900_10_eaa.json.gz,18428,n,60,900,LagrangeTemplate,highs,LTFarkas,1,49,18427.625,18428,0,18428,0.375,60,957,0.074681,0.045016,0.223091,2615,35015.59968,1.322171711,1,0,"{timeout:3600,max_col_multiplier:1,age_limit:2,random_seed:0,replication:1,num_threads:128}",1
new60900_11_eea.json.gz,18271,n,60,900,LagrangeTemplate,highs,LTFarkas,1,450,18270.04725,18500,1.237837838,18270.15776,0.110514821,421,992,5.915532,1.206644,7.520711,77417,13087.07315,2.826277656,1,0,"{timeout:3600,max_col_multiplier:1,age_limit:2,random_seed:0,replication:1,num_threads:128}",1
new60900_12_ada.json.gz,90655,n,60,900,LagrangeTemplate,highs,LTFarkas,1,344,90655,92375,1.861975643,90655,167,471,1275,12.610332,19.951651,33.19124,93435,7409.400482,4.345906008,1,0,"{timeout:3600,max_col_multiplier:1,age_limit:2,random_seed:0,replication:1,num_threads:128}",1
new60900_13_adc.json.gz,166290,n,60,900,LagrangeTemplate,highs,LTFarkas,1,435,166289.0181,167625,0.796420582,166289.1486,0.130517818,493,1027,17.046443,18.976464,36.665707,123553,7248.022359,4.732246666,1,0,"{timeout:3600,max_col_multiplier:1,age_limit:2,random_seed:0,replication:1,num_threads:128}",1
new60900_14_ada.json.gz,147048,n,60,900,LagrangeTemplate,highs,LTFarkas,1,430,147048,150479,2.280052366,147048,64.00000009,496,1252,17.968637,59.471875,78.131835,124214,6912.822603,4.667106852,1,0,"{timeout:3600,max_col_multiplier:1,age_limit:2,random_seed:0,replication:1,num_threads:128}",1
new60900_15_eec.json.gz,114061,n,60,900,LagrangeTemplate,highs,LTFarkas,1,438,114060.0622,114123,0.054327349,114060.7608,0.698617613,282,989,9.572529,1.861486,12.584989,113009,11805.55316,4.124720654,1,0,"{timeout:3600,max_col_multiplier:1,age_limit:2,random_seed:0,replication:1,num_threads:128}",1
new60900_16_adc.json.gz,8288,n,60,900,LagrangeTemplate,highs,LTFarkas,1,264,8287.056334,8722,4.975922953,8287.538594,0.482259828,381,1048,6.15952,2.795803,9.52303,74673,12123.18492,4.443532053,1,0,"{timeout:3600,max_col_multiplier:1,age_limit:2,random_seed:0,replication:1,num_threads:128}",1
new60900_17_aea.json.gz,900,n,60,900,LagrangeTemplate,highs,LTFarkas,1,0,900,900,0,900,0,0,0,0.11077,0.11077,0.088617,900,,,1,0,"{timeout:3600,max_col_multiplier:1,age_limit:2,random_seed:0,replication:1,num_threads:128}",1
new60900_18_adc.json.gz,223924,n,60,900,LagrangeTemplate,highs,LTFarkas,1,455,223923.0169,225698,0.786006079,223923.3792,0.362320223,478,1048,19.710421,28.619826,49.074266,143020,7256.060132,5.191035869,1,0,"{timeout:3600,max_col_multiplier:1,age_limit:2,random_seed:0,replication:1,num_threads:128}",1
new60900_19_aaa.json.gz,17604,n,60,900,LagrangeTemplate,highs,LTFarkas,1,173,17603.2594,17631,0.153139357,17603.52353,0.264129892,240,964,1.223692,0.443821,1.879442,19553,15978.69399,1.906118388,1,0,"{timeout:3600,max_col_multiplier:1,age_limit:2,random_seed:0,replication:1,num_threads:128}",1
new60900_2_aaa.json.gz,35084,n,60,900,LagrangeTemplate,highs,LTFarkas,1,235,35083.22085,35490,1.143984221,35083.22085,0,301,964,3.678152,1.674603,5.690416,44455,12086.23243,3.172851215,1,0,"{timeout:3600,max_col_multiplier:1,age_limit:2,random_seed:0,replication:1,num_threads:128}",1
new60900_20_edc.json.gz,75946,n,60,900,LagrangeTemplate,highs,LTFarkas,1,364,75946,76050,0.136752137,75946,0,263,973,7.980442,0.767548,9.250606,83563,10470.97391,3.763607607,1,0,"{timeout:3600,max_col_multiplier:1,age_limit:2,random_seed:0,replication:1,num_threads:128}",1
new60900_21_ada.json.gz,108469,n,60,900,LagrangeTemplate,highs,LTFarkas,1,385,108469,110598,1.924989602,108469,75.0000025,488,1242,15.756653,43.271959,59.718823,113943,7231.421546,4.740969697,1,0,"{timeout:3600,max_col_multiplier:1,age_limit:2,random_seed:0,replication:1,num_threads:128}",1
new60900_22_eda.json.gz,53988,n,60,900,LagrangeTemplate,highs,LTFarkas,1,591,53987.21607,54220,0.427886389,53987.40419,0.188125777,382,1022,7.498262,2.137275,10.067929,90526,12072.93103,2.52969832,1,0,"{timeout:3600,max_col_multiplier:1,age_limit:2,random_seed:0,replication:1,num_threads:128}",1
new60900_23_adc.json.gz,85384,n,60,900,LagrangeTemplate,highs,LTFarkas,1,348,85384,86572,1.37226817,85384,78.00000002,448,1262,12.22142,11.762079,24.601611,96297,7879.362627,4.44108558,1,0,"{timeout:3600,max_col_multiplier:1,age_limit:2,random_seed:0,replication:1,num_threads:128}",1
new60900_24_aac.json.gz,32283,n,60,900,LagrangeTemplate,highs,LTFarkas,1,223,32282.01464,32696,1.263151456,32282.01464,0,301,962,3.684793,1.416616,5.431216,42962,11659.27095,3.185029958,1,0,"{timeout:3600,max_col_multiplier:1,age_limit:2,random_seed:0,replication:1,num_threads:128}",1
new60900_25_ada.json.gz,917,n,60,900,LagrangeTemplate,highs,LTFarkas,1,2,917,917,0,917,8605,60,120,0.002464,0.004764,0.102378,1278,518668.8312,10.65,1,0,"{timeout:3600,max_col_multiplier:1,age_limit:2,random_seed:0,replication:1,num_threads:128}",1
new60900_26_aaa.json.gz,19258,n,60,900,LagrangeTemplate,highs,LTFarkas,1,190,19257.33303,19426,0.864820344,19257.98121,0.64817338,273,968,2.30385,0.996509,3.579455,31093,13496.10435,2.718877947,1,0,"{timeout:3600,max_col_multiplier:1,age_limit:2,random_seed:0,replication:1,num_threads:128}",1
new60900_27_eea.json.gz,20960,n,60,900,LagrangeTemplate,highs,LTFarkas,1,406,20959.19029,21520,2.602230483,20959.88861,0.698321034,417,1028,5.671335,1.226913,7.317341,74306,13102.02977,3.017793722,1,0,"{timeout:3600,max_col_multiplier:1,age_limit:2,random_seed:0,replication:1,num_threads:128}",1
new60900_28_eec.json.gz,116643,n,60,900,LagrangeTemplate,highs,LTFarkas,1,436,116642.0151,116656,0.011143876,116642.4436,0.428504744,317,993,9.804776,1.844309,12.889349,117634,11997.62238,4.354855971,1,0,"{timeout:3600,max_col_multiplier:1,age_limit:2,random_seed:0,replication:1,num_threads:128}",1
new60900_29_aaa.json.gz,22852,n,60,900,LagrangeTemplate,highs,LTFarkas,1,181,22851.09933,23107,1.103561691,22851.28252,0.183189198,290,990,1.63801,0.783389,2.661946,24788,15132.99675,2.268074779,1,0,"{timeout:3600,max_col_multiplier:1,age_limit:2,random_seed:0,replication:1,num_threads:128}",1
new60900_3_edc.json.gz,76244,n,60,900,LagrangeTemplate,highs,LTFarkas,1,364,76243.16667,76375,0.171522095,76244,13.00000005,264,1180,7.991307,0.782681,9.236589,88991,11135.97563,4.004248947,1,0,"{timeout:3600,max_col_multiplier:1,age_limit:2,random_seed:0,replication:1,num_threads:128}",1
new60900_30_eea.json.gz,25123,n,60,900,LagrangeTemplate,highs,LTFarkas,1,457,25122.32986,25415,1.148927799,25122.93833,0.608467901,391,997,7.609327,1.596459,9.753913,94564,12427.38024,3.417803678,1,0,"{timeout:3600,max_col_multiplier:1,age_limit:2,random_seed:0,replication:1,num_threads:128}",1
new60900_31_eaa.json.gz,19942,n,60,900,LagrangeTemplate,highs,LTFarkas,1,66,19941.07143,19942,0,19942,0.928571429,60,954,0.101019,0.056531,0.263009,2675,26480.1671,1.235365101,1,0,"{timeout:3600,max_col_multiplier:1,age_limit:2,random_seed:0,replication:1,num_threads:128}",1
new60900_32_eda.json.gz,52980,n,60,900,LagrangeTemplate,highs,LTFarkas,1,589,52979.06809,53212,0.435991882,52979.24603,0.177940564,373,1025,8.058128,2.269982,10.749114,92454,11473.38439,2.600803911,1,0,"{timeout:3600,max_col_multiplier:1,age_limit:2,random_seed:0,replication:1,num_threads:128}",1
new60900_33_aac.json.gz,206336,n,60,900,LagrangeTemplate,highs,LTFarkas,1,260,206335.7051,236004,12.57097337,206335.7051,0,386,963,9.392228,8.589773,18.700514,88334,9405.010185,4.677279605,1,0,"{timeout:3600,max_col_multiplier:1,age_limit:2,random_seed:0,replication:1,num_threads:128}",1
new60900_34_eda.json.gz,51012,n,60,900,LagrangeTemplate,highs,LTFarkas,1,558,51011.08337,51293,0.547833038,51011.71883,0.635463979,351,1024,7.210837,1.938555,9.552647,90877,12602.83654,2.699261625,1,0,"{timeout:3600,max_col_multiplier:1,age_limit:2,random_seed:0,replication:1,num_threads:128}",1
new60900_35_eac.json.gz,24029,n,60,900,LagrangeTemplate,highs,LTFarkas,1,188,24028.0034,24193,0.677882032,24028.79587,0.792468413,224,970,1.910052,0.234995,2.399305,25611,13408.53547,2.327342055,1,0,"{timeout:3600,max_col_multiplier:1,age_limit:2,random_seed:0,replication:1,num_threads:128}",1
new60900_4_eac.json.gz,15811,n,60,900,LagrangeTemplate,highs,LTFarkas,1,207,15810.02309,15825,0.088467615,15810.19355,0.170454545,149,985,1.145034,0.221338,1.539927,18501,16157.59881,1.595012747,1,0,"{timeout:3600,max_col_multiplier:1,age_limit:2,random_seed:0,replication:1,num_threads:128}",1
new60900_5_eea.json.gz,19985,n,60,900,LagrangeTemplate,highs,LTFarkas,1,397,19984.11743,20466,2.350239421,19984.37664,0.259212827,417,1011,5.632951,1.145604,7.168468,73281,13009.34448,3.030951814,1,0,"{timeout:3600,max_col_multiplier:1,age_limit:2,random_seed:0,replication:1,num_threads:128}",1
new60900_6_aea.json.gz,900,n,60,900,LagrangeTemplate,highs,LTFarkas,1,0,900,900,0,900,0,0,0,0.109018,0.109018,0.089044,900,,,1,0,"{timeout:3600,max_col_multiplier:1,age_limit:2,random_seed:0,replication:1,num_threads:128}",1
new60900_7_edc.json.gz,77929,n,60,900,LagrangeTemplate,highs,LTFarkas,1,306,77928.15181,78042,0.144793829,77928.39008,0.238274936,254,1048,5.565109,0.649552,6.662652,65836,11830.13666,3.533977794,1,0,"{timeout:3600,max_col_multiplier:1,age_limit:2,random_seed:0,replication:1,num_threads:128}",1
new60900_8_aac.json.gz,10432,n,60,900,LagrangeTemplate,highs,LTFarkas,1,205,10431.08554,10488,0.533943555,10431.79131,0.705769556,258,978,2.268624,1.173882,3.699459,30581,13479.97729,2.455913954,1,0,"{timeout:3600,max_col_multiplier:1,age_limit:2,random_seed:0,replication:1,num_threads:128}",1
new60900_9_eda.json.gz,55582,n,60,900,LagrangeTemplate,highs,LTFarkas,1,576,55581.06919,55946,0.650627391,55581.15515,0.085957852,379,985,7.813311,2.150582,10.429894,91365,11693.50612,2.628049704,1,0,"{timeout:3600,max_col_multiplier:1,age_limit:2,random_seed:0,replication:1,num_threads:128}",1
new801600_0_eda.json.gz,96990,n,80,1600,LagrangeTemplate,highs,LTFarkas,1,1135,96989.01229,97516,0.539398663,96989.0144,0.002110024,508,1692,40.190469,10.871669,52.618262,256956,6393.45612,2.813062297,1,0,"{timeout:3600,max_col_multiplier:1,age_limit:2,random_seed:0,replication:1,num_threads:128}",1
new801600_1_aea.json.gz,1600,n,80,1600,LagrangeTemplate,highs,LTFarkas,1,0,1600,1600,0,1600,0,0,0,0.266529,0.266529,0.232332,1600,,,1,0,"{timeout:3600,max_col_multiplier:1,age_limit:2,random_seed:0,replication:1,num_threads:128}",1
new801600_10_ada.json.gz,118116,n,80,1600,LagrangeTemplate,highs,LTFarkas,1,610,118116,119854,1.450097619,118116,201.0000007,630,2061,44.357136,127.821874,174.103899,202717,4570.110207,4.031673497,1,0,"{timeout:3600,max_col_multiplier:1,age_limit:2,random_seed:0,replication:1,num_threads:128}",1
new801600_12_eaa.json.gz,24777,n,80,1600,LagrangeTemplate,highs,LTFarkas,1,82,24776.33333,24777,0,24777,0.666666667,80,1675,0.262408,0.126538,0.663322,4853,18494.10079,1.110660307,1,0,"{timeout:3600,max_col_multiplier:1,age_limit:2,random_seed:0,replication:1,num_threads:128}",1
new801600_13_ada.json.gz,1600,n,80,1600,LagrangeTemplate,highs,LTFarkas,1,0,1600,1600,0,1600,0,0,0,0.261169,0.261169,0.226939,1600,,,1,0,"{timeout:3600,max_col_multiplier:1,age_limit:2,random_seed:0,replication:1,num_threads:128}",1
new801600_14_adc.json.gz,134128,n,80,1600,LagrangeTemplate,highs,LTFarkas,1,472,134128,135425,0.957725678,134128,155,573,2052,35.12414,25.998896,62.979124,175119,4985.716376,4.461236835,1,0,"{timeout:3600,max_col_multiplier:1,age_limit:2,random_seed:0,replication:1,num_threads:128}",1
new801600_15_adc.json.gz,34671,n,80,1600,LagrangeTemplate,highs,LTFarkas,1,522,34670.34389,36186,4.186702039,34670.64438,0.300489279,603,1851,44.104535,46.204424,93.083447,263721,5979.453133,5.897750945,1,0,"{timeout:3600,max_col_multiplier:1,age_limit:2,random_seed:0,replication:1,num_threads:128}",1
new801600_16_eea.json.gz,43178,n,80,1600,LagrangeTemplate,highs,LTFarkas,1,703,43177.13172,44166,2.237014898,43177.52212,0.390400079,544,1788,27.533204,6.004632,35.229101,195515,7101.062412,3.452563287,1,0,"{timeout:3600,max_col_multiplier:1,age_limit:2,random_seed:0,replication:1,num_threads:128}",1
new801600_17_ada.json.gz,2488,n,80,1600,LagrangeTemplate,highs,LTFarkas,1,249,2488,2501,0.519792083,2488,126,192,1929,6.152436,7.692305,14.431944,43212,7023.559449,2.012543473,1,0,"{timeout:3600,max_col_multiplier:1,age_limit:2,random_seed:0,replication:1,num_threads:128}",1
new801600_18_aac.json.gz,28414,n,80,1600,LagrangeTemplate,highs,LTFarkas,1,273,28413.01164,28685,0.94474464,28413.01548,0.003838904,441,1701,8.9194,3.174439,12.835577,68592,7690.203377,3.079356965,1,0,"{timeout:3600,max_col_multiplier:1,age_limit:2,random_seed:0,replication:1,num_threads:128}",1
new801600_19_aec.json.gz,1600,n,80,1600,LagrangeTemplate,highs,LTFarkas,1,116,1600,1600,0,1600,1127.5,80,1916,1.914731,2.629894,5.063611,15271,7975.532856,1.297551569,1,0,"{timeout:3600,max_col_multiplier:1,age_limit:2,random_seed:0,replication:1,num_threads:128}",1
new801600_2_aac.json.gz,19819,n,80,1600,LagrangeTemplate,highs,LTFarkas,1,310,19818.02501,19885,0.331908474,19818.34384,0.318834336,385,1709,10.225458,5.117278,16.137279,74384,7274.392991,2.954222796,1,0,"{timeout:3600,max_col_multiplier:1,age_limit:2,random_seed:0,replication:1,num_threads:128}",1
new801600_20_aac.json.gz,43489,n,80,1600,LagrangeTemplate,highs,LTFarkas,1,323,43488.11888,44334,1.905986376,43488.29322,0.174340319,433,1698,13.378935,4.702695,19.045535,93683,7002.27634,3.621408395,1,0,"{timeout:3600,max_col_multiplier:1,age_limit:2,random_seed:0,replication:1,num_threads:128}",1
new801600_21_ada.json.gz,179316,n,80,1600,LagrangeTemplate,highs,LTFarkas,1,521,179316,182237,1.602857817,179316,61.00000567,657,2031,45.376776,179.963865,227.233566,186890,4118.626674,4.298389427,1,0,"{timeout:3600,max_col_multiplier:1,age_limit:2,random_seed:0,replication:1,num_threads:128}",1
new801600_22_ada.json.gz,305871,n,80,1600,LagrangeTemplate,highs,LTFarkas,1,580,305871,310134,1.374567123,305871,63.75000022,678,2035,56.949027,249.470053,308.314763,216284,3797.85242,4.518625157,1,0,"{timeout:3600,max_col_multiplier:1,age_limit:2,random_seed:0,replication:1,num_threads:128}",1
new801600_23_adc.json.gz,67636,n,80,1600,LagrangeTemplate,highs,LTFarkas,1,470,67636,68607,1.415307476,67636,38,581,2017,38.678747,33.933312,74.543175,197941,5117.564951,5.023012975,1,0,"{timeout:3600,max_col_multiplier:1,age_limit:2,random_seed:0,replication:1,num_threads:128}",1
new801600_24_aaa.json.gz,30278,n,80,1600,LagrangeTemplate,highs,LTFarkas,1,260,30277.35753,30692,1.348885703,30277.75711,0.399575549,451,1714,7.954373,2.759272,11.437656,65598,8246.784505,3.068634328,1,0,"{timeout:3600,max_col_multiplier:1,age_limit:2,random_seed:0,replication:1,num_threads:128}",1
new801600_25_eda.json.gz,98556,n,80,1600,LagrangeTemplate,highs,LTFarkas,1,1162,98555.03141,98935,0.3830798,98555.09784,0.066424632,513,1747,41.329143,11.03765,53.989691,269718,6526.097093,2.884555212,1,0,"{timeout:3600,max_col_multiplier:1,age_limit:2,random_seed:0,replication:1,num_threads:128}",1
new801600_26_aac.json.gz,42433,n,80,1600,LagrangeTemplate,highs,LTFarkas,1,299,42432.21691,42975,1.261198371,42432.54211,0.325198478,432,1697,11.463897,4.824861,17.401781,85506,7458.720189,3.554298005,1,0,"{timeout:3600,max_col_multiplier:1,age_limit:2,random_seed:0,replication:1,num_threads:128}",1
new801600_27_ada.json.gz,188434,n,80,1600,LagrangeTemplate,highs,LTFarkas,1,727,188434,191102,1.39611307,188434,38.0000017,709,2024,75.836384,295.958414,373.763084,293149,3865.545594,4.935289966,1,0,"{timeout:3600,max_col_multiplier:1,age_limit:2,random_seed:0,replication:1,num_threads:128}",1
new801600_28_eac.json.gz,29278,n,80,1600,LagrangeTemplate,highs,LTFarkas,1,305,29277.49164,29533,0.863440897,29277.84736,0.355716874,349,1720,9.457263,0.646814,10.888077,74603,7888.434529,3.017119267,1,0,"{timeout:3600,max_col_multiplier:1,age_limit:2,random_seed:0,replication:1,num_threads:128}",1
new801600_29_ada.json.gz,209887,n,80,1600,LagrangeTemplate,highs,LTFarkas,1,645,209887,213611,1.743355913,209887,270.0000005,691,2095,70.418738,294.719023,366.901073,268924,3818.926718,5.06827907,1,0,"{timeout:3600,max_col_multiplier:1,age_limit:2,random_seed:0,replication:1,num_threads:128}",1
new801600_3_adc.json.gz,191008,n,80,1600,LagrangeTemplate,highs,LTFarkas,1,563,191008,192594,0.823493982,191008,173.0000488,615,2047,43.026415,54.798811,99.621163,198262,4607.913534,4.25696035,1,0,"{timeout:3600,max_col_multiplier:1,age_limit:2,random_seed:0,replication:1,num_threads:128}",1
new801600_30_ada.json.gz,237951,n,80,1600,LagrangeTemplate,highs,LTFarkas,1,655,237951,241243,1.36459918,237951,210.0000002,666,2104,61.51027,223.70501,287.186853,246649,4009.883228,4.58860687,1,0,"{timeout:3600,max_col_multiplier:1,age_limit:2,random_seed:0,replication:1,num_threads:128}",1
new801600_31_eea.json.gz,40123,n,80,1600,LagrangeTemplate,highs,LTFarkas,1,669,40122.21298,40944,2.005177804,40122.63371,0.420731228,541,1804,24.196103,5.417114,31.145169,180717,7468.847359,3.330553727,1,0,"{timeout:3600,max_col_multiplier:1,age_limit:2,random_seed:0,replication:1,num_threads:128}",1
new801600_32_eea.json.gz,26730,n,80,1600,LagrangeTemplate,highs,LTFarkas,1,745,26729.03154,27028,1.102560308,26729.54158,0.510040708,539,1818,22.500792,4.325131,27.894121,175735,7810.169526,2.933012578,1,0,"{timeout:3600,max_col_multiplier:1,age_limit:2,random_seed:0,replication:1,num_threads:128}",1
new801600_33_eec.json.gz,178710,n,80,1600,LagrangeTemplate,highs,LTFarkas,1,674,178709.2241,178723,0.007273825,178709.6402,0.416134517,301,1721,42.833913,7.224476,54.01302,261342,6101.287081,4.701329659,1,0,"{timeout:3600,max_col_multiplier:1,age_limit:2,random_seed:0,replication:1,num_threads:128}",1
new801600_34_edc.json.gz,131974,n,80,1600,LagrangeTemplate,highs,LTFarkas,1,499,131974,132156,0.137716033,131974,177.6407767,478,2038,17.63651,1.965086,20.949661,111144,6301.927082,2.67096129,1,0,"{timeout:3600,max_col_multiplier:1,age_limit:2,random_seed:0,replication:1,num_threads:128}",1
new801600_35_eea.json.gz,39923,n,80,1600,LagrangeTemplate,highs,LTFarkas,1,764,39922.0785,40647,1.781189264,39922.30178,0.223276749,566,1773,28.956549,5.666138,36.215563,210508,7269.788952,3.402713439,1,0,"{timeout:3600,max_col_multiplier:1,age_limit:2,random_seed:0,replication:1,num_threads:128}",1
new801600_4_eea.json.gz,26288,n,80,1600,LagrangeTemplate,highs,LTFarkas,1,799,26287.4009,26535,0.930846052,26287.76785,0.366953335,541,1715,25.260751,4.55592,30.862937,188508,7462.485973,2.933208073,1,0,"{timeout:3600,max_col_multiplier:1,age_limit:2,random_seed:0,replication:1,num_threads:128}",1
new801600_5_aaa.json.gz,26507,n,80,1600,LagrangeTemplate,highs,LTFarkas,1,299,26506.07005,26634,0.476834122,26506.60691,0.536865515,441,1770,11.930646,3.837373,16.647359,85254,7145.799146,3.514518413,1,0,"{timeout:3600,max_col_multiplier:1,age_limit:2,random_seed:0,replication:1,num_threads:128}",1
new801600_6_adc.json.gz,19147,n,80,1600,LagrangeTemplate,highs,MTFarkas,1,431,19146.01786,19154,0.03654589,19146.24107,0.223214286,255,1940,254.087728,16.506455,273.358703,1136160,4471.526464,31.66713924,1,0,"{timeout:-1,max_col_multiplier:1,age_limit:10,random_seed:0,replication:1,num_threads:128}",1
new801600_7_eda.json.gz,92024,n,80,1600,LagrangeTemplate,highs,LTFarkas,1,1196,92023.17686,92631,0.655288186,92023.9968,1.821217931,527,1932,37.568762,10.482976,49.532075,254106,6763.757613,2.632597913,1,0,"{timeout:3600,max_col_multiplier:1,age_limit:2,random_seed:0,replication:1,num_threads:128}",1
new801600_8_eda.json.gz,86819,n,80,1600,LagrangeTemplate,highs,LTFarkas,1,1171,86818.04735,87171,0.403804017,86818.97557,0.928218791,522,1810,36.790948,10.108839,48.22946,252033,6850.407878,2.677575365,1,0,"{timeout:3600,max_col_multiplier:1,age_limit:2,random_seed:0,replication:1,num_threads:128}",1
new801600_9_adc.json.gz,149051,n,80,1600,LagrangeTemplate,highs,LTFarkas,1,568,149050.0536,151072,1.337772718,149050.3296,0.275996209,620,1832,48.478446,80.020181,130.818954,246792,5090.757241,5.252176803,1,0,"{timeout:3600,max_col_multiplier:1,age_limit:2,random_seed:0,replication:1,num_threads:128}",1
new803200_0_eda.json.gz,204060,n,80,3200,LagrangeTemplate,highs,LTFarkas,1,1616,204059.0061,204661,0.293656339,204059.0717,0.065638697,542,3493,635.303292,68.382382,707.951528,706708,1112.394677,5.426134467,1,0,"{timeout:3600,max_col_multiplier:1,age_limit:4,random_seed:0,replication:1,num_threads:128}",1
new803200_1_aea.json.gz,3200,n,80,3200,LagrangeTemplate,highs,LTFarkas,1,0,3200,3200,0,3200,0,0,0,0.59146,0.591459,0.528799,3200,,,1,0,"{timeout:3600,max_col_multiplier:1,age_limit:4,random_seed:0,replication:1,num_threads:128}",1
new803200_10_eda.json.gz,200003,n,80,3200,LagrangeTemplate,highs,LTFarkas,1,1749,200002.0015,200971,0.481661533,200002.5948,0.593337507,518,3578,658.253432,70.036759,732.676648,777702,1181.462887,5.507620837,1,0,"{timeout:3600,max_col_multiplier:1,age_limit:4,random_seed:100,replication:1,num_threads:128}",1
new803200_11_ada.json.gz,577833,n,80,3200,LagrangeTemplate,highs,LTFarkas,1,932,577833,581169,0.574015476,577833,808.1280653,717,4079,788.810216,1214.339442,2008.151822,495755,628.4845074,6.464595534,1,0,"{timeout:3600,max_col_multiplier:1,age_limit:4,random_seed:100,replication:1,num_threads:128}",1
new803200_12_eda.json.gz,201794,n,80,3200,LagrangeTemplate,highs,LTFarkas,1,1537,201793.0534,202300,0.250123579,201793.9088,0.855394377,528,3676,645.321763,66.159042,715.520638,673794,1044.120993,5.427736317,1,0,"{timeout:3600,max_col_multiplier:1,age_limit:4,random_seed:0,replication:1,num_threads:128}",1
new803200_13_eaa.json.gz,36834,n,80,3200,LagrangeTemplate,highs,LTFarkas,1,2,36834,36834,0,36834,2161305,80,160,0.01471,0.010746,0.563607,4352,295853.1611,27.2,1,0,"{timeout:3600,max_col_multiplier:1,age_limit:4,random_seed:0,replication:1,num_threads:128}",1
new803200_14_eea.json.gz,60988,n,80,3200,LagrangeTemplate,highs,LTFarkas,1,1351,60987.04316,61517,0.859924898,60987.19185,0.148693813,619,3365,422.113902,30.24282,455.903045,562852,1333.412611,5.18409297,1,0,"{timeout:3600,max_col_multiplier:1,age_limit:4,random_seed:0,replication:1,num_threads:128}",1
new803200_15_edc.json.gz,268663,n,80,3200,LagrangeTemplate,highs,LTFarkas,1,706,268663,268908,0.091109227,268663,287.7023822,557,3912,263.892931,8.22796,275.525265,291725,1105.467278,5.011368597,1,0,"{timeout:3600,max_col_multiplier:1,age_limit:4,random_seed:0,replication:1,num_threads:128}",1
new803200_16_eea.json.gz,98978,n,80,3200,LagrangeTemplate,highs,LTFarkas,1,1206,98977.02672,99682,0.706245862,98977.31223,0.285512836,571,3403,465.306071,42.762388,513.527707,564193,1212.520178,5.794209069,1,0,"{timeout:3600,max_col_multiplier:1,age_limit:4,random_seed:0,replication:1,num_threads:128}",1
new803200_17_eda.json.gz,182095,n,80,3200,LagrangeTemplate,highs,LTFarkas,1,2005,182094.0179,182704,0.333326036,182094.8452,0.827321499,569,3620,616.089668,73.065442,693.270147,789508,1281.482292,4.882469037,1,0,"{timeout:3600,max_col_multiplier:1,age_limit:4,random_seed:0,replication:1,num_threads:128}",1
new803200_18_aec.json.gz,9104,n,80,3200,LagrangeTemplate,highs,LTFarkas,1,680,9103.033706,9529,4.460069262,9103.658483,0.624777186,691,3728,455.467161,465.32128,927.509783,502037,1102.246315,8.942946562,1,0,"{timeout:3600,max_col_multiplier:1,age_limit:4,random_seed:0,replication:1,num_threads:128}",1
new803200_19_edc.json.gz,262331,n,80,3200,LagrangeTemplate,highs,LTFarkas,1,797,262331,262650,0.121454407,262331,1236.423964,419,3900,227.788893,9.774433,241.166871,289504,1270.931151,4.397062023,1,0,"{timeout:3600,max_col_multiplier:1,age_limit:4,random_seed:0,replication:1,num_threads:128}",1
new803200_2_aac.json.gz,70495,n,80,3200,LagrangeTemplate,highs,LTFarkas,1,591,70494.05216,70848,0.498249774,70494.62274,0.570585278,496,3424,185.137516,28.537819,216.062222,287746,1554.22848,6.071972405,1,0,"{timeout:3600,max_col_multiplier:1,age_limit:4,random_seed:0,replication:1,num_threads:128}",1
new803200_20_ada.json.gz,67053,n,80,3200,LagrangeTemplate,highs,LTFarkas,1,1059,67052.07354,68995,2.814696717,67052.38661,0.313066933,803,3588,951.78809,1119.366386,2075.54976,710208,746.182903,8.25648538,1,0,"{timeout:3600,max_col_multiplier:1,age_limit:4,random_seed:0,replication:1,num_threads:128}",1
new803200_21_eea.json.gz,94418,n,80,3200,LagrangeTemplate,highs,LTFarkas,1,1026,94417.07585,95613,1.249830044,94417.53068,0.454827405,566,3476,380.110003,36.791134,421.729861,470626,1238.131058,5.666520585,1,0,"{timeout:3600,max_col_multiplier:1,age_limit:4,random_seed:0,replication:1,num_threads:128}",1
new803200_22_eac.json.gz,46518,n,80,3200,LagrangeTemplate,highs,LTFarkas,1,610,46517.00871,46595,0.165253783,46517.74249,0.733772267,406,3466,92.406974,2.680234,96.8021,182830,1978.530322,3.76652685,1,0,"{timeout:3600,max_col_multiplier:1,age_limit:4,random_seed:0,replication:1,num_threads:128}",1
new803200_23_edc.json.gz,275398,n,80,3200,LagrangeTemplate,highs,LTFarkas,1,1088,275397.0165,275498,0.036297904,275397.2401,0.223582464,356,3707,587.937811,13.080369,605.170786,745189,1267.462283,8.497745952,1,0,"{timeout:3600,max_col_multiplier:1,age_limit:4,random_seed:0,replication:1,num_threads:128}",1
new803200_24_eaa.json.gz,52870,n,80,3200,LagrangeTemplate,highs,LTFarkas,1,958,52869.01371,52870,8.26E-14,52870,0.98628743,80,3299,33.751896,4.561839,39.925388,130509,3866.71611,1.97265822,1,0,"{timeout:3600,max_col_multiplier:1,age_limit:4,random_seed:0,replication:1,num_threads:128}",1
new803200_25_edc.json.gz,272716,n,80,3200,LagrangeTemplate,highs,LTFarkas,1,708,272716,272931,0.078774489,272716,448.7471196,334,4046,297.808877,7.126403,308.281178,354649,1190.861077,6.077520714,1,0,"{timeout:3600,max_col_multiplier:1,age_limit:4,random_seed:0,replication:1,num_threads:128}",1
new803200_26_eda.json.gz,197447,n,80,3200,LagrangeTemplate,highs,LTFarkas,1,1696,197446.0537,198002,0.280300199,197446.7425,0.688842547,540,3650,655.03545,71.30244,730.577227,713745,1089.62805,5.210206755,1,0,"{timeout:3600,max_col_multiplier:1,age_limit:4,random_seed:0,replication:1,num_threads:128}",1
new803200_27_aaa.json.gz,102325,n,80,3200,LagrangeTemplate,highs,LTFarkas,1,517,102324.1707,104349,1.939644846,102324.8482,0.677560468,565,3346,195.236741,33.333307,231.61736,280483,1436.630209,6.69154693,1,0,"{timeout:3600,max_col_multiplier:1,age_limit:4,random_seed:0,replication:1,num_threads:128}",1
new803200_28_aac.json.gz,66858,n,80,3200,LagrangeTemplate,highs,LTFarkas,1,530,66857.15182,67246,0.576985992,66857.77534,0.623520342,478,3364,139.021775,20.30468,161.302202,219885,1581.658701,5.121570875,1,0,"{timeout:3600,max_col_multiplier:1,age_limit:4,random_seed:0,replication:1,num_threads:128}",1
new803200_29_ada.json.gz,3478,n,80,3200,LagrangeTemplate,highs,LTFarkas,1,2,3478,3478,0,3478,68996,80,160,0.014623,0.038331,0.608126,4368,298707.5156,27.3,1,0,"{timeout:3600,max_col_multiplier:1,age_limit:4,random_seed:0,replication:1,num_threads:128}",1
new803200_3_adc.json.gz,1134403,n,80,3200,LagrangeTemplate,highs,LTFarkas,1,1241,1134402.026,1138090,0.323963834,1134402.512,0.486712916,761,3793,1298.363113,1350.911347,2654.678135,904225,696.4346037,9.010537356,1,0,"{timeout:3600,max_col_multiplier:1,age_limit:4,random_seed:100,replication:1,num_threads:128}",1
new803200_30_ada.json.gz,378633,n,80,3200,LagrangeTemplate,highs,LTFarkas,1,867,378633,381473,0.744482571,378633,456.9858693,714,3837,698.299869,1286.540034,1989.588891,437775,626.9154835,6.082387023,1,0,"{timeout:3600,max_col_multiplier:1,age_limit:4,random_seed:0,replication:1,num_threads:128}",1
new803200_31_aec.json.gz,3200,n,80,3200,LagrangeTemplate,highs,LTFarkas,1,515,3200,3201,0.031240233,3200,1359,91,4109,228.859641,127.317644,364.098932,393124,1717.751537,9.264232722,1,0,"{timeout:3600,max_col_multiplier:1,age_limit:4,random_seed:0,replication:1,num_threads:128}",1
new803200_32_ada.json.gz,366331,n,80,3200,LagrangeTemplate,highs,LTFarkas,1,750,366331,369702,0.911815462,366331,600.9583351,652,3882,620.55008,777.562935,1403.367818,372111,599.64701,5.948539524,1,0,"{timeout:3600,max_col_multiplier:1,age_limit:4,random_seed:0,replication:1,num_threads:128}",1
new803200_33_eaa.json.gz,67472,n,80,3200,LagrangeTemplate,highs,LTFarkas,1,2,67471.04082,67472,0,67472,2264679,80,160,0.014819,0.009878,0.583443,4354,293811.9981,27.2125,1,0,"{timeout:3600,max_col_multiplier:1,age_limit:4,random_seed:0,replication:1,num_threads:128}",1
new803200_34_eea.json.gz,78482,n,80,3200,LagrangeTemplate,highs,LTFarkas,1,1220,78481.01157,79150,0.843967151,78481.38,0.368428571,475,3353,469.539332,34.21445,507.85104,593779,1264.599065,6.103551722,1,0,"{timeout:3600,max_col_multiplier:1,age_limit:4,random_seed:100,replication:1,num_threads:128}",1
new803200_35_ada.json.gz,918157,n,80,3200,LagrangeTemplate,highs,LTFarkas,1,945,918157,922169,0.435061252,918157,517.3095349,701,3986,805.806009,1459.500313,2270.076702,512926,636.5378196,6.614775662,1,0,"{timeout:3600,max_col_multiplier:1,age_limit:4,random_seed:100,replication:1,num_threads:128}",1
new803200_4_eec.json.gz,536748,n,80,3200,LagrangeTemplate,highs,LTFarkas,1,1674,536747.25,536765,0.003167122,536748,0.750000017,209,3521,1220.581348,52.13893,1285.215475,1491974,1222.347042,17.77790763,1,0,"{timeout:3600,max_col_multiplier:1,age_limit:4,random_seed:0,replication:1,num_threads:128}",1
new803200_5_eec.json.gz,365471,n,80,3200,LagrangeTemplate,highs,LTFarkas,1,1293,365470.0274,365476,0.001368079,365470.0917,0.064242379,406,3300,1048.688844,53.201543,1112.568853,1315825,1254.733477,12.60876926,1,0,"{timeout:3600,max_col_multiplier:1,age_limit:4,random_seed:0,replication:1,num_threads:128}",1
new803200_6_eaa.json.gz,60971,n,80,3200,LagrangeTemplate,highs,LTFarkas,1,236,60970.11187,60971,0,60971,0.888128007,80,3296,2.479502,0.681192,3.89092,10941,4412.579623,1.53654262,1,0,"{timeout:3600,max_col_multiplier:1,age_limit:4,random_seed:0,replication:1,num_threads:128}",1
new803200_7_ada.json.gz,656869,n,80,3200,LagrangeTemplate,highs,LTFarkas,1,950,656869,659641,0.420228579,656869,443.2458381,708,3953,782.183865,1158.905846,1946.575074,511136,653.4729529,6.54461439,1,0,"{timeout:3600,max_col_multiplier:1,age_limit:4,random_seed:100,replication:1,num_threads:128}",1
new803200_9_eda.json.gz,186198,n,80,3200,LagrangeTemplate,highs,LTFarkas,1,1912,186197.0214,186987,0.421954467,186197.1374,0.116037485,555,3357,568.764381,69.671865,642.620963,768627,1351.397917,4.993114631,1,0,"{timeout:3600,max_col_multiplier:1,age_limit:4,random_seed:0,replication:1,num_threads:128}",1
new804000_0_aec.json.gz,93270,n,80,4000,LagrangeTemplate,highs,LTFarkas,1,954,93269.07559,94231,1.019834237,93269.76913,0.69354113,623,4489,2026.208597,402.54632,2438.639415,1027872,507.2883421,12.805428,1,0,"{timeout:3600,max_col_multiplier:1,age_limit:5,random_seed:0,replication:1,num_threads:128}",1
new804000_1_edc.json.gz,337142,n,80,4000,LagrangeTemplate,highs,LTFarkas,1,785,337142,337402,0.077059413,337142,1577.641241,455,5102,894.180158,12.019031,911.028125,428974,479.7400123,6.571820594,1,0,"{timeout:3600,max_col_multiplier:1,age_limit:5,random_seed:0,replication:1,num_threads:128}",1
new804000_10_eac.json.gz,72040,n,80,4000,LagrangeTemplate,highs,LTFarkas,1,905,72039.00925,72068,0.038852195,72039.44739,0.438139912,387,4111,303.312338,5.417528,311.16883,321752,1060.794302,4.501630112,1,0,"{timeout:3600,max_col_multiplier:1,age_limit:5,random_seed:0,replication:1,num_threads:128}",1
new804000_11_adc.json.gz,97841,n,80,4000,LagrangeTemplate,highs,LTFarkas,1,703,97841,98415,0.583244424,97841,853.2473663,519,4827,1299.557315,104.030242,1409.949755,480367,369.6389489,8.242494944,1,0,"{timeout:3600,max_col_multiplier:1,age_limit:5,random_seed:0,replication:1,num_threads:128}",1
new804000_12_eac.json.gz,41378,n,80,4000,LagrangeTemplate,highs,LTFarkas,1,1167,41377.08905,41387,0.021745959,41377.80842,0.719371102,413,4582,655.80632,6.598356,665.264773,553059,843.326731,5.864581932,1,0,"{timeout:3600,max_col_multiplier:1,age_limit:5,random_seed:0,replication:1,num_threads:128}",1
new804000_13_aaa.json.gz,63191,n,80,4000,LagrangeTemplate,highs,LTFarkas,1,692,63190.13225,63701,0.800615375,63190.73502,0.602774172,560,4093,642.776179,47.666949,693.692872,340261,529.3615587,6.361630737,1,0,"{timeout:3600,max_col_multiplier:1,age_limit:5,random_seed:0,replication:1,num_threads:128}",1
new804000_14_aac.json.gz,70061,n,80,4000,LagrangeTemplate,highs,LTFarkas,1,722,70060.01371,70484,0.600136201,70060.21359,0.19987373,557,4106,776.514442,18.645834,799.327445,541441,697.2709981,9.276771255,1,0,"{timeout:3600,max_col_multiplier:1,age_limit:5,random_seed:0,replication:1,num_threads:128}",1
new804000_15_aec.json.gz,4000,n,80,4000,LagrangeTemplate,highs,LTFarkas,1,362,4000,4047,1.161354089,4000,3597.5,129,5127,212.385338,89.861242,311.895828,294117,1384.827233,9.6818316,1,0,"{timeout:3600,max_col_multiplier:1,age_limit:5,random_seed:0,replication:1,num_threads:128}",1
new804000_16_aaa.json.gz,65768,n,80,4000,LagrangeTemplate,highs,LTFarkas,1,915,65767.02852,66000,0.351515151,65767.11271,0.084191042,575,4124,943.079565,88.930152,1036.026208,612294,649.2495678,8.586618474,1,0,"{timeout:3600,max_col_multiplier:1,age_limit:5,random_seed:0,replication:1,num_threads:128}",1
new804000_17_adc.json.gz,1198542,n,80,4000,LagrangeTemplate,highs,MTFarkas,1,972,1198542,1203700,0.428512088,1198542,495.8461632,783,4782,3702.237401,870.934343,4579.460565,684275,184.8274235,8.538898283,1,0,"{timeout:-1,max_col_multiplier:1,age_limit:5,random_seed:0,replication:1,num_threads:128}",1
new804000_18_adc.json.gz,812084,n,80,4000,LagrangeTemplate,highs,MTFarkas,1,1179,812083.0745,814095,0.247022768,812083.7751,0.700630403,691,4731,4346.169945,426.70699,4777.986712,1058084,243.452054,11.06979,1,0,"{timeout:-1,max_col_multiplier:1,age_limit:5,random_seed:0,replication:1,num_threads:128}",1
new804000_19_eea.json.gz,90973,n,80,4000,LagrangeTemplate,highs,LTFarkas,1,1451,90972.00789,91556,0.636768753,90972.36922,0.361322366,602,4239,1852.552298,66.972455,1925.446539,807006,435.6184713,6.904966779,1,0,"{timeout:3600,max_col_multiplier:1,age_limit:5,random_seed:0,replication:1,num_threads:128}",1
new804000_2_aec.json.gz,10266,n,80,4000,LagrangeTemplate,highs,LTFarkas,1,909,10265.01134,10554,2.728823194,10265.17043,0.159087013,698,4411,1699.350824,791.644898,2496.889361,731195,430.2790158,9.908851013,1,0,"{timeout:3600,max_col_multiplier:1,age_limit:5,random_seed:0,replication:1,num_threads:128}",1
new804000_20_aaa.json.gz,82451,n,80,4000,LagrangeTemplate,highs,LTFarkas,1,885,82450.06071,82810,0.433522521,82450.21787,0.157165694,558,4109,1027.464735,45.831357,1077.262873,892718,868.8551243,12.54371566,1,0,"{timeout:3600,max_col_multiplier:1,age_limit:5,random_seed:0,replication:1,num_threads:128}",1
new804000_21_aaa.json.gz,67504,n,80,4000,LagrangeTemplate,highs,LTFarkas,1,676,67503.2894,67708,0.301293791,67503.87249,0.583094804,553,4219,531.42809,30.232431,564.632261,398604,750.0619698,7.304211789,1,0,"{timeout:3600,max_col_multiplier:1,age_limit:5,random_seed:0,replication:1,num_threads:128}",1
new804000_22_aea.json.gz,118883,n,80,4000,LagrangeTemplate,highs,LTFarkas,1,1221,118882.0117,119862,0.816772622,118882.9086,0.896918056,608,4452,2914.01956,349.839287,3271.405056,1246236,427.6690579,12.61354507,1,0,"{timeout:3600,max_col_multiplier:1,age_limit:5,random_seed:0,replication:1,num_threads:128}",1
new804000_23_aaa.json.gz,56607,n,80,4000,LagrangeTemplate,highs,LTFarkas,1,732,56606.14334,56760,0.269556025,56606.72642,0.583082948,528,4184,677.987166,59.637283,740.757732,442399,652.5182514,7.471890426,1,0,"{timeout:3600,max_col_multiplier:1,age_limit:5,random_seed:0,replication:1,num_threads:128}",1
new804000_24_eec.json.gz,819591,n,80,4000,LagrangeTemplate,highs,MTFarkas,1,1821,819590.0424,819599,0.000976087,819591.0385,0.996024906,407,4241,3071.404285,73.653473,3157.586568,2330082,758.6373475,15.97939049,1,0,"{timeout:-1,max_col_multiplier:1,age_limit:5,random_seed:0,replication:1,num_threads:128}",1
new804000_25_edc.json.gz,327232,n,80,4000,LagrangeTemplate,highs,LTFarkas,1,1000,327232,327644,0.125746237,327232,1236.42272,590,5011,1494.288521,19.668774,1518.829458,535850,358.5987528,6.560626471,1,0,"{timeout:3600,max_col_multiplier:1,age_limit:5,random_seed:0,replication:1,num_threads:128}",1
new804000_26_aea.json.gz,4000,n,80,4000,LagrangeTemplate,highs,LTFarkas,1,0,4000,4000,0,4000,0,0,0,0.71134,0.71134,0.634488,4000,,,1,0,"{timeout:3600,max_col_multiplier:1,age_limit:5,random_seed:0,replication:1,num_threads:128}",1
new804000_27_edc.json.gz,347786,n,80,4000,LagrangeTemplate,highs,LTFarkas,1,1126,347785.1063,347912,0.036216055,347785.6961,0.589852842,328,4504,2768.887199,17.461855,2791.509165,1579725,570.5270336,17.44123252,1,0,"{timeout:3600,max_col_multiplier:1,age_limit:5,random_seed:0,replication:1,num_threads:128}",1
new804000_28_eaa.json.gz,45466,n,80,4000,LagrangeTemplate,highs,LTFarkas,1,2,45465.65,45466,0,45466,2803787,80,160,0.020407,0.013639,0.733859,5417,265448.1305,33.85625,1,0,"{timeout:3600,max_col_multiplier:1,age_limit:5,random_seed:0,replication:1,num_threads:128}",1
new804000_29_eea.json.gz,115593,n,80,4000,LagrangeTemplate,highs,LTFarkas,1,1310,115592.0094,116614,0.8755381,115592.1044,0.095076826,593,4197,1423.12223,74.712002,1504.275933,671835,472.0852404,6.356697972,1,0,"{timeout:3600,max_col_multiplier:1,age_limit:5,random_seed:0,replication:1,num_threads:128}",1
new804000_3_ada.json.gz,870988,n,80,4000,LagrangeTemplate,highs,MTFarkas,1,860,870988,874201,0.367535613,870988,1189.285898,989,6133,11178.61982,1306.667605,12490.42575,2000967,178.999468,28.75895578,1,0,"{timeout:-1,max_col_multiplier:1,age_limit:10,random_seed:100,replication:1,num_threads:128}",1
new804000_30_eac.json.gz,65824,n,80,4000,LagrangeTemplate,highs,LTFarkas,1,896,65823.06986,65879,0.083486392,65823.21393,0.144065112,455,4224,361.049132,5.235934,368.69391,351555,973.7040442,4.900133263,1,0,"{timeout:3600,max_col_multiplier:1,age_limit:5,random_seed:0,replication:1,num_threads:128}",1
new804000_31_adc.json.gz,370970,n,80,4000,LagrangeTemplate,highs,MTFarkas,1,805,370969.0072,372143,0.315201415,370969.9324,0.925198985,624,5176,5001.199965,128.254834,5134.189825,1644031,328.7273077,25.29443181,1,0,"{timeout:-1,max_col_multiplier:1,age_limit:10,random_seed:0,replication:1,num_threads:128}",1
new804000_32_eec.json.gz,510403,n,80,4000,LagrangeTemplate,highs,MTFarkas,1,1477,510402.1784,510422,0.00372241,510402.8763,0.697938225,511,4529,12218.26846,69.51796,12299.304,6484290,530.7044956,55.98413511,1,0,"{timeout:-1,max_col_multiplier:1,age_limit:10,random_seed:0,replication:1,num_threads:128}",1
new804000_33_edc.json.gz,342645,n,80,4000,LagrangeTemplate,highs,MTFarkas,1,710,342645,342864,0.063873723,342645,20.00000012,315,6572,6600.248913,16.285618,6620.702718,2884553,437.0370024,50.49773665,1,0,"{timeout:-1,max_col_multiplier:1,age_limit:10,random_seed:0,replication:1,num_threads:128}",1
new804000_34_eec.json.gz,1422176,n,80,4000,LagrangeTemplate,highs,MTFarkas,1,518,1422175.667,1422182,0.000421887,1422182,828.8646366,80,6425,1055.287804,17.224279,1084.695454,955372,905.3189058,21.92788215,1,0,"{timeout:-1,max_col_multiplier:1,age_limit:10,random_seed:0,replication:1,num_threads:128}",1
new804000_35_eac.json.gz,70829,n,80,4000,LagrangeTemplate,highs,LTFarkas,1,729,70828.07644,70985,0.219764739,70828.84607,0.769625232,382,4150,409.858089,4.065536,416.943053,317456,774.5510178,5.524907618,1,0,"{timeout:3600,max_col_multiplier:1,age_limit:5,random_seed:0,replication:1,num_threads:128}",1
new804000_4_eea.json.gz,93581,n,80,4000,LagrangeTemplate,highs,LTFarkas,1,1351,93580.054,94394,0.861283556,93580.30084,0.246846402,607,4409,1311.514795,63.826256,1380.97376,625222,476.7174586,5.715165459,1,0,"{timeout:3600,max_col_multiplier:1,age_limit:5,random_seed:0,replication:1,num_threads:128}",1
new804000_5_aac.json.gz,128163,n,80,4000,LagrangeTemplate,highs,LTFarkas,1,880,128162.0223,128974,0.628808907,128162.0867,0.064405248,536,4094,659.463605,32.915629,696.402996,433008,656.6063642,6.400502831,1,0,"{timeout:3600,max_col_multiplier:1,age_limit:5,random_seed:0,replication:1,num_threads:128}",1
new804000_6_aec.json.gz,30631,n,80,4000,LagrangeTemplate,highs,LTFarkas,1,938,30630.00816,30986,1.145678693,30630.94923,0.941079304,656,4641,1813.727057,681.760404,2509.118236,888215,489.7181175,11.3674681,1,0,"{timeout:3600,max_col_multiplier:1,age_limit:5,random_seed:0,replication:1,num_threads:128}",1
new804000_7_adc.json.gz,385119,n,80,4000,LagrangeTemplate,highs,LTFarkas,1,916,385119,386536,0.366589399,385119,188.5000006,589,4897,2843.179185,479.046785,3328.48067,686492,241.452246,9.15013343,1,0,"{timeout:3600,max_col_multiplier:1,age_limit:5,random_seed:0,replication:1,num_threads:128}",1
new804000_8_aaa.json.gz,55613,n,80,4000,LagrangeTemplate,highs,LTFarkas,1,608,55612.01747,55613,0,55613,118.860119,80,4238,27.80038,5.447664,34.707501,94154,3386.788238,1.809997612,1,0,"{timeout:3600,max_col_multiplier:1,age_limit:5,random_seed:0,replication:1,num_threads:128}",1
new804000_9_ada.json.gz,4415,n,80,4000,LagrangeTemplate,highs,LTFarkas,1,2,4415,4415,0,4415,102800,80,160,0.020361,0.054649,0.770229,5409,265654.9285,33.80625,1,0,"{timeout:3600,max_col_multiplier:1,age_limit:5,random_seed:0,replication:1,num_threads:128}",1
new805000_0_eac.json.gz,87233,n,80,5000,LagrangeTemplate,highs,MTFarkas,1,1003,87232.09735,87325,0.105353564,87232.40905,0.311696704,392,5193,2460.661988,53.80792,2520.224818,691886,281.1788061,8.661602629,1,0,"{timeout:-1,max_col_multiplier:1,age_limit:6,random_seed:0,replication:1,num_threads:10}",1
new805000_1_eac.json.gz,71752,n,80,5000,LagrangeTemplate,highs,MTFarkas,1,1061,71751.02914,71772,0.02786602,71751.43513,0.405991946,425,5316,2491.859903,41.185385,2536.42387,579749,232.6571407,6.894591405,1,0,"{timeout:-1,max_col_multiplier:1,age_limit:6,random_seed:0,replication:1,num_threads:10}",1
new805000_10_eda.json.gz,330212,n,80,5000,LagrangeTemplate,highs,MTFarkas,1,1894,330211.0269,330607,0.119477201,330211.3406,0.313628876,511,5630,13880.26844,225.186585,14111.93557,1714307,123.5067612,11.22629359,1,0,"{timeout:-1,max_col_multiplier:1,age_limit:6,random_seed:300,replication:1,num_threads:10}",1
new805000_11_eda.json.gz,294737,n,80,5000,LagrangeTemplate,highs,MTFarkas,1,2136,294736.0027,295249,0.173412949,294736.0582,0.055544056,574,5309,14173.42285,303.408706,14484.68996,1683771,118.797768,9.874587165,1,0,"{timeout:-1,max_col_multiplier:1,age_limit:6,random_seed:0,replication:1,num_threads:10}",1
new805000_12_aaa.json.gz,112142,n,80,5000,LagrangeTemplate,highs,MTFarkas,1,790,112141.1614,112952,0.717118776,112141.6575,0.496037359,607,5407,2848.555667,139.122666,2993.202841,515534,180.9808409,8.021417108,1,0,"{timeout:-1,max_col_multiplier:1,age_limit:6,random_seed:0,replication:1,num_threads:10}",1
new805000_13_eda.json.gz,297984,n,80,5000,LagrangeTemplate,highs,MTFarkas,1,1630,297983.033,298644,0.220998915,297983.8343,0.801204649,530,5572,13456.50288,233.603814,13695.95258,1354273,100.640784,10.28475359,1,0,"{timeout:-1,max_col_multiplier:1,age_limit:6,random_seed:100,replication:1,num_threads:10}",1
new805000_14_aac.json.gz,82655,n,80,5000,LagrangeTemplate,highs,MTFarkas,1,1007,82654.06175,83102,0.537893191,82654.68536,0.623611662,634,5211,4197.288693,263.031862,4468.107213,1051247,250.4585881,12.92908015,1,0,"{timeout:-1,max_col_multiplier:1,age_limit:6,random_seed:0,replication:1,num_threads:10}",1
new805000_15_ada.json.gz,977906,n,80,5000,LagrangeTemplate,highs,MTFarkas,1,1353,977906,980628,0.277577226,977906,1570.474671,929,5782,32587.66869,5009.279482,37605.57637,953706,29.26585541,8.602205977,1,0,"{timeout:-1,max_col_multiplier:1,age_limit:6,random_seed:0,replication:1,num_threads:10}",1
new805000_16_aac.json.gz,68198,n,80,5000,LagrangeTemplate,highs,MTFarkas,1,776,68197.01141,68315,0.171265461,68197.1024,0.090991534,548,5265,2417.94746,117.676808,2540.914408,413457,170.9950306,6.598076885,1,0,"{timeout:-1,max_col_multiplier:1,age_limit:6,random_seed:0,replication:1,num_threads:10}",1
new805000_17_eec.json.gz,846281,n,80,5000,LagrangeTemplate,highs,MTFarkas,1,2204,846280.01,846289,0.000945304,846283.5455,3.535451192,306,6035,18522.62305,250.935174,18801.29626,5093268,274.9755252,29.24831634,1,0,"{timeout:-1,max_col_multiplier:1,age_limit:6,random_seed:0,replication:1,num_threads:10}",1
new805000_18_aec.json.gz,5000,n,80,5000,LagrangeTemplate,highs,MTFarkas,1,283,5000,5000,0,5000,4565.5,80,4643,50.542592,89.571074,142.458863,65656,1299.023208,2.444464075,1,0,"{timeout:-1,max_col_multiplier:1,age_limit:6,random_seed:0,replication:1,num_threads:10}",1
new805000_19_eda.json.gz,316051,n,80,5000,LagrangeTemplate,highs,MTFarkas,1,1836,316050.1272,317017,0.30471552,316050.5789,0.451681434,554,5662,11993.88872,239.867146,12242.52313,1337560,111.5201276,9.013264888,1,0,"{timeout:-1,max_col_multiplier:1,age_limit:6,random_seed:0,replication:1,num_threads:10}",1
new805000_2_aea.json.gz,5000,n,80,5000,LagrangeTemplate,highs,MTFarkas,1,0,5000,5000,0,5000,0,0,0,0.915906,0.915906,0.855608,5000,,,1,0,"{timeout:-1,max_col_multiplier:1,age_limit:6,random_seed:0,replication:1,num_threads:10}",1
new805000_20_adc.json.gz,757528,n,80,5000,LagrangeTemplate,highs,MTFarkas,1,1135,757527.0347,759042,0.199461953,757527.6139,0.579237608,637,5748,15851.02003,655.420307,16513.99966,1133631,71.51785801,12.29688335,1,0,"{timeout:-1,max_col_multiplier:1,age_limit:6,random_seed:200,replication:1,num_threads:10}",1
new805000_21_aac.json.gz,119611,n,80,5000,LagrangeTemplate,highs,MTFarkas,1,848,119610.0246,121161,1.279289537,119610.174,0.149387343,631,5273,2624.704267,214.885848,2845.885028,669021,254.8938592,9.670019471,1,0,"{timeout:-1,max_col_multiplier:1,age_limit:6,random_seed:0,replication:1,num_threads:10}",1
new805000_22_aac.json.gz,68656,n,80,5000,LagrangeTemplate,highs,MTFarkas,1,893,68655.10293,68833,0.257144102,68655.76323,0.66030821,540,5292,2489.481035,66.329574,2559.481673,732240,294.1335924,10.14757408,1,0,"{timeout:-1,max_col_multiplier:1,age_limit:6,random_seed:0,replication:1,num_threads:10}",1
new805000_23_ada.json.gz,255508,n,80,5000,LagrangeTemplate,highs,MTFarkas,1,1214,255508,258662,1.219351896,255508,1179.1667,871,6310,19867.07553,2570.243382,22444.91456,868823,43.73180133,8.67745301,1,0,"{timeout:-1,max_col_multiplier:1,age_limit:6,random_seed:0,replication:1,num_threads:10}",1
new805000_24_aac.json.gz,134817,n,80,5000,LagrangeTemplate,highs,MTFarkas,1,760,134816.0564,135768,0.700459608,134816.7625,0.706084821,597,5183,1921.164089,94.007462,2020.063796,531262,276.5312984,8.685195934,1,0,"{timeout:-1,max_col_multiplier:1,age_limit:6,random_seed:0,replication:1,num_threads:10}",1
new805000_25_eea.json.gz,127671,n,80,5000,LagrangeTemplate,highs,MTFarkas,1,1255,127670.0065,128277,0.472415162,127670.0873,0.080790386,594,5108,5290.801017,130.533294,5428.119807,1006647,190.2636287,9.943085319,1,0,"{timeout:-1,max_col_multiplier:1,age_limit:6,random_seed:0,replication:1,num_threads:10}",1
new805000_26_eea.json.gz,102664,n,80,5000,LagrangeTemplate,highs,MTFarkas,1,1219,102663.0049,103331,0.645498447,102663.0545,0.049615329,623,5113,6404.593717,122.048217,6531.975166,942422,147.1478195,9.605673561,1,0,"{timeout:-1,max_col_multiplier:1,age_limit:6,random_seed:0,replication:1,num_threads:10}",1
new805000_27_eda.json.gz,307799,n,80,5000,LagrangeTemplate,highs,MTFarkas,1,2704,307798.1723,308125,0.105801211,307798.8194,0.647096756,561,5703,15423.81471,288.444656,15719.00344,2279279,147.7766067,10.47409672,1,0,"{timeout:-1,max_col_multiplier:1,age_limit:6,random_seed:0,replication:1,num_threads:10}",1
new805000_28_aaa.json.gz,102185,n,80,5000,LagrangeTemplate,highs,MTFarkas,1,964,102184.1164,102558,0.36369664,102184.8079,0.691480848,547,5280,2904.273172,106.231968,3014.410223,745589,256.7213743,9.691213851,1,0,"{timeout:-1,max_col_multiplier:1,age_limit:6,random_seed:0,replication:1,num_threads:10}",1
new805000_29_aea.json.gz,35896,n,80,5000,LagrangeTemplate,highs,MTFarkas,1,1447,35895.0165,36306,1.129289924,35895.14882,0.132316166,702,5369,8975.84571,1004.985973,9986.353694,1431122,159.4414662,12.31681584,1,0,"{timeout:-1,max_col_multiplier:1,age_limit:6,random_seed:0,replication:1,num_threads:10}",1
new805000_3_eea.json.gz,156738,n,80,5000,LagrangeTemplate,highs,MTFarkas,1,1177,156737.0105,157546,0.512866083,156737.4564,0.445901404,571,5158,5429.517627,138.368819,5575.123805,1004791,185.0608229,10.53820126,1,0,"{timeout:-1,max_col_multiplier:1,age_limit:6,random_seed:0,replication:1,num_threads:10}",1
new805000_30_ada.json.gz,968294,n,80,5000,LagrangeTemplate,highs,MTFarkas,1,1434,968294,971358,0.31543468,968294,108388.1582,1065,5985,52918.4983,3716.879355,56644.07308,2023907,38.2457376,17.44526937,1,0,"{timeout:-1,max_col_multiplier:1,age_limit:6,random_seed:0,replication:1,num_threads:10}",1
new805000_31_eea.json.gz,104582,n,80,5000,LagrangeTemplate,highs,MTFarkas,1,1184,104581.0741,105259,0.643175405,104581.1155,0.041454202,610,5096,6487.27739,126.386315,6619.222509,873941,134.7161448,9.200155349,1,0,"{timeout:-1,max_col_multiplier:1,age_limit:6,random_seed:0,replication:1,num_threads:10}",1
new805000_32_edc.json.gz,427072,n,80,5000,LagrangeTemplate,highs,MTFarkas,1,1106,427071.7369,427171,0.023175731,427072,4.750000311,282,6899,26854.62988,82.325789,26943.61138,3431309,127.7734609,38.7851435,1,0,"{timeout:-1,max_col_multiplier:1,age_limit:6,random_seed:0,replication:1,num_threads:10}",1
new805000_33_edc.json.gz,420444,n,80,5000,LagrangeTemplate,highs,MTFarkas,1,819,420444,420741,0.070589745,420444,690.2769427,652,5977,5283.398047,64.911487,5354.101007,606466,114.7871114,9.009708319,1,0,"{timeout:-1,max_col_multiplier:1,age_limit:6,random_seed:0,replication:1,num_threads:10}",1
new805000_34_ada.json.gz,1164037,n,80,5000,LagrangeTemplate,highs,MTFarkas,1,1346,1164037,1168287,0.363780475,1164037,1153.426845,853,5975,28301.55877,5648.625031,33956.77819,932305,32.94182514,8.465412393,1,0,"{timeout:-1,max_col_multiplier:1,age_limit:6,random_seed:0,replication:1,num_threads:10}",1
new805000_35_eac.json.gz,69048,n,80,5000,LagrangeTemplate,highs,MTFarkas,1,866,69047.04435,69117,0.099830722,69047.56363,0.519281676,422,5206,1814.286484,38.056961,1856.147355,582874,321.2689976,8.370385324,1,0,"{timeout:-1,max_col_multiplier:1,age_limit:6,random_seed:0,replication:1,num_threads:10}",1
new805000_4_aea.json.gz,5000,n,80,5000,LagrangeTemplate,highs,MTFarkas,1,0,5000,5000,0,5000,0,0,0,0.628851,0.628851,0.569575,5000,,,1,0,"{timeout:-1,max_col_multiplier:1,age_limit:6,random_seed:0,replication:1,num_threads:10}",1
new805000_5_aaa.json.gz,69299,n,80,5000,LagrangeTemplate,highs,MTFarkas,1,848,69298.01235,69399,0.144094295,69298.9677,0.955349709,553,5472,2406.063301,92.216006,2501.256979,644152,267.7203047,9.378266137,1,0,"{timeout:-1,max_col_multiplier:1,age_limit:6,random_seed:0,replication:1,num_threads:10}",1
new805000_6_eea.json.gz,128248,n,80,5000,LagrangeTemplate,highs,MTFarkas,1,1203,128247.0329,128677,0.333392914,128247.4984,0.465501141,608,5436,5404.936684,125.841722,5537.084742,974488,180.2959141,9.981717992,1,0,"{timeout:-1,max_col_multiplier:1,age_limit:6,random_seed:0,replication:1,num_threads:10}",1
new805000_7_edc.json.gz,410041,n,80,5000,LagrangeTemplate,highs,MTFarkas,1,925,410041,410241,0.048751831,410041,19586.91256,756,6113,6782.478492,76.246787,6864.393945,760987,112.1989551,10.0630452,1,0,"{timeout:-1,max_col_multiplier:1,age_limit:6,random_seed:0,replication:1,num_threads:10}",1
new805000_8_eac.json.gz,126796,n,80,5000,LagrangeTemplate,highs,MTFarkas,1,890,126795.2098,127027,0.181851102,126795.4903,0.280522179,407,5122,1570.906525,36.276488,1610.780354,572129,364.2030833,8.086582867,1,0,"{timeout:-1,max_col_multiplier:1,age_limit:6,random_seed:0,replication:1,num_threads:10}",1
new805000_9_aea.json.gz,35068,n,80,5000,LagrangeTemplate,highs,MTFarkas,1,1234,35067.03224,35514,1.255842766,35067.37368,0.341438563,694,5602,8907.200745,671.44786,9585.010548,1137630,127.7202606,11.33537033,1,0,"{timeout:-1,max_col_multiplier:1,age_limit:6,random_seed:0,replication:1,num_threads:10}",1
new80900_0_adc.json.gz,72078,n,80,900,LagrangeTemplate,highs,LTFarkas,1,241,72078,73380,1.774325429,72078,64.00000003,549,1369,10.400277,6.31946,17.4713,98723,9492.343329,4.920487552,1,0,"{timeout:3600,max_col_multiplier:1,age_limit:2,random_seed:0,replication:1,num_threads:128}",1
new80900_1_ada.json.gz,901,n,80,900,LagrangeTemplate,highs,LTFarkas,1,0,901,901,0,901,0,0,0,0.138905,0.138905,0.116723,900,,,1,0,"{timeout:3600,max_col_multiplier:1,age_limit:2,random_seed:0,replication:1,num_threads:128}",1
new80900_10_edc.json.gz,75905,n,80,900,LagrangeTemplate,highs,LTFarkas,1,240,75905,76010,0.138139718,75905,0,379,1021,4.525061,0.434708,5.555655,60594,13390.75871,3.034724853,1,0,"{timeout:3600,max_col_multiplier:1,age_limit:2,random_seed:0,replication:1,num_threads:128}",1
new80900_11_eaa.json.gz,19378,n,80,900,LagrangeTemplate,highs,LTFarkas,1,59,19377.25,19378,0,19378,0.75,80,970,0.084792,0.051705,0.272492,2611,30792.99934,1.24765071,1,0,"{timeout:3600,max_col_multiplier:1,age_limit:2,random_seed:0,replication:1,num_threads:128}",1
new80900_12_eea.json.gz,19659,n,80,900,LagrangeTemplate,highs,LTFarkas,1,351,19658.0187,20526,4.223911137,19658.1083,0.089601303,507,984,6.254102,0.915055,7.764265,87225,13946.84641,3.119949176,1,0,"{timeout:3600,max_col_multiplier:1,age_limit:2,random_seed:0,replication:1,num_threads:128}",1
new80900_13_adc.json.gz,142094,n,80,900,LagrangeTemplate,highs,LTFarkas,1,316,142094,144328,1.5478632,142094,66.00000023,602,1393,16.247275,19.21993,36.327957,131181,8074.030876,5.004598497,1,0,"{timeout:3600,max_col_multiplier:1,age_limit:2,random_seed:0,replication:1,num_threads:128}",1
new80900_14_aea.json.gz,5509,n,80,900,LagrangeTemplate,highs,LTFarkas,1,268,5508.061366,5895,6.547921968,5508.842156,0.780789934,588,1185,10.177208,7.556933,18.401261,116116,11409.41602,5.181192829,1,0,"{timeout:3600,max_col_multiplier:1,age_limit:2,random_seed:0,replication:1,num_threads:128}",1
new80900_15_eaa.json.gz,10752,n,80,900,LagrangeTemplate,highs,LTFarkas,1,290,10752,10752,0,10752,0,80,986,1.499417,0.31116,2.032121,24506,16343.68558,1.067512922,1,0,"{timeout:3600,max_col_multiplier:1,age_limit:2,random_seed:0,replication:1,num_threads:128}",1
new80900_16_aec.json.gz,1265,n,80,900,LagrangeTemplate,highs,LTFarkas,1,189,1264.066818,1353,6.504065041,1264.790855,0.724037043,489,1129,6.177525,8.495911,15.395408,70588,11426.58265,4.584900044,1,0,"{timeout:3600,max_col_multiplier:1,age_limit:2,random_seed:0,replication:1,num_threads:128}",1
new80900_17_eec.json.gz,125166,n,80,900,LagrangeTemplate,highs,LTFarkas,1,261,125165.1985,127660,1.953626821,125165.2353,0.036764706,298,986,5.864075,0.868995,8.489257,92845,15832.84661,4.218594487,1,0,"{timeout:3600,max_col_multiplier:1,age_limit:2,random_seed:0,replication:1,num_threads:128}",1
new80900_18_aea.json.gz,900,n,80,900,LagrangeTemplate,highs,LTFarkas,1,0,900,900,0,900,0,0,0,0.142056,0.142056,0.11883,900,,,1,0,"{timeout:3600,max_col_multiplier:1,age_limit:2,random_seed:0,replication:1,num_threads:128}",1
new80900_19_eaa.json.gz,18324,n,80,900,LagrangeTemplate,highs,LTFarkas,1,255,18323.5,18324,0,18324,0.5,80,988,1.240095,0.281153,1.731218,21704,17501.88494,1.085693958,1,0,"{timeout:3600,max_col_multiplier:1,age_limit:2,random_seed:0,replication:1,num_threads:128}",1
new80900_2_aaa.json.gz,26175,n,80,900,LagrangeTemplate,highs,LTFarkas,1,195,26174.11539,27896,6.169343275,26174.11539,0,432,992,4.393264,1.039556,5.906855,68064,15492.80899,4.328978306,1,0,"{timeout:3600,max_col_multiplier:1,age_limit:2,random_seed:0,replication:1,num_threads:128}",1
new80900_20_eac.json.gz,16903,n,80,900,LagrangeTemplate,highs,LTFarkas,1,168,16902.16558,17012,0.640724195,16902.16558,0,298,984,1.53158,0.206464,2.019797,25588,16706.9301,2.055794167,1,0,"{timeout:3600,max_col_multiplier:1,age_limit:2,random_seed:0,replication:1,num_threads:128}",1
new80900_21_ada.json.gz,89757,n,80,900,LagrangeTemplate,highs,LTFarkas,1,425,89756.25596,93970,4.483345749,89756.99873,0.742778377,704,1213,30.711651,70.730071,102.402304,200356,6523.778223,5.834291091,1,0,"{timeout:3600,max_col_multiplier:1,age_limit:2,random_seed:0,replication:1,num_threads:128}",1
new80900_22_eaa.json.gz,12124,n,80,900,LagrangeTemplate,highs,LTFarkas,1,41,12124,12124,0,12124,0,80,970,0.060796,0.039912,0.235089,2589,42585.03849,0.986582006,1,0,"{timeout:3600,max_col_multiplier:1,age_limit:2,random_seed:0,replication:1,num_threads:128}",1
new80900_23_eac.json.gz,11821,n,80,900,LagrangeTemplate,highs,LTFarkas,1,168,11820.43617,11824,0.025372124,11820.89362,0.457446809,242,1010,1.192364,0.201679,1.644409,21242,17815.02964,1.660472707,1,0,"{timeout:3600,max_col_multiplier:1,age_limit:2,random_seed:0,replication:1,num_threads:128}",1
new80900_24_eec.json.gz,176030,n,80,900,LagrangeTemplate,highs,LTFarkas,1,267,176029.3333,176030,3.14E-13,176030,0.666666667,80,1005,5.84291,0.847391,8.622274,88984,15229.39768,3.916244042,1,0,"{timeout:3600,max_col_multiplier:1,age_limit:2,random_seed:0,replication:1,num_threads:128}",1
new80900_25_eea.json.gz,15969,n,80,900,LagrangeTemplate,highs,LTFarkas,1,377,15968.03529,16353,2.348192992,15968.05622,0.020930671,475,1020,5.666882,0.821022,6.947197,83947,14813.61355,2.794990473,1,0,"{timeout:3600,max_col_multiplier:1,age_limit:2,random_seed:0,replication:1,num_threads:128}",1
new80900_26_adc.json.gz,226590,n,80,900,LagrangeTemplate,highs,LTFarkas,1,274,226589.5131,229634,1.325587674,226589.6681,0.154986507,599,1065,13.863003,10.151727,24.981844,139120,10035.34371,6.243771096,1,0,"{timeout:3600,max_col_multiplier:1,age_limit:2,random_seed:0,replication:1,num_threads:128}",1
new80900_27_eac.json.gz,20116,n,80,900,LagrangeTemplate,highs,LTFarkas,1,159,20115.28692,20231,0.568434581,20115.88222,0.595299338,304,1058,1.647178,0.203929,2.110665,27145,16479.70043,2.208972638,1,0,"{timeout:3600,max_col_multiplier:1,age_limit:2,random_seed:0,replication:1,num_threads:128}",1
new80900_28_eac.json.gz,11392,n,80,900,LagrangeTemplate,highs,LTFarkas,1,180,11391.08367,11397,0.043871194,11391.25,0.166326531,152,1010,1.155417,0.204905,1.588273,20205,17487.19294,1.561838124,1,0,"{timeout:3600,max_col_multiplier:1,age_limit:2,random_seed:0,replication:1,num_threads:128}",1
new80900_29_adc.json.gz,304647,n,80,900,LagrangeTemplate,highs,LTFarkas,1,413,304646.0489,310116,1.763533645,304646.3974,0.348570334,650,1121,28.695988,30.260328,59.950166,201448,7020.07542,6.20102329,1,0,"{timeout:3600,max_col_multiplier:1,age_limit:2,random_seed:0,replication:1,num_threads:128}",1
new80900_3_aec.json.gz,2886,n,80,900,LagrangeTemplate,highs,LTFarkas,1,215,2885.186881,3296,12.43932039,2885.967369,0.780487772,542,1145,7.436018,8.4754,16.605994,87528,11770.81605,4.989846302,1,0,"{timeout:3600,max_col_multiplier:1,age_limit:2,random_seed:0,replication:1,num_threads:128}",1
new80900_30_eac.json.gz,21071,n,80,900,LagrangeTemplate,highs,LTFarkas,1,153,21070.38839,21085,0.066397913,21070.67729,0.288893738,212,989,1.200719,0.190561,1.630333,20676,17219.68254,1.839807835,1,0,"{timeout:3600,max_col_multiplier:1,age_limit:2,random_seed:0,replication:1,num_threads:128}",1
new80900_31_ada.json.gz,982,n,80,900,LagrangeTemplate,highs,LTFarkas,1,163,982,982,0,982,530.5,80,1058,1.076501,0.88528,2.20234,14420,13395.24998,1.000609413,1,0,"{timeout:3600,max_col_multiplier:1,age_limit:2,random_seed:0,replication:1,num_threads:128}",1
new80900_32_edc.json.gz,76564,n,80,900,LagrangeTemplate,highs,LTFarkas,1,218,76563.65455,76683,0.15518433,76564,42,343,1334,5.024942,0.423346,6.057764,64417,12819.45145,3.907282799,1,0,"{timeout:3600,max_col_multiplier:1,age_limit:2,random_seed:0,replication:1,num_threads:128}",1
new80900_33_edc.json.gz,77428,n,80,900,LagrangeTemplate,highs,LTFarkas,1,261,77427.09025,77605,0.228078088,77427.38342,0.293174263,336,1082,5.791384,0.509136,6.9474,78700,13589.15244,3.742455812,1,0,"{timeout:3600,max_col_multiplier:1,age_limit:2,random_seed:0,replication:1,num_threads:128}",1
new80900_34_aec.json.gz,900,n,80,900,LagrangeTemplate,highs,LTFarkas,1,106,900,900,0,900,498,80,1246,0.928329,0.895652,2.121657,11329,12203.64763,1.13427673,1,0,"{timeout:3600,max_col_multiplier:1,age_limit:2,random_seed:0,replication:1,num_threads:128}",1
new80900_35_edc.json.gz,76758,n,80,900,LagrangeTemplate,highs,LTFarkas,1,221,76758,76926,0.218391701,76758,0,365,998,4.646625,0.407697,5.686675,61818,13303.84957,3.357952668,1,0,"{timeout:3600,max_col_multiplier:1,age_limit:2,random_seed:0,replication:1,num_threads:128}",1
new80900_4_aea.json.gz,900,n,80,900,LagrangeTemplate,highs,LTFarkas,1,0,900,900,0,900,0,0,0,0.147309,0.147309,0.11756,900,,,1,0,"{timeout:3600,max_col_multiplier:1,age_limit:2,random_seed:0,replication:1,num_threads:128}",1
new80900_5_aac.json.gz,31550,n,80,900,LagrangeTemplate,highs,LTFarkas,1,138,31549.71699,32274,2.243291814,31549.83259,0.115590606,364,1010,2.073507,0.478848,2.928597,33949,16372.74434,3.076349425,1,0,"{timeout:3600,max_col_multiplier:1,age_limit:2,random_seed:0,replication:1,num_threads:128}",1
new80900_6_ada.json.gz,101425,n,80,900,LagrangeTemplate,highs,LTFarkas,1,272,101425,104482,2.925862828,101425,106.0000001,605,1404,15.359741,27.271498,43.480694,118599,7721.419261,5.247552849,1,0,"{timeout:3600,max_col_multiplier:1,age_limit:2,random_seed:0,replication:1,num_threads:128}",1
new80900_7_aac.json.gz,16424,n,80,900,LagrangeTemplate,highs,LTFarkas,1,127,16423.04655,16668,1.463882889,16423.787,0.740443105,376,1002,1.639139,0.24254,2.205229,28441,17351.18254,2.813137614,1,0,"{timeout:3600,max_col_multiplier:1,age_limit:2,random_seed:0,replication:1,num_threads:128}",1
new80900_8_eec.json.gz,109120,n,80,900,LagrangeTemplate,highs,LTFarkas,1,294,109119.6637,111300,1.958670261,109119.7974,0.133729681,316,1088,8.119439,1.050255,10.922677,116883,14395.45269,4.766814505,1,0,"{timeout:3600,max_col_multiplier:1,age_limit:2,random_seed:0,replication:1,num_threads:128}",1
new80900_9_aea.json.gz,900,n,80,900,LagrangeTemplate,highs,LTFarkas,1,0,900,900,0,900,0,0,0,0.140924,0.140924,0.11785,900,,,1,0,"{timeout:3600,max_col_multiplier:1,age_limit:2,random_seed:0,replication:1,num_threads:128}",1
