instance,optRMP,class,machines,jobs,algorithm,solver,farkas,replication,iterations,lb,ub,gap,obj,redcost,basis,cols,rmptime,cgtime,time,lpiters,lpiters_per_second,lpiters_per_column,has_integer,timeout,params,last
a10100_0.json.gz,1370,a,10,100,LagrangeTemplate,highs,LTFarkas,1,56,1370,1370,0,1370,0,10,109,0.015614,0.021431,0.044676,394,25233.76457,1.169543651,1,0,"{timeout:3600,max_col_multiplier:1,age_limit:2,random_seed:0,replication:1,num_threads:128}",1
a10100_1.json.gz,1326,a,10,100,LagrangeTemplate,highs,LTFarkas,1,47,1325.153846,1326,0,1326,9,10,118,0.013405,0.013438,0.031419,501,37374.11414,0.983544411,1,0,"{timeout:3600,max_col_multiplier:1,age_limit:2,random_seed:0,replication:1,num_threads:128}",1
a10100_2.json.gz,1262,a,10,100,LagrangeTemplate,highs,LTFarkas,1,41,1261.142857,1262,0,1262,14,10,118,0.012719,0.011508,0.028991,504,39625.75674,1.065235984,1,0,"{timeout:3600,max_col_multiplier:1,age_limit:2,random_seed:0,replication:1,num_threads:128}",1
a10100_3.json.gz,1340,a,10,100,LagrangeTemplate,highs,LTFarkas,1,68,1339.5,1340,0,1339.5,0,14,110,0.020404,0.018212,0.043658,447,21907.46912,1.130619748,1,0,"{timeout:3600,max_col_multiplier:1,age_limit:2,random_seed:0,replication:1,num_threads:128}",1
a10100_4.json.gz,1315,a,10,100,LagrangeTemplate,highs,LTFarkas,1,2,1314.167619,1315,0,1315,10245,10,20,0.000285,0.000847,0.003664,148,519298.2456,7.4,1,0,"{timeout:3600,max_col_multiplier:1,age_limit:2,random_seed:0,replication:1,num_threads:128}",1
a10100_5.json.gz,1346,a,10,100,LagrangeTemplate,highs,LTFarkas,1,45,1345.5,1346,0,1346,0.5,10,115,0.014232,0.01403,0.033003,525,36888.70152,1.16006253,1,0,"{timeout:3600,max_col_multiplier:1,age_limit:2,random_seed:0,replication:1,num_threads:128}",1
a10100_6.json.gz,1331,a,10,100,LagrangeTemplate,highs,LTFarkas,1,2,1330.652174,1331,0,1331,10316,10,20,0.000339,0.000904,0.003826,146,430678.4661,7.3,1,0,"{timeout:3600,max_col_multiplier:1,age_limit:2,random_seed:0,replication:1,num_threads:128}",1
a10100_7.json.gz,1281,a,10,100,LagrangeTemplate,highs,LTFarkas,1,33,1281,1281,0,1281,0,10,110,0.009574,0.009818,0.023322,346,36139.5446,1.267676768,1,0,"{timeout:3600,max_col_multiplier:1,age_limit:2,random_seed:0,replication:1,num_threads:128}",1
a10100_8.json.gz,1328,a,10,100,LagrangeTemplate,highs,LTFarkas,1,2,1327.875,1328,0,1328,10241,10,20,0.000353,0.000964,0.003869,147,416430.5949,7.35,1,0,"{timeout:3600,max_col_multiplier:1,age_limit:2,random_seed:0,replication:1,num_threads:128}",1
a10100_9.json.gz,1347,a,10,100,LagrangeTemplate,highs,LTFarkas,1,41,1347,1347,0,1347,0,10,112,0.012992,0.011618,0.028975,440,33866.99507,1.029210221,1,0,"{timeout:3600,max_col_multiplier:1,age_limit:2,random_seed:0,replication:1,num_threads:128}",1
a10200_0.json.gz,2734,a,10,200,LagrangeTemplate,highs,LTFarkas,1,2,2733.545455,2734,0,2734,24336,10,20,0.000549,0.001072,0.00685,288,524590.1639,14.4,1,0,"{timeout:3600,max_col_multiplier:1,age_limit:2,random_seed:0,replication:1,num_threads:128}",1
a10200_1.json.gz,2690,a,10,200,LagrangeTemplate,highs,LTFarkas,1,89,2689.5,2690,0,2690,0.5,10,211,0.046832,0.029077,0.084612,960,20498.80424,1.087836633,1,0,"{timeout:3600,max_col_multiplier:1,age_limit:2,random_seed:0,replication:1,num_threads:128}",1
a10200_2.json.gz,2660,a,10,200,LagrangeTemplate,highs,LTFarkas,1,2,2659.166667,2660,0,2660,23512,10,20,0.000512,0.001007,0.006468,283,552734.375,14.15,1,0,"{timeout:3600,max_col_multiplier:1,age_limit:2,random_seed:0,replication:1,num_threads:128}",1
a10200_3.json.gz,2574,a,10,200,LagrangeTemplate,highs,LTFarkas,1,2,2573.391304,2574,0,2574,22658,10,20,0.000514,0.000703,0.006061,283,550583.6576,14.15,1,0,"{timeout:3600,max_col_multiplier:1,age_limit:2,random_seed:0,replication:1,num_threads:128}",1
a10200_4.json.gz,2713,a,10,200,LagrangeTemplate,highs,LTFarkas,1,88,2712.196667,2713,0,2713,22,10,225,0.047186,0.027924,0.084314,1086,23015.30115,1.143720894,1,0,"{timeout:3600,max_col_multiplier:1,age_limit:2,random_seed:0,replication:1,num_threads:128}",1
a10200_5.json.gz,2651,a,10,200,LagrangeTemplate,highs,LTFarkas,1,112,2651,2651,0,2651,0,10,212,0.061057,0.036416,0.107458,1225,20063.21961,1.08592207,1,0,"{timeout:3600,max_col_multiplier:1,age_limit:2,random_seed:0,replication:1,num_threads:128}",1
a10200_6.json.gz,2636,a,10,200,LagrangeTemplate,highs,LTFarkas,1,123,2635.2,2636,1.38E-13,2636,0.8,10,217,0.066988,0.039963,0.117148,1064,15883.44181,1.362382243,1,0,"{timeout:3600,max_col_multiplier:1,age_limit:2,random_seed:0,replication:1,num_threads:128}",1
a10200_7.json.gz,2533,a,10,200,LagrangeTemplate,highs,LTFarkas,1,99,2532.5,2533,3.59E-14,2533,0.5,10,215,0.052078,0.030115,0.091383,1091,20949.34521,1.382483566,1,0,"{timeout:3600,max_col_multiplier:1,age_limit:2,random_seed:0,replication:1,num_threads:128}",1
a10200_8.json.gz,2605,a,10,200,LagrangeTemplate,highs,LTFarkas,1,0,2605,2605,0,2605,0,0,0,0.011701,0.011702,0.003918,201,,,1,0,"{timeout:3600,max_col_multiplier:1,age_limit:2,random_seed:0,replication:1,num_threads:128}",1
a10200_9.json.gz,2619,a,10,200,LagrangeTemplate,highs,LTFarkas,1,2,2618.375,2619,0,2619,23125,10,20,0.000506,0.000806,0.005735,285,563241.1067,14.25,1,0,"{timeout:3600,max_col_multiplier:1,age_limit:2,random_seed:0,replication:1,num_threads:128}",1
a20100_0.json.gz,1132,a,20,100,LagrangeTemplate,highs,LTFarkas,1,30,1132,1132,0,1132,0,20,124,0.009806,0.008906,0.024706,522,53232.71466,0.735249189,1,0,"{timeout:3600,max_col_multiplier:1,age_limit:2,random_seed:0,replication:1,num_threads:128}",1
a20100_1.json.gz,1178,a,20,100,LagrangeTemplate,highs,LTFarkas,1,2,1177.529412,1178,0,1178,7888,20,40,0.00032,0.000882,0.005262,156,487500,3.9,1,0,"{timeout:3600,max_col_multiplier:1,age_limit:2,random_seed:0,replication:1,num_threads:128}",1
a20100_2.json.gz,1190,a,20,100,LagrangeTemplate,highs,LTFarkas,1,44,1190,1192,0.167785235,1190,0,23,121,0.013529,0.013544,0.033642,583,43092.61586,0.876592221,1,0,"{timeout:3600,max_col_multiplier:1,age_limit:2,random_seed:0,replication:1,num_threads:128}",1
a20100_3.json.gz,1131,a,20,100,LagrangeTemplate,highs,LTFarkas,1,30,1131,1131,0,1131,0,20,120,0.009326,0.008056,0.023362,454,48681.10658,0.785576799,1,0,"{timeout:3600,max_col_multiplier:1,age_limit:2,random_seed:0,replication:1,num_threads:128}",1
a20100_4.json.gz,1158,a,20,100,LagrangeTemplate,highs,LTFarkas,1,29,1158,1158,0,1158,0,20,124,0.009077,0.008386,0.023631,460,50677.53663,0.759899749,1,0,"{timeout:3600,max_col_multiplier:1,age_limit:2,random_seed:0,replication:1,num_threads:128}",1
a20100_5.json.gz,1145,a,20,100,LagrangeTemplate,highs,LTFarkas,1,2,1144.232941,1145,0,1145,7844,20,40,0.000326,0.001339,0.005769,158,484662.5767,3.95,1,0,"{timeout:3600,max_col_multiplier:1,age_limit:2,random_seed:0,replication:1,num_threads:128}",1
a20100_6.json.gz,1139,a,20,100,LagrangeTemplate,highs,LTFarkas,1,39,1139,1139,0,1139,0,20,124,0.011332,0.01047,0.02794,519,45799.50582,0.851816367,1,0,"{timeout:3600,max_col_multiplier:1,age_limit:2,random_seed:0,replication:1,num_threads:128}",1
a20100_7.json.gz,1156,a,20,100,LagrangeTemplate,highs,LTFarkas,1,2,1155.066667,1156,0,1156,7729,20,40,0.000318,0.000888,0.005243,158,496855.3459,3.95,1,0,"{timeout:3600,max_col_multiplier:1,age_limit:2,random_seed:0,replication:1,num_threads:128}",1
a20100_8.json.gz,1150,a,20,100,LagrangeTemplate,highs,LTFarkas,1,28,1150,1150,0,1150,0,20,126,0.009251,0.008153,0.023346,519,56102.04302,0.725947099,1,0,"{timeout:3600,max_col_multiplier:1,age_limit:2,random_seed:0,replication:1,num_threads:128}",1
a20100_9.json.gz,1193,a,20,100,LagrangeTemplate,highs,LTFarkas,1,2,1192.782609,1193,0,1193,8246,20,40,0.000777,0.00125,0.006159,156,200772.2008,3.9,1,0,"{timeout:3600,max_col_multiplier:1,age_limit:2,random_seed:0,replication:1,num_threads:128}",1
a20200_0.json.gz,2307,a,20,200,LagrangeTemplate,highs,LTFarkas,1,2,2307,2307,0,2307,25856,20,40,0.000539,0.000921,0.010325,283,525046.3822,7.075,1,0,"{timeout:3600,max_col_multiplier:1,age_limit:2,random_seed:0,replication:1,num_threads:128}",1
a20200_1.json.gz,2288,a,20,200,LagrangeTemplate,highs,LTFarkas,1,53,2287.126667,2288,0,2288,8,20,225,0.023985,0.015894,0.052335,898,37440.06671,0.773555956,1,0,"{timeout:3600,max_col_multiplier:1,age_limit:2,random_seed:0,replication:1,num_threads:128}",1
a20200_2.json.gz,2340,a,20,200,LagrangeTemplate,highs,LTFarkas,1,56,2340,2340,0,2340,0,20,220,0.024751,0.017987,0.05486,665,26867.60131,0.950103343,1,0,"{timeout:3600,max_col_multiplier:1,age_limit:2,random_seed:0,replication:1,num_threads:128}",1
a20200_3.json.gz,2295,a,20,200,LagrangeTemplate,highs,LTFarkas,1,2,2294.041667,2295,0,2295,27784,20,40,0.00051,0.000804,0.00955,283,554901.9608,7.075,1,0,"{timeout:3600,max_col_multiplier:1,age_limit:2,random_seed:0,replication:1,num_threads:128}",1
a20200_4.json.gz,2257,a,20,200,LagrangeTemplate,highs,LTFarkas,1,2,2256.75,2257,0,2257,26784,20,40,0.000498,0.001158,0.010015,287,576305.2209,7.175,1,0,"{timeout:3600,max_col_multiplier:1,age_limit:2,random_seed:0,replication:1,num_threads:128}",1
a20200_5.json.gz,2304,a,20,200,LagrangeTemplate,highs,LTFarkas,1,2,2304,2304,0,2304,28879,20,40,0.000529,0.001173,0.009752,285,538752.3629,7.125,1,0,"{timeout:3600,max_col_multiplier:1,age_limit:2,random_seed:0,replication:1,num_threads:128}",1
a20200_6.json.gz,2231,a,20,200,LagrangeTemplate,highs,LTFarkas,1,69,2231,2231,0,2231,3,20,227,0.031155,0.020994,0.063645,965,30974.16145,0.952422726,1,0,"{timeout:3600,max_col_multiplier:1,age_limit:2,random_seed:0,replication:1,num_threads:128}",1
a20200_7.json.gz,2290,a,20,200,LagrangeTemplate,highs,LTFarkas,1,2,2289.8,2290,0,2290,29181,20,40,0.000634,0.001006,0.009944,282,444794.9527,7.05,1,0,"{timeout:3600,max_col_multiplier:1,age_limit:2,random_seed:0,replication:1,num_threads:128}",1
a20200_8.json.gz,2245,a,20,200,LagrangeTemplate,highs,LTFarkas,1,73,2244.5,2245,0,2245,0.5,20,222,0.033831,0.023832,0.070793,1018,30090.74517,0.811961161,1,0,"{timeout:3600,max_col_multiplier:1,age_limit:2,random_seed:0,replication:1,num_threads:128}",1
a20200_9.json.gz,2308,a,20,200,LagrangeTemplate,highs,LTFarkas,1,55,2308,2308,0,2308,0,20,223,0.027036,0.019789,0.058803,944,34916.40775,0.762429854,1,0,"{timeout:3600,max_col_multiplier:1,age_limit:2,random_seed:0,replication:1,num_threads:128}",1
a5100_0.json.gz,1590,a,5,100,LagrangeTemplate,highs,LTFarkas,1,113,1589.666667,1592,0.125628141,1590,0.333333333,8,110,0.041794,0.0366,0.083805,815,19500.40676,1.297345133,1,0,"{timeout:3600,max_col_multiplier:1,age_limit:2,random_seed:0,replication:1,num_threads:128}",1
a5100_1.json.gz,1612,a,5,100,LagrangeTemplate,highs,LTFarkas,1,120,1612,1612,0,1612,0,5,107,0.041323,0.03625,0.082971,574,13890.56942,0.999701897,1,0,"{timeout:3600,max_col_multiplier:1,age_limit:2,random_seed:0,replication:1,num_threads:128}",1
a5100_2.json.gz,1629,a,5,100,LagrangeTemplate,highs,LTFarkas,1,98,1628.333333,1629,2.79E-14,1629,0.666666667,5,111,0.03351,0.025829,0.06446,649,19367.35303,1.317996289,1,0,"{timeout:3600,max_col_multiplier:1,age_limit:2,random_seed:0,replication:1,num_threads:128}",1
a5100_3.json.gz,1592,a,5,100,LagrangeTemplate,highs,LTFarkas,1,125,1591.082569,1592,0,1592,0.917431193,5,114,0.042777,0.038873,0.086839,690,16130.16341,1.258851282,1,0,"{timeout:3600,max_col_multiplier:1,age_limit:2,random_seed:0,replication:1,num_threads:128}",1
a5100_4.json.gz,1601,a,5,100,LagrangeTemplate,highs,LTFarkas,1,2,1600.28,1601,0,1601,7231,5,10,0.000376,0.00078,0.002969,145,385638.2979,14.5,1,0,"{timeout:3600,max_col_multiplier:1,age_limit:2,random_seed:0,replication:1,num_threads:128}",1
a5100_5.json.gz,1636,a,5,100,LagrangeTemplate,highs,LTFarkas,1,2,1635.857143,1636,0,1636,7412,5,10,0.000311,0.000921,0.003061,145,466237.9421,14.5,1,0,"{timeout:3600,max_col_multiplier:1,age_limit:2,random_seed:0,replication:1,num_threads:128}",1
a5100_6.json.gz,1812,a,5,100,LagrangeTemplate,highs,LTFarkas,1,55,1811.416667,1812,0,1812,20,5,115,0.016415,0.017396,0.037392,412,25098.99482,1.210027548,1,0,"{timeout:3600,max_col_multiplier:1,age_limit:2,random_seed:0,replication:1,num_threads:128}",1
a5100_7.json.gz,1617,a,5,100,LagrangeTemplate,highs,LTFarkas,1,2,1616.52381,1617,0,1617,7332,5,10,0.000312,0.000895,0.002985,145,464743.5897,14.5,1,0,"{timeout:3600,max_col_multiplier:1,age_limit:2,random_seed:0,replication:1,num_threads:128}",1
a5100_8.json.gz,1636,a,5,100,LagrangeTemplate,highs,LTFarkas,1,2,1635.19883,1636,0,1636,7389,5,10,0.000299,0.001374,0.003564,149,498327.7592,14.9,1,0,"{timeout:3600,max_col_multiplier:1,age_limit:2,random_seed:0,replication:1,num_threads:128}",1
a5100_9.json.gz,1667,a,5,100,LagrangeTemplate,highs,LTFarkas,1,2,1667,1667,0,1667,7665,5,10,0.000337,0.001235,0.003547,145,430267.0623,14.5,1,0,"{timeout:3600,max_col_multiplier:1,age_limit:2,random_seed:0,replication:1,num_threads:128}",1
a5200_0.json.gz,3424,a,5,200,LagrangeTemplate,highs,LTFarkas,1,0,3424,3424,0,3424,0,0,0,0.009987,0.009987,0.002391,200,,,1,0,"{timeout:3600,max_col_multiplier:1,age_limit:4,random_seed:0,replication:1,num_threads:128}",1
a5200_1.json.gz,3257,a,5,200,LagrangeTemplate,highs,LTFarkas,1,156,3257,3257,2.37E-13,3257,0,5,209,0.101663,0.071619,0.181168,1097,10790.5531,1.665384615,1,0,"{timeout:3600,max_col_multiplier:1,age_limit:4,random_seed:0,replication:1,num_threads:128}",1
a5200_2.json.gz,3237,a,5,200,LagrangeTemplate,highs,LTFarkas,1,2,3236.555556,3237,0,3237,15458,5,10,0.000571,0.001522,0.005341,286,500875.6567,28.6,1,0,"{timeout:3600,max_col_multiplier:1,age_limit:4,random_seed:0,replication:1,num_threads:128}",1
a5200_3.json.gz,3188,a,5,200,LagrangeTemplate,highs,LTFarkas,1,2,3187.7,3188,0,3188,15184,5,10,0.00057,0.001215,0.00529,286,501754.386,28.6,1,0,"{timeout:3600,max_col_multiplier:1,age_limit:4,random_seed:0,replication:1,num_threads:128}",1
a5200_4.json.gz,3223,a,5,200,LagrangeTemplate,highs,LTFarkas,1,2,3222.368421,3223,0,3223,15332,5,10,0.001262,0.001359,0.005941,287,227416.7987,28.7,1,0,"{timeout:3600,max_col_multiplier:1,age_limit:4,random_seed:0,replication:1,num_threads:128}",1
a5200_5.json.gz,3292,a,5,200,LagrangeTemplate,highs,LTFarkas,1,2,3291.125,3292,0,3292,15769,5,10,0.000573,0.001284,0.005145,287,500872.6003,28.7,1,0,"{timeout:3600,max_col_multiplier:1,age_limit:4,random_seed:0,replication:1,num_threads:128}",1
a5200_6.json.gz,3324,a,5,200,LagrangeTemplate,highs,LTFarkas,1,2,3323.04,3324,0,3324,15908,5,10,0.000592,0.001423,0.005309,286,483108.1081,28.6,1,0,"{timeout:3600,max_col_multiplier:1,age_limit:4,random_seed:0,replication:1,num_threads:128}",1
a5200_7.json.gz,3393,a,5,200,LagrangeTemplate,highs,LTFarkas,1,2,3392.8,3393,0,3393,16104,5,10,0.000613,0.001431,0.005373,286,466557.9119,28.6,1,0,"{timeout:3600,max_col_multiplier:1,age_limit:4,random_seed:0,replication:1,num_threads:128}",1
a5200_8.json.gz,3291,a,5,200,LagrangeTemplate,highs,LTFarkas,1,2,3291,3291,0,3291,15719,5,10,0.000577,0.00109,0.004757,286,495667.2444,28.6,1,0,"{timeout:3600,max_col_multiplier:1,age_limit:4,random_seed:0,replication:1,num_threads:128}",1
a5200_9.json.gz,3406,a,5,200,LagrangeTemplate,highs,LTFarkas,1,2,3406,3406,0,3406,16207,5,10,0.000558,0.001287,0.00509,286,512544.8029,28.6,1,0,"{timeout:3600,max_col_multiplier:1,age_limit:4,random_seed:0,replication:1,num_threads:128}",1
b10100_0.json.gz,1403,b,10,100,LagrangeTemplate,highs,LTFarkas,1,90,1402.5,1404,0.071225071,1403,0.5,31,116,0.039655,0.027523,0.07434,1427,35985.37385,1.483549598,1,0,"{timeout:3600,max_col_multiplier:1,age_limit:2,random_seed:0,replication:1,num_threads:128}",1
b10100_1.json.gz,1338,b,10,100,LagrangeTemplate,highs,LTFarkas,1,93,1337.277778,1338,0,1338,0.722222222,10,118,0.041705,0.026696,0.075935,1455,34887.90313,1.515427925,1,0,"{timeout:3600,max_col_multiplier:1,age_limit:2,random_seed:0,replication:1,num_threads:128}",1
b10100_2.json.gz,1408,b,10,100,LagrangeTemplate,highs,LTFarkas,1,85,1407.170455,1417,0.635144672,1407.761364,0.590909091,39,122,0.037596,0.023837,0.068525,1277,33966.3794,1.336237162,1,0,"{timeout:3600,max_col_multiplier:1,age_limit:2,random_seed:0,replication:1,num_threads:128}",1
b10100_3.json.gz,1343,b,10,100,LagrangeTemplate,highs,LTFarkas,1,69,1342.25,1343,0,1343,0.75,10,121,0.026673,0.020261,0.052984,881,33029.65546,1.119921785,1,0,"{timeout:3600,max_col_multiplier:1,age_limit:2,random_seed:0,replication:1,num_threads:128}",1
b10100_4.json.gz,1381,b,10,100,LagrangeTemplate,highs,LTFarkas,1,85,1380.5,1381,0,1381,0.5,10,113,0.032038,0.022797,0.06157,943,29433.79737,1.226174973,1,0,"{timeout:3600,max_col_multiplier:1,age_limit:2,random_seed:0,replication:1,num_threads:128}",1
b10100_5.json.gz,1489,b,10,100,LagrangeTemplate,highs,LTFarkas,1,89,1488.093023,1503,0.931470393,1488.313953,0.220930233,42,125,0.040118,0.024257,0.072162,1463,36467.42111,1.462666483,1,0,"{timeout:3600,max_col_multiplier:1,age_limit:2,random_seed:0,replication:1,num_threads:128}",1
b10100_6.json.gz,1351,b,10,100,LagrangeTemplate,highs,LTFarkas,1,78,1351,1351,0,1351,0,10,112,0.031822,0.020856,0.059108,1016,31927.59726,1.251933252,1,0,"{timeout:3600,max_col_multiplier:1,age_limit:2,random_seed:0,replication:1,num_threads:128}",1
b10100_7.json.gz,1350,b,10,100,LagrangeTemplate,highs,LTFarkas,1,76,1349.305556,1353,0.22172949,1350,0.694444444,17,119,0.02954,0.020495,0.056372,1224,41435.34191,1.537642876,1,0,"{timeout:3600,max_col_multiplier:1,age_limit:2,random_seed:0,replication:1,num_threads:128}",1
b10100_8.json.gz,1400,b,10,100,LagrangeTemplate,highs,LTFarkas,1,84,1399.11336,1411,0.779588944,1399.417004,0.303643725,42,115,0.036888,0.022616,0.066541,1337,36244.84927,1.438333316,1,0,"{timeout:3600,max_col_multiplier:1,age_limit:2,random_seed:0,replication:1,num_threads:128}",1
b10100_9.json.gz,1368,b,10,100,LagrangeTemplate,highs,LTFarkas,1,51,1367.25,1368,0,1368,0.75,10,119,0.015558,0.015024,0.035753,516,33166.21674,0.921973424,1,0,"{timeout:3600,max_col_multiplier:1,age_limit:2,random_seed:0,replication:1,num_threads:128}",1
b10200_0.json.gz,2800,b,10,200,LagrangeTemplate,highs,LTFarkas,1,198,2799.009934,2814,0.497512438,2799.009934,0,46,216,0.165339,0.118943,0.299726,3358,20309.78777,1.54719216,1,0,"{timeout:3600,max_col_multiplier:1,age_limit:2,random_seed:0,replication:1,num_threads:128}",1
b10200_1.json.gz,2776,b,10,200,LagrangeTemplate,highs,LTFarkas,1,174,2775.135484,2791,0.537441777,2775.870968,0.735483871,44,239,0.150063,0.103164,0.268231,3150,20991.1837,1.63652162,1,0,"{timeout:3600,max_col_multiplier:1,age_limit:2,random_seed:0,replication:1,num_threads:128}",1
b10200_2.json.gz,2791,b,10,200,LagrangeTemplate,highs,LTFarkas,1,199,2790.17051,2801,0.357015352,2790.662621,0.49211165,51,219,0.172546,0.119901,0.308455,3673,21287.07707,1.686875637,1,0,"{timeout:3600,max_col_multiplier:1,age_limit:2,random_seed:0,replication:1,num_threads:128}",1
b10200_3.json.gz,2786,b,10,200,LagrangeTemplate,highs,LTFarkas,1,159,2785.0625,2812,0.924608819,2785.303571,0.241071429,46,225,0.128611,0.095788,0.23903,2924,22735.22483,1.62568056,1,0,"{timeout:3600,max_col_multiplier:1,age_limit:2,random_seed:0,replication:1,num_threads:128}",1
b10200_4.json.gz,2753,b,10,200,LagrangeTemplate,highs,LTFarkas,1,178,2752.157143,2764,0.397973951,2752.8,0.642857143,29,231,0.156767,0.105298,0.278222,3323,21197.06316,1.663643175,1,0,"{timeout:3600,max_col_multiplier:1,age_limit:2,random_seed:0,replication:1,num_threads:128}",1
b10200_5.json.gz,2671,b,10,200,LagrangeTemplate,highs,LTFarkas,1,194,2670.005786,2686,0.558451229,2670.317261,0.31147541,53,213,0.161581,0.101351,0.279089,3208,19853.81945,1.498651203,1,0,"{timeout:3600,max_col_multiplier:1,age_limit:2,random_seed:0,replication:1,num_threads:128}",1
b10200_6.json.gz,2893,b,10,200,LagrangeTemplate,highs,LTFarkas,1,208,2892.041958,2903,0.344471237,2892.142657,0.100699301,54,217,0.19456,0.137081,0.348228,4017,20646.58717,1.737847222,1,0,"{timeout:3600,max_col_multiplier:1,age_limit:2,random_seed:0,replication:1,num_threads:128}",1
b10200_7.json.gz,2797,b,10,200,LagrangeTemplate,highs,LTFarkas,1,241,2796.020833,2801,0.142806141,2796.208333,0.1875,43,219,0.225995,0.149014,0.393172,4831,21376.57913,1.877487859,1,0,"{timeout:3600,max_col_multiplier:1,age_limit:2,random_seed:0,replication:1,num_threads:128}",1
b10200_8.json.gz,2805,b,10,200,LagrangeTemplate,highs,LTFarkas,1,166,2804.020619,2819,0.496630011,2804.443299,0.422680412,44,214,0.133583,0.094169,0.241899,2788,20870.9192,1.49925311,1,0,"{timeout:3600,max_col_multiplier:1,age_limit:2,random_seed:0,replication:1,num_threads:128}",1
b10200_9.json.gz,2928,b,10,200,LagrangeTemplate,highs,LTFarkas,1,188,2927.145833,2941,0.442026522,2927.229167,0.083333333,32,214,0.163051,0.127157,0.305544,3270,20055.07479,1.638196555,1,0,"{timeout:3600,max_col_multiplier:1,age_limit:2,random_seed:0,replication:1,num_threads:128}",1
b20100_0.json.gz,1167,b,20,100,LagrangeTemplate,highs,LTFarkas,1,43,1166.5,1167,0,1167,0.5,20,123,0.016322,0.011187,0.034663,692,42396.7651,0.927716539,1,0,"{timeout:3600,max_col_multiplier:1,age_limit:2,random_seed:0,replication:1,num_threads:128}",1
b20100_1.json.gz,1183,b,20,100,LagrangeTemplate,highs,LTFarkas,1,42,1182.5,1183,0,1183,0.5,20,133,0.014837,0.011831,0.033868,710,47853.33962,0.999367233,1,0,"{timeout:3600,max_col_multiplier:1,age_limit:2,random_seed:0,replication:1,num_threads:128}",1
b20100_2.json.gz,1175,b,20,100,LagrangeTemplate,highs,LTFarkas,1,41,1174.222222,1175,0,1174.5,0.277777778,31,130,0.02103,0.012059,0.040976,1250,59438.89681,1.435652974,1,0,"{timeout:3600,max_col_multiplier:1,age_limit:2,random_seed:0,replication:1,num_threads:128}",1
b20100_3.json.gz,1201,b,20,100,LagrangeTemplate,highs,LTFarkas,1,40,1200.5,1201,0,1201,0.5,20,131,0.016064,0.010543,0.034026,998,62126.49402,1.175381787,1,0,"{timeout:3600,max_col_multiplier:1,age_limit:2,random_seed:0,replication:1,num_threads:128}",1
b20100_4.json.gz,1149,b,20,100,LagrangeTemplate,highs,LTFarkas,1,32,1148.5,1149,0,1148.5,0,28,123,0.010766,0.008783,0.026009,632,58703.32528,0.992651951,1,0,"{timeout:3600,max_col_multiplier:1,age_limit:2,random_seed:0,replication:1,num_threads:128}",1
b20100_5.json.gz,1178,b,20,100,LagrangeTemplate,highs,LTFarkas,1,40,1177.5,1178,0,1177.5,0,23,133,0.013956,0.011611,0.032536,676,48437.94784,1.004359892,1,0,"{timeout:3600,max_col_multiplier:1,age_limit:2,random_seed:0,replication:1,num_threads:128}",1
b20100_6.json.gz,1203,b,20,100,LagrangeTemplate,highs,LTFarkas,1,41,1202.444444,1210,0.578512397,1202.666667,0.222222222,36,130,0.020173,0.012075,0.040764,1152,57106.03282,1.334171991,1,0,"{timeout:3600,max_col_multiplier:1,age_limit:2,random_seed:0,replication:1,num_threads:128}",1
b20100_7.json.gz,1183,b,20,100,LagrangeTemplate,highs,LTFarkas,1,42,1182.454545,1186,0.252951096,1182.727273,0.272727273,40,128,0.018004,0.012322,0.037839,983,54598.978,1.093825842,1,0,"{timeout:3600,max_col_multiplier:1,age_limit:2,random_seed:0,replication:1,num_threads:128}",1
b20100_8.json.gz,1189,b,20,100,LagrangeTemplate,highs,LTFarkas,1,38,1189,1189,0,1189,0,20,123,0.015075,0.012511,0.034436,751,49817.57877,0.933926501,1,0,"{timeout:3600,max_col_multiplier:1,age_limit:2,random_seed:0,replication:1,num_threads:128}",1
b20100_9.json.gz,1185,b,20,100,LagrangeTemplate,highs,LTFarkas,1,37,1184.5,1185,0,1185,0.5,20,127,0.013207,0.009991,0.030597,633,47929.12849,0.830142291,1,0,"{timeout:3600,max_col_multiplier:1,age_limit:2,random_seed:0,replication:1,num_threads:128}",1
b20200_0.json.gz,2292,b,20,200,LagrangeTemplate,highs,LTFarkas,1,71,2291.375,2292,0,2292,0.625,20,246,0.044348,0.023492,0.081754,1580,35627.31127,1.133556924,1,0,"{timeout:3600,max_col_multiplier:1,age_limit:2,random_seed:0,replication:1,num_threads:128}",1
b20200_1.json.gz,2328,b,20,200,LagrangeTemplate,highs,LTFarkas,1,103,2327.008439,2353,1.062473438,2327.151899,0.143459916,62,223,0.084059,0.039883,0.142033,2885,34321.13159,1.534533882,1,0,"{timeout:3600,max_col_multiplier:1,age_limit:2,random_seed:0,replication:1,num_threads:128}",1
b20200_2.json.gz,2374,b,20,200,LagrangeTemplate,highs,LTFarkas,1,92,2373.066667,2381,0.29399412,2373.76,0.693333333,66,231,0.07244,0.036628,0.124958,2678,36968.52568,1.3592516,1,0,"{timeout:3600,max_col_multiplier:1,age_limit:2,random_seed:0,replication:1,num_threads:128}",1
b20200_3.json.gz,2357,b,20,200,LagrangeTemplate,highs,LTFarkas,1,73,2356.25,2357,0,2356.5,0.25,23,233,0.050281,0.026069,0.091854,1699,33790.09964,1.058729853,1,0,"{timeout:3600,max_col_multiplier:1,age_limit:2,random_seed:0,replication:1,num_threads:128}",1
b20200_4.json.gz,2297,b,20,200,LagrangeTemplate,highs,LTFarkas,1,104,2296.466667,2298,0.043516101,2296.8,0.333333333,76,249,0.08625,0.040609,0.14392,3120,36173.91304,1.502229214,1,0,"{timeout:3600,max_col_multiplier:1,age_limit:2,random_seed:0,replication:1,num_threads:128}",1
b20200_5.json.gz,2290,b,20,200,LagrangeTemplate,highs,LTFarkas,1,92,2289.416667,2298,0.348128808,2289.5,0.083333333,38,226,0.073164,0.034422,0.125217,2634,36001.31212,1.365618661,1,0,"{timeout:3600,max_col_multiplier:1,age_limit:2,random_seed:0,replication:1,num_threads:128}",1
b20200_6.json.gz,2346,b,20,200,LagrangeTemplate,highs,LTFarkas,1,105,2345.017857,2350,0.170212766,2345.042857,0.025,67,232,0.091111,0.040215,0.149264,3340,36658.58129,1.598104587,1,0,"{timeout:3600,max_col_multiplier:1,age_limit:2,random_seed:0,replication:1,num_threads:128}",1
b20200_7.json.gz,2329,b,20,200,LagrangeTemplate,highs,LTFarkas,1,91,2328.25,2329,0,2329,0.75,20,223,0.051852,0.029699,0.096384,1703,32843.47759,1.116563043,1,0,"{timeout:3600,max_col_multiplier:1,age_limit:2,random_seed:0,replication:1,num_threads:128}",1
b20200_8.json.gz,2357,b,20,200,LagrangeTemplate,highs,LTFarkas,1,84,2356.094161,2360,0.127118644,2356.781022,0.686861314,73,272,0.083661,0.035715,0.137751,3233,38644.05159,1.768520121,1,0,"{timeout:3600,max_col_multiplier:1,age_limit:2,random_seed:0,replication:1,num_threads:128}",1
b20200_9.json.gz,2384,b,20,200,LagrangeTemplate,highs,LTFarkas,1,101,2383.096691,2398,0.58381985,2383.727757,0.631066176,78,262,0.087618,0.04283,0.147969,3118,35586.29505,1.39592031,1,0,"{timeout:3600,max_col_multiplier:1,age_limit:2,random_seed:0,replication:1,num_threads:128}",1
b5100_0.json.gz,1886,b,5,100,LagrangeTemplate,highs,LTFarkas,1,162,1885.333333,1915,1.514360313,1885.666667,0.333333333,18,112,0.072224,0.062103,0.141776,1396,19328.75498,1.519683572,1,0,"{timeout:3600,max_col_multiplier:1,age_limit:2,random_seed:0,replication:1,num_threads:128}",1
b5100_1.json.gz,1747,b,5,100,LagrangeTemplate,highs,LTFarkas,1,180,1746.111111,1747,1.21E-11,1747,0.888888889,5,117,0.084075,0.071479,0.163422,1835,21825.75082,1.872037037,1,0,"{timeout:3600,max_col_multiplier:1,age_limit:2,random_seed:0,replication:1,num_threads:128}",1
b5100_2.json.gz,1709,b,5,100,LagrangeTemplate,highs,LTFarkas,1,147,1708.068182,1732,1.327944573,1708.281818,0.213636364,30,112,0.062375,0.048034,0.117242,1248,20008.01603,1.515903937,1,0,"{timeout:3600,max_col_multiplier:1,age_limit:2,random_seed:0,replication:1,num_threads:128}",1
b5100_3.json.gz,1800,b,5,100,LagrangeTemplate,highs,LTFarkas,1,151,1799.159091,1815,0.826446281,1799.977273,0.818181818,27,113,0.063765,0.055878,0.12664,1074,16843.09574,1.230774634,1,0,"{timeout:3600,max_col_multiplier:1,age_limit:2,random_seed:0,replication:1,num_threads:128}",1
b5100_4.json.gz,1849,b,5,100,LagrangeTemplate,highs,LTFarkas,1,222,1848.375,1856,0.377155172,1848.875,0.5,22,115,0.111785,0.077229,0.198181,2199,19671.69119,1.809984985,1,0,"{timeout:3600,max_col_multiplier:1,age_limit:2,random_seed:0,replication:1,num_threads:128}",1
b5100_5.json.gz,1941,b,5,100,LagrangeTemplate,highs,LTFarkas,1,157,1940.336364,1955,0.716112532,1940.854545,0.518181818,27,114,0.07417,0.059504,0.140637,1428,19253.06728,1.585040549,1,0,"{timeout:3600,max_col_multiplier:1,age_limit:2,random_seed:0,replication:1,num_threads:128}",1
b5100_6.json.gz,1812,b,5,100,LagrangeTemplate,highs,LTFarkas,1,149,1811.077519,1823,0.603400987,1811.077519,0,27,108,0.064731,0.056942,0.128184,1204,18600.05253,1.398897411,1,0,"{timeout:3600,max_col_multiplier:1,age_limit:2,random_seed:0,replication:1,num_threads:128}",1
b5100_7.json.gz,1863,b,5,100,LagrangeTemplate,highs,LTFarkas,1,262,1862.616505,1863,7.32E-12,1863,0.383495146,5,122,0.129525,0.100724,0.240606,2708,20907.16078,1.917584515,1,0,"{timeout:3600,max_col_multiplier:1,age_limit:2,random_seed:0,replication:1,num_threads:128}",1
b5100_8.json.gz,1787,b,5,100,LagrangeTemplate,highs,LTFarkas,1,183,1786.435345,1808,1.161504425,1786.75,0.314655172,14,116,0.084533,0.071208,0.163439,1647,19483.51531,1.566883845,1,0,"{timeout:3600,max_col_multiplier:1,age_limit:2,random_seed:0,replication:1,num_threads:128}",1
b5100_9.json.gz,1841,b,5,100,LagrangeTemplate,highs,LTFarkas,1,201,1840.219072,1876,1.865671642,1840.335052,0.115979381,30,108,0.092596,0.073804,0.17492,1920,20735.23694,1.728843876,1,0,"{timeout:3600,max_col_multiplier:1,age_limit:2,random_seed:0,replication:1,num_threads:128}",1
b5200_0.json.gz,3680,b,5,200,LagrangeTemplate,highs,LTFarkas,1,371,3679.027523,3694,0.378992962,3679.733945,0.706422018,32,224,0.65776,0.49178,1.171888,4756,7230.600827,2.379540495,1,0,"{timeout:3600,max_col_multiplier:1,age_limit:4,random_seed:0,replication:1,num_threads:128}",1
b5200_1.json.gz,3575,b,5,200,LagrangeTemplate,highs,LTFarkas,1,281,3574.339286,3679,2.826855124,3574.5,0.160714286,20,214,0.556752,0.412578,0.986787,2399,4308.920309,1.407634299,1,0,"{timeout:3600,max_col_multiplier:1,age_limit:4,random_seed:0,replication:1,num_threads:128}",1
b5200_2.json.gz,3500,b,5,200,LagrangeTemplate,highs,LTFarkas,1,313,3499.001422,3555,1.547116737,3499.875676,0.874253201,26,232,0.606402,0.440101,1.06601,3434,5662.910083,1.995615903,1,0,"{timeout:3600,max_col_multiplier:1,age_limit:4,random_seed:0,replication:1,num_threads:128}",1
b5200_3.json.gz,3705,b,5,200,LagrangeTemplate,highs,LTFarkas,1,331,3704.276596,3722,0.456743686,3704.787234,0.510638298,29,231,0.56143,0.447352,1.031599,3879,6909.142725,2.118605772,1,0,"{timeout:3600,max_col_multiplier:1,age_limit:4,random_seed:0,replication:1,num_threads:128}",1
b5200_4.json.gz,3903,b,5,200,LagrangeTemplate,highs,LTFarkas,1,487,3902.467058,3903,3.92E-11,3903,0.532942118,5,241,1.135877,0.806811,1.975261,6820,6004.171226,2.640781143,1,0,"{timeout:3600,max_col_multiplier:1,age_limit:4,random_seed:0,replication:1,num_threads:128}",1
b5200_5.json.gz,3535,b,5,200,LagrangeTemplate,highs,LTFarkas,1,353,3534.039474,3538,0.084793669,3534.259868,0.220394737,32,214,0.655038,0.508759,1.187243,4465,6816.398438,2.371293673,1,0,"{timeout:3600,max_col_multiplier:1,age_limit:4,random_seed:0,replication:1,num_threads:128}",1
b5200_6.json.gz,3607,b,5,200,LagrangeTemplate,highs,LTFarkas,1,498,3606.23741,3615,0.221300138,3606.776978,0.539568345,32,219,1.027915,0.69769,1.756255,6930,6741.802581,2.65949353,1,0,"{timeout:3600,max_col_multiplier:1,age_limit:4,random_seed:0,replication:1,num_threads:128}",1
b5200_7.json.gz,3783,b,5,200,LagrangeTemplate,highs,LTFarkas,1,307,3782.055556,3809,0.682593857,3782.622222,0.566666667,29,219,0.639403,0.457269,1.118717,3220,5035.947595,1.822756594,1,0,"{timeout:3600,max_col_multiplier:1,age_limit:4,random_seed:0,replication:1,num_threads:128}",1
b5200_8.json.gz,3481,b,5,200,LagrangeTemplate,highs,LTFarkas,1,327,3480.007353,3502,0.599657339,3480.389706,0.382352941,28,222,0.527582,0.376796,0.92603,3487,6609.399108,1.992545872,1,0,"{timeout:3600,max_col_multiplier:1,age_limit:4,random_seed:0,replication:1,num_threads:128}",1
b5200_9.json.gz,3692,b,5,200,LagrangeTemplate,highs,LTFarkas,1,486,3691.05,3692,1.45E-11,3691.05,0,25,209,1.139312,0.801843,1.974119,6048,5308.466864,2.348082751,1,0,"{timeout:3600,max_col_multiplier:1,age_limit:4,random_seed:0,replication:1,num_threads:128}",1
c10100_0.json.gz,1456,c,10,100,LagrangeTemplate,highs,LTFarkas,1,90,1455.017647,1469,0.884955752,1455.117647,0.1,37,118,0.040623,0.025839,0.075811,1529,37638.77606,1.517807077,1,0,"{timeout:3600,max_col_multiplier:1,age_limit:2,random_seed:0,replication:1,num_threads:128}",1
c10100_1.json.gz,1434,c,10,100,LagrangeTemplate,highs,LTFarkas,1,78,1433.051282,1438,0.278164117,1433.974359,0.923076923,38,121,0.03661,0.02207,0.065637,1424,38896.47637,1.649955033,1,0,"{timeout:3600,max_col_multiplier:1,age_limit:2,random_seed:0,replication:1,num_threads:128}",1
c10100_2.json.gz,1409,c,10,100,LagrangeTemplate,highs,LTFarkas,1,83,1408.068966,1420,0.774647887,1409,0.931034483,16,123,0.035935,0.021879,0.065002,1463,40712.39738,1.605087015,1,0,"{timeout:3600,max_col_multiplier:1,age_limit:2,random_seed:0,replication:1,num_threads:128}",1
c10100_3.json.gz,1469,c,10,100,LagrangeTemplate,highs,LTFarkas,1,80,1468.25,1487,1.210490921,1468.5,0.25,34,123,0.035319,0.022276,0.064503,1232,34882.0748,1.265567956,1,0,"{timeout:3600,max_col_multiplier:1,age_limit:2,random_seed:0,replication:1,num_threads:128}",1
c10100_4.json.gz,1397,c,10,100,LagrangeTemplate,highs,LTFarkas,1,80,1396.26,1410,0.921985816,1396.56,0.3,39,125,0.035565,0.02115,0.063321,1333,37480.6692,1.505859788,1,0,"{timeout:3600,max_col_multiplier:1,age_limit:2,random_seed:0,replication:1,num_threads:128}",1
c10100_5.json.gz,1361,c,10,100,LagrangeTemplate,highs,LTFarkas,1,77,1360.03481,1369,0.584368152,1360.25,0.215189873,21,122,0.033466,0.021605,0.06204,1309,39114.32499,1.554566069,1,0,"{timeout:3600,max_col_multiplier:1,age_limit:2,random_seed:0,replication:1,num_threads:128}",1
c10100_6.json.gz,1468,c,10,100,LagrangeTemplate,highs,LTFarkas,1,93,1467.258065,1477,0.609343263,1467.5,0.241935484,19,126,0.040598,0.024487,0.072611,1534,37785.11257,1.550689954,1,0,"{timeout:3600,max_col_multiplier:1,age_limit:2,random_seed:0,replication:1,num_threads:128}",1
c10100_7.json.gz,1471,c,10,100,LagrangeTemplate,highs,LTFarkas,1,86,1470.392638,1490,1.275167785,1470.527607,0.134969325,47,118,0.040985,0.025191,0.073733,1708,41673.78309,1.746862888,1,0,"{timeout:3600,max_col_multiplier:1,age_limit:2,random_seed:0,replication:1,num_threads:128}",1
c10100_8.json.gz,1390,c,10,100,LagrangeTemplate,highs,LTFarkas,1,73,1389.510225,1410,1.418439716,1389.95092,0.440695297,41,127,0.033782,0.019787,0.060903,1345,39814.10218,1.612555101,1,0,"{timeout:3600,max_col_multiplier:1,age_limit:2,random_seed:0,replication:1,num_threads:128}",1
c10100_9.json.gz,1427,c,10,100,LagrangeTemplate,highs,LTFarkas,1,88,1426.306878,1432,0.349162011,1426.481481,0.174603175,34,120,0.039976,0.025193,0.072311,1420,35521.31279,1.450523088,1,0,"{timeout:3600,max_col_multiplier:1,age_limit:2,random_seed:0,replication:1,num_threads:128}",1
c10200_0.json.gz,2745,c,10,200,LagrangeTemplate,highs,LTFarkas,1,184,2744.315046,2754,0.326797386,2744.315046,0,49,219,0.15304,0.11413,0.282798,3394,22177.20857,1.652430556,1,0,"{timeout:3600,max_col_multiplier:1,age_limit:2,random_seed:0,replication:1,num_threads:128}",1
c10200_1.json.gz,2747,c,10,200,LagrangeTemplate,highs,LTFarkas,1,205,2746.107456,2757,0.362713094,2746.622807,0.515350877,51,231,0.192013,0.134203,0.343074,3793,19753.87083,1.643481522,1,0,"{timeout:3600,max_col_multiplier:1,age_limit:2,random_seed:0,replication:1,num_threads:128}",1
c10200_2.json.gz,2844,c,10,200,LagrangeTemplate,highs,LTFarkas,1,198,2843.157576,2848,0.140449438,2843.284848,0.127272727,47,223,0.183409,0.124273,0.324223,3668,19999.01859,1.679573513,1,0,"{timeout:3600,max_col_multiplier:1,age_limit:2,random_seed:0,replication:1,num_threads:128}",1
c10200_3.json.gz,2714,c,10,200,LagrangeTemplate,highs,LTFarkas,1,284,2713.022222,2719,0.183891136,2713.6,0.577777778,28,213,0.254419,0.157969,0.432072,4918,19330.31731,1.718781707,1,0,"{timeout:3600,max_col_multiplier:1,age_limit:2,random_seed:0,replication:1,num_threads:128}",1
c10200_4.json.gz,2697,c,10,200,LagrangeTemplate,highs,LTFarkas,1,225,2696.268908,2703,0.221975583,2696.579832,0.31092437,53,219,0.195321,0.119117,0.331857,4045,20709.49872,1.645704547,1,0,"{timeout:3600,max_col_multiplier:1,age_limit:2,random_seed:0,replication:1,num_threads:128}",1
c10200_5.json.gz,2837,c,10,200,LagrangeTemplate,highs,LTFarkas,1,244,2836.270312,2839,0.070447341,2836.910937,0.640625,54,226,0.231232,0.16196,0.412168,4502,19469.62358,1.677003853,1,0,"{timeout:3600,max_col_multiplier:1,age_limit:2,random_seed:0,replication:1,num_threads:128}",1
c10200_6.json.gz,2742,c,10,200,LagrangeTemplate,highs,LTFarkas,1,215,2741.365707,2749,0.25463805,2741.955635,0.589928058,60,227,0.2003,0.127997,0.345537,3926,19600.5991,1.671019374,1,0,"{timeout:3600,max_col_multiplier:1,age_limit:2,random_seed:0,replication:1,num_threads:128}",1
c10200_7.json.gz,2851,c,10,200,LagrangeTemplate,highs,LTFarkas,1,166,2850.022989,2887,1.246969172,2850.808429,0.785440613,58,234,0.149258,0.09196,0.256034,2705,18122.98168,1.388743068,1,0,"{timeout:3600,max_col_multiplier:1,age_limit:2,random_seed:0,replication:1,num_threads:128}",1
c10200_8.json.gz,2717,c,10,200,LagrangeTemplate,highs,LTFarkas,1,188,2716.060057,2729,0.43972151,2716.78607,0.726012793,44,230,0.156252,0.109543,0.281582,3275,20959.73172,1.578421496,1,0,"{timeout:3600,max_col_multiplier:1,age_limit:2,random_seed:0,replication:1,num_threads:128}",1
c10200_9.json.gz,2781,c,10,200,LagrangeTemplate,highs,LTFarkas,1,203,2780.171053,2788,0.25107604,2780.592105,0.421052632,51,214,0.189104,0.126768,0.332492,3799,20089.47457,1.711372754,1,0,"{timeout:3600,max_col_multiplier:1,age_limit:2,random_seed:0,replication:1,num_threads:128}",1
c10400_0.json.gz,5606,c,10,400,LagrangeTemplate,highs,LTFarkas,1,430,5605.053511,5620,0.24911032,5605.919272,0.865760893,55,431,1.720028,0.983584,2.751986,9502,5524.328674,2.035807614,1,0,"{timeout:3600,max_col_multiplier:1,age_limit:4,random_seed:0,replication:1,num_threads:128}",1
c10400_1.json.gz,5474,c,10,400,LagrangeTemplate,highs,LTFarkas,1,509,5473.052513,5482,0.145932142,5473.738502,0.68598862,59,430,1.948473,1.103263,3.108267,13493,6924.909917,2.491414217,1,0,"{timeout:3600,max_col_multiplier:1,age_limit:4,random_seed:0,replication:1,num_threads:128}",1
c10400_2.json.gz,5633,c,10,400,LagrangeTemplate,highs,LTFarkas,1,444,5632.231916,5651,0.318527694,5633,0.768083756,25,458,1.651454,0.903584,2.604736,12001,7266.929627,2.54613213,1,0,"{timeout:3600,max_col_multiplier:1,age_limit:4,random_seed:0,replication:1,num_threads:128}",1
c10400_3.json.gz,5656,c,10,400,LagrangeTemplate,highs,LTFarkas,1,507,5655.023102,5661,0.088323618,5655.971947,0.948844884,44,449,1.971195,1.076347,3.09687,14452,7331.593272,2.731906246,1,0,"{timeout:3600,max_col_multiplier:1,age_limit:4,random_seed:0,replication:1,num_threads:128}",1
c10400_4.json.gz,5579,c,10,400,LagrangeTemplate,highs,LTFarkas,1,505,5578.074644,5587,0.143189547,5578.449103,0.37445854,58,446,2.010847,1.040353,3.106356,14510,7215.864757,2.701776629,1,0,"{timeout:3600,max_col_multiplier:1,age_limit:4,random_seed:0,replication:1,num_threads:128}",1
c10400_5.json.gz,5483,c,10,400,LagrangeTemplate,highs,LTFarkas,1,567,5482.005403,5486,0.054684651,5482.038335,0.032931727,56,433,2.62505,1.200222,3.885182,19055,7258.909354,3.256782356,1,0,"{timeout:3600,max_col_multiplier:1,age_limit:4,random_seed:0,replication:1,num_threads:128}",1
c10400_6.json.gz,5540,c,10,400,LagrangeTemplate,highs,LTFarkas,1,434,5539.082347,5551,0.198162493,5539.160388,0.078040904,58,426,1.547234,0.736274,2.332835,11293,7298.831334,2.471222844,1,0,"{timeout:3600,max_col_multiplier:1,age_limit:4,random_seed:0,replication:1,num_threads:128}",1
c10400_7.json.gz,5479,c,10,400,LagrangeTemplate,highs,LTFarkas,1,505,5478.094665,5487,0.145799162,5478.812675,0.718010429,54,468,1.745095,0.957175,2.758072,13123,7519.934445,2.431243057,1,0,"{timeout:3600,max_col_multiplier:1,age_limit:4,random_seed:0,replication:1,num_threads:128}",1
c10400_8.json.gz,5475,c,10,400,LagrangeTemplate,highs,LTFarkas,1,423,5474.232073,5483,0.145905526,5474.470758,0.238685679,52,441,1.460517,0.813512,2.318171,11009,7537.741772,2.427606571,1,0,"{timeout:3600,max_col_multiplier:1,age_limit:4,random_seed:0,replication:1,num_threads:128}",1
c10400_9.json.gz,5696,c,10,400,LagrangeTemplate,highs,LTFarkas,1,398,5695.02386,5715,0.332458443,5695.491793,0.467933621,60,447,1.316236,0.790837,2.153912,9955,7563.233341,2.301119004,1,0,"{timeout:3600,max_col_multiplier:1,age_limit:4,random_seed:0,replication:1,num_threads:128}",1
c15900_0.json.gz,11266,c,15,900,LagrangeTemplate,highs,LTFarkas,1,786,11265.12098,11277,0.097543673,11265.65746,0.53647768,89,995,15.752915,3.716425,19.669215,37594,2386.478947,3.044987639,1,0,"{timeout:3600,max_col_multiplier:1,age_limit:6,random_seed:0,replication:1,num_threads:128}",1
c15900_1.json.gz,11216,c,15,900,LagrangeTemplate,highs,LTFarkas,1,572,11215.03509,11228,0.106875668,11215.80121,0.766120395,85,988,10.727538,2.644916,13.540041,25311,2359.441654,2.720868811,1,0,"{timeout:3600,max_col_multiplier:1,age_limit:6,random_seed:0,replication:1,num_threads:128}",1
c15900_2.json.gz,11264,c,15,900,LagrangeTemplate,highs,LTFarkas,1,723,11263.0672,11280,0.141843972,11263.34286,0.275657858,99,995,14.729995,3.601872,18.52441,37979,2578.344392,3.322370315,1,0,"{timeout:3600,max_col_multiplier:1,age_limit:6,random_seed:0,replication:1,num_threads:128}",1
c15900_3.json.gz,11257,c,15,900,LagrangeTemplate,highs,LTFarkas,1,933,11256.00912,11260,0.026642978,11256.01409,0.004965377,91,922,26.379346,4.579742,31.188023,58859,2231.253193,4.197882122,1,0,"{timeout:3600,max_col_multiplier:1,age_limit:6,random_seed:0,replication:1,num_threads:128}",1
c15900_4.json.gz,11376,c,15,900,LagrangeTemplate,highs,LTFarkas,1,684,11375.17881,11397,0.184259016,11375.91931,0.740495477,87,1016,13.922135,3.297095,17.403386,28562,2051.553156,2.590585993,1,0,"{timeout:3600,max_col_multiplier:1,age_limit:6,random_seed:0,replication:1,num_threads:128}",1
c15900_5.json.gz,11244,c,15,900,LagrangeTemplate,highs,LTFarkas,1,771,11243.00968,11253,0.079978669,11243.66442,0.654731606,97,1014,19.586903,3.809444,23.614326,51361,2622.211383,4.260789576,1,0,"{timeout:3600,max_col_multiplier:1,age_limit:6,random_seed:0,replication:1,num_threads:128}",1
c15900_6.json.gz,11358,c,15,900,LagrangeTemplate,highs,LTFarkas,1,580,11357.04327,11371,0.114325917,11357.68449,0.641215408,85,998,11.501237,2.884487,14.548557,25213,2192.198978,2.664569559,1,0,"{timeout:3600,max_col_multiplier:1,age_limit:6,random_seed:0,replication:1,num_threads:128}",1
c15900_7.json.gz,11268,c,15,900,LagrangeTemplate,highs,LTFarkas,1,886,11267.01844,11279,0.097526376,11267.18353,0.16509434,75,929,22.840954,4.259473,27.317155,44720,1957.886698,3.692021626,1,0,"{timeout:3600,max_col_multiplier:1,age_limit:6,random_seed:0,replication:1,num_threads:128}",1
c15900_8.json.gz,11217,c,15,900,LagrangeTemplate,highs,LTFarkas,1,1044,11216.02202,11220,0.026737967,11216.19167,0.16964871,84,942,24.086634,5.166378,29.504415,69905,2902.232001,4.381497476,1,0,"{timeout:3600,max_col_multiplier:1,age_limit:6,random_seed:0,replication:1,num_threads:128}",1
c15900_9.json.gz,11365,c,15,900,LagrangeTemplate,highs,LTFarkas,1,600,11364.10297,11386,0.184437028,11364.48058,0.377611959,89,993,13.265186,2.884671,16.319624,24548,1850.558296,2.514577536,1,0,"{timeout:3600,max_col_multiplier:1,age_limit:6,random_seed:0,replication:1,num_threads:128}",1
c20100_0.json.gz,1264,c,20,100,LagrangeTemplate,highs,LTFarkas,1,43,1263.05625,1273,0.706991359,1263.65,0.59375,61,141,0.021057,0.012623,0.042699,1240,58887.78079,1.321478428,1,0,"{timeout:3600,max_col_multiplier:1,age_limit:2,random_seed:0,replication:1,num_threads:128}",1
c20100_1.json.gz,1241,c,20,100,LagrangeTemplate,highs,LTFarkas,1,50,1240.333333,1244,0.241157556,1240.333333,0,50,126,0.022882,0.014439,0.045627,1248,54540.687,1.344136211,1,0,"{timeout:3600,max_col_multiplier:1,age_limit:2,random_seed:0,replication:1,num_threads:128}",1
c20100_2.json.gz,1225,c,20,100,LagrangeTemplate,highs,LTFarkas,1,39,1224.254717,1228,0.244299674,1224.90566,0.650943396,60,154,0.02033,0.010757,0.039655,1253,61633.0546,1.384592241,1,0,"{timeout:3600,max_col_multiplier:1,age_limit:2,random_seed:0,replication:1,num_threads:128}",1
c20100_3.json.gz,1221,c,20,100,LagrangeTemplate,highs,LTFarkas,1,49,1220.111111,1221,0,1220.111111,0,47,122,0.023153,0.014583,0.046494,1213,52390.61893,1.341207972,1,0,"{timeout:3600,max_col_multiplier:1,age_limit:2,random_seed:0,replication:1,num_threads:128}",1
c20100_4.json.gz,1260,c,20,100,LagrangeTemplate,highs,LTFarkas,1,43,1259.085106,1267,0.552486188,1259.244681,0.159574468,55,130,0.02188,0.012464,0.043024,1197,54707.49543,1.291306929,1,0,"{timeout:3600,max_col_multiplier:1,age_limit:2,random_seed:0,replication:1,num_threads:128}",1
c20100_5.json.gz,1264,c,20,100,LagrangeTemplate,highs,LTFarkas,1,49,1263.034653,1264,0,1264,0.965346535,20,142,0.026977,0.014477,0.050252,1621,60088.2233,1.628627803,1,0,"{timeout:3600,max_col_multiplier:1,age_limit:2,random_seed:0,replication:1,num_threads:128}",1
c20100_6.json.gz,1223,c,20,100,LagrangeTemplate,highs,LTFarkas,1,46,1222.75,1228,0.407166124,1223,0.25,39,127,0.022776,0.01288,0.044154,1408,61819.45908,1.561880819,1,0,"{timeout:3600,max_col_multiplier:1,age_limit:2,random_seed:0,replication:1,num_threads:128}",1
c20100_7.json.gz,1222,c,20,100,LagrangeTemplate,highs,LTFarkas,1,41,1221.421053,1236,1.132686084,1221.421053,0,61,128,0.019984,0.012104,0.040022,1270,63550.84067,1.456332204,1,0,"{timeout:3600,max_col_multiplier:1,age_limit:2,random_seed:0,replication:1,num_threads:128}",1
c20100_8.json.gz,1225,c,20,100,LagrangeTemplate,highs,LTFarkas,1,39,1224.298246,1231,0.487408611,1224.666667,0.368421053,34,134,0.019673,0.010776,0.038403,1307,66436.2324,1.62277865,1,0,"{timeout:3600,max_col_multiplier:1,age_limit:2,random_seed:0,replication:1,num_threads:128}",1
c20100_9.json.gz,1266,c,20,100,LagrangeTemplate,highs,LTFarkas,1,40,1265.388889,1297,2.390131072,1265.833333,0.444444444,38,146,0.021761,0.011012,0.04167,1290,59280.36395,1.458684427,1,0,"{timeout:3600,max_col_multiplier:1,age_limit:2,random_seed:0,replication:1,num_threads:128}",1
c201600_0.json.gz,18932,c,20,1600,LagrangeTemplate,highs,LTFarkas,1,1160,18931.01448,18949,0.089714497,18931.65621,0.641727245,113,1768,110.713011,9.715165,121.096538,114370,1033.031249,4.786136364,1,0,"{timeout:3600,max_col_multiplier:1,age_limit:8,random_seed:0,replication:1,num_threads:128}",1
c201600_1.json.gz,18832,c,20,1600,LagrangeTemplate,highs,LTFarkas,1,1235,18831.00004,18842,0.053072915,18831.83407,0.834031313,124,1757,111.953493,10.46302,123.07273,125473,1120.760028,4.942959513,1,0,"{timeout:3600,max_col_multiplier:1,age_limit:8,random_seed:0,replication:1,num_threads:128}",1
c201600_2.json.gz,18809,c,20,1600,LagrangeTemplate,highs,LTFarkas,1,1096,18808.01769,18820,0.058448458,18808.22672,0.209036213,127,1814,119.779598,9.646117,130.043984,111136,927.837477,4.923324733,1,0,"{timeout:3600,max_col_multiplier:1,age_limit:8,random_seed:0,replication:1,num_threads:128}",1
c201600_3.json.gz,18984,c,20,1600,LagrangeTemplate,highs,LTFarkas,1,947,18983.09781,18999,0.078951524,18983.70053,0.6027183,126,1769,82.670761,8.391106,91.580826,68306,826.2413358,3.425814463,1,0,"{timeout:3600,max_col_multiplier:1,age_limit:8,random_seed:0,replication:1,num_threads:128}",1
c201600_4.json.gz,18636,c,20,1600,LagrangeTemplate,highs,LTFarkas,1,1297,18635.00106,18642,0.032185382,18635.11995,0.118892892,125,1746,152.286101,10.807818,163.777994,158649,1041.782533,5.992383353,1,0,"{timeout:3600,max_col_multiplier:1,age_limit:8,random_seed:0,replication:1,num_threads:128}",1
c201600_5.json.gz,18813,c,20,1600,LagrangeTemplate,highs,LTFarkas,1,1116,18812.03037,18820,0.03719447,18812.93997,0.909599124,128,1739,107.875746,9.077157,117.544698,98193,910.2416775,4.245166587,1,0,"{timeout:3600,max_col_multiplier:1,age_limit:8,random_seed:0,replication:1,num_threads:128}",1
c201600_6.json.gz,19037,c,20,1600,LagrangeTemplate,highs,LTFarkas,1,1027,19036.0119,19059,0.11543103,19036.1141,0.102206226,124,1651,88.957771,8.709544,98.200392,81813,919.6835654,3.875224955,1,0,"{timeout:3600,max_col_multiplier:1,age_limit:8,random_seed:0,replication:1,num_threads:128}",1
c201600_7.json.gz,18853,c,20,1600,LagrangeTemplate,highs,LTFarkas,1,928,18852.01365,18888,0.185302838,18852.99233,0.978672066,127,1797,101.844523,7.912193,110.249006,81575,800.9758168,4.194911865,1,0,"{timeout:3600,max_col_multiplier:1,age_limit:8,random_seed:0,replication:1,num_threads:128}",1
c201600_8.json.gz,18938,c,20,1600,LagrangeTemplate,highs,LTFarkas,1,928,18937.01908,18978,0.210770366,18937.94593,0.926851849,119,1792,87.703063,7.87928,96.068925,71910,819.9257533,3.684756819,1,0,"{timeout:3600,max_col_multiplier:1,age_limit:8,random_seed:0,replication:1,num_threads:128}",1
c201600_9.json.gz,19006,c,20,1600,LagrangeTemplate,highs,LTFarkas,1,1024,19005.15466,19021,0.078860202,19005.76713,0.612467218,120,1855,114.985755,8.667299,124.224211,105360,916.2874132,4.973958696,1,0,"{timeout:3600,max_col_multiplier:1,age_limit:8,random_seed:0,replication:1,num_threads:128}",1
c20200_0.json.gz,2409,c,20,200,LagrangeTemplate,highs,LTFarkas,1,95,2408.083916,2432,0.945723684,2408.590909,0.506993007,75,251,0.085478,0.042231,0.146584,3243,37939.58679,1.570645984,1,0,"{timeout:3600,max_col_multiplier:1,age_limit:2,random_seed:0,replication:1,num_threads:128}",1
c20200_1.json.gz,2345,c,20,200,LagrangeTemplate,highs,LTFarkas,1,89,2344.063798,2360,0.63559322,2344.189911,0.12611276,74,229,0.076614,0.037642,0.137372,2905,37917.35192,1.517777521,1,0,"{timeout:3600,max_col_multiplier:1,age_limit:2,random_seed:0,replication:1,num_threads:128}",1
c20200_2.json.gz,2409,c,20,200,LagrangeTemplate,highs,LTFarkas,1,103,2408.120567,2422,0.536746491,2408.312057,0.191489362,68,240,0.094651,0.043759,0.157023,3752,39640.36302,1.692289971,1,0,"{timeout:3600,max_col_multiplier:1,age_limit:2,random_seed:0,replication:1,num_threads:128}",1
c20200_3.json.gz,2434,c,20,200,LagrangeTemplate,highs,LTFarkas,1,105,2433.020072,2436,0.082101806,2433.133327,0.113254542,89,255,0.111913,0.047296,0.178879,4077,36430.08408,1.910693652,1,0,"{timeout:3600,max_col_multiplier:1,age_limit:2,random_seed:0,replication:1,num_threads:128}",1
c20200_4.json.gz,2429,c,20,200,LagrangeTemplate,highs,LTFarkas,1,109,2428.191244,2431,0.082270671,2428.191244,0,83,234,0.111908,0.049237,0.180543,4192,37459.3416,1.756990814,1,0,"{timeout:3600,max_col_multiplier:1,age_limit:2,random_seed:0,replication:1,num_threads:128}",1
c20200_5.json.gz,2400,c,20,200,LagrangeTemplate,highs,LTFarkas,1,96,2399.436782,2412,0.497512438,2399.804598,0.367816092,61,249,0.080925,0.041155,0.138653,3240,40037.07136,1.564710754,1,0,"{timeout:3600,max_col_multiplier:1,age_limit:2,random_seed:0,replication:1,num_threads:128}",1
c20200_6.json.gz,2394,c,20,200,LagrangeTemplate,highs,LTFarkas,1,96,2393.025655,2412,0.746268657,2393.173169,0.147514698,74,235,0.088498,0.041484,0.148915,3444,38916.1337,1.683839912,1,0,"{timeout:3600,max_col_multiplier:1,age_limit:2,random_seed:0,replication:1,num_threads:128}",1
c20200_7.json.gz,2377,c,20,200,LagrangeTemplate,highs,LTFarkas,1,102,2376.580675,2380,0.12605042,2376.828624,0.247948952,76,244,0.099585,0.044193,0.161704,3883,38991.81604,1.794010628,1,0,"{timeout:3600,max_col_multiplier:1,age_limit:2,random_seed:0,replication:1,num_threads:128}",1
c20200_8.json.gz,2307,c,20,200,LagrangeTemplate,highs,LTFarkas,1,89,2306.189189,2307,6.50E-13,2306.608108,0.418918919,77,242,0.072717,0.035334,0.124481,2705,37199.00436,1.435997254,1,0,"{timeout:3600,max_col_multiplier:1,age_limit:2,random_seed:0,replication:1,num_threads:128}",1
c20200_9.json.gz,2394,c,20,200,LagrangeTemplate,highs,LTFarkas,1,98,2393.098186,2407,0.5400914,2393.886179,0.787992495,88,262,0.097275,0.044328,0.160764,3926,40359.80468,1.858381244,1,0,"{timeout:3600,max_col_multiplier:1,age_limit:2,random_seed:0,replication:1,num_threads:128}",1
c20400_0.json.gz,4728,c,20,400,LagrangeTemplate,highs,LTFarkas,1,231,4727.027724,4751,0.484108609,4727.147167,0.119442214,104,429,0.506447,0.21109,0.766299,9395,18550.80591,1.908196877,1,0,"{timeout:3600,max_col_multiplier:1,age_limit:2,random_seed:0,replication:1,num_threads:128}",1
c20400_1.json.gz,4688,c,20,400,LagrangeTemplate,highs,LTFarkas,1,228,4687.039736,4712,0.509337861,4687.638812,0.599075549,101,454,0.494293,0.206849,0.745926,9262,18737.87409,1.856761421,1,0,"{timeout:3600,max_col_multiplier:1,age_limit:2,random_seed:0,replication:1,num_threads:128}",1
c20400_2.json.gz,4758,c,20,400,LagrangeTemplate,highs,LTFarkas,1,247,4757.168919,4770,0.251572327,4757.864865,0.695945946,92,473,0.543817,0.235141,0.827663,9528,17520.59976,1.790092486,1,0,"{timeout:3600,max_col_multiplier:1,age_limit:2,random_seed:0,replication:1,num_threads:128}",1
c20400_3.json.gz,4718,c,20,400,LagrangeTemplate,highs,LTFarkas,1,217,4717.01905,4773,1.152315106,4717.2254,0.20635,102,428,0.461056,0.206887,0.711868,8782,19047.57773,1.845061013,1,0,"{timeout:3600,max_col_multiplier:1,age_limit:2,random_seed:0,replication:1,num_threads:128}",1
c20400_4.json.gz,4774,c,20,400,LagrangeTemplate,highs,LTFarkas,1,219,4773.079908,4788,0.292397661,4773.370023,0.290114943,100,441,0.460475,0.207251,0.71245,8754,19010.80406,1.823909977,1,0,"{timeout:3600,max_col_multiplier:1,age_limit:2,random_seed:0,replication:1,num_threads:128}",1
c20400_5.json.gz,4737,c,20,400,LagrangeTemplate,highs,LTFarkas,1,262,4736.168206,4777,0.837345614,4736.251979,0.083773087,94,435,0.552702,0.245935,0.844391,9594,17358.35948,1.70550922,1,0,"{timeout:3600,max_col_multiplier:1,age_limit:2,random_seed:0,replication:1,num_threads:128}",1
c20400_6.json.gz,4749,c,20,400,LagrangeTemplate,highs,LTFarkas,1,252,4748.028965,4768,0.398489933,4748.557477,0.528512674,99,472,0.589719,0.225773,0.862953,10808,18327.37287,2.006883618,1,0,"{timeout:3600,max_col_multiplier:1,age_limit:2,random_seed:0,replication:1,num_threads:128}",1
c20400_7.json.gz,4755,c,20,400,LagrangeTemplate,highs,LTFarkas,1,203,4754.036594,4762,0.14699706,4754.513468,0.476874086,91,441,0.404434,0.186352,0.632319,7615,18828.78294,1.719316019,1,0,"{timeout:3600,max_col_multiplier:1,age_limit:2,random_seed:0,replication:1,num_threads:128}",1
c20400_8.json.gz,4697,c,20,400,LagrangeTemplate,highs,LTFarkas,1,250,4696.057648,4712,0.318336163,4696.373792,0.316144697,97,463,0.540839,0.227808,0.813542,9973,18439.86843,1.837219515,1,0,"{timeout:3600,max_col_multiplier:1,age_limit:2,random_seed:0,replication:1,num_threads:128}",1
c20400_9.json.gz,4739,c,20,400,LagrangeTemplate,highs,LTFarkas,1,259,4738.147751,4741,0.042185193,4738.458335,0.310584706,98,433,0.632979,0.240693,0.922602,11249,17771.52165,2.054202803,1,0,"{timeout:3600,max_col_multiplier:1,age_limit:2,random_seed:0,replication:1,num_threads:128}",1
c30900_0.json.gz,10007,c,30,900,LagrangeTemplate,highs,LTFarkas,1,441,10006.01947,10016,0.08985623,10006.83364,0.814168584,171,1057,5.286632,0.890615,6.376644,39875,7542.609359,2.872405764,1,0,"{timeout:3600,max_col_multiplier:1,age_limit:3,random_seed:0,replication:1,num_threads:128}",1
c30900_1.json.gz,9978,c,30,900,LagrangeTemplate,highs,LTFarkas,1,359,9977.004527,10009,0.309721251,9977.707473,0.702945061,171,1017,3.446742,0.708809,4.328154,27450,7964.042565,2.399477655,1,0,"{timeout:3600,max_col_multiplier:1,age_limit:3,random_seed:0,replication:1,num_threads:128}",1
c30900_2.json.gz,10083,c,30,900,LagrangeTemplate,highs,LTFarkas,1,417,10082.00543,10101,0.178200178,10082.90466,0.899225738,177,1013,4.240394,0.842943,5.250957,34594,8158.204167,2.62731798,1,0,"{timeout:3600,max_col_multiplier:1,age_limit:3,random_seed:0,replication:1,num_threads:128}",1
c30900_3.json.gz,10010,c,30,900,LagrangeTemplate,highs,LTFarkas,1,449,10009.01956,10022,0.11973658,10009.13215,0.112586054,158,966,4.765562,0.923471,5.860167,37253,7817.126291,2.655615877,1,0,"{timeout:3600,max_col_multiplier:1,age_limit:3,random_seed:0,replication:1,num_threads:128}",1
c30900_4.json.gz,9902,c,30,900,LagrangeTemplate,highs,LTFarkas,1,413,9901.089807,9910,0.080726539,9901.36048,0.270673809,147,970,3.764547,0.782417,4.720221,31833,8455.997495,2.446471069,1,0,"{timeout:3600,max_col_multiplier:1,age_limit:3,random_seed:0,replication:1,num_threads:128}",1
c30900_5.json.gz,10020,c,30,900,LagrangeTemplate,highs,LTFarkas,1,426,10019.05985,10035,0.149476831,10019.49089,0.431037612,157,949,4.352853,0.845151,5.379825,33116,7607.883841,2.492156162,1,0,"{timeout:3600,max_col_multiplier:1,age_limit:3,random_seed:0,replication:1,num_threads:128}",1
c30900_6.json.gz,9981,c,30,900,LagrangeTemplate,highs,LTFarkas,1,487,9980.049446,9989,0.080088097,9980.337001,0.287555627,154,974,6.017789,0.979435,7.182755,44841,7451.407818,2.956876374,1,0,"{timeout:3600,max_col_multiplier:1,age_limit:3,random_seed:0,replication:1,num_threads:128}",1
c30900_7.json.gz,9923,c,30,900,LagrangeTemplate,highs,LTFarkas,1,413,9922.018084,9948,0.251306795,9922.087796,0.069712116,165,942,3.98829,0.816367,4.962184,31812,7976.350767,2.473963803,1,0,"{timeout:3600,max_col_multiplier:1,age_limit:3,random_seed:0,replication:1,num_threads:128}",1
c30900_8.json.gz,9948,c,30,900,LagrangeTemplate,highs,LTFarkas,1,407,9947.045312,9959,0.110452857,9947.59584,0.550528082,164,1016,4.542814,0.856282,5.561926,33720,7422.712002,2.631630796,1,0,"{timeout:3600,max_col_multiplier:1,age_limit:3,random_seed:0,replication:1,num_threads:128}",1
c30900_9.json.gz,9971,c,30,900,LagrangeTemplate,highs,LTFarkas,1,421,9970.01508,9998,0.270054011,9970.442154,0.427074403,165,987,4.341653,0.844845,5.356249,34320,7904.823347,2.576456984,1,0,"{timeout:3600,max_col_multiplier:1,age_limit:3,random_seed:0,replication:1,num_threads:128}",1
c401600_0.json.gz,17144,c,40,1600,LagrangeTemplate,highs,LTFarkas,1,605,17143.01252,17164,0.116522955,17143.76832,0.755801498,224,1788,24.602799,2.1765,27.284326,76917,3126.351599,3.075447835,1,0,"{timeout:3600,max_col_multiplier:1,age_limit:4,random_seed:0,replication:1,num_threads:128}",1
c401600_1.json.gz,17125,c,40,1600,LagrangeTemplate,highs,LTFarkas,1,547,17124.01926,17140,0.087514586,17124.52377,0.504509184,230,1756,21.868319,2.008965,24.311634,69795,3191.603342,3.055979614,1,0,"{timeout:3600,max_col_multiplier:1,age_limit:4,random_seed:0,replication:1,num_threads:128}",1
c401600_2.json.gz,17152,c,40,1600,LagrangeTemplate,highs,LTFarkas,1,660,17151.13657,17163,0.064091359,17151.71381,0.577237043,232,1794,27.199875,2.377035,30.050826,94201,3463.287975,3.473157,1,0,"{timeout:3600,max_col_multiplier:1,age_limit:4,random_seed:0,replication:1,num_threads:128}",1
c401600_3.json.gz,17131,c,40,1600,LagrangeTemplate,highs,LTFarkas,1,645,17130.00141,17142,0.064169875,17130.26463,0.263225336,245,1753,24.359969,2.307369,27.161406,85132,3494.749932,3.177893236,1,0,"{timeout:3600,max_col_multiplier:1,age_limit:4,random_seed:0,replication:1,num_threads:128}",1
c401600_4.json.gz,17108,c,40,1600,LagrangeTemplate,highs,LTFarkas,1,710,17107.00581,17131,0.13425953,17107.09426,0.088444114,219,1680,31.690255,2.583672,34.818267,98621,3112.029234,3.408719072,1,0,"{timeout:3600,max_col_multiplier:1,age_limit:4,random_seed:0,replication:1,num_threads:128}",1
c401600_5.json.gz,17097,c,40,1600,LagrangeTemplate,highs,LTFarkas,1,680,17096.01328,17111,0.081818713,17096.05149,0.038204957,246,1754,30.580115,2.41634,33.510584,95669,3128.470903,3.423215965,1,0,"{timeout:3600,max_col_multiplier:1,age_limit:4,random_seed:0,replication:1,num_threads:128}",1
c401600_6.json.gz,17161,c,40,1600,LagrangeTemplate,highs,LTFarkas,1,647,17160.10558,17175,0.081513828,17160.67602,0.570439249,218,1779,26.533423,2.337062,29.365151,87705,3305.453654,3.28862756,1,0,"{timeout:3600,max_col_multiplier:1,age_limit:4,random_seed:0,replication:1,num_threads:128}",1
c401600_7.json.gz,17096,c,40,1600,LagrangeTemplate,highs,LTFarkas,1,562,17095.08099,17115,0.111013731,17095.52027,0.43927809,221,1730,22.861654,1.982795,25.302903,77128,3373.684161,3.307344098,1,0,"{timeout:3600,max_col_multiplier:1,age_limit:4,random_seed:0,replication:1,num_threads:128}",1
c401600_8.json.gz,17076,c,40,1600,LagrangeTemplate,highs,LTFarkas,1,568,17075.03632,17082,0.035124693,17075.30046,0.264145348,232,1706,22.470607,2.021172,24.968691,72598,3230.798349,3.074622047,1,0,"{timeout:3600,max_col_multiplier:1,age_limit:4,random_seed:0,replication:1,num_threads:128}",1
c401600_9.json.gz,17110,c,40,1600,LagrangeTemplate,highs,LTFarkas,1,702,17109.01617,17121,0.064248583,17109.74983,0.733654376,222,1762,27.413223,2.44401,30.351178,103682,3782.189347,3.584348818,1,0,"{timeout:3600,max_col_multiplier:1,age_limit:4,random_seed:0,replication:1,num_threads:128}",1
c40400_0.json.gz,4345,c,40,400,LagrangeTemplate,highs,LTFarkas,1,112,4344.041945,4363,0.412560165,4344.313856,0.271911489,158,499,0.32447,0.073312,0.456863,9801,30206.18239,2.144378752,1,0,"{timeout:3600,max_col_multiplier:1,age_limit:2,random_seed:0,replication:1,num_threads:128}",1
c40400_1.json.gz,4324,c,40,400,LagrangeTemplate,highs,LTFarkas,1,133,4323.020577,4324,2.10E-13,4323.040393,0.019816034,148,454,0.364364,0.086896,0.518498,10348,28400.17126,1.942024106,1,0,"{timeout:3600,max_col_multiplier:1,age_limit:2,random_seed:0,replication:1,num_threads:128}",1
c40400_2.json.gz,4283,c,40,400,LagrangeTemplate,highs,LTFarkas,1,126,4282.099617,4294,0.256171402,4282.478927,0.379310345,155,500,0.375131,0.081129,0.518491,10537,28088.85429,2.005110458,1,0,"{timeout:3600,max_col_multiplier:1,age_limit:2,random_seed:0,replication:1,num_threads:128}",1
c40400_3.json.gz,4360,c,40,400,LagrangeTemplate,highs,LTFarkas,1,127,4359.257242,4372,0.274473925,4359.434456,0.177213549,163,494,0.364609,0.084711,0.511539,10402,28529.19154,2.022280902,1,0,"{timeout:3600,max_col_multiplier:1,age_limit:2,random_seed:0,replication:1,num_threads:128}",1
c40400_4.json.gz,4349,c,40,400,LagrangeTemplate,highs,LTFarkas,1,120,4348.027607,4378,0.662402924,4348.05718,0.029573522,157,447,0.298718,0.078769,0.438798,9629,32234.41507,1.977746023,1,0,"{timeout:3600,max_col_multiplier:1,age_limit:2,random_seed:0,replication:1,num_threads:128}",1
c40400_5.json.gz,4325,c,40,400,LagrangeTemplate,highs,LTFarkas,1,106,4324.076737,4336,0.253690037,4324.546126,0.469388703,153,476,0.322261,0.068219,0.449727,9990,30999.71762,2.260846483,1,0,"{timeout:3600,max_col_multiplier:1,age_limit:2,random_seed:0,replication:1,num_threads:128}",1
c40400_6.json.gz,4313,c,40,400,LagrangeTemplate,highs,LTFarkas,1,112,4312.020871,4328,0.346580407,4312.389227,0.368356184,160,451,0.318242,0.071647,0.450861,9469,29754.08651,2.087115949,1,0,"{timeout:3600,max_col_multiplier:1,age_limit:2,random_seed:0,replication:1,num_threads:128}",1
c40400_7.json.gz,4288,c,40,400,LagrangeTemplate,highs,LTFarkas,1,131,4287.008467,4297,0.209448452,4287.079181,0.07071412,153,455,0.312882,0.083766,0.457536,8926,28528.32697,1.791382003,1,0,"{timeout:3600,max_col_multiplier:1,age_limit:2,random_seed:0,replication:1,num_threads:128}",1
c40400_8.json.gz,4271,c,40,400,LagrangeTemplate,highs,LTFarkas,1,109,4270.251508,4288,0.396455224,4270.435457,0.183948887,143,505,0.258624,0.068762,0.38681,8335,32228.25415,1.786456951,1,0,"{timeout:3600,max_col_multiplier:1,age_limit:2,random_seed:0,replication:1,num_threads:128}",1
c40400_9.json.gz,4325,c,40,400,LagrangeTemplate,highs,LTFarkas,1,126,4324.373117,4337,0.276688955,4324.594694,0.22157646,170,490,0.344838,0.081736,0.487826,10295,29854.59839,2.000167455,1,0,"{timeout:3600,max_col_multiplier:1,age_limit:2,random_seed:0,replication:1,num_threads:128}",1
c5100_0.json.gz,1737,c,5,100,LagrangeTemplate,highs,LTFarkas,1,207,1736.257576,1742,0.287026406,1736.287879,0.03030303,25,112,0.095362,0.066819,0.170885,1731,18151.8844,1.493980297,1,0,"{timeout:3600,max_col_multiplier:1,age_limit:2,random_seed:0,replication:1,num_threads:128}",1
c5100_1.json.gz,1731,c,5,100,LagrangeTemplate,highs,LTFarkas,1,236,1730.2,1731,3.94E-13,1730.466667,0.266666667,26,108,0.111846,0.084762,0.205919,2106,18829.46194,1.705468119,1,0,"{timeout:3600,max_col_multiplier:1,age_limit:2,random_seed:0,replication:1,num_threads:128}",1
c5100_2.json.gz,1785,c,5,100,LagrangeTemplate,highs,LTFarkas,1,126,1784.172414,1799,0.778210117,1784.482759,0.310344828,25,117,0.053842,0.042737,0.102931,1070,19872.96163,1.371335201,1,0,"{timeout:3600,max_col_multiplier:1,age_limit:2,random_seed:0,replication:1,num_threads:128}",1
c5100_3.json.gz,1839,c,5,100,LagrangeTemplate,highs,LTFarkas,1,196,1838.064516,1846,0.379198267,1838.983871,0.919354839,31,112,0.092024,0.069283,0.169108,1832,19907.85013,1.67020539,1,0,"{timeout:3600,max_col_multiplier:1,age_limit:2,random_seed:0,replication:1,num_threads:128}",1
c5100_4.json.gz,1831,c,5,100,LagrangeTemplate,highs,LTFarkas,1,170,1830.642857,1846,0.812567714,1831,0.357142857,17,120,0.083005,0.05969,0.150673,1566,18866.33335,1.604542484,1,0,"{timeout:3600,max_col_multiplier:1,age_limit:2,random_seed:0,replication:1,num_threads:128}",1
c5100_5.json.gz,1801,c,5,100,LagrangeTemplate,highs,LTFarkas,1,164,1800.035714,1806,0.276854928,1800.107143,0.071428571,24,109,0.070168,0.057938,0.135788,1411,20108.88154,1.572649898,1,0,"{timeout:3600,max_col_multiplier:1,age_limit:2,random_seed:0,replication:1,num_threads:128}",1
c5100_6.json.gz,1906,c,5,100,LagrangeTemplate,highs,LTFarkas,1,201,1905.034286,1915,0.46997389,1905.445714,0.411428571,31,112,0.095006,0.076126,0.179548,1839,19356.67221,1.683167496,1,0,"{timeout:3600,max_col_multiplier:1,age_limit:2,random_seed:0,replication:1,num_threads:128}",1
c5100_7.json.gz,1843,c,5,100,LagrangeTemplate,highs,LTFarkas,1,174,1842.166667,1848,0.270562771,1842.666667,0.5,10,112,0.080461,0.058648,0.146545,1839,22855.79349,1.927367269,1,0,"{timeout:3600,max_col_multiplier:1,age_limit:2,random_seed:0,replication:1,num_threads:128}",1
c5100_8.json.gz,1742,c,5,100,LagrangeTemplate,highs,LTFarkas,1,124,1741.066667,1754,0.684150513,1741.2,0.133333333,20,108,0.048534,0.040345,0.095033,931,19182.42881,1.234677419,1,0,"{timeout:3600,max_col_multiplier:1,age_limit:2,random_seed:0,replication:1,num_threads:128}",1
c5100_9.json.gz,1771,c,5,100,LagrangeTemplate,highs,LTFarkas,1,191,1770.145161,1797,1.446855871,1770.612903,0.467741935,23,109,0.089332,0.073195,0.170149,1535,17183.09228,1.500849189,1,0,"{timeout:3600,max_col_multiplier:1,age_limit:2,random_seed:0,replication:1,num_threads:128}",1
c5200_0.json.gz,3525,c,5,200,LagrangeTemplate,highs,LTFarkas,1,260,3524.003226,3587,1.728463897,3524.109677,0.106451613,28,215,0.426748,0.321071,0.763719,2266,5309.925295,1.493167605,1,0,"{timeout:3600,max_col_multiplier:1,age_limit:4,random_seed:0,replication:1,num_threads:128}",1
c5200_1.json.gz,3698,c,5,200,LagrangeTemplate,highs,LTFarkas,1,325,3697.028369,3698,1.60E-12,3697.787234,0.758865248,32,224,0.631615,0.493486,1.146644,3512,5560.349263,2.018465483,1,0,"{timeout:3600,max_col_multiplier:1,age_limit:4,random_seed:0,replication:1,num_threads:128}",1
c5200_2.json.gz,3623,c,5,200,LagrangeTemplate,highs,LTFarkas,1,303,3622.110526,3639,0.439681231,3622.8,0.689473684,14,226,0.426787,0.370712,0.816727,2976,6973.033387,1.674976291,1,0,"{timeout:3600,max_col_multiplier:1,age_limit:4,random_seed:0,replication:1,num_threads:128}",1
c5200_3.json.gz,3298,c,5,200,LagrangeTemplate,highs,LTFarkas,1,359,3297.0625,3300,0.060606061,3297.0625,0,27,209,0.609873,0.442874,1.07336,3032,4971.526859,1.850742804,1,0,"{timeout:3600,max_col_multiplier:1,age_limit:4,random_seed:0,replication:1,num_threads:128}",1
c5200_4.json.gz,3546,c,5,200,LagrangeTemplate,highs,LTFarkas,1,354,3545.021505,3557,0.309249367,3545.462366,0.440860215,25,220,0.595634,0.51328,1.130311,3746,6289.096996,1.909387223,1,0,"{timeout:3600,max_col_multiplier:1,age_limit:4,random_seed:0,replication:1,num_threads:128}",1
c5200_5.json.gz,3594,c,5,200,LagrangeTemplate,highs,LTFarkas,1,364,3593.021327,3603,0.24979184,3593.317536,0.296208531,30,215,0.658191,0.520817,1.203373,4136,6283.890239,2.084166667,1,0,"{timeout:3600,max_col_multiplier:1,age_limit:4,random_seed:0,replication:1,num_threads:128}",1
c5200_6.json.gz,3330,c,5,200,LagrangeTemplate,highs,LTFarkas,1,447,3329.037209,3331,0.030021015,3329.093023,0.055813953,33,225,0.936971,0.618921,1.583975,5682,6064.221838,2.400745712,1,0,"{timeout:3600,max_col_multiplier:1,age_limit:4,random_seed:0,replication:1,num_threads:128}",1
c5200_7.json.gz,3520,c,5,200,LagrangeTemplate,highs,LTFarkas,1,300,3519.1,3529,0.255029753,3519.9,0.8,29,225,0.463598,0.396743,0.878685,3234,6975.871337,1.874537037,1,0,"{timeout:3600,max_col_multiplier:1,age_limit:4,random_seed:0,replication:1,num_threads:128}",1
c5200_8.json.gz,3502,c,5,200,LagrangeTemplate,highs,LTFarkas,1,456,3501.157895,3503,0.02854696,3501.736842,0.578947368,30,227,0.911474,0.62004,1.560772,6852,7517.493642,2.83849681,1,0,"{timeout:3600,max_col_multiplier:1,age_limit:4,random_seed:0,replication:1,num_threads:128}",1
c5200_9.json.gz,3511,c,5,200,LagrangeTemplate,highs,LTFarkas,1,373,3510.347561,3524,0.368898978,3510.804878,0.457317073,29,230,0.586311,0.490104,1.100145,4378,7467.026885,2.146746283,1,0,"{timeout:3600,max_col_multiplier:1,age_limit:4,random_seed:0,replication:1,num_threads:128}",1
c60900_0.json.gz,9328,c,60,900,LagrangeTemplate,highs,LTFarkas,1,226,9327.059879,9337,0.096390704,9327.823695,0.76381632,272,1082,2.710506,0.330141,3.319291,37231,13735.81169,2.673991103,1,0,"{timeout:3600,max_col_multiplier:1,age_limit:2,random_seed:0,replication:1,num_threads:128}",1
c60900_1.json.gz,9321,c,60,900,LagrangeTemplate,highs,LTFarkas,1,203,9320.063447,9328,0.075042882,9320.882197,0.818749461,257,1066,2.062617,0.295813,2.598002,30296,14688.13648,2.356590563,1,0,"{timeout:3600,max_col_multiplier:1,age_limit:2,random_seed:0,replication:1,num_threads:128}",1
c60900_2.json.gz,9357,c,60,900,LagrangeTemplate,highs,LTFarkas,1,187,9356.065162,9380,0.245202559,9356.572305,0.507143142,264,1058,1.698364,0.264897,2.195588,27130,15974.19634,2.294812184,1,0,"{timeout:3600,max_col_multiplier:1,age_limit:2,random_seed:0,replication:1,num_threads:128}",1
c60900_3.json.gz,9329,c,60,900,LagrangeTemplate,highs,LTFarkas,1,200,9328.122081,9347,0.192575158,9328.600062,0.477980863,280,1050,1.946513,0.285982,2.47589,29655,15234.9355,2.364034977,1,0,"{timeout:3600,max_col_multiplier:1,age_limit:2,random_seed:0,replication:1,num_threads:128}",1
c60900_4.json.gz,9349,c,60,900,LagrangeTemplate,highs,LTFarkas,1,208,9348.034856,9361,0.128191433,9348.598915,0.564059353,263,1074,2.14683,0.302298,2.68988,31062,14468.77489,2.385581752,1,0,"{timeout:3600,max_col_multiplier:1,age_limit:2,random_seed:0,replication:1,num_threads:128}",1
c60900_5.json.gz,9320,c,60,900,LagrangeTemplate,highs,LTFarkas,1,200,9319.251836,9339,0.203447907,9319.759643,0.507806593,262,1003,1.703735,0.281008,2.219973,27060,15882.75172,2.168795449,1,0,"{timeout:3600,max_col_multiplier:1,age_limit:2,random_seed:0,replication:1,num_threads:128}",1
c60900_6.json.gz,9313,c,60,900,LagrangeTemplate,highs,LTFarkas,1,203,9312.021891,9327,0.150101855,9312.05637,0.034478887,254,968,1.642628,0.279914,2.164266,26771,16297.66447,2.15596209,1,0,"{timeout:3600,max_col_multiplier:1,age_limit:2,random_seed:0,replication:1,num_threads:128}",1
c60900_7.json.gz,9335,c,60,900,LagrangeTemplate,highs,LTFarkas,1,208,9334.046574,9344,0.096318493,9334.253266,0.206691734,260,1050,2.077213,0.292458,2.59877,30829,14841.52083,2.413506841,1,0,"{timeout:3600,max_col_multiplier:1,age_limit:2,random_seed:0,replication:1,num_threads:128}",1
c60900_8.json.gz,9332,c,60,900,LagrangeTemplate,highs,LTFarkas,1,232,9331.018581,9346,0.149796704,9331.616412,0.59783154,276,1020,2.410297,0.32651,3.013131,36151,14998.56657,2.486191929,1,0,"{timeout:3600,max_col_multiplier:1,age_limit:2,random_seed:0,replication:1,num_threads:128}",1
c60900_9.json.gz,9330,c,60,900,LagrangeTemplate,highs,LTFarkas,1,216,9329.068085,9339,0.096370061,9329.471702,0.403617257,297,1050,2.107784,0.302787,2.659246,30507,14473.49444,2.256783511,1,0,"{timeout:3600,max_col_multiplier:1,age_limit:2,random_seed:0,replication:1,num_threads:128}",1
c801600_0.json.gz,16243,c,80,1600,LagrangeTemplate,highs,LTFarkas,1,273,16243,16251,0.04922774,16243,27.00000003,178,1968,6.316376,0.659867,7.708453,50978,8070.767161,2.162377404,1,0,"{timeout:3600,max_col_multiplier:1,age_limit:2,random_seed:0,replication:1,num_threads:128}",1
c801600_1.json.gz,16265,c,80,1600,LagrangeTemplate,highs,LTFarkas,1,396,16264.13844,16270,0.030731407,16264.38809,0.249652978,365,1809,12.84827,1.013228,14.650477,96650,7522.413523,3.00338584,1,0,"{timeout:3600,max_col_multiplier:1,age_limit:2,random_seed:0,replication:1,num_threads:128}",1
c801600_2.json.gz,16279,c,80,1600,LagrangeTemplate,highs,LTFarkas,1,316,16278.06297,16307,0.171705403,16278.63052,0.567551498,395,1843,7.545386,0.801679,9.147739,66829,8856.935881,2.561757815,1,0,"{timeout:3600,max_col_multiplier:1,age_limit:2,random_seed:0,replication:1,num_threads:128}",1
c801600_3.json.gz,16283,c,80,1600,LagrangeTemplate,highs,LTFarkas,1,367,16282.19444,16288,0.030697446,16282.57303,0.378593746,369,1808,10.11045,0.919642,11.754721,80664,7978.279899,2.674439527,1,0,"{timeout:3600,max_col_multiplier:1,age_limit:2,random_seed:0,replication:1,num_threads:128}",1
c801600_4.json.gz,16268,c,80,1600,LagrangeTemplate,highs,LTFarkas,1,389,16267.08104,16286,0.110524377,16267.81999,0.738948231,368,1876,10.36728,0.957201,12.136286,84870,8186.332384,2.628353222,1,0,"{timeout:3600,max_col_multiplier:1,age_limit:2,random_seed:0,replication:1,num_threads:128}",1
c801600_5.json.gz,16266,c,80,1600,LagrangeTemplate,highs,LTFarkas,1,348,16265.03118,16283,0.104403365,16265.08391,0.052725728,396,1783,8.646568,0.874278,10.282542,74368,8600.869154,2.618514862,1,0,"{timeout:3600,max_col_multiplier:1,age_limit:2,random_seed:0,replication:1,num_threads:128}",1
c801600_6.json.gz,16284,c,80,1600,LagrangeTemplate,highs,LTFarkas,1,344,16283.0199,16300,0.098159509,16283.53911,0.519208987,407,1885,8.963614,0.86364,10.580229,76802,8568.195819,2.711016803,1,0,"{timeout:3600,max_col_multiplier:1,age_limit:2,random_seed:0,replication:1,num_threads:128}",1
c801600_7.json.gz,16238,c,80,1600,LagrangeTemplate,highs,LTFarkas,1,394,16238,16244,0.036936715,16238,4.333333334,287,1939,11.772429,0.941226,13.536651,89950,7640.734125,2.726495004,1,0,"{timeout:3600,max_col_multiplier:1,age_limit:2,random_seed:0,replication:1,num_threads:128}",1
c801600_8.json.gz,16260,c,80,1600,LagrangeTemplate,highs,LTFarkas,1,294,16260,16273,0.079886929,16260,0.999999999,252,1987,7.04632,0.703816,8.493379,59078,8384.234608,2.335477323,1,0,"{timeout:3600,max_col_multiplier:1,age_limit:2,random_seed:0,replication:1,num_threads:128}",1
c801600_9.json.gz,16257,c,80,1600,LagrangeTemplate,highs,LTFarkas,1,348,16256.00663,16272,0.092182891,16256.43692,0.430294342,395,1849,9.21023,0.866718,10.849628,77553,8420.310893,2.7041853,1,0,"{timeout:3600,max_col_multiplier:1,age_limit:2,random_seed:0,replication:1,num_threads:128}",1
d10100_0.json.gz,6122,d,10,100,LagrangeTemplate,highs,LTFarkas,1,116,6121.454011,6244,1.953875721,6121.551966,0.097954477,67,128,0.062522,0.133008,0.204191,2513,40193.85176,1.998683805,1,0,"{timeout:3600,max_col_multiplier:1,age_limit:2,random_seed:0,replication:1,num_threads:128}",1
d10100_1.json.gz,6179,d,10,100,LagrangeTemplate,highs,LTFarkas,1,144,6178.007387,6262,1.325455126,6178.007387,0,68,115,0.090827,0.154876,0.259152,3584,39459.63205,2.355301664,1,0,"{timeout:3600,max_col_multiplier:1,age_limit:2,random_seed:0,replication:1,num_threads:128}",1
d10100_2.json.gz,6176,d,10,100,LagrangeTemplate,highs,LTFarkas,1,137,6175.024228,6320,2.278481013,6175.961269,0.937041668,65,126,0.079797,0.141951,0.231793,3193,40014.03562,2.203111933,1,0,"{timeout:3600,max_col_multiplier:1,age_limit:2,random_seed:0,replication:1,num_threads:128}",1
d10100_3.json.gz,6236,d,10,100,LagrangeTemplate,highs,LTFarkas,1,129,6235.454183,6356,1.887979862,6235.979586,0.525402754,63,137,0.082715,0.134525,0.227807,3006,36341.65508,2.132321275,1,0,"{timeout:3600,max_col_multiplier:1,age_limit:2,random_seed:0,replication:1,num_threads:128}",1
d10100_4.json.gz,6290,d,10,100,LagrangeTemplate,highs,LTFarkas,1,107,6289.397106,6445,2.404965089,6289.732338,0.335232092,65,125,0.070349,0.108153,0.190641,2424,34456.77977,2.128638184,1,0,"{timeout:3600,max_col_multiplier:1,age_limit:2,random_seed:0,replication:1,num_threads:128}",1
d10100_5.json.gz,6212,d,10,100,LagrangeTemplate,highs,LTFarkas,1,115,6211.038902,6353,2.219423894,6211.440787,0.401884924,69,135,0.072091,0.128333,0.213347,2444,33901.59659,1.939013112,1,0,"{timeout:3600,max_col_multiplier:1,age_limit:2,random_seed:0,replication:1,num_threads:128}",1
d10100_6.json.gz,6265,d,10,100,LagrangeTemplate,highs,LTFarkas,1,154,6264.527483,6340,1.1829653,6264.988632,0.461149054,64,136,0.096409,0.145936,0.256371,3820,39622.85679,2.305735931,1,0,"{timeout:3600,max_col_multiplier:1,age_limit:2,random_seed:0,replication:1,num_threads:128}",1
d10100_7.json.gz,6383,d,10,100,LagrangeTemplate,highs,LTFarkas,1,144,6382.714298,6544,2.460268949,6382.996922,0.634993199,69,131,0.085963,0.156897,0.257218,3288,38249.01411,2.198991903,1,0,"{timeout:3600,max_col_multiplier:1,age_limit:2,random_seed:0,replication:1,num_threads:128}",1
d10100_8.json.gz,6271,d,10,100,LagrangeTemplate,highs,LTFarkas,1,120,6270.468715,6528,3.936887255,6270.468715,0,62,129,0.077751,0.140762,0.228209,2724,35034.91917,2.056497507,1,0,"{timeout:3600,max_col_multiplier:1,age_limit:2,random_seed:0,replication:1,num_threads:128}",1
d10100_9.json.gz,6399,d,10,100,LagrangeTemplate,highs,LTFarkas,1,121,6398.514192,6504,1.614391144,6398.621079,0.106886589,71,131,0.068988,0.1033,0.185312,2647,38368.99171,2.037242257,1,0,"{timeout:3600,max_col_multiplier:1,age_limit:2,random_seed:0,replication:1,num_threads:128}",1
d10200_0.json.gz,12480,d,10,200,LagrangeTemplate,highs,LTFarkas,1,277,12479.11094,12748,2.102290555,12479.11094,0,71,213,0.684933,1.11807,1.836333,6224,9087.02019,2.12842244,1,0,"{timeout:3600,max_col_multiplier:1,age_limit:2,random_seed:0,replication:1,num_threads:128}",1
d10200_1.json.gz,12498,d,10,200,LagrangeTemplate,highs,LTFarkas,1,308,12497.07328,12747,1.9534008,12497.53082,0.457535201,78,220,0.908601,1.253025,2.208713,7350,8089.359356,2.23804991,1,0,"{timeout:3600,max_col_multiplier:1,age_limit:2,random_seed:0,replication:1,num_threads:128}",1
d10200_2.json.gz,12556,d,10,200,LagrangeTemplate,highs,LTFarkas,1,358,12555.30385,12682,0.993534143,12555.38944,0.085589645,77,235,1.004775,1.31626,2.372933,8488,8447.662412,2.254164385,1,0,"{timeout:3600,max_col_multiplier:1,age_limit:2,random_seed:0,replication:1,num_threads:128}",1
d10200_3.json.gz,12604,d,10,200,LagrangeTemplate,highs,LTFarkas,1,346,12603.01629,12740,1.067503925,12603.66742,0.651130423,75,234,0.959306,1.368073,2.381942,9026,9408.885173,2.469331367,1,0,"{timeout:3600,max_col_multiplier:1,age_limit:2,random_seed:0,replication:1,num_threads:128}",1
d10200_4.json.gz,12422,d,10,200,LagrangeTemplate,highs,LTFarkas,1,262,12421.39835,12718,2.32740997,12421.69672,0.298372095,78,239,0.698219,1.067013,1.809077,5909,8462.960762,2.095853849,1,0,"{timeout:3600,max_col_multiplier:1,age_limit:2,random_seed:0,replication:1,num_threads:128}",1
d10200_5.json.gz,12404,d,10,200,LagrangeTemplate,highs,LTFarkas,1,290,12403.06486,12604,1.586797842,12403.69225,0.627386092,74,236,0.774857,1.186511,2.006961,6573,8482.855546,2.073109937,1,0,"{timeout:3600,max_col_multiplier:1,age_limit:2,random_seed:0,replication:1,num_threads:128}",1
d10200_6.json.gz,12455,d,10,200,LagrangeTemplate,highs,LTFarkas,1,298,12454.10353,12604,1.182164392,12454.77415,0.67062457,75,234,0.748329,1.133157,1.928451,6353,8489.581454,1.977117434,1,0,"{timeout:3600,max_col_multiplier:1,age_limit:2,random_seed:0,replication:1,num_threads:128}",1
d10200_7.json.gz,12546,d,10,200,LagrangeTemplate,highs,LTFarkas,1,330,12545.09842,12633,0.688672524,12545.29273,0.194315277,79,228,0.911541,1.269907,2.231835,7427,8147.741023,2.108440887,1,0,"{timeout:3600,max_col_multiplier:1,age_limit:2,random_seed:0,replication:1,num_threads:128}",1
d10200_8.json.gz,12727,d,10,200,LagrangeTemplate,highs,LTFarkas,1,300,12726.13083,12939,1.638457377,12726.28301,0.152183089,76,217,0.781105,1.132546,1.960684,6497,8317.703766,2.017037037,1,0,"{timeout:3600,max_col_multiplier:1,age_limit:2,random_seed:0,replication:1,num_threads:128}",1
d10200_9.json.gz,12520,d,10,200,LagrangeTemplate,highs,LTFarkas,1,314,12519.34344,12633,0.894482704,12519.85591,0.512476766,73,237,0.835602,1.187987,2.072452,7967,9534.443431,2.377494692,1,0,"{timeout:3600,max_col_multiplier:1,age_limit:2,random_seed:0,replication:1,num_threads:128}",1
d10400_0.json.gz,24986,d,10,400,LagrangeTemplate,highs,LTFarkas,1,437,24985.00016,25141,0.616522811,24985.01653,0.016363414,87,422,5.477277,6.756809,12.344313,11736,2142.670528,2.436873094,1,0,"{timeout:3600,max_col_multiplier:1,age_limit:4,random_seed:0,replication:1,num_threads:128}",1
d10400_1.json.gz,25061,d,10,400,LagrangeTemplate,highs,LTFarkas,1,513,25060.11725,25229,0.665900353,25060.8419,0.724648903,79,465,6.111865,7.466345,13.697526,15595,2551.594317,2.84762833,1,0,"{timeout:3600,max_col_multiplier:1,age_limit:4,random_seed:0,replication:1,num_threads:128}",1
d10400_2.json.gz,24972,d,10,400,LagrangeTemplate,highs,LTFarkas,1,574,24971.09949,25131,0.632684732,24971.72594,0.626450223,77,458,6.962256,8.014865,15.111821,17999,2585.225249,2.952663456,1,0,"{timeout:3600,max_col_multiplier:1,age_limit:4,random_seed:0,replication:1,num_threads:128}",1
d10400_3.json.gz,24881,d,10,400,LagrangeTemplate,highs,LTFarkas,1,531,24880.01723,24957,0.304523781,24880.13806,0.120829996,76,435,6.372774,8.356162,14.854868,15727,2467.842105,2.756156337,1,0,"{timeout:3600,max_col_multiplier:1,age_limit:4,random_seed:0,replication:1,num_threads:128}",1
d10400_4.json.gz,24752,d,10,400,LagrangeTemplate,highs,LTFarkas,1,735,24751.18654,24780,0.11299435,24751.88321,0.696664205,73,447,10.126388,10.864351,21.134966,36711,3625.280801,4.873420797,1,0,"{timeout:3600,max_col_multiplier:1,age_limit:4,random_seed:0,replication:1,num_threads:128}",1
d10400_5.json.gz,24892,d,10,400,LagrangeTemplate,highs,LTFarkas,1,521,24891.04333,25051,0.634705201,24891.48164,0.438309158,78,460,6.225647,7.767591,14.123224,14676,2357.345349,2.65679312,1,0,"{timeout:3600,max_col_multiplier:1,age_limit:4,random_seed:0,replication:1,num_threads:128}",1
d10400_6.json.gz,24728,d,10,400,LagrangeTemplate,highs,LTFarkas,1,524,24727.03831,24883,0.622915243,24727.72848,0.690163906,81,451,6.226367,8.245969,14.592939,15166,2435.77033,2.728377385,1,0,"{timeout:3600,max_col_multiplier:1,age_limit:4,random_seed:0,replication:1,num_threads:128}",1
d10400_7.json.gz,25078,d,10,400,LagrangeTemplate,highs,LTFarkas,1,529,25077.07286,25279,0.795126389,25077.94678,0.87391785,78,459,5.954919,7.533948,13.60866,14685,2466.028505,2.592815019,1,0,"{timeout:3600,max_col_multiplier:1,age_limit:4,random_seed:0,replication:1,num_threads:128}",1
d10400_8.json.gz,24793,d,10,400,LagrangeTemplate,highs,LTFarkas,1,564,24792.02046,24929,0.54554936,24792.19871,0.178253583,79,424,6.521129,8.668922,15.318848,16453,2523.029371,2.746145728,1,0,"{timeout:3600,max_col_multiplier:1,age_limit:4,random_seed:0,replication:1,num_threads:128}",1
d10400_9.json.gz,24685,d,10,400,LagrangeTemplate,highs,LTFarkas,1,514,24684.0136,24908,0.895294684,24684.43198,0.418383264,80,445,5.856969,8.127527,14.107836,13621,2325.605616,2.451428707,1,0,"{timeout:3600,max_col_multiplier:1,age_limit:4,random_seed:0,replication:1,num_threads:128}",1
d15900_0.json.gz,55332,d,15,900,LagrangeTemplate,highs,LTFarkas,1,936,55331.04785,55706,0.671381898,55331.32347,0.275622016,120,938,42.380353,42.740785,85.499884,61791,1458.010508,4.260193056,1,0,"{timeout:3600,max_col_multiplier:1,age_limit:6,random_seed:0,replication:1,num_threads:128}",1
d15900_1.json.gz,55102,d,15,900,LagrangeTemplate,highs,LTFarkas,1,803,55101.04025,55359,0.46424249,55101.96969,0.929443821,128,1041,33.572674,35.17148,69.043135,45830,1365.098294,3.610360657,1,0,"{timeout:3600,max_col_multiplier:1,age_limit:6,random_seed:0,replication:1,num_threads:128}",1
d15900_2.json.gz,55398,d,15,900,LagrangeTemplate,highs,LTFarkas,1,852,55397.00474,55620,0.399137001,55397.13037,0.12563804,124,994,37.351002,38.276251,75.95356,49818,1333.779479,3.736642443,1,0,"{timeout:3600,max_col_multiplier:1,age_limit:6,random_seed:0,replication:1,num_threads:128}",1
d15900_3.json.gz,55330,d,15,900,LagrangeTemplate,highs,LTFarkas,1,784,55329.04055,55568,0.42830406,55329.91574,0.875182577,118,1052,36.333467,33.745917,70.410946,47424,1305.242905,3.823050385,1,0,"{timeout:3600,max_col_multiplier:1,age_limit:6,random_seed:0,replication:1,num_threads:128}",1
d15900_4.json.gz,55625,d,15,900,LagrangeTemplate,highs,LTFarkas,1,828,55624.00838,55865,0.429607089,55624.92123,0.912841473,123,1060,37.399035,35.438803,73.153535,50456,1349.125719,3.879140787,1,0,"{timeout:3600,max_col_multiplier:1,age_limit:6,random_seed:0,replication:1,num_threads:128}",1
d15900_5.json.gz,55338,d,15,900,LagrangeTemplate,highs,LTFarkas,1,851,55337.03043,55567,0.412115104,55337.42994,0.399514101,121,1023,38.667237,37.448548,76.427846,51816,1340.0492,3.910129635,1,0,"{timeout:3600,max_col_multiplier:1,age_limit:6,random_seed:0,replication:1,num_threads:128}",1
d15900_6.json.gz,55479,d,15,900,LagrangeTemplate,highs,LTFarkas,1,818,55478.00942,55619,0.251712544,55478.51305,0.503631529,128,1023,33.393146,36.258287,69.982761,56403,1689.059186,4.390092752,1,0,"{timeout:3600,max_col_multiplier:1,age_limit:6,random_seed:0,replication:1,num_threads:128}",1
d15900_7.json.gz,55420,d,15,900,LagrangeTemplate,highs,LTFarkas,1,870,55419.0749,55639,0.3936088,55419.37872,0.303823999,116,1032,40.77516,40.434272,81.534031,52117,1278.155622,3.799018959,1,0,"{timeout:3600,max_col_multiplier:1,age_limit:6,random_seed:0,replication:1,num_threads:128}",1
d15900_8.json.gz,55586,d,15,900,LagrangeTemplate,highs,LTFarkas,1,903,55585.00666,55745,0.285227375,55585.0713,0.064640971,119,936,40.577345,40.351437,81.263359,58545,1442.800163,4.207471497,1,0,"{timeout:3600,max_col_multiplier:1,age_limit:6,random_seed:0,replication:1,num_threads:128}",1
d15900_9.json.gz,55199,d,15,900,LagrangeTemplate,highs,LTFarkas,1,944,55198.12559,55504,0.549509945,55198.82681,0.70122466,123,1022,43.582305,41.587758,85.554091,68147,1563.639188,4.635970831,1,0,"{timeout:3600,max_col_multiplier:1,age_limit:6,random_seed:0,replication:1,num_threads:128}",1
d20100_0.json.gz,6217,d,20,100,LagrangeTemplate,highs,LTFarkas,1,69,6216.011849,6527,4.749502068,6216.532583,0.52073395,104,155,0.060588,0.054294,0.136154,3430,56611.87034,2.310474321,1,0,"{timeout:3600,max_col_multiplier:1,age_limit:2,random_seed:0,replication:1,num_threads:128}",1
d20100_1.json.gz,6166,d,20,100,LagrangeTemplate,highs,LTFarkas,1,71,6165.673875,6416,3.896508728,6165.999146,0.325270761,104,159,0.060223,0.054285,0.128319,3358,55759.42746,2.470311936,1,0,"{timeout:3600,max_col_multiplier:1,age_limit:2,random_seed:0,replication:1,num_threads:128}",1
d20100_2.json.gz,6192,d,20,100,LagrangeTemplate,highs,LTFarkas,1,80,6191.111251,6392,3.128911139,6191.117197,0.005945511,101,146,0.068948,0.05723,0.141,3858,55955.21262,2.409265296,1,0,"{timeout:3600,max_col_multiplier:1,age_limit:2,random_seed:0,replication:1,num_threads:128}",1
d20100_3.json.gz,6173,d,20,100,LagrangeTemplate,highs,LTFarkas,1,73,6172.016057,6615,6.681783825,6172.072916,0.056859072,104,135,0.059156,0.053241,0.125742,3388,57272.29698,2.366942713,1,0,"{timeout:3600,max_col_multiplier:1,age_limit:2,random_seed:0,replication:1,num_threads:128}",1
d20100_4.json.gz,6175,d,20,100,LagrangeTemplate,highs,LTFarkas,1,84,6174.541131,6299,1.968566439,6174.948526,0.407394252,97,143,0.075407,0.066832,0.157604,4222,55989.497,2.526947201,1,0,"{timeout:3600,max_col_multiplier:1,age_limit:2,random_seed:0,replication:1,num_threads:128}",1
d20100_5.json.gz,6209,d,20,100,LagrangeTemplate,highs,LTFarkas,1,73,6208.91747,6485,4.255975328,6208.932233,0.014763437,109,158,0.06033,0.055805,0.130077,3470,57516.98989,2.253134677,1,0,"{timeout:3600,max_col_multiplier:1,age_limit:2,random_seed:0,replication:1,num_threads:128}",1
d20100_6.json.gz,6082,d,20,100,LagrangeTemplate,highs,LTFarkas,1,69,6081.199995,6290,3.306836248,6081.629609,0.42961364,105,151,0.058065,0.055572,0.127175,3360,57866.18445,2.399315997,1,0,"{timeout:3600,max_col_multiplier:1,age_limit:2,random_seed:0,replication:1,num_threads:128}",1
d20100_7.json.gz,6124,d,20,100,LagrangeTemplate,highs,LTFarkas,1,87,6123.057565,6315,3.024544735,6123.319747,0.262182292,96,145,0.071647,0.064419,0.151112,3896,54377.71295,2.315113666,1,0,"{timeout:3600,max_col_multiplier:1,age_limit:2,random_seed:0,replication:1,num_threads:128}",1
d20100_8.json.gz,6096,d,20,100,LagrangeTemplate,highs,LTFarkas,1,75,6095.288235,6293,3.130462419,6095.48871,0.200474933,102,145,0.06372,0.059056,0.138284,3805,59714.37539,2.430788984,1,0,"{timeout:3600,max_col_multiplier:1,age_limit:2,random_seed:0,replication:1,num_threads:128}",1
d20100_9.json.gz,6266,d,20,100,LagrangeTemplate,highs,LTFarkas,1,74,6265.126225,6543,4.233532019,6265.159906,0.033681333,98,133,0.056217,0.051314,0.120537,3168,56353.06046,2.150717482,1,0,"{timeout:3600,max_col_multiplier:1,age_limit:2,random_seed:0,replication:1,num_threads:128}",1
d201600_0.json.gz,97964,d,20,1600,LagrangeTemplate,highs,LTFarkas,1,1245,97963.08534,98226.99996,0.267747115,97963.86381,0.778468898,167,1892,289.542317,115.556052,405.972105,148504,512.892214,5.801178398,1,0,"{timeout:3600,max_col_multiplier:1,age_limit:8,random_seed:0,replication:1,num_threads:128}",1
d201600_1.json.gz,98160,d,20,1600,LagrangeTemplate,highs,LTFarkas,1,1164,98159.06168,98513,0.358328342,98159.98089,0.919210974,169,1848,299.521397,110.926614,411.277274,136583,456.0041498,5.672997679,1,0,"{timeout:3600,max_col_multiplier:1,age_limit:8,random_seed:0,replication:1,num_threads:128}",1
d201600_2.json.gz,97854,d,20,1600,LagrangeTemplate,highs,LTFarkas,1,1026,97853.11529,98111,0.261948202,97853.84484,0.729551482,169,1853,253.508343,96.938964,351.207023,106332,419.441817,4.991459665,1,0,"{timeout:3600,max_col_multiplier:1,age_limit:8,random_seed:0,replication:1,num_threads:128}",1
d201600_3.json.gz,97863,d,20,1600,LagrangeTemplate,highs,LTFarkas,1,1181,97862.00514,98139,0.28123376,97862.44135,0.436207714,153,1803,311.696828,109.489688,422.072623,127959,410.5239082,5.242589391,1,0,"{timeout:3600,max_col_multiplier:1,age_limit:8,random_seed:0,replication:1,num_threads:128}",1
d201600_4.json.gz,98244,d,20,1600,LagrangeTemplate,highs,LTFarkas,1,1088,98243.01474,98585,0.345894406,98243.36038,0.345644641,174,1907,277.067538,103.83033,381.649406,114723,414.0614986,5.074302248,1,0,"{timeout:3600,max_col_multiplier:1,age_limit:8,random_seed:0,replication:1,num_threads:128}",1
d201600_5.json.gz,97999,d,20,1600,LagrangeTemplate,highs,LTFarkas,1,1257,97998.00796,98390,0.39739811,97998.20028,0.192315934,153,1817,356.032029,115.827054,472.785608,144316,405.3455539,5.577008313,1,0,"{timeout:3600,max_col_multiplier:1,age_limit:8,random_seed:0,replication:1,num_threads:128}",1
d201600_6.json.gz,97889,d,20,1600,LagrangeTemplate,highs,LTFarkas,1,1037,97888.06246,98215,0.331924859,97888.53862,0.47616143,166,1784,271.151439,92.996086,364.889008,101871,375.6978033,4.702812066,1,0,"{timeout:3600,max_col_multiplier:1,age_limit:8,random_seed:0,replication:1,num_threads:128}",1
d201600_7.json.gz,98160,d,20,1600,LagrangeTemplate,highs,LTFarkas,1,1066,98159.03926,98525,0.370464349,98159.61177,0.572515052,169,1864,290.73892,102.749641,394.254107,113112,389.0500797,5.089030344,1,0,"{timeout:3600,max_col_multiplier:1,age_limit:8,random_seed:0,replication:1,num_threads:128}",1
d201600_8.json.gz,97901,d,20,1600,LagrangeTemplate,highs,LTFarkas,1,1287,97900.00006,98233,0.337971965,97900.01679,0.016728944,165,1634,382.764149,118.219875,501.770661,132200,345.3823989,5.197333192,1,0,"{timeout:3600,max_col_multiplier:1,age_limit:8,random_seed:0,replication:1,num_threads:128}",1
d201600_9.json.gz,97781,d,20,1600,LagrangeTemplate,highs,LTFarkas,1,1263,97780.00521,98142,0.367834362,97780.13328,0.128063196,174,1714,324.099009,119.092858,444.055223,143566,442.9695742,5.529554345,1,0,"{timeout:3600,max_col_multiplier:1,age_limit:8,random_seed:0,replication:1,num_threads:128}",1
d20200_0.json.gz,12141,d,20,200,LagrangeTemplate,highs,LTFarkas,1,195,12140.09915,12475,2.677354709,12140.1126,0.013449472,136,251,0.667641,0.524883,1.235274,10802,16179.35387,2.684866133,1,0,"{timeout:3600,max_col_multiplier:1,age_limit:2,random_seed:0,replication:1,num_threads:128}",1
d20200_1.json.gz,12369,d,20,200,LagrangeTemplate,highs,LTFarkas,1,181,12368.03615,12581,1.685080677,12368.04469,0.008532492,136,246,0.559995,0.41306,1.025012,9980,17821.58769,2.682139687,1,0,"{timeout:3600,max_col_multiplier:1,age_limit:2,random_seed:0,replication:1,num_threads:128}",1
d20200_2.json.gz,12351,d,20,200,LagrangeTemplate,highs,LTFarkas,1,176,12350.07896,12678,2.579271178,12350.29897,0.220012351,150,239,0.503244,0.425722,0.974354,10197,20262.53666,2.894589282,1,0,"{timeout:3600,max_col_multiplier:1,age_limit:2,random_seed:0,replication:1,num_threads:128}",1
d20200_3.json.gz,12148,d,20,200,LagrangeTemplate,highs,LTFarkas,1,186,12147.04386,12264,0.945857795,12147.29925,0.255391499,140,254,0.614404,0.470393,1.133308,10251,16684.46169,2.667593868,1,0,"{timeout:3600,max_col_multiplier:1,age_limit:2,random_seed:0,replication:1,num_threads:128}",1
d20200_4.json.gz,12205,d,20,200,LagrangeTemplate,highs,LTFarkas,1,164,12204.26216,12404,1.604321187,12204.75134,0.489179336,145,262,0.597908,0.41876,1.066358,10284,17199.97056,2.996717935,1,0,"{timeout:3600,max_col_multiplier:1,age_limit:2,random_seed:0,replication:1,num_threads:128}",1
d20200_5.json.gz,12341,d,20,200,LagrangeTemplate,highs,LTFarkas,1,193,12340.10784,12698,2.811466373,12340.55053,0.442690608,132,255,0.624279,0.478253,1.15429,10895,17452.13278,2.79485186,1,0,"{timeout:3600,max_col_multiplier:1,age_limit:2,random_seed:0,replication:1,num_threads:128}",1
d20200_6.json.gz,12302,d,20,200,LagrangeTemplate,highs,LTFarkas,1,175,12301.0891,12466,1.315578373,12301.62495,0.535856597,142,265,0.578764,0.410777,1.038829,10099,17449.25393,2.794845864,1,0,"{timeout:3600,max_col_multiplier:1,age_limit:2,random_seed:0,replication:1,num_threads:128}",1
d20200_7.json.gz,12190,d,20,200,LagrangeTemplate,highs,LTFarkas,1,176,12189.10559,12416,1.820231959,12189.42358,0.317989066,138,255,0.575306,0.461087,1.085134,10279,17867.01338,2.830426819,1,0,"{timeout:3600,max_col_multiplier:1,age_limit:2,random_seed:0,replication:1,num_threads:128}",1
d20200_8.json.gz,12345,d,20,200,LagrangeTemplate,highs,LTFarkas,1,174,12344.09372,12513,1.342603692,12344.93971,0.845991927,131,282,0.555834,0.42672,1.032043,10207,18363.39627,2.813499435,1,0,"{timeout:3600,max_col_multiplier:1,age_limit:2,random_seed:0,replication:1,num_threads:128}",1
d20200_9.json.gz,12203,d,20,200,LagrangeTemplate,highs,LTFarkas,1,237,12202.07607,12301,0.796683196,12202.44098,0.36490005,141,254,0.831729,0.596871,1.485641,13137,15794.80816,2.791060544,1,0,"{timeout:3600,max_col_multiplier:1,age_limit:2,random_seed:0,replication:1,num_threads:128}",1
d20400_0.json.gz,24490,d,20,400,LagrangeTemplate,highs,LTFarkas,1,369,24489.04547,24738,1.002506266,24489.16838,0.122912129,154,433,2.972383,3.278761,6.372682,20677,6956.371369,2.6868156,1,0,"{timeout:3600,max_col_multiplier:1,age_limit:2,random_seed:0,replication:1,num_threads:128}",1
d20400_1.json.gz,24763,d,20,400,LagrangeTemplate,highs,LTFarkas,1,416,24762.01851,24946,0.733584543,24762.02692,0.008412547,149,431,3.608503,3.479,7.218282,24255,6721.623898,2.816035532,1,0,"{timeout:3600,max_col_multiplier:1,age_limit:2,random_seed:0,replication:1,num_threads:128}",1
d20400_2.json.gz,24217,d,20,400,LagrangeTemplate,highs,LTFarkas,1,408,24216.03371,24483,1.086468162,24216.6176,0.583891914,155,478,3.45167,3.586985,7.170384,21577,6251.176967,2.536835942,1,0,"{timeout:3600,max_col_multiplier:1,age_limit:2,random_seed:0,replication:1,num_threads:128}",1
d20400_3.json.gz,24590,d,20,400,LagrangeTemplate,highs,LTFarkas,1,486,24589.20993,24751,0.650478769,24589.92701,0.717078202,150,483,4.24608,4.290993,8.682841,28546,6722.906775,2.830733239,1,0,"{timeout:3600,max_col_multiplier:1,age_limit:2,random_seed:0,replication:1,num_threads:128}",1
d20400_4.json.gz,24575,d,20,400,LagrangeTemplate,highs,LTFarkas,1,363,24574.09881,24898,1.297292955,24574.34899,0.250173777,154,472,3.060788,3.249637,6.434618,20958,6847.256327,2.744326463,1,0,"{timeout:3600,max_col_multiplier:1,age_limit:2,random_seed:0,replication:1,num_threads:128}",1
d20400_5.json.gz,24408,d,20,400,LagrangeTemplate,highs,LTFarkas,1,347,24407.04788,24599,0.776454327,24407.7004,0.652522453,152,489,2.673351,2.964717,5.757047,18980,7099.703705,2.587417483,1,0,"{timeout:3600,max_col_multiplier:1,age_limit:2,random_seed:0,replication:1,num_threads:128}",1
d20400_6.json.gz,24747,d,20,400,LagrangeTemplate,highs,LTFarkas,1,365,24746.03479,25065,1.268701376,24746.19782,0.163026743,148,458,2.909363,3.115541,6.153512,19860,6826.236534,2.603828304,1,0,"{timeout:3600,max_col_multiplier:1,age_limit:2,random_seed:0,replication:1,num_threads:128}",1
d20400_7.json.gz,24390,d,20,400,LagrangeTemplate,highs,LTFarkas,1,393,24389.26756,24646,1.038708107,24389.52293,0.255362597,164,469,3.584766,3.578011,7.292565,23535,6565.282085,2.880121235,1,0,"{timeout:3600,max_col_multiplier:1,age_limit:2,random_seed:0,replication:1,num_threads:128}",1
d20400_8.json.gz,24712,d,20,400,LagrangeTemplate,highs,LTFarkas,1,364,24711.08734,24871,0.639298782,24711.75399,0.666654745,159,482,3.026612,3.262192,6.416269,20667,6828.427298,2.707358324,1,0,"{timeout:3600,max_col_multiplier:1,age_limit:2,random_seed:0,replication:1,num_threads:128}",1
d20400_9.json.gz,24250,d,20,400,LagrangeTemplate,highs,LTFarkas,1,390,24249.08461,24668,1.694503,24249.41534,0.33072518,146,473,3.281308,3.498214,6.907817,22731,6927.420407,2.796139103,1,0,"{timeout:3600,max_col_multiplier:1,age_limit:2,random_seed:0,replication:1,num_threads:128}",1
d30900_0.json.gz,54996,d,30,900,LagrangeTemplate,highs,LTFarkas,1,631,54995.082,55559,1.013337173,54995.47124,0.389237014,231,1044,18.254223,17.75075,36.404965,89365,4895.579505,4.591332426,1,0,"{timeout:3600,max_col_multiplier:1,age_limit:3,random_seed:0,replication:1,num_threads:128}",1
d30900_1.json.gz,54867,d,30,900,LagrangeTemplate,highs,LTFarkas,1,557,54867,55370,0.90843417,54867,23.00000001,205,1098,14.361689,14.560554,29.292966,64607,4498.565594,3.713640132,1,0,"{timeout:3600,max_col_multiplier:1,age_limit:3,random_seed:0,replication:1,num_threads:128}",1
d30900_2.json.gz,54971,d,30,900,LagrangeTemplate,highs,LTFarkas,1,521,54971,55525,0.997748762,54971,9.999999916,215,1088,13.436037,13.453625,27.260942,61458,4574.116609,3.776711452,1,0,"{timeout:3600,max_col_multiplier:1,age_limit:3,random_seed:0,replication:1,num_threads:128}",1
d30900_3.json.gz,54978,d,30,900,LagrangeTemplate,highs,LTFarkas,1,511,54978,55334,0.643365743,54978,41,213,1088,12.424146,12.819897,25.582493,59646,4800.812869,3.721933955,1,0,"{timeout:3600,max_col_multiplier:1,age_limit:3,random_seed:0,replication:1,num_threads:128}",1
d30900_4.json.gz,54923,d,30,900,LagrangeTemplate,highs,LTFarkas,1,558,54922.01935,55242,0.57745918,54922.86923,0.849885944,226,1072,15.727675,16.216344,32.341371,67174,4271.069945,3.867135749,1,0,"{timeout:3600,max_col_multiplier:1,age_limit:3,random_seed:0,replication:1,num_threads:128}",1
d30900_5.json.gz,54872,d,30,900,LagrangeTemplate,highs,LTFarkas,1,589,54871.00151,55519,1.165366811,54871.24237,0.240856306,236,1016,16.01751,16.717029,33.127346,72238,4509.939435,3.958250955,1,0,"{timeout:3600,max_col_multiplier:1,age_limit:3,random_seed:0,replication:1,num_threads:128}",1
d30900_6.json.gz,54760,d,30,900,LagrangeTemplate,highs,LTFarkas,1,629,54759.01873,55216,0.82584758,54759.80699,0.78825238,236,1064,17.744743,17.743035,35.888529,81520,4594.036668,4.177283407,1,0,"{timeout:3600,max_col_multiplier:1,age_limit:3,random_seed:0,replication:1,num_threads:128}",1
d30900_7.json.gz,54707,d,30,900,LagrangeTemplate,highs,LTFarkas,1,610,54706.14373,55167,0.83383182,54706.80687,0.663140404,214,1063,17.160945,17.739073,35.297693,76323,4447.48235,4.032915703,1,0,"{timeout:3600,max_col_multiplier:1,age_limit:3,random_seed:0,replication:1,num_threads:128}",1
d30900_8.json.gz,54638,d,30,900,LagrangeTemplate,highs,LTFarkas,1,651,54637.02395,54956,0.578644734,54637.39982,0.37587066,222,1032,17.436522,18.149991,35.997596,78450,4499.177072,3.879470813,1,0,"{timeout:3600,max_col_multiplier:1,age_limit:3,random_seed:0,replication:1,num_threads:128}",1
d30900_9.json.gz,54795,d,30,900,LagrangeTemplate,highs,LTFarkas,1,624,54794.00611,55358,1.017016511,54794.94864,0.942534087,215,1084,17.145322,17.9334,35.465342,75969,4430.887912,3.927227972,1,0,"{timeout:3600,max_col_multiplier:1,age_limit:3,random_seed:0,replication:1,num_threads:128}",1
d401600_0.json.gz,97554,d,40,1600,LagrangeTemplate,highs,LTFarkas,1,722,97554,98322,0.781106975,97554,188.8500002,296,1947,91.412383,40.951844,133.669263,239635,2621.471973,8.119907466,1,0,"{timeout:3600,max_col_multiplier:1,age_limit:4,random_seed:0,replication:1,num_threads:128}",1
d401600_1.json.gz,97353,d,40,1600,LagrangeTemplate,highs,LTFarkas,1,701,97353,97770,0.4265112,97353,225,291,1972,65.901436,45.656162,112.47455,132051,2003.765138,4.54359194,1,0,"{timeout:3600,max_col_multiplier:1,age_limit:4,random_seed:0,replication:1,num_threads:128}",1
d401600_2.json.gz,97374,d,40,1600,LagrangeTemplate,highs,LTFarkas,1,600,97374,98031,0.670196162,97374,203.6380978,279,1952,51.628321,34.634926,87.148001,108537,2102.276384,4.313179881,1,0,"{timeout:3600,max_col_multiplier:1,age_limit:4,random_seed:0,replication:1,num_threads:128}",1
d401600_3.json.gz,97176,d,40,1600,LagrangeTemplate,highs,LTFarkas,1,670,97176,97854,0.692868968,97176,259.1250002,274,1941,65.994207,39.537964,106.469609,136747,2072.106117,4.911377991,1,0,"{timeout:3600,max_col_multiplier:1,age_limit:4,random_seed:0,replication:1,num_threads:128}",1
d401600_4.json.gz,97245,d,40,1600,LagrangeTemplate,highs,LTFarkas,1,586,97245,97778,0.545112397,97245,225.0000001,276,1947,65.362209,36.960571,103.19637,117127,1791.9682,4.81632537,1,0,"{timeout:3600,max_col_multiplier:1,age_limit:4,random_seed:100,replication:1,num_threads:128}",1
d401600_5.json.gz,97304,d,40,1600,LagrangeTemplate,highs,LTFarkas,1,608,97304,97752,0.458302643,97304,75.00000007,292,1946,57.120926,35.66939,93.721817,122268,2140.511518,4.810531008,1,0,"{timeout:3600,max_col_multiplier:1,age_limit:4,random_seed:0,replication:1,num_threads:128}",1
d401600_6.json.gz,97257,d,40,1600,LagrangeTemplate,highs,LTFarkas,1,674,97257,97967,0.724733839,97257,213.0833334,285,1921,64.785932,38.431812,104.16766,123445,1905.429098,4.402964037,1,0,"{timeout:3600,max_col_multiplier:1,age_limit:4,random_seed:0,replication:1,num_threads:128}",1
d401600_7.json.gz,97190,d,40,1600,LagrangeTemplate,highs,LTFarkas,1,599,97190,97706,0.528114957,97190,147.7500002,278,1952,56.772128,35.093893,92.764542,118158,2081.267766,4.7201899,1,0,"{timeout:3600,max_col_multiplier:1,age_limit:4,random_seed:0,replication:1,num_threads:128}",1
d401600_8.json.gz,97325,d,40,1600,LagrangeTemplate,highs,LTFarkas,1,606,97325,97897,0.584287568,97325,300.416204,266,1955,62.072379,39.024232,101.974809,121394,1955.684669,4.799195545,1,0,"{timeout:3600,max_col_multiplier:1,age_limit:4,random_seed:0,replication:1,num_threads:128}",1
d401600_9.json.gz,96793,d,40,1600,LagrangeTemplate,highs,LTFarkas,1,613,96792.21111,97435,0.658900806,96793,424.0000087,270,1980,67.484552,35.749473,104.116598,137861,2042.852711,5.417241028,1,0,"{timeout:3600,max_col_multiplier:1,age_limit:4,random_seed:0,replication:1,num_threads:128}",1
d40400_0.json.gz,24340,d,40,400,LagrangeTemplate,highs,LTFarkas,1,225,24339.09681,24899,2.245070083,24339.70849,0.611679266,268,535,1.752169,1.109221,3.020088,33796,19288.09379,3.681501788,1,0,"{timeout:3600,max_col_multiplier:1,age_limit:2,random_seed:0,replication:1,num_threads:128}",1
d40400_1.json.gz,24317,d,40,400,LagrangeTemplate,highs,LTFarkas,1,270,24316.00351,25072,3.011327377,24316.67714,0.673627426,261,529,2.23094,1.342605,3.714711,42116,18878.14105,3.904598902,1,0,"{timeout:3600,max_col_multiplier:1,age_limit:2,random_seed:0,replication:1,num_threads:128}",1
d40400_2.json.gz,24358,d,40,400,LagrangeTemplate,highs,LTFarkas,1,262,24357.02446,25197,3.32976148,24357.50294,0.478480818,269,504,2.425049,1.329685,3.908625,39373,16235.96059,3.690311567,1,0,"{timeout:3600,max_col_multiplier:1,age_limit:2,random_seed:0,replication:1,num_threads:128}",1
d40400_3.json.gz,24409,d,40,400,LagrangeTemplate,highs,LTFarkas,1,225,24408.03952,25016,2.426447074,24408.06414,0.024625224,276,478,1.981796,1.213297,3.330873,35302,17813.13516,3.967901418,1,0,"{timeout:3600,max_col_multiplier:1,age_limit:2,random_seed:0,replication:1,num_threads:128}",1
d40400_4.json.gz,24369,d,40,400,LagrangeTemplate,highs,LTFarkas,1,263,24368.02277,25099,2.90848241,24368.26367,0.240901945,268,510,2.177054,1.277216,3.611935,38930,17881.96342,3.7016468,1,0,"{timeout:3600,max_col_multiplier:1,age_limit:2,random_seed:0,replication:1,num_threads:128}",1
d40400_5.json.gz,24457,d,40,400,LagrangeTemplate,highs,LTFarkas,1,231,24456.05635,25071,2.449044713,24456.18138,0.125026042,271,485,2.035246,1.133955,3.324351,36144,17759.03257,3.874722106,1,0,"{timeout:3600,max_col_multiplier:1,age_limit:2,random_seed:0,replication:1,num_threads:128}",1
d40400_6.json.gz,24381,d,40,400,LagrangeTemplate,highs,LTFarkas,1,229,24380.32054,24795,1.66969147,24380.88277,0.562231274,293,529,2.035139,1.150096,3.330688,34276,16842.09285,3.665295746,1,0,"{timeout:3600,max_col_multiplier:1,age_limit:2,random_seed:0,replication:1,num_threads:128}",1
d40400_7.json.gz,24271,d,40,400,LagrangeTemplate,highs,LTFarkas,1,256,24270.04236,24856,2.353556485,24270.23373,0.191376827,253,502,2.175223,1.310157,3.647169,37109,17059.86007,3.645769087,1,0,"{timeout:3600,max_col_multiplier:1,age_limit:2,random_seed:0,replication:1,num_threads:128}",1
d40400_8.json.gz,24293,d,40,400,LagrangeTemplate,highs,LTFarkas,1,303,24292.04274,24485,0.784153563,24292.48453,0.441785216,268,528,2.721454,1.565471,4.449988,43360,15932.65953,3.589783656,1,0,"{timeout:3600,max_col_multiplier:1,age_limit:2,random_seed:0,replication:1,num_threads:128}",1
d40400_9.json.gz,24425,d,40,400,LagrangeTemplate,highs,LTFarkas,1,225,24424.32638,25038,2.448278617,24424.88573,0.559343686,268,545,1.900263,1.103384,3.144724,34356,18079.60267,3.740555773,1,0,"{timeout:3600,max_col_multiplier:1,age_limit:2,random_seed:0,replication:1,num_threads:128}",1
d5100_0.json.gz,6337,d,5,100,LagrangeTemplate,highs,LTFarkas,1,202,6336.068627,6438,1.568810189,6336.803922,0.735294118,31,110,0.134798,0.316855,0.463436,1833,13598.1246,1.583663366,1,0,"{timeout:3600,max_col_multiplier:1,age_limit:2,random_seed:0,replication:1,num_threads:128}",1
d5100_1.json.gz,6619,d,5,100,LagrangeTemplate,highs,LTFarkas,1,256,6618.043712,6676,0.853804673,6618.778887,0.735174803,41,113,0.186533,0.35871,0.560086,2580,13831.33279,1.853342014,1,0,"{timeout:3600,max_col_multiplier:1,age_limit:2,random_seed:0,replication:1,num_threads:128}",1
d5100_2.json.gz,6529,d,5,100,LagrangeTemplate,highs,LTFarkas,1,219,6528.047619,6614,1.285152706,6528.095238,0.047619048,33,111,0.197257,0.339864,0.552099,2130,10798.09589,1.782302477,1,0,"{timeout:3600,max_col_multiplier:1,age_limit:2,random_seed:0,replication:1,num_threads:128}",1
d5100_3.json.gz,6626,d,5,100,LagrangeTemplate,highs,LTFarkas,1,214,6625.033119,6707,1.207693455,6625.071637,0.038517654,35,108,0.174752,0.310948,0.498901,1946,11135.78099,1.606591617,1,0,"{timeout:3600,max_col_multiplier:1,age_limit:2,random_seed:0,replication:1,num_threads:128}",1
d5100_4.json.gz,6560,d,5,100,LagrangeTemplate,highs,LTFarkas,1,206,6559.09919,6603,0.651219143,6559.580297,0.481106613,37,113,0.18096,0.336438,0.531661,2204,12179.48718,1.964748715,1,0,"{timeout:3600,max_col_multiplier:1,age_limit:2,random_seed:0,replication:1,num_threads:128}",1
d5100_5.json.gz,6474,d,5,100,LagrangeTemplate,highs,LTFarkas,1,287,6473.081583,6577,1.566063555,6473.986925,0.905342247,36,124,0.279554,0.476379,0.77532,3039,10870.8872,1.966914793,1,0,"{timeout:3600,max_col_multiplier:1,age_limit:2,random_seed:0,replication:1,num_threads:128}",1
d5100_6.json.gz,6249,d,5,100,LagrangeTemplate,highs,LTFarkas,1,195,6248.394086,6326,1.217198862,6248.94138,0.547293792,37,117,0.157978,0.317409,0.488793,1746,11052.17182,1.567752368,1,0,"{timeout:3600,max_col_multiplier:1,age_limit:2,random_seed:0,replication:1,num_threads:128}",1
d5100_7.json.gz,6290,d,5,100,LagrangeTemplate,highs,LTFarkas,1,202,6289.090152,6372,1.2868801,6289.76574,0.675587947,36,113,0.160326,0.314194,0.488124,1920,11975.59972,1.644430693,1,0,"{timeout:3600,max_col_multiplier:1,age_limit:2,random_seed:0,replication:1,num_threads:128}",1
d5100_8.json.gz,6282,d,5,100,LagrangeTemplate,highs,LTFarkas,1,292,6281.411831,6322,0.632711167,6281.640043,0.228211991,42,116,0.265691,0.402009,0.684263,3579,13470.53532,2.452054795,1,0,"{timeout:3600,max_col_multiplier:1,age_limit:2,random_seed:0,replication:1,num_threads:128}",1
d5100_9.json.gz,6545,d,5,100,LagrangeTemplate,highs,LTFarkas,1,255,6544.068807,6590,0.682852807,6544.068807,0,37,111,0.25368,0.393042,0.663838,2495,9835.225481,1.817867647,1,0,"{timeout:3600,max_col_multiplier:1,age_limit:2,random_seed:0,replication:1,num_threads:128}",1
d5200_0.json.gz,12450,d,5,200,LagrangeTemplate,highs,LTFarkas,1,425,12449.16306,12641,1.510956412,12449.75835,0.595284872,38,230,1.580396,3.258349,4.884518,5188,3282.721546,2.208906743,1,0,"{timeout:3600,max_col_multiplier:1,age_limit:4,random_seed:0,replication:1,num_threads:128}",1
d5200_1.json.gz,12510,d,5,200,LagrangeTemplate,highs,LTFarkas,1,437,12509.02857,12574,0.508986798,12509.35714,0.328571429,36,214,1.686444,3.080529,4.812437,5359,3177.692233,2.345614035,1,0,"{timeout:3600,max_col_multiplier:1,age_limit:4,random_seed:0,replication:1,num_threads:128}",1
d5200_2.json.gz,12684,d,5,200,LagrangeTemplate,highs,LTFarkas,1,501,12683.0859,12733,0.384826828,12683.78603,0.700132902,45,239,2.21867,3.086758,5.35571,9089,4096.598413,3.456287425,1,0,"{timeout:3600,max_col_multiplier:1,age_limit:4,random_seed:0,replication:1,num_threads:128}",1
d5200_3.json.gz,12597,d,5,200,LagrangeTemplate,highs,LTFarkas,1,459,12596.06972,12671,0.584010733,12596.78597,0.71625,39,225,1.93394,3.47867,5.460122,8030,4152.145361,3.290633944,1,0,"{timeout:3600,max_col_multiplier:1,age_limit:4,random_seed:0,replication:1,num_threads:128}",1
d5200_4.json.gz,12573,d,5,200,LagrangeTemplate,highs,LTFarkas,1,437,12572.00044,12638,0.514321886,12572.88445,0.884015276,41,226,1.743484,2.619166,4.408612,7860,4508.214586,3.367538167,1,0,"{timeout:3600,max_col_multiplier:1,age_limit:4,random_seed:0,replication:1,num_threads:128}",1
d5200_5.json.gz,12760,d,5,200,LagrangeTemplate,highs,LTFarkas,1,405,12759.10345,12834,0.576593424,12759.61755,0.514106583,39,239,1.569285,2.863543,4.478186,4910,3128.813441,2.167552523,1,0,"{timeout:3600,max_col_multiplier:1,age_limit:4,random_seed:0,replication:1,num_threads:128}",1
d5200_6.json.gz,12939,d,5,200,LagrangeTemplate,highs,LTFarkas,1,595,12938.07278,12940,0.007727974,12938.19937,0.126582278,42,228,3.061319,4.479043,7.597434,13587,4438.282975,4.432881152,1,0,"{timeout:3600,max_col_multiplier:1,age_limit:4,random_seed:0,replication:1,num_threads:128}",1
d5200_7.json.gz,12748,d,5,200,LagrangeTemplate,highs,LTFarkas,1,395,12747.03079,12890,1.10162917,12747.69998,0.669186938,40,240,1.536782,2.66731,4.246796,5002,3254.853323,2.318667011,1,0,"{timeout:3600,max_col_multiplier:1,age_limit:4,random_seed:0,replication:1,num_threads:128}",1
d5200_8.json.gz,12759,d,5,200,LagrangeTemplate,highs,LTFarkas,1,376,12758.03015,12912,1.184944238,12758.30317,0.273012577,45,223,1.508823,2.639253,4.189327,3632,2407.174334,1.67808384,1,0,"{timeout:3600,max_col_multiplier:1,age_limit:4,random_seed:0,replication:1,num_threads:128}",1
d5200_9.json.gz,12773,d,5,200,LagrangeTemplate,highs,LTFarkas,1,419,12772.21304,12917,1.11480994,12772.48411,0.27107003,38,225,1.528733,2.68803,4.261291,4968,3249.749956,2.132022778,1,0,"{timeout:3600,max_col_multiplier:1,age_limit:4,random_seed:0,replication:1,num_threads:128}",1
d60900_0.json.gz,54617,d,60,900,LagrangeTemplate,highs,LTFarkas,1,299,54617,55500,1.590990991,54617,147.000157,402,1262,6.97217,4.370043,11.885825,66432,9528.166984,3.51549181,1,0,"{timeout:3600,max_col_multiplier:1,age_limit:2,random_seed:0,replication:1,num_threads:128}",1
d60900_1.json.gz,54618,d,60,900,LagrangeTemplate,highs,LTFarkas,1,341,54618,55343,1.310012106,54618,12.00000017,439,1188,8.43374,4.99063,14.005888,78935,9359.430099,3.73793557,1,0,"{timeout:3600,max_col_multiplier:1,age_limit:2,random_seed:0,replication:1,num_threads:128}",1
d60900_2.json.gz,54814,d,60,900,LagrangeTemplate,highs,LTFarkas,1,380,54814,55402,1.061333526,54814,72.8333334,398,1207,9.150312,5.672457,15.404105,83879,9166.791253,3.561008772,1,0,"{timeout:3600,max_col_multiplier:1,age_limit:2,random_seed:0,replication:1,num_threads:128}",1
d60900_3.json.gz,54645,d,60,900,LagrangeTemplate,highs,LTFarkas,1,336,54645,55480,1.505046864,54645,68.00000162,421,1256,8.24393,5.161368,13.950991,75471,9154.735666,3.600992063,1,0,"{timeout:3600,max_col_multiplier:1,age_limit:2,random_seed:0,replication:1,num_threads:128}",1
d60900_4.json.gz,54701,d,60,900,LagrangeTemplate,highs,LTFarkas,1,316,54701,55428,1.31161146,54701,88.00000137,406,1253,7.698742,4.849946,13.086714,73480,9544.416477,3.725527426,1,0,"{timeout:3600,max_col_multiplier:1,age_limit:2,random_seed:0,replication:1,num_threads:128}",1
d60900_5.json.gz,54540,d,60,900,LagrangeTemplate,highs,LTFarkas,1,332,54540,55422,1.591425788,54540,71.00000004,394,1247,8.020593,5.143323,13.712128,74836,9330.482173,3.596402276,1,0,"{timeout:3600,max_col_multiplier:1,age_limit:2,random_seed:0,replication:1,num_threads:128}",1
d60900_6.json.gz,54675,d,60,900,LagrangeTemplate,highs,LTFarkas,1,352,54675,55827,2.063517653,54675,57.50000001,399,1182,8.202865,5.348141,14.114285,78474,9566.657503,3.573020909,1,0,"{timeout:3600,max_col_multiplier:1,age_limit:2,random_seed:0,replication:1,num_threads:128}",1
d60900_7.json.gz,54655,d,60,900,LagrangeTemplate,highs,LTFarkas,1,364,54655,55348,1.252077763,54655,144,398,1265,9.014967,5.552624,15.139401,82622,9164.980859,3.6371337,1,0,"{timeout:3600,max_col_multiplier:1,age_limit:2,random_seed:0,replication:1,num_threads:128}",1
d60900_8.json.gz,54653,d,60,900,LagrangeTemplate,highs,LTFarkas,1,309,54653,55436,1.41243957,54653,122.5000001,412,1264,7.884954,4.767418,13.188701,72344,9174.942555,3.744281514,1,0,"{timeout:3600,max_col_multiplier:1,age_limit:2,random_seed:0,replication:1,num_threads:128}",1
d60900_9.json.gz,54550,d,60,900,LagrangeTemplate,highs,LTFarkas,1,331,54550,55297,1.350887028,54550,122,396,1250,7.892661,5.130589,13.563489,73559,9319.923914,3.55347432,1,0,"{timeout:3600,max_col_multiplier:1,age_limit:2,random_seed:0,replication:1,num_threads:128}",1
d801600_0.json.gz,96900,d,80,1600,LagrangeTemplate,highs,LTFarkas,1,495,96900,98363,1.487347885,96900,58.50000015,594,2010,29.89783,20.955767,52.651417,163004,5452.034479,3.994050069,1,0,"{timeout:3600,max_col_multiplier:1,age_limit:2,random_seed:0,replication:1,num_threads:128}",1
d801600_1.json.gz,97046,d,80,1600,LagrangeTemplate,highs,LTFarkas,1,566,97046,98154,1.128838356,97046,407.5000003,545,2094,34.132354,23.504199,59.274896,182927,5359.34322,3.933145314,1,0,"{timeout:3600,max_col_multiplier:1,age_limit:2,random_seed:0,replication:1,num_threads:128}",1
d801600_2.json.gz,96904,d,80,1600,LagrangeTemplate,highs,LTFarkas,1,484,96904,97810,0.926285656,96904,265.0000212,544,2116,27.773048,20.872955,50.34436,147133,5297.690048,3.652341598,1,0,"{timeout:3600,max_col_multiplier:1,age_limit:2,random_seed:0,replication:1,num_threads:128}",1
d801600_3.json.gz,97082,d,80,1600,LagrangeTemplate,highs,LTFarkas,1,476,97082,98509,1.448598605,97082,74.00000286,572,2028,27.827435,21.220145,50.742406,149331,5366.322839,3.799241968,1,0,"{timeout:3600,max_col_multiplier:1,age_limit:2,random_seed:0,replication:1,num_threads:128}",1
d801600_4.json.gz,96972,d,80,1600,LagrangeTemplate,highs,LTFarkas,1,563,96972,97908,0.95599951,96972,79.25000003,573,2029,33.665213,25.317794,60.67997,175183,5203.680131,3.781892992,1,0,"{timeout:3600,max_col_multiplier:1,age_limit:2,random_seed:0,replication:1,num_threads:128}",1
d801600_5.json.gz,96974,d,80,1600,LagrangeTemplate,highs,LTFarkas,1,554,96974,98335,1.384044338,96974,60.00002174,580,2071,32.629484,25.58798,59.942512,169156,5184.145725,3.711488779,1,0,"{timeout:3600,max_col_multiplier:1,age_limit:2,random_seed:0,replication:1,num_threads:128}",1
d801600_6.json.gz,96893,d,80,1600,LagrangeTemplate,highs,LTFarkas,1,589,96893,97669,0.794520267,96893,137.000001,580,2057,33.529075,25.913977,61.117266,178387,5320.367472,3.684326312,1,0,"{timeout:3600,max_col_multiplier:1,age_limit:2,random_seed:0,replication:1,num_threads:128}",1
d801600_7.json.gz,97105,d,80,1600,LagrangeTemplate,highs,LTFarkas,1,560,97105,98182,1.096942413,97105,68.0000007,585,2039,33.249442,25.155112,60.1063,166668,5012.655551,3.614439054,1,0,"{timeout:3600,max_col_multiplier:1,age_limit:2,random_seed:0,replication:1,num_threads:128}",1
d801600_8.json.gz,96915,d,80,1600,LagrangeTemplate,highs,LTFarkas,1,568,96915,98696,1.804531085,96915,224.0000004,560,2020,32.282326,23.911089,58.022518,173246,5366.589756,3.688563342,1,0,"{timeout:3600,max_col_multiplier:1,age_limit:2,random_seed:0,replication:1,num_threads:128}",1
d801600_9.json.gz,97126,d,80,1600,LagrangeTemplate,highs,LTFarkas,1,561,97126,98116,1.009009744,97126,138.5833335,591,2007,33.649365,23.926203,59.314912,177407,5272.224305,3.840345209,1,0,"{timeout:3600,max_col_multiplier:1,age_limit:2,random_seed:0,replication:1,num_threads:128}",1
e10100_0.json.gz,11813,e,10,100,LagrangeTemplate,highs,LTFarkas,1,96,11812.10362,12622,6.409443828,11812.69853,0.594916911,51,117,0.050138,0.032408,0.099757,2189,43659.49978,1.918855219,1,0,"{timeout:3600,max_col_multiplier:1,age_limit:2,random_seed:0,replication:1,num_threads:128}",1
e10100_1.json.gz,11487,e,10,100,LagrangeTemplate,highs,LTFarkas,1,118,11486.14828,11523,0.312418641,11486.14828,0,51,113,0.071031,0.040417,0.124803,3034,42713.7447,2.295837845,1,0,"{timeout:3600,max_col_multiplier:1,age_limit:2,random_seed:0,replication:1,num_threads:128}",1
e10100_2.json.gz,11277,e,10,100,LagrangeTemplate,highs,LTFarkas,1,122,11276.36517,11460,1.596858639,11276.36517,0,55,122,0.062778,0.036323,0.112582,2668,42498.96461,1.953754662,1,0,"{timeout:3600,max_col_multiplier:1,age_limit:2,random_seed:0,replication:1,num_threads:128}",1
e10100_3.json.gz,11134,e,10,100,LagrangeTemplate,highs,LTFarkas,1,120,11133.11209,11488,3.081476323,11133.23048,0.118387909,49,114,0.058178,0.03348,0.104787,2528,43452.85159,1.82646615,1,0,"{timeout:3600,max_col_multiplier:1,age_limit:2,random_seed:0,replication:1,num_threads:128}",1
e10100_4.json.gz,11683,e,10,100,LagrangeTemplate,highs,LTFarkas,1,135,11682.35516,11760,0.654761905,11682.92625,0.571091445,47,126,0.076074,0.042464,0.132027,3174,41722.53332,2.158385709,1,0,"{timeout:3600,max_col_multiplier:1,age_limit:2,random_seed:0,replication:1,num_threads:128}",1
e10100_5.json.gz,11873,e,10,100,LagrangeTemplate,highs,LTFarkas,1,136,11872.32727,12034,1.337876018,11872.32727,0,43,116,0.075114,0.039604,0.127354,3189,42455.46769,2.105996148,1,0,"{timeout:3600,max_col_multiplier:1,age_limit:2,random_seed:0,replication:1,num_threads:128}",1
e10100_6.json.gz,11359,e,10,100,LagrangeTemplate,highs,LTFarkas,1,115,11358.05536,11705,2.956001709,11358.05536,0,57,112,0.063114,0.033796,0.109054,2734,43318.43965,2.117414496,1,0,"{timeout:3600,max_col_multiplier:1,age_limit:2,random_seed:0,replication:1,num_threads:128}",1
e10100_7.json.gz,11720,e,10,100,LagrangeTemplate,highs,LTFarkas,1,104,11719.66667,11810,0.762066046,11719.66667,0,44,116,0.051723,0.029336,0.093059,2396,46323.68579,1.995640083,1,0,"{timeout:3600,max_col_multiplier:1,age_limit:2,random_seed:0,replication:1,num_threads:128}",1
e10100_8.json.gz,11914,e,10,100,LagrangeTemplate,highs,LTFarkas,1,122,11913.39209,12074,1.325161504,11913.88849,0.496402878,56,117,0.064432,0.037261,0.113858,2675,41516.6377,1.999938495,1,0,"{timeout:3600,max_col_multiplier:1,age_limit:2,random_seed:0,replication:1,num_threads:128}",1
e10100_9.json.gz,11977,e,10,100,LagrangeTemplate,highs,LTFarkas,1,135,11976.475,12023,0.382600017,11976.875,0.4,31,117,0.078616,0.037753,0.129332,3360,42739.39147,2.307394581,1,0,"{timeout:3600,max_col_multiplier:1,age_limit:2,random_seed:0,replication:1,num_threads:128}",1
e10200_0.json.gz,22824,e,10,200,LagrangeTemplate,highs,LTFarkas,1,238,22823.05378,23083,1.122037863,22823.05378,0,50,213,0.305592,0.236081,0.571062,5541,18132.01916,2.043060002,1,0,"{timeout:3600,max_col_multiplier:1,age_limit:2,random_seed:0,replication:1,num_threads:128}",1
e10200_1.json.gz,23093,e,10,200,LagrangeTemplate,highs,LTFarkas,1,224,23092.13433,23507,1.761177522,23092.48507,0.350746269,53,229,0.247833,0.236644,0.512349,5260,21223.96937,1.97778515,1,0,"{timeout:3600,max_col_multiplier:1,age_limit:2,random_seed:0,replication:1,num_threads:128}",1
e10200_2.json.gz,23190,e,10,200,LagrangeTemplate,highs,LTFarkas,1,281,23189.14706,23546,1.511934086,23189.17647,0.029411765,55,215,0.353276,0.298067,0.683548,6339,17943.47762,2.054245097,1,0,"{timeout:3600,max_col_multiplier:1,age_limit:2,random_seed:0,replication:1,num_threads:128}",1
e10200_3.json.gz,23879,e,10,200,LagrangeTemplate,highs,LTFarkas,1,230,23878.16667,24130,1.040198923,23879,0.833333333,28,222,0.266817,0.224793,0.519153,6045,22655.97769,2.317130514,1,0,"{timeout:3600,max_col_multiplier:1,age_limit:2,random_seed:0,replication:1,num_threads:128}",1
e10200_4.json.gz,23762,e,10,200,LagrangeTemplate,highs,LTFarkas,1,316,23761.4288,23762,3.38E-12,23762,0.571201785,10,232,0.47704,0.340483,0.852068,7814,16380.17776,2.287659484,1,0,"{timeout:3600,max_col_multiplier:1,age_limit:2,random_seed:0,replication:1,num_threads:128}",1
e10200_5.json.gz,22438,e,10,200,LagrangeTemplate,highs,LTFarkas,1,223,22437.0995,22770,1.458058849,22437.53731,0.437810945,54,216,0.234411,0.220788,0.485709,5282,22533.07225,2.066594742,1,0,"{timeout:3600,max_col_multiplier:1,age_limit:2,random_seed:0,replication:1,num_threads:128}",1
e10200_6.json.gz,23505,e,10,200,LagrangeTemplate,highs,LTFarkas,1,281,23504.33575,23636,0.554239296,23504.52174,0.185990338,54,224,0.357321,0.283379,0.670976,7269,20343.05289,2.323733212,1,0,"{timeout:3600,max_col_multiplier:1,age_limit:2,random_seed:0,replication:1,num_threads:128}",1
e10200_7.json.gz,23719,e,10,200,LagrangeTemplate,highs,LTFarkas,1,334,23718.625,23786,0.281678298,23718.75,0.125,43,220,0.480529,0.35657,0.871685,9202,19149.72874,2.537341983,1,0,"{timeout:3600,max_col_multiplier:1,age_limit:2,random_seed:0,replication:1,num_threads:128}",1
e10200_8.json.gz,23913,e,10,200,LagrangeTemplate,highs,LTFarkas,1,278,23912.05636,24127,0.886973101,23912.45455,0.398181818,42,214,0.321575,0.273733,0.628567,6541,20340.51154,2.108724925,1,0,"{timeout:3600,max_col_multiplier:1,age_limit:2,random_seed:0,replication:1,num_threads:128}",1
e10200_9.json.gz,23082,e,10,200,LagrangeTemplate,highs,LTFarkas,1,284,23081.04274,23305,0.956876207,23081.85152,0.808773903,56,225,0.351807,0.300892,0.682351,6588,18726.17657,2.110675637,1,0,"{timeout:3600,max_col_multiplier:1,age_limit:2,random_seed:0,replication:1,num_threads:128}",1
e10400_0.json.gz,47838,e,10,400,LagrangeTemplate,highs,LTFarkas,1,461,47837.07143,48077,0.497119205,47837.31868,0.247252747,59,439,2.665119,1.440833,4.186474,13910,5219.279139,2.692119518,1,0,"{timeout:3600,max_col_multiplier:1,age_limit:4,random_seed:0,replication:1,num_threads:128}",1
e10400_1.json.gz,46579,e,10,400,LagrangeTemplate,highs,LTFarkas,1,540,46578.01568,47005,0.906286565,46578.07527,0.059587814,49,426,3.308344,1.763303,5.156284,17867,5400.587122,3.106360229,1,0,"{timeout:3600,max_col_multiplier:1,age_limit:4,random_seed:0,replication:1,num_threads:128}",1
e10400_2.json.gz,46711,e,10,400,LagrangeTemplate,highs,LTFarkas,1,567,46710.0625,47128,0.884824308,46710.125,0.0625,41,415,3.48099,1.754244,5.324735,16922,4861.260733,2.794472299,1,0,"{timeout:3600,max_col_multiplier:1,age_limit:4,random_seed:0,replication:1,num_threads:128}",1
e10400_3.json.gz,47720,e,10,400,LagrangeTemplate,highs,LTFarkas,1,532,47719.10417,48046,0.678516422,47719.5,0.395833334,20,444,3.334514,1.867742,5.290109,17665,5297.623582,3.080541363,1,0,"{timeout:3600,max_col_multiplier:1,age_limit:4,random_seed:0,replication:1,num_threads:128}",1
e10400_4.json.gz,47607,e,10,400,LagrangeTemplate,highs,LTFarkas,1,791,47606.06469,47631,0.050387353,47606.62253,0.557838661,57,449,5.881827,2.761242,8.748731,37116,6310.284203,4.532965605,1,0,"{timeout:3600,max_col_multiplier:1,age_limit:4,random_seed:0,replication:1,num_threads:128}",1
e10400_5.json.gz,47490,e,10,400,LagrangeTemplate,highs,LTFarkas,1,685,47489.33212,47492,0.004211236,47489.33212,0,52,416,3.952663,2.065443,6.109023,26814,6783.78096,3.758025796,1,0,"{timeout:3600,max_col_multiplier:1,age_limit:4,random_seed:0,replication:1,num_threads:128}",1
e10400_6.json.gz,46821,e,10,400,LagrangeTemplate,highs,LTFarkas,1,501,46820.20161,47044,0.474024318,46820.23387,0.032258065,49,422,2.828285,1.575451,4.487607,16084,5686.83849,2.951687026,1,0,"{timeout:3600,max_col_multiplier:1,age_limit:4,random_seed:0,replication:1,num_threads:128}",1
e10400_7.json.gz,46234,e,10,400,LagrangeTemplate,highs,LTFarkas,1,648,46233.00285,46255,0.045400497,46233.05797,0.055124224,54,425,4.855219,2.117861,7.063863,30327,6246.268191,4.451471703,1,0,"{timeout:3600,max_col_multiplier:1,age_limit:4,random_seed:0,replication:1,num_threads:128}",1
e10400_8.json.gz,46264,e,10,400,LagrangeTemplate,highs,LTFarkas,1,575,46263.04196,46304,0.086385625,46263.71739,0.675430254,46,447,4.048739,1.996092,6.132306,23969,5920.11488,3.982623188,1,0,"{timeout:3600,max_col_multiplier:1,age_limit:4,random_seed:0,replication:1,num_threads:128}",1
e10400_9.json.gz,46365,e,10,400,LagrangeTemplate,highs,LTFarkas,1,582,46364.05,46448,0.178694454,46364.2,0.15,44,419,3.791102,1.961484,5.841837,18372,4846.084331,3.086823624,1,0,"{timeout:3600,max_col_multiplier:1,age_limit:4,random_seed:0,replication:1,num_threads:128}",1
e15900_0.json.gz,101229,e,15,900,LagrangeTemplate,highs,LTFarkas,1,871,101228.098,101408,0.176514673,101229,0.902012821,27,988,25.772433,9.925537,36.055917,68031,2639.680933,5.03409241,1,0,"{timeout:3600,max_col_multiplier:1,age_limit:6,random_seed:0,replication:1,num_threads:128}",1
e15900_1.json.gz,102763,e,15,900,LagrangeTemplate,highs,LTFarkas,1,936,102762.0361,103393,0.609325583,102762.7917,0.755527212,65,1007,30.085779,10.900475,41.367526,84593,2811.727095,5.771732102,1,0,"{timeout:3600,max_col_multiplier:1,age_limit:6,random_seed:0,replication:1,num_threads:128}",1
e15900_2.json.gz,100556,e,15,900,LagrangeTemplate,highs,LTFarkas,1,1113,100555.3138,100557,0.000994455,100556,0.686190543,19,1032,41.302086,14.699257,56.420829,101113,2448.133007,5.887428267,1,0,"{timeout:3600,max_col_multiplier:1,age_limit:6,random_seed:0,replication:1,num_threads:128}",1
e15900_3.json.gz,102233,e,15,900,LagrangeTemplate,highs,LTFarkas,1,832,102232.0135,102462,0.223497492,102232.5938,0.580339322,87,956,21.200272,9.373358,30.927971,54573,2574.165086,4.105064117,1,0,"{timeout:3600,max_col_multiplier:1,age_limit:6,random_seed:0,replication:1,num_threads:128}",1
e15900_4.json.gz,101998,e,15,900,LagrangeTemplate,highs,LTFarkas,1,1023,101997.4876,102066,0.066623536,101997.8132,0.325576141,75,967,41.594844,11.523829,53.533787,98991,2379.886315,6.204856725,1,0,"{timeout:3600,max_col_multiplier:1,age_limit:6,random_seed:0,replication:1,num_threads:128}",1
e15900_5.json.gz,101526,e,15,900,LagrangeTemplate,highs,LTFarkas,1,1223,101525.002,101528.9999,0.002954738,101525.7226,0.720600163,73,1026,54.606292,15.444669,70.492212,142068,2601.67821,7.553537336,1,0,"{timeout:3600,max_col_multiplier:1,age_limit:6,random_seed:0,replication:1,num_threads:128}",1
e15900_6.json.gz,102713,e,15,900,LagrangeTemplate,highs,LTFarkas,1,1119,102712.1574,102714,0.000973573,102712.9417,0.784276317,57,971,43.774341,13.545152,57.739181,116481,2660.9424,6.747489741,1,0,"{timeout:3600,max_col_multiplier:1,age_limit:6,random_seed:0,replication:1,num_threads:128}",1
e15900_7.json.gz,104075,e,15,900,LagrangeTemplate,highs,LTFarkas,1,857,104074.0233,104225,0.143919405,104074.2826,0.259290121,74,952,23.615721,9.887199,33.845198,55875,2366.008643,4.115720909,1,0,"{timeout:3600,max_col_multiplier:1,age_limit:6,random_seed:0,replication:1,num_threads:128}",1
e15900_8.json.gz,103136,e,15,900,LagrangeTemplate,highs,LTFarkas,1,988,103135.0873,103286,0.145227813,103135.9048,0.817460318,43,994,39.417925,11.246798,51.055888,95079,2412.075217,6.173503125,1,0,"{timeout:3600,max_col_multiplier:1,age_limit:6,random_seed:0,replication:1,num_threads:128}",1
e15900_9.json.gz,101466,e,15,900,LagrangeTemplate,highs,LTFarkas,1,849,101465.0122,101724,0.253627462,101465.9647,0.952490208,77,964,33.632387,8.62666,42.624181,75687,2250.420108,5.679452565,1,0,"{timeout:3600,max_col_multiplier:1,age_limit:6,random_seed:0,replication:1,num_threads:128}",1
e20100_0.json.gz,11524,e,20,100,LagrangeTemplate,highs,LTFarkas,1,72,11523.03242,11683,1.36095181,11523.13716,0.104738155,89,131,0.054598,0.026893,0.102551,3491,63940.07106,2.287186179,1,0,"{timeout:3600,max_col_multiplier:1,age_limit:2,random_seed:0,replication:1,num_threads:128}",1
e20100_1.json.gz,11149,e,20,100,LagrangeTemplate,highs,LTFarkas,1,69,11148.69697,11460,2.713787086,11148.90909,0.212121212,77,138,0.047829,0.024214,0.093409,3310,69204.8757,2.23694525,1,0,"{timeout:3600,max_col_multiplier:1,age_limit:2,random_seed:0,replication:1,num_threads:128}",1
e20100_2.json.gz,12002,e,20,100,LagrangeTemplate,highs,LTFarkas,1,66,12001.54703,12088,0.711449371,12001.54703,0,77,131,0.053161,0.022721,0.096936,3518,66176.33227,2.38247122,1,0,"{timeout:3600,max_col_multiplier:1,age_limit:2,random_seed:0,replication:1,num_threads:128}",1
e20100_3.json.gz,11570,e,20,100,LagrangeTemplate,highs,LTFarkas,1,72,11569.5,12318,6.072414353,11570,0.5,67,125,0.048796,0.025346,0.096412,3278,67177.63751,1.987727154,1,0,"{timeout:3600,max_col_multiplier:1,age_limit:2,random_seed:0,replication:1,num_threads:128}",1
e20100_4.json.gz,11210,e,20,100,LagrangeTemplate,highs,LTFarkas,1,71,11209.16667,12127,7.561639317,11209.38095,0.214285714,52,130,0.057642,0.024901,0.104036,3780,65577.1833,2.294073805,1,0,"{timeout:3600,max_col_multiplier:1,age_limit:2,random_seed:0,replication:1,num_threads:128}",1
e20100_5.json.gz,11751,e,20,100,LagrangeTemplate,highs,LTFarkas,1,69,11750.05978,12073,2.667108424,11750.0689,0.009118541,89,131,0.050358,0.024133,0.0955,3592,71329.28234,2.514416004,1,0,"{timeout:3600,max_col_multiplier:1,age_limit:2,random_seed:0,replication:1,num_threads:128}",1
e20100_6.json.gz,11155,e,20,100,LagrangeTemplate,highs,LTFarkas,1,76,11154.46218,11291,1.204499159,11154.52101,0.058823529,78,144,0.058823,0.025757,0.105835,3852,65484.58936,2.412928857,1,0,"{timeout:3600,max_col_multiplier:1,age_limit:2,random_seed:0,replication:1,num_threads:128}",1
e20100_7.json.gz,11364,e,20,100,LagrangeTemplate,highs,LTFarkas,1,73,11363.02012,11988,5.205205205,11363.02012,0,81,128,0.050995,0.023836,0.095224,3439,67437.98412,2.203651605,1,0,"{timeout:3600,max_col_multiplier:1,age_limit:2,random_seed:0,replication:1,num_threads:128}",1
e20100_8.json.gz,11362,e,20,100,LagrangeTemplate,highs,LTFarkas,1,73,11361.65101,11365,0.026396832,11361.65101,0,78,130,0.051154,0.024576,0.09746,3539,69183.25058,2.155655608,1,0,"{timeout:3600,max_col_multiplier:1,age_limit:2,random_seed:0,replication:1,num_threads:128}",1
e20100_9.json.gz,11552,e,20,100,LagrangeTemplate,highs,LTFarkas,1,74,11551.28832,11993,3.677145001,11551.66788,0.379562044,82,149,0.052851,0.024272,0.099899,3598,68078.18206,2.208901882,1,0,"{timeout:3600,max_col_multiplier:1,age_limit:2,random_seed:0,replication:1,num_threads:128}",1
e201600_0.json.gz,180501,e,20,1600,LagrangeTemplate,highs,LTFarkas,1,1108,180500.2359,181273,0.425876992,180500.7747,0.538800701,115,1749,162.83994,27.235872,191.110228,117320,720.4620685,5.089748719,1,0,"{timeout:3600,max_col_multiplier:1,age_limit:8,random_seed:0,replication:1,num_threads:128}",1
e201600_1.json.gz,180902,e,20,1600,LagrangeTemplate,highs,LTFarkas,1,1286,180901.0532,181525,0.343203415,180901.5212,0.467961148,100,1747,189.792762,31.666819,222.560687,194419,1024.375208,7.303008519,1,0,"{timeout:3600,max_col_multiplier:1,age_limit:8,random_seed:0,replication:1,num_threads:128}",1
e201600_2.json.gz,180681,e,20,1600,LagrangeTemplate,highs,LTFarkas,1,1176,180680.0239,181103,0.233016558,180680.3226,0.298709672,108,1703,175.833275,27.314349,204.219987,154877,880.8173538,6.371977614,1,0,"{timeout:3600,max_col_multiplier:1,age_limit:8,random_seed:0,replication:1,num_threads:128}",1
e201600_3.json.gz,182570,e,20,1600,LagrangeTemplate,highs,LTFarkas,1,1049,182569.0172,183575,0.547460165,182569.9278,0.910597199,119,1752,153.856776,25.160268,180.032283,114886,746.7074443,5.116095023,1,0,"{timeout:3600,max_col_multiplier:1,age_limit:8,random_seed:0,replication:1,num_threads:128}",1
e201600_4.json.gz,181316,e,20,1600,LagrangeTemplate,highs,LTFarkas,1,1412,181315.0222,181428.9999,0.062283277,181315.697,0.674862886,112,1773,359.357042,35.860539,396.39297,286275,796.6311121,9.966729683,1,0,"{timeout:3600,max_col_multiplier:1,age_limit:8,random_seed:0,replication:1,num_threads:128}",1
e201600_5.json.gz,181068,e,20,1600,LagrangeTemplate,highs,LTFarkas,1,1514,181067.0111,181367,0.16485908,181067.0212,0.010107393,129,1635,278.302868,38.036394,317.441636,223730,803.9083521,7.568102065,1,0,"{timeout:3600,max_col_multiplier:1,age_limit:8,random_seed:0,replication:1,num_threads:128}",1
e201600_6.json.gz,182103,e,20,1600,LagrangeTemplate,highs,LTFarkas,1,1221,182102.0884,182672,0.311487256,182102.8502,0.761767673,107,1740,176.702416,29.016316,206.900343,129144,730.8558814,5.134702791,1,0,"{timeout:3600,max_col_multiplier:1,age_limit:8,random_seed:0,replication:1,num_threads:128}",1
e201600_7.json.gz,181309,e,20,1600,LagrangeTemplate,highs,LTFarkas,1,1048,181308.1138,182362,0.577422928,181308.7633,0.64942934,106,1669,134.050074,26.232168,161.277925,106063,791.2192574,4.732042533,1,0,"{timeout:3600,max_col_multiplier:1,age_limit:8,random_seed:0,replication:1,num_threads:128}",1
e201600_8.json.gz,181136,e,20,1600,LagrangeTemplate,highs,LTFarkas,1,1350,181135.0163,181578.9999,0.243970881,181135.3622,0.345905753,107,1718,242.763762,32.581108,276.464879,207116,853.1586358,7.499330618,1,0,"{timeout:3600,max_col_multiplier:1,age_limit:8,random_seed:0,replication:1,num_threads:128}",1
e201600_9.json.gz,180974,e,20,1600,LagrangeTemplate,highs,LTFarkas,1,1394,180973.0264,181353,0.208984687,180973.5992,0.572843634,106,1723,278.153368,36.783207,316.122823,262323,943.0876278,9.179011728,1,0,"{timeout:3600,max_col_multiplier:1,age_limit:8,random_seed:0,replication:1,num_threads:128}",1
e20200_0.json.gz,22997,e,20,200,LagrangeTemplate,highs,LTFarkas,1,152,22996.64665,23133,0.587904725,22996.69578,0.049131328,89,228,0.201634,0.110664,0.358867,8500,42155.58884,2.579335819,1,0,"{timeout:3600,max_col_multiplier:1,age_limit:2,random_seed:0,replication:1,num_threads:128}",1
e20200_1.json.gz,22436,e,20,200,LagrangeTemplate,highs,LTFarkas,1,153,22435.72213,22711,1.210866981,22436,9.916666667,83,262,0.205976,0.113772,0.367857,8913,43272.03169,2.681537174,1,0,"{timeout:3600,max_col_multiplier:1,age_limit:2,random_seed:0,replication:1,num_threads:128}",1
e20200_2.json.gz,23277,e,20,200,LagrangeTemplate,highs,LTFarkas,1,146,23276.67736,23500,0.94893617,23276.79899,0.121621622,100,239,0.190919,0.10814,0.346831,8214,43023.48116,2.523141024,1,0,"{timeout:3600,max_col_multiplier:1,age_limit:2,random_seed:0,replication:1,num_threads:128}",1
e20200_3.json.gz,22639,e,20,200,LagrangeTemplate,highs,LTFarkas,1,151,22638.05648,23042,1.748980123,22638.36514,0.308660489,98,229,0.188057,0.108004,0.342561,7862,41806.47357,2.388180381,1,0,"{timeout:3600,max_col_multiplier:1,age_limit:2,random_seed:0,replication:1,num_threads:128}",1
e20200_4.json.gz,22212,e,20,200,LagrangeTemplate,highs,LTFarkas,1,163,22211.31741,22240,0.125899281,22211.40804,0.090630741,93,229,0.206437,0.126198,0.380667,8560,41465.43498,2.448583641,1,0,"{timeout:3600,max_col_multiplier:1,age_limit:2,random_seed:0,replication:1,num_threads:128}",1
e20200_5.json.gz,22427,e,20,200,LagrangeTemplate,highs,LTFarkas,1,173,22426.21739,22487,0.26682083,22426.44928,0.231884058,99,240,0.262671,0.132963,0.443345,10466,39844.52033,2.791552962,1,0,"{timeout:3600,max_col_multiplier:1,age_limit:2,random_seed:0,replication:1,num_threads:128}",1
e20200_6.json.gz,23226,e,20,200,LagrangeTemplate,highs,LTFarkas,1,157,23225.22059,23236,0.043036667,23225.64706,0.426470588,85,239,0.207899,0.113576,0.369065,8601,41371.05037,2.534153641,1,0,"{timeout:3600,max_col_multiplier:1,age_limit:2,random_seed:0,replication:1,num_threads:128}",1
e20200_7.json.gz,23543,e,20,200,LagrangeTemplate,highs,LTFarkas,1,149,23542.3631,24269,2.9914706,23542.74405,0.380952381,87,238,0.198817,0.109391,0.355633,8760,44060.61856,2.657469983,1,0,"{timeout:3600,max_col_multiplier:1,age_limit:2,random_seed:0,replication:1,num_threads:128}",1
e20200_8.json.gz,23172,e,20,200,LagrangeTemplate,highs,LTFarkas,1,156,23171.04962,24203,4.259802504,23171.09474,0.045112782,105,224,0.199874,0.114577,0.361187,8210,41075.8778,2.505608509,1,0,"{timeout:3600,max_col_multiplier:1,age_limit:2,random_seed:0,replication:1,num_threads:128}",1
e20200_9.json.gz,22279,e,20,200,LagrangeTemplate,highs,LTFarkas,1,164,22278.15204,22662,1.690053835,22278.42881,0.276774331,108,254,0.235971,0.127028,0.409387,9572,40564.30663,2.673615628,1,0,"{timeout:3600,max_col_multiplier:1,age_limit:2,random_seed:0,replication:1,num_threads:128}",1
e20400_0.json.gz,45263,e,20,400,LagrangeTemplate,highs,LTFarkas,1,421,45262.13804,45631,0.806469286,45262.84783,0.709782609,101,438,1.716697,0.845717,2.692014,25773,15013.13278,2.852505212,1,0,"{timeout:3600,max_col_multiplier:1,age_limit:2,random_seed:0,replication:1,num_threads:128}",1
e20400_1.json.gz,44861,e,20,400,LagrangeTemplate,highs,LTFarkas,1,326,44860.19288,45470,1.339344623,44860.36202,0.169139466,79,438,1.265739,0.659807,2.046492,18404,14540.12241,2.568975839,1,0,"{timeout:3600,max_col_multiplier:1,age_limit:2,random_seed:0,replication:1,num_threads:128}",1
e20400_2.json.gz,45739,e,20,400,LagrangeTemplate,highs,LTFarkas,1,387,45738.01415,45739,2.07E-13,45738.06958,0.055424528,89,429,1.5654,0.816498,2.517652,21565,13776.03169,2.580630884,1,0,"{timeout:3600,max_col_multiplier:1,age_limit:2,random_seed:0,replication:1,num_threads:128}",1
e20400_3.json.gz,45227,e,20,400,LagrangeTemplate,highs,LTFarkas,1,343,45226.54746,45744,1.130202868,45226.82119,0.273730684,88,432,1.270892,0.708734,2.104872,21190,16673.32865,2.853496903,1,0,"{timeout:3600,max_col_multiplier:1,age_limit:2,random_seed:0,replication:1,num_threads:128}",1
e20400_4.json.gz,44847,e,20,400,LagrangeTemplate,highs,LTFarkas,1,321,44846.20533,45420,1.261558785,44846.48701,0.281687305,124,439,1.306294,0.68994,2.122356,18309,14015.98721,2.552240228,1,0,"{timeout:3600,max_col_multiplier:1,age_limit:2,random_seed:0,replication:1,num_threads:128}",1
e20400_5.json.gz,45123,e,20,400,LagrangeTemplate,highs,LTFarkas,1,370,45122.05163,45308,0.408316412,45122.188,0.136363636,107,428,1.397748,0.782178,2.305641,21657,15494.20926,2.706411032,1,0,"{timeout:3600,max_col_multiplier:1,age_limit:2,random_seed:0,replication:1,num_threads:128}",1
e20400_6.json.gz,44853,e,20,400,LagrangeTemplate,highs,LTFarkas,1,326,44852.1357,45300,0.986754967,44852.95867,0.822973735,103,445,1.233475,0.691697,2.04815,18843,15276.35339,2.628988545,1,0,"{timeout:3600,max_col_multiplier:1,age_limit:2,random_seed:0,replication:1,num_threads:128}",1
e20400_7.json.gz,45518,e,20,400,LagrangeTemplate,highs,LTFarkas,1,367,45517.07802,45581,0.138215485,45517.24409,0.16607015,119,454,1.418697,0.773004,2.320625,21001,14803.01995,2.671174021,1,0,"{timeout:3600,max_col_multiplier:1,age_limit:2,random_seed:0,replication:1,num_threads:128}",1
e20400_8.json.gz,45401,e,20,400,LagrangeTemplate,highs,LTFarkas,1,361,45400.1286,46000,1.302173913,45400.68701,0.558418541,108,448,1.42458,0.756074,2.312234,21508,15097.78321,2.754967124,1,0,"{timeout:3600,max_col_multiplier:1,age_limit:2,random_seed:0,replication:1,num_threads:128}",1
e20400_9.json.gz,45444,e,20,400,LagrangeTemplate,highs,LTFarkas,1,335,45443.21453,46306,1.861529823,45443.68837,0.473837209,99,443,1.262032,0.713795,2.09742,20261,16054.26804,2.776241526,1,0,"{timeout:3600,max_col_multiplier:1,age_limit:2,random_seed:0,replication:1,num_threads:128}",1
e30900_0.json.gz,100540,e,30,900,LagrangeTemplate,highs,LTFarkas,1,880,100539.0221,100541,0.000994619,100539.0346,0.012448133,152,934,21.367148,6.039943,28.02703,132580,6204.852421,4.902524448,1,0,"{timeout:3600,max_col_multiplier:1,age_limit:3,random_seed:0,replication:1,num_threads:128}",1
e30900_1.json.gz,99451,e,30,900,LagrangeTemplate,highs,LTFarkas,1,740,99450.05588,99563.99999,0.113494823,99450.08991,0.034022162,150,950,19.412388,4.991405,25.007091,111637,5750.812316,4.844895559,1,0,"{timeout:3600,max_col_multiplier:1,age_limit:3,random_seed:0,replication:1,num_threads:128}",1
e30900_2.json.gz,101439,e,30,900,LagrangeTemplate,highs,LTFarkas,1,585,101438.0191,102260,0.802855466,101438.7618,0.742701077,167,972,9.816754,3.672029,14.024735,72558,7391.241545,3.934267772,1,0,"{timeout:3600,max_col_multiplier:1,age_limit:3,random_seed:0,replication:1,num_threads:128}",1
e30900_3.json.gz,101394,e,30,900,LagrangeTemplate,highs,LTFarkas,1,614,101393.0503,102929,1.491319259,101393.382,0.331661797,173,982,11.405031,4.200173,16.132901,76612,6717.386389,3.994268124,1,0,"{timeout:3600,max_col_multiplier:1,age_limit:3,random_seed:0,replication:1,num_threads:128}",1
e30900_4.json.gz,99774,e,30,900,LagrangeTemplate,highs,LTFarkas,1,705,99773.1426,99795,0.021043138,99773.68407,0.541469207,167,970,16.392207,4.809583,21.736378,102401,6246.93185,4.646512585,1,0,"{timeout:3600,max_col_multiplier:1,age_limit:3,random_seed:0,replication:1,num_threads:128}",1
e30900_5.json.gz,101144,e,30,900,LagrangeTemplate,highs,LTFarkas,1,605,101143.0023,101245,0.099758012,101143.9235,0.921172304,152,1039,11.12485,3.872316,15.541244,78927,7094.657456,4.126716596,1,0,"{timeout:3600,max_col_multiplier:1,age_limit:3,random_seed:0,replication:1,num_threads:128}",1
e30900_6.json.gz,100223,e,30,900,LagrangeTemplate,highs,LTFarkas,1,552,100222.157,101349,1.111012442,100222.4853,0.328293728,180,996,8.845978,3.489091,12.851495,66813,7552.924052,3.791423115,1,0,"{timeout:3600,max_col_multiplier:1,age_limit:3,random_seed:0,replication:1,num_threads:128}",1
e30900_7.json.gz,101431,e,30,900,LagrangeTemplate,highs,LTFarkas,1,600,101430.0619,102255,0.805828566,101430.0619,0,151,935,10.630037,3.861625,15.025239,76075,7156.607263,4.015667792,1,0,"{timeout:3600,max_col_multiplier:1,age_limit:3,random_seed:0,replication:1,num_threads:128}",1
e30900_8.json.gz,100872,e,30,900,LagrangeTemplate,highs,LTFarkas,1,571,100871.0309,101569,0.686233004,100871.1286,0.09774668,150,939,9.239971,3.508227,13.266995,66490,7195.91003,3.744919651,1,0,"{timeout:3600,max_col_multiplier:1,age_limit:3,random_seed:0,replication:1,num_threads:128}",1
e30900_9.json.gz,102266,e,30,900,LagrangeTemplate,highs,LTFarkas,1,846,102265.3159,102318,0.050821947,102265.9807,0.664783709,179,1000,20.403992,5.815897,26.821994,124838,6118.312534,4.754157713,1,0,"{timeout:3600,max_col_multiplier:1,age_limit:3,random_seed:0,replication:1,num_threads:128}",1
e401600_0.json.gz,177283,e,40,1600,LagrangeTemplate,highs,LTFarkas,1,822,177282.316,178076,0.445315483,177282.6108,0.294798584,208,1734,60.619815,12.792971,75.109412,173126,2855.930854,5.106093918,1,0,"{timeout:3600,max_col_multiplier:1,age_limit:4,random_seed:0,replication:1,num_threads:128}",1
e401600_1.json.gz,176824,e,40,1600,LagrangeTemplate,highs,LTFarkas,1,874,176823.0964,177787,0.541659401,176823.6842,0.587828008,217,1738,87.249142,14.060291,103.012318,238530,2733.895079,6.622488271,1,0,"{timeout:3600,max_col_multiplier:1,age_limit:4,random_seed:0,replication:1,num_threads:128}",1
e401600_2.json.gz,179309,e,40,1600,LagrangeTemplate,highs,LTFarkas,1,901,179308.0011,180665,0.75056043,179308.0117,0.010640887,257,1653,87.267007,14.190934,103.195947,226906,2600.135009,6.19427022,1,0,"{timeout:3600,max_col_multiplier:1,age_limit:4,random_seed:0,replication:1,num_threads:128}",1
e401600_3.json.gz,178550,e,40,1600,LagrangeTemplate,highs,LTFarkas,1,961,178549.0814,178995,0.248610296,178549.2821,0.200762641,195,1671,95.970148,15.374331,113.052547,260345,2712.770642,6.586335356,1,0,"{timeout:3600,max_col_multiplier:1,age_limit:4,random_seed:0,replication:1,num_threads:128}",1
e401600_4.json.gz,178461,e,40,1600,LagrangeTemplate,highs,LTFarkas,1,907,178460.0612,179886,0.792168373,178460.5095,0.448288197,252,1711,84.970309,14.009791,100.743235,243132,2861.375966,6.512419853,1,0,"{timeout:3600,max_col_multiplier:1,age_limit:4,random_seed:0,replication:1,num_threads:128}",1
e401600_5.json.gz,177622,e,40,1600,LagrangeTemplate,highs,LTFarkas,1,792,177621.0927,179235,0.899935838,177621.4459,0.353172204,202,1698,59.701558,12.347163,73.751933,179045,2999.000462,5.417708911,1,0,"{timeout:3600,max_col_multiplier:1,age_limit:4,random_seed:0,replication:1,num_threads:128}",1
e401600_6.json.gz,179003,e,40,1600,LagrangeTemplate,highs,LTFarkas,1,823,179002.1947,180763,0.973650581,179002.9483,0.75368167,205,1713,72.73723,12.500308,86.902941,197654,2717.370458,5.82158364,1,0,"{timeout:3600,max_col_multiplier:1,age_limit:4,random_seed:0,replication:1,num_threads:128}",1
e401600_7.json.gz,178406,e,40,1600,LagrangeTemplate,highs,LTFarkas,1,947,178405.1272,178420,0.007846652,178405.3451,0.217971078,195,1699,95.885831,14.4781,112.094706,265356,2767.416179,6.853234995,1,0,"{timeout:3600,max_col_multiplier:1,age_limit:4,random_seed:0,replication:1,num_threads:128}",1
e401600_8.json.gz,176567,e,40,1600,LagrangeTemplate,highs,LTFarkas,1,1348,176566.3037,176571.9999,0.002831646,176567,0.69626169,65,1751,149.633056,23.679182,175.207925,392823,2625.242112,7.355197584,1,0,"{timeout:3600,max_col_multiplier:1,age_limit:4,random_seed:0,replication:1,num_threads:128}",1
e401600_9.json.gz,178426,e,40,1600,LagrangeTemplate,highs,LTFarkas,1,796,178425.0913,179079,0.364643537,178425.7164,0.625072332,259,1736,56.634555,12.496058,70.821277,158827,2804.41861,4.794057067,1,0,"{timeout:3600,max_col_multiplier:1,age_limit:4,random_seed:0,replication:1,num_threads:128}",1
e40400_0.json.gz,44562,e,40,400,LagrangeTemplate,highs,LTFarkas,1,193,44561.01572,45960,3.041775457,44561.01572,0,168,445,0.830249,0.272769,1.326035,25590,30822.07868,3.157501251,1,0,"{timeout:3600,max_col_multiplier:1,age_limit:2,random_seed:0,replication:1,num_threads:128}",1
e40400_1.json.gz,44343,e,40,400,LagrangeTemplate,highs,LTFarkas,1,196,44342.44952,44358,0.033815772,44342.75488,0.305362509,158,461,0.999769,0.289378,1.530269,28638,28644.61691,3.416962411,1,0,"{timeout:3600,max_col_multiplier:1,age_limit:2,random_seed:0,replication:1,num_threads:128}",1
e40400_2.json.gz,45288,e,40,400,LagrangeTemplate,highs,LTFarkas,1,197,45287.03448,47291,4.235478209,45287.03448,0,153,445,0.823364,0.267022,1.338572,25269,30689.95001,3.023079481,1,0,"{timeout:3600,max_col_multiplier:1,age_limit:2,random_seed:0,replication:1,num_threads:128}",1
e40400_3.json.gz,44768,e,40,400,LagrangeTemplate,highs,LTFarkas,1,201,44767.00037,46084,2.855654891,44767.2356,0.23522176,203,466,0.983837,0.281858,1.510428,28478,28945.8518,3.386043783,1,0,"{timeout:3600,max_col_multiplier:1,age_limit:2,random_seed:0,replication:1,num_threads:128}",1
e40400_4.json.gz,44510,e,40,400,LagrangeTemplate,highs,LTFarkas,1,182,44509.05227,45377,1.910659585,44509.05909,0.006818182,171,451,0.802393,0.259675,1.301622,24129,30071.29923,3.180751602,1,0,"{timeout:3600,max_col_multiplier:1,age_limit:2,random_seed:0,replication:1,num_threads:128}",1
e40400_5.json.gz,45199,e,40,400,LagrangeTemplate,highs,LTFarkas,1,191,45198.34376,45698,1.091951508,45198.77416,0.430395913,165,481,0.900194,0.266077,1.410471,26609,29559.18391,3.229305433,1,0,"{timeout:3600,max_col_multiplier:1,age_limit:2,random_seed:0,replication:1,num_threads:128}",1
e40400_6.json.gz,44648,e,40,400,LagrangeTemplate,highs,LTFarkas,1,183,44647.14212,45173,1.162198658,44647.40749,0.265370382,188,483,0.82718,0.258425,1.322053,24778,29954.78614,3.142457342,1,0,"{timeout:3600,max_col_multiplier:1,age_limit:2,random_seed:0,replication:1,num_threads:128}",1
e40400_7.json.gz,44601,e,40,400,LagrangeTemplate,highs,LTFarkas,1,173,44600.18939,45547,2.076975432,44600.90909,0.71969697,172,502,0.80556,0.246195,1.276289,24913,30926.31213,3.324863378,1,0,"{timeout:3600,max_col_multiplier:1,age_limit:2,random_seed:0,replication:1,num_threads:128}",1
e40400_8.json.gz,44983,e,40,400,LagrangeTemplate,highs,LTFarkas,1,176,44982.26601,45050,0.14872364,44982.91749,0.651482024,197,478,0.851427,0.246753,1.332008,25621,30091.83406,3.377083307,1,0,"{timeout:3600,max_col_multiplier:1,age_limit:2,random_seed:0,replication:1,num_threads:128}",1
e40400_9.json.gz,45000,e,40,400,LagrangeTemplate,highs,LTFarkas,1,189,44999.18411,46284,2.774176821,44999.23887,0.054758999,189,460,0.880437,0.267155,1.378279,26249,29813.60393,3.314104473,1,0,"{timeout:3600,max_col_multiplier:1,age_limit:2,random_seed:0,replication:1,num_threads:128}",1
e5100_0.json.gz,12347,e,5,100,LagrangeTemplate,highs,LTFarkas,1,250,12346.13636,12437,0.723647182,12346.72727,0.590909091,15,111,0.136035,0.08992,0.236562,2662,19568.4934,1.9386,1,0,"{timeout:3600,max_col_multiplier:1,age_limit:2,random_seed:0,replication:1,num_threads:128}",1
e5100_1.json.gz,12104,e,5,100,LagrangeTemplate,highs,LTFarkas,1,212,12103.33333,12131,0.222570275,12103.66667,0.333333333,13,112,0.107506,0.072955,0.190195,2090,19440.7754,1.721329959,1,0,"{timeout:3600,max_col_multiplier:1,age_limit:2,random_seed:0,replication:1,num_threads:128}",1
e5100_2.json.gz,11331,e,5,100,LagrangeTemplate,highs,LTFarkas,1,221,11330.14706,11355,0.211360634,11330.20588,0.058823529,30,108,0.121212,0.079957,0.211835,2397,19775.26978,1.987481146,1,0,"{timeout:3600,max_col_multiplier:1,age_limit:2,random_seed:0,replication:1,num_threads:128}",1
e5100_3.json.gz,12391,e,5,100,LagrangeTemplate,highs,LTFarkas,1,169,12390.05263,12875,3.759223301,12391,0.947368421,13,114,0.078006,0.058639,0.145611,1622,20793.27231,1.797677963,1,0,"{timeout:3600,max_col_multiplier:1,age_limit:2,random_seed:0,replication:1,num_threads:128}",1
e5100_4.json.gz,13445,e,5,100,LagrangeTemplate,highs,LTFarkas,1,237,13444.14286,13510,0.481125093,13444.28571,0.142857143,18,111,0.123383,0.086766,0.220659,2566,20797.03039,2.010636428,1,0,"{timeout:3600,max_col_multiplier:1,age_limit:2,random_seed:0,replication:1,num_threads:128}",1
e5100_5.json.gz,13192,e,5,100,LagrangeTemplate,highs,LTFarkas,1,201,13191.5,13217,0.189150337,13191.5,0,28,107,0.102965,0.06968,0.182342,1953,18967.61035,1.691252073,1,0,"{timeout:3600,max_col_multiplier:1,age_limit:2,random_seed:0,replication:1,num_threads:128}",1
e5100_6.json.gz,12389,e,5,100,LagrangeTemplate,highs,LTFarkas,1,244,12388.45833,12511,0.975141875,12388.5,0.041666667,9,109,0.117344,0.097125,0.225256,2299,19591.96891,1.682832423,1,0,"{timeout:3600,max_col_multiplier:1,age_limit:2,random_seed:0,replication:1,num_threads:128}",1
e5100_7.json.gz,13152,e,5,100,LagrangeTemplate,highs,LTFarkas,1,187,13151.37705,13395,1.814109742,13151.63934,0.262295082,26,112,0.092444,0.070896,0.173069,1681,18183.98165,1.513090226,1,0,"{timeout:3600,max_col_multiplier:1,age_limit:2,random_seed:0,replication:1,num_threads:128}",1
e5100_8.json.gz,12300,e,5,100,LagrangeTemplate,highs,LTFarkas,1,266,12299.09259,12398,0.790450073,12299.09259,0,29,107,0.148509,0.086073,0.246268,2975,20032.45595,2.039316032,1,0,"{timeout:3600,max_col_multiplier:1,age_limit:2,random_seed:0,replication:1,num_threads:128}",1
e5100_9.json.gz,13552,e,5,100,LagrangeTemplate,highs,LTFarkas,1,346,13551.1875,13552,6.98E-13,13551.1875,0,21,110,0.182569,0.117882,0.313898,3726,20408.72218,2.009521516,1,0,"{timeout:3600,max_col_multiplier:1,age_limit:2,random_seed:0,replication:1,num_threads:128}",1
e5200_0.json.gz,25010,e,5,200,LagrangeTemplate,highs,LTFarkas,1,623,25009.11111,25012,0.007996162,25009.11111,0,24,214,1.55657,0.912838,2.50564,10040,6450.079341,3.181196124,1,0,"{timeout:3600,max_col_multiplier:1,age_limit:4,random_seed:0,replication:1,num_threads:128}",1
e5200_1.json.gz,23829,e,5,200,LagrangeTemplate,highs,LTFarkas,1,384,23828.16667,23931,0.426225398,23829,0.833333333,18,215,0.842469,0.504826,1.374483,5433,6448.901977,2.599768519,1,0,"{timeout:3600,max_col_multiplier:1,age_limit:4,random_seed:0,replication:1,num_threads:128}",1
e5200_2.json.gz,24566,e,5,200,LagrangeTemplate,highs,LTFarkas,1,327,24565.04651,24947,1.527237744,24565.04651,0,31,218,0.577649,0.479465,1.083285,3531,6112.708583,1.855211174,1,0,"{timeout:3600,max_col_multiplier:1,age_limit:4,random_seed:0,replication:1,num_threads:128}",1
e5200_3.json.gz,26689,e,5,200,LagrangeTemplate,highs,LTFarkas,1,610,26688.05797,26692,0.011239323,26688.92754,0.869565217,26,216,1.541418,0.86121,2.438706,12569,8154.180112,3.965290611,1,0,"{timeout:3600,max_col_multiplier:1,age_limit:4,random_seed:0,replication:1,num_threads:128}",1
e5200_4.json.gz,24314,e,5,200,LagrangeTemplate,highs,LTFarkas,1,346,24313.005,24622,1.250913817,24313.435,0.43,31,215,0.714373,0.507809,1.247632,3615,5060.381621,1.871747138,1,0,"{timeout:3600,max_col_multiplier:1,age_limit:4,random_seed:0,replication:1,num_threads:128}",1
e5200_5.json.gz,25692,e,5,200,LagrangeTemplate,highs,LTFarkas,1,605,25691.17647,25710,0.070011669,25691.5,0.323529412,9,225,1.483103,0.906467,2.428574,11871,8004.164242,3.844926121,1,0,"{timeout:3600,max_col_multiplier:1,age_limit:4,random_seed:0,replication:1,num_threads:128}",1
e5200_6.json.gz,24743,e,5,200,LagrangeTemplate,highs,LTFarkas,1,321,24742.23077,25173,1.708179399,24742.76923,0.538461538,27,225,0.579736,0.458086,1.066151,3702,6385.665199,1.920170243,1,0,"{timeout:3600,max_col_multiplier:1,age_limit:4,random_seed:0,replication:1,num_threads:128}",1
e5200_7.json.gz,24250,e,5,200,LagrangeTemplate,highs,LTFarkas,1,380,24249.01111,24373,0.504656792,24249.76667,0.755555556,27,230,0.635898,0.492604,1.157073,5679,8930.677561,2.685394737,1,0,"{timeout:3600,max_col_multiplier:1,age_limit:4,random_seed:0,replication:1,num_threads:128}",1
e5200_8.json.gz,23872,e,5,200,LagrangeTemplate,highs,LTFarkas,1,662,23871.09091,23872,1.24E-10,23871.72727,0.636363636,23,214,1.655199,1.10412,2.803512,11087,6698.288242,3.173779419,1,0,"{timeout:3600,max_col_multiplier:1,age_limit:4,random_seed:0,replication:1,num_threads:128}",1
e5200_9.json.gz,23905,e,5,200,LagrangeTemplate,highs,LTFarkas,1,577,23904.2,23928,0.096121698,23904.4,0.2,22,220,1.487673,0.861669,2.386013,9749,6553.187428,3.174475255,1,0,"{timeout:3600,max_col_multiplier:1,age_limit:4,random_seed:0,replication:1,num_threads:128}",1
e60900_0.json.gz,100180,e,60,900,LagrangeTemplate,highs,LTFarkas,1,419,100179.0303,102006,1.790090779,100179.0391,0.008824367,244,969,8.510446,1.753765,11.413868,106839,12553.86615,4.095626461,1,0,"{timeout:3600,max_col_multiplier:1,age_limit:2,random_seed:0,replication:1,num_threads:128}",1
e60900_1.json.gz,99210,e,60,900,LagrangeTemplate,highs,LTFarkas,1,377,99209.00676,101917,2.656082891,99209.07853,0.071769878,349,1015,7.679916,1.673533,10.498093,95212,12397.53143,4.088607822,1,0,"{timeout:3600,max_col_multiplier:1,age_limit:2,random_seed:0,replication:1,num_threads:128}",1
e60900_2.json.gz,99300,e,60,900,LagrangeTemplate,highs,LTFarkas,1,368,99299.01556,99371,0.071449417,99299.05985,0.044286316,309,974,6.826382,1.564481,9.545972,91286,13372.53028,3.958930754,1,0,"{timeout:3600,max_col_multiplier:1,age_limit:2,random_seed:0,replication:1,num_threads:128}",1
e60900_3.json.gz,100112,e,60,900,LagrangeTemplate,highs,LTFarkas,1,462,100111.0256,100167,0.054908303,100111.1715,0.145923176,304,1018,10.116942,2.01602,13.355156,119643,11826.00434,4.155151481,1,0,"{timeout:3600,max_col_multiplier:1,age_limit:2,random_seed:0,replication:1,num_threads:128}",1
e60900_4.json.gz,99595,e,60,900,LagrangeTemplate,highs,LTFarkas,1,337,99594.58771,100937,1.32954219,99594.83778,0.250064491,255,1025,6.49348,1.423387,9.07608,87509,13476.44098,4.116593216,1,0,"{timeout:3600,max_col_multiplier:1,age_limit:2,random_seed:0,replication:1,num_threads:128}",1
e60900_5.json.gz,100296,e,60,900,LagrangeTemplate,highs,LTFarkas,1,352,100295.5669,103082,2.702702703,100295.8343,0.267360372,296,1018,6.946959,1.481969,9.597336,93454,13452.5049,4.209131633,1,0,"{timeout:3600,max_col_multiplier:1,age_limit:2,random_seed:0,replication:1,num_threads:128}",1
e60900_6.json.gz,100037,e,60,900,LagrangeTemplate,highs,LTFarkas,1,430,100036.0977,100076,0.038970383,100036.6324,0.534722445,315,988,10.799961,1.899857,13.860347,122630,11354.67063,4.596862904,1,0,"{timeout:3600,max_col_multiplier:1,age_limit:2,random_seed:0,replication:1,num_threads:128}",1
e60900_7.json.gz,100418,e,60,900,LagrangeTemplate,highs,LTFarkas,1,363,100417.3167,102263,1.804171597,100417.6211,0.304408711,307,1058,6.850216,1.503912,9.525544,93064,13585.55701,4.063046741,1,0,"{timeout:3600,max_col_multiplier:1,age_limit:2,random_seed:0,replication:1,num_threads:128}",1
e60900_8.json.gz,100752,e,60,900,LagrangeTemplate,highs,LTFarkas,1,364,100751.1612,100775,0.022823121,100751.5434,0.382237312,241,998,6.805726,1.513136,9.465492,89726,13183.89838,3.904332685,1,0,"{timeout:3600,max_col_multiplier:1,age_limit:2,random_seed:0,replication:1,num_threads:128}",1
e60900_9.json.gz,100369,e,60,900,LagrangeTemplate,highs,LTFarkas,1,373,100368.0943,101993,1.592266136,100368.3176,0.223282091,303,1006,7.20148,1.535499,9.894101,94681,13147.43636,4.047398878,1,0,"{timeout:3600,max_col_multiplier:1,age_limit:2,random_seed:0,replication:1,num_threads:128}",1
e801600_0.json.gz,177195,e,80,1600,LagrangeTemplate,highs,LTFarkas,1,604,177194.0682,179237,1.139273699,177194.356,0.287848168,393,1748,36.567639,6.532778,47.050863,233690,6390.623141,4.656128213,1,0,"{timeout:3600,max_col_multiplier:1,age_limit:2,random_seed:0,replication:1,num_threads:128}",1
e801600_1.json.gz,177332,e,80,1600,LagrangeTemplate,highs,LTFarkas,1,640,177331.0027,179503,1.209450538,177331.0103,0.007574283,414,1690,41.780478,6.99228,52.590632,254782,6098.11118,4.876390233,1,0,"{timeout:3600,max_col_multiplier:1,age_limit:2,random_seed:0,replication:1,num_threads:128}",1
e801600_2.json.gz,177153,e,80,1600,LagrangeTemplate,highs,LTFarkas,1,731,177152.1617,177161,0.004515667,177152.6199,0.458278878,356,1731,53.103375,7.781058,64.831028,309493,5828.122977,5.140851821,1,0,"{timeout:3600,max_col_multiplier:1,age_limit:2,random_seed:0,replication:1,num_threads:128}",1
e801600_3.json.gz,176785,e,80,1600,LagrangeTemplate,highs,LTFarkas,1,857,176784.054,176805,0.011311897,176784.24,0.186033367,431,1706,63.10956,9.879532,76.861338,355872,5638.955493,5.105817492,1,0,"{timeout:3600,max_col_multiplier:1,age_limit:2,random_seed:0,replication:1,num_threads:128}",1
e801600_4.json.gz,176556,e,80,1600,LagrangeTemplate,highs,LTFarkas,1,1032,176555.2383,176596,0.022650569,176555.9285,0.690218247,355,1745,90.715453,12.213866,107.036215,463894,5113.726324,5.525812571,1,0,"{timeout:3600,max_col_multiplier:1,age_limit:2,random_seed:0,replication:1,num_threads:128}",1
e801600_5.json.gz,176530,e,80,1600,LagrangeTemplate,highs,LTFarkas,1,823,176529.2325,176550,0.011328236,176529.4589,0.226397934,450,1757,69.358289,9.35064,82.68479,373072,5378.910082,5.579823897,1,0,"{timeout:3600,max_col_multiplier:1,age_limit:2,random_seed:0,replication:1,num_threads:128}",1
e801600_6.json.gz,177313,e,80,1600,LagrangeTemplate,highs,LTFarkas,1,784,177312.1977,177346,0.018607693,177312.3311,0.133353915,398,1724,56.67524,8.646164,69.299354,325637,5745.666009,5.090236987,1,0,"{timeout:3600,max_col_multiplier:1,age_limit:2,random_seed:0,replication:1,num_threads:128}",1
e801600_7.json.gz,176238,e,80,1600,LagrangeTemplate,highs,LTFarkas,1,767,176237.006,176313,0.042537986,176237.4723,0.466366105,537,1796,61.944873,8.653289,74.655718,345867,5583.46451,5.534642718,1,0,"{timeout:3600,max_col_multiplier:1,age_limit:2,random_seed:0,replication:1,num_threads:128}",1
e801600_8.json.gz,177482,e,80,1600,LagrangeTemplate,highs,LTFarkas,1,680,177481.2235,177517,0.019716422,177481.7362,0.512636337,377,1777,42.193238,7.265925,53.339604,269878,6396.238184,4.844043653,1,0,"{timeout:3600,max_col_multiplier:1,age_limit:2,random_seed:0,replication:1,num_threads:128}",1
e801600_9.json.gz,176266,e,80,1600,LagrangeTemplate,highs,LTFarkas,1,755,176265.0014,176292,0.014748258,176265.0722,0.070749569,339,1712,54.037135,8.47874,66.471623,311895,5771.864108,5.036783964,1,0,"{timeout:3600,max_col_multiplier:1,age_limit:2,random_seed:0,replication:1,num_threads:128}",1
f1201600.json.gz,220868,f,120,1600,LagrangeTemplate,highs,LTFarkas,1,212,220867.2797,237611,7.04639095,220867.2797,0,703,1738,21.719912,16.168326,40.294422,177099,8153.762317,6.543545117,1,0,"{timeout:3600,max_col_multiplier:1,age_limit:2,random_seed:0,replication:1,num_threads:128}",1
f1201600_0.json.gz,203375,f,120,1600,LagrangeTemplate,highs,LTFarkas,1,218,203374.0265,264405,23.08201433,203374.7052,0.678693367,698,1769,18.587655,14.887905,35.74993,155898,8387.179555,5.961217811,1,0,"{timeout:3600,max_col_multiplier:1,age_limit:2,random_seed:0,replication:1,num_threads:128}",1
f1201600_1.json.gz,206759,f,120,1600,LagrangeTemplate,highs,LTFarkas,1,213,206758.3133,238818,13.42403001,206758.3133,0,700,1722,18.702711,14.797277,35.943094,160752,8595.117574,6.170157362,1,0,"{timeout:3600,max_col_multiplier:1,age_limit:2,random_seed:0,replication:1,num_threads:128}",1
f1201600_2.json.gz,204174,f,120,1600,LagrangeTemplate,highs,LTFarkas,1,196,204173.2687,236237,13.57238705,204173.4555,0.18681457,709,1723,15.875182,13.560488,31.833957,139671,8798.072362,5.752923617,1,0,"{timeout:3600,max_col_multiplier:1,age_limit:2,random_seed:0,replication:1,num_threads:128}",1
f1201600_3.json.gz,228203,f,120,1600,LagrangeTemplate,highs,LTFarkas,1,229,228202.1824,242131,5.752258075,228202.1824,0,712,1762,22.954221,18.141138,43.389952,180983,7884.519366,6.212836643,1,0,"{timeout:3600,max_col_multiplier:1,age_limit:2,random_seed:0,replication:1,num_threads:128}",1
f1201600_4.json.gz,220824,f,120,1600,LagrangeTemplate,highs,LTFarkas,1,207,220823.2035,244959,9.852669222,220823.2035,0,705,1731,18.481421,15.662545,36.561074,153403,8300.389889,5.911491871,1,0,"{timeout:3600,max_col_multiplier:1,age_limit:2,random_seed:0,replication:1,num_threads:128}",1
f1201600_5.json.gz,199464,f,120,1600,LagrangeTemplate,highs,LTFarkas,1,212,199463.2904,215081,7.260985396,199463.892,0.601587621,690,1759,17.35238,13.708856,33.337456,148914,8581.762271,5.651646537,1,0,"{timeout:3600,max_col_multiplier:1,age_limit:2,random_seed:0,replication:1,num_threads:128}",1
f1201600_6.json.gz,258157,f,120,1600,LagrangeTemplate,highs,LTFarkas,1,239,258156.5509,280150,7.850437266,258156.6378,0.086949002,776,1758,23.254596,22.566723,48.608238,182286,7838.708529,6.093810143,1,0,"{timeout:3600,max_col_multiplier:1,age_limit:2,random_seed:0,replication:1,num_threads:128}",1
f1201600_7.json.gz,241319,f,120,1600,LagrangeTemplate,highs,LTFarkas,1,212,241318.206,268035,9.96735501,241318.206,0,722,1722,18.742827,18.772478,40.021886,157988,8429.251361,5.919979783,1,0,"{timeout:3600,max_col_multiplier:1,age_limit:2,random_seed:0,replication:1,num_threads:128}",1
f1201600_8.json.gz,224966,f,120,1600,LagrangeTemplate,highs,LTFarkas,1,202,224965.2464,256680,12.35546205,224965.6155,0.369090498,706,1738,17.802059,15.589198,35.848989,153067,8598.275065,6.121495465,1,0,"{timeout:3600,max_col_multiplier:1,age_limit:2,random_seed:0,replication:1,num_threads:128}",1
f1201600_9.json.gz,240712,f,120,1600,LagrangeTemplate,highs,LTFarkas,1,240,240711.1404,256026,5.981423762,240711.4173,0.276910314,699,1725,22.184121,21.05396,45.81924,173659,7828.076668,5.90084298,1,0,"{timeout:3600,max_col_multiplier:1,age_limit:2,random_seed:0,replication:1,num_threads:128}",1
f1203200.json.gz,451382,f,120,3200,LagrangeTemplate,highs,LTFarkas,1,416,451381.4672,474932,4.9586046,451381.9495,0.482284237,921,3346,187.125739,150.290852,344.531528,502375,2684.692136,9.704706178,1,0,"{timeout:3600,max_col_multiplier:1,age_limit:3,random_seed:0,replication:1,num_threads:128}",1
f1203200_0.json.gz,398774,f,120,3200,LagrangeTemplate,highs,LTFarkas,1,426,398773.2743,421321,5.351501587,398773.874,0.599767512,857,3328,180.317471,135.511443,322.814107,461320,2558.376609,8.728145252,1,0,"{timeout:3600,max_col_multiplier:1,age_limit:3,random_seed:0,replication:1,num_threads:128}",1
f1203200_1.json.gz,403753,f,120,3200,LagrangeTemplate,highs,LTFarkas,1,426,403752.528,419269,3.700726741,403752.6098,0.08176171,890,3325,189.926546,135.950403,332.866887,485953,2558.636537,9.301531768,1,0,"{timeout:3600,max_col_multiplier:1,age_limit:3,random_seed:0,replication:1,num_threads:128}",1
f1203200_2.json.gz,404674,f,120,3200,LagrangeTemplate,highs,LTFarkas,1,411,404673.6197,432184,6.36534439,404673.6197,0,835,3323,167.408264,133.830125,307.532378,431891,2579.866667,8.667316677,1,0,"{timeout:3600,max_col_multiplier:1,age_limit:3,random_seed:0,replication:1,num_threads:128}",1
f1203200_3.json.gz,426001,f,120,3200,LagrangeTemplate,highs,LTFarkas,1,468,426000.0699,442684,3.768602434,426000.0699,0,863,3323,181.802867,155.275065,343.755722,494354,2719.17604,8.526067233,1,0,"{timeout:3600,max_col_multiplier:1,age_limit:3,random_seed:0,replication:1,num_threads:128}",1
f1203200_4.json.gz,431379,f,120,3200,LagrangeTemplate,highs,LTFarkas,1,419,431378.2337,456450,5.492605981,431378.2337,0,872,3323,170.874428,146.908698,324.351796,462818,2708.526989,8.920957942,1,0,"{timeout:3600,max_col_multiplier:1,age_limit:3,random_seed:0,replication:1,num_threads:128}",1
f1203200_5.json.gz,464191,f,120,3200,LagrangeTemplate,highs,LTFarkas,1,413,464190.3568,513313,9.569599835,464190.3568,0,835,3324,176.446251,157.460742,341.683823,470870,2668.631367,9.134218611,1,0,"{timeout:3600,max_col_multiplier:1,age_limit:3,random_seed:0,replication:1,num_threads:128}",1
f1203200_6.json.gz,467231,f,120,3200,LagrangeTemplate,highs,LTFarkas,1,474,467230.0744,484665,3.597123786,467230.5305,0.456090747,890,3333,240.194727,176.178161,423.17869,586961,2443.688116,10.08369946,1,0,"{timeout:3600,max_col_multiplier:1,age_limit:3,random_seed:0,replication:1,num_threads:128}",1
f1203200_7.json.gz,402305,f,120,3200,LagrangeTemplate,highs,LTFarkas,1,402,402304.0577,429356,6.30036613,402304.1028,0.045111074,868,3327,157.857483,125.216347,289.796323,440259,2788.965031,8.960975618,1,0,"{timeout:3600,max_col_multiplier:1,age_limit:3,random_seed:0,replication:1,num_threads:128}",1
f1203200_8.json.gz,423595,f,120,3200,LagrangeTemplate,highs,LTFarkas,1,400,423594.2187,455729,7.051120293,423594.6418,0.423124708,858,3329,161.559664,132.530575,300.824911,433471,2683.039747,8.698784721,1,0,"{timeout:3600,max_col_multiplier:1,age_limit:3,random_seed:0,replication:1,num_threads:128}",1
f1203200_9.json.gz,433128,f,120,3200,LagrangeTemplate,highs,LTFarkas,1,449,433127.2135,452394,4.258677171,433127.5879,0.37442017,853,3329,182.417961,148.697806,337.91737,494971,2713.38961,8.890938842,1,0,"{timeout:3600,max_col_multiplier:1,age_limit:3,random_seed:0,replication:1,num_threads:128}",1
f1204000.json.gz,483365,f,120,4000,LagrangeTemplate,highs,LTFarkas,1,553,483364.1718,510402,5.297197111,483364.1718,0,909,4126,417.690478,259.399458,687.240115,623141,1491.872649,9.150821089,1,0,"{timeout:3600,max_col_multiplier:1,age_limit:3,random_seed:0,replication:1,num_threads:128}",1
f1204000_0.json.gz,537743,f,120,4000,LagrangeTemplate,highs,LTFarkas,1,587,537742.0326,558177,3.660845932,537742.0326,0,900,4123,465.980002,329.799903,806.030869,683351,1466.481388,9.329383973,1,0,"{timeout:3600,max_col_multiplier:1,age_limit:3,random_seed:0,replication:1,num_threads:128}",1
f1204000_1.json.gz,621842,f,120,4000,LagrangeTemplate,highs,LTFarkas,1,553,621841.7206,664368,6.400970546,621841.9978,0.277149512,928,4129,464.433026,356.524371,830.630037,693165,1492.49722,9.995234576,1,0,"{timeout:3600,max_col_multiplier:1,age_limit:3,random_seed:0,replication:1,num_threads:128}",1
f1204000_2.json.gz,523765,f,120,4000,LagrangeTemplate,highs,LTFarkas,1,611,523764.0662,558544,6.2267252,523764.9048,0.838575026,924,4124,473.352512,326.667262,809.179157,706685,1492.935988,9.459946168,1,0,"{timeout:3600,max_col_multiplier:1,age_limit:3,random_seed:0,replication:1,num_threads:128}",1
f1204000_3.json.gz,574724,f,120,4000,LagrangeTemplate,highs,LTFarkas,1,581,574723.0352,593900,3.228826402,574723.1412,0.106007703,928,4142,442.694991,321.682673,774.667407,686161,1549.963325,9.51072843,1,0,"{timeout:3600,max_col_multiplier:1,age_limit:3,random_seed:0,replication:1,num_threads:128}",1
f1204000_4.json.gz,525874,f,120,4000,LagrangeTemplate,highs,LTFarkas,1,604,525873.0261,542880,3.132552314,525873.1951,0.169066051,920,4210,465.755683,317.68497,792.816115,671708,1442.189595,9.049844537,1,0,"{timeout:3600,max_col_multiplier:1,age_limit:3,random_seed:0,replication:1,num_threads:128}",1
f1204000_5.json.gz,528205,f,120,4000,LagrangeTemplate,highs,LTFarkas,1,602,528204.134,551779,4.272362667,528204.8546,0.720607577,891,4174,505.070865,315.78478,831.184576,718994,1423.550733,9.656456473,1,0,"{timeout:3600,max_col_multiplier:1,age_limit:3,random_seed:0,replication:1,num_threads:128}",1
f1204000_6.json.gz,525513,f,120,4000,LagrangeTemplate,highs,LTFarkas,1,626,525512.3265,546042,3.75960091,525512.4516,0.125056675,920,4160,569.885365,341.676413,921.455138,813997,1428.352174,10.51538985,1,0,"{timeout:3600,max_col_multiplier:1,age_limit:3,random_seed:0,replication:1,num_threads:128}",1
f1204000_7.json.gz,473469,f,120,4000,LagrangeTemplate,highs,LTFarkas,1,530,473468.0349,506080,6.443842871,473468.8256,0.790668268,899,4125,439.005814,241.588541,689.172572,615936,1403.024699,9.362621598,1,0,"{timeout:3600,max_col_multiplier:1,age_limit:3,random_seed:0,replication:1,num_threads:128}",1
f1204000_8.json.gz,533700,f,120,4000,LagrangeTemplate,highs,LTFarkas,1,613,533699.0297,551145,3.165228751,533699.9611,0.931446642,902,4129,492.752401,330.22927,832.769288,740491,1502.764874,9.734511941,1,0,"{timeout:3600,max_col_multiplier:1,age_limit:3,random_seed:0,replication:1,num_threads:128}",1
f1204000_9.json.gz,581825,f,120,4000,LagrangeTemplate,highs,LTFarkas,1,603,581824.35,603172,3.539123169,581824.6979,0.347867984,892,4188,483.129912,370.146143,862.99817,698023,1444.79359,9.433905029,1,0,"{timeout:3600,max_col_multiplier:1,age_limit:3,random_seed:0,replication:1,num_threads:128}",1
f1205000.json.gz,646010,f,120,5000,LagrangeTemplate,highs,LTFarkas,1,593,646009.0412,677294,4.618969015,646009.4074,0.366189419,954,5147,1299.857733,497.350044,1811.519725,832341,640.3323832,11.19948834,1,0,"{timeout:3600,max_col_multiplier:1,age_limit:4,random_seed:0,replication:1,num_threads:128}",1
f1205000_0.json.gz,607887,f,120,5000,LagrangeTemplate,highs,LTFarkas,1,683,607886.2554,633095,3.981708906,607886.3563,0.10091497,941,5169,1652.429576,496.281449,2163.462408,1110247,671.8876351,13.18911402,1,0,"{timeout:3600,max_col_multiplier:1,age_limit:4,random_seed:0,replication:1,num_threads:128}",1
f1205000_1.json.gz,664240,f,120,5000,LagrangeTemplate,highs,LTFarkas,1,760,664239.1241,676459,1.806317898,664239.1764,0.052278109,968,5172,2231.958353,665.631078,2911.97161,1291518,578.6478938,13.9678234,1,0,"{timeout:3600,max_col_multiplier:1,age_limit:4,random_seed:0,replication:1,num_threads:128}",1
f1205000_2.json.gz,805289,f,120,5000,LagrangeTemplate,highs,LTFarkas,1,636,805288.0147,852944,5.587119436,805288.1742,0.159521733,964,5169,1727.141627,693.376713,2436.339778,1018446,589.6713877,12.89718033,1,0,"{timeout:3600,max_col_multiplier:1,age_limit:4,random_seed:0,replication:1,num_threads:128}",1
f1205000_3.json.gz,747278,f,120,5000,LagrangeTemplate,highs,LTFarkas,1,704,747277.2382,793803,5.861025972,747277.2382,0,960,5124,1868.691911,713.293168,2595.662985,1076451,576.045197,12.41384804,1,0,"{timeout:3600,max_col_multiplier:1,age_limit:4,random_seed:0,replication:1,num_threads:128}",1
f1205000_4.json.gz,714762,f,120,5000,LagrangeTemplate,highs,LTFarkas,1,640,714761.1667,732186,2.379723185,714761.7075,0.540791602,957,5146,1663.120627,626.854135,2302.982392,986349,593.0712325,12.50731228,1,0,"{timeout:3600,max_col_multiplier:1,age_limit:4,random_seed:0,replication:1,num_threads:128}",1
f1205000_5.json.gz,766005,f,120,5000,LagrangeTemplate,highs,LTFarkas,1,654,766004.3814,804379,4.770636727,766004.766,0.384547634,976,5136,1598.934058,652.869349,2265.021712,1008414,630.678917,12.52168384,1,0,"{timeout:3600,max_col_multiplier:1,age_limit:4,random_seed:0,replication:1,num_threads:128}",1
f1205000_6.json.gz,664053,f,120,5000,LagrangeTemplate,highs,LTFarkas,1,654,664052.0439,691034,3.904438854,664052.2881,0.244157583,941,5139,1342.052089,545.96068,1901.927303,917666,683.7782285,11.39166657,1,0,"{timeout:3600,max_col_multiplier:1,age_limit:4,random_seed:100,replication:1,num_threads:128}",1
f1205000_7.json.gz,618339,f,120,5000,LagrangeTemplate,highs,LTFarkas,1,633,618338.2478,640669,3.485419148,618338.2478,0,931,5126,1321.755494,498.708655,1832.771413,867848,656.5873975,11.16995627,1,0,"{timeout:3600,max_col_multiplier:1,age_limit:4,random_seed:0,replication:1,num_threads:128}",1
f1205000_8.json.gz,753942,f,120,5000,LagrangeTemplate,highs,LTFarkas,1,683,753941.0585,790209,4.589545298,753941.7086,0.650093152,969,5127,1666.529993,671.681407,2352.068811,1099329,659.6514942,12.98071252,1,0,"{timeout:3600,max_col_multiplier:1,age_limit:4,random_seed:0,replication:1,num_threads:128}",1
f1205000_9.json.gz,605081,f,120,5000,LagrangeTemplate,highs,LTFarkas,1,674,605080.4198,632876,4.391855592,605080.4198,0,934,5130,1449.687532,489.840632,1953.048505,936736,646.1640728,11.41710458,1,0,"{timeout:3600,max_col_multiplier:1,age_limit:4,random_seed:0,replication:1,num_threads:128}",1
f1603200.json.gz,314240,f,160,3200,LagrangeTemplate,highs,LTFarkas,1,417,314239.1888,334544,6.069156822,314239.5461,0.357274627,1064,3367,144.088889,93.491458,246.57422,508389,3528.3012,7.479753949,1,0,"{timeout:3600,max_col_multiplier:1,age_limit:2,random_seed:0,replication:1,num_threads:128}",1
f1603200_0.json.gz,343233,f,160,3200,LagrangeTemplate,highs,LTFarkas,1,381,343232.466,377452,9.065788498,343232.466,0,1052,3371,135.120528,102.576153,247.569734,484625,3586.612687,7.922101786,1,0,"{timeout:3600,max_col_multiplier:1,age_limit:2,random_seed:0,replication:1,num_threads:128}",1
f1603200_1.json.gz,344970,f,160,3200,LagrangeTemplate,highs,LTFarkas,1,456,344969.0424,363312,5.04855331,344969.0424,0,1076,3362,171.627185,115.009429,295.72559,587757,3424.614813,7.83767193,1,0,"{timeout:3600,max_col_multiplier:1,age_limit:2,random_seed:0,replication:1,num_threads:128}",1
f1603200_2.json.gz,334084,f,160,3200,LagrangeTemplate,highs,LTFarkas,1,458,334083.276,343858,2.842452408,334083.276,0,1074,3364,168.718384,109.098741,286.812414,580399,3440.045988,7.72344754,1,0,"{timeout:3600,max_col_multiplier:1,age_limit:2,random_seed:0,replication:1,num_threads:128}",1
f1603200_3.json.gz,358531,f,160,3200,LagrangeTemplate,highs,LTFarkas,1,398,358530.2342,402713,10.97108859,358530.8091,0.574973572,1064,3373,157.748292,112.752966,280.532548,550519,3489.85712,8.219135194,1,0,"{timeout:3600,max_col_multiplier:1,age_limit:2,random_seed:0,replication:1,num_threads:128}",1
f1603200_4.json.gz,320630,f,160,3200,LagrangeTemplate,highs,LTFarkas,1,409,320629.3014,345926,7.312546614,320629.3014,0,1041,3370,160.027858,99.464697,268.492896,541922,3386.422881,8.100943203,1,0,"{timeout:3600,max_col_multiplier:1,age_limit:2,random_seed:0,replication:1,num_threads:128}",1
f1603200_5.json.gz,368282,f,160,3200,LagrangeTemplate,highs,LTFarkas,1,417,368281.3669,394833,6.724615217,368281.5727,0.205761182,1084,3377,153.660881,120.066312,282.693489,551072,3586.28687,7.901884961,1,0,"{timeout:3600,max_col_multiplier:1,age_limit:2,random_seed:0,replication:1,num_threads:128}",1
f1603200_6.json.gz,294378,f,160,3200,LagrangeTemplate,highs,LTFarkas,1,392,294377.0656,312918,5.924874887,294377.9868,0.921190559,1050,3395,121.811145,79.186398,209.410802,464834,3816.021925,7.256234277,1,0,"{timeout:3600,max_col_multiplier:1,age_limit:2,random_seed:0,replication:1,num_threads:128}",1
f1603200_7.json.gz,319163,f,160,3200,LagrangeTemplate,highs,LTFarkas,1,389,319162.0335,351205,9.12344642,319162.0335,0,1053,3364,130.111301,89.723273,228.673189,487374,3745.823739,7.72686169,1,0,"{timeout:3600,max_col_multiplier:1,age_limit:2,random_seed:0,replication:1,num_threads:128}",1
f1603200_8.json.gz,317219,f,160,3200,LagrangeTemplate,highs,LTFarkas,1,391,317218.2673,343350,7.610601427,317218.3305,0.06313406,1050,3394,149.480184,92.494664,251.086808,516881,3457.856327,7.973679981,1,0,"{timeout:3600,max_col_multiplier:1,age_limit:2,random_seed:0,replication:1,num_threads:128}",1
f1603200_9.json.gz,337974,f,160,3200,LagrangeTemplate,highs,LTFarkas,1,385,337973.606,356034,5.072549251,337973.6859,0.079840096,1083,3365,139.468012,105.013562,253.373396,496026,3556.557471,7.799152198,1,0,"{timeout:3600,max_col_multiplier:1,age_limit:2,random_seed:0,replication:1,num_threads:128}",1
f1604000.json.gz,473522,f,160,4000,LagrangeTemplate,highs,LTFarkas,1,407,473521.0893,516718,8.359685554,473521.0893,0,1170,4169,346.428063,202.418843,562.198751,810781,2340.402198,11.93898175,1,0,"{timeout:3600,max_col_multiplier:1,age_limit:3,random_seed:0,replication:1,num_threads:128}",1
f1604000_0.json.gz,386967,f,160,4000,LagrangeTemplate,highs,LTFarkas,1,405,386966.5331,414138,6.560856526,386966.5795,0.046376634,1140,4185,319.859991,148.16483,480.659863,716855,2241.152442,10.92263123,1,0,"{timeout:3600,max_col_multiplier:1,age_limit:3,random_seed:0,replication:1,num_threads:128}",1
f1604000_1.json.gz,454124,f,160,4000,LagrangeTemplate,highs,LTFarkas,1,467,454123.2336,484440,6.257947321,454123.6022,0.368660875,1145,4177,468.299768,218.99339,700.098345,996347,2127.5838,12.94643391,1,0,"{timeout:3600,max_col_multiplier:1,age_limit:3,random_seed:0,replication:1,num_threads:128}",1
f1604000_2.json.gz,465368,f,160,4000,LagrangeTemplate,highs,LTFarkas,1,422,465367.6088,505795,7.992763867,465367.8859,0.277105954,1171,4226,405.143152,214.435064,633.937928,891722,2201.004745,12.62649782,1,0,"{timeout:3600,max_col_multiplier:1,age_limit:3,random_seed:0,replication:1,num_threads:128}",1
f1604000_3.json.gz,399568,f,160,4000,LagrangeTemplate,highs,LTFarkas,1,513,399567.7075,415323,3.793433063,399567.7973,0.089855226,1131,4164,434.540042,206.359841,653.813667,947229,2179.842842,11.41282414,1,0,"{timeout:3600,max_col_multiplier:1,age_limit:3,random_seed:0,replication:1,num_threads:128}",1
f1604000_4.json.gz,377773,f,160,4000,LagrangeTemplate,highs,LTFarkas,1,410,377772.1344,402367,6.112330286,377772.6236,0.489223331,1116,4296,316.783645,148.548971,477.665146,716549,2261.950739,10.75520532,1,0,"{timeout:3600,max_col_multiplier:1,age_limit:3,random_seed:0,replication:1,num_threads:128}",1
f1604000_5.json.gz,392765,f,160,4000,LagrangeTemplate,highs,LTFarkas,1,469,392764.0642,402755,2.480416134,392764.7355,0.67129761,1122,4193,424.349018,171.416713,608.241259,926234,2182.717435,12.21927217,1,0,"{timeout:3600,max_col_multiplier:1,age_limit:3,random_seed:0,replication:1,num_threads:128}",1
f1604000_6.json.gz,408636,f,160,4000,LagrangeTemplate,highs,LTFarkas,1,403,408635.2532,447010,8.584595423,408635.9047,0.651464192,1129,4199,339.019005,164.20488,515.618092,767318,2263.348039,11.46286862,1,0,"{timeout:3600,max_col_multiplier:1,age_limit:3,random_seed:0,replication:1,num_threads:128}",1
f1604000_7.json.gz,407618,f,160,4000,LagrangeTemplate,highs,LTFarkas,1,390,407617.3262,433336,5.934886555,407617.6813,0.355059006,1122,4181,297.519605,154.743703,464.906726,711571,2391.677685,11.17601055,1,0,"{timeout:3600,max_col_multiplier:1,age_limit:3,random_seed:0,replication:1,num_threads:128}",1
f1604000_8.json.gz,414072,f,160,4000,LagrangeTemplate,highs,LTFarkas,1,449,414071.0264,492548,15.93266037,414071.0264,0,1112,4163,394.594724,187.319726,594.944073,853870,2163.916414,11.71172359,1,0,"{timeout:3600,max_col_multiplier:1,age_limit:3,random_seed:0,replication:1,num_threads:128}",1
f1604000_9.json.gz,428830,f,160,4000,LagrangeTemplate,highs,LTFarkas,1,449,428829.0272,459749,6.725191354,428829.2041,0.176900071,1145,4164,391.698646,190.596051,595.903275,852240,2175.754266,11.6264544,1,0,"{timeout:3600,max_col_multiplier:1,age_limit:3,random_seed:0,replication:1,num_threads:128}",1
f1605000.json.gz,558314,f,160,5000,LagrangeTemplate,highs,LTFarkas,1,549,558313.1249,602157,7.280991502,558313.1249,0,1212,5166,958.478124,407.882203,1385.01546,1182218,1233.432428,13.05850688,1,0,"{timeout:3600,max_col_multiplier:1,age_limit:3,random_seed:0,replication:1,num_threads:128}",1
f1605000_0.json.gz,529074,f,160,5000,LagrangeTemplate,highs,LTFarkas,1,579,529073.046,547972,3.448716358,529073.4022,0.356209755,1203,5165,831.619344,356.54746,1207.660696,1121324,1348.362094,11.91167736,1,0,"{timeout:3600,max_col_multiplier:1,age_limit:3,random_seed:0,replication:1,num_threads:128}",1
f1605000_1.json.gz,550876,f,160,5000,LagrangeTemplate,highs,LTFarkas,1,673,550875.9966,579479,4.935985601,550875.9966,0,1199,5163,1160.492652,462.313766,1640.913949,1415008,1219.316639,12.90193363,1,0,"{timeout:3600,max_col_multiplier:1,age_limit:3,random_seed:0,replication:1,num_threads:128}",1
f1605000_2.json.gz,497173,f,160,5000,LagrangeTemplate,highs,LTFarkas,1,569,497172.2197,517889,4.00008496,497172.5087,0.288987443,1200,5186,802.870874,337.25104,1159.258813,1046631,1303.610623,11.31414833,1,0,"{timeout:3600,max_col_multiplier:1,age_limit:3,random_seed:0,replication:1,num_threads:128}",1
f1605000_3.json.gz,559389,f,160,5000,LagrangeTemplate,highs,LTFarkas,1,600,559388.2227,579498,3.470072373,559388.2227,0,1207,5165,975.174922,418.510319,1411.540089,1232871,1264.25626,12.58169012,1,0,"{timeout:3600,max_col_multiplier:1,age_limit:3,random_seed:0,replication:1,num_threads:128}",1
f1605000_4.json.gz,572283,f,160,5000,LagrangeTemplate,highs,LTFarkas,1,545,572282.0906,604955,5.400732286,572282.0906,0,1232,5172,813.925615,390.689652,1222.981007,1052525,1293.146426,11.73200242,1,0,"{timeout:3600,max_col_multiplier:1,age_limit:3,random_seed:0,replication:1,num_threads:128}",1
f1605000_5.json.gz,497691,f,160,5000,LagrangeTemplate,highs,LTFarkas,1,541,497690.1075,522877,4.816811602,497690.5612,0.4536415,1199,5174,777.911249,320.879554,1116.511386,1039128,1335.792484,11.74768014,1,0,"{timeout:3600,max_col_multiplier:1,age_limit:3,random_seed:0,replication:1,num_threads:128}",1
f1605000_6.json.gz,482511,f,160,5000,LagrangeTemplate,highs,LTFarkas,1,595,482510.1266,499832,3.465364362,482510.7865,0.659921038,1186,5249,912.638928,334.34408,1265.237291,1167698,1279.474241,11.99762094,1,0,"{timeout:3600,max_col_multiplier:1,age_limit:3,random_seed:0,replication:1,num_threads:128}",1
f1605000_7.json.gz,508386,f,160,5000,LagrangeTemplate,highs,LTFarkas,1,585,508385.098,524645,3.099047928,508385.5701,0.472100468,1152,5167,773.556085,348.594876,1139.591293,1029796,1331.249304,10.85626572,1,0,"{timeout:3600,max_col_multiplier:1,age_limit:3,random_seed:0,replication:1,num_threads:128}",1
f1605000_8.json.gz,515581,f,160,5000,LagrangeTemplate,highs,LTFarkas,1,603,515580.3341,533832,3.41886586,515580.3364,0.002355836,1194,5177,862.0371,388.424378,1269.353643,1111088,1288.909723,11.36389874,1,0,"{timeout:3600,max_col_multiplier:1,age_limit:3,random_seed:0,replication:1,num_threads:128}",1
f1605000_9.json.gz,509520,f,160,5000,LagrangeTemplate,highs,LTFarkas,1,531,509519.2893,533769,4.542976456,509519.8412,0.551975153,1202,5165,675.697514,323.878525,1018.615557,912337,1350.21512,10.53577285,1,0,"{timeout:3600,max_col_multiplier:1,age_limit:3,random_seed:0,replication:1,num_threads:128}",1
f2004000.json.gz,328306,f,200,4000,LagrangeTemplate,highs,LTFarkas,1,415,328305.1871,375044,12.46200446,328305.2809,0.093842769,1342,4212,288.739771,124.951502,429.489414,813227,2816.470337,9.561285371,1,0,"{timeout:3600,max_col_multiplier:1,age_limit:2,random_seed:0,replication:1,num_threads:128}",1
f2004000_0.json.gz,344665,f,200,4000,LagrangeTemplate,highs,LTFarkas,1,472,344664.2366,359370,4.091883018,344664.5907,0.354107859,1345,4242,297.619445,144.684682,458.763613,858668,2885.120628,9.003245696,1,0,"{timeout:3600,max_col_multiplier:1,age_limit:2,random_seed:0,replication:1,num_threads:128}",1
f2004000_1.json.gz,352493,f,200,4000,LagrangeTemplate,highs,LTFarkas,1,408,352492.11,387572,9.050963434,352492.6032,0.49320292,1363,4213,265.849249,137.232955,419.191749,763502,2871.935892,9.143999746,1,0,"{timeout:3600,max_col_multiplier:1,age_limit:2,random_seed:0,replication:1,num_threads:128}",1
f2004000_2.json.gz,384314,f,200,4000,LagrangeTemplate,highs,LTFarkas,1,441,384313.5111,473231,18.78934389,384313.5568,0.045739414,1372,4243,319.147312,166.036147,501.653029,873756,2737.782733,9.730177837,1,0,"{timeout:3600,max_col_multiplier:1,age_limit:2,random_seed:0,replication:1,num_threads:128}",1
f2004000_3.json.gz,350265,f,200,4000,LagrangeTemplate,highs,LTFarkas,1,447,350264.0754,369399,5.17976497,350264.1628,0.087394892,1339,4222,291.520888,143.98709,451.733597,828687,2842.633355,9.151049188,1,0,"{timeout:3600,max_col_multiplier:1,age_limit:2,random_seed:0,replication:1,num_threads:128}",1
f2004000_4.json.gz,329125,f,200,4000,LagrangeTemplate,highs,LTFarkas,1,417,329124.0216,374683,12.15907847,329124.0216,0,1326,4218,276.88633,129.124154,421.480289,804877,2906.886013,9.512204307,1,0,"{timeout:3600,max_col_multiplier:1,age_limit:2,random_seed:0,replication:1,num_threads:128}",1
f2004000_5.json.gz,333431,f,200,4000,LagrangeTemplate,highs,LTFarkas,1,399,333430.3298,364332,8.481549795,333430.3298,0,1357,4213,226.337159,120.04388,361.999865,693244,3062.881955,8.403618524,1,0,"{timeout:3600,max_col_multiplier:1,age_limit:2,random_seed:0,replication:1,num_threads:128}",1
f2004000_6.json.gz,344643,f,200,4000,LagrangeTemplate,highs,LTFarkas,1,456,344642.4233,355489,3.05100861,344642.804,0.380702967,1327,4213,343.690417,158.297101,518.51918,924484,2689.874242,9.874840979,1,0,"{timeout:3600,max_col_multiplier:1,age_limit:2,random_seed:0,replication:1,num_threads:128}",1
f2004000_7.json.gz,335171,f,200,4000,LagrangeTemplate,highs,LTFarkas,1,380,335170.094,353508,5.187152766,335170.4497,0.355722554,1354,4229,239.882563,113.593442,369.261066,714392,2978.090575,9.165162427,1,0,"{timeout:3600,max_col_multiplier:1,age_limit:2,random_seed:0,replication:1,num_threads:128}",1
f2004000_8.json.gz,305961,f,200,4000,LagrangeTemplate,highs,LTFarkas,1,487,305960.0756,320830,4.634541658,305960.0989,0.023292585,1306,4228,289.184658,134.479347,440.008083,818900,2831.75465,8.410719509,1,0,"{timeout:3600,max_col_multiplier:1,age_limit:2,random_seed:0,replication:1,num_threads:128}",1
f2004000_9.json.gz,336713,f,200,4000,LagrangeTemplate,highs,LTFarkas,1,531,336712.301,348819,3.47056783,336712.9634,0.662372622,1339,4203,364.883658,159.727613,540.553586,981389,2689.594282,8.996196911,1,0,"{timeout:3600,max_col_multiplier:1,age_limit:2,random_seed:0,replication:1,num_threads:128}",1
f2005000.json.gz,427418,f,200,5000,LagrangeTemplate,highs,LTFarkas,1,501,427417.1342,442822,3.478598624,427417.2032,0.069026706,1453,5279,855.077472,252.641247,1129.479112,1478523,1729.109991,14.48737696,1,0,"{timeout:3600,max_col_multiplier:1,age_limit:3,random_seed:0,replication:1,num_threads:128}",1
f2005000_0.json.gz,396093,f,200,5000,LagrangeTemplate,highs,LTFarkas,1,434,396092.4397,427992,7.453176695,396092.582,0.142338002,1475,5240,641.440482,202.67288,867.478624,1157245,1804.134651,13.18400142,1,0,"{timeout:3600,max_col_multiplier:1,age_limit:3,random_seed:0,replication:1,num_threads:128}",1
f2005000_1.json.gz,437220,f,200,5000,LagrangeTemplate,highs,LTFarkas,1,452,437219.3407,475008,7.955234438,437219.3407,0,1405,5204,683.209237,237.466285,944.650134,1182217,1730.387905,13.01545086,1,0,"{timeout:3600,max_col_multiplier:1,age_limit:3,random_seed:0,replication:1,num_threads:128}",1
f2005000_2.json.gz,449431,f,200,5000,LagrangeTemplate,highs,LTFarkas,1,480,449430.2144,471360,4.652282756,449430.2144,0,1468,5203,873.534537,256.888444,1152.710587,1481088,1695.511668,15.08473152,1,0,"{timeout:3600,max_col_multiplier:1,age_limit:3,random_seed:0,replication:1,num_threads:128}",1
f2005000_3.json.gz,454999,f,200,5000,LagrangeTemplate,highs,LTFarkas,1,497,454998.0024,481948,5.59168209,454998.0024,0,1394,5205,885.1643,283.710324,1193.45595,1491315,1684.788914,14.76431816,1,0,"{timeout:3600,max_col_multiplier:1,age_limit:3,random_seed:0,replication:1,num_threads:128}",1
f2005000_4.json.gz,397754,f,200,5000,LagrangeTemplate,highs,LTFarkas,1,487,397753.2398,417742,4.784771462,397753.3899,0.150163908,1406,5295,829.583747,225.055314,1077.380061,1445190,1742.066434,14.67982806,1,0,"{timeout:3600,max_col_multiplier:1,age_limit:3,random_seed:0,replication:1,num_threads:128}",1
f2005000_5.json.gz,443890,f,200,5000,LagrangeTemplate,highs,LTFarkas,1,433,443889.4561,480004,7.523687303,443889.4561,0,1429,5213,725.362184,227.413797,975.702448,1273916,1756.248159,14.24384588,1,0,"{timeout:3600,max_col_multiplier:1,age_limit:3,random_seed:0,replication:1,num_threads:128}",1
f2005000_6.json.gz,429211,f,200,5000,LagrangeTemplate,highs,LTFarkas,1,404,429210.544,498773,13.94662502,429210.544,0,1444,5203,596.538194,207.745639,825.911311,1125191,1886.201104,13.51457074,1,0,"{timeout:3600,max_col_multiplier:1,age_limit:3,random_seed:0,replication:1,num_threads:128}",1
f2005000_7.json.gz,460354,f,200,5000,LagrangeTemplate,highs,LTFarkas,1,486,460353.3576,487052,5.481550225,460353.3576,0,1452,5208,883.828451,266.911961,1174.983724,1484374,1679.482029,15.0661528,1,0,"{timeout:3600,max_col_multiplier:1,age_limit:3,random_seed:0,replication:1,num_threads:128}",1
f2005000_8.json.gz,422661,f,200,5000,LagrangeTemplate,highs,LTFarkas,1,447,422660.0939,447364,5.521901628,422660.7462,0.652295293,1447,5210,710.414137,222.651503,958.696127,1251396,1761.502108,13.8887433,1,0,"{timeout:3600,max_col_multiplier:1,age_limit:3,random_seed:0,replication:1,num_threads:128}",1
f2005000_9.json.gz,458034,f,200,5000,LagrangeTemplate,highs,LTFarkas,1,512,458033.5416,478227,4.222471755,458033.6594,0.117772231,1442,5212,952.939572,287.128538,1263.770931,1558011,1634.952568,15.03609781,1,0,"{timeout:3600,max_col_multiplier:1,age_limit:3,random_seed:0,replication:1,num_threads:128}",1
f801600.json.gz,299827,f,80,1600,LagrangeTemplate,highs,LTFarkas,1,312,299826.1567,321398,6.711616127,299826.8223,0.665631826,523,1688,18.643507,32.950603,53.3484,132343,7098.610792,4.76909071,1,0,"{timeout:3600,max_col_multiplier:1,age_limit:2,random_seed:0,replication:1,num_threads:128}",1
f801600_0.json.gz,290239,f,80,1600,LagrangeTemplate,highs,LTFarkas,1,338,290238.074,309306,6.164445565,290238.5365,0.462514927,497,1685,21.056322,35.315336,57.921857,133855,6356.99815,4.683806415,1,0,"{timeout:3600,max_col_multiplier:1,age_limit:2,random_seed:0,replication:1,num_threads:128}",1
f801600_1.json.gz,307995,f,80,1600,LagrangeTemplate,highs,LTFarkas,1,306,307994,348370,11.58968912,307994,0,559,1682,20.926591,36.96367,59.496257,141070,6741.18398,5.299445621,1,0,"{timeout:3600,max_col_multiplier:1,age_limit:2,random_seed:0,replication:1,num_threads:128}",1
f801600_2.json.gz,273650,f,80,1600,LagrangeTemplate,highs,LTFarkas,1,343,273649.1666,287611,4.854125885,273649.9742,0.807630715,546,1699,20.286616,32.923846,54.826491,134997,6654.485894,4.690540145,1,0,"{timeout:3600,max_col_multiplier:1,age_limit:2,random_seed:0,replication:1,num_threads:128}",1
f801600_3.json.gz,383555,f,80,1600,LagrangeTemplate,highs,LTFarkas,1,311,383554.0418,406768,5.706692759,383554.0511,0.009257451,556,1689,21.576616,37.772046,61.094365,141166,6542.545875,5.084036658,1,0,"{timeout:3600,max_col_multiplier:1,age_limit:2,random_seed:0,replication:1,num_threads:128}",1
f801600_4.json.gz,398485,f,80,1600,LagrangeTemplate,highs,LTFarkas,1,368,398484.9309,417995,4.667519946,398484.9775,0.046685885,549,1704,30.269655,43.398136,75.539849,185390,6124.61556,5.619159898,1,0,"{timeout:3600,max_col_multiplier:1,age_limit:2,random_seed:0,replication:1,num_threads:128}",1
f801600_5.json.gz,344101,f,80,1600,LagrangeTemplate,highs,LTFarkas,1,323,344100.8732,372047,7.511416568,344100.9679,0.094685763,542,1684,20.802084,38.314685,60.618601,134500,6465.698341,4.878741486,1,0,"{timeout:3600,max_col_multiplier:1,age_limit:2,random_seed:0,replication:1,num_threads:128}",1
f801600_6.json.gz,295943,f,80,1600,LagrangeTemplate,highs,LTFarkas,1,332,295942.809,305345,3.079139989,295942.809,0,530,1689,20.8239,35.742869,58.315728,134755,6471.170146,4.67792697,1,0,"{timeout:3600,max_col_multiplier:1,age_limit:2,random_seed:0,replication:1,num_threads:128}",1
f801600_7.json.gz,293047,f,80,1600,LagrangeTemplate,highs,LTFarkas,1,394,293046.1813,304622,3.799791217,293046.1813,0,546,1683,25.607846,45.210273,72.539553,156693,6118.944951,4.840130273,1,0,"{timeout:3600,max_col_multiplier:1,age_limit:2,random_seed:0,replication:1,num_threads:128}",1
f801600_8.json.gz,280513,f,80,1600,LagrangeTemplate,highs,LTFarkas,1,316,280512.3664,297030,5.560717773,280512.3664,0,558,1682,20.821136,32.887202,55.416168,136245,6543.591089,5.066738853,1,0,"{timeout:3600,max_col_multiplier:1,age_limit:2,random_seed:0,replication:1,num_threads:128}",1
f801600_9.json.gz,280560,f,80,1600,LagrangeTemplate,highs,LTFarkas,1,341,280559.1703,289110,2.957351873,280559.7703,0.599952336,505,1687,21.286644,36.103253,59.104886,145122,6817.514306,5.135893987,1,0,"{timeout:3600,max_col_multiplier:1,age_limit:2,random_seed:0,replication:1,num_threads:128}",1
f803200.json.gz,569688,f,80,3200,LagrangeTemplate,highs,LTFarkas,1,581,569687.429,599047,4.900951011,569687.429,0,601,3285,358.85489,260.021077,623.172253,401191,1117.975569,8.320170548,1,0,"{timeout:3600,max_col_multiplier:1,age_limit:4,random_seed:0,replication:1,num_threads:128}",1
f803200_0.json.gz,588557,f,80,3200,LagrangeTemplate,highs,LTFarkas,1,664,588556.1308,601695,2.183498283,588556.1308,0,618,3285,442.241468,313.910939,760.665057,533586,1206.548998,9.721154225,1,0,"{timeout:3600,max_col_multiplier:1,age_limit:4,random_seed:0,replication:1,num_threads:128}",1
f803200_1.json.gz,635543,f,80,3200,LagrangeTemplate,highs,LTFarkas,1,592,635542.0787,693219,8.32002585,635542.2817,0.202933905,629,3286,397.792108,299.715003,702.554905,469731,1180.845448,9.386798895,1,0,"{timeout:3600,max_col_multiplier:1,age_limit:4,random_seed:0,replication:1,num_threads:128}",1
f803200_2.json.gz,525639,f,80,3200,LagrangeTemplate,highs,LTFarkas,1,823,525638.6448,535550,1.850620857,525638.7518,0.107004546,578,3286,416.544857,304.720218,725.721524,496199,1191.225847,7.826315998,1,0,"{timeout:3600,max_col_multiplier:1,age_limit:4,random_seed:0,replication:1,num_threads:128}",1
f803200_3.json.gz,512874,f,80,3200,LagrangeTemplate,highs,LTFarkas,1,574,512873.0825,528366,2.932058459,512873.485,0.402481134,590,3291,320.505353,234.596379,559.281469,396799,1238.041725,8.422476295,1,0,"{timeout:3600,max_col_multiplier:1,age_limit:4,random_seed:0,replication:1,num_threads:128}",1
f803200_4.json.gz,687988,f,80,3200,LagrangeTemplate,highs,LTFarkas,1,552,687987.4044,721552,4.651639799,687987.6502,0.245814167,608,3292,339.706932,263.155691,607.820793,426612,1255.823652,8.97353127,1,0,"{timeout:3600,max_col_multiplier:1,age_limit:4,random_seed:0,replication:1,num_threads:128}",1
f803200_5.json.gz,614378,f,80,3200,LagrangeTemplate,highs,LTFarkas,1,497,614377.2512,632321,2.837641008,614377.2512,0,607,3290,314.853373,233.484677,552.77391,359351,1141.328094,8.604410961,1,0,"{timeout:3600,max_col_multiplier:1,age_limit:4,random_seed:0,replication:1,num_threads:128}",1
f803200_6.json.gz,623281,f,80,3200,LagrangeTemplate,highs,LTFarkas,1,658,623280.2787,638149,2.329863402,623280.533,0.254354255,622,3319,377.560694,314.733854,697.366809,500623,1325.940459,9.067041947,1,0,"{timeout:3600,max_col_multiplier:1,age_limit:4,random_seed:0,replication:1,num_threads:128}",1
f803200_7.json.gz,561599,f,80,3200,LagrangeTemplate,highs,LTFarkas,1,527,561598.2057,583873,3.8148707,561598.8213,0.615608249,613,3309,307.020427,236.455701,547.732682,363324,1183.387058,8.188886858,1,0,"{timeout:3600,max_col_multiplier:1,age_limit:4,random_seed:0,replication:1,num_threads:128}",1
f803200_8.json.gz,682990,f,80,3200,LagrangeTemplate,highs,LTFarkas,1,535,682989.6952,725692,5.884314558,682989.6952,0,638,3291,350.651443,269.115749,624.847542,411367,1173.15074,8.673571565,1,0,"{timeout:3600,max_col_multiplier:1,age_limit:4,random_seed:0,replication:1,num_threads:128}",1
f803200_9.json.gz,731102,f,80,3200,LagrangeTemplate,highs,LTFarkas,1,605,731101.8455,763145,4.198808876,731101.9963,0.150764967,658,3298,381.514112,292.026894,678.936855,489850,1283.96299,9.301335135,1,0,"{timeout:3600,max_col_multiplier:1,age_limit:4,random_seed:0,replication:1,num_threads:128}",1
f804000.json.gz,853423,f,80,4000,LagrangeTemplate,highs,LTFarkas,1,754,853422.0379,885663,3.64021078,853422.5841,0.546172354,622,4130,1404.158662,601.457574,2013.187389,677833,482.7324848,10.68948395,1,0,"{timeout:3600,max_col_multiplier:1,age_limit:5,random_seed:0,replication:1,num_threads:128}",1
f804000_0.json.gz,785772,f,80,4000,LagrangeTemplate,highs,LTFarkas,1,675,785771.1302,817577,3.890153466,785771.1302,0,659,4086,1195.700208,505.773462,1707.834444,572363,478.6843694,10.16416065,1,0,"{timeout:3600,max_col_multiplier:1,age_limit:5,random_seed:0,replication:1,num_threads:128}",1
f804000_1.json.gz,710009,f,80,4000,LagrangeTemplate,highs,LTFarkas,1,705,710008.1049,733355,3.183451398,710008.9253,0.820383031,654,4099,1185.952143,487.156676,1679.92999,585990,494.1093142,9.935448184,1,0,"{timeout:3600,max_col_multiplier:1,age_limit:5,random_seed:0,replication:1,num_threads:128}",1
f804000_2.json.gz,648244,f,80,4000,LagrangeTemplate,highs,LTFarkas,1,649,648243.1603,679138,4.549001823,648243.2277,0.067434908,615,4088,1146.884571,431.620013,1584.611674,523125,456.1269837,9.753423724,1,0,"{timeout:3600,max_col_multiplier:1,age_limit:5,random_seed:0,replication:1,num_threads:128}",1
f804000_3.json.gz,825925,f,80,4000,LagrangeTemplate,highs,LTFarkas,1,702,825924.5404,839250,1.587727137,825924.7733,0.232926951,655,4110,1142.649843,528.109099,1677.838058,607320,531.5014076,10.40710618,1,0,"{timeout:3600,max_col_multiplier:1,age_limit:5,random_seed:0,replication:1,num_threads:128}",1
f804000_4.json.gz,908093,f,80,4000,LagrangeTemplate,highs,LTFarkas,1,896,908092.108,930113,2.367454277,908092.7422,0.634211862,680,4087,1697.082468,660.640427,2366.407907,962669,567.2493931,12.67435327,1,0,"{timeout:3600,max_col_multiplier:1,age_limit:5,random_seed:0,replication:1,num_threads:128}",1
f804000_5.json.gz,701035,f,80,4000,LagrangeTemplate,highs,LTFarkas,1,671,701034.017,729637,3.920031468,701034.3629,0.34581105,646,4089,1075.407612,458.650212,1540.290889,514428,478.3562942,9.188597295,1,0,"{timeout:3600,max_col_multiplier:1,age_limit:5,random_seed:0,replication:1,num_threads:128}",1
f804000_6.json.gz,822937,f,80,4000,LagrangeTemplate,highs,LTFarkas,1,664,822936.0659,861220,4.445205638,822936.889,0.823103884,674,4091,1203.828641,510.660007,1721.609528,553484,459.7697556,9.740918301,1,0,"{timeout:3600,max_col_multiplier:1,age_limit:5,random_seed:0,replication:1,num_threads:128}",1
f804000_7.json.gz,734957,f,80,4000,LagrangeTemplate,highs,LTFarkas,1,734,734956.0029,751636,2.219026229,734956.07,0.06709903,613,4091,1324.54109,532.988274,1864.185317,625020,471.8766407,10.18613098,1,0,"{timeout:3600,max_col_multiplier:1,age_limit:5,random_seed:0,replication:1,num_threads:128}",1
f804000_8.json.gz,795328,f,80,4000,LagrangeTemplate,highs,LTFarkas,1,697,795327.0437,819000,2.89035409,795327.7958,0.75212101,650,4101,1143.074313,530.406665,1679.894203,616661,539.4758617,10.49928166,1,0,"{timeout:3600,max_col_multiplier:1,age_limit:5,random_seed:0,replication:1,num_threads:128}",1
f804000_9.json.gz,745334,f,80,4000,LagrangeTemplate,highs,LTFarkas,1,760,745333.0469,768368,2.997782313,745333.0469,0,633,4087,1365.073547,578.354993,1949.633398,705499,516.8212376,11.26297925,1,0,"{timeout:3600,max_col_multiplier:1,age_limit:5,random_seed:0,replication:1,num_threads:128}",1
f805000.json.gz,900885,f,80,5000,LagrangeTemplate,highs,LTFarkas,1,912,900884.3139,923044,2.400643956,900884.4829,0.168970425,644,5110,3622.68096,480.320235,4110.313213,993675,274.2927161,13.30662717,1,0,"{timeout:-1,max_col_multiplier:1,age_limit:6,random_seed:0,replication:1,num_threads:128}",1
f805000_0.json.gz,893952,f,80,5000,LagrangeTemplate,highs,LTFarkas,1,954,893951.198,907043,1.443261231,893951.6609,0.462849112,680,5147,3353.24381,484.084615,3844.162267,1041624,310.6317521,13.29426522,1,0,"{timeout:-1,max_col_multiplier:1,age_limit:6,random_seed:0,replication:1,num_threads:128}",1
f805000_1.json.gz,853738,f,80,5000,LagrangeTemplate,highs,LTFarkas,1,804,853737.3868,877425,2.699603955,853737.5247,0.137995144,682,5179,2756.103419,412.513054,3174.663149,709554,257.4482493,10.67747911,1,0,"{timeout:-1,max_col_multiplier:1,age_limit:6,random_seed:0,replication:1,num_threads:128}",1
f805000_2.json.gz,936977,f,80,5000,LagrangeTemplate,highs,LTFarkas,1,808,936976.5027,970443,3.448528146,936976.6991,0.196398289,674,5114,3138.335522,464.733476,3610.234309,788931,251.3851672,11.70606637,1,0,"{timeout:-1,max_col_multiplier:1,age_limit:6,random_seed:0,replication:1,num_threads:128}",1
f805000_3.json.gz,898750,f,80,5000,LagrangeTemplate,highs,LTFarkas,1,918,898749.5851,917136,2.004719038,898749.9259,0.340784199,671,5107,3927.034288,497.830038,4431.76715,947516,241.2802972,12.67465022,1,0,"{timeout:-1,max_col_multiplier:1,age_limit:6,random_seed:0,replication:1,num_threads:128}",1
f805000_4.json.gz,790316,f,80,5000,LagrangeTemplate,highs,LTFarkas,1,902,790315.4711,808027,2.191882201,790315.4711,0,656,5090,3291.818298,403.881736,3702.483707,845839,256.9519103,11.45669042,1,0,"{timeout:-1,max_col_multiplier:1,age_limit:6,random_seed:0,replication:1,num_threads:128}",1
f805000_5.json.gz,1079456,f,80,5000,LagrangeTemplate,highs,LTFarkas,1,964,1079455.075,1116149,3.287464308,1079455.075,0,683,5086,4455.44915,556.148459,5019.277855,1158216,259.9549363,14.60064706,1,0,"{timeout:-1,max_col_multiplier:1,age_limit:6,random_seed:0,replication:1,num_threads:128}",1
f805000_6.json.gz,955268,f,80,5000,LagrangeTemplate,highs,LTFarkas,1,952,955267.364,980758,2.599010153,955267.364,0,646,5092,3465.545058,523.871104,3997.21112,971413,280.3059789,12.36859959,1,0,"{timeout:-1,max_col_multiplier:1,age_limit:6,random_seed:0,replication:1,num_threads:128}",1
f805000_7.json.gz,926653,f,80,5000,LagrangeTemplate,highs,LTFarkas,1,801,926652.2769,941848,1.613317646,926652.6427,0.365835923,658,5110,3199.735837,449.650731,3655.524414,760660,237.7258745,11.51934448,1,0,"{timeout:-1,max_col_multiplier:1,age_limit:6,random_seed:100,replication:1,num_threads:128}",1
f805000_8.json.gz,901464,f,80,5000,LagrangeTemplate,highs,LTFarkas,1,840,901463.5095,917777,1.777447025,901463.9267,0.417226912,670,5117,3304.523948,442.797532,3754.117775,862460,260.9937206,12.54509731,1,0,"{timeout:-1,max_col_multiplier:1,age_limit:6,random_seed:0,replication:1,num_threads:128}",1
f805000_9.json.gz,975938,f,80,5000,LagrangeTemplate,highs,LTFarkas,1,870,975937.5655,1002233,2.623641409,975937.6459,0.080477316,677,5087,3437.000434,502.106798,3946.028092,790279,229.9327612,10.98203571,1,0,"{timeout:-1,max_col_multiplier:1,age_limit:6,random_seed:0,replication:1,num_threads:128}",1
f80900.json.gz,172904,f,80,900,LagrangeTemplate,highs,LTFarkas,1,141,172903.4268,207402,16.63339794,172903.8432,0.416432259,448,1011,4.279554,3.714504,8.70835,60594,14158.95208,4.891645979,1,0,"{timeout:3600,max_col_multiplier:1,age_limit:2,random_seed:0,replication:1,num_threads:128}",1
f80900_0.json.gz,171913,f,80,900,LagrangeTemplate,highs,LTFarkas,1,155,171912.9273,182261,5.677572273,171912.9273,0,446,988,4.349244,3.902834,8.938795,60083,13814.58479,4.404721809,1,0,"{timeout:3600,max_col_multiplier:1,age_limit:2,random_seed:0,replication:1,num_threads:128}",1
f80900_1.json.gz,220160,f,80,900,LagrangeTemplate,highs,LTFarkas,1,156,220159.2949,243596,9.620847633,220159.2949,0,457,1000,5.332954,4.468937,10.513424,69889,13105.1196,5.075053385,1,0,"{timeout:3600,max_col_multiplier:1,age_limit:2,random_seed:0,replication:1,num_threads:128}",1
f80900_2.json.gz,163312,f,80,900,LagrangeTemplate,highs,LTFarkas,1,143,163311.4246,inf,nan,163311.4246,0,439,997,4.297543,3.652987,8.649277,60641,14110.62088,4.800528495,0,0,"{timeout:3600,max_col_multiplier:1,age_limit:2,random_seed:0,replication:1,num_threads:128}",1
f80900_3.json.gz,168898,f,80,900,LagrangeTemplate,highs,LTFarkas,1,164,168897.6149,188735,10.51050415,168897.9074,0.292475058,458,1008,4.429866,4.045645,9.153413,58927,13302.20824,4.309379602,1,0,"{timeout:3600,max_col_multiplier:1,age_limit:2,random_seed:0,replication:1,num_threads:128}",1
f80900_4.json.gz,226791,f,80,900,LagrangeTemplate,highs,LTFarkas,1,146,226790.7345,239388,5.26216853,226790.7345,0,485,982,5.425117,4.098212,10.253998,67482,12438.81008,4.86164476,1,0,"{timeout:3600,max_col_multiplier:1,age_limit:2,random_seed:0,replication:1,num_threads:128}",1
f80900_5.json.gz,195423,f,80,900,LagrangeTemplate,highs,LTFarkas,1,167,195422.4809,223763,12.66518593,195422.4809,0,427,983,5.426694,4.650628,10.814159,69023,12719.16198,4.727878064,1,0,"{timeout:3600,max_col_multiplier:1,age_limit:2,random_seed:0,replication:1,num_threads:128}",1
f80900_6.json.gz,169928,f,80,900,LagrangeTemplate,highs,LTFarkas,1,159,169927.6832,inf,nan,169927.6832,0,416,983,4.675987,4.192363,9.5699,65142,13931.17646,4.738415375,0,0,"{timeout:3600,max_col_multiplier:1,age_limit:2,random_seed:0,replication:1,num_threads:128}",1
f80900_7.json.gz,256978,f,80,900,LagrangeTemplate,highs,LTFarkas,1,149,256977.1267,293446,12.42749944,256977.4886,0.361877447,463,991,6.202685,4.530623,11.53032,78237,12613.40855,5.265449661,1,0,"{timeout:3600,max_col_multiplier:1,age_limit:2,random_seed:0,replication:1,num_threads:128}",1
f80900_8.json.gz,181112,f,80,900,LagrangeTemplate,highs,LTFarkas,1,176,181111.5189,193015,6.166878222,181111.8385,0.31963022,448,1001,5.669412,4.67524,10.994807,72643,12813.14535,5.0001278,1,0,"{timeout:3600,max_col_multiplier:1,age_limit:2,random_seed:0,replication:1,num_threads:128}",1
f80900_9.json.gz,174495,f,80,900,LagrangeTemplate,highs,LTFarkas,1,143,174494.822,197453,11.62707075,174494.822,0,471,982,4.248687,3.791926,8.710516,58798,13839.099,4.631764064,1,0,"{timeout:3600,max_col_multiplier:1,age_limit:2,random_seed:0,replication:1,num_threads:128}",1
